timestamp,rel_time_s,direction,e2e_latency_ms
1776084624.014798,0.013418912887573242,IO -> PLC,5.29905
1776084624.0307972,0.029418230056762695,IO -> PLC,1.81328
1776084624.0467978,0.045418739318847656,IO -> PLC,4.11961
1776084624.062797,0.06141805648803711,IO -> PLC,0.7568
1776084624.0787966,0.07741761207580566,IO -> PLC,3.28723
1776084624.094796,0.09341692924499512,IO -> PLC,5.4758
1776084624.1107965,0.10941743850708008,IO -> PLC,1.84874
1776084624.1267958,0.12541675567626953,IO -> PLC,3.87754
1776084624.142795,0.14141607284545898,IO -> PLC,5.93491
1776084624.1587946,0.15741562843322754,IO -> PLC,2.32113
1776084624.174794,0.173414945602417,IO -> PLC,4.51169
1776084624.1907945,0.18941545486450195,IO -> PLC,0.92879
1776084624.2067938,0.2054147720336914,IO -> PLC,3.07633
1776084624.222793,0.22141408920288086,IO -> PLC,5.16457
1776084624.2387927,0.23741364479064941,IO -> PLC,1.42782
1776084624.254792,0.25341296195983887,IO -> PLC,3.74519
1776084624.2707925,0.26941347122192383,IO -> PLC,5.87953
1776084624.2867918,0.2854127883911133,IO -> PLC,2.45032
1776084624.302791,0.30141210556030273,IO -> PLC,4.64288
1776084624.3187907,0.3174116611480713,IO -> PLC,0.92774
1776084624.334791,0.33341193199157715,IO -> PLC,2.7363
1776084624.3507905,0.3494114875793457,IO -> PLC,4.88598
1776084624.3667898,0.36541080474853516,IO -> PLC,1.22916
1776084624.3827894,0.3814103603363037,IO -> PLC,4.02487
1776084624.3987887,0.39740967750549316,IO -> PLC,0.65799
1776084624.4147892,0.4134101867675781,IO -> PLC,2.64991
1776084624.4307885,0.4294095039367676,IO -> PLC,4.58446
1776084624.4467878,0.44540882110595703,IO -> PLC,1.31886
1776084624.4627874,0.4614083766937256,IO -> PLC,3.41111
1776084624.4787867,0.47740769386291504,IO -> PLC,6.34099
1776084624.4947872,0.493408203125,IO -> PLC,2.8533
1776084624.5107865,0.5094075202941895,IO -> PLC,5.01002
1776084624.5267859,0.5254068374633789,IO -> PLC,1.55618
1776084624.5427854,0.5414063930511475,IO -> PLC,3.85219
1776084624.5587857,0.5574066638946533,IO -> PLC,5.93619
1776084624.5747852,0.5734062194824219,IO -> PLC,2.53434
1776084624.5907845,0.5894055366516113,IO -> PLC,4.8642
1776084624.606784,0.6054050922393799,IO -> PLC,1.40515
1776084624.6227834,0.6214044094085693,IO -> PLC,3.46875
1776084624.6387837,0.6374046802520752,IO -> PLC,5.40634
1776084624.6547832,0.6534042358398438,IO -> PLC,3.41681
1776084624.6707826,0.6694035530090332,IO -> PLC,5.60113
1776084624.6867821,0.6854031085968018,IO -> PLC,1.95055
1776084624.7027814,0.7014024257659912,IO -> PLC,4.28656
1776084624.718782,0.7174029350280762,IO -> PLC,6.3665
1776084624.7347813,0.7334022521972656,IO -> PLC,2.95648
1776084624.7507806,0.7494015693664551,IO -> PLC,4.93192
1776084624.7667801,0.7654011249542236,IO -> PLC,1.28238
1776084624.7827806,0.7814016342163086,IO -> PLC,3.50791
1776084624.79878,0.797400951385498,IO -> PLC,0.58537
1776084624.8147793,0.8134002685546875,IO -> PLC,2.47896
1776084624.8307786,0.829399585723877,IO -> PLC,4.65105
1776084624.8467782,0.8453991413116455,IO -> PLC,0.9935
1776084624.8627784,0.8613994121551514,IO -> PLC,3.11432
1776084624.878778,0.8773989677429199,IO -> PLC,5.17688
1776084624.8947773,0.8933982849121094,IO -> PLC,1.71774
1776084624.9107769,0.9093978404998779,IO -> PLC,3.60406
1776084624.9267762,0.9253971576690674,IO -> PLC,5.77015
1776084624.9427767,0.9413976669311523,IO -> PLC,2.14213
1776084624.958776,0.9573969841003418,IO -> PLC,4.21061
1776084624.9747753,0.9733963012695312,IO -> PLC,0.97677
1776084624.9907749,0.9893958568572998,IO -> PLC,3.34463
1776084625.0067751,1.0053961277008057,IO -> PLC,5.27199
1776084625.0227747,1.0213956832885742,IO -> PLC,1.8775
1776084625.038774,1.0373950004577637,IO -> PLC,4.0587
1776084625.0547733,1.0533943176269531,IO -> PLC,2.96313
1776084625.070773,1.0693938732147217,IO -> PLC,5.10545
1776084625.0867734,1.0853943824768066,IO -> PLC,1.67712
1776084625.1027727,1.101393699645996,IO -> PLC,3.73456
1776084625.118772,1.1173930168151855,IO -> PLC,5.95786
1776084625.1347713,1.133392333984375,IO -> PLC,2.18863
1776084625.150771,1.1493918895721436,IO -> PLC,4.11406
1776084625.1667712,1.1653921604156494,IO -> PLC,6.13958
1776084625.1827707,1.181391716003418,IO -> PLC,3.06544
1776084625.19877,1.1973910331726074,IO -> PLC,5.07175
1776084625.2147696,1.213390588760376,IO -> PLC,1.59734
1776084625.230769,1.2293899059295654,IO -> PLC,3.65686
1776084625.2467694,1.2453904151916504,IO -> PLC,5.87495
1776084625.2627687,1.2613897323608398,IO -> PLC,2.29518
1776084625.2787683,1.2773892879486084,IO -> PLC,4.62887
1776084625.2947676,1.2933886051177979,IO -> PLC,1.07565
1776084625.3107681,1.3093891143798828,IO -> PLC,3.07869
1776084625.3267674,1.3253884315490723,IO -> PLC,5.18126
1776084625.3427668,1.3413877487182617,IO -> PLC,1.59725
1776084625.358766,1.3573870658874512,IO -> PLC,3.66085
1776084625.3747656,1.3733866214752197,IO -> PLC,5.89749
1776084625.3907661,1.3893871307373047,IO -> PLC,2.62062
1776084625.4067655,1.4053864479064941,IO -> PLC,4.69646
1776084625.4227648,1.4213857650756836,IO -> PLC,0.98556
1776084625.4387643,1.4373853206634521,IO -> PLC,3.44741
1776084625.4547637,1.4533846378326416,IO -> PLC,5.51503
1776084625.470764,1.4693849086761475,IO -> PLC,1.73468
1776084625.4867635,1.485384464263916,IO -> PLC,4.04885
1776084625.5027628,1.5013837814331055,IO -> PLC,6.07365
1776084625.5187624,1.517383337020874,IO -> PLC,2.24082
1776084625.5347626,1.5333836078643799,IO -> PLC,4.81429
1776084625.5507622,1.5493831634521484,IO -> PLC,1.17203
1776084625.5667615,1.565382480621338,IO -> PLC,3.49364
1776084625.582761,1.5813820362091064,IO -> PLC,6.10279
1776084625.5987604,1.597381353378296,IO -> PLC,3.08832
1776084625.6147609,1.6133818626403809,IO -> PLC,4.92863
1776084625.6307602,1.6293811798095703,IO -> PLC,1.58527
1776084625.6467595,1.6453804969787598,IO -> PLC,3.42574
1776084625.6627588,1.6613798141479492,IO -> PLC,5.70528
1776084625.6787584,1.6773793697357178,IO -> PLC,2.47455
1776084625.694759,1.6933798789978027,IO -> PLC,4.56968
1776084625.7107582,1.7093791961669922,IO -> PLC,0.9979
1776084625.7267575,1.7253785133361816,IO -> PLC,3.03406
1776084625.742757,1.7413780689239502,IO -> PLC,5.06679
1776084625.7587574,1.757378339767456,IO -> PLC,1.46445
1776084625.774757,1.7733778953552246,IO -> PLC,3.67941
1776084625.7907562,1.789377212524414,IO -> PLC,5.67541
1776084625.8067555,1.8053765296936035,IO -> PLC,2.13748
1776084625.822755,1.821376085281372,IO -> PLC,4.1478
1776084625.8387554,1.837376356124878,IO -> PLC,6.14804
1776084625.854755,1.8533759117126465,IO -> PLC,2.57626
1776084625.8707542,1.869375228881836,IO -> PLC,4.97469
1776084625.8867538,1.8853747844696045,IO -> PLC,1.21346
1776084625.902753,1.901374101638794,IO -> PLC,3.3425
1776084625.9187536,1.917374610900879,IO -> PLC,5.46651
1776084625.934753,1.9333739280700684,IO -> PLC,1.90514
1776084625.9507523,1.9493732452392578,IO -> PLC,3.91338
1776084625.9667518,1.9653728008270264,IO -> PLC,6.16123
1776084625.982752,1.9813730716705322,IO -> PLC,2.80874
1776084625.9987516,1.9973726272583008,IO -> PLC,5.22652
1776084626.014751,2.0133719444274902,IO -> PLC,1.63011
1776084626.0307503,2.0293712615966797,IO -> PLC,3.70211
1776084626.0467498,2.0453708171844482,IO -> PLC,5.89355
1776084626.06275,2.061371088027954,IO -> PLC,2.15689
1776084626.0787497,2.0773706436157227,IO -> PLC,4.64452
1776084626.094749,2.093369960784912,IO -> PLC,0.92217
1776084626.1107485,2.1093695163726807,IO -> PLC,3.20074
1776084626.1267478,2.12536883354187,IO -> PLC,5.11794
1776084626.1427484,2.141369342803955,IO -> PLC,1.68152
1776084626.1587477,2.1573686599731445,IO -> PLC,3.80026
1776084626.174747,2.173367977142334,IO -> PLC,6.24988
1776084626.1907465,2.1893675327301025,IO -> PLC,2.64442
1776084626.2067468,2.2053678035736084,IO -> PLC,4.93635
1776084626.2227464,2.221367359161377,IO -> PLC,1.48946
1776084626.2387457,2.2373666763305664,IO -> PLC,3.5409
1776084626.254745,2.253365993499756,IO -> PLC,5.56242
1776084626.2707446,2.2693655490875244,IO -> PLC,1.8832
1776084626.2867448,2.2853658199310303,IO -> PLC,4.2601
1776084626.3027444,2.301365375518799,IO -> PLC,6.19866
1776084626.3187437,2.3173646926879883,IO -> PLC,2.5716
1776084626.334743,2.3333640098571777,IO -> PLC,4.6824
1776084626.3507426,2.3493635654449463,IO -> PLC,1.1239
1776084626.3667428,2.365363836288452,IO -> PLC,3.05951
1776084626.3827424,2.3813633918762207,IO -> PLC,5.61673
1776084626.3987417,2.39736270904541,IO -> PLC,2.13288
1776084626.4147413,2.4133622646331787,IO -> PLC,4.18744
1776084626.4307415,2.4293625354766846,IO -> PLC,0.56655
1776084626.446741,2.445362091064453,IO -> PLC,2.71495
1776084626.4627404,2.4613614082336426,IO -> PLC,4.69263
1776084626.4787397,2.477360725402832,IO -> PLC,1.54687
1776084626.4947393,2.4933602809906006,IO -> PLC,3.4947
1776084626.5107396,2.5093605518341064,IO -> PLC,5.66784
1776084626.5267391,2.525360107421875,IO -> PLC,2.25583
1776084626.5427384,2.5413594245910645,IO -> PLC,4.4996
1776084626.5587378,2.557358741760254,IO -> PLC,6.50383
1776084626.5747373,2.5733582973480225,IO -> PLC,3.20856
1776084626.5907376,2.5893585681915283,IO -> PLC,5.32024
1776084626.6067371,2.605358123779297,IO -> PLC,1.58166
1776084626.6227365,2.6213574409484863,IO -> PLC,3.8255
1776084626.638736,2.637356996536255,IO -> PLC,5.89727
1776084626.6547353,2.6533563137054443,IO -> PLC,2.34998
1776084626.6707358,2.6693568229675293,IO -> PLC,4.86728
1776084626.6867352,2.6853561401367188,IO -> PLC,1.54335
1776084626.7027345,2.701355457305908,IO -> PLC,3.49431
1776084626.718734,2.7173550128936768,IO -> PLC,5.91114
1776084626.7347343,2.7333552837371826,IO -> PLC,2.19591
1776084626.7507339,2.749354839324951,IO -> PLC,4.30159
1776084626.7667332,2.7653541564941406,IO -> PLC,6.1379
1776084626.7827325,2.78135347366333,IO -> PLC,3.02279
1776084626.798732,2.7973530292510986,IO -> PLC,5.2132
1776084626.8147326,2.8133535385131836,IO -> PLC,1.73063
1776084626.8307319,2.829352855682373,IO -> PLC,3.85583
1776084626.8467312,2.8453521728515625,IO -> PLC,0.56167
1776084626.8627305,2.861351490020752,IO -> PLC,2.45007
1776084626.87873,2.8773510456085205,IO -> PLC,4.84848
1776084626.8947303,2.8933513164520264,IO -> PLC,1.17014
1776084626.91073,2.909350872039795,IO -> PLC,3.24902
1776084626.9267292,2.9253501892089844,IO -> PLC,5.1387
1776084626.9427288,2.941349744796753,IO -> PLC,1.73485
1776084626.958729,2.957350015640259,IO -> PLC,3.82502
1776084626.9747286,2.9733495712280273,IO -> PLC,0.60765
1776084626.990728,2.989348888397217,IO -> PLC,2.84214
1776084627.0067275,3.0053484439849854,IO -> PLC,4.84223
1776084627.0227268,3.021347761154175,IO -> PLC,1.36782
1776084627.038727,3.0373480319976807,IO -> PLC,3.26669
1776084627.0547266,3.053347587585449,IO -> PLC,1.44491
1776084627.070726,3.0693469047546387,IO -> PLC,1.28833
1776084627.0867252,3.085346221923828,IO -> PLC,1.26097
1776084627.1027257,3.101346731185913,IO -> PLC,1.15143
1776084627.1187253,3.1173462867736816,IO -> PLC,1.69232
1776084627.1347246,3.133345603942871,IO -> PLC,1.48757
1776084627.150724,3.1493449211120605,IO -> PLC,1.71405
1776084627.1667235,3.165344476699829,IO -> PLC,0.63792
1776084627.1827238,3.181344747543335,IO -> PLC,1.71235
1776084627.1987233,3.1973443031311035,IO -> PLC,1.7297
1776084627.2147226,3.213343620300293,IO -> PLC,1.88849
1776084627.230722,3.2293429374694824,IO -> PLC,2.89429
1776084627.2467215,3.245342493057251,IO -> PLC,0.70298
1776084627.2627218,3.261342763900757,IO -> PLC,2.88746
1776084627.2787213,3.2773423194885254,IO -> PLC,3.33611
1776084627.2947206,3.293341636657715,IO -> PLC,1.66274
1776084627.3107202,3.3093411922454834,IO -> PLC,3.12016
1776084627.3267195,3.325340509414673,IO -> PLC,3.20431
1776084627.34272,3.341341018676758,IO -> PLC,2.34522
1776084627.3587193,3.3573403358459473,IO -> PLC,3.27829
1776084627.3747187,3.3733396530151367,IO -> PLC,1.37772
1776084627.390718,3.389338970184326,IO -> PLC,1.8726
1776084627.4067185,3.405339479446411,IO -> PLC,1.66394
1776084627.422718,3.4213390350341797,IO -> PLC,1.76433
1776084627.4387174,3.437338352203369,IO -> PLC,1.55239
1776084627.4547167,3.4533376693725586,IO -> PLC,1.65199
1776084627.4707162,3.469337224960327,IO -> PLC,1.53533
1776084627.4867165,3.485337495803833,IO -> PLC,0.57991
1776084627.502716,3.5013370513916016,IO -> PLC,1.36353
1776084627.5187154,3.517336368560791,IO -> PLC,1.28368
1776084627.534715,3.5333359241485596,IO -> PLC,1.20079
1776084627.5507143,3.549335241317749,IO -> PLC,1.50719
1776084627.5667145,3.565335512161255,IO -> PLC,1.38245
1776084627.582714,3.5813350677490234,IO -> PLC,1.35595
1776084627.5987134,3.597334384918213,IO -> PLC,1.15034
1776084627.614713,3.6133339405059814,IO -> PLC,0.95559
1776084627.6307132,3.6293342113494873,IO -> PLC,1.59289
1776084627.6467128,3.645333766937256,IO -> PLC,1.85513
1776084627.662712,3.6613330841064453,IO -> PLC,1.40877
1776084627.6787114,3.6773324012756348,IO -> PLC,1.69574
1776084627.694711,3.6933319568634033,IO -> PLC,1.52484
1776084627.7107112,3.709332227706909,IO -> PLC,2.26822
1776084627.7267108,3.7253317832946777,IO -> PLC,4.3799
1776084627.74271,3.741331100463867,IO -> PLC,0.79285
1776084627.7587094,3.7573304176330566,IO -> PLC,1.44839
1776084627.774709,3.773329973220825,IO -> PLC,1.59614
1776084627.7907093,3.789330244064331,IO -> PLC,1.18859
1776084627.8067088,3.8053297996520996,IO -> PLC,1.35258
1776084627.8227081,3.821329116821289,IO -> PLC,1.29426
1776084627.8387077,3.8373286724090576,IO -> PLC,1.90779
1776084627.854708,3.8533289432525635,IO -> PLC,1.5076
1776084627.8707075,3.869328498840332,IO -> PLC,1.28445
1776084627.8867068,3.8853278160095215,IO -> PLC,1.25812
1776084627.9027061,3.901327133178711,IO -> PLC,0.97338
1776084627.9187057,3.9173266887664795,IO -> PLC,0.95705
1776084627.934706,3.9333269596099854,IO -> PLC,0.93567
1776084627.9507055,3.949326515197754,IO -> PLC,1.30855
1776084627.9667048,3.9653258323669434,IO -> PLC,1.20949
1776084627.9827042,3.981325149536133,IO -> PLC,0.89116
1776084627.9987037,3.9973247051239014,IO -> PLC,0.98859
1776084628.014704,4.013324975967407,IO -> PLC,0.80944
1776084628.0307035,4.029324531555176,IO -> PLC,1.17609
1776084628.0467029,4.045323848724365,IO -> PLC,1.28385
1776084628.0627024,4.061323404312134,IO -> PLC,1.23783
1776084628.0787017,4.077322721481323,IO -> PLC,0.80268
1776084628.094702,4.093322992324829,IO -> PLC,2.95732
1776084628.1107016,4.109322547912598,IO -> PLC,0.59816
1776084628.1267009,4.125321865081787,IO -> PLC,1.77165
1776084628.1427004,4.141321420669556,IO -> PLC,3.75965
1776084628.1587007,4.1573216915130615,IO -> PLC,5.74428
1776084628.1747003,4.17332124710083,IO -> PLC,2.21459
1776084628.1906996,4.1893205642700195,IO -> PLC,4.28627
1776084628.206699,4.205319881439209,IO -> PLC,0.8109
1776084628.2226985,4.2213194370269775,IO -> PLC,3.18156
1776084628.238699,4.2373199462890625,IO -> PLC,5.21844
1776084628.2546983,4.253319263458252,IO -> PLC,1.64058
1776084628.2706976,4.269318580627441,IO -> PLC,4.41078
1776084628.286697,4.285317897796631,IO -> PLC,0.62404
1776084628.3026974,4.301318407058716,IO -> PLC,3.00909
1776084628.3186967,4.317317724227905,IO -> PLC,5.32462
1776084628.3346963,4.333317279815674,IO -> PLC,1.86237
1776084628.3506956,4.349316596984863,IO -> PLC,4.23112
1776084628.3666952,4.365316152572632,IO -> PLC,6.11559
1776084628.3826954,4.381316423416138,IO -> PLC,3.02223
1776084628.398695,4.397315979003906,IO -> PLC,5.44409
1776084628.4146943,4.413315296173096,IO -> PLC,1.82535
1776084628.4306936,4.429314613342285,IO -> PLC,3.69415
1776084628.4466932,4.445314168930054,IO -> PLC,5.89304
1776084628.4626935,4.46131443977356,IO -> PLC,2.05813
1776084628.478693,4.477313995361328,IO -> PLC,4.97353
1776084628.4946923,4.493313312530518,IO -> PLC,1.32398
1776084628.5106916,4.509312629699707,IO -> PLC,3.51264
1776084628.5266922,4.525313138961792,IO -> PLC,5.4676
1776084628.5426917,4.5413126945495605,IO -> PLC,2.02894
1776084628.558691,4.55731201171875,IO -> PLC,3.86533
1776084628.5746903,4.5733113288879395,IO -> PLC,6.3772
1776084628.59069,4.589310884475708,IO -> PLC,2.74727
1776084628.6066902,4.605311155319214,IO -> PLC,5.09848
1776084628.6226895,4.621310472488403,IO -> PLC,1.44406
1776084628.638689,4.637310028076172,IO -> PLC,3.59454
1776084628.6546884,4.653309345245361,IO -> PLC,5.51062
1776084628.670688,4.66930890083313,IO -> PLC,1.75452
1776084628.6866882,4.685309171676636,IO -> PLC,4.1559
1776084628.7026877,4.701308727264404,IO -> PLC,6.32814
1776084628.718687,4.717308044433594,IO -> PLC,2.45851
1776084628.7346866,4.733307600021362,IO -> PLC,4.92438
1776084628.750686,4.749306917190552,IO -> PLC,1.53293
1776084628.7666864,4.765307426452637,IO -> PLC,3.51541
1776084628.7826858,4.781306743621826,IO -> PLC,5.7687
1776084628.798685,4.797306060791016,IO -> PLC,2.59326
1776084628.8146844,4.813305377960205,IO -> PLC,4.63423
1776084628.830685,4.82930588722229,IO -> PLC,1.05029
1776084628.8466845,4.845305442810059,IO -> PLC,3.07285
1776084628.8626838,4.861304759979248,IO -> PLC,5.17125
1776084628.878683,4.8773040771484375,IO -> PLC,1.93229
1776084628.8946826,4.893303632736206,IO -> PLC,3.97942
1776084628.910683,4.909303903579712,IO -> PLC,6.09014
1776084628.9266825,4.9253034591674805,IO -> PLC,2.85854
1776084628.9426818,4.94130277633667,IO -> PLC,4.90334
1776084628.9586813,4.9573023319244385,IO -> PLC,1.29708
1776084628.9746807,4.973301649093628,IO -> PLC,3.54293
1776084628.990681,4.989301919937134,IO -> PLC,5.58189
1776084629.0066805,5.005301475524902,IO -> PLC,1.83707
1776084629.0226798,5.021300792694092,IO -> PLC,4.15668
1776084629.0386794,5.03730034828186,IO -> PLC,6.22324
1776084629.0546796,5.053300619125366,IO -> PLC,2.74676
1776084629.0706792,5.069300174713135,IO -> PLC,1.49965
1776084629.0866785,5.085299491882324,IO -> PLC,2.61504
1776084629.1026778,5.101298809051514,IO -> PLC,2.67863
1776084629.1186774,5.117298364639282,IO -> PLC,2.50685
1776084629.1346776,5.133298635482788,IO -> PLC,2.2694
1776084629.1506772,5.149298191070557,IO -> PLC,1.18277
1776084629.1666765,5.165297508239746,IO -> PLC,2.76099
1776084629.1826758,5.1812968254089355,IO -> PLC,2.62705
1776084629.1986754,5.197296380996704,IO -> PLC,2.41719
1776084629.2146757,5.21329665184021,IO -> PLC,2.46646
1776084629.2306752,5.2292962074279785,IO -> PLC,1.23279
1776084629.2466745,5.245295524597168,IO -> PLC,2.68069
1776084629.262674,5.2612950801849365,IO -> PLC,2.4781
1776084629.2786744,5.277295351028442,IO -> PLC,2.46793
1776084629.294674,5.293294906616211,IO -> PLC,2.25928
1776084629.3106732,5.3092942237854,IO -> PLC,0.92408
1776084629.3266726,5.32529354095459,IO -> PLC,2.0118
1776084629.342672,5.341293096542358,IO -> PLC,2.26987
1776084629.3586724,5.357293367385864,IO -> PLC,1.32262
1776084629.374672,5.373292922973633,IO -> PLC,2.30602
1776084629.3906713,5.389292240142822,IO -> PLC,2.13912
1776084629.4066706,5.405291557312012,IO -> PLC,1.98157
1776084629.4226701,5.42129111289978,IO -> PLC,1.99916
1776084629.4386704,5.437291383743286,IO -> PLC,1.69529
1776084629.45467,5.453290939331055,IO -> PLC,1.94514
1776084629.4706693,5.469290256500244,IO -> PLC,1.83464
1776084629.4866688,5.485289812088013,IO -> PLC,1.51725
1776084629.502669,5.5012900829315186,IO -> PLC,3.54397
1776084629.5186684,5.517289400100708,IO -> PLC,1.56067
1776084629.534668,5.533288955688477,IO -> PLC,2.10549
1776084629.5506673,5.549288272857666,IO -> PLC,1.41552
1776084629.5666668,5.565287828445435,IO -> PLC,0.64427
1776084629.582667,5.58128809928894,IO -> PLC,1.33989
1776084629.5986667,5.597287654876709,IO -> PLC,5.34694
1776084629.614666,5.613286972045898,IO -> PLC,1.41596
1776084629.6306653,5.629286289215088,IO -> PLC,3.80829
1776084629.6466649,5.6452858448028564,IO -> PLC,1.53705
1776084629.6626654,5.661286354064941,IO -> PLC,1.55248
1776084629.6786647,5.677285671234131,IO -> PLC,1.58535
1776084629.694664,5.69328498840332,IO -> PLC,1.34589
1776084629.7106633,5.70928430557251,IO -> PLC,1.36748
1776084629.7266638,5.725284814834595,IO -> PLC,1.19986
1776084629.7426631,5.741284132003784,IO -> PLC,1.18856
1776084629.7586627,5.757283687591553,IO -> PLC,1.15991
1776084629.774662,5.773283004760742,IO -> PLC,0.56604
1776084629.7906616,5.789282560348511,IO -> PLC,1.2739
1776084629.8066618,5.805282831192017,IO -> PLC,1.05691
1776084629.8226614,5.821282386779785,IO -> PLC,0.79185
1776084629.8386607,5.837281703948975,IO -> PLC,3.93886
1776084629.85466,5.853281021118164,IO -> PLC,6.40177
1776084629.8706596,5.869280576705933,IO -> PLC,2.54213
1776084629.8866599,5.8852808475494385,IO -> PLC,4.95391
1776084629.9026594,5.901280403137207,IO -> PLC,0.55193
1776084629.9186587,5.9172797203063965,IO -> PLC,3.03219
1776084629.934658,5.933279037475586,IO -> PLC,5.19309
1776084629.9506586,5.949279546737671,IO -> PLC,1.27418
1776084629.966658,5.9652791023254395,IO -> PLC,1.46073
1776084629.9826574,5.981278419494629,IO -> PLC,2.72245
1776084629.9986567,5.997277736663818,IO -> PLC,2.76844
1776084630.0146563,6.013277292251587,IO -> PLC,3.90961
1776084630.0306566,6.029277563095093,IO -> PLC,1.23483
1776084630.046656,6.045276880264282,IO -> PLC,3.22555
1776084630.0626554,6.061276435852051,IO -> PLC,3.699
1776084630.0786548,6.07727575302124,IO -> PLC,2.00723
1776084630.0946543,6.093275308609009,IO -> PLC,3.39097
1776084630.1106546,6.109275579452515,IO -> PLC,3.39615
1776084630.1266541,6.125275135040283,IO -> PLC,2.82267
1776084630.1426535,6.141274452209473,IO -> PLC,3.25516
1776084630.158653,6.157274007797241,IO -> PLC,1.58091
1776084630.1746523,6.173273324966431,IO -> PLC,3.18362
1776084630.1906528,6.189273834228516,IO -> PLC,3.14704
1776084630.2066522,6.205273151397705,IO -> PLC,3.12047
1776084630.2226515,6.2212724685668945,IO -> PLC,2.99053
1776084630.2386508,6.237271785736084,IO -> PLC,2.332
1776084630.2546513,6.253272294998169,IO -> PLC,2.96939
1776084630.2706509,6.2692718505859375,IO -> PLC,0.61815
1776084630.2866502,6.285271167755127,IO -> PLC,2.61622
1776084630.3026495,6.301270484924316,IO -> PLC,2.44428
1776084630.318649,6.317270040512085,IO -> PLC,1.41614
1776084630.3346493,6.333270311355591,IO -> PLC,2.29202
1776084630.3506489,6.349269866943359,IO -> PLC,2.41609
1776084630.3666482,6.365269184112549,IO -> PLC,1.93269
1776084630.3826478,6.381268739700317,IO -> PLC,2.03132
1776084630.398647,6.397268056869507,IO -> PLC,1.01022
1776084630.4146473,6.413268327713013,IO -> PLC,2.01626
1776084630.430647,6.429267883300781,IO -> PLC,2.29786
1776084630.4466462,6.445267200469971,IO -> PLC,1.35381
1776084630.4626458,6.461266756057739,IO -> PLC,2.51017
1776084630.478646,6.477267026901245,IO -> PLC,2.24494
1776084630.4946456,6.493266582489014,IO -> PLC,2.23389
1776084630.510645,6.509265899658203,IO -> PLC,2.17972
1776084630.5266442,6.525265216827393,IO -> PLC,0.78692
1776084630.5426438,6.541264772415161,IO -> PLC,2.13401
1776084630.558644,6.557265043258667,IO -> PLC,2.2468
1776084630.5746436,6.5732645988464355,IO -> PLC,1.66293
1776084630.590643,6.589263916015625,IO -> PLC,2.02893
1776084630.6066422,6.6052632331848145,IO -> PLC,1.991
1776084630.6226418,6.621262788772583,IO -> PLC,1.97074
1776084630.638642,6.637263059616089,IO -> PLC,1.59199
1776084630.6546416,6.653262615203857,IO -> PLC,6.09267
1776084630.670641,6.669261932373047,IO -> PLC,1.66077
1776084630.6866405,6.685261487960815,IO -> PLC,4.84563
1776084630.7026408,6.701261758804321,IO -> PLC,1.33641
1776084630.7186403,6.71726131439209,IO -> PLC,1.354
1776084630.7346396,6.733260631561279,IO -> PLC,1.46464
1776084630.750639,6.749259948730469,IO -> PLC,1.49463
1776084630.7666385,6.765259504318237,IO -> PLC,1.52317
1776084630.7826388,6.781259775161743,IO -> PLC,0.53199
1776084630.7986383,6.797259330749512,IO -> PLC,1.40066
1776084630.8146377,6.813258647918701,IO -> PLC,1.57498
1776084630.830637,6.829257965087891,IO -> PLC,1.57289
1776084630.8466365,6.845257520675659,IO -> PLC,2.08418
1776084630.8626368,6.861257791519165,IO -> PLC,1.99408
1776084630.8786364,6.877257347106934,IO -> PLC,1.86726
1776084630.8946357,6.893256664276123,IO -> PLC,1.77204
1776084630.9106352,6.909256219863892,IO -> PLC,1.55187
1776084630.9266355,6.9252564907073975,IO -> PLC,1.79699
1776084630.9426348,6.941255807876587,IO -> PLC,1.93538
1776084630.9586344,6.9572553634643555,IO -> PLC,1.94257
1776084630.9746337,6.973254680633545,IO -> PLC,3.16021
1776084630.9906332,6.9892542362213135,IO -> PLC,3.25253
1776084631.0066335,7.005254507064819,IO -> PLC,2.72113
1776084631.022633,7.021254062652588,IO -> PLC,3.30906
1776084631.0386324,7.037253379821777,IO -> PLC,0.99582
1776084631.0546317,7.053252696990967,IO -> PLC,5.67178
1776084631.0706313,7.069252252578735,IO -> PLC,1.95881
1776084631.0866318,7.08525276184082,IO -> PLC,4.87629
1776084631.102631,7.10125207901001,IO -> PLC,1.92822
1776084631.1186304,7.117251396179199,IO -> PLC,4.31536
1776084631.1346297,7.133250713348389,IO -> PLC,0.73958
1776084631.1506302,7.149251222610474,IO -> PLC,3.0264
1776084631.1666296,7.165250539779663,IO -> PLC,5.38689
1776084631.182629,7.181250095367432,IO -> PLC,2.75012
1776084631.1986284,7.197249412536621,IO -> PLC,4.77276
1776084631.214628,7.21324896812439,IO -> PLC,1.26346
1776084631.2306283,7.2292492389678955,IO -> PLC,3.43052
1776084631.2466278,7.245248794555664,IO -> PLC,5.51252
1776084631.2626271,7.2612481117248535,IO -> PLC,1.86826
1776084631.2786267,7.277247667312622,IO -> PLC,4.18883
1776084631.294626,7.2932469844818115,IO -> PLC,0.63321
1776084631.3106265,7.3092474937438965,IO -> PLC,2.66617
1776084631.3266258,7.325246810913086,IO -> PLC,4.62026
1776084631.3426251,7.341246128082275,IO -> PLC,1.02376
1776084631.3586245,7.357245445251465,IO -> PLC,2.98912
1776084631.374625,7.37324595451355,IO -> PLC,5.42465
1776084631.3906245,7.389245510101318,IO -> PLC,1.94384
1776084631.4066238,7.405244827270508,IO -> PLC,3.95313
1776084631.4226232,7.421244144439697,IO -> PLC,5.94809
1776084631.4386227,7.437243700027466,IO -> PLC,2.2299
1776084631.454623,7.453243970870972,IO -> PLC,4.83721
1776084631.4706225,7.46924352645874,IO -> PLC,0.95221
1776084631.4866219,7.48524284362793,IO -> PLC,3.85346
1776084631.5026212,7.501242160797119,IO -> PLC,5.84226
1776084631.5186207,7.517241716384888,IO -> PLC,2.47937
1776084631.534621,7.5332419872283936,IO -> PLC,4.52649
1776084631.5506206,7.549241542816162,IO -> PLC,1.09304
1776084631.5666199,7.565240859985352,IO -> PLC,3.21914
1776084631.5826194,7.58124041557312,IO -> PLC,5.39538
1776084631.5986187,7.59723973274231,IO -> PLC,2.62644
1776084631.6146193,7.6132402420043945,IO -> PLC,4.98702
1776084631.6306186,7.629239559173584,IO -> PLC,1.28419
1776084631.646618,7.645238876342773,IO -> PLC,3.38563
1776084631.6626172,7.661238193511963,IO -> PLC,5.24236
1776084631.6786177,7.677238702774048,IO -> PLC,3.15657
1776084631.6946173,7.693238258361816,IO -> PLC,5.0
1776084631.7106166,7.709237575531006,IO -> PLC,1.46814
1776084631.726616,7.725236892700195,IO -> PLC,3.44054
1776084631.7426155,7.741236448287964,IO -> PLC,5.62487
1776084631.7586157,7.75723671913147,IO -> PLC,2.2243
1776084631.7746153,7.773236274719238,IO -> PLC,4.51927
1776084631.7906146,7.789235591888428,IO -> PLC,1.0683
1776084631.8066142,7.805235147476196,IO -> PLC,3.13206
1776084631.8226135,7.821234464645386,IO -> PLC,5.40544
1776084631.838614,7.837234973907471,IO -> PLC,1.99743
1776084631.8546133,7.85323429107666,IO -> PLC,4.11752
1776084631.8706126,7.86923360824585,IO -> PLC,6.04599
1776084631.8866122,7.885233163833618,IO -> PLC,2.55078
1776084631.9026124,7.901233434677124,IO -> PLC,4.67375
1776084631.918612,7.917232990264893,IO -> PLC,0.94949
1776084631.9346113,7.933232307434082,IO -> PLC,3.11957
1776084631.9506106,7.9492316246032715,IO -> PLC,5.07357
1776084631.9666102,7.96523118019104,IO -> PLC,1.90557
1776084631.9826105,7.981231451034546,IO -> PLC,4.07246
1776084631.99861,7.9972310066223145,IO -> PLC,0.62349
1776084632.0146093,8.013230323791504,IO -> PLC,2.62885
1776084632.0306087,8.029229640960693,IO -> PLC,4.92278
1776084632.0466082,8.045229196548462,IO -> PLC,1.16467
1776084632.0626085,8.061229467391968,IO -> PLC,3.3182
1776084632.078608,8.077229022979736,IO -> PLC,5.96784
1776084632.0946074,8.093228340148926,IO -> PLC,2.85656
1776084632.110607,8.109227895736694,IO -> PLC,4.77479
1776084632.1266072,8.1252281665802,IO -> PLC,1.34542
1776084632.1426067,8.141227722167969,IO -> PLC,3.24622
1776084632.158606,8.157227039337158,IO -> PLC,5.34151
1776084632.1746054,8.173226356506348,IO -> PLC,2.02678
1776084632.190605,8.189225912094116,IO -> PLC,4.34127
1776084632.2066054,8.205226421356201,IO -> PLC,5.32251
1776084632.2226048,8.22122573852539,IO -> PLC,2.91806
1776084632.238604,8.23722505569458,IO -> PLC,4.6867
1776084632.2546034,8.25322437286377,IO -> PLC,1.13348
1776084632.270603,8.269223928451538,IO -> PLC,3.43565
1776084632.2866032,8.285224199295044,IO -> PLC,5.5411
1776084632.3026028,8.301223754882812,IO -> PLC,1.68267
1776084632.318602,8.317223072052002,IO -> PLC,3.77387
1776084632.3346016,8.33322262763977,IO -> PLC,4.90584
1776084632.350602,8.349222898483276,IO -> PLC,2.33026
1776084632.3666015,8.365222454071045,IO -> PLC,4.32322
1776084632.3826008,8.381221771240234,IO -> PLC,1.43763
1776084632.3986,8.397221088409424,IO -> PLC,3.57372
1776084632.4145997,8.413220643997192,IO -> PLC,5.43068
1776084632.4306,8.429220914840698,IO -> PLC,1.99011
1776084632.4465995,8.445220470428467,IO -> PLC,3.98803
1776084632.4625988,8.461219787597656,IO -> PLC,5.93994
1776084632.478598,8.477219104766846,IO -> PLC,2.7789
1776084632.4945977,8.493218660354614,IO -> PLC,4.90676
1776084632.5105982,8.5092191696167,IO -> PLC,1.39762
1776084632.5265975,8.525218486785889,IO -> PLC,3.49802
1776084632.5425968,8.541217803955078,IO -> PLC,5.46634
1776084632.5585964,8.557217359542847,IO -> PLC,1.91
1776084632.5745966,8.573217630386353,IO -> PLC,4.28387
1776084632.590596,8.589216947555542,IO -> PLC,0.8189
1776084632.6065955,8.60521650314331,IO -> PLC,3.04082
1776084632.6225948,8.6212158203125,IO -> PLC,5.02658
1776084632.6385944,8.637215375900269,IO -> PLC,1.27975
1776084632.6545947,8.653215646743774,IO -> PLC,3.47552
1776084632.6705942,8.669215202331543,IO -> PLC,6.16684
1776084632.6865935,8.685214519500732,IO -> PLC,2.44146
1776084632.702593,8.701214075088501,IO -> PLC,4.82027
1776084632.7185924,8.71721339225769,IO -> PLC,0.91192
1776084632.734593,8.733213901519775,IO -> PLC,3.09617
1776084632.7505922,8.749213218688965,IO -> PLC,5.19042
1776084632.7665915,8.765212535858154,IO -> PLC,1.80001
1776084632.7825909,8.781211853027344,IO -> PLC,3.87193
1776084632.7985914,8.797212362289429,IO -> PLC,0.87674
1776084632.814591,8.813211917877197,IO -> PLC,2.93794
1776084632.8305902,8.829211235046387,IO -> PLC,5.12964
1776084632.8465896,8.845210552215576,IO -> PLC,1.40753
1776084632.8625891,8.861210107803345,IO -> PLC,3.54569
1776084632.8785894,8.87721037864685,IO -> PLC,5.59202
1776084632.894589,8.89320993423462,IO -> PLC,2.12464
1776084632.9105883,8.909209251403809,IO -> PLC,4.15128
1776084632.9265876,8.925208568572998,IO -> PLC,1.63652
1776084632.9425871,8.941208124160767,IO -> PLC,4.02974
1776084632.9585874,8.957208395004272,IO -> PLC,6.05838
1776084632.974587,8.973207950592041,IO -> PLC,2.67005
1776084632.9905863,8.98920726776123,IO -> PLC,4.79917
1776084633.0065858,9.005206823348999,IO -> PLC,1.47213
1776084633.022586,9.021207094192505,IO -> PLC,3.49069
1776084633.0385857,9.037206649780273,IO -> PLC,6.1124
1776084633.054585,9.053205966949463,IO -> PLC,4.83137
1776084633.0705843,9.069205284118652,IO -> PLC,1.20639
1776084633.0865839,9.085204839706421,IO -> PLC,4.12004
1776084633.1025841,9.101205110549927,IO -> PLC,6.32692
1776084633.1185837,9.117204666137695,IO -> PLC,2.49401
1776084633.134583,9.133203983306885,IO -> PLC,4.57386
1776084633.1505823,9.149203300476074,IO -> PLC,0.95816
1776084633.1665819,9.165202856063843,IO -> PLC,2.99417
1776084633.1825821,9.181203126907349,IO -> PLC,5.48067
1776084633.1985817,9.197202682495117,IO -> PLC,1.78904
1776084633.214581,9.213201999664307,IO -> PLC,3.97753
1776084633.2305806,9.229201555252075,IO -> PLC,6.03097
1776084633.2465808,9.245201826095581,IO -> PLC,2.46223
1776084633.2625804,9.26120138168335,IO -> PLC,4.4
1776084633.2785797,9.277200698852539,IO -> PLC,1.19176
1776084633.294579,9.293200016021729,IO -> PLC,3.01783
1776084633.3105786,9.309199571609497,IO -> PLC,5.15695
1776084633.3265789,9.325199842453003,IO -> PLC,1.82798
1776084633.3425784,9.341199398040771,IO -> PLC,4.1148
1776084633.3585777,9.357198715209961,IO -> PLC,5.9972
1776084633.374577,9.37319803237915,IO -> PLC,2.63639
1776084633.3905766,9.389197587966919,IO -> PLC,4.66927
1776084633.4065769,9.405197858810425,IO -> PLC,1.13429
1776084633.4225764,9.421197414398193,IO -> PLC,3.10366
1776084633.4385757,9.437196731567383,IO -> PLC,5.52776
1776084633.4545753,9.453196287155151,IO -> PLC,1.58124
1776084633.4705746,9.46919560432434,IO -> PLC,4.43328
1776084633.4865751,9.485196113586426,IO -> PLC,0.63925
1776084633.5025744,9.501195430755615,IO -> PLC,2.76021
1776084633.5185738,9.517194747924805,IO -> PLC,4.95983
1776084633.5345733,9.533194303512573,IO -> PLC,1.47118
1776084633.5505736,9.549194574356079,IO -> PLC,3.82151
1776084633.5665731,9.565194129943848,IO -> PLC,5.94959
1776084633.5825725,9.581193447113037,IO -> PLC,2.76503
1776084633.5985718,9.597192764282227,IO -> PLC,5.11418
1776084633.6145713,9.613192319869995,IO -> PLC,1.85177
1776084633.6305718,9.62919282913208,IO -> PLC,4.0361
1776084633.6465712,9.64519214630127,IO -> PLC,0.55553
1776084633.6625705,9.661191463470459,IO -> PLC,2.50344
1776084633.6785698,9.677190780639648,IO -> PLC,4.75545
1776084633.6945693,9.693190336227417,IO -> PLC,1.20745
1776084633.7105696,9.709190607070923,IO -> PLC,3.42953
1776084633.7265692,9.725190162658691,IO -> PLC,5.33137
1776084633.7425685,9.74118947982788,IO -> PLC,1.64182
1776084633.758568,9.75718903541565,IO -> PLC,3.61422
1776084633.7745683,9.773189306259155,IO -> PLC,5.99009
1776084633.7905679,9.789188861846924,IO -> PLC,2.43903
1776084633.8065672,9.805188179016113,IO -> PLC,4.41639
1776084633.8225667,9.821187734603882,IO -> PLC,6.36518
1776084633.838566,9.837187051773071,IO -> PLC,2.6186
1776084633.8545663,9.853187322616577,IO -> PLC,4.74965
1776084633.870566,9.869186878204346,IO -> PLC,0.86338
1776084633.8865652,9.885186195373535,IO -> PLC,3.43092
1776084633.9025645,9.901185512542725,IO -> PLC,5.56317
1776084633.918564,9.917185068130493,IO -> PLC,1.81722
1776084633.9345646,9.933185577392578,IO -> PLC,3.92579
1776084633.950564,9.949184894561768,IO -> PLC,0.55906
1776084633.9665632,9.965184211730957,IO -> PLC,2.66459
1776084633.9825628,9.981183767318726,IO -> PLC,4.9902
1776084633.998563,9.997184038162231,IO -> PLC,1.27626
1776084634.0145626,10.01318359375,IO -> PLC,3.40634
1776084634.030562,10.02918291091919,IO -> PLC,5.42171
1776084634.0465612,10.045182228088379,IO -> PLC,1.96066
1776084634.0625608,10.061181783676147,IO -> PLC,3.86753
1776084634.078561,10.077182054519653,IO -> PLC,6.19314
1776084634.0945606,10.093181610107422,IO -> PLC,2.61936
1776084634.11056,10.109180927276611,IO -> PLC,4.77722
1776084634.1265595,10.12518048286438,IO -> PLC,1.36209
1776084634.1425588,10.14117980003357,IO -> PLC,3.3264
1776084634.1585593,10.157180309295654,IO -> PLC,5.33168
1776084634.1745586,10.173179626464844,IO -> PLC,1.99336
1776084634.190558,10.189178943634033,IO -> PLC,4.24025
1776084634.2065573,10.205178260803223,IO -> PLC,6.33562
1776084634.2225578,10.221178770065308,IO -> PLC,2.7916
1776084634.2385573,10.237178325653076,IO -> PLC,4.78224
1776084634.2545567,10.253177642822266,IO -> PLC,1.15542
1776084634.270556,10.269176959991455,IO -> PLC,3.08893
1776084634.2865555,10.285176515579224,IO -> PLC,5.56408
1776084634.3025558,10.30117678642273,IO -> PLC,1.71581
1776084634.3185554,10.317176342010498,IO -> PLC,3.85622
1776084634.3345547,10.333175659179688,IO -> PLC,6.03558
1776084634.3505542,10.349175214767456,IO -> PLC,2.343
1776084634.3665535,10.365174531936646,IO -> PLC,4.29485
1776084634.382554,10.38117504119873,IO -> PLC,1.29165
1776084634.3985534,10.39717435836792,IO -> PLC,3.45334
1776084634.4145527,10.41317367553711,IO -> PLC,5.39301
1776084634.4305522,10.429173231124878,IO -> PLC,1.84988
1776084634.4465525,10.445173501968384,IO -> PLC,3.66059
1776084634.462552,10.461173057556152,IO -> PLC,5.85436
1776084634.4785514,10.477172374725342,IO -> PLC,2.71565
1776084634.4945507,10.493171691894531,IO -> PLC,4.84581
1776084634.5105503,10.5091712474823,IO -> PLC,1.21675
1776084634.5265505,10.525171518325806,IO -> PLC,3.37443
1776084634.54255,10.541171073913574,IO -> PLC,5.30916
1776084634.5585494,10.557170391082764,IO -> PLC,2.16236
1776084634.5745487,10.573169708251953,IO -> PLC,4.37021
1776084634.5905483,10.589169263839722,IO -> PLC,1.0094
1776084634.6065485,10.605169534683228,IO -> PLC,2.97884
1776084634.622548,10.621169090270996,IO -> PLC,5.4387
1776084634.6385474,10.637168407440186,IO -> PLC,1.60164
1776084634.654547,10.653167963027954,IO -> PLC,4.19358
1776084634.6705472,10.66916823387146,IO -> PLC,6.2727
1776084634.6865468,10.685167789459229,IO -> PLC,2.71925
1776084634.7025461,10.701167106628418,IO -> PLC,4.90477
1776084634.7185454,10.717166423797607,IO -> PLC,1.26348
1776084634.734545,10.733165979385376,IO -> PLC,3.62286
1776084634.7505455,10.749166488647461,IO -> PLC,5.79902
1776084634.7665448,10.76516580581665,IO -> PLC,2.21804
1776084634.7825441,10.78116512298584,IO -> PLC,4.5491
1776084634.7985435,10.79716444015503,IO -> PLC,1.38487
1776084634.814543,10.813163995742798,IO -> PLC,3.34694
1776084634.8305433,10.829164266586304,IO -> PLC,5.49663
1776084634.8465428,10.845163822174072,IO -> PLC,1.87069
1776084634.8625422,10.861163139343262,IO -> PLC,3.98437
1776084634.8785417,10.87716269493103,IO -> PLC,6.1595
1776084634.894541,10.89316201210022,IO -> PLC,2.56237
1776084634.9105415,10.909162521362305,IO -> PLC,4.499
1776084634.9265409,10.925161838531494,IO -> PLC,0.92827
1776084634.9425404,10.941161394119263,IO -> PLC,2.88514
1776084634.9585397,10.957160711288452,IO -> PLC,4.92826
1776084634.97454,10.973160982131958,IO -> PLC,1.35849
1776084634.9905396,10.989160537719727,IO -> PLC,3.79995
1776084635.0065389,11.005159854888916,IO -> PLC,5.93012
1776084635.0225382,11.021159172058105,IO -> PLC,2.31658
1776084635.0385377,11.037158727645874,IO -> PLC,4.44962
1776084635.0545382,11.053159236907959,IO -> PLC,3.20555
1776084635.0705376,11.069158554077148,IO -> PLC,5.53429
1776084635.086537,11.085157871246338,IO -> PLC,2.18493
1776084635.1025364,11.101157426834106,IO -> PLC,4.46454
1776084635.1185358,11.117156744003296,IO -> PLC,0.72483
1776084635.1345363,11.13315725326538,IO -> PLC,2.86212
1776084635.1505356,11.14915657043457,IO -> PLC,4.7558
1776084635.166535,11.16515588760376,IO -> PLC,1.34787
1776084635.1825345,11.181155443191528,IO -> PLC,3.67252
1776084635.1985347,11.197155714035034,IO -> PLC,0.5666
1776084635.2145343,11.213155269622803,IO -> PLC,2.58012
1776084635.2305336,11.229154586791992,IO -> PLC,4.72062
1776084635.2465332,11.24515414237976,IO -> PLC,0.97571
1776084635.2625325,11.26115345954895,IO -> PLC,3.12532
1776084635.278533,11.277153968811035,IO -> PLC,5.53285
1776084635.2945323,11.293153285980225,IO -> PLC,1.98476
1776084635.3105316,11.309152603149414,IO -> PLC,4.48046
1776084635.326531,11.325151920318604,IO -> PLC,0.78604
1776084635.3425305,11.341151475906372,IO -> PLC,2.90573
1776084635.358531,11.357151985168457,IO -> PLC,5.04501
1776084635.3745303,11.373151302337646,IO -> PLC,2.17991
1776084635.3905296,11.389150619506836,IO -> PLC,4.35727
1776084635.4065292,11.405150175094604,IO -> PLC,0.86951
1776084635.4225295,11.42115044593811,IO -> PLC,3.00359
1776084635.438529,11.437150001525879,IO -> PLC,4.97319
1776084635.4545283,11.453149318695068,IO -> PLC,1.22004
1776084635.470528,11.469148874282837,IO -> PLC,4.15504
1776084635.4865272,11.485148191452026,IO -> PLC,6.13049
1776084635.5025275,11.501148462295532,IO -> PLC,2.41031
1776084635.518527,11.5171480178833,IO -> PLC,4.43711
1776084635.5345263,11.53314733505249,IO -> PLC,0.98821
1776084635.550526,11.549146890640259,IO -> PLC,3.05077
1776084635.5665252,11.565146207809448,IO -> PLC,5.09069
1776084635.5825257,11.581146717071533,IO -> PLC,1.77814
1776084635.598525,11.597146034240723,IO -> PLC,4.24304
1776084635.6145244,11.613145351409912,IO -> PLC,1.83675
1776084635.630524,11.62914490699768,IO -> PLC,4.14405
1776084635.6465242,11.645145177841187,IO -> PLC,0.80684
1776084635.6625237,11.661144733428955,IO -> PLC,2.75988
1776084635.678523,11.677144050598145,IO -> PLC,5.50344
1776084635.6945224,11.693143367767334,IO -> PLC,1.84149
1776084635.710522,11.709142923355103,IO -> PLC,4.16415
1776084635.7265222,11.725143194198608,IO -> PLC,0.54725
1776084635.7425218,11.741142749786377,IO -> PLC,2.85566
1776084635.758521,11.757142066955566,IO -> PLC,4.69902
1776084635.7745206,11.773141622543335,IO -> PLC,1.25125
1776084635.79052,11.789140939712524,IO -> PLC,3.33717
1776084635.8065205,11.80514144897461,IO -> PLC,6.04808
1776084635.8225198,11.821140766143799,IO -> PLC,2.28997
1776084635.838519,11.837140083312988,IO -> PLC,4.38439
1776084635.8545187,11.853139638900757,IO -> PLC,0.6486
1776084635.870519,11.869139909744263,IO -> PLC,2.72764
1776084635.8865185,11.885139465332031,IO -> PLC,5.14134
1776084635.9025178,11.90113878250122,IO -> PLC,1.33211
1776084635.918517,11.91713809967041,IO -> PLC,3.28196
1776084635.9345167,11.933137655258179,IO -> PLC,5.68365
1776084635.950517,11.949137926101685,IO -> PLC,2.14964
1776084635.9665165,11.965137481689453,IO -> PLC,4.48253
1776084635.9825158,11.981136798858643,IO -> PLC,1.27949
1776084635.9985154,11.997136354446411,IO -> PLC,3.27845
1776084636.0145147,12.0131356716156,IO -> PLC,5.62583
1776084636.0305152,12.029136180877686,IO -> PLC,0.5539
1776084636.0465145,12.045135498046875,IO -> PLC,4.39103
1776084636.0625138,12.061134815216064,IO -> PLC,0.73836
1776084636.0785134,12.077134370803833,IO -> PLC,3.39279
1776084636.0945137,12.093134641647339,IO -> PLC,5.49345
1776084636.1105132,12.109134197235107,IO -> PLC,1.88255
1776084636.1265125,12.125133514404297,IO -> PLC,3.8683
1776084636.1425118,12.141132831573486,IO -> PLC,5.96975
1776084636.1585114,12.157132387161255,IO -> PLC,2.75646
1776084636.174512,12.17313289642334,IO -> PLC,5.07816
1776084636.1905112,12.18913221359253,IO -> PLC,1.47775
1776084636.2065105,12.205131530761719,IO -> PLC,3.93561
1776084636.2225099,12.221130847930908,IO -> PLC,5.85672
1776084636.2385094,12.237130403518677,IO -> PLC,1.96253
1776084636.2545097,12.253130674362183,IO -> PLC,4.27606
1776084636.2705092,12.269130229949951,IO -> PLC,6.55144
1776084636.2865086,12.28512954711914,IO -> PLC,2.79022
1776084636.302508,12.30112910270691,IO -> PLC,4.61733
1776084636.3185074,12.317128419876099,IO -> PLC,1.19299
1776084636.334508,12.333128929138184,IO -> PLC,3.16243
1776084636.3505073,12.349128246307373,IO -> PLC,5.20339
1776084636.3665068,12.365127801895142,IO -> PLC,1.58978
1776084636.3825061,12.381127119064331,IO -> PLC,4.29429
1776084636.3985066,12.397127628326416,IO -> PLC,1.04621
1776084636.414506,12.413126945495605,IO -> PLC,3.16405
1776084636.4305053,12.429126262664795,IO -> PLC,5.13333
1776084636.4465046,12.445125579833984,IO -> PLC,1.96206
1776084636.4625041,12.461125135421753,IO -> PLC,3.78093
1776084636.4785047,12.477125644683838,IO -> PLC,0.64749
1776084636.494504,12.493124961853027,IO -> PLC,2.64541
1776084636.5105033,12.509124279022217,IO -> PLC,4.8535
1776084636.5265028,12.525123834609985,IO -> PLC,1.25308
1776084636.5425022,12.541123151779175,IO -> PLC,3.20604
1776084636.5585027,12.55712366104126,IO -> PLC,5.21124
1776084636.574502,12.57312297821045,IO -> PLC,1.89036
1776084636.5905015,12.589122533798218,IO -> PLC,4.27549
1776084636.6065009,12.605121850967407,IO -> PLC,6.38501
1776084636.6225011,12.621122121810913,IO -> PLC,2.84933
1776084636.6385007,12.637121677398682,IO -> PLC,4.79004
1776084636.6545,12.653120994567871,IO -> PLC,1.40363
1776084636.6704996,12.66912055015564,IO -> PLC,3.36571
1776084636.6864989,12.685119867324829,IO -> PLC,5.84813
1776084636.7024994,12.701120376586914,IO -> PLC,1.96314
1776084636.7184987,12.717119693756104,IO -> PLC,4.07571
1776084636.734498,12.733119010925293,IO -> PLC,6.2858
1776084636.7504976,12.749118566513062,IO -> PLC,2.53905
1776084636.7664979,12.765118837356567,IO -> PLC,4.54617
1776084636.7824974,12.781118392944336,IO -> PLC,1.14856
1776084636.7984967,12.797117710113525,IO -> PLC,3.66787
1776084636.814496,12.813117027282715,IO -> PLC,5.71195
1776084636.8304956,12.829116582870483,IO -> PLC,2.08793
1776084636.8464959,12.84511685371399,IO -> PLC,4.04185
1776084636.8624954,12.861116409301758,IO -> PLC,0.81753
1776084636.8784947,12.877115726470947,IO -> PLC,3.02834
1776084636.8944943,12.893115282058716,IO -> PLC,5.16251
1776084636.9104936,12.909114599227905,IO -> PLC,1.48857
1776084636.9264941,12.92511510848999,IO -> PLC,3.58177
1776084636.9424934,12.94111442565918,IO -> PLC,5.40888
1776084636.9584928,12.95711374282837,IO -> PLC,2.20168
1776084636.9744923,12.973113298416138,IO -> PLC,4.22729
1776084636.9904916,12.989112615585327,IO -> PLC,0.73031
1776084637.0064921,13.005113124847412,IO -> PLC,2.70791
1776084637.0224915,13.021112442016602,IO -> PLC,4.95784
1776084637.0384908,13.037111759185791,IO -> PLC,1.07893
1776084637.0544903,13.05311131477356,IO -> PLC,2.29353
1776084637.0704906,13.069111585617065,IO -> PLC,2.26904
1776084637.0864902,13.085111141204834,IO -> PLC,1.28602
1776084637.1024895,13.101110458374023,IO -> PLC,2.15869
1776084637.118489,13.117110013961792,IO -> PLC,1.96331
1776084637.1344883,13.133109331130981,IO -> PLC,1.7432
1776084637.1504886,13.149109601974487,IO -> PLC,2.0753
1776084637.1664882,13.165109157562256,IO -> PLC,2.10512
1776084637.1824875,13.181108474731445,IO -> PLC,2.17375
1776084637.198487,13.197108030319214,IO -> PLC,1.89837
1776084637.2144864,13.213107347488403,IO -> PLC,1.59034
1776084637.2304869,13.229107856750488,IO -> PLC,1.7933
1776084637.2464862,13.245107173919678,IO -> PLC,2.37404
1776084637.2624855,13.261106491088867,IO -> PLC,1.98392
1776084637.278485,13.277106046676636,IO -> PLC,2.37017
1776084637.2944856,13.29310655593872,IO -> PLC,0.77776
1776084637.310485,13.30910587310791,IO -> PLC,2.69808
1776084637.3264842,13.3251051902771,IO -> PLC,1.87491
1776084637.3424835,13.341104507446289,IO -> PLC,1.07606
1776084637.358483,13.357104063034058,IO -> PLC,2.1773
1776084637.3744833,13.373104333877563,IO -> PLC,2.06384
1776084637.390483,13.389103889465332,IO -> PLC,1.83526
1776084637.4064822,13.405103206634521,IO -> PLC,1.63276
1776084637.4224818,13.42110276222229,IO -> PLC,6.00351
1776084637.438481,13.43710207939148,IO -> PLC,1.37392
1776084637.4544816,13.453102588653564,IO -> PLC,2.00698
1776084637.470481,13.469101905822754,IO -> PLC,0.95636
1776084637.4864805,13.485101461410522,IO -> PLC,2.07688
1776084637.5024798,13.501100778579712,IO -> PLC,1.97367
1776084637.51848,13.517101049423218,IO -> PLC,1.67556
1776084637.5344796,13.533100605010986,IO -> PLC,1.63074
1776084637.550479,13.549099922180176,IO -> PLC,1.86754
1776084637.5664783,13.565099239349365,IO -> PLC,1.89737
1776084637.5824778,13.581098794937134,IO -> PLC,1.7488
1776084637.5984783,13.597099304199219,IO -> PLC,1.78079
1776084637.6144776,13.613098621368408,IO -> PLC,1.90694
1776084637.630477,13.629097938537598,IO -> PLC,0.80799
1776084637.6464765,13.645097494125366,IO -> PLC,2.08436
1776084637.6624758,13.661096811294556,IO -> PLC,2.12235
1776084637.6784763,13.67709732055664,IO -> PLC,1.83777
1776084637.6944757,13.69309663772583,IO -> PLC,1.95152
1776084637.710475,13.70909595489502,IO -> PLC,0.67553
1776084637.7264745,13.725095510482788,IO -> PLC,1.85341
1776084637.7424748,13.741095781326294,IO -> PLC,1.73579
1776084637.7584743,13.757095336914062,IO -> PLC,1.17592
1776084637.7744737,13.773094654083252,IO -> PLC,1.86522
1776084637.7904732,13.78909420967102,IO -> PLC,1.88576
1776084637.8064725,13.80509352684021,IO -> PLC,1.71478
1776084637.822473,13.821094036102295,IO -> PLC,1.54188
1776084637.8384724,13.837093353271484,IO -> PLC,0.59574
1776084637.8544717,13.853092670440674,IO -> PLC,2.20573
1776084637.8704712,13.869092226028442,IO -> PLC,2.57054
1776084637.8864706,13.885091543197632,IO -> PLC,1.76145
1776084637.902471,13.901092052459717,IO -> PLC,3.15534
1776084637.9184704,13.917091369628906,IO -> PLC,2.90251
1776084637.9344697,13.933090686798096,IO -> PLC,2.60457
1776084637.9504693,13.949090242385864,IO -> PLC,3.21099
1776084637.9664695,13.96509051322937,IO -> PLC,1.61354
1776084637.982469,13.981090068817139,IO -> PLC,3.10183
1776084637.9984684,13.997089385986328,IO -> PLC,3.1991
1776084638.014468,14.013088941574097,IO -> PLC,2.21914
1776084638.0304673,14.029088258743286,IO -> PLC,4.32778
1776084638.0464678,14.045088768005371,IO -> PLC,1.86309
1776084638.062467,14.06108808517456,IO -> PLC,4.95066
1776084638.0784664,14.07708740234375,IO -> PLC,2.85047
1776084638.094466,14.093086957931519,IO -> PLC,4.84943
1776084638.1104653,14.109086275100708,IO -> PLC,1.54511
1776084638.1264658,14.125086784362793,IO -> PLC,3.53895
1776084638.142465,14.141086101531982,IO -> PLC,5.71008
1776084638.1584644,14.157085418701172,IO -> PLC,2.03805
1776084638.174464,14.17308497428894,IO -> PLC,4.26534
1776084638.1904643,14.189085245132446,IO -> PLC,0.57997
1776084638.2064638,14.205084800720215,IO -> PLC,2.78598
1776084638.2224631,14.221084117889404,IO -> PLC,4.72037
1776084638.2384627,14.237083673477173,IO -> PLC,1.06363
1776084638.254462,14.253082990646362,IO -> PLC,3.42652
1776084638.2704623,14.269083261489868,IO -> PLC,5.50229
1776084638.2864618,14.285082817077637,IO -> PLC,2.02788
1776084638.3024611,14.301082134246826,IO -> PLC,4.17829
1776084638.3184607,14.317081689834595,IO -> PLC,1.96249
1776084638.33446,14.333081007003784,IO -> PLC,4.07313
1776084638.3504605,14.34908151626587,IO -> PLC,6.19722
1776084638.3664598,14.365080833435059,IO -> PLC,2.60081
1776084638.3824592,14.381080150604248,IO -> PLC,5.32484
1776084638.3984587,14.397079706192017,IO -> PLC,2.01323
1776084638.414458,14.413079023361206,IO -> PLC,4.04803
1776084638.4304585,14.429079532623291,IO -> PLC,5.99819
1776084638.4464579,14.44507884979248,IO -> PLC,2.52762
1776084638.4624572,14.46107816696167,IO -> PLC,4.73667
1776084638.4784567,14.477077722549438,IO -> PLC,1.69036
1776084638.494457,14.493077993392944,IO -> PLC,3.67708
1776084638.5104566,14.509077548980713,IO -> PLC,5.83588
1776084638.5264559,14.525076866149902,IO -> PLC,2.28155
1776084638.5424554,14.541076421737671,IO -> PLC,4.32252
1776084638.5584548,14.55707573890686,IO -> PLC,0.71402
1776084638.5744553,14.573076248168945,IO -> PLC,3.03763
1776084638.5904546,14.589075565338135,IO -> PLC,5.2538
1776084638.6064541,14.605075120925903,IO -> PLC,1.89915
1776084638.6224535,14.621074438095093,IO -> PLC,4.05075
1776084638.6384528,14.637073755264282,IO -> PLC,6.091
1776084638.6544533,14.653074264526367,IO -> PLC,2.53451
1776084638.6704526,14.669073581695557,IO -> PLC,5.20526
1776084638.686452,14.685072898864746,IO -> PLC,1.66436
1776084638.7024515,14.701072454452515,IO -> PLC,3.76668
1776084638.718452,14.7170729637146,IO -> PLC,6.14967
1776084638.7344513,14.733072280883789,IO -> PLC,2.32724
1776084638.7504506,14.749071598052979,IO -> PLC,4.48804
1776084638.7664502,14.765071153640747,IO -> PLC,0.79458
1776084638.7824495,14.781070470809937,IO -> PLC,3.1602
1776084638.79845,14.797070980072021,IO -> PLC,5.38964
1776084638.8144493,14.813070297241211,IO -> PLC,1.91716
1776084638.8304486,14.8290696144104,IO -> PLC,3.80451
1776084638.8464482,14.845069169998169,IO -> PLC,6.00324
1776084638.8624475,14.861068487167358,IO -> PLC,2.29754
1776084638.878448,14.877068996429443,IO -> PLC,4.833
1776084638.8944473,14.893068313598633,IO -> PLC,1.14379
1776084638.910447,14.909067869186401,IO -> PLC,3.31371
1776084638.9264462,14.92506718635559,IO -> PLC,5.28715
1776084638.9424467,14.941067695617676,IO -> PLC,1.69697
1776084638.958446,14.957067012786865,IO -> PLC,3.86914
1776084638.9744453,14.973066329956055,IO -> PLC,6.34228
1776084638.9904447,14.989065647125244,IO -> PLC,2.67226
1776084639.0064442,15.005065202713013,IO -> PLC,4.65898
1776084639.0224447,15.021065711975098,IO -> PLC,0.97872
1776084639.038444,15.037065029144287,IO -> PLC,3.28609
1776084639.0544434,15.053064346313477,IO -> PLC,1.94169
1776084639.070443,15.069063901901245,IO -> PLC,4.3646
1776084639.0864422,15.085063219070435,IO -> PLC,0.70698
1776084639.1024427,15.10106372833252,IO -> PLC,2.75002
1776084639.118442,15.117063045501709,IO -> PLC,4.74698
1776084639.1344416,15.133062601089478,IO -> PLC,1.14968
1776084639.150441,15.149061918258667,IO -> PLC,3.2428
1776084639.1664412,15.165062189102173,IO -> PLC,5.16105
1776084639.1824408,15.181061744689941,IO -> PLC,2.41675
1776084639.19844,15.19706106185913,IO -> PLC,4.56635
1776084639.2144396,15.2130606174469,IO -> PLC,1.11546
1776084639.230439,15.229059934616089,IO -> PLC,3.31931
1776084639.2464395,15.245060443878174,IO -> PLC,5.4074
1776084639.2624388,15.261059761047363,IO -> PLC,1.91354
1776084639.278438,15.277059078216553,IO -> PLC,4.42556
1776084639.2944376,15.293058633804321,IO -> PLC,1.00243
1776084639.310437,15.30905795097351,IO -> PLC,2.86218
1776084639.3264375,15.325058460235596,IO -> PLC,5.32293
1776084639.3424368,15.341057777404785,IO -> PLC,1.57219
1776084639.358436,15.357057094573975,IO -> PLC,3.72067
1776084639.3744357,15.373056650161743,IO -> PLC,0.63548
1776084639.390436,15.389056921005249,IO -> PLC,3.14958
1776084639.4064355,15.405056476593018,IO -> PLC,5.00109
1776084639.4224348,15.421055793762207,IO -> PLC,1.26347
1776084639.4384344,15.437055349349976,IO -> PLC,3.43668
1776084639.4544337,15.453054666519165,IO -> PLC,5.50836
1776084639.4704342,15.46905517578125,IO -> PLC,2.00627
1776084639.4864335,15.48505449295044,IO -> PLC,4.77438
1776084639.5024328,15.501053810119629,IO -> PLC,0.98764
1776084639.5184324,15.517053365707397,IO -> PLC,3.02044
1776084639.5344317,15.533052682876587,IO -> PLC,5.26421
1776084639.5504322,15.549053192138672,IO -> PLC,1.76212
1776084639.5664315,15.565052509307861,IO -> PLC,3.84716
1776084639.5824308,15.58105182647705,IO -> PLC,0.62692
1776084639.5984304,15.59705138206482,IO -> PLC,3.05294
1776084639.6144307,15.613051652908325,IO -> PLC,4.9547
1776084639.6304302,15.629051208496094,IO -> PLC,1.7167
1776084639.6464295,15.645050525665283,IO -> PLC,3.75462
1776084639.662429,15.661050081253052,IO -> PLC,5.78357
1776084639.6784284,15.677049398422241,IO -> PLC,2.31317
1776084639.694429,15.693049907684326,IO -> PLC,4.27941
1776084639.7104282,15.709049224853516,IO -> PLC,0.71179
1776084639.7264276,15.725048542022705,IO -> PLC,2.70267
1776084639.742427,15.741048097610474,IO -> PLC,4.92692
1776084639.7584264,15.757047414779663,IO -> PLC,1.29283
1776084639.774427,15.773047924041748,IO -> PLC,3.42195
1776084639.7904263,15.789047241210938,IO -> PLC,5.58275
1776084639.8064256,15.805046558380127,IO -> PLC,2.24755
1776084639.8224251,15.821046113967896,IO -> PLC,4.25483
1776084639.8384244,15.837045431137085,IO -> PLC,6.39427
1776084639.854425,15.85304594039917,IO -> PLC,2.78146
1776084639.8704243,15.86904525756836,IO -> PLC,5.44197
1776084639.8864238,15.885044813156128,IO -> PLC,1.67986
1776084639.9024231,15.901044130325317,IO -> PLC,3.99331
1776084639.9184234,15.917044401168823,IO -> PLC,6.1798
1776084639.934423,15.933043956756592,IO -> PLC,2.40914
1776084639.9504223,15.949043273925781,IO -> PLC,4.59275
1776084639.9664218,15.96504282951355,IO -> PLC,1.50235
1776084639.9824212,15.98104214668274,IO -> PLC,3.60164
1776084639.9984217,15.997042655944824,IO -> PLC,5.83837
1776084640.014421,16.013041973114014,IO -> PLC,2.07522
1776084640.0304205,16.029041528701782,IO -> PLC,4.30868
1776084640.0464199,16.04504084587097,IO -> PLC,0.64978
1776084640.0624192,16.06104016304016,IO -> PLC,2.7105
1776084640.0784197,16.077040672302246,IO -> PLC,4.97467
1776084640.094419,16.093039989471436,IO -> PLC,1.38953
1776084640.1104183,16.109039306640625,IO -> PLC,3.57299
1776084640.1264179,16.125038862228394,IO -> PLC,5.80643
1776084640.1424184,16.14103937149048,IO -> PLC,2.06889
1776084640.1584177,16.157038688659668,IO -> PLC,4.45186
1776084640.174417,16.173038005828857,IO -> PLC,1.17826
1776084640.1904166,16.189037561416626,IO -> PLC,3.26243
1776084640.206416,16.205036878585815,IO -> PLC,5.5502
1776084640.2224164,16.2210373878479,IO -> PLC,1.89346
1776084640.2384157,16.23703670501709,IO -> PLC,3.8945
1776084640.2544153,16.25303626060486,IO -> PLC,6.15771
1776084640.2704146,16.269035577774048,IO -> PLC,2.66914
1776084640.286414,16.285034894943237,IO -> PLC,5.20669
1776084640.3024144,16.301035404205322,IO -> PLC,1.44354
1776084640.3184137,16.31703472137451,IO -> PLC,3.49794
1776084640.3344133,16.33303427696228,IO -> PLC,5.55002
1776084640.3504126,16.34903359413147,IO -> PLC,1.98152
1776084640.366413,16.365034103393555,IO -> PLC,4.22634
1776084640.3824124,16.381033420562744,IO -> PLC,1.18411
1776084640.3984118,16.397032737731934,IO -> PLC,3.37772
1776084640.4144113,16.413032293319702,IO -> PLC,5.39932
1776084640.4304106,16.42903161048889,IO -> PLC,1.9329
1776084640.4464111,16.445032119750977,IO -> PLC,4.02611
1776084640.4624104,16.461031436920166,IO -> PLC,0.81907
1776084640.4784098,16.477030754089355,IO -> PLC,3.82768
1776084640.4944093,16.493030309677124,IO -> PLC,5.88424
1776084640.5104086,16.509029626846313,IO -> PLC,2.37702
1776084640.5264091,16.5250301361084,IO -> PLC,4.35038
1776084640.5424085,16.541029453277588,IO -> PLC,0.92118
1776084640.558408,16.557029008865356,IO -> PLC,2.84637
1776084640.5744073,16.573028326034546,IO -> PLC,5.25599
1776084640.5904078,16.58902883529663,IO -> PLC,1.57261
1776084640.6064072,16.60502815246582,IO -> PLC,3.88726
1776084640.6224065,16.62102746963501,IO -> PLC,5.80526
1776084640.638406,16.63702702522278,IO -> PLC,2.13732
1776084640.6544054,16.653026342391968,IO -> PLC,4.73959
1776084640.6704059,16.669026851654053,IO -> PLC,1.06957
1776084640.6864052,16.685026168823242,IO -> PLC,3.16989
1776084640.7024045,16.70102548599243,IO -> PLC,5.81408
1776084640.718404,16.7170250415802,IO -> PLC,2.23119
1776084640.7344034,16.73302435874939,IO -> PLC,4.32343
1776084640.750404,16.749024868011475,IO -> PLC,0.94926
1776084640.7664032,16.765024185180664,IO -> PLC,2.88894
1776084640.7824028,16.781023740768433,IO -> PLC,5.69801
1776084640.798402,16.797023057937622,IO -> PLC,2.44178
1776084640.8144023,16.813023328781128,IO -> PLC,4.46034
1776084640.830402,16.829022884368896,IO -> PLC,0.83736
1776084640.8464012,16.845022201538086,IO -> PLC,2.99304
1776084640.8624008,16.861021757125854,IO -> PLC,5.18857
1776084640.8784,16.877021074295044,IO -> PLC,1.89456
1776084640.8944006,16.89302158355713,IO -> PLC,3.98986
1776084640.9104,16.90902090072632,IO -> PLC,5.99602
1776084640.9263992,16.925020217895508,IO -> PLC,2.59216
1776084640.9423988,16.941019773483276,IO -> PLC,4.88098
1776084640.958398,16.957019090652466,IO -> PLC,1.23359
1776084640.9743986,16.97301959991455,IO -> PLC,3.32993
1776084640.990398,16.98901891708374,IO -> PLC,5.39353
1776084641.0063972,17.00501823425293,IO -> PLC,1.6663
1776084641.0223968,17.0210177898407,IO -> PLC,4.17008
1776084641.038397,17.037018060684204,IO -> PLC,6.16296
1776084641.0543966,17.053017616271973,IO -> PLC,5.10418
1776084641.070396,17.069016933441162,IO -> PLC,1.31328
1776084641.0863955,17.08501648902893,IO -> PLC,3.93187
1776084641.1023948,17.10101580619812,IO -> PLC,6.03123
1776084641.1183953,17.117016315460205,IO -> PLC,2.2928
1776084641.1343946,17.133015632629395,IO -> PLC,4.50265
1776084641.1503942,17.149015188217163,IO -> PLC,1.00881
1776084641.1663935,17.165014505386353,IO -> PLC,2.89312
1776084641.1823928,17.181013822555542,IO -> PLC,5.87932
1776084641.1983933,17.197014331817627,IO -> PLC,2.24418
1776084641.2143927,17.213013648986816,IO -> PLC,4.58012
1776084641.230392,17.229012966156006,IO -> PLC,0.91938
1776084641.2463915,17.245012521743774,IO -> PLC,3.13339
1776084641.2623909,17.261011838912964,IO -> PLC,5.2778
1776084641.2783914,17.27701234817505,IO -> PLC,2.04411
1776084641.2943907,17.29301166534424,IO -> PLC,3.95907
1776084641.3103902,17.309011220932007,IO -> PLC,6.30637
1776084641.3263896,17.325010538101196,IO -> PLC,2.64051
1776084641.34239,17.34101104736328,IO -> PLC,4.70819
1776084641.3583894,17.35701036453247,IO -> PLC,1.06889
1776084641.3743887,17.37300968170166,IO -> PLC,1.1664
1776084641.3903883,17.38900923728943,IO -> PLC,0.97382
1776084641.4063876,17.405008554458618,IO -> PLC,0.69036
1776084641.422388,17.421009063720703,IO -> PLC,3.83025
1776084641.4383874,17.437008380889893,IO -> PLC,5.92441
1776084641.454387,17.45300793647766,IO -> PLC,1.00113
1776084641.4703863,17.46900725364685,IO -> PLC,0.95408
1776084641.4863868,17.485007762908936,IO -> PLC,0.96024
1776084641.502386,17.501007080078125,IO -> PLC,0.58772
1776084641.5183854,17.517006397247314,IO -> PLC,6.37982
1776084641.534385,17.533005952835083,IO -> PLC,3.67632
1776084641.5503843,17.549005270004272,IO -> PLC,0.88098
1776084641.5663848,17.565005779266357,IO -> PLC,0.75617
1776084641.582384,17.581005096435547,IO -> PLC,1.31442
1776084641.5983834,17.597004413604736,IO -> PLC,1.36889
1776084641.614383,17.613003969192505,IO -> PLC,1.59632
1776084641.6303823,17.629003286361694,IO -> PLC,0.74531
1776084641.6463828,17.64500379562378,IO -> PLC,2.5733
1776084641.6623821,17.66100311279297,IO -> PLC,2.42297
1776084641.6783817,17.677002668380737,IO -> PLC,1.34171
1776084641.694381,17.693001985549927,IO -> PLC,3.40539
1776084641.7103803,17.709001302719116,IO -> PLC,3.55394
1776084641.7263808,17.7250018119812,IO -> PLC,2.25443
1776084641.7423801,17.74100112915039,IO -> PLC,3.34231
1776084641.7583797,17.75700068473816,IO -> PLC,0.63665
1776084641.774379,17.77300000190735,IO -> PLC,2.81306
1776084641.7903795,17.789000511169434,IO -> PLC,3.1521
1776084641.8063788,17.804999828338623,IO -> PLC,1.28856
1776084641.8223782,17.820999145507812,IO -> PLC,2.83702
1776084641.8383777,17.83699870109558,IO -> PLC,3.01334
1776084641.854377,17.85299801826477,IO -> PLC,1.59287
1776084641.8703775,17.868998527526855,IO -> PLC,2.87323
1776084641.8863769,17.884997844696045,IO -> PLC,2.80473
1776084641.9023764,17.900997400283813,IO -> PLC,2.25269
1776084641.9183757,17.916996717453003,IO -> PLC,2.75071
1776084641.934375,17.932996034622192,IO -> PLC,2.44573
1776084641.9503756,17.948996543884277,IO -> PLC,3.92746
1776084641.9663749,17.964995861053467,IO -> PLC,0.6569
1776084641.9823744,17.980995416641235,IO -> PLC,2.97027
1776084641.9983737,17.996994733810425,IO -> PLC,2.83834
1776084642.0143743,18.01299524307251,IO -> PLC,1.47026
1776084642.0303736,18.0289945602417,IO -> PLC,2.6451
1776084642.046373,18.04499387741089,IO -> PLC,2.83358
1776084642.0623724,18.060993432998657,IO -> PLC,2.03585
1776084642.0783718,18.076992750167847,IO -> PLC,2.91467
1776084642.0943723,18.09299325942993,IO -> PLC,1.14123
1776084642.1103716,18.10899257659912,IO -> PLC,2.86289
1776084642.126371,18.12499189376831,IO -> PLC,2.62127
1776084642.1423705,18.14099144935608,IO -> PLC,1.63721
1776084642.1583698,18.15699076652527,IO -> PLC,2.78117
1776084642.1743703,18.172991275787354,IO -> PLC,2.93997
1776084642.1903696,18.188990592956543,IO -> PLC,2.24784
1776084642.2063692,18.20499014854431,IO -> PLC,2.8441
1776084642.2223685,18.2209894657135,IO -> PLC,2.72752
1776084642.238369,18.236989974975586,IO -> PLC,2.33949
1776084642.2543683,18.252989292144775,IO -> PLC,2.51388
1776084642.2703676,18.268988609313965,IO -> PLC,1.58903
1776084642.2863672,18.284988164901733,IO -> PLC,2.41762
1776084642.3023665,18.300987482070923,IO -> PLC,0.61336
1776084642.318367,18.316987991333008,IO -> PLC,2.23374
1776084642.3343663,18.332987308502197,IO -> PLC,1.53746
1776084642.3503656,18.348986625671387,IO -> PLC,1.03359
1776084642.3663652,18.364986181259155,IO -> PLC,3.47921
1776084642.3823645,18.380985498428345,IO -> PLC,2.00889
1776084642.398365,18.39698600769043,IO -> PLC,2.14104
1776084642.4143643,18.41298532485962,IO -> PLC,1.90678
1776084642.430364,18.428984880447388,IO -> PLC,1.2217
1776084642.4463632,18.444984197616577,IO -> PLC,2.88184
1776084642.4623635,18.460984468460083,IO -> PLC,2.86263
1776084642.478363,18.47698402404785,IO -> PLC,2.57052
1776084642.4943624,18.49298334121704,IO -> PLC,2.74283
1776084642.510362,18.50898289680481,IO -> PLC,0.97547
1776084642.5263612,18.524982213974,IO -> PLC,2.64905
1776084642.5423617,18.540982723236084,IO -> PLC,2.13813
1776084642.558361,18.556982040405273,IO -> PLC,1.91395
1776084642.5743606,18.572981595993042,IO -> PLC,2.28275
1776084642.59036,18.58898091316223,IO -> PLC,1.11333
1776084642.6063592,18.60498023033142,IO -> PLC,2.74172
1776084642.6223598,18.620980739593506,IO -> PLC,2.81259
1776084642.638359,18.636980056762695,IO -> PLC,1.49251
1776084642.6543584,18.652979373931885,IO -> PLC,2.72367
1776084642.670358,18.668978929519653,IO -> PLC,2.73806
1776084642.6863585,18.68497943878174,IO -> PLC,2.35628
1776084642.7023578,18.700978755950928,IO -> PLC,2.72604
1776084642.718357,18.716978073120117,IO -> PLC,0.91867
1776084642.7343566,18.732977628707886,IO -> PLC,2.53089
1776084642.750356,18.748976945877075,IO -> PLC,3.00401
1776084642.7663565,18.76497745513916,IO -> PLC,1.32249
1776084642.7823558,18.78097677230835,IO -> PLC,2.87311
1776084642.7983553,18.796976327896118,IO -> PLC,2.95726
1776084642.8143547,18.812975645065308,IO -> PLC,2.51187
1776084642.830354,18.828974962234497,IO -> PLC,2.54289
1776084642.8463545,18.844975471496582,IO -> PLC,1.23811
1776084642.8623538,18.86097478866577,IO -> PLC,3.15226
1776084642.8783534,18.87697434425354,IO -> PLC,3.18201
1776084642.8943527,18.89297366142273,IO -> PLC,2.23995
1776084642.9103532,18.908974170684814,IO -> PLC,3.37487
1776084642.9263525,18.924973487854004,IO -> PLC,0.76474
1776084642.9423518,18.940972805023193,IO -> PLC,2.95724
1776084642.9583514,18.956972360610962,IO -> PLC,3.63237
1776084642.9743507,18.97297167778015,IO -> PLC,1.56194
1776084642.9903512,18.988972187042236,IO -> PLC,3.57938
1776084643.0063505,19.004971504211426,IO -> PLC,0.59531
1776084643.0223498,19.020970821380615,IO -> PLC,2.78797
1776084643.0383494,19.036970376968384,IO -> PLC,3.64943
1776084643.0543487,19.052969694137573,IO -> PLC,3.83391
1776084643.0703492,19.068970203399658,IO -> PLC,6.24873
1776084643.0863485,19.084969520568848,IO -> PLC,3.05057
1776084643.102348,19.100969076156616,IO -> PLC,5.47347
1776084643.1183474,19.116968393325806,IO -> PLC,1.57632
1776084643.1343467,19.132967710494995,IO -> PLC,3.51896
1776084643.1503472,19.14896821975708,IO -> PLC,5.83545
1776084643.1663465,19.16496753692627,IO -> PLC,2.23391
1776084643.182346,19.180967092514038,IO -> PLC,5.21195
1776084643.1983454,19.196966409683228,IO -> PLC,1.61786
1776084643.214346,19.212966918945312,IO -> PLC,3.69666
1776084643.2303452,19.228966236114502,IO -> PLC,5.80859
1776084643.2463446,19.24496555328369,IO -> PLC,2.49786
1776084643.2623441,19.26096510887146,IO -> PLC,4.63011
1776084643.2783434,19.27696442604065,IO -> PLC,1.18946
1776084643.294344,19.292964935302734,IO -> PLC,3.17418
1776084643.3103433,19.308964252471924,IO -> PLC,5.48339
1776084643.3263428,19.324963808059692,IO -> PLC,2.17595
1776084643.3423421,19.340963125228882,IO -> PLC,4.08482
1776084643.3583415,19.35696244239807,IO -> PLC,0.76818
1776084643.374342,19.372962951660156,IO -> PLC,2.96275
1776084643.3903413,19.388962268829346,IO -> PLC,5.16148
1776084643.4063408,19.404961824417114,IO -> PLC,1.67986
1776084643.4223402,19.420961141586304,IO -> PLC,4.18173
1776084643.4383407,19.43696165084839,IO -> PLC,5.90339
1776084643.45434,19.452960968017578,IO -> PLC,2.39907
1776084643.4703393,19.468960285186768,IO -> PLC,4.92669
1776084643.4863389,19.484959840774536,IO -> PLC,1.34979
1776084643.5023382,19.500959157943726,IO -> PLC,3.1909
1776084643.5183387,19.51695966720581,IO -> PLC,5.38699
1776084643.534338,19.532958984375,IO -> PLC,1.8305
1776084643.5503373,19.54895830154419,IO -> PLC,4.08027
1776084643.5663369,19.564957857131958,IO -> PLC,5.27767
1776084643.5823362,19.580957174301147,IO -> PLC,2.93763
1776084643.5983367,19.596957683563232,IO -> PLC,5.18364
1776084643.614336,19.612957000732422,IO -> PLC,2.03893
1776084643.6303356,19.62895655632019,IO -> PLC,4.07181
1776084643.646335,19.64495587348938,IO -> PLC,0.63012
1776084643.6623354,19.660956382751465,IO -> PLC,2.53299
1776084643.6783347,19.676955699920654,IO -> PLC,4.87189
1776084643.6943343,19.692955255508423,IO -> PLC,1.18947
1776084643.7103336,19.708954572677612,IO -> PLC,3.44364
1776084643.726333,19.7249538898468,IO -> PLC,4.94202
1776084643.7423334,19.740954399108887,IO -> PLC,1.98859
1776084643.7583327,19.756953716278076,IO -> PLC,4.10651
1776084643.774332,19.772953033447266,IO -> PLC,0.7345
1776084643.7903316,19.788952589035034,IO -> PLC,2.9322
1776084643.806331,19.804951906204224,IO -> PLC,4.87187
1776084643.8223314,19.82095241546631,IO -> PLC,1.16409
1776084643.8383307,19.836951732635498,IO -> PLC,3.26961
1776084643.8543303,19.852951288223267,IO -> PLC,5.08536
1776084643.8703296,19.868950605392456,IO -> PLC,1.54648
1776084643.8863301,19.88495111465454,IO -> PLC,4.06754
1776084643.9023294,19.90095043182373,IO -> PLC,4.78556
1776084643.9183288,19.91694974899292,IO -> PLC,2.5984
1776084643.9343283,19.93294930458069,IO -> PLC,4.53184
1776084643.9503276,19.948948621749878,IO -> PLC,0.95095
1776084643.9663281,19.964949131011963,IO -> PLC,3.59522
1776084643.9823275,19.980948448181152,IO -> PLC,5.03423
1776084643.998327,19.99694800376892,IO -> PLC,2.37777
1776084644.0143263,20.01294732093811,IO -> PLC,4.40537
1776084644.0303257,20.0289466381073,IO -> PLC,0.90953
1776084644.0463262,20.044947147369385,IO -> PLC,2.7816
1776084644.0623255,20.060946464538574,IO -> PLC,4.99465
1776084644.078325,20.076946020126343,IO -> PLC,1.77745
1776084644.0943244,20.092945337295532,IO -> PLC,4.02106
1776084644.1103249,20.108945846557617,IO -> PLC,5.13757
1776084644.1263242,20.124945163726807,IO -> PLC,2.71266
1776084644.1423235,20.140944480895996,IO -> PLC,4.56425
1776084644.158323,20.156944036483765,IO -> PLC,1.1296
1776084644.1743224,20.172943353652954,IO -> PLC,3.09399
1776084644.1903229,20.18894386291504,IO -> PLC,4.92414
1776084644.2063222,20.20494318008423,IO -> PLC,1.86424
1776084644.2223217,20.220942735671997,IO -> PLC,3.80407
1776084644.238321,20.236942052841187,IO -> PLC,4.41345
1776084644.2543204,20.252941370010376,IO -> PLC,2.19029
1776084644.270321,20.26894187927246,IO -> PLC,4.32174
1776084644.2863202,20.28494119644165,IO -> PLC,0.80917
1776084644.3023198,20.30094075202942,IO -> PLC,3.02126
1776084644.318319,20.31694006919861,IO -> PLC,4.2605
1776084644.3343196,20.332940578460693,IO -> PLC,1.34003
1776084644.350319,20.348939895629883,IO -> PLC,3.66885
1776084644.3663182,20.364939212799072,IO -> PLC,4.9061
1776084644.3823178,20.38093876838684,IO -> PLC,2.97696
1776084644.398317,20.39693808555603,IO -> PLC,4.69934
1776084644.4143176,20.412938594818115,IO -> PLC,1.37942
1776084644.430317,20.428937911987305,IO -> PLC,3.4267
1776084644.4463162,20.444937229156494,IO -> PLC,5.46975
1776084644.4623158,20.460936784744263,IO -> PLC,1.96365
1776084644.478315,20.476936101913452,IO -> PLC,4.42151
1776084644.4943156,20.492936611175537,IO -> PLC,0.80477
1776084644.510315,20.508935928344727,IO -> PLC,3.16719
1776084644.5263145,20.524935483932495,IO -> PLC,5.33343
1776084644.5423138,20.540934801101685,IO -> PLC,1.81799
1776084644.5583131,20.556934118270874,IO -> PLC,4.162
1776084644.5743136,20.57293462753296,IO -> PLC,1.10545
1776084644.590313,20.58893394470215,IO -> PLC,4.07629
1776084644.6063125,20.604933500289917,IO -> PLC,5.128
1776084644.6223118,20.620932817459106,IO -> PLC,2.66941
1776084644.6383123,20.63693332672119,IO -> PLC,4.89269
1776084644.6543117,20.65293264389038,IO -> PLC,1.10179
1776084644.670311,20.66893196105957,IO -> PLC,3.26067
1776084644.6863105,20.68493151664734,IO -> PLC,5.23019
1776084644.7023098,20.70093083381653,IO -> PLC,2.01372
1776084644.7183104,20.716931343078613,IO -> PLC,4.09772
1776084644.7343097,20.732930660247803,IO -> PLC,0.68251
1776084644.7503092,20.74893021583557,IO -> PLC,2.87747
1776084644.7663085,20.76492953300476,IO -> PLC,4.98708
1776084644.782309,20.780930042266846,IO -> PLC,1.47971
1776084644.7983084,20.796929359436035,IO -> PLC,4.02341
1776084644.814308,20.812928915023804,IO -> PLC,0.66277
1776084644.8303072,20.828928232192993,IO -> PLC,2.87277
1776084644.8463066,20.844927549362183,IO -> PLC,4.70796
1776084644.862307,20.860928058624268,IO -> PLC,1.26956
1776084644.8783064,20.876927375793457,IO -> PLC,3.42317
1776084644.8943057,20.892926692962646,IO -> PLC,5.50413
1776084644.9103053,20.908926248550415,IO -> PLC,1.85035
1776084644.9263046,20.924925565719604,IO -> PLC,3.89355
1776084644.942305,20.94092607498169,IO -> PLC,5.83514
1776084644.9583044,20.95692539215088,IO -> PLC,2.23385
1776084644.974304,20.972924947738647,IO -> PLC,4.73355
1776084644.9903033,20.988924264907837,IO -> PLC,1.25826
1776084645.0063038,21.004924774169922,IO -> PLC,3.51219
1776084645.022303,21.02092409133911,IO -> PLC,5.55011
1776084645.0383024,21.0369234085083,IO -> PLC,2.04707
1776084645.054302,21.05292296409607,IO -> PLC,0.71491
1776084645.0703013,21.06892228126526,IO -> PLC,2.92788
1776084645.0863018,21.084922790527344,IO -> PLC,5.30693
1776084645.1023011,21.100922107696533,IO -> PLC,1.68515
1776084645.1183007,21.1169216632843,IO -> PLC,3.61236
1776084645.1343,21.13292098045349,IO -> PLC,5.76092
1776084645.1502993,21.14892029762268,IO -> PLC,2.21275
1776084645.1662998,21.164920806884766,IO -> PLC,4.29883
1776084645.1822991,21.180920124053955,IO -> PLC,1.2926
1776084645.1982985,21.196919441223145,IO -> PLC,3.2986
1776084645.214298,21.212918996810913,IO -> PLC,5.38885
1776084645.2302973,21.228918313980103,IO -> PLC,1.97892
1776084645.2462978,21.244918823242188,IO -> PLC,4.05772
1776084645.2622972,21.260918140411377,IO -> PLC,6.08644
1776084645.2782967,21.276917695999146,IO -> PLC,2.83436
1776084645.294296,21.292917013168335,IO -> PLC,4.7402
1776084645.3102965,21.30891752243042,IO -> PLC,1.32835
1776084645.3262959,21.32491683959961,IO -> PLC,3.20738
1776084645.3422954,21.340916395187378,IO -> PLC,5.20754
1776084645.3582947,21.356915712356567,IO -> PLC,1.55688
1776084645.374294,21.372915029525757,IO -> PLC,4.13883
1776084645.3902946,21.388915538787842,IO -> PLC,6.24739
1776084645.4062939,21.40491485595703,IO -> PLC,3.04643
1776084645.4222934,21.4209144115448,IO -> PLC,5.05147
1776084645.4382927,21.43691372871399,IO -> PLC,1.37745
1776084645.454292,21.45291304588318,IO -> PLC,3.3949
1776084645.4702926,21.468913555145264,IO -> PLC,6.11381
1776084645.486292,21.484912872314453,IO -> PLC,2.64659
1776084645.5022914,21.50091242790222,IO -> PLC,4.75916
1776084645.5182908,21.51691174507141,IO -> PLC,1.03097
1776084645.5342913,21.532912254333496,IO -> PLC,3.06978
1776084645.5502906,21.548911571502686,IO -> PLC,5.08218
1776084645.56629,21.564910888671875,IO -> PLC,1.49
1776084645.5822895,21.580910444259644,IO -> PLC,4.0277
1776084645.5982888,21.596909761428833,IO -> PLC,0.86466
1776084645.6142893,21.612910270690918,IO -> PLC,2.98044
1776084645.6302886,21.628909587860107,IO -> PLC,5.005
1776084645.6462882,21.644909143447876,IO -> PLC,1.4773
1776084645.6622875,21.660908460617065,IO -> PLC,3.44554
1776084645.6782868,21.676907777786255,IO -> PLC,5.9342
1776084645.6942873,21.69290828704834,IO -> PLC,2.29083
1776084645.7102866,21.70890760421753,IO -> PLC,4.5766
1776084645.7262862,21.724907159805298,IO -> PLC,1.30195
1776084645.7422855,21.740906476974487,IO -> PLC,3.36627
1776084645.758286,21.756906986236572,IO -> PLC,5.42684
1776084645.7742853,21.77290630340576,IO -> PLC,1.99434
1776084645.7902846,21.78890562057495,IO -> PLC,4.21572
1776084645.8062842,21.80490517616272,IO -> PLC,6.28028
1776084645.8222835,21.82090449333191,IO -> PLC,2.72803
1776084645.838284,21.836905002593994,IO -> PLC,4.69522
1776084645.8542833,21.852904319763184,IO -> PLC,0.83079
1776084645.870283,21.868903875350952,IO -> PLC,2.8216
1776084645.8862822,21.88490319252014,IO -> PLC,5.45355
1776084645.9022815,21.90090250968933,IO -> PLC,1.82232
1776084645.918282,21.916903018951416,IO -> PLC,3.95553
1776084645.9342813,21.932902336120605,IO -> PLC,5.844
1776084645.950281,21.948901891708374,IO -> PLC,2.37872
1776084645.9662802,21.964901208877563,IO -> PLC,4.56328
1776084645.9822807,21.98090171813965,IO -> PLC,1.26184
1776084645.99828,21.996901035308838,IO -> PLC,3.25368
1776084646.0142794,22.012900352478027,IO -> PLC,5.62137
1776084646.030279,22.028899908065796,IO -> PLC,2.12745
1776084646.0462782,22.044899225234985,IO -> PLC,4.33753
1776084646.0622787,22.06089973449707,IO -> PLC,0.61223
1776084646.078278,22.07689905166626,IO -> PLC,2.90408
1776084646.0942774,22.09289836883545,IO -> PLC,4.94408
1776084646.110277,22.108897924423218,IO -> PLC,1.35191
1776084646.1262763,22.124897241592407,IO -> PLC,3.41551
1776084646.1422768,22.140897750854492,IO -> PLC,5.47503
1776084646.158276,22.15689706802368,IO -> PLC,1.71789
1776084646.1742756,22.17289662361145,IO -> PLC,4.22167
1776084646.190275,22.18889594078064,IO -> PLC,0.6367
1776084646.2062755,22.204896450042725,IO -> PLC,3.23688
1776084646.2222748,22.220895767211914,IO -> PLC,5.29425
1776084646.2382743,22.236895322799683,IO -> PLC,1.39389
1776084646.2542737,22.252894639968872,IO -> PLC,3.6919
1776084646.270273,22.26889395713806,IO -> PLC,5.91944
1776084646.2862735,22.284894466400146,IO -> PLC,2.26878
1776084646.3022728,22.300893783569336,IO -> PLC,4.25646
1776084646.318272,22.316893100738525,IO -> PLC,0.98301
1776084646.3342717,22.332892656326294,IO -> PLC,3.18878
1776084646.350271,22.348891973495483,IO -> PLC,5.47959
1776084646.3662715,22.36489248275757,IO -> PLC,1.93255
1776084646.3822708,22.380891799926758,IO -> PLC,4.65674
1776084646.3982704,22.396891355514526,IO -> PLC,1.12376
1776084646.4142697,22.412890672683716,IO -> PLC,3.1352
1776084646.4302702,22.4288911819458,IO -> PLC,5.34729
1776084646.4462695,22.44489049911499,IO -> PLC,1.57887
1776084646.4622688,22.46088981628418,IO -> PLC,3.76832
1776084646.4782684,22.47688937187195,IO -> PLC,0.5868
1776084646.4942677,22.492888689041138,IO -> PLC,2.72304
1776084646.5102682,22.508889198303223,IO -> PLC,4.51727
1776084646.5262675,22.524888515472412,IO -> PLC,1.24967
1776084646.542267,22.54088807106018,IO -> PLC,3.18119
1776084646.5582664,22.55688738822937,IO -> PLC,5.48944
1776084646.5742657,22.57288670539856,IO -> PLC,2.07951
1776084646.5902662,22.588887214660645,IO -> PLC,4.31928
1776084646.6062655,22.604886531829834,IO -> PLC,6.16264
1776084646.6222649,22.620885848999023,IO -> PLC,2.72319
1776084646.6382644,22.636885404586792,IO -> PLC,4.56334
1776084646.6542637,22.65288472175598,IO -> PLC,0.82171
1776084646.6702642,22.668885231018066,IO -> PLC,2.76851
1776084646.6862636,22.684884548187256,IO -> PLC,5.32254
1776084646.702263,22.700884103775024,IO -> PLC,1.41507
1776084646.7182624,22.716883420944214,IO -> PLC,3.54627
1776084646.734263,22.7328839302063,IO -> PLC,5.61171
1776084646.7502623,22.74888324737549,IO -> PLC,1.99793
1776084646.7662618,22.764882802963257,IO -> PLC,4.07499
1776084646.7822611,22.780882120132446,IO -> PLC,0.7233
1776084646.7982605,22.796881437301636,IO -> PLC,3.04187
1776084646.814261,22.81288194656372,IO -> PLC,5.05011
1776084646.8302603,22.82888126373291,IO -> PLC,1.77122
1776084646.8462598,22.84488081932068,IO -> PLC,3.77538
1776084646.8622591,22.860880136489868,IO -> PLC,5.68339
1776084646.8782585,22.876879453659058,IO -> PLC,2.41274
1776084646.894259,22.892879962921143,IO -> PLC,4.63003
1776084646.9102583,22.908879280090332,IO -> PLC,0.99057
1776084646.9262578,22.9248788356781,IO -> PLC,3.13306
1776084646.9422572,22.94087815284729,IO -> PLC,5.03794
1776084646.9582577,22.956878662109375,IO -> PLC,1.4568
1776084646.974257,22.972877979278564,IO -> PLC,3.75393
1776084646.9902565,22.988877534866333,IO -> PLC,5.9897
1776084647.0062559,23.004876852035522,IO -> PLC,3.89455
1776084647.0222552,23.020876169204712,IO -> PLC,6.03176
1776084647.0382557,23.036876678466797,IO -> PLC,2.19797
1776084647.054255,23.052875995635986,IO -> PLC,1.08287
1776084647.0702546,23.068875551223755,IO -> PLC,2.08466
1776084647.086254,23.084874868392944,IO -> PLC,0.6837
1776084647.1022532,23.100874185562134,IO -> PLC,2.05928
1776084647.1182537,23.11687469482422,IO -> PLC,1.98462
1776084647.134253,23.132874011993408,IO -> PLC,1.48907
1776084647.1502526,23.148873567581177,IO -> PLC,1.86507
1776084647.166252,23.164872884750366,IO -> PLC,1.88562
1776084647.1822524,23.18087339401245,IO -> PLC,1.87441
1776084647.1982517,23.19687271118164,IO -> PLC,2.04465
1776084647.214251,23.21287202835083,IO -> PLC,1.21115
1776084647.2302506,23.2288715839386,IO -> PLC,1.88821
1776084647.24625,23.244870901107788,IO -> PLC,2.23349
1776084647.2622504,23.260871410369873,IO -> PLC,1.89947
1776084647.2782497,23.276870727539062,IO -> PLC,2.13011
1776084647.2942493,23.29287028312683,IO -> PLC,2.12018
1776084647.3102486,23.30886960029602,IO -> PLC,1.95439
1776084647.326248,23.32486891746521,IO -> PLC,1.89622
1776084647.3422484,23.340869426727295,IO -> PLC,1.11802
1776084647.3582478,23.356868743896484,IO -> PLC,1.96092
1776084647.3742473,23.372868299484253,IO -> PLC,1.93131
1776084647.3902466,23.388867616653442,IO -> PLC,2.0369
1776084647.4062471,23.404868125915527,IO -> PLC,2.06881
1776084647.4222465,23.420867443084717,IO -> PLC,1.91231
1776084647.4382458,23.436866760253906,IO -> PLC,1.76805
1776084647.4542453,23.452866315841675,IO -> PLC,2.00869
1776084647.4702446,23.468865633010864,IO -> PLC,1.47729
1776084647.4862452,23.48486614227295,IO -> PLC,1.61169
1776084647.5022445,23.50086545944214,IO -> PLC,1.87288
1776084647.518244,23.516865015029907,IO -> PLC,1.67247
1776084647.5342433,23.532864332199097,IO -> PLC,1.81278
1776084647.5502427,23.548863649368286,IO -> PLC,0.84928
1776084647.5662432,23.56486415863037,IO -> PLC,2.77856
1776084647.5822425,23.58086347579956,IO -> PLC,1.7057
1776084647.598242,23.59686303138733,IO -> PLC,1.40064
1776084647.6142414,23.61286234855652,IO -> PLC,1.88913
1776084647.6302419,23.628862857818604,IO -> PLC,1.96112
1776084647.6462412,23.644862174987793,IO -> PLC,2.10351
1776084647.6622407,23.66086173057556,IO -> PLC,1.96525
1776084647.67824,23.67686104774475,IO -> PLC,1.23929
1776084647.6942394,23.69286036491394,IO -> PLC,1.87347
1776084647.71024,23.708860874176025,IO -> PLC,2.14698
1776084647.7262392,23.724860191345215,IO -> PLC,1.67391
1776084647.7422385,23.740859508514404,IO -> PLC,2.10431
1776084647.758238,23.756859064102173,IO -> PLC,2.15759
1776084647.7742374,23.772858381271362,IO -> PLC,2.11686
1776084647.790238,23.788858890533447,IO -> PLC,1.88131
1776084647.8062372,23.804858207702637,IO -> PLC,1.04366
1776084647.8222368,23.820857763290405,IO -> PLC,2.09465
1776084647.838236,23.836857080459595,IO -> PLC,1.99137
1776084647.8542366,23.85285758972168,IO -> PLC,1.61853
1776084647.870236,23.86885690689087,IO -> PLC,1.77357
1776084647.8862355,23.884856462478638,IO -> PLC,1.75827
1776084647.9022348,23.900855779647827,IO -> PLC,1.83922
1776084647.918234,23.916855096817017,IO -> PLC,2.14563
1776084647.9342346,23.9328556060791,IO -> PLC,0.67923
1776084647.950234,23.94885492324829,IO -> PLC,2.18273
1776084647.9662335,23.96485447883606,IO -> PLC,2.15415
1776084647.9822328,23.98085379600525,IO -> PLC,2.03541
1776084647.9982321,23.99685311317444,IO -> PLC,2.15341
1776084648.0142326,24.012853622436523,IO -> PLC,0.61013
1776084648.030232,24.028852939605713,IO -> PLC,2.69541
1776084648.0462315,24.04485249519348,IO -> PLC,2.70988
1776084648.0622308,24.06085181236267,IO -> PLC,1.60597
1776084648.0782313,24.076852321624756,IO -> PLC,2.53993
1776084648.0942307,24.092851638793945,IO -> PLC,0.74392
1776084648.11023,24.108850955963135,IO -> PLC,2.50854
1776084648.1262295,24.124850511550903,IO -> PLC,2.309
1776084648.1422288,24.140849828720093,IO -> PLC,1.36998
1776084648.1582294,24.156850337982178,IO -> PLC,2.49459
1776084648.1742287,24.172849655151367,IO -> PLC,2.41881
1776084648.1902282,24.188849210739136,IO -> PLC,2.08414
1776084648.2062275,24.204848527908325,IO -> PLC,2.59935
1776084648.2222269,24.220847845077515,IO -> PLC,0.74589
1776084648.2382274,24.2368483543396,IO -> PLC,2.41133
1776084648.2542267,24.25284767150879,IO -> PLC,2.44211
1776084648.2702262,24.268847227096558,IO -> PLC,1.25516
1776084648.2862256,24.284846544265747,IO -> PLC,2.40952
1776084648.302226,24.300847053527832,IO -> PLC,2.39639
1776084648.3182254,24.31684637069702,IO -> PLC,2.22238
1776084648.3342247,24.33284568786621,IO -> PLC,2.34445
1776084648.3502243,24.34884524345398,IO -> PLC,0.71316
1776084648.3662236,24.36484456062317,IO -> PLC,2.40818
1776084648.382224,24.380845069885254,IO -> PLC,2.26184
1776084648.3982234,24.396844387054443,IO -> PLC,2.02231
1776084648.414223,24.412843942642212,IO -> PLC,2.30719
1776084648.4302223,24.4288432598114,IO -> PLC,0.96671
1776084648.4462216,24.44484257698059,IO -> PLC,3.05903
1776084648.462222,24.460843086242676,IO -> PLC,3.05414
1776084648.4782214,24.476842403411865,IO -> PLC,2.07001
1776084648.494221,24.492841958999634,IO -> PLC,2.54114
1776084648.5102203,24.508841276168823,IO -> PLC,0.70928
1776084648.5262196,24.524840593338013,IO -> PLC,2.63984
1776084648.54222,24.540841102600098,IO -> PLC,2.73095
1776084648.5582194,24.556840419769287,IO -> PLC,1.36191
1776084648.574219,24.572839975357056,IO -> PLC,2.87477
1776084648.5902183,24.588839292526245,IO -> PLC,2.73435
1776084648.6062188,24.60483980178833,IO -> PLC,2.20912
1776084648.6222181,24.62083911895752,IO -> PLC,2.59456
1776084648.6382174,24.63683843612671,IO -> PLC,2.44198
1776084648.654217,24.652837991714478,IO -> PLC,2.49846
1776084648.6702163,24.668837308883667,IO -> PLC,2.43708
1776084648.6862168,24.684837818145752,IO -> PLC,1.075
1776084648.7022161,24.70083713531494,IO -> PLC,2.38825
1776084648.7182157,24.71683669090271,IO -> PLC,2.59825
1776084648.734215,24.7328360080719,IO -> PLC,1.96437
1776084648.7502143,24.74883532524109,IO -> PLC,2.87008
1776084648.7662148,24.764835834503174,IO -> PLC,2.75246
1776084648.7822144,24.780835390090942,IO -> PLC,2.70828
1776084648.7982137,24.796834707260132,IO -> PLC,2.78723
1776084648.814213,24.81283402442932,IO -> PLC,1.38461
1776084648.8302135,24.828834533691406,IO -> PLC,2.77234
1776084648.8462129,24.844833850860596,IO -> PLC,2.94233
1776084648.8622122,24.860833168029785,IO -> PLC,1.88363
1776084648.8782117,24.876832723617554,IO -> PLC,3.258
1776084648.894211,24.892832040786743,IO -> PLC,3.19055
1776084648.9102116,24.908832550048828,IO -> PLC,2.49418
1776084648.9262109,24.924831867218018,IO -> PLC,2.99419
1776084648.9422104,24.940831422805786,IO -> PLC,0.8468
1776084648.9582098,24.956830739974976,IO -> PLC,3.22265
1776084648.974209,24.972830057144165,IO -> PLC,3.34986
1776084648.9902096,24.98883056640625,IO -> PLC,1.72577
1776084649.006209,25.00482988357544,IO -> PLC,3.15758
1776084649.0222085,25.020829439163208,IO -> PLC,3.22541
1776084649.0382078,25.036828756332397,IO -> PLC,2.37136
1776084649.0542083,25.052829265594482,IO -> PLC,1.28074
1776084649.0702076,25.068828582763672,IO -> PLC,3.20922
1776084649.0862072,25.08482813835144,IO -> PLC,5.8146
1776084649.1022065,25.10082745552063,IO -> PLC,1.97641
1776084649.1182058,25.11682677268982,IO -> PLC,4.13554
1776084649.1342063,25.132827281951904,IO -> PLC,0.74594
1776084649.1502056,25.148826599121094,IO -> PLC,2.8433
1776084649.166205,25.164825916290283,IO -> PLC,4.93554
1776084649.1822045,25.18082547187805,IO -> PLC,2.00683
1776084649.1982038,25.19682478904724,IO -> PLC,4.13196
1776084649.2142043,25.212825298309326,IO -> PLC,5.56882
1776084649.2302036,25.228824615478516,IO -> PLC,2.73739
1776084649.2462032,25.244824171066284,IO -> PLC,4.72427
1776084649.2622025,25.260823488235474,IO -> PLC,1.45563
1776084649.278203,25.27682399749756,IO -> PLC,3.60099
1776084649.2942023,25.292823314666748,IO -> PLC,5.88277
1776084649.310202,25.308822870254517,IO -> PLC,2.40516
1776084649.3262012,25.324822187423706,IO -> PLC,4.45852
1776084649.3422005,25.340821504592896,IO -> PLC,0.93394
1776084649.358201,25.35682201385498,IO -> PLC,2.99242
1776084649.3742003,25.37282133102417,IO -> PLC,5.19724
1776084649.3902,25.38882088661194,IO -> PLC,1.57114
1776084649.4061992,25.404820203781128,IO -> PLC,3.70234
1776084649.4221985,25.420819520950317,IO -> PLC,5.67066
1776084649.438199,25.436820030212402,IO -> PLC,1.87671
1776084649.4541984,25.452819347381592,IO -> PLC,3.97409
1776084649.470198,25.46881890296936,IO -> PLC,6.40122
1776084649.4861972,25.48481822013855,IO -> PLC,2.68608
1776084649.5021977,25.500818729400635,IO -> PLC,4.85832
1776084649.518197,25.516818046569824,IO -> PLC,1.15238
1776084649.5341964,25.532817363739014,IO -> PLC,3.41048
1776084649.550196,25.548816919326782,IO -> PLC,5.47816
1776084649.5661952,25.56481623649597,IO -> PLC,2.04479
1776084649.5821958,25.580816745758057,IO -> PLC,4.36136
1776084649.598195,25.596816062927246,IO -> PLC,1.33929
1776084649.6141946,25.612815618515015,IO -> PLC,3.29241
1776084649.630194,25.628814935684204,IO -> PLC,5.62323
1776084649.6461933,25.644814252853394,IO -> PLC,1.8764
1776084649.6621938,25.66081476211548,IO -> PLC,3.96968
1776084649.678193,25.676814079284668,IO -> PLC,2.21783
1776084649.6941926,25.692813634872437,IO -> PLC,4.41329
1776084649.710192,25.708812952041626,IO -> PLC,0.86199
1776084649.7261925,25.72481346130371,IO -> PLC,2.99743
1776084649.7421918,25.7408127784729,IO -> PLC,4.89495
1776084649.758191,25.75681209564209,IO -> PLC,1.25364
1776084649.7741907,25.77281165122986,IO -> PLC,3.66431
1776084649.79019,25.788810968399048,IO -> PLC,5.75879
1776084649.8061905,25.804811477661133,IO -> PLC,2.11717
1776084649.8221898,25.820810794830322,IO -> PLC,4.14389
1776084649.8381894,25.83681035041809,IO -> PLC,6.15437
1776084649.8541887,25.85280966758728,IO -> PLC,2.36763
1776084649.870188,25.86880898475647,IO -> PLC,4.91245
1776084649.8861885,25.884809494018555,IO -> PLC,1.17779
1776084649.9021878,25.900808811187744,IO -> PLC,3.49956
1776084649.9181874,25.916808366775513,IO -> PLC,5.4514
1776084649.9341867,25.932807683944702,IO -> PLC,2.14276
1776084649.950186,25.94880700111389,IO -> PLC,4.09276
1776084649.9661865,25.964807510375977,IO -> PLC,0.87131
1776084649.9821858,25.980806827545166,IO -> PLC,3.09044
1776084649.9981854,25.996806383132935,IO -> PLC,5.25317
1776084650.0141847,26.012805700302124,IO -> PLC,1.65612
1776084650.0301852,26.02880620956421,IO -> PLC,3.78532
1776084650.0461845,26.0448055267334,IO -> PLC,6.04533
1776084650.0621839,26.060804843902588,IO -> PLC,2.57908
1776084650.0781834,26.076804399490356,IO -> PLC,5.24879
1776084650.0941827,26.092803716659546,IO -> PLC,1.58286
1776084650.1101832,26.10880422592163,IO -> PLC,3.78782
1776084650.1261826,26.12480354309082,IO -> PLC,5.65365
1776084650.142182,26.14080309867859,IO -> PLC,2.21812
1776084650.1581814,26.15680241584778,IO -> PLC,4.07699
1776084650.1741807,26.172801733016968,IO -> PLC,6.37918
1776084650.1901813,26.188802242279053,IO -> PLC,2.67027
1776084650.2061808,26.20480179786682,IO -> PLC,4.92428
1776084650.2221801,26.22080111503601,IO -> PLC,1.08209
1776084650.2381794,26.2368004322052,IO -> PLC,3.3597
1776084650.25418,26.252800941467285,IO -> PLC,5.35875
1776084650.2701793,26.268800258636475,IO -> PLC,1.64056
1776084650.2861786,26.284799575805664,IO -> PLC,3.82729
1776084650.3021781,26.300799131393433,IO -> PLC,6.08722
1776084650.3181775,26.316798448562622,IO -> PLC,2.52872
1776084650.334178,26.332798957824707,IO -> PLC,4.60889
1776084650.3501773,26.348798274993896,IO -> PLC,0.95519
1776084650.3661768,26.364797830581665,IO -> PLC,3.01975
1776084650.3821762,26.380797147750854,IO -> PLC,5.64354
1776084650.3981757,26.396796703338623,IO -> PLC,2.0604
1776084650.414176,26.41279697418213,IO -> PLC,4.3729
1776084650.4301753,26.42879629135132,IO -> PLC,0.70496
1776084650.4461749,26.444795846939087,IO -> PLC,2.75424
1776084650.4621742,26.460795164108276,IO -> PLC,4.74192
1776084650.4781747,26.47679567337036,IO -> PLC,1.69656
1776084650.494174,26.49279499053955,IO -> PLC,3.73249
1776084650.5101736,26.50879454612732,IO -> PLC,5.85122
1776084650.5261729,26.52479386329651,IO -> PLC,2.294
1776084650.5421722,26.5407931804657,IO -> PLC,4.22743
1776084650.5581727,26.556793689727783,IO -> PLC,0.98135
1776084650.574172,26.572793006896973,IO -> PLC,3.5201
1776084650.5901713,26.588792324066162,IO -> PLC,5.57138
1776084650.606171,26.60479187965393,IO -> PLC,2.08049
1776084650.6221702,26.62079119682312,IO -> PLC,4.10617
1776084650.6381707,26.636791706085205,IO -> PLC,6.09193
1776084650.65417,26.652791023254395,IO -> PLC,2.33799
1776084650.6701696,26.668790578842163,IO -> PLC,4.29407
1776084650.686169,26.684789896011353,IO -> PLC,1.17391
1776084650.7021694,26.700790405273438,IO -> PLC,3.12582
1776084650.7181687,26.716789722442627,IO -> PLC,5.32655
1776084650.7341683,26.732789278030396,IO -> PLC,1.6423
1776084650.7501676,26.748788595199585,IO -> PLC,3.76318
1776084650.766167,26.764787912368774,IO -> PLC,5.71414
1776084650.7821674,26.78078842163086,IO -> PLC,2.47629
1776084650.7981668,26.79678773880005,IO -> PLC,5.05792
1776084650.8141663,26.812787294387817,IO -> PLC,1.66032
1776084650.8301656,26.828786611557007,IO -> PLC,3.62543
1776084650.846165,26.844785928726196,IO -> PLC,5.86112
1776084650.8621655,26.86078643798828,IO -> PLC,2.08862
1776084650.8781648,26.87678575515747,IO -> PLC,4.66728
1776084650.8941643,26.89278531074524,IO -> PLC,0.96967
1776084650.9101636,26.90878462791443,IO -> PLC,3.07007
1776084650.9261642,26.924785137176514,IO -> PLC,4.99438
1776084650.9421635,26.940784454345703,IO -> PLC,1.36948
1776084650.9581628,26.956783771514893,IO -> PLC,3.40221
1776084650.9741623,26.97278332710266,IO -> PLC,5.47613
1776084650.9901617,26.98878264427185,IO -> PLC,2.04676
1776084651.0061622,27.004783153533936,IO -> PLC,4.04668
1776084651.0221615,27.020782470703125,IO -> PLC,6.25277
1776084651.038161,27.036782026290894,IO -> PLC,2.68708
1776084651.0541604,27.052781343460083,IO -> PLC,1.81374
1776084651.0701597,27.068780660629272,IO -> PLC,3.81574
1776084651.0861602,27.084781169891357,IO -> PLC,1.20577
1776084651.1021595,27.100780487060547,IO -> PLC,3.66763
1776084651.118159,27.116780042648315,IO -> PLC,5.77108
1776084651.1341584,27.132779359817505,IO -> PLC,2.4954
1776084651.150159,27.14877986907959,IO -> PLC,4.83429
1776084651.1661582,27.16477918624878,IO -> PLC,1.39068
1776084651.1821575,27.18077850341797,IO -> PLC,3.9755
1776084651.198157,27.196778059005737,IO -> PLC,5.99703
1776084651.2141564,27.212777376174927,IO -> PLC,2.46509
1776084651.230157,27.22877788543701,IO -> PLC,4.59022
1776084651.2461562,27.2447772026062,IO -> PLC,0.84659
1776084651.2621558,27.26077675819397,IO -> PLC,2.93667
1776084651.278155,27.27677607536316,IO -> PLC,5.01349
1776084651.2941544,27.29277539253235,IO -> PLC,1.51867
1776084651.310155,27.308775901794434,IO -> PLC,3.34794
1776084651.3261542,27.324775218963623,IO -> PLC,5.4041
1776084651.3421538,27.34077477455139,IO -> PLC,1.99521
1776084651.358153,27.35677409172058,IO -> PLC,4.46644
1776084651.3741524,27.37277340888977,IO -> PLC,6.51676
1776084651.390153,27.388773918151855,IO -> PLC,3.10971
1776084651.4061522,27.404773235321045,IO -> PLC,5.04226
1776084651.4221518,27.420772790908813,IO -> PLC,1.35984
1776084651.4381511,27.436772108078003,IO -> PLC,3.38353
1776084651.4541516,27.452772617340088,IO -> PLC,5.52697
1776084651.470151,27.468771934509277,IO -> PLC,1.61014
1776084651.4861503,27.484771251678467,IO -> PLC,4.1008
1776084651.5021498,27.500770807266235,IO -> PLC,6.17032
1776084651.5181491,27.516770124435425,IO -> PLC,2.34062
1776084651.5341496,27.53277063369751,IO -> PLC,4.40518
1776084651.550149,27.5487699508667,IO -> PLC,0.7914
1776084651.5661485,27.564769506454468,IO -> PLC,2.83788
1776084651.5821478,27.580768823623657,IO -> PLC,5.12869
1776084651.5981483,27.596769332885742,IO -> PLC,1.87646
1776084651.6141477,27.61276865005493,IO -> PLC,3.83134
1776084651.6301472,27.6287682056427,IO -> PLC,6.20319
1776084651.6461465,27.64476752281189,IO -> PLC,2.59253
1776084651.6621459,27.66076683998108,IO -> PLC,4.67758
1776084651.6781464,27.676767349243164,IO -> PLC,1.54214
1776084651.6941457,27.692766666412354,IO -> PLC,3.5771
1776084651.710145,27.708765983581543,IO -> PLC,5.5739
1776084651.7261446,27.72476553916931,IO -> PLC,1.97972
1776084651.7421439,27.7407648563385,IO -> PLC,4.28702
1776084651.7581444,27.756765365600586,IO -> PLC,0.98062
1776084651.7741437,27.772764682769775,IO -> PLC,3.21111
1776084651.7901433,27.788764238357544,IO -> PLC,5.72617
1776084651.8061426,27.804763555526733,IO -> PLC,1.89438
1776084651.822143,27.82076406478882,IO -> PLC,4.00703
1776084651.8381424,27.836763381958008,IO -> PLC,6.01943
1776084651.8541417,27.852762699127197,IO -> PLC,2.1446
1776084651.8701413,27.868762254714966,IO -> PLC,4.19292
1776084651.8861406,27.884761571884155,IO -> PLC,0.78187
1776084651.902141,27.90076208114624,IO -> PLC,2.90796
1776084651.9181404,27.91676139831543,IO -> PLC,4.81891
1776084651.93414,27.9327609539032,IO -> PLC,1.3617
1776084651.9501393,27.948760271072388,IO -> PLC,3.22161
1776084651.9661386,27.964759588241577,IO -> PLC,5.66211
1776084651.982139,27.980760097503662,IO -> PLC,2.20611
1776084651.9981384,27.99675941467285,IO -> PLC,4.59012
1776084652.0141377,28.01275873184204,IO -> PLC,0.87202
1776084652.0301373,28.02875828742981,IO -> PLC,3.22115
1776084652.0461366,28.044757604599,IO -> PLC,5.30011
1776084652.0621371,28.060758113861084,IO -> PLC,1.81651
1776084652.0781364,28.076757431030273,IO -> PLC,4.63583
1776084652.094136,28.092756986618042,IO -> PLC,1.08069
1776084652.1101353,28.10875630378723,IO -> PLC,3.07645
1776084652.1261358,28.124756813049316,IO -> PLC,5.2323
1776084652.1421351,28.140756130218506,IO -> PLC,1.51804
1776084652.1581347,28.156755685806274,IO -> PLC,3.50387
1776084652.174134,28.172755002975464,IO -> PLC,5.72516
1776084652.1901333,28.188754320144653,IO -> PLC,2.16882
1776084652.2061338,28.20475482940674,IO -> PLC,4.52117
1776084652.2221332,28.220754146575928,IO -> PLC,0.89411
1776084652.2381327,28.236753702163696,IO -> PLC,2.98411
1776084652.254132,28.252753019332886,IO -> PLC,5.16251
1776084652.2701313,28.268752336502075,IO -> PLC,1.72306
1776084652.2861319,28.28475284576416,IO -> PLC,4.01692
1776084652.3021312,28.30075216293335,IO -> PLC,6.32718
1776084652.3181307,28.316751718521118,IO -> PLC,2.46586
1776084652.33413,28.332751035690308,IO -> PLC,4.52315
1776084652.3501306,28.348751544952393,IO -> PLC,0.88688
1776084652.3661299,28.364750862121582,IO -> PLC,2.85121
1776084652.3821292,28.38075017929077,IO -> PLC,5.54132
1776084652.3981287,28.39674973487854,IO -> PLC,2.03522
1776084652.414128,28.41274905204773,IO -> PLC,4.0517
1776084652.4301286,28.428749561309814,IO -> PLC,1.51013
1776084652.446128,28.444748878479004,IO -> PLC,3.93112
1776084652.4621274,28.460748434066772,IO -> PLC,5.98848
1776084652.4781268,28.476747751235962,IO -> PLC,2.94625
1776084652.494126,28.49274706840515,IO -> PLC,4.72415
1776084652.5101266,28.508747577667236,IO -> PLC,1.30086
1776084652.526126,28.524746894836426,IO -> PLC,3.21911
1776084652.5421255,28.540746450424194,IO -> PLC,5.36655
1776084652.5581248,28.556745767593384,IO -> PLC,1.76405
1776084652.5741253,28.57274627685547,IO -> PLC,4.42048
1776084652.5901246,28.588745594024658,IO -> PLC,0.67981
1776084652.606124,28.604744911193848,IO -> PLC,3.04968
1776084652.6221235,28.620744466781616,IO -> PLC,4.95031
1776084652.6381228,28.636743783950806,IO -> PLC,1.41661
1776084652.6541233,28.65274429321289,IO -> PLC,3.52206
1776084652.6701226,28.66874361038208,IO -> PLC,5.95945
1776084652.6861222,28.68474316596985,IO -> PLC,2.21686
1776084652.7021215,28.700742483139038,IO -> PLC,4.36942
1776084652.7181208,28.716741800308228,IO -> PLC,0.89389
1776084652.7341213,28.732742309570312,IO -> PLC,2.7742
1776084652.7501206,28.748741626739502,IO -> PLC,4.85397
1776084652.7661202,28.76474118232727,IO -> PLC,1.19219
1776084652.7821195,28.78074049949646,IO -> PLC,3.44332
1776084652.79812,28.796741008758545,IO -> PLC,5.79462
1776084652.8141193,28.812740325927734,IO -> PLC,2.39381
1776084652.8301187,28.828739643096924,IO -> PLC,4.31413
1776084652.8461182,28.844739198684692,IO -> PLC,1.2727
1776084652.8621175,28.860738515853882,IO -> PLC,3.39574
1776084652.878118,28.876739025115967,IO -> PLC,5.61591
1776084652.8941174,28.892738342285156,IO -> PLC,2.00133
1776084652.9101167,28.908737659454346,IO -> PLC,4.06174
1776084652.9261162,28.924737215042114,IO -> PLC,6.08542
1776084652.9421155,28.940736532211304,IO -> PLC,2.44187
1776084652.958116,28.95673704147339,IO -> PLC,4.36723
1776084652.9741154,28.972736358642578,IO -> PLC,0.59489
1776084652.990115,28.988735914230347,IO -> PLC,3.05379
1776084653.0061142,29.004735231399536,IO -> PLC,5.13067
1776084653.0221148,29.02073574066162,IO -> PLC,1.29664
1776084653.038114,29.03673505783081,IO -> PLC,3.49137
1776084653.0541136,29.05273461341858,IO -> PLC,2.1285
1776084653.070113,29.06873393058777,IO -> PLC,4.0681
1776084653.0861123,29.084733247756958,IO -> PLC,1.31972
1776084653.1021128,29.100733757019043,IO -> PLC,3.25635
1776084653.118112,29.116733074188232,IO -> PLC,5.36499
1776084653.1341114,29.132732391357422,IO -> PLC,1.71754
1776084653.150111,29.14873194694519,IO -> PLC,3.73082
1776084653.1661103,29.16473126411438,IO -> PLC,5.94691
1776084653.1821108,29.180731773376465,IO -> PLC,3.05828
1776084653.19811,29.196731090545654,IO -> PLC,5.01436
1776084653.2141097,29.212730646133423,IO -> PLC,1.61164
1776084653.230109,29.228729963302612,IO -> PLC,3.53899
1776084653.2461095,29.244730472564697,IO -> PLC,1.02414
1776084653.2621088,29.260729789733887,IO -> PLC,0.72123
1776084653.2781081,29.276729106903076,IO -> PLC,0.79195
1776084653.2941077,29.292728662490845,IO -> PLC,0.93011
1776084653.310107,29.308727979660034,IO -> PLC,0.78504
1776084653.3261075,29.32472848892212,IO -> PLC,4.94674
1776084653.3421068,29.34072780609131,IO -> PLC,0.72269
1776084653.3581064,29.356727361679077,IO -> PLC,0.66141
1776084653.3741057,29.372726678848267,IO -> PLC,6.5015
1776084653.390105,29.388725996017456,IO -> PLC,2.7886
1776084653.4061055,29.40472650527954,IO -> PLC,5.06917
1776084653.4221048,29.42072582244873,IO -> PLC,1.32962
1776084653.4381042,29.43672513961792,IO -> PLC,3.28155
1776084653.4541037,29.45272469520569,IO -> PLC,0.58533
1776084653.470103,29.468724012374878,IO -> PLC,1.74881
1776084653.4861035,29.484724521636963,IO -> PLC,4.0489
1776084653.5021029,29.500723838806152,IO -> PLC,6.01498
1776084653.5181024,29.51672339439392,IO -> PLC,2.39225
1776084653.5341017,29.53272271156311,IO -> PLC,4.46825
1776084653.5501022,29.548723220825195,IO -> PLC,0.58517
1776084653.5661016,29.564722537994385,IO -> PLC,2.87991
1776084653.582101,29.580722093582153,IO -> PLC,5.29265
1776084653.5981004,29.596721410751343,IO -> PLC,2.43779
1776084653.6140997,29.612720727920532,IO -> PLC,4.45955
1776084653.6301003,29.628721237182617,IO -> PLC,1.03721
1776084653.6460996,29.644720554351807,IO -> PLC,3.23802
1776084653.6620991,29.660720109939575,IO -> PLC,5.36916
1776084653.6780984,29.676719427108765,IO -> PLC,0.54212
1776084653.6940978,29.692718744277954,IO -> PLC,4.04843
1776084653.7100983,29.70871925354004,IO -> PLC,6.07315
1776084653.7260976,29.72471857070923,IO -> PLC,2.82802
1776084653.7420971,29.740718126296997,IO -> PLC,4.78315
1776084653.7580965,29.756717443466187,IO -> PLC,1.39362
1776084653.774097,29.77271795272827,IO -> PLC,3.38338
1776084653.7900963,29.78871726989746,IO -> PLC,5.60274
1776084653.8060956,29.80471658706665,IO -> PLC,1.98793
1776084653.8220952,29.82071614265442,IO -> PLC,4.28402
1776084653.8380945,29.83671545982361,IO -> PLC,6.14986
1776084653.854095,29.852715969085693,IO -> PLC,2.41119
1776084653.8700943,29.868715286254883,IO -> PLC,4.40711
1776084653.8860939,29.88471484184265,IO -> PLC,1.17647
1776084653.9020932,29.90071415901184,IO -> PLC,3.07527
1776084653.9180925,29.91671347618103,IO -> PLC,5.52377
1776084653.934093,29.932713985443115,IO -> PLC,1.8395
1776084653.9500923,29.948713302612305,IO -> PLC,4.47241
1776084653.9660919,29.964712858200073,IO -> PLC,1.08705
1776084653.9820912,29.980712175369263,IO -> PLC,3.31426
1776084653.9980917,29.996712684631348,IO -> PLC,5.33178
1776084654.014091,30.012712001800537,IO -> PLC,1.65991
1776084654.0300903,30.028711318969727,IO -> PLC,4.08178
1776084654.04609,30.044710874557495,IO -> PLC,0.55297
1776084654.0620892,30.060710191726685,IO -> PLC,2.64833
1776084654.0780897,30.07671070098877,IO -> PLC,4.92802
1776084654.094089,30.09271001815796,IO -> PLC,1.35424
1776084654.1100886,30.108709573745728,IO -> PLC,3.52226
1776084654.126088,30.124708890914917,IO -> PLC,5.6913
1776084654.1420872,30.140708208084106,IO -> PLC,2.092
1776084654.1580877,30.15670871734619,IO -> PLC,4.35009
1776084654.174087,30.17270803451538,IO -> PLC,6.69018
1776084654.1900866,30.18870759010315,IO -> PLC,3.37747
1776084654.206086,30.20470690727234,IO -> PLC,5.92245
1776084654.2220864,30.220707416534424,IO -> PLC,2.00346
1776084654.2380857,30.236706733703613,IO -> PLC,4.22482
1776084654.254085,30.252706050872803,IO -> PLC,1.69573
1776084654.2700846,30.26870560646057,IO -> PLC,2.04999
1776084654.286084,30.28470492362976,IO -> PLC,2.18134
1776084654.3020844,30.300705432891846,IO -> PLC,1.13992
1776084654.3180838,30.316704750061035,IO -> PLC,2.01154
1776084654.334083,30.332704067230225,IO -> PLC,1.80881
1776084654.3500826,30.348703622817993,IO -> PLC,1.44246
1776084654.366082,30.364702939987183,IO -> PLC,0.89266
1776084654.3820825,30.380703449249268,IO -> PLC,0.79952
1776084654.3980818,30.396702766418457,IO -> PLC,2.7524
1776084654.4140813,30.412702322006226,IO -> PLC,4.67064
1776084654.4300807,30.428701639175415,IO -> PLC,0.86453
1776084654.4460812,30.4447021484375,IO -> PLC,1.15237
1776084654.4620805,30.46070146560669,IO -> PLC,1.2026
1776084654.47808,30.476701021194458,IO -> PLC,1.24779
1776084654.4940794,30.492700338363647,IO -> PLC,1.11274
1776084654.5100787,30.508699655532837,IO -> PLC,0.86079
1776084654.5260792,30.524700164794922,IO -> PLC,0.9687
1776084654.5420785,30.54069948196411,IO -> PLC,5.01559
1776084654.5580778,30.5566987991333,IO -> PLC,1.45823
1776084654.5740774,30.57269835472107,IO -> PLC,0.62073
1776084654.5900767,30.58869767189026,IO -> PLC,6.03801
1776084654.6060772,30.604698181152344,IO -> PLC,2.49599
1776084654.6220765,30.620697498321533,IO -> PLC,4.40598
1776084654.638076,30.6366970539093,IO -> PLC,0.71245
1776084654.6540754,30.65269637107849,IO -> PLC,0.66043
1776084654.6700757,30.668696641921997,IO -> PLC,2.14961
1776084654.6860752,30.684696197509766,IO -> PLC,1.50956
1776084654.7020745,30.700695514678955,IO -> PLC,1.87117
1776084654.718074,30.716695070266724,IO -> PLC,1.74132
1776084654.7340734,30.732694387435913,IO -> PLC,1.72922
1776084654.750074,30.748694896697998,IO -> PLC,1.78449
1776084654.7660732,30.764694213867188,IO -> PLC,0.95716
1776084654.7820728,30.780693769454956,IO -> PLC,1.86768
1776084654.798072,30.796693086624146,IO -> PLC,1.80542
1776084654.8140714,30.812692403793335,IO -> PLC,1.70524
1776084654.830072,30.82869291305542,IO -> PLC,2.49982
1776084654.8460712,30.84469223022461,IO -> PLC,0.66892
1776084654.8620706,30.8606915473938,IO -> PLC,2.66605
1776084654.87807,30.876691102981567,IO -> PLC,3.88881
1776084654.8940706,30.892691612243652,IO -> PLC,1.55205
1776084654.91007,30.908690929412842,IO -> PLC,3.98327
1776084654.9260693,30.92469024658203,IO -> PLC,4.70033
1776084654.9420688,30.9406898021698,IO -> PLC,2.3359
1776084654.9580681,30.95668911933899,IO -> PLC,4.5027
1776084654.9740686,30.972689628601074,IO -> PLC,0.76828
1776084654.990068,30.988688945770264,IO -> PLC,3.04373
1776084655.0060675,31.004688501358032,IO -> PLC,5.57847
1776084655.0220668,31.02068781852722,IO -> PLC,1.69237
1776084655.0380661,31.03668713569641,IO -> PLC,4.22807
1776084655.0540667,31.052687644958496,IO -> PLC,2.90815
1776084655.070066,31.068686962127686,IO -> PLC,5.42842
1776084655.0860655,31.084686517715454,IO -> PLC,1.6692
1776084655.1020648,31.100685834884644,IO -> PLC,4.17418
1776084655.1180654,31.11668634414673,IO -> PLC,6.10673
1776084655.1340647,31.132685661315918,IO -> PLC,4.02182
1776084655.150064,31.148684978485107,IO -> PLC,5.99526
1776084655.1660635,31.164684534072876,IO -> PLC,2.32829
1776084655.1820629,31.180683851242065,IO -> PLC,4.87431
1776084655.1980634,31.19668436050415,IO -> PLC,1.37526
1776084655.2140627,31.21268367767334,IO -> PLC,3.44286
1776084655.230062,31.22868299484253,IO -> PLC,5.3631
1776084655.2460616,31.244682550430298,IO -> PLC,1.71988
1776084655.2620609,31.260681867599487,IO -> PLC,3.65427
1776084655.2780614,31.276682376861572,IO -> PLC,6.01477
1776084655.2940607,31.29268169403076,IO -> PLC,2.42043
1776084655.3100603,31.30868124961853,IO -> PLC,4.5322
1776084655.3260596,31.32468056678772,IO -> PLC,0.96146
1776084655.342059,31.34067988395691,IO -> PLC,2.91962
1776084655.3580594,31.356680393218994,IO -> PLC,4.93082
1776084655.3740587,31.372679710388184,IO -> PLC,1.52305
1776084655.3900583,31.388679265975952,IO -> PLC,4.01772
1776084655.4060576,31.40467858314514,IO -> PLC,6.29333
1776084655.422058,31.420679092407227,IO -> PLC,2.47282
1776084655.4380574,31.436678409576416,IO -> PLC,4.79219
1776084655.4540567,31.452677726745605,IO -> PLC,0.92473
1776084655.4700563,31.468677282333374,IO -> PLC,3.20834
1776084655.4860556,31.484676599502563,IO -> PLC,5.69068
1776084655.5020561,31.50067710876465,IO -> PLC,2.10882
1776084655.5180554,31.516676425933838,IO -> PLC,4.25939
1776084655.5340548,31.532675743103027,IO -> PLC,0.64378
1776084655.5500543,31.548675298690796,IO -> PLC,2.74914
1776084655.5660536,31.564674615859985,IO -> PLC,4.64577
1776084655.5820541,31.58067512512207,IO -> PLC,1.50417
1776084655.5980535,31.59667444229126,IO -> PLC,3.82578
1776084655.614053,31.61267399787903,IO -> PLC,5.93964
1776084655.6300523,31.628673315048218,IO -> PLC,2.33906
1776084655.6460528,31.644673824310303,IO -> PLC,4.47754
1776084655.6620522,31.660673141479492,IO -> PLC,1.01233
1776084655.6780515,31.67667245864868,IO -> PLC,3.4178
1776084655.694051,31.69267201423645,IO -> PLC,5.62276
1776084655.7100503,31.70867133140564,IO -> PLC,2.32764
1776084655.7260509,31.724671840667725,IO -> PLC,4.25987
1776084655.7420502,31.740671157836914,IO -> PLC,0.61969
1776084655.7580495,31.756670475006104,IO -> PLC,2.69042
1776084655.774049,31.772670030593872,IO -> PLC,4.74906
1776084655.7900484,31.78866934776306,IO -> PLC,1.19664
1776084655.8060489,31.804669857025146,IO -> PLC,3.68818
1776084655.8220482,31.820669174194336,IO -> PLC,5.74251
1776084655.8380477,31.836668729782104,IO -> PLC,1.87896
1776084655.854047,31.852668046951294,IO -> PLC,4.11865
1776084655.8700476,31.86866855621338,IO -> PLC,6.3493
1776084655.886047,31.88466787338257,IO -> PLC,2.73248
1776084655.9020462,31.900667190551758,IO -> PLC,4.69249
1776084655.9180458,31.916666746139526,IO -> PLC,1.16175
1776084655.934045,31.932666063308716,IO -> PLC,3.5428
1776084655.9500456,31.9486665725708,IO -> PLC,5.81409
1776084655.966045,31.96466588973999,IO -> PLC,2.56001
1776084655.9820442,31.98066520690918,IO -> PLC,5.16925
1776084655.9980438,31.99666476249695,IO -> PLC,1.60875
1776084656.014043,32.01266407966614,IO -> PLC,3.64579
1776084656.0300436,32.02866458892822,IO -> PLC,5.73291
1776084656.046043,32.04466390609741,IO -> PLC,1.96057
1776084656.0620422,32.0606632232666,IO -> PLC,4.00265
1776084656.0780418,32.07666277885437,IO -> PLC,6.33867
1776084656.094042,32.092663049697876,IO -> PLC,3.0137
1776084656.1100416,32.108662605285645,IO -> PLC,4.93585
1776084656.126041,32.124661922454834,IO -> PLC,1.38977
1776084656.1420405,32.1406614780426,IO -> PLC,3.36528
1776084656.1580398,32.15666079521179,IO -> PLC,5.51681
1776084656.1740403,32.17266130447388,IO -> PLC,1.92583
1776084656.1900396,32.188660621643066,IO -> PLC,4.17272
1776084656.2060392,32.204660177230835,IO -> PLC,6.16432
1776084656.2220385,32.220659494400024,IO -> PLC,2.51278
1776084656.2380378,32.236658811569214,IO -> PLC,4.69111
1776084656.2540383,32.2526593208313,IO -> PLC,0.92476
1776084656.2700377,32.26865863800049,IO -> PLC,2.91053
1776084656.286037,32.28465795516968,IO -> PLC,5.35815
1776084656.3020365,32.300657510757446,IO -> PLC,1.61524
1776084656.318037,32.31665802001953,IO -> PLC,4.13654
1776084656.3340364,32.33265733718872,IO -> PLC,5.99645
1776084656.3500357,32.34865665435791,IO -> PLC,2.38468
1776084656.3660352,32.36465620994568,IO -> PLC,4.3254
1776084656.3820345,32.38065552711487,IO -> PLC,1.29244
1776084656.398035,32.39665603637695,IO -> PLC,3.47477
1776084656.4140344,32.41265535354614,IO -> PLC,5.37741
1776084656.4300337,32.42865467071533,IO -> PLC,2.07093
1776084656.4460332,32.4446542263031,IO -> PLC,4.00364
1776084656.4620326,32.46065354347229,IO -> PLC,6.07932
1776084656.478033,32.476654052734375,IO -> PLC,3.18238
1776084656.4940324,32.492653369903564,IO -> PLC,5.14982
1776084656.510032,32.50865292549133,IO -> PLC,1.9119
1776084656.5260313,32.52465224266052,IO -> PLC,4.30728
1776084656.5420318,32.54065275192261,IO -> PLC,0.7355
1776084656.558031,32.5566520690918,IO -> PLC,2.66797
1776084656.5740304,32.572651386260986,IO -> PLC,5.0348
1776084656.5900297,32.588650703430176,IO -> PLC,1.77655
1776084656.6060293,32.604650259017944,IO -> PLC,3.94856
1776084656.6220298,32.62065076828003,IO -> PLC,5.96184
1776084656.638029,32.63665008544922,IO -> PLC,2.09933
1776084656.6540284,32.65264940261841,IO -> PLC,4.10341
1776084656.670028,32.66864895820618,IO -> PLC,0.86669
1776084656.6860273,32.684648275375366,IO -> PLC,2.91485
1776084656.7020278,32.70064878463745,IO -> PLC,5.15454
1776084656.718027,32.71664810180664,IO -> PLC,1.61549
1776084656.7340267,32.73264765739441,IO -> PLC,3.93926
1776084656.750026,32.7486469745636,IO -> PLC,5.91062
1776084656.7660253,32.76464629173279,IO -> PLC,2.54565
1776084656.7820258,32.78064680099487,IO -> PLC,4.91144
1776084656.7980251,32.79664611816406,IO -> PLC,1.89696
1776084656.8140247,32.81264567375183,IO -> PLC,3.85072
1776084656.830024,32.82864499092102,IO -> PLC,6.03297
1776084656.8460245,32.844645500183105,IO -> PLC,2.67048
1776084656.8620238,32.860644817352295,IO -> PLC,4.80753
1776084656.8780231,32.876644134521484,IO -> PLC,1.41112
1776084656.8940227,32.89264369010925,IO -> PLC,3.64249
1776084656.910022,32.90864300727844,IO -> PLC,5.55856
1776084656.9260225,32.92464351654053,IO -> PLC,1.98894
1776084656.9420218,32.94064283370972,IO -> PLC,4.16296
1776084656.9580212,32.956642150878906,IO -> PLC,6.36185
1776084656.9740207,32.972641706466675,IO -> PLC,2.78391
1776084656.99002,32.988641023635864,IO -> PLC,4.98272
1776084657.0060205,33.00464153289795,IO -> PLC,1.33718
1776084657.0220199,33.02064085006714,IO -> PLC,3.44583
1776084657.0380194,33.03664040565491,IO -> PLC,5.68047
1776084657.0540187,33.0526397228241,IO -> PLC,4.28696
1776084657.0700192,33.06864023208618,IO -> PLC,0.75926
1776084657.0860186,33.08463954925537,IO -> PLC,3.3593
1776084657.1020179,33.10063886642456,IO -> PLC,5.49562
1776084657.1180174,33.11663842201233,IO -> PLC,2.03025
1776084657.1340168,33.13263773918152,IO -> PLC,4.04784
1776084657.1500173,33.1486382484436,IO -> PLC,6.03561
1776084657.1660166,33.16463756561279,IO -> PLC,2.53872
1776084657.182016,33.18063688278198,IO -> PLC,5.20234
1776084657.1980155,33.19663643836975,IO -> PLC,1.72073
1776084657.2140148,33.21263575553894,IO -> PLC,3.91738
1776084657.2300153,33.228636264801025,IO -> PLC,5.97571
1776084657.2460146,33.244635581970215,IO -> PLC,2.65082
1776084657.2620142,33.26063513755798,IO -> PLC,4.47177
1776084657.2780135,33.27663445472717,IO -> PLC,1.08136
1776084657.2940137,33.29263472557068,IO -> PLC,3.05273
1776084657.3100133,33.30863428115845,IO -> PLC,5.22273
1776084657.3260126,33.32463359832764,IO -> PLC,1.48823
1776084657.3420122,33.340633153915405,IO -> PLC,3.67159
1776084657.3580115,33.356632471084595,IO -> PLC,5.60815
1776084657.374012,33.37263298034668,IO -> PLC,2.23735
1776084657.3900113,33.38863229751587,IO -> PLC,4.54256
1776084657.4060106,33.40463161468506,IO -> PLC,0.83454
1776084657.4220102,33.42063117027283,IO -> PLC,2.91142
1776084657.4380095,33.43663048744202,IO -> PLC,5.29032
1776084657.45401,33.4526309967041,IO -> PLC,1.7115
1776084657.4700093,33.46863031387329,IO -> PLC,3.79246
1776084657.4860086,33.48462963104248,IO -> PLC,6.31377
1776084657.5020082,33.50062918663025,IO -> PLC,2.68887
1776084657.5180085,33.516629457473755,IO -> PLC,4.67247
1776084657.534008,33.53262901306152,IO -> PLC,1.26238
1776084657.5500073,33.54862833023071,IO -> PLC,3.38334
1776084657.566007,33.56462788581848,IO -> PLC,5.77152
1776084657.5820062,33.58062720298767,IO -> PLC,2.43536
1776084657.5980067,33.596627712249756,IO -> PLC,4.85442
1776084657.614006,33.612627029418945,IO -> PLC,1.35344
1776084657.6300056,33.628626585006714,IO -> PLC,3.37072
1776084657.646005,33.6446259021759,IO -> PLC,5.69034
1776084657.6620042,33.66062521934509,IO -> PLC,2.10833
1776084657.6780047,33.67662572860718,IO -> PLC,4.3953
1776084657.694004,33.69262504577637,IO -> PLC,0.83064
1776084657.7100034,33.70862436294556,IO -> PLC,3.21169
1776084657.726003,33.724623918533325,IO -> PLC,5.60596
1776084657.7420034,33.74062442779541,IO -> PLC,2.07818
1776084657.7580028,33.7566237449646,IO -> PLC,4.1173
1776084657.774002,33.77262306213379,IO -> PLC,0.71241
1776084657.7900016,33.78862261772156,IO -> PLC,3.16531
1776084657.806001,33.80462193489075,IO -> PLC,5.54014
1776084657.8220012,33.82062220573425,IO -> PLC,1.6561
1776084657.8380008,33.83662176132202,IO -> PLC,3.84635
1776084657.854,33.85262107849121,IO -> PLC,5.83539
1776084657.8699996,33.86862063407898,IO -> PLC,2.25858
1776084657.885999,33.88461995124817,IO -> PLC,0.59249
1776084657.9019995,33.900620460510254,IO -> PLC,2.49832
1776084657.9179988,33.91661977767944,IO -> PLC,4.82217
1776084657.9339983,33.93261933326721,IO -> PLC,1.14983
1776084657.9499977,33.9486186504364,IO -> PLC,3.16544
1776084657.9659982,33.964619159698486,IO -> PLC,5.43057
1776084657.9819975,33.980618476867676,IO -> PLC,2.18057
1776084657.9979968,33.996617794036865,IO -> PLC,4.0168
1776084658.0139961,34.012617111206055,IO -> PLC,0.54023
1776084658.0299957,34.02861666679382,IO -> PLC,2.56991
1776084658.0459962,34.04461717605591,IO -> PLC,0.58468
1776084658.0619955,34.0606164932251,IO -> PLC,0.57867
1776084658.0779948,34.07661581039429,IO -> PLC,0.56138
1776084658.0939944,34.092615365982056,IO -> PLC,6.0625
1776084658.1099937,34.108614683151245,IO -> PLC,2.61057
1776084658.1259942,34.12461519241333,IO -> PLC,4.63937
1776084658.1419935,34.14061450958252,IO -> PLC,0.97135
1776084658.1579928,34.15661382675171,IO -> PLC,2.93967
1776084658.1739924,34.17261338233948,IO -> PLC,4.93055
1776084658.1899917,34.18861269950867,IO -> PLC,1.28013
1776084658.2059922,34.20461320877075,IO -> PLC,3.53614
1776084658.2219915,34.22061252593994,IO -> PLC,5.55366
1776084658.237991,34.23661208152771,IO -> PLC,1.65819
1776084658.2539904,34.2526113986969,IO -> PLC,3.92244
1776084658.269991,34.268611907958984,IO -> PLC,6.43662
1776084658.2859902,34.284611225128174,IO -> PLC,2.81268
1776084658.3019896,34.30061054229736,IO -> PLC,4.81165
1776084658.3179889,34.31660985946655,IO -> PLC,1.24123
1776084658.3339884,34.33260941505432,IO -> PLC,3.65181
1776084658.349989,34.348609924316406,IO -> PLC,5.63845
1776084658.3659883,34.364609241485596,IO -> PLC,2.33508
1776084658.3819876,34.380608558654785,IO -> PLC,4.96512
1776084658.3979871,34.396608114242554,IO -> PLC,1.40246
1776084658.4139874,34.41260838508606,IO -> PLC,3.43734
1776084658.429987,34.42860794067383,IO -> PLC,5.72623
1776084658.4459863,34.44460725784302,IO -> PLC,2.02142
1776084658.4619858,34.460606813430786,IO -> PLC,0.56853
1776084658.4779851,34.476606130599976,IO -> PLC,0.88077
1776084658.4939857,34.49260663986206,IO -> PLC,3.32127
1776084658.509985,34.50860595703125,IO -> PLC,5.23319
1776084658.5259843,34.52460527420044,IO -> PLC,1.84271
1776084658.5419838,34.54060482978821,IO -> PLC,3.8335
1776084658.5579832,34.5566041469574,IO -> PLC,6.01695
1776084658.5739837,34.57260465621948,IO -> PLC,2.62758
1776084658.589983,34.58860397338867,IO -> PLC,5.09353
1776084658.6059823,34.60460329055786,IO -> PLC,1.54639
1776084658.6219819,34.62060284614563,IO -> PLC,4.08721
1776084658.6379821,34.636603116989136,IO -> PLC,6.13641
1776084658.6539817,34.652602672576904,IO -> PLC,2.35071
1776084658.669981,34.668601989746094,IO -> PLC,4.69673
1776084658.6859803,34.68460130691528,IO -> PLC,1.48769
1776084658.7019799,34.70060086250305,IO -> PLC,3.4232
1776084658.7179801,34.71660113334656,IO -> PLC,5.88314
1776084658.7339797,34.732600688934326,IO -> PLC,2.36873
1776084658.749979,34.748600006103516,IO -> PLC,4.41993
1776084658.7659786,34.764599561691284,IO -> PLC,0.73655
1776084658.781978,34.780598878860474,IO -> PLC,3.26513
1776084658.7979784,34.79659938812256,IO -> PLC,5.41987
1776084658.8139777,34.81259870529175,IO -> PLC,1.76633
1776084658.829977,34.82859802246094,IO -> PLC,3.70488
1776084658.8459766,34.844597578048706,IO -> PLC,5.70376
1776084658.861976,34.860596895217896,IO -> PLC,2.1947
1776084658.8779764,34.87659740447998,IO -> PLC,4.48752
1776084658.8939757,34.89259672164917,IO -> PLC,0.56053
1776084658.909975,34.90859603881836,IO -> PLC,2.91902
1776084658.9259746,34.92459559440613,IO -> PLC,4.97438
1776084658.9419749,34.940595865249634,IO -> PLC,1.34429
1776084658.9579744,34.9565954208374,IO -> PLC,3.31461
1776084658.9739738,34.97259473800659,IO -> PLC,5.56462
1776084658.9899733,34.98859429359436,IO -> PLC,2.0922
1776084659.0059726,35.00459361076355,IO -> PLC,4.23773
1776084659.021973,35.020593881607056,IO -> PLC,6.31862
1776084659.0379725,35.036593437194824,IO -> PLC,2.41515
1776084659.0539718,35.052592754364014,IO -> PLC,1.2754
1776084659.0699713,35.06859230995178,IO -> PLC,2.73401
1776084659.0859706,35.08459162712097,IO -> PLC,2.93794
1776084659.1019711,35.10059213638306,IO -> PLC,2.69623
1776084659.1179705,35.116591453552246,IO -> PLC,2.7343
1776084659.1339698,35.132590770721436,IO -> PLC,1.20541
1776084659.1499693,35.148590326309204,IO -> PLC,2.40795
1776084659.1659698,35.16459083557129,IO -> PLC,2.24112
1776084659.1819692,35.18059015274048,IO -> PLC,2.1387
1776084659.1979685,35.19658946990967,IO -> PLC,2.52111
1776084659.2139678,35.21258878707886,IO -> PLC,0.81198
1776084659.2299674,35.228588342666626,IO -> PLC,2.52933
1776084659.2459676,35.24458861351013,IO -> PLC,2.92389
1776084659.2619672,35.2605881690979,IO -> PLC,1.28428
1776084659.2779665,35.27658748626709,IO -> PLC,2.72538
1776084659.293966,35.29258704185486,IO -> PLC,2.65489
1776084659.3099654,35.30858635902405,IO -> PLC,1.9718
1776084659.325966,35.32458686828613,IO -> PLC,2.57838
1776084659.3419652,35.34058618545532,IO -> PLC,2.34395
1776084659.3579648,35.35658574104309,IO -> PLC,2.47602
1776084659.373964,35.37258505821228,IO -> PLC,2.18649
1776084659.3899643,35.388585329055786,IO -> PLC,0.85929
1776084659.405964,35.404584884643555,IO -> PLC,2.20094
1776084659.4219632,35.420584201812744,IO -> PLC,2.02212
1776084659.4379625,35.436583518981934,IO -> PLC,1.48953
1776084659.453962,35.4525830745697,IO -> PLC,2.16562
1776084659.4699626,35.46858358383179,IO -> PLC,2.0264
1776084659.485962,35.48458290100098,IO -> PLC,1.9507
1776084659.5019612,35.500582218170166,IO -> PLC,2.06671
1776084659.5179608,35.516581773757935,IO -> PLC,1.95309
1776084659.53396,35.532581090927124,IO -> PLC,1.95107
1776084659.5499604,35.54858136177063,IO -> PLC,2.04754
1776084659.56596,35.5645809173584,IO -> PLC,1.21901
1776084659.5819592,35.58058023452759,IO -> PLC,1.89008
1776084659.5979588,35.596579790115356,IO -> PLC,1.98239
1776084659.613959,35.61258006095886,IO -> PLC,2.30807
1776084659.6299586,35.62857961654663,IO -> PLC,2.07996
1776084659.645958,35.64457893371582,IO -> PLC,1.29144
1776084659.6619575,35.66057848930359,IO -> PLC,2.26955
1776084659.6779568,35.67657780647278,IO -> PLC,2.2297
1776084659.6939573,35.69257831573486,IO -> PLC,2.106
1776084659.7099566,35.70857763290405,IO -> PLC,2.34575
1776084659.725956,35.72457695007324,IO -> PLC,1.2981
1776084659.7419553,35.74057626724243,IO -> PLC,2.20269
1776084659.7579548,35.7565758228302,IO -> PLC,2.29484
1776084659.7739553,35.772576332092285,IO -> PLC,2.04313
1776084659.7899547,35.788575649261475,IO -> PLC,1.8712
1776084659.805954,35.804574966430664,IO -> PLC,0.87802
1776084659.8219535,35.82057452201843,IO -> PLC,1.80397
1776084659.8379538,35.83657479286194,IO -> PLC,1.91468
1776084659.8539534,35.85257434844971,IO -> PLC,1.5817
1776084659.8699527,35.8685736656189,IO -> PLC,1.88714
1776084659.885952,35.884572982788086,IO -> PLC,1.76952
1776084659.9019516,35.900572538375854,IO -> PLC,1.70318
1776084659.9179518,35.91657280921936,IO -> PLC,1.69213
1776084659.9339514,35.93257236480713,IO -> PLC,1.00281
1776084659.9499507,35.94857168197632,IO -> PLC,3.00497
1776084659.9659503,35.96457123756409,IO -> PLC,1.67177
1776084659.9819496,35.980570554733276,IO -> PLC,1.69976
1776084659.99795,35.99657106399536,IO -> PLC,2.78013
1776084660.0139494,36.01257038116455,IO -> PLC,0.56937
1776084660.0299487,36.02856969833374,IO -> PLC,2.64529
1776084660.0459483,36.04456925392151,IO -> PLC,2.97729
1776084660.0619485,36.060569524765015,IO -> PLC,1.02448
1776084660.077948,36.07656908035278,IO -> PLC,2.80223
1776084660.0939474,36.09256839752197,IO -> PLC,2.84949
1776084660.1099467,36.10856771469116,IO -> PLC,1.89408
1776084660.1259463,36.12456727027893,IO -> PLC,2.88867
1776084660.1419466,36.14056754112244,IO -> PLC,2.89186
1776084660.157946,36.156567096710205,IO -> PLC,2.39239
1776084660.1739454,36.172566413879395,IO -> PLC,2.94648
1776084660.189945,36.18856596946716,IO -> PLC,0.85221
1776084660.2059443,36.20456528663635,IO -> PLC,3.0327
1776084660.2219448,36.22056579589844,IO -> PLC,2.8762
1776084660.2379441,36.23656511306763,IO -> PLC,1.51204
1776084660.2539434,36.252564430236816,IO -> PLC,3.70077
1776084660.269943,36.268563985824585,IO -> PLC,4.4432
1776084660.2859423,36.284563302993774,IO -> PLC,3.21129
1776084660.3019428,36.30056381225586,IO -> PLC,4.54902
1776084660.3179421,36.31656312942505,IO -> PLC,2.08825
1776084660.3339415,36.33256244659424,IO -> PLC,3.95432
1776084660.349941,36.34856200218201,IO -> PLC,5.88992
1776084660.3659413,36.36456227302551,IO -> PLC,2.36103
1776084660.3819408,36.38056182861328,IO -> PLC,5.1209
1776084660.3979402,36.39656114578247,IO -> PLC,1.42536
1776084660.4139395,36.41256046295166,IO -> PLC,3.61481
1776084660.429939,36.42856001853943,IO -> PLC,5.60561
1776084660.4459393,36.444560289382935,IO -> PLC,2.13424
1776084660.4619389,36.4605598449707,IO -> PLC,3.94703
1776084660.4779382,36.47655916213989,IO -> PLC,1.27641
1776084660.4939377,36.49255871772766,IO -> PLC,3.22129
1776084660.509937,36.50855803489685,IO -> PLC,5.3781
1776084660.5259376,36.524558544158936,IO -> PLC,3.23375
1776084660.5419369,36.540557861328125,IO -> PLC,6.05634
1776084660.5579362,36.556557178497314,IO -> PLC,2.31552
1776084660.5739357,36.57255673408508,IO -> PLC,4.54489
1776084660.589936,36.58855700492859,IO -> PLC,0.95479
1776084660.6059356,36.60455656051636,IO -> PLC,3.31729
1776084660.621935,36.62055587768555,IO -> PLC,5.31938
1776084660.6379342,36.636555194854736,IO -> PLC,1.51215
1776084660.6539338,36.652554750442505,IO -> PLC,3.94448
1776084660.669934,36.66855502128601,IO -> PLC,5.85248
1776084660.6859336,36.68455457687378,IO -> PLC,2.70761
1776084660.701933,36.70055389404297,IO -> PLC,4.76521
1776084660.7179325,36.71655344963074,IO -> PLC,1.35
1776084660.7339318,36.73255276679993,IO -> PLC,3.30903
1776084660.7499323,36.74855327606201,IO -> PLC,5.38391
1776084660.7659316,36.7645525932312,IO -> PLC,2.06328
1776084660.781931,36.78055191040039,IO -> PLC,4.55978
1776084660.7979305,36.79655146598816,IO -> PLC,1.31793
1776084660.8139307,36.812551736831665,IO -> PLC,3.39273
1776084660.8299303,36.828551292419434,IO -> PLC,5.45114
1776084660.8459296,36.84455060958862,IO -> PLC,1.71656
1776084660.861929,36.86054992675781,IO -> PLC,3.82016
1776084660.8779285,36.87654948234558,IO -> PLC,5.24061
1776084660.893929,36.892549991607666,IO -> PLC,2.51976
1776084660.9099283,36.908549308776855,IO -> PLC,4.4196
1776084660.9259276,36.924548625946045,IO -> PLC,1.26056
1776084660.941927,36.940547943115234,IO -> PLC,3.10903
1776084660.9579265,36.956547498703,IO -> PLC,5.51376
1776084660.9739268,36.97254776954651,IO -> PLC,1.92759
1776084660.9899263,36.98854732513428,IO -> PLC,4.13752
1776084661.0059257,37.00454664230347,IO -> PLC,5.40869
1776084661.0219252,37.020546197891235,IO -> PLC,2.4491
1776084661.0379255,37.03654646873474,IO -> PLC,4.97649
1776084661.053925,37.05254602432251,IO -> PLC,3.64449
1776084661.0699244,37.0685453414917,IO -> PLC,6.16995
1776084661.0859237,37.08454465866089,IO -> PLC,2.52345
1776084661.1019232,37.10054421424866,IO -> PLC,4.54698
1776084661.1179235,37.11654448509216,IO -> PLC,0.84312
1776084661.133923,37.13254404067993,IO -> PLC,2.86879
1776084661.1499224,37.14854335784912,IO -> PLC,5.36665
1776084661.1659217,37.16454267501831,IO -> PLC,1.65264
1776084661.1819212,37.18054223060608,IO -> PLC,4.28035
1776084661.1979218,37.196542739868164,IO -> PLC,0.79881
1776084661.213921,37.21254205703735,IO -> PLC,2.87873
1776084661.2299204,37.22854137420654,IO -> PLC,5.02626
1776084661.2459197,37.24454069137573,IO -> PLC,1.43913
1776084661.2619202,37.26054120063782,IO -> PLC,3.44441
1776084661.2779195,37.27654051780701,IO -> PLC,5.7005
1776084661.293919,37.292540073394775,IO -> PLC,2.1932
1776084661.3099184,37.308539390563965,IO -> PLC,4.22513
1776084661.325918,37.32453894615173,IO -> PLC,0.71879
1776084661.3419182,37.34053921699524,IO -> PLC,2.71591
1776084661.3579178,37.35653877258301,IO -> PLC,4.68215
1776084661.373917,37.3725380897522,IO -> PLC,0.82893
1776084661.3899167,37.388537645339966,IO -> PLC,3.48631
1776084661.405916,37.404536962509155,IO -> PLC,5.81401
1776084661.4219165,37.42053747177124,IO -> PLC,2.26999
1776084661.4379158,37.43653678894043,IO -> PLC,4.5548
1776084661.453915,37.45253610610962,IO -> PLC,0.72502
1776084661.4699144,37.46853542327881,IO -> PLC,2.73846
1776084661.485915,37.484535932540894,IO -> PLC,4.80926
1776084661.5019145,37.50053548812866,IO -> PLC,1.34804
1776084661.5179138,37.51653480529785,IO -> PLC,3.30405
1776084661.5339131,37.53253412246704,IO -> PLC,5.55686
1776084661.5499127,37.54853367805481,IO -> PLC,2.16557
1776084661.565913,37.564533948898315,IO -> PLC,4.37038
1776084661.5819125,37.580533504486084,IO -> PLC,0.93197
1776084661.5979118,37.59653282165527,IO -> PLC,3.43975
1776084661.6139112,37.61253213882446,IO -> PLC,5.32831
1776084661.6299107,37.62853169441223,IO -> PLC,1.90702
1776084661.645911,37.64453196525574,IO -> PLC,3.76678
1776084661.6619105,37.660531520843506,IO -> PLC,6.02111
1776084661.6779099,37.676530838012695,IO -> PLC,2.64694
1776084661.6939094,37.692530393600464,IO -> PLC,4.71862
1776084661.7099097,37.70853066444397,IO -> PLC,1.16525
1776084661.7259092,37.72453022003174,IO -> PLC,3.23613
1776084661.7419086,37.74052953720093,IO -> PLC,5.24437
1776084661.7579079,37.75652885437012,IO -> PLC,1.58451
1776084661.7739072,37.77252817153931,IO -> PLC,3.65627
1776084661.7899077,37.78852868080139,IO -> PLC,5.98501
1776084661.8059072,37.80452823638916,IO -> PLC,2.24538
1776084661.8219066,37.82052755355835,IO -> PLC,4.34379
1776084661.837906,37.83652687072754,IO -> PLC,0.74849
1776084661.8539054,37.85252642631531,IO -> PLC,2.91546
1776084661.8699057,37.86852669715881,IO -> PLC,4.99138
1776084661.8859053,37.88452625274658,IO -> PLC,1.59361
1776084661.9019046,37.90052556991577,IO -> PLC,3.58761
1776084661.9179041,37.91652512550354,IO -> PLC,5.50673
1776084661.9339044,37.932525396347046,IO -> PLC,1.95151
1776084661.9499037,37.948524713516235,IO -> PLC,3.97815
1776084661.9659033,37.964524269104004,IO -> PLC,0.66247
1776084661.9819026,37.98052358627319,IO -> PLC,3.05769
1776084661.9979022,37.99652314186096,IO -> PLC,5.12345
1776084662.0139024,38.01252341270447,IO -> PLC,1.46479
1776084662.029902,38.028522968292236,IO -> PLC,3.68288
1776084662.0459013,38.044522285461426,IO -> PLC,5.79464
1776084662.0619006,38.060521602630615,IO -> PLC,2.39904
1776084662.0779002,38.076521158218384,IO -> PLC,5.15579
1776084662.0939004,38.09252142906189,IO -> PLC,1.50017
1776084662.1099,38.10852098464966,IO -> PLC,3.73258
1776084662.1258993,38.12452030181885,IO -> PLC,6.11692
1776084662.1418986,38.14051961898804,IO -> PLC,2.64755
1776084662.1578982,38.156519174575806,IO -> PLC,4.51946
1776084662.1738985,38.17251944541931,IO -> PLC,0.80528
1776084662.189898,38.18851900100708,IO -> PLC,3.13218
1776084662.2058973,38.20451831817627,IO -> PLC,5.37811
1776084662.221897,38.22051787376404,IO -> PLC,1.46103
1776084662.2378972,38.236518144607544,IO -> PLC,3.76849
1776084662.2538967,38.25251770019531,IO -> PLC,6.11155
1776084662.269896,38.2685170173645,IO -> PLC,2.4028
1776084662.2858953,38.28451633453369,IO -> PLC,4.61153
1776084662.301895,38.30051589012146,IO -> PLC,0.98655
1776084662.3178952,38.316516160964966,IO -> PLC,2.91911
1776084662.3338947,38.332515716552734,IO -> PLC,4.97247
1776084662.349894,38.348515033721924,IO -> PLC,1.27685
1776084662.3658934,38.36451435089111,IO -> PLC,3.22261
1776084662.381893,38.38051390647888,IO -> PLC,5.93864
1776084662.3978932,38.39651417732239,IO -> PLC,2.28278
1776084662.4138927,38.412513732910156,IO -> PLC,4.39455
1776084662.429892,38.428513050079346,IO -> PLC,0.77485
1776084662.4458916,38.444512605667114,IO -> PLC,2.92829
1776084662.461892,38.46051287651062,IO -> PLC,4.84133
1776084662.4778912,38.47651219367981,IO -> PLC,1.70893
1776084662.4938908,38.49251174926758,IO -> PLC,3.83102
1776084662.50989,38.50851106643677,IO -> PLC,5.8391
1776084662.5258896,38.524510622024536,IO -> PLC,2.29813
1776084662.54189,38.54051089286804,IO -> PLC,4.29421
1776084662.5578895,38.55651044845581,IO -> PLC,6.48061
1776084662.5738888,38.572509765625,IO -> PLC,3.22629
1776084662.589888,38.58850908279419,IO -> PLC,5.37174
1776084662.6058877,38.60450863838196,IO -> PLC,1.6874
1776084662.621888,38.620508909225464,IO -> PLC,3.86572
1776084662.6378875,38.63650846481323,IO -> PLC,5.86364
1776084662.6538868,38.65250778198242,IO -> PLC,1.97657
1776084662.669886,38.66850709915161,IO -> PLC,4.0217
1776084662.6858866,38.684507608413696,IO -> PLC,0.74801
1776084662.701886,38.700506925582886,IO -> PLC,2.62937
1776084662.7178855,38.716506481170654,IO -> PLC,5.14243
1776084662.7338848,38.732505798339844,IO -> PLC,1.41905
1776084662.7498844,38.74850535392761,IO -> PLC,3.49713
1776084662.7658846,38.76450562477112,IO -> PLC,5.3292
1776084662.7818842,38.78050518035889,IO -> PLC,2.09128
1776084662.7978835,38.796504497528076,IO -> PLC,4.37186
1776084662.8138828,38.812503814697266,IO -> PLC,0.89737
1776084662.8298824,38.828503370285034,IO -> PLC,2.78992
1776084662.8458827,38.84450364112854,IO -> PLC,4.94072
1776084662.8618822,38.86050319671631,IO -> PLC,1.24183
1776084662.8778815,38.8765025138855,IO -> PLC,3.93346
1776084662.8938808,38.89250183105469,IO -> PLC,5.78481
1776084662.9098814,38.90850234031677,IO -> PLC,2.31655
1776084662.925881,38.92450189590454,IO -> PLC,4.30832
1776084662.9418802,38.94050121307373,IO -> PLC,1.01632
1776084662.9578795,38.95650053024292,IO -> PLC,3.30505
1776084662.9738789,38.97249984741211,IO -> PLC,5.50489
1776084662.9898794,38.988500356674194,IO -> PLC,1.95768
1776084663.0058787,39.004499673843384,IO -> PLC,4.08169
1776084663.0218782,39.02049922943115,IO -> PLC,6.20153
1776084663.0378776,39.03649854660034,IO -> PLC,2.33494
1776084663.053877,39.05249810218811,IO -> PLC,1.56817
1776084663.0698774,39.068498373031616,IO -> PLC,3.70754
1776084663.085877,39.084497928619385,IO -> PLC,0.75027
1776084663.1018763,39.100497245788574,IO -> PLC,2.75019
1776084663.1178758,39.11649680137634,IO -> PLC,4.8762
1776084663.133876,39.13249707221985,IO -> PLC,1.26539
1776084663.1498754,39.14849638938904,IO -> PLC,3.2821
1776084663.165875,39.16449594497681,IO -> PLC,5.46635
1776084663.1818743,39.180495262145996,IO -> PLC,2.58492
1776084663.1978736,39.196494579315186,IO -> PLC,4.63117
1776084663.213874,39.21249508857727,IO -> PLC,0.96723
1776084663.2298737,39.22849464416504,IO -> PLC,3.15052
1776084663.245873,39.24449396133423,IO -> PLC,6.66722
1776084663.2618723,39.26049327850342,IO -> PLC,3.03401
1776084663.2778718,39.27649283409119,IO -> PLC,5.16433
1776084663.293872,39.29249310493469,IO -> PLC,1.87521
1776084663.3098714,39.30849242210388,IO -> PLC,4.07802
1776084663.325871,39.32449197769165,IO -> PLC,6.18651
1776084663.3418703,39.34049129486084,IO -> PLC,2.44904
1776084663.3578708,39.356491804122925,IO -> PLC,4.65785
1776084663.3738701,39.372491121292114,IO -> PLC,6.68761
1776084663.3898697,39.38849067687988,IO -> PLC,3.23881
1776084663.405869,39.40448999404907,IO -> PLC,5.17952
1776084663.4218686,39.42048954963684,IO -> PLC,1.80135
1776084663.4378688,39.43648982048035,IO -> PLC,3.77159
1776084663.4538684,39.452489376068115,IO -> PLC,6.13544
1776084663.4698677,39.468488693237305,IO -> PLC,2.51559
1776084663.485867,39.484488010406494,IO -> PLC,4.94049
1776084663.5018663,39.500487327575684,IO -> PLC,1.58704
1776084663.5178668,39.51648783683777,IO -> PLC,3.98233
1776084663.5338664,39.53248739242554,IO -> PLC,6.06211
1776084663.5498657,39.54848670959473,IO -> PLC,2.47825
1776084663.565865,39.564486026763916,IO -> PLC,4.55809
1776084663.5818646,39.580485582351685,IO -> PLC,1.21896
1776084663.5978649,39.59648585319519,IO -> PLC,3.75771
1776084663.6138644,39.61248540878296,IO -> PLC,5.75979
1776084663.6298637,39.62848472595215,IO -> PLC,2.18393
1776084663.645863,39.64448404312134,IO -> PLC,4.12761
1776084663.6618636,39.66048455238342,IO -> PLC,0.65736
1776084663.677863,39.67648386955261,IO -> PLC,2.79353
1776084663.6938624,39.69248342514038,IO -> PLC,5.04769
1776084663.7098618,39.70848274230957,IO -> PLC,1.58144
1776084663.7258613,39.72448229789734,IO -> PLC,3.71665
1776084663.7418616,39.740482568740845,IO -> PLC,5.73921
1776084663.7578611,39.75648212432861,IO -> PLC,2.13895
1776084663.7738605,39.7724814414978,IO -> PLC,4.314
1776084663.7898598,39.78848075866699,IO -> PLC,0.89896
1776084663.805859,39.80448007583618,IO -> PLC,3.15721
1776084663.8218596,39.82048058509827,IO -> PLC,5.12536
1776084663.8378592,39.836480140686035,IO -> PLC,1.37046
1776084663.8538585,39.852479457855225,IO -> PLC,3.35614
1776084663.8698578,39.868478775024414,IO -> PLC,5.93593
1776084663.8858583,39.8844792842865,IO -> PLC,2.1655
1776084663.9018576,39.90047860145569,IO -> PLC,4.33454
1776084663.9178572,39.91647815704346,IO -> PLC,0.62548
1776084663.9338565,39.93247747421265,IO -> PLC,2.77517
1776084663.949856,39.948477029800415,IO -> PLC,4.58788
1776084663.9658563,39.96447730064392,IO -> PLC,1.3786
1776084663.9818556,39.98047661781311,IO -> PLC,3.54565
1776084663.9978552,39.99647617340088,IO -> PLC,5.70542
1776084664.0138545,40.01247549057007,IO -> PLC,1.96875
1776084664.029854,40.02847504615784,IO -> PLC,4.40829
1776084664.0458543,40.04447531700134,IO -> PLC,6.31717
1776084664.061854,40.06047487258911,IO -> PLC,2.89996
1776084664.0778532,40.0764741897583,IO -> PLC,5.18789
1776084664.0938525,40.09247350692749,IO -> PLC,1.69612
1776084664.109853,40.108474016189575,IO -> PLC,4.00749
1776084664.1258523,40.124473333358765,IO -> PLC,6.09558
1776084664.141852,40.14047288894653,IO -> PLC,2.41628
1776084664.1578512,40.15647220611572,IO -> PLC,4.59661
1776084664.1738505,40.17247152328491,IO -> PLC,0.7905
1776084664.189851,40.188472032547,IO -> PLC,3.34141
1776084664.2058504,40.20447134971619,IO -> PLC,5.75007
1776084664.22185,40.220470905303955,IO -> PLC,1.9286
1776084664.2378492,40.236470222473145,IO -> PLC,4.08932
1776084664.2538488,40.25246977806091,IO -> PLC,6.30958
1776084664.269849,40.26847004890442,IO -> PLC,2.57307
1776084664.2858486,40.28446960449219,IO -> PLC,5.06869
1776084664.301848,40.30046892166138,IO -> PLC,1.66596
1776084664.3178473,40.316468238830566,IO -> PLC,3.66301
1776084664.3338478,40.33246874809265,IO -> PLC,5.73373
1776084664.349847,40.34846806526184,IO -> PLC,2.09651
1776084664.3658466,40.36446762084961,IO -> PLC,4.23779
1776084664.381846,40.3804669380188,IO -> PLC,1.27637
1776084664.3978453,40.39646625518799,IO -> PLC,3.68407
1776084664.4138458,40.41246676445007,IO -> PLC,5.77423
1776084664.429845,40.42846608161926,IO -> PLC,2.12573
1776084664.4458447,40.44446563720703,IO -> PLC,4.21694
1776084664.461844,40.46046495437622,IO -> PLC,6.28254
1776084664.4778433,40.47646427154541,IO -> PLC,3.47672
1776084664.4938438,40.492464780807495,IO -> PLC,5.39999
1776084664.509843,40.508464097976685,IO -> PLC,1.88878
1776084664.5258427,40.52446365356445,IO -> PLC,4.03735
1776084664.541842,40.54046297073364,IO -> PLC,6.20423
1776084664.5578425,40.55646347999573,IO -> PLC,2.41852
1776084664.5738418,40.57246279716492,IO -> PLC,4.88255
1776084664.5898414,40.588462352752686,IO -> PLC,1.17357
1776084664.6058407,40.604461669921875,IO -> PLC,3.51062
1776084664.62184,40.620460987091064,IO -> PLC,5.45646
1776084664.6378405,40.63646149635315,IO -> PLC,1.71876
1776084664.6538398,40.65246081352234,IO -> PLC,3.79972
1776084664.6698394,40.66846036911011,IO -> PLC,0.73381
1776084664.6858387,40.6844596862793,IO -> PLC,3.01966
1776084664.701838,40.700459003448486,IO -> PLC,5.17654
1776084664.7178385,40.71645951271057,IO -> PLC,2.00399
1776084664.7338378,40.73245882987976,IO -> PLC,4.08503
1776084664.7498374,40.74845838546753,IO -> PLC,5.97646
1776084664.7658367,40.76445770263672,IO -> PLC,2.40885
1776084664.7818372,40.780458211898804,IO -> PLC,4.97616
1776084664.7978365,40.79645752906799,IO -> PLC,1.40878
1776084664.813836,40.81245708465576,IO -> PLC,3.36566
1776084664.8298354,40.82845640182495,IO -> PLC,5.36381
1776084664.8458347,40.84445571899414,IO -> PLC,1.78596
1776084664.8618352,40.860456228256226,IO -> PLC,3.76964
1776084664.8778346,40.876455545425415,IO -> PLC,6.03077
1776084664.893834,40.892455101013184,IO -> PLC,2.44579
1776084664.9098334,40.90845441818237,IO -> PLC,4.54732
1776084664.9258327,40.92445373535156,IO -> PLC,0.94906
1776084664.9418333,40.94045424461365,IO -> PLC,2.91938
1776084664.9578328,40.956453800201416,IO -> PLC,5.13747
1776084664.9738321,40.972453117370605,IO -> PLC,2.09524
1776084664.9898314,40.988452434539795,IO -> PLC,4.31549
1776084665.0058308,41.004451751708984,IO -> PLC,0.64019
1776084665.0218313,41.02045226097107,IO -> PLC,3.13501
1776084665.0378306,41.03645157814026,IO -> PLC,5.54159
1776084665.0538301,41.05245113372803,IO -> PLC,2.22279
1776084665.0698295,41.06845045089722,IO -> PLC,2.16469
1776084665.08583,41.0844509601593,IO -> PLC,2.12387
1776084665.1018293,41.10045027732849,IO -> PLC,2.2662
1776084665.1178288,41.11644983291626,IO -> PLC,1.45014
1776084665.1338282,41.13244915008545,IO -> PLC,2.2276
1776084665.1498277,41.14844870567322,IO -> PLC,2.27479
1776084665.165828,41.164448976516724,IO -> PLC,1.75364
1776084665.1818273,41.18044829368591,IO -> PLC,2.34374
1776084665.1978269,41.19644784927368,IO -> PLC,0.76053
1776084665.2138262,41.21244716644287,IO -> PLC,2.43307
1776084665.2298267,41.228447675704956,IO -> PLC,2.62884
1776084665.245826,41.244446992874146,IO -> PLC,1.45829
1776084665.2618256,41.260446548461914,IO -> PLC,2.49384
1776084665.2778249,41.2764458656311,IO -> PLC,2.38238
1776084665.2938242,41.29244518280029,IO -> PLC,2.06196
1776084665.3098247,41.30844569206238,IO -> PLC,2.13075
1776084665.325824,41.32444500923157,IO -> PLC,2.05721
1776084665.3418233,41.34044432640076,IO -> PLC,2.06752
1776084665.357823,41.356443881988525,IO -> PLC,1.82998
1776084665.3738222,41.372443199157715,IO -> PLC,0.92473
1776084665.3898227,41.3884437084198,IO -> PLC,1.63251
1776084665.405822,41.40444302558899,IO -> PLC,1.63473
1776084665.4218216,41.42044258117676,IO -> PLC,1.65025
1776084665.437821,41.43644189834595,IO -> PLC,1.76216
1776084665.4538214,41.45244240760803,IO -> PLC,0.58849
1776084665.4698207,41.46844172477722,IO -> PLC,2.15543
1776084665.48582,41.48444104194641,IO -> PLC,1.93557
1776084665.5018196,41.50044059753418,IO -> PLC,1.29137
1776084665.517819,41.51643991470337,IO -> PLC,1.25575
1776084665.5338194,41.532440423965454,IO -> PLC,1.2415
1776084665.5498188,41.548439741134644,IO -> PLC,1.81
1776084665.5658183,41.56443929672241,IO -> PLC,1.70982
1776084665.5818176,41.5804386138916,IO -> PLC,0.87825
1776084665.597817,41.59643793106079,IO -> PLC,1.35978
1776084665.6138175,41.612438440322876,IO -> PLC,1.5821
1776084665.6298168,41.628437757492065,IO -> PLC,1.71145
1776084665.6458163,41.644437313079834,IO -> PLC,1.95001
1776084665.6618156,41.66043663024902,IO -> PLC,1.92551
1776084665.677815,41.67643594741821,IO -> PLC,2.19496
1776084665.6938155,41.6924364566803,IO -> PLC,2.46032
1776084665.7098148,41.70843577384949,IO -> PLC,1.09328
1776084665.7258143,41.724435329437256,IO -> PLC,3.26033
1776084665.7418137,41.740434646606445,IO -> PLC,3.82267
1776084665.7578142,41.75643515586853,IO -> PLC,1.64255
1776084665.7738135,41.77243447303772,IO -> PLC,3.62631
1776084665.789813,41.78843402862549,IO -> PLC,4.86459
1776084665.8058124,41.80443334579468,IO -> PLC,2.10486
1776084665.8218117,41.82043266296387,IO -> PLC,4.43151
1776084665.8378122,41.83643317222595,IO -> PLC,0.62012
1776084665.8538115,41.85243248939514,IO -> PLC,2.72773
1776084665.869811,41.86843204498291,IO -> PLC,4.61717
1776084665.8858104,41.8844313621521,IO -> PLC,1.48285
1776084665.9018097,41.90043067932129,IO -> PLC,3.27188
1776084665.9178102,41.916431188583374,IO -> PLC,4.5808
1776084665.9338095,41.93243050575256,IO -> PLC,1.87435
1776084665.949809,41.94843006134033,IO -> PLC,4.35069
1776084665.9658084,41.96442937850952,IO -> PLC,0.97244
1776084665.981809,41.980429887771606,IO -> PLC,3.09117
1776084665.9978082,41.996429204940796,IO -> PLC,0.96146
1776084666.0138075,42.012428522109985,IO -> PLC,2.96962
1776084666.029807,42.028428077697754,IO -> PLC,4.93402
1776084666.0458064,42.04442739486694,IO -> PLC,1.47992
1776084666.061807,42.06042790412903,IO -> PLC,3.46153
1776084666.0778062,42.07642722129822,IO -> PLC,5.45465
1776084666.0938058,42.092426776885986,IO -> PLC,2.23097
1776084666.109805,42.108426094055176,IO -> PLC,4.32121
1776084666.1258044,42.124425411224365,IO -> PLC,0.93793
1776084666.141805,42.14042592048645,IO -> PLC,3.05985
1776084666.1578043,42.15642523765564,IO -> PLC,4.18237
1776084666.1738038,42.17242479324341,IO -> PLC,2.27555
1776084666.1898031,42.1884241104126,IO -> PLC,3.44431
1776084666.2058036,42.20442461967468,IO -> PLC,0.64153
1776084666.221803,42.22042393684387,IO -> PLC,2.73073
1776084666.2378023,42.23642325401306,IO -> PLC,2.18005
1776084666.2538018,42.25242280960083,IO -> PLC,1.28089
1776084666.2698011,42.26842212677002,IO -> PLC,2.07787
1776084666.2858016,42.284422636032104,IO -> PLC,1.74608
1776084666.301801,42.300421953201294,IO -> PLC,1.54558
1776084666.3178003,42.31642127037048,IO -> PLC,1.32444
1776084666.3337998,42.33242082595825,IO -> PLC,6.00944
1776084666.3497992,42.34842014312744,IO -> PLC,1.25209
1776084666.3657997,42.364420652389526,IO -> PLC,4.31814
1776084666.381799,42.380419969558716,IO -> PLC,0.78325
1776084666.3977985,42.396419525146484,IO -> PLC,0.75675
1776084666.4137979,42.412418842315674,IO -> PLC,5.24206
1776084666.4297984,42.42841935157776,IO -> PLC,1.83829
1776084666.4457977,42.44441866874695,IO -> PLC,1.82533
1776084666.461797,42.46041798591614,IO -> PLC,2.49214
1776084666.4777966,42.476417541503906,IO -> PLC,2.46861
1776084666.4937959,42.492416858673096,IO -> PLC,2.69292
1776084666.5097964,42.50841736793518,IO -> PLC,1.30254
1776084666.5257957,42.52441668510437,IO -> PLC,2.83555
1776084666.541795,42.54041600227356,IO -> PLC,2.77945
1776084666.5577946,42.55641555786133,IO -> PLC,1.74195
1776084666.573794,42.57241487503052,IO -> PLC,3.37762
1776084666.5897944,42.5884153842926,IO -> PLC,3.61938
1776084666.6057937,42.60441470146179,IO -> PLC,2.72036
1776084666.6217933,42.62041425704956,IO -> PLC,3.22437
1776084666.6377926,42.63641357421875,IO -> PLC,1.30132
1776084666.653793,42.652414083480835,IO -> PLC,3.19387
1776084666.6697924,42.668413400650024,IO -> PLC,3.83525
1776084666.6857917,42.684412717819214,IO -> PLC,2.14339
1776084666.7017913,42.70041227340698,IO -> PLC,4.18244
1776084666.7177906,42.71641159057617,IO -> PLC,0.84108
1776084666.733791,42.73241209983826,IO -> PLC,3.00396
1776084666.7497904,42.748411417007446,IO -> PLC,3.89007
1776084666.7657897,42.764410734176636,IO -> PLC,1.60132
1776084666.7817893,42.780410289764404,IO -> PLC,3.91373
1776084666.7977886,42.796409606933594,IO -> PLC,0.5714
1776084666.8137891,42.81241011619568,IO -> PLC,2.66764
1776084666.8297884,42.82840943336487,IO -> PLC,3.43799
1776084666.8457878,42.84440875053406,IO -> PLC,1.3378
1776084666.8617873,42.860408306121826,IO -> PLC,3.45453
1776084666.8777876,42.87640857696533,IO -> PLC,4.04566
1776084666.8937871,42.8924081325531,IO -> PLC,2.00476
1776084666.9097865,42.90840744972229,IO -> PLC,4.00396
1776084666.925786,42.92440700531006,IO -> PLC,0.5489
1776084666.9417853,42.94040632247925,IO -> PLC,2.70771
1776084666.9577858,42.95640683174133,IO -> PLC,4.21433
1776084666.9737852,42.97240614891052,IO -> PLC,0.98145
1776084666.9897847,42.98840570449829,IO -> PLC,3.27842
1776084667.005784,43.00440502166748,IO -> PLC,4.64256
1776084667.0217834,43.02040433883667,IO -> PLC,2.93871
1776084667.0377839,43.036404848098755,IO -> PLC,3.96506
1776084667.0537832,43.052404165267944,IO -> PLC,4.00497
1776084667.0697825,43.068403482437134,IO -> PLC,0.85538
1776084667.085782,43.0844030380249,IO -> PLC,3.58125
1776084667.1017814,43.10040235519409,IO -> PLC,5.86814
1776084667.1177819,43.11640286445618,IO -> PLC,2.14675
1776084667.1337812,43.132402181625366,IO -> PLC,4.21444
1776084667.1497805,43.148401498794556,IO -> PLC,6.40397
1776084667.16578,43.164401054382324,IO -> PLC,3.28293
1776084667.1817803,43.18040132522583,IO -> PLC,5.4427
1776084667.19778,43.1964008808136,IO -> PLC,1.79212
1776084667.2137792,43.21240019798279,IO -> PLC,3.98677
1776084667.2297788,43.22839975357056,IO -> PLC,6.08517
1776084667.245778,43.244399070739746,IO -> PLC,2.54107
1776084667.2617786,43.26039958000183,IO -> PLC,4.49004
1776084667.277778,43.27639889717102,IO -> PLC,1.00842
1776084667.2937775,43.29239845275879,IO -> PLC,3.44348
1776084667.3097768,43.30839776992798,IO -> PLC,5.75293
1776084667.325776,43.32439708709717,IO -> PLC,2.20173
1776084667.3417766,43.34039759635925,IO -> PLC,4.18548
1776084667.357776,43.35639691352844,IO -> PLC,6.15676
1776084667.3737752,43.37239623069763,IO -> PLC,2.79907
1776084667.3897748,43.3883957862854,IO -> PLC,4.97116
1776084667.4057753,43.404396295547485,IO -> PLC,1.15266
1776084667.4217746,43.420395612716675,IO -> PLC,3.45587
1776084667.437774,43.436394929885864,IO -> PLC,5.83788
1776084667.4537735,43.45239448547363,IO -> PLC,1.95594
1776084667.4697728,43.46839380264282,IO -> PLC,4.02874
1776084667.4857733,43.48439431190491,IO -> PLC,0.72537
1776084667.5017726,43.5003936290741,IO -> PLC,2.51328
1776084667.517772,43.516392946243286,IO -> PLC,4.62297
1776084667.5337715,43.532392501831055,IO -> PLC,1.06055
1776084667.5497708,43.548391819000244,IO -> PLC,3.09743
1776084667.5657713,43.56439232826233,IO -> PLC,5.46825
1776084667.5817707,43.58039164543152,IO -> PLC,2.42194
1776084667.5977702,43.59639120101929,IO -> PLC,4.73948
1776084667.6137695,43.61239051818848,IO -> PLC,1.38883
1776084667.62977,43.62839102745056,IO -> PLC,3.39306
1776084667.6457694,43.64439034461975,IO -> PLC,5.59892
1776084667.6617687,43.66038966178894,IO -> PLC,1.83065
1776084667.677768,43.67638897895813,IO -> PLC,4.22083
1776084667.6937675,43.6923885345459,IO -> PLC,0.7669
1776084667.709768,43.70838904380798,IO -> PLC,3.27181
1776084667.7257674,43.72438836097717,IO -> PLC,5.21036
1776084667.7417667,43.74038767814636,IO -> PLC,1.55058
1776084667.7577662,43.75638723373413,IO -> PLC,3.51793
1776084667.7737656,43.77238655090332,IO -> PLC,5.72491
1776084667.789766,43.788387060165405,IO -> PLC,1.9924
1776084667.8057654,43.804386377334595,IO -> PLC,4.49722
1776084667.8217647,43.820385694503784,IO -> PLC,0.91842
1776084667.8377643,43.83638525009155,IO -> PLC,2.96162
1776084667.8537645,43.85238552093506,IO -> PLC,5.14482
1776084667.869764,43.86838507652283,IO -> PLC,1.44824
1776084667.8857634,43.88438439369202,IO -> PLC,3.68905
1776084667.901763,43.900383949279785,IO -> PLC,5.71057
1776084667.9177623,43.916383266448975,IO -> PLC,2.12543
1776084667.9337628,43.93238377571106,IO -> PLC,4.25248
1776084667.949762,43.94838309288025,IO -> PLC,1.30554
1776084667.9657614,43.96438241004944,IO -> PLC,3.62419
1776084667.981761,43.98038196563721,IO -> PLC,6.18837
1776084667.9977603,43.9963812828064,IO -> PLC,2.55403
1776084668.0137608,44.01238179206848,IO -> PLC,4.77141
1776084668.0297601,44.02838110923767,IO -> PLC,1.52828
1776084668.0457594,44.04438042640686,IO -> PLC,3.49452
1776084668.061759,44.06037998199463,IO -> PLC,5.60116
1776084668.0777593,44.076380252838135,IO -> PLC,2.97272
1776084668.0937588,44.0923798084259,IO -> PLC,5.18152
1776084668.1097581,44.10837912559509,IO -> PLC,1.76343
1776084668.1257577,44.12437868118286,IO -> PLC,3.91504
1776084668.141757,44.14037799835205,IO -> PLC,5.94081
1776084668.1577573,44.15637826919556,IO -> PLC,2.58616
1776084668.1737568,44.172377824783325,IO -> PLC,4.66288
1776084668.1897562,44.188377141952515,IO -> PLC,1.05966
1776084668.2057557,44.20437669754028,IO -> PLC,3.55625
1776084668.221755,44.22037601470947,IO -> PLC,5.99882
1776084668.2377555,44.23637652397156,IO -> PLC,2.43009
1776084668.2537549,44.25237584114075,IO -> PLC,4.7609
1776084668.2697542,44.26837515830994,IO -> PLC,1.27737
1776084668.2857537,44.284374713897705,IO -> PLC,3.86212
1776084668.301754,44.30037498474121,IO -> PLC,5.74347
1776084668.3177536,44.31637454032898,IO -> PLC,2.19105
1776084668.3337529,44.33237385749817,IO -> PLC,4.71236
1776084668.3497522,44.34837317466736,IO -> PLC,1.1141
1776084668.3657517,44.36437273025513,IO -> PLC,3.43676
1776084668.381752,44.38037300109863,IO -> PLC,5.54533
1776084668.3977516,44.3963725566864,IO -> PLC,2.05147
1776084668.413751,44.41237187385559,IO -> PLC,4.09043
1776084668.4297504,44.42837142944336,IO -> PLC,6.06275
1776084668.4457498,44.44437074661255,IO -> PLC,2.65811
1776084668.4617503,44.460371255874634,IO -> PLC,4.59658
1776084668.4777496,44.47637057304382,IO -> PLC,1.67427
1776084668.493749,44.49236989021301,IO -> PLC,4.01741
1776084668.5097485,44.50836944580078,IO -> PLC,5.96301
1776084668.5257487,44.52436971664429,IO -> PLC,2.46924
1776084668.5417483,44.540369272232056,IO -> PLC,4.46731
1776084668.5577476,44.556368589401245,IO -> PLC,0.69176
1776084668.573747,44.572367906570435,IO -> PLC,3.49477
1776084668.5897465,44.5883674621582,IO -> PLC,6.16256
1776084668.6057467,44.60436773300171,IO -> PLC,2.30493
1776084668.6217463,44.62036728858948,IO -> PLC,4.53429
1776084668.6377456,44.63636660575867,IO -> PLC,1.12245
1776084668.653745,44.652365922927856,IO -> PLC,3.15837
1776084668.6697445,44.668365478515625,IO -> PLC,5.43494
1776084668.6857448,44.68436574935913,IO -> PLC,2.10493
1776084668.7017443,44.7003653049469,IO -> PLC,4.43672
1776084668.7177436,44.71636462211609,IO -> PLC,2.77878
1776084668.7337432,44.73236417770386,IO -> PLC,4.87831
1776084668.7497435,44.74836444854736,IO -> PLC,1.29941
1776084668.765743,44.76436400413513,IO -> PLC,3.81272
1776084668.7817423,44.78036332130432,IO -> PLC,5.97056
1776084668.7977417,44.79636263847351,IO -> PLC,2.51343
1776084668.8137412,44.81236219406128,IO -> PLC,4.40079
1776084668.8297415,44.828362464904785,IO -> PLC,0.98982
1776084668.845741,44.844362020492554,IO -> PLC,3.02062
1776084668.8617404,44.86036133766174,IO -> PLC,5.60136
1776084668.8777397,44.87636065483093,IO -> PLC,2.24472
1776084668.8937392,44.8923602104187,IO -> PLC,4.47113
1776084668.9097395,44.90836048126221,IO -> PLC,0.76727
1776084668.925739,44.924360036849976,IO -> PLC,3.17896
1776084668.9417384,44.940359354019165,IO -> PLC,5.27009
1776084668.957738,44.956358909606934,IO -> PLC,1.56543
1776084668.9737372,44.97235822677612,IO -> PLC,3.92176
1776084668.9897377,44.98835873603821,IO -> PLC,6.17465
1776084669.005737,45.0043580532074,IO -> PLC,2.4804
1776084669.0217364,45.02035737037659,IO -> PLC,4.84689
1776084669.037736,45.036356925964355,IO -> PLC,1.13687
1776084669.0537362,45.05235719680786,IO -> PLC,1.61023
1776084669.0697358,45.06835675239563,IO -> PLC,1.52951
1776084669.085735,45.08435606956482,IO -> PLC,1.78254
1776084669.1017344,45.10035538673401,IO -> PLC,1.53892
1776084669.117734,45.11635494232178,IO -> PLC,1.76836
1776084669.1337345,45.13235545158386,IO -> PLC,1.88011
1776084669.1497338,45.14835476875305,IO -> PLC,1.8649
1776084669.165733,45.16435408592224,IO -> PLC,1.54455
1776084669.1817324,45.18035340309143,IO -> PLC,0.9814
1776084669.197732,45.1963529586792,IO -> PLC,1.94519
1776084669.2137322,45.212353229522705,IO -> PLC,2.1871
1776084669.2297318,45.228352785110474,IO -> PLC,2.06932
1776084669.245731,45.24435210227966,IO -> PLC,2.67575
1776084669.2617307,45.26035165786743,IO -> PLC,2.52533
1776084669.277731,45.27635192871094,IO -> PLC,2.43331
1776084669.2937305,45.292351484298706,IO -> PLC,2.28593
1776084669.3097298,45.308350801467896,IO -> PLC,1.86614
1776084669.3257291,45.324350118637085,IO -> PLC,2.46736
1776084669.3417287,45.34034967422485,IO -> PLC,2.75831
1776084669.357729,45.35634994506836,IO -> PLC,2.81054
1776084669.3737285,45.37234950065613,IO -> PLC,3.24504
1776084669.3897278,45.38834881782532,IO -> PLC,1.72215
1776084669.4057271,45.40434813499451,IO -> PLC,2.99548
1776084669.4217267,45.420347690582275,IO -> PLC,3.16347
1776084669.4377272,45.43634819984436,IO -> PLC,2.27358
1776084669.4537265,45.45234751701355,IO -> PLC,3.14945
1776084669.4697258,45.46834683418274,IO -> PLC,0.96725
1776084669.4857252,45.48434615135193,IO -> PLC,3.38096
1776084669.5017257,45.500346660614014,IO -> PLC,3.25238
1776084669.517725,45.5163459777832,IO -> PLC,2.02855
1776084669.5337245,45.53234553337097,IO -> PLC,3.40916
1776084669.5497239,45.54834485054016,IO -> PLC,0.88592
1776084669.5657234,45.56434440612793,IO -> PLC,2.94136
1776084669.5817237,45.580344676971436,IO -> PLC,3.3092
1776084669.5977232,45.596344232559204,IO -> PLC,2.16929
1776084669.6137226,45.612343549728394,IO -> PLC,3.86041
1776084669.629722,45.62834310531616,IO -> PLC,1.13435
1776084669.6457214,45.64434242248535,IO -> PLC,3.34843
1776084669.6617217,45.66034269332886,IO -> PLC,4.30502
1776084669.6777213,45.676342248916626,IO -> PLC,1.99691
1776084669.6937206,45.692341566085815,IO -> PLC,3.50257
1776084669.70972,45.708340883255005,IO -> PLC,3.29182
1776084669.7257204,45.72434139251709,IO -> PLC,2.6353
1776084669.74172,45.74034094810486,IO -> PLC,4.13072
1776084669.7577193,45.75634026527405,IO -> PLC,1.24689
1776084669.7737186,45.77233958244324,IO -> PLC,3.79604
1776084669.789718,45.78833889961243,IO -> PLC,3.84531
1776084669.8057184,45.80433940887451,IO -> PLC,2.6186
1776084669.8217177,45.8203387260437,IO -> PLC,3.60495
1776084669.8377173,45.83633828163147,IO -> PLC,0.98026
1776084669.8537166,45.85233759880066,IO -> PLC,3.18724
1776084669.8697162,45.86833715438843,IO -> PLC,3.94014
1776084669.8857164,45.884337425231934,IO -> PLC,2.20452
1776084669.901716,45.9003369808197,IO -> PLC,3.8001
1776084669.9177153,45.91633629798889,IO -> PLC,3.66921
1776084669.9337149,45.93233585357666,IO -> PLC,2.74235
1776084669.9497151,45.948336124420166,IO -> PLC,4.04312
1776084669.9657147,45.964335680007935,IO -> PLC,1.69195
1776084669.981714,45.980334997177124,IO -> PLC,4.00654
1776084669.9977133,45.99633431434631,IO -> PLC,0.60164
1776084670.0137126,46.0123336315155,IO -> PLC,2.82509
1776084670.0297132,46.02833414077759,IO -> PLC,4.84141
1776084670.0457127,46.044333696365356,IO -> PLC,1.35469
1776084670.061712,46.060333013534546,IO -> PLC,3.15107
1776084670.0777113,46.076332330703735,IO -> PLC,5.24444
1776084670.093711,46.092331886291504,IO -> PLC,1.94499
1776084670.1097112,46.10833215713501,IO -> PLC,4.06596
1776084670.1257107,46.12433171272278,IO -> PLC,5.35545
1776084670.14171,46.14033102989197,IO -> PLC,2.50034
1776084670.1577094,46.15633034706116,IO -> PLC,4.76764
1776084670.1737099,46.17233085632324,IO -> PLC,1.1601
1776084670.1897092,46.18833017349243,IO -> PLC,3.80445
1776084670.2057087,46.2043297290802,IO -> PLC,5.54139
1776084670.221708,46.22032904624939,IO -> PLC,2.14259
1776084670.2377076,46.23632860183716,IO -> PLC,4.4498
1776084670.253708,46.252328872680664,IO -> PLC,1.25692
1776084670.2697074,46.26832842826843,IO -> PLC,3.18131
1776084670.2857068,46.28432774543762,IO -> PLC,5.33917
1776084670.301706,46.30032706260681,IO -> PLC,2.12181
1776084670.3177054,46.316326379776,IO -> PLC,4.11772
1776084670.333706,46.332326889038086,IO -> PLC,0.79477
1776084670.3497055,46.348326444625854,IO -> PLC,2.88701
1776084670.3657048,46.364325761795044,IO -> PLC,5.23438
1776084670.381704,46.38032507896423,IO -> PLC,2.40696
1776084670.3977036,46.396324634552,IO -> PLC,4.83122
1776084670.413704,46.41232490539551,IO -> PLC,1.17424
1776084670.4297035,46.428324460983276,IO -> PLC,3.2472
1776084670.4457028,46.444323778152466,IO -> PLC,5.27688
1776084670.461702,46.460323095321655,IO -> PLC,1.89968
1776084670.4777026,46.47632360458374,IO -> PLC,4.45178
1776084670.493702,46.49232292175293,IO -> PLC,1.07457
1776084670.5097015,46.5083224773407,IO -> PLC,3.30802
1776084670.5257008,46.52432179450989,IO -> PLC,5.66564
1776084670.5417004,46.540321350097656,IO -> PLC,1.95778
1776084670.5577006,46.55632162094116,IO -> PLC,4.1073
1776084670.5737002,46.57232117652893,IO -> PLC,6.4698
1776084670.5896995,46.58832049369812,IO -> PLC,3.17876
1776084670.6056988,46.60431981086731,IO -> PLC,5.14292
1776084670.6216981,46.6203191280365,IO -> PLC,1.36649
1776084670.6376987,46.636319637298584,IO -> PLC,3.63491
1776084670.6536982,46.65231919288635,IO -> PLC,5.78955
1776084670.6696975,46.66831851005554,IO -> PLC,2.68779
1776084670.6856968,46.68431782722473,IO -> PLC,5.45703
1776084670.7016973,46.700318336486816,IO -> PLC,1.82286
1776084670.7176967,46.716317653656006,IO -> PLC,4.51208
1776084670.7336962,46.732317209243774,IO -> PLC,1.13992
1776084670.7496955,46.748316526412964,IO -> PLC,3.19231
1776084670.765695,46.76431608200073,IO -> PLC,5.22112
1776084670.7816954,46.78031635284424,IO -> PLC,2.69371
1776084670.7976947,46.79631567001343,IO -> PLC,4.62427
1776084670.8136942,46.812315225601196,IO -> PLC,1.22458
1776084670.8296936,46.828314542770386,IO -> PLC,3.67828
1776084670.845693,46.844314098358154,IO -> PLC,5.79109
1776084670.8616934,46.86031436920166,IO -> PLC,2.26939
1776084670.877693,46.87631392478943,IO -> PLC,4.58197
1776084670.8936923,46.89231324195862,IO -> PLC,1.46485
1776084670.9096916,46.90831255912781,IO -> PLC,3.56942
1776084670.925692,46.92431306838989,IO -> PLC,5.69038
1776084670.9416914,46.94031238555908,IO -> PLC,2.19637
1776084670.957691,46.95631194114685,IO -> PLC,4.14309
1776084670.9736903,46.97231125831604,IO -> PLC,6.15157
1776084670.9896896,46.98831057548523,IO -> PLC,2.93812
1776084671.00569,47.004311084747314,IO -> PLC,5.22598
1776084671.0216894,47.020310401916504,IO -> PLC,1.34403
1776084671.037689,47.03630995750427,IO -> PLC,3.79373
1776084671.0536883,47.05230927467346,IO -> PLC,2.70926
1776084671.0696878,47.06830883026123,IO -> PLC,4.83432
1776084671.085688,47.084309101104736,IO -> PLC,1.51551
1776084671.1016877,47.100308656692505,IO -> PLC,4.07057
1776084671.117687,47.116307973861694,IO -> PLC,6.02162
1776084671.1336863,47.132307291030884,IO -> PLC,2.91274
1776084671.1496868,47.14830780029297,IO -> PLC,4.9373
1776084671.1656861,47.16430711746216,IO -> PLC,1.43832
1776084671.1816857,47.18030667304993,IO -> PLC,3.66666
1776084671.197685,47.196305990219116,IO -> PLC,5.79682
1776084671.2136843,47.212305307388306,IO -> PLC,2.15448
1776084671.2296848,47.22830581665039,IO -> PLC,4.37673
1776084671.2456841,47.24430513381958,IO -> PLC,0.87072
1776084671.2616837,47.26030468940735,IO -> PLC,3.15641
1776084671.277683,47.27630400657654,IO -> PLC,5.73188
1776084671.2936823,47.29230332374573,IO -> PLC,2.31267
1776084671.3096828,47.30830383300781,IO -> PLC,4.53108
1776084671.3256822,47.324303150177,IO -> PLC,0.94594
1776084671.3416817,47.34030270576477,IO -> PLC,4.48929
1776084671.357681,47.35630202293396,IO -> PLC,0.57447
1776084671.3736815,47.372302532196045,IO -> PLC,3.07945
1776084671.3896809,47.388301849365234,IO -> PLC,5.20449
1776084671.4056804,47.404301404953,IO -> PLC,1.74432
1776084671.4216797,47.42030072212219,IO -> PLC,5.39816
1776084671.437679,47.43630003929138,IO -> PLC,1.84798
1776084671.4536796,47.45230054855347,IO -> PLC,3.66277
1776084671.4696789,47.468299865722656,IO -> PLC,5.90326
1776084671.4856784,47.484299421310425,IO -> PLC,2.71887
1776084671.5016778,47.500298738479614,IO -> PLC,4.69526
1776084671.517677,47.516298055648804,IO -> PLC,1.05508
1776084671.5336776,47.53229856491089,IO -> PLC,3.86601
1776084671.549677,47.54829788208008,IO -> PLC,6.03209
1776084671.5656765,47.56429743766785,IO -> PLC,2.49207
1776084671.5816758,47.580296754837036,IO -> PLC,5.10354
1776084671.5976763,47.59629726409912,IO -> PLC,1.49385
1776084671.6136756,47.61229658126831,IO -> PLC,3.56561
1776084671.629675,47.6282958984375,IO -> PLC,5.60377
1776084671.6456745,47.64429545402527,IO -> PLC,2.34624
1776084671.6616738,47.66029477119446,IO -> PLC,4.21216
1776084671.6776743,47.67629528045654,IO -> PLC,0.96112
1776084671.6936736,47.69229459762573,IO -> PLC,0.98991
1776084671.7096732,47.7082941532135,IO -> PLC,0.82221
1776084671.7256725,47.72429347038269,IO -> PLC,2.52916
1776084671.7416718,47.74029278755188,IO -> PLC,4.70028
1776084671.7576723,47.756293296813965,IO -> PLC,1.11738
1776084671.7736716,47.772292613983154,IO -> PLC,1.39395
1776084671.7896712,47.78829216957092,IO -> PLC,1.68283
1776084671.8056705,47.80429148674011,IO -> PLC,1.57761
1776084671.8216698,47.8202908039093,IO -> PLC,1.24398
1776084671.8376703,47.83629131317139,IO -> PLC,1.12421
1776084671.8536696,47.852290630340576,IO -> PLC,1.41925
1776084671.8696692,47.868290185928345,IO -> PLC,1.32211
1776084671.8856685,47.884289503097534,IO -> PLC,1.47882
1776084671.901669,47.90029001235962,IO -> PLC,1.49746
1776084671.9176683,47.91628932952881,IO -> PLC,0.98942
1776084671.933668,47.93228888511658,IO -> PLC,1.43935
1776084671.9496672,47.94828820228577,IO -> PLC,1.60231
1776084671.9656665,47.964287519454956,IO -> PLC,1.71198
1776084671.981667,47.98028802871704,IO -> PLC,1.87085
1776084671.9976664,47.99628734588623,IO -> PLC,0.91735
1776084672.013666,48.012286901474,IO -> PLC,1.95612
1776084672.0296652,48.02828621864319,IO -> PLC,2.11811
1776084672.0456657,48.04428672790527,IO -> PLC,2.00425
1776084672.061665,48.06028604507446,IO -> PLC,2.27905
1776084672.0776646,48.07628560066223,IO -> PLC,1.31028
1776084672.093664,48.09228491783142,IO -> PLC,2.39607
1776084672.1096632,48.10828423500061,IO -> PLC,2.28661
1776084672.1256638,48.124284744262695,IO -> PLC,2.14844
1776084672.141663,48.140284061431885,IO -> PLC,2.14243
1776084672.1576624,48.156283378601074,IO -> PLC,2.15801
1776084672.173662,48.17228293418884,IO -> PLC,2.09552
1776084672.1896613,48.18828225135803,IO -> PLC,2.10807
1776084672.2056618,48.20428276062012,IO -> PLC,1.12393
1776084672.221661,48.22028207778931,IO -> PLC,2.05908
1776084672.2376606,48.236281633377075,IO -> PLC,1.86458
1776084672.25366,48.252280950546265,IO -> PLC,1.55656
1776084672.2696602,48.26828122138977,IO -> PLC,2.05017
1776084672.2856598,48.28428077697754,IO -> PLC,2.04103
1776084672.301659,48.30028009414673,IO -> PLC,2.26544
1776084672.3176587,48.3162796497345,IO -> PLC,2.13662
1776084672.333658,48.33227896690369,IO -> PLC,1.84795
1776084672.3496585,48.34827947616577,IO -> PLC,2.0805
1776084672.3656578,48.36427879333496,IO -> PLC,2.08466
1776084672.3816574,48.38027834892273,IO -> PLC,1.90776
1776084672.3976567,48.39627766609192,IO -> PLC,1.8515
1776084672.413656,48.41227698326111,IO -> PLC,0.93088
1776084672.4296565,48.42827749252319,IO -> PLC,2.40886
1776084672.4456558,48.44427680969238,IO -> PLC,2.78175
1776084672.4616551,48.46027612686157,IO -> PLC,1.74656
1776084672.4776547,48.47627568244934,IO -> PLC,2.84541
1776084672.493654,48.49227499961853,IO -> PLC,0.86506
1776084672.5096545,48.508275508880615,IO -> PLC,2.51201
1776084672.5256538,48.524274826049805,IO -> PLC,2.44439
1776084672.5416534,48.54027438163757,IO -> PLC,1.69699
1776084672.5576527,48.55627369880676,IO -> PLC,2.36068
1776084672.5736532,48.57227420806885,IO -> PLC,2.42635
1776084672.5896525,48.58827352523804,IO -> PLC,2.41114
1776084672.6056519,48.60427284240723,IO -> PLC,2.49522
1776084672.6216514,48.620272397994995,IO -> PLC,1.30435
1776084672.6376507,48.636271715164185,IO -> PLC,2.59991
1776084672.6536512,48.65227222442627,IO -> PLC,2.91344
1776084672.6696506,48.66827154159546,IO -> PLC,1.73185
1776084672.68565,48.68427109718323,IO -> PLC,3.14502
1776084672.7016494,48.70027041435242,IO -> PLC,0.96379
1776084672.7176487,48.716269731521606,IO -> PLC,3.32045
1776084672.7336493,48.73227024078369,IO -> PLC,3.3646
1776084672.7496486,48.74826955795288,IO -> PLC,1.99444
1776084672.765648,48.76426887512207,IO -> PLC,3.28713
1776084672.7816474,48.78026843070984,IO -> PLC,1.23991
1776084672.797648,48.796268939971924,IO -> PLC,3.29023
1776084672.8136473,48.81226825714111,IO -> PLC,3.952
1776084672.8296466,48.8282675743103,IO -> PLC,1.91526
1776084672.8456461,48.84426712989807,IO -> PLC,3.59093
1776084672.8616455,48.86026644706726,IO -> PLC,0.65902
1776084672.877646,48.876266956329346,IO -> PLC,2.74614
1776084672.8936453,48.892266273498535,IO -> PLC,3.82474
1776084672.9096446,48.908265590667725,IO -> PLC,1.11196
1776084672.9256442,48.92426514625549,IO -> PLC,3.38645
1776084672.9416435,48.94026446342468,IO -> PLC,4.25224
1776084672.957644,48.95626497268677,IO -> PLC,1.85084
1776084672.9736433,48.97226428985596,IO -> PLC,3.98189
1776084672.9896429,48.988263845443726,IO -> PLC,4.10604
1776084673.0056422,49.004263162612915,IO -> PLC,2.28939
1776084673.0216427,49.020263671875,IO -> PLC,4.00689
1776084673.037642,49.03626298904419,IO -> PLC,1.0545
1776084673.0536413,49.05226230621338,IO -> PLC,5.78582
1776084673.0696406,49.06826162338257,IO -> PLC,2.17213
1776084673.0856402,49.08426117897034,IO -> PLC,5.11321
1776084673.1016407,49.10026168823242,IO -> PLC,1.51391
1776084673.11764,49.11626100540161,IO -> PLC,3.70648
1776084673.1336393,49.1322603225708,IO -> PLC,0.72874
1776084673.149639,49.14825987815857,IO -> PLC,2.85266
1776084673.1656382,49.16425919532776,IO -> PLC,4.87842
1776084673.1816387,49.180259704589844,IO -> PLC,1.45826
1776084673.197638,49.19625902175903,IO -> PLC,3.76843
1776084673.2136376,49.2122585773468,IO -> PLC,5.88763
1776084673.229637,49.22825789451599,IO -> PLC,2.48986
1776084673.2456372,49.2442581653595,IO -> PLC,4.80124
1776084673.2616367,49.260257720947266,IO -> PLC,1.37579
1776084673.277636,49.276257038116455,IO -> PLC,3.70676
1776084673.2936356,49.292256593704224,IO -> PLC,6.08871
1776084673.309635,49.30825591087341,IO -> PLC,2.54677
1776084673.3256354,49.3242564201355,IO -> PLC,4.88158
1776084673.3416348,49.34025573730469,IO -> PLC,1.33452
1776084673.357634,49.35625505447388,IO -> PLC,3.59782
1776084673.3736336,49.372254610061646,IO -> PLC,5.6503
1776084673.389633,49.388253927230835,IO -> PLC,2.06612
1776084673.4056334,49.40425443649292,IO -> PLC,4.19005
1776084673.4216328,49.42025375366211,IO -> PLC,6.17157
1776084673.437632,49.4362530708313,IO -> PLC,2.31218
1776084673.4536316,49.45225262641907,IO -> PLC,5.00253
1776084673.469632,49.46825289726257,IO -> PLC,1.39604
1776084673.4856315,49.48425245285034,IO -> PLC,3.525
1776084673.5016308,49.50025177001953,IO -> PLC,5.6122
1776084673.5176303,49.5162513256073,IO -> PLC,1.89082
1776084673.5336297,49.53225064277649,IO -> PLC,4.21356
1776084673.5496302,49.548251152038574,IO -> PLC,0.80267
1776084673.5656295,49.564250469207764,IO -> PLC,3.1366
1776084673.5816288,49.58024978637695,IO -> PLC,5.79415
1776084673.5976284,49.59624934196472,IO -> PLC,2.42711
1776084673.6136277,49.61224865913391,IO -> PLC,4.22846
1776084673.6296282,49.628249168395996,IO -> PLC,0.86365
1776084673.6456275,49.644248485565186,IO -> PLC,3.02054
1776084673.6616268,49.660247802734375,IO -> PLC,5.17415
1776084673.6776264,49.676247358322144,IO -> PLC,1.68653
1776084673.6936266,49.69224762916565,IO -> PLC,3.90862
1776084673.7096262,49.70824718475342,IO -> PLC,0.64206
1776084673.7256255,49.72424650192261,IO -> PLC,2.76711
1776084673.7416248,49.7402458190918,IO -> PLC,4.96887
1776084673.7576244,49.756245374679565,IO -> PLC,1.10029
1776084673.7736247,49.77224564552307,IO -> PLC,3.64927
1776084673.7896242,49.78824520111084,IO -> PLC,6.11001
1776084673.8056235,49.80424451828003,IO -> PLC,2.43807
1776084673.821623,49.8202440738678,IO -> PLC,4.53648
1776084673.8376224,49.83624339103699,IO -> PLC,1.05382
1776084673.853623,49.85224390029907,IO -> PLC,3.24231
1776084673.8696222,49.86824321746826,IO -> PLC,5.63969
1776084673.8856215,49.88424253463745,IO -> PLC,2.6373
1776084673.901621,49.90024209022522,IO -> PLC,4.71506
1776084673.9176204,49.91624140739441,IO -> PLC,1.15776
1776084673.933621,49.932241916656494,IO -> PLC,3.28178
1776084673.9496202,49.948241233825684,IO -> PLC,5.55027
1776084673.9656196,49.96424055099487,IO -> PLC,2.24058
1776084673.9816191,49.98024010658264,IO -> PLC,4.58476
1776084673.9976194,49.99624037742615,IO -> PLC,0.99986
1776084674.013619,50.012239933013916,IO -> PLC,3.20963
1776084674.0296183,50.028239250183105,IO -> PLC,5.37779
1776084674.0456176,50.044238567352295,IO -> PLC,2.2342
1776084674.0616171,50.06023812294006,IO -> PLC,4.20348
1776084674.0776174,50.07623839378357,IO -> PLC,0.87131
1776084674.093617,50.09223794937134,IO -> PLC,3.01781
1776084674.1096163,50.10823726654053,IO -> PLC,5.20117
1776084674.1256158,50.124236822128296,IO -> PLC,2.98426
1776084674.1416152,50.140236139297485,IO -> PLC,5.19626
1776084674.1576157,50.15623664855957,IO -> PLC,1.2816
1776084674.173615,50.17223596572876,IO -> PLC,3.79586
1776084674.1896143,50.18823528289795,IO -> PLC,5.9945
1776084674.2056139,50.20423483848572,IO -> PLC,2.51065
1776084674.2216141,50.220235109329224,IO -> PLC,5.03612
1776084674.2376137,50.23623466491699,IO -> PLC,1.24545
1776084674.253613,50.25223398208618,IO -> PLC,3.20961
1776084674.2696123,50.26823329925537,IO -> PLC,5.31914
1776084674.2856119,50.28423285484314,IO -> PLC,1.7712
1776084674.3016121,50.300233125686646,IO -> PLC,3.87248
1776084674.3176117,50.316232681274414,IO -> PLC,5.7804
1776084674.333611,50.3322319984436,IO -> PLC,2.14918
1776084674.3496106,50.34823155403137,IO -> PLC,4.32871
1776084674.36561,50.36423087120056,IO -> PLC,0.97398
1776084674.3816102,50.38023114204407,IO -> PLC,3.47577
1776084674.3976097,50.396230697631836,IO -> PLC,5.85179
1776084674.413609,50.412230014801025,IO -> PLC,2.28825
1776084674.4296086,50.428229570388794,IO -> PLC,4.45625
1776084674.4456089,50.4442298412323,IO -> PLC,0.97145
1776084674.4616084,50.46022939682007,IO -> PLC,3.00857
1776084674.4776077,50.47622871398926,IO -> PLC,5.82268
1776084674.493607,50.49222803115845,IO -> PLC,2.17619
1776084674.5096066,50.508227586746216,IO -> PLC,4.31539
1776084674.525607,50.5242280960083,IO -> PLC,6.40771
1776084674.5416064,50.54022741317749,IO -> PLC,2.83705
1776084674.5576057,50.55622673034668,IO -> PLC,4.85458
1776084674.573605,50.57222604751587,IO -> PLC,1.19672
1776084674.5896046,50.58822560310364,IO -> PLC,3.6977
1776084674.605605,50.604225873947144,IO -> PLC,5.91484
1776084674.6216044,50.62022542953491,IO -> PLC,2.10025
1776084674.6376038,50.6362247467041,IO -> PLC,4.28281
1776084674.6536033,50.65222430229187,IO -> PLC,0.61383
1776084674.6696036,50.668224573135376,IO -> PLC,2.90049
1776084674.685603,50.684223890304565,IO -> PLC,5.21074
1776084674.7016025,50.700223445892334,IO -> PLC,1.52543
1776084674.7176018,50.71622276306152,IO -> PLC,3.6812
1776084674.7336013,50.73222231864929,IO -> PLC,5.77345
1776084674.7496016,50.7482225894928,IO -> PLC,2.33064
1776084674.7656012,50.764222145080566,IO -> PLC,4.55
1776084674.7816005,50.780221462249756,IO -> PLC,1.35409
1776084674.7975998,50.796220779418945,IO -> PLC,3.23736
1776084674.8135993,50.812220335006714,IO -> PLC,5.38793
1776084674.8295999,50.8282208442688,IO -> PLC,1.75071
1776084674.8455992,50.84422016143799,IO -> PLC,3.9004
1776084674.8615985,50.86021947860718,IO -> PLC,0.53439
1776084674.8775978,50.87621879577637,IO -> PLC,2.99121
1776084674.8935983,50.89221930503845,IO -> PLC,5.01498
1776084674.9095976,50.90821862220764,IO -> PLC,1.396
1776084674.9255972,50.92421817779541,IO -> PLC,3.49656
1776084674.9415965,50.9402174949646,IO -> PLC,5.61328
1776084674.957596,50.95621705055237,IO -> PLC,2.14808
1776084674.9735963,50.972217321395874,IO -> PLC,4.42665
1776084674.989596,50.98821687698364,IO -> PLC,1.00239
1776084675.0055952,51.00421619415283,IO -> PLC,2.90424
1776084675.0215945,51.02021551132202,IO -> PLC,5.5309
1776084675.037594,51.03621506690979,IO -> PLC,1.94888
1776084675.0535944,51.052215337753296,IO -> PLC,0.72241
1776084675.069594,51.068214893341064,IO -> PLC,0.56072
1776084675.0855932,51.084214210510254,IO -> PLC,5.82135
1776084675.1015925,51.10021352767944,IO -> PLC,2.29765
1776084675.117593,51.11621403694153,IO -> PLC,4.58959
1776084675.1335926,51.1322135925293,IO -> PLC,1.32311
1776084675.149592,51.148212909698486,IO -> PLC,0.61562
1776084675.1655912,51.164212226867676,IO -> PLC,5.42966
1776084675.1815906,51.180211544036865,IO -> PLC,2.02886
1776084675.197591,51.19621205329895,IO -> PLC,0.94784
1776084675.2135904,51.21221137046814,IO -> PLC,6.25943
1776084675.22959,51.22821092605591,IO -> PLC,2.87623
1776084675.2455893,51.2442102432251,IO -> PLC,1.44287
1776084675.2615888,51.260209798812866,IO -> PLC,1.65286
1776084675.277589,51.27621006965637,IO -> PLC,3.81567
1776084675.2935886,51.29220962524414,IO -> PLC,1.40427
1776084675.309588,51.30820894241333,IO -> PLC,1.27137
1776084675.3255873,51.32420825958252,IO -> PLC,1.08087
1776084675.3415868,51.34020781517029,IO -> PLC,0.81997
1776084675.357587,51.356208086013794,IO -> PLC,2.95413
1776084675.3735867,51.37220764160156,IO -> PLC,1.11915
1776084675.389586,51.38820695877075,IO -> PLC,1.76845
1776084675.4055853,51.40420627593994,IO -> PLC,4.20472
1776084675.4215858,51.420206785202026,IO -> PLC,0.55317
1776084675.4375854,51.436206340789795,IO -> PLC,2.47037
1776084675.4535847,51.452205657958984,IO -> PLC,4.55326
1776084675.469584,51.468204975128174,IO -> PLC,0.86603
1776084675.4855833,51.48420429229736,IO -> PLC,0.8661
1776084675.5015838,51.50020480155945,IO -> PLC,1.10913
1776084675.5175831,51.51620411872864,IO -> PLC,0.99232
1776084675.5335827,51.532203674316406,IO -> PLC,0.85822
1776084675.549582,51.548202991485596,IO -> PLC,1.02126
1776084675.5655825,51.56420350074768,IO -> PLC,1.01325
1776084675.5815818,51.58020281791687,IO -> PLC,0.91707
1776084675.5975814,51.59620237350464,IO -> PLC,0.96426
1776084675.6135807,51.61220169067383,IO -> PLC,3.72517
1776084675.62958,51.62820100784302,IO -> PLC,1.08232
1776084675.6455805,51.6442015171051,IO -> PLC,1.322
1776084675.6615798,51.66020083427429,IO -> PLC,1.26374
1776084675.6775794,51.67620038986206,IO -> PLC,1.40118
1776084675.6935787,51.69219970703125,IO -> PLC,1.35317
1776084675.709578,51.70819902420044,IO -> PLC,1.22227
1776084675.7255785,51.724199533462524,IO -> PLC,1.02168
1776084675.741578,51.74019908905029,IO -> PLC,1.48962
1776084675.7575774,51.75619840621948,IO -> PLC,1.95586
1776084675.7735767,51.77219772338867,IO -> PLC,2.14946
1776084675.789576,51.78819704055786,IO -> PLC,1.90672
1776084675.8055766,51.804197549819946,IO -> PLC,1.7851
1776084675.8215759,51.820196866989136,IO -> PLC,0.79192
1776084675.8375754,51.836196422576904,IO -> PLC,1.65323
1776084675.8535748,51.852195739746094,IO -> PLC,1.97804
1776084675.8695753,51.86819624900818,IO -> PLC,1.37791
1776084675.8855746,51.88419556617737,IO -> PLC,2.11457
1776084675.9015741,51.90019512176514,IO -> PLC,2.10961
1776084675.9175735,51.916194438934326,IO -> PLC,2.11687
1776084675.933573,51.932193994522095,IO -> PLC,1.98477
1776084675.9495733,51.9481942653656,IO -> PLC,1.2476
1776084675.9655726,51.96419358253479,IO -> PLC,2.24812
1776084675.9815722,51.98019313812256,IO -> PLC,2.28939
1776084675.9975715,51.99619245529175,IO -> PLC,2.22905
1776084676.0135708,52.01219177246094,IO -> PLC,3.53079
1776084676.0295713,52.02819228172302,IO -> PLC,1.03002
1776084676.0455709,52.04419183731079,IO -> PLC,3.09762
1776084676.0615702,52.06019115447998,IO -> PLC,4.03086
1776084676.0775695,52.07619047164917,IO -> PLC,1.96443
1776084676.09357,52.092190980911255,IO -> PLC,3.94802
1776084676.1095693,52.108190298080444,IO -> PLC,0.63338
1776084676.1255686,52.124189615249634,IO -> PLC,2.73483
1776084676.1415682,52.1401891708374,IO -> PLC,4.19936
1776084676.1575675,52.15618848800659,IO -> PLC,1.13032
1776084676.173568,52.17218899726868,IO -> PLC,3.58091
1776084676.1895673,52.188188314437866,IO -> PLC,4.28477
1776084676.205567,52.204187870025635,IO -> PLC,1.95505
1776084676.2215662,52.220187187194824,IO -> PLC,3.97377
1776084676.2375658,52.23618674278259,IO -> PLC,3.80687
1776084676.253566,52.2521870136261,IO -> PLC,2.4296
1776084676.2695656,52.26818656921387,IO -> PLC,4.02029
1776084676.285565,52.28418588638306,IO -> PLC,1.58306
1776084676.3015642,52.300185203552246,IO -> PLC,3.63738
1776084676.3175647,52.31618571281433,IO -> PLC,3.89673
1776084676.333564,52.33218502998352,IO -> PLC,2.35057
1776084676.3495636,52.34818458557129,IO -> PLC,4.07712
1776084676.365563,52.36418390274048,IO -> PLC,1.03777
1776084676.3815622,52.38018321990967,IO -> PLC,3.49675
1776084676.3975627,52.39618372917175,IO -> PLC,4.4083
1776084676.413562,52.41218304634094,IO -> PLC,2.18515
1776084676.4295616,52.42818260192871,IO -> PLC,4.27219
1776084676.445561,52.4441819190979,IO -> PLC,0.68497
1776084676.4615602,52.46018123626709,IO -> PLC,2.51313
1776084676.4775608,52.476181745529175,IO -> PLC,5.10715
1776084676.49356,52.492181062698364,IO -> PLC,1.37056
1776084676.5095596,52.50818061828613,IO -> PLC,3.50594
1776084676.525559,52.52417993545532,IO -> PLC,5.1824
1776084676.5415595,52.54018044471741,IO -> PLC,2.26913
1776084676.5575588,52.5561797618866,IO -> PLC,4.2096
1776084676.5735583,52.572179317474365,IO -> PLC,0.72912
1776084676.5895576,52.588178634643555,IO -> PLC,3.1521
1776084676.605557,52.604177951812744,IO -> PLC,5.56491
1776084676.6215575,52.62017846107483,IO -> PLC,1.67673
1776084676.6375568,52.63617777824402,IO -> PLC,3.89402
1776084676.6535563,52.65217733383179,IO -> PLC,6.38347
1776084676.6695557,52.66817665100098,IO -> PLC,3.18147
1776084676.685555,52.684175968170166,IO -> PLC,5.35765
1776084676.7015555,52.70017647743225,IO -> PLC,1.99292
1776084676.7175548,52.71617579460144,IO -> PLC,4.13828
1776084676.7335544,52.73217535018921,IO -> PLC,0.59851
1776084676.7495537,52.7481746673584,IO -> PLC,2.78172
1776084676.7655542,52.76417517662048,IO -> PLC,5.28966
1776084676.7815535,52.78017449378967,IO -> PLC,2.11318
1776084676.7975528,52.79617381095886,IO -> PLC,4.48912
1776084676.8135524,52.81217336654663,IO -> PLC,0.88462
1776084676.8295517,52.82817268371582,IO -> PLC,2.8419
1776084676.8455522,52.844173192977905,IO -> PLC,4.96359
1776084676.8615515,52.860172510147095,IO -> PLC,2.88092
1776084676.877551,52.87617206573486,IO -> PLC,5.31198
1776084676.8935504,52.89217138290405,IO -> PLC,1.74548
1776084676.9095497,52.90817070007324,IO -> PLC,4.02206
1776084676.9255502,52.92417120933533,IO -> PLC,6.09478
1776084676.9415495,52.94017052650452,IO -> PLC,2.43492
1776084676.957549,52.956170082092285,IO -> PLC,4.35732
1776084676.9735484,52.972169399261475,IO -> PLC,6.53556
1776084676.989549,52.98816990852356,IO -> PLC,2.74977
1776084677.0055482,53.00416922569275,IO -> PLC,5.21276
1776084677.0215476,53.02016854286194,IO -> PLC,1.45058
1776084677.037547,53.03616809844971,IO -> PLC,4.11924
1776084677.0535464,53.0521674156189,IO -> PLC,3.1619
1776084677.069547,53.06816792488098,IO -> PLC,5.49273
1776084677.0855463,53.08416724205017,IO -> PLC,2.5785
1776084677.1015456,53.10016655921936,IO -> PLC,4.48849
1776084677.1175451,53.11616611480713,IO -> PLC,1.01713
1776084677.1335444,53.13216543197632,IO -> PLC,2.80935
1776084677.149545,53.1481659412384,IO -> PLC,5.4657
1776084677.1655443,53.16416525840759,IO -> PLC,1.94536
1776084677.1815438,53.18016481399536,IO -> PLC,4.38051
1776084677.1975431,53.19616413116455,IO -> PLC,0.69009
1776084677.2135425,53.21216344833374,IO -> PLC,2.83665
1776084677.229543,53.228163957595825,IO -> PLC,4.94514
1776084677.2455423,53.244163274765015,IO -> PLC,1.45849
1776084677.2615418,53.26016283035278,IO -> PLC,3.41856
1776084677.2775412,53.27616214752197,IO -> PLC,5.80378
1776084677.2935417,53.29216265678406,IO -> PLC,2.32617
1776084677.309541,53.30816197395325,IO -> PLC,4.45321
1776084677.3255403,53.32416129112244,IO -> PLC,0.84055
1776084677.3415399,53.340160846710205,IO -> PLC,2.75576
1776084677.3575392,53.356160163879395,IO -> PLC,5.21441
1776084677.3735397,53.37216067314148,IO -> PLC,1.42775
1776084677.389539,53.38815999031067,IO -> PLC,3.88153
1776084677.4055383,53.40415930747986,IO -> PLC,1.08291
1776084677.4215379,53.42015886306763,IO -> PLC,3.67077
1776084677.4375372,53.436158180236816,IO -> PLC,5.7895
1776084677.4535377,53.4521586894989,IO -> PLC,2.0746
1776084677.469537,53.46815800666809,IO -> PLC,4.09292
1776084677.4855366,53.48415756225586,IO -> PLC,0.96052
1776084677.501536,53.50015687942505,IO -> PLC,2.94117
1776084677.5175364,53.516157388687134,IO -> PLC,5.24958
1776084677.5335357,53.53215670585632,IO -> PLC,1.83045
1776084677.549535,53.54815602302551,IO -> PLC,4.97546
1776084677.5655346,53.56415557861328,IO -> PLC,1.56529
1776084677.581534,53.58015489578247,IO -> PLC,4.15852
1776084677.5975344,53.596155405044556,IO -> PLC,0.87947
1776084677.6135337,53.612154722213745,IO -> PLC,3.46839
1776084677.629533,53.628154039382935,IO -> PLC,5.918
1776084677.6455326,53.6441535949707,IO -> PLC,2.62496
1776084677.661532,53.66015291213989,IO -> PLC,5.05706
1776084677.6775324,53.67615342140198,IO -> PLC,1.97291
1776084677.6935318,53.69215273857117,IO -> PLC,4.43781
1776084677.7095313,53.708152294158936,IO -> PLC,1.05252
1776084677.7255306,53.724151611328125,IO -> PLC,3.50622
1776084677.741531,53.74015188217163,IO -> PLC,5.55966
1776084677.7575305,53.7561514377594,IO -> PLC,2.39942
1776084677.7735298,53.77215075492859,IO -> PLC,4.73032
1776084677.7895293,53.78815031051636,IO -> PLC,1.46872
1776084677.8055286,53.80414962768555,IO -> PLC,4.18363
1776084677.8215292,53.82015013694763,IO -> PLC,0.66209
1776084677.8375285,53.83614945411682,IO -> PLC,2.81779
1776084677.8535278,53.85214877128601,IO -> PLC,5.17636
1776084677.8695273,53.86814832687378,IO -> PLC,0.74454
1776084677.8855267,53.88414764404297,IO -> PLC,0.87582
1776084677.9015272,53.900148153305054,IO -> PLC,0.97525
1776084677.9175265,53.91614747047424,IO -> PLC,1.09004
1776084677.9335258,53.93214678764343,IO -> PLC,0.83715
1776084677.9495254,53.9481463432312,IO -> PLC,2.38888
1776084677.9655256,53.96414661407471,IO -> PLC,2.6296
1776084677.9815252,53.980146169662476,IO -> PLC,2.33349
1776084677.9975245,53.996145486831665,IO -> PLC,2.69942
1776084678.013524,54.012145042419434,IO -> PLC,1.45423
1776084678.0295234,54.02814435958862,IO -> PLC,3.30998
1776084678.0455236,54.04414463043213,IO -> PLC,3.75864
1776084678.0615232,54.0601441860199,IO -> PLC,3.19755
1776084678.0775225,54.07614350318909,IO -> PLC,4.24319
1776084678.093522,54.092143058776855,IO -> PLC,2.87008
1776084678.1095214,54.108142375946045,IO -> PLC,5.43746
1776084678.125522,54.12414288520813,IO -> PLC,2.11554
1776084678.1415212,54.14014220237732,IO -> PLC,4.57963
1776084678.1575205,54.15614151954651,IO -> PLC,1.16579
1776084678.17352,54.17214107513428,IO -> PLC,3.71557
1776084678.1895206,54.18814158439636,IO -> PLC,0.72246
1776084678.20552,54.20414090156555,IO -> PLC,2.95496
1776084678.2215192,54.22014021873474,IO -> PLC,5.62571
1776084678.2375185,54.23613953590393,IO -> PLC,2.08585
1776084678.253518,54.2521390914917,IO -> PLC,4.51187
1776084678.2695184,54.268139362335205,IO -> PLC,1.20747
1776084678.285518,54.284138917922974,IO -> PLC,3.8587
1776084678.3015172,54.30013823509216,IO -> PLC,6.21831
1776084678.3175168,54.31613779067993,IO -> PLC,3.0624
1776084678.3335161,54.33213710784912,IO -> PLC,5.51298
1776084678.3495164,54.34813737869263,IO -> PLC,2.03032
1776084678.365516,54.364136934280396,IO -> PLC,4.36018
1776084678.3815153,54.380136251449585,IO -> PLC,1.34547
1776084678.3975148,54.39613580703735,IO -> PLC,4.0163
1776084678.413515,54.41213607788086,IO -> PLC,6.09126
1776084678.4295146,54.42813563346863,IO -> PLC,2.80606
1776084678.445514,54.44413495063782,IO -> PLC,5.178
1776084678.4615133,54.46013426780701,IO -> PLC,1.98928
1776084678.4775128,54.476133823394775,IO -> PLC,4.97325
1776084678.4935133,54.49213433265686,IO -> PLC,1.6678
1776084678.5095127,54.50813364982605,IO -> PLC,3.94141
1776084678.525512,54.52413296699524,IO -> PLC,6.39304
1776084678.5415113,54.54013228416443,IO -> PLC,2.93414
1776084678.5575109,54.5561318397522,IO -> PLC,5.31216
1776084678.5735111,54.5721321105957,IO -> PLC,2.03735
1776084678.5895107,54.58813166618347,IO -> PLC,4.71123
1776084678.60551,54.60413098335266,IO -> PLC,1.59723
1776084678.6215096,54.62013053894043,IO -> PLC,3.67099
1776084678.6375089,54.63612985610962,IO -> PLC,6.1707
1776084678.6535094,54.652130365371704,IO -> PLC,2.61124
1776084678.6695087,54.668129682540894,IO -> PLC,0.61986
1776084678.685508,54.68412899971008,IO -> PLC,2.24704
1776084678.7015076,54.70012855529785,IO -> PLC,0.90577
1776084678.7175078,54.71612882614136,IO -> PLC,1.06472
1776084678.7335074,54.732128381729126,IO -> PLC,1.45377
1776084678.7495067,54.748127698898315,IO -> PLC,0.55172
1776084678.765506,54.764127016067505,IO -> PLC,1.93233
1776084678.7815056,54.78012657165527,IO -> PLC,1.92007
1776084678.797506,54.79612708091736,IO -> PLC,2.21512
1776084678.8135054,54.81212639808655,IO -> PLC,2.21015
1776084678.8295047,54.82812571525574,IO -> PLC,1.34793
1776084678.845504,54.84412503242493,IO -> PLC,3.31033
1776084678.8615036,54.860124588012695,IO -> PLC,3.47425
1776084678.8775039,54.8761248588562,IO -> PLC,2.65716
1776084678.8935034,54.89212441444397,IO -> PLC,4.01936
1776084678.9095027,54.90812373161316,IO -> PLC,1.75821
1776084678.9255023,54.92412328720093,IO -> PLC,3.85958
1776084678.9415026,54.940123558044434,IO -> PLC,0.74774
1776084678.9575021,54.9561231136322,IO -> PLC,3.37865
1776084678.9735014,54.97212243080139,IO -> PLC,5.21704
1776084678.9895008,54.98812174797058,IO -> PLC,2.4369
1776084679.0055003,55.00412130355835,IO -> PLC,5.03597
1776084679.0215006,55.020121574401855,IO -> PLC,1.37923
1776084679.0375001,55.036121129989624,IO -> PLC,4.05302
1776084679.0534995,55.05212044715881,IO -> PLC,3.0856
1776084679.0694988,55.068119764328,IO -> PLC,5.54331
1776084679.0854993,55.08412027359009,IO -> PLC,2.78589
1776084679.1014988,55.100119829177856,IO -> PLC,5.38591
1776084679.1174982,55.116119146347046,IO -> PLC,1.99735
1776084679.1334975,55.132118463516235,IO -> PLC,4.56993
1776084679.1494968,55.148117780685425,IO -> PLC,1.13336
1776084679.1654973,55.16411828994751,IO -> PLC,3.42937
1776084679.1814966,55.1801176071167,IO -> PLC,5.83292
1776084679.1974962,55.19611716270447,IO -> PLC,2.89109
1776084679.2134955,55.21211647987366,IO -> PLC,5.56287
1776084679.229495,55.228116035461426,IO -> PLC,2.21544
1776084679.2454953,55.24411630630493,IO -> PLC,4.76962
1776084679.2614949,55.2601158618927,IO -> PLC,1.45489
1776084679.2774942,55.27611517906189,IO -> PLC,4.09189
1776084679.2934935,55.29211449623108,IO -> PLC,0.81908
1776084679.309493,55.30811405181885,IO -> PLC,3.06605
1776084679.3254933,55.32411432266235,IO -> PLC,5.25551
1776084679.341493,55.34011387825012,IO -> PLC,0.56672
1776084679.3574922,55.35611319541931,IO -> PLC,1.04104
1776084679.3734915,55.3721125125885,IO -> PLC,1.08815
1776084679.389492,55.388113021850586,IO -> PLC,1.4436
1776084679.4054916,55.404112577438354,IO -> PLC,1.67824
1776084679.421491,55.420111894607544,IO -> PLC,1.78175
1776084679.4374902,55.43611121177673,IO -> PLC,2.07591
1776084679.4534895,55.45211052894592,IO -> PLC,1.45427
1776084679.46949,55.46811103820801,IO -> PLC,2.66087
1776084679.4854894,55.4841103553772,IO -> PLC,0.84629
1776084679.501489,55.500109910964966,IO -> PLC,2.76342
1776084679.5174882,55.516109228134155,IO -> PLC,0.54954
1776084679.5334878,55.532108783721924,IO -> PLC,3.0566
1776084679.549488,55.54810905456543,IO -> PLC,3.16124
1776084679.5654876,55.5641086101532,IO -> PLC,1.80756
1776084679.581487,55.58010792732239,IO -> PLC,4.74248
1776084679.5974863,55.59610724449158,IO -> PLC,1.29768
1776084679.6134868,55.61210775375366,IO -> PLC,2.0065
1776084679.629486,55.62810707092285,IO -> PLC,2.20641
1776084679.6454856,55.64410662651062,IO -> PLC,2.11535
1776084679.661485,55.66010594367981,IO -> PLC,3.46213
1776084679.6774843,55.676105260849,IO -> PLC,0.55798
1776084679.6934848,55.692105770111084,IO -> PLC,2.59894
1776084679.7094843,55.70810532569885,IO -> PLC,3.80147
1776084679.7254837,55.72410464286804,IO -> PLC,1.29662
1776084679.741483,55.74010396003723,IO -> PLC,3.54655
1776084679.7574823,55.75610327720642,IO -> PLC,3.77111
1776084679.7734828,55.772103786468506,IO -> PLC,2.37439
1776084679.789482,55.788103103637695,IO -> PLC,3.59107
1776084679.8054817,55.804102659225464,IO -> PLC,1.03302
1776084679.821481,55.82010197639465,IO -> PLC,3.16327
1776084679.8374815,55.83610248565674,IO -> PLC,3.38463
1776084679.8534808,55.85210180282593,IO -> PLC,1.95407
1776084679.8694804,55.868101358413696,IO -> PLC,3.84479
1776084679.8854797,55.884100675582886,IO -> PLC,1.2633
1776084679.9014792,55.900100231170654,IO -> PLC,3.23545
1776084679.9174795,55.91610050201416,IO -> PLC,3.52154
1776084679.9334788,55.93209981918335,IO -> PLC,2.01098
1776084679.9494784,55.94809937477112,IO -> PLC,3.84425
1776084679.9654777,55.96409869194031,IO -> PLC,0.93922
1776084679.981477,55.9800980091095,IO -> PLC,3.45229
1776084679.9974775,55.99609851837158,IO -> PLC,4.95386
1776084680.013477,56.01209807395935,IO -> PLC,2.2514
1776084680.0294764,56.02809739112854,IO -> PLC,4.32301
1776084680.0454757,56.04409670829773,IO -> PLC,0.66115
1776084680.0614753,56.0600962638855,IO -> PLC,2.83955
1776084680.0774755,56.076096534729004,IO -> PLC,4.91132
1776084680.0934749,56.09209585189819,IO -> PLC,1.87917
1776084680.1094744,56.10809540748596,IO -> PLC,4.29399
1776084680.1254737,56.12409472465515,IO -> PLC,0.56676
1776084680.1414742,56.140095233917236,IO -> PLC,2.78686
1776084680.1574736,56.156094551086426,IO -> PLC,4.76341
1776084680.1734731,56.172094106674194,IO -> PLC,0.94898
1776084680.1894724,56.188093423843384,IO -> PLC,3.34117
1776084680.205472,56.20409297943115,IO -> PLC,4.70345
1776084680.2214723,56.22009325027466,IO -> PLC,2.25077
1776084680.2374716,56.23609256744385,IO -> PLC,4.4127
1776084680.2534711,56.252092123031616,IO -> PLC,1.06117
1776084680.2694705,56.268091440200806,IO -> PLC,3.3491
1776084680.285471,56.28409194946289,IO -> PLC,4.2709
1776084680.3014703,56.30009126663208,IO -> PLC,1.99662
1776084680.3174698,56.31609082221985,IO -> PLC,4.12142
1776084680.3334692,56.33209013938904,IO -> PLC,4.4003
1776084680.3494685,56.34808945655823,IO -> PLC,2.4086
1776084680.365469,56.36408996582031,IO -> PLC,4.75494
1776084680.3814683,56.3800892829895,IO -> PLC,1.54245
1776084680.3974676,56.39608860015869,IO -> PLC,3.60614
1776084680.4134672,56.41208815574646,IO -> PLC,5.0838
1776084680.4294665,56.42808747291565,IO -> PLC,2.19405
1776084680.445467,56.444087982177734,IO -> PLC,4.09269
1776084680.4614663,56.460087299346924,IO -> PLC,0.70044
1776084680.4774659,56.47608685493469,IO -> PLC,3.47455
1776084680.4934652,56.49208617210388,IO -> PLC,5.73177
1776084680.5094657,56.50808668136597,IO -> PLC,2.36992
1776084680.525465,56.524085998535156,IO -> PLC,4.56353
1776084680.5414646,56.540085554122925,IO -> PLC,5.01321
1776084680.557464,56.556084871292114,IO -> PLC,3.24369
1776084680.5734632,56.572084188461304,IO -> PLC,5.28592
1776084680.5894637,56.58808469772339,IO -> PLC,2.21801
1776084680.605463,56.60408401489258,IO -> PLC,4.47091
1776084680.6214626,56.62008357048035,IO -> PLC,0.92065
1776084680.637462,56.636082887649536,IO -> PLC,2.89416
1776084680.6534612,56.652082204818726,IO -> PLC,5.27523
1776084680.6694617,56.66808271408081,IO -> PLC,1.82746
1776084680.685461,56.68408203125,IO -> PLC,4.06298
1776084680.7014604,56.70008134841919,IO -> PLC,0.93867
1776084680.71746,56.71608090400696,IO -> PLC,2.91019
1776084680.7334592,56.73208022117615,IO -> PLC,5.06387
1776084680.7494597,56.74808073043823,IO -> PLC,1.57818
1776084680.765459,56.76408004760742,IO -> PLC,3.97972
1776084680.7814586,56.78007960319519,IO -> PLC,0.82884
1776084680.797458,56.79607892036438,IO -> PLC,3.07261
1776084680.8134584,56.812079429626465,IO -> PLC,4.81565
1776084680.8294578,56.828078746795654,IO -> PLC,1.34419
1776084680.8454573,56.84407830238342,IO -> PLC,3.24706
1776084680.8614566,56.86007761955261,IO -> PLC,5.39972
1776084680.877456,56.8760769367218,IO -> PLC,2.02563
1776084680.8934565,56.89207744598389,IO -> PLC,4.45981
1776084680.9094558,56.908076763153076,IO -> PLC,0.83179
1776084680.9254553,56.924076318740845,IO -> PLC,2.84819
1776084680.9414546,56.940075635910034,IO -> PLC,4.6385
1776084680.957454,56.956074953079224,IO -> PLC,0.69191
1776084680.9734545,56.97207546234131,IO -> PLC,2.82928
1776084680.9894538,56.9880747795105,IO -> PLC,5.20929
1776084681.0054533,57.00407433509827,IO -> PLC,1.72151
1776084681.0214527,57.020073652267456,IO -> PLC,3.6652
1776084681.0374532,57.03607416152954,IO -> PLC,5.862
1776084681.0534525,57.05207347869873,IO -> PLC,4.68634
1776084681.0694518,57.06807279586792,IO -> PLC,1.47418
1776084681.0854514,57.08407235145569,IO -> PLC,3.79171
1776084681.1014507,57.10007166862488,IO -> PLC,6.04668
1776084681.1174512,57.11607217788696,IO -> PLC,2.38587
1776084681.1334505,57.13207149505615,IO -> PLC,4.61028
1776084681.14945,57.14807105064392,IO -> PLC,1.4298
1776084681.1654494,57.16407036781311,IO -> PLC,3.53629
1776084681.1814487,57.1800696849823,IO -> PLC,5.70109
1776084681.1974492,57.196070194244385,IO -> PLC,2.20652
1776084681.2134485,57.212069511413574,IO -> PLC,4.18891
1776084681.229448,57.22806906700134,IO -> PLC,6.16124
1776084681.2454474,57.24406838417053,IO -> PLC,2.57242
1776084681.261448,57.26006889343262,IO -> PLC,5.09244
1776084681.2774472,57.27606821060181,IO -> PLC,1.7646
1776084681.2934465,57.292067527770996,IO -> PLC,3.74004
1776084681.309446,57.308067083358765,IO -> PLC,5.94508
1776084681.3254454,57.324066400527954,IO -> PLC,2.49812
1776084681.341446,57.34006690979004,IO -> PLC,4.88853
1776084681.3574452,57.35606622695923,IO -> PLC,1.03498
1776084681.3734446,57.37206554412842,IO -> PLC,3.43549
1776084681.389444,57.38806509971619,IO -> PLC,5.79494
1776084681.4054434,57.404064416885376,IO -> PLC,2.09731
1776084681.421444,57.42006492614746,IO -> PLC,4.1314
1776084681.4374433,57.43606424331665,IO -> PLC,0.58618
1776084681.4534428,57.45206379890442,IO -> PLC,2.64242
1776084681.4694421,57.46806311607361,IO -> PLC,4.75115
1776084681.4854424,57.484063386917114,IO -> PLC,1.29818
1776084681.501442,57.50006294250488,IO -> PLC,3.62083
1776084681.5174413,57.51606225967407,IO -> PLC,6.01717
1776084681.5334408,57.53206181526184,IO -> PLC,2.45892
1776084681.5494401,57.54806113243103,IO -> PLC,4.97398
1776084681.5654407,57.564061641693115,IO -> PLC,1.39308
1776084681.58144,57.580060958862305,IO -> PLC,3.99728
1776084681.5974393,57.596060276031494,IO -> PLC,5.95751
1776084681.6134388,57.61205983161926,IO -> PLC,2.45645
1776084681.6294382,57.62805914878845,IO -> PLC,4.43382
1776084681.6454387,57.64405965805054,IO -> PLC,1.12237
1776084681.661438,57.66005897521973,IO -> PLC,3.12845
1776084681.6774373,57.676058292388916,IO -> PLC,5.4931
1776084681.6934369,57.692057847976685,IO -> PLC,1.85901
1776084681.7094371,57.70805811882019,IO -> PLC,3.97277
1776084681.7254367,57.72405767440796,IO -> PLC,5.97381
1776084681.741436,57.74005699157715,IO -> PLC,2.441
1776084681.7574356,57.75605654716492,IO -> PLC,4.44308
1776084681.7734349,57.772055864334106,IO -> PLC,0.92882
1776084681.7894351,57.78805613517761,IO -> PLC,3.04764
1776084681.8054347,57.80405569076538,IO -> PLC,5.46549
1776084681.821434,57.82005500793457,IO -> PLC,1.69818
1776084681.8374336,57.83605456352234,IO -> PLC,3.86324
1776084681.853433,57.85205388069153,IO -> PLC,5.84675
1776084681.8694334,57.86805438995361,IO -> PLC,2.4973
1776084681.8854327,57.8840537071228,IO -> PLC,4.87228
1776084681.901432,57.90005302429199,IO -> PLC,1.34443
1776084681.9174316,57.91605257987976,IO -> PLC,3.48275
1776084681.9334319,57.93205285072327,IO -> PLC,5.34779
1776084681.9494314,57.948052406311035,IO -> PLC,2.25532
1776084681.9654307,57.964051723480225,IO -> PLC,4.32708
1776084681.98143,57.980051040649414,IO -> PLC,1.13724
1776084681.9974296,57.99605059623718,IO -> PLC,3.0758
1776084682.0134299,58.01205086708069,IO -> PLC,5.14956
1776084682.0294294,58.02805042266846,IO -> PLC,1.87091
1776084682.0454288,58.04404973983765,IO -> PLC,3.88012
1776084682.0614283,58.060049295425415,IO -> PLC,5.73267
1776084682.0774276,58.076048612594604,IO -> PLC,2.77332
1776084682.093428,58.09204888343811,IO -> PLC,5.21895
1776084682.1094275,58.10804843902588,IO -> PLC,1.9883
1776084682.1254268,58.12404775619507,IO -> PLC,4.01078
1776084682.1414263,58.14004731178284,IO -> PLC,6.1512
1776084682.1574256,58.156046628952026,IO -> PLC,2.79543
1776084682.1734262,58.17204713821411,IO -> PLC,5.01063
1776084682.1894255,58.1880464553833,IO -> PLC,1.37741
1776084682.2054248,58.20404577255249,IO -> PLC,3.36334
1776084682.2214243,58.22004532814026,IO -> PLC,5.75743
1776084682.2374246,58.236045598983765,IO -> PLC,2.09269
1776084682.2534242,58.25204515457153,IO -> PLC,4.33535
1776084682.2694235,58.26804447174072,IO -> PLC,1.11998
1776084682.2854228,58.28404378890991,IO -> PLC,5.07807
1776084682.3014224,58.30004334449768,IO -> PLC,1.47878
1776084682.3174226,58.31604361534119,IO -> PLC,3.55046
1776084682.3334222,58.332043170928955,IO -> PLC,5.46445
1776084682.3494215,58.348042488098145,IO -> PLC,1.93997
1776084682.365421,58.36404204368591,IO -> PLC,4.2911
1776084682.3814204,58.3800413608551,IO -> PLC,0.83116
1776084682.397421,58.39604187011719,IO -> PLC,2.89068
1776084682.4134202,58.41204118728638,IO -> PLC,5.1907
1776084682.4294195,58.428040504455566,IO -> PLC,1.74189
1776084682.445419,58.444040060043335,IO -> PLC,3.68452
1776084682.4614193,58.46004033088684,IO -> PLC,5.71437
1776084682.477419,58.47603988647461,IO -> PLC,2.39045
1776084682.4934182,58.4920392036438,IO -> PLC,4.59853
1776084682.5094175,58.50803852081299,IO -> PLC,1.16805
1776084682.525417,58.52403807640076,IO -> PLC,3.45798
1776084682.5414174,58.54003834724426,IO -> PLC,5.9352
1776084682.557417,58.55603790283203,IO -> PLC,2.22822
1776084682.5734162,58.57203722000122,IO -> PLC,4.766
1776084682.5894156,58.58803653717041,IO -> PLC,1.24639
1776084682.605415,58.60403609275818,IO -> PLC,3.35912
1776084682.6214154,58.620036363601685,IO -> PLC,5.95642
1776084682.637415,58.63603591918945,IO -> PLC,2.08655
1776084682.6534142,58.65203523635864,IO -> PLC,4.01799
1776084682.6694138,58.66803479194641,IO -> PLC,1.05344
1776084682.685414,58.68403506278992,IO -> PLC,3.40193
1776084682.7014136,58.700034618377686,IO -> PLC,5.44185
1776084682.717413,58.716033935546875,IO -> PLC,2.00937
1776084682.7334123,58.732033252716064,IO -> PLC,3.74944
1776084682.7494118,58.74803280830383,IO -> PLC,5.82616
1776084682.765412,58.76403307914734,IO -> PLC,2.49616
1776084682.7814116,58.78003263473511,IO -> PLC,4.73473
1776084682.797411,58.7960319519043,IO -> PLC,1.37928
1776084682.8134103,58.812031269073486,IO -> PLC,3.3864
1776084682.8294098,58.828030824661255,IO -> PLC,5.40704
1776084682.84541,58.84403109550476,IO -> PLC,1.74414
1776084682.8614097,58.86003065109253,IO -> PLC,3.83735
1776084682.877409,58.87602996826172,IO -> PLC,6.09752
1776084682.8934083,58.89202928543091,IO -> PLC,2.73063
1776084682.9094088,58.90802979469299,IO -> PLC,4.81576
1776084682.9254081,58.92402911186218,IO -> PLC,1.48559
1776084682.9414077,58.94002866744995,IO -> PLC,3.48983
1776084682.957407,58.95602798461914,IO -> PLC,5.62087
1776084682.9734066,58.97202754020691,IO -> PLC,1.91221
1776084682.9894068,58.988027811050415,IO -> PLC,4.68729
1776084683.0054064,59.004027366638184,IO -> PLC,0.82893
1776084683.0214057,59.02002668380737,IO -> PLC,3.04903
1776084683.037405,59.03602600097656,IO -> PLC,5.11271
1776084683.0534046,59.05202555656433,IO -> PLC,2.30713
1776084683.0694048,59.06802582740784,IO -> PLC,0.77625
1776084683.0854044,59.084025382995605,IO -> PLC,2.12086
1776084683.1014037,59.100024700164795,IO -> PLC,1.87619
1776084683.117403,59.116024017333984,IO -> PLC,1.80682
1776084683.1334035,59.13202452659607,IO -> PLC,1.47207
1776084683.1494029,59.14802384376526,IO -> PLC,0.66106
1776084683.1654024,59.16402339935303,IO -> PLC,1.43941
1776084683.1814017,59.18002271652222,IO -> PLC,1.92086
1776084683.197401,59.196022033691406,IO -> PLC,2.05205
1776084683.2134016,59.21202254295349,IO -> PLC,1.86083
1776084683.2294009,59.22802186012268,IO -> PLC,0.92678
1776084683.2454004,59.24402141571045,IO -> PLC,2.01769
1776084683.2613997,59.26002073287964,IO -> PLC,2.26858
1776084683.2773993,59.27602028846741,IO -> PLC,1.49669
1776084683.2933996,59.29202055931091,IO -> PLC,2.15438
1776084683.3093991,59.30802011489868,IO -> PLC,2.32022
1776084683.3253984,59.32401943206787,IO -> PLC,2.40125
1776084683.3413978,59.34001874923706,IO -> PLC,2.0769
1776084683.3573983,59.356019258499146,IO -> PLC,2.50091
1776084683.3733976,59.372018575668335,IO -> PLC,2.04424
1776084683.3893971,59.3880181312561,IO -> PLC,2.04543
1776084683.4053965,59.40401744842529,IO -> PLC,1.42282
1776084683.4213958,59.42001676559448,IO -> PLC,1.92804
1776084683.4373963,59.43601727485657,IO -> PLC,2.04483
1776084683.4533956,59.45201659202576,IO -> PLC,2.02129
1776084683.4693952,59.468016147613525,IO -> PLC,2.45459
1776084683.4853945,59.484015464782715,IO -> PLC,1.02419
1776084683.5013938,59.500014781951904,IO -> PLC,2.22255
1776084683.5173943,59.51601529121399,IO -> PLC,2.10894
1776084683.5333936,59.53201460838318,IO -> PLC,1.91035
1776084683.5493932,59.54801416397095,IO -> PLC,2.07643
1776084683.5653925,59.56401348114014,IO -> PLC,0.63755
1776084683.581393,59.58001399040222,IO -> PLC,2.3665
1776084683.5973923,59.59601330757141,IO -> PLC,2.6421
1776084683.6133919,59.61201286315918,IO -> PLC,1.76653
1776084683.6293912,59.62801218032837,IO -> PLC,2.18565
1776084683.6453905,59.64401149749756,IO -> PLC,0.59029
1776084683.661391,59.660012006759644,IO -> PLC,2.55852
1776084683.6773903,59.67601132392883,IO -> PLC,2.7482
1776084683.69339,59.6920108795166,IO -> PLC,1.7211
1776084683.7093892,59.70801019668579,IO -> PLC,2.65929
1776084683.7253885,59.72400951385498,IO -> PLC,2.6268
1776084683.741389,59.740010023117065,IO -> PLC,2.3411
1776084683.7573884,59.756009340286255,IO -> PLC,2.50421
1776084683.773388,59.77200889587402,IO -> PLC,1.09606
1776084683.7893872,59.78800821304321,IO -> PLC,0.91187
1776084683.8053877,59.8040087223053,IO -> PLC,5.63688
1776084683.821387,59.82000803947449,IO -> PLC,0.76585
1776084683.8373864,59.83600735664368,IO -> PLC,4.17783
1776084683.853386,59.852006912231445,IO -> PLC,0.59181
1776084683.8693852,59.868006229400635,IO -> PLC,2.72598
1776084683.8853858,59.88400673866272,IO -> PLC,4.86118
1776084683.901385,59.90000605583191,IO -> PLC,0.66394
1776084683.9173846,59.91600561141968,IO -> PLC,3.64103
1776084683.933384,59.93200492858887,IO -> PLC,5.90312
1776084683.9493833,59.94800424575806,IO -> PLC,1.04944
1776084683.9653838,59.96400475502014,IO -> PLC,1.30457
1776084683.981383,59.98000407218933,IO -> PLC,1.35975
1776084683.9973826,59.9960036277771,IO -> PLC,1.31806
1776084684.013382,60.01200294494629,IO -> PLC,5.25151
1776084684.0293813,60.02800226211548,IO -> PLC,1.28667
1776084684.0453818,60.04400277137756,IO -> PLC,3.75549
1776084684.061381,60.06000208854675,IO -> PLC,1.35849
1776084684.0773807,60.07600164413452,IO -> PLC,2.89863
1776084684.09338,60.09200096130371,IO -> PLC,2.90814
1776084684.1093805,60.108001470565796,IO -> PLC,1.39045
1776084684.1253798,60.124000787734985,IO -> PLC,2.34617
1776084684.141379,60.140000104904175,IO -> PLC,2.38208
1776084684.1573787,60.15599966049194,IO -> PLC,1.62235
1776084684.173378,60.17199897766113,IO -> PLC,2.41318
1776084684.1893785,60.18799948692322,IO -> PLC,0.60564
1776084684.2053778,60.20399880409241,IO -> PLC,2.60492
1776084684.2213774,60.219998359680176,IO -> PLC,2.45754
1776084684.2373767,60.235997676849365,IO -> PLC,1.59741
1776084684.253376,60.251996994018555,IO -> PLC,2.79993
1776084684.2693765,60.26799750328064,IO -> PLC,2.89113
1776084684.2853758,60.28399682044983,IO -> PLC,2.54486
1776084684.3013754,60.2999963760376,IO -> PLC,2.69373
1776084684.3173747,60.31599569320679,IO -> PLC,1.32054
1776084684.3333752,60.33199620246887,IO -> PLC,2.88332
1776084684.3493745,60.34799551963806,IO -> PLC,2.9225
1776084684.3653738,60.36399483680725,IO -> PLC,2.11038
1776084684.3813734,60.37999439239502,IO -> PLC,2.98825
1776084684.3973727,60.39599370956421,IO -> PLC,0.9667
1776084684.4133732,60.411994218826294,IO -> PLC,3.03567
1776084684.4293725,60.42799353599548,IO -> PLC,2.89133
1776084684.4453719,60.44399285316467,IO -> PLC,1.73614
1776084684.4613714,60.45999240875244,IO -> PLC,3.46925
1776084684.4773707,60.47599172592163,IO -> PLC,1.06057
1776084684.4933712,60.491992235183716,IO -> PLC,3.13241
1776084684.5093706,60.507991552352905,IO -> PLC,3.43577
1776084684.5253701,60.523991107940674,IO -> PLC,1.90769
1776084684.5413694,60.53999042510986,IO -> PLC,3.54135
1776084684.55737,60.55599093437195,IO -> PLC,3.45045
1776084684.5733693,60.57199025154114,IO -> PLC,2.04862
1776084684.5893686,60.58798956871033,IO -> PLC,3.44043
1776084684.6053681,60.603989124298096,IO -> PLC,1.4016
1776084684.6213675,60.619988441467285,IO -> PLC,3.22568
1776084684.637368,60.63598895072937,IO -> PLC,3.23086
1776084684.6533673,60.65198826789856,IO -> PLC,2.11976
1776084684.6693666,60.66798758506775,IO -> PLC,3.38581
1776084684.6853662,60.68398714065552,IO -> PLC,0.78168
1776084684.7013655,60.69998645782471,IO -> PLC,2.88216
1776084684.717366,60.71598696708679,IO -> PLC,3.94836
1776084684.7333653,60.73198628425598,IO -> PLC,1.80297
1776084684.7493646,60.74798560142517,IO -> PLC,3.92585
1776084684.7653642,60.76398515701294,IO -> PLC,0.85098
1776084684.7813644,60.779985427856445,IO -> PLC,3.37548
1776084684.797364,60.795984983444214,IO -> PLC,5.3222
1776084684.8133633,60.8119843006134,IO -> PLC,1.9142
1776084684.8293629,60.82798385620117,IO -> PLC,3.76371
1776084684.8453622,60.84398317337036,IO -> PLC,5.93075
1776084684.8613625,60.85998344421387,IO -> PLC,2.40506
1776084684.877362,60.875982999801636,IO -> PLC,4.53651
1776084684.8933613,60.891982316970825,IO -> PLC,1.07929
1776084684.909361,60.907981872558594,IO -> PLC,2.94201
1776084684.9253602,60.92398118972778,IO -> PLC,5.18482
1776084684.9413607,60.93998169898987,IO -> PLC,1.33967
1776084684.95736,60.95598101615906,IO -> PLC,3.60905
1776084684.9733593,60.97198033332825,IO -> PLC,5.97066
1776084684.989359,60.987979888916016,IO -> PLC,2.37744
1776084685.0053592,61.00398015975952,IO -> PLC,4.44201
1776084685.0213587,61.01997971534729,IO -> PLC,0.77503
1776084685.037358,61.03597903251648,IO -> PLC,4.26413
1776084685.0533574,61.05197834968567,IO -> PLC,3.2464
1776084685.069357,61.06797790527344,IO -> PLC,5.24128
1776084685.0853572,61.08397817611694,IO -> PLC,2.04855
1776084685.1013567,61.09997773170471,IO -> PLC,4.14889
1776084685.117356,61.1159770488739,IO -> PLC,6.33217
1776084685.1333556,61.13197660446167,IO -> PLC,2.60998
1776084685.149355,61.14797592163086,IO -> PLC,5.28602
1776084685.1653552,61.163976192474365,IO -> PLC,1.92521
1776084685.1813548,61.179975748062134,IO -> PLC,4.30099
1776084685.197354,61.19597506523132,IO -> PLC,6.34306
1776084685.2133536,61.21197462081909,IO -> PLC,2.76625
1776084685.229354,61.2279748916626,IO -> PLC,5.08267
1776084685.2453535,61.243974447250366,IO -> PLC,1.45888
1776084685.2613528,61.259973764419556,IO -> PLC,3.48961
1776084685.277352,61.275973081588745,IO -> PLC,5.97827
1776084685.2933517,61.291972637176514,IO -> PLC,2.71563
1776084685.309352,61.30797290802002,IO -> PLC,4.74035
1776084685.3253515,61.32397246360779,IO -> PLC,0.97721
1776084685.3413508,61.33997178077698,IO -> PLC,3.25378
1776084685.35735,61.35597109794617,IO -> PLC,5.53635
1776084685.3733497,61.371970653533936,IO -> PLC,1.64536
1776084685.38935,61.38797092437744,IO -> PLC,4.14714
1776084685.4053495,61.40397047996521,IO -> PLC,6.21971
1776084685.4213488,61.4199697971344,IO -> PLC,2.60601
1776084685.4373484,61.43596935272217,IO -> PLC,4.5212
1776084685.4533477,61.45196866989136,IO -> PLC,1.04064
1776084685.469348,61.46796894073486,IO -> PLC,3.33153
1776084685.4853475,61.48396849632263,IO -> PLC,5.73514
1776084685.5013468,61.49996781349182,IO -> PLC,2.16737
1776084685.5173464,61.51596736907959,IO -> PLC,4.10393
1776084685.5333467,61.531967639923096,IO -> PLC,0.77088
1776084685.5493462,61.547967195510864,IO -> PLC,3.01674
1776084685.5653455,61.563966512680054,IO -> PLC,5.08658
1776084685.5813448,61.57996582984924,IO -> PLC,1.9869
1776084685.5973444,61.59596538543701,IO -> PLC,4.54693
1776084685.613345,61.6119658946991,IO -> PLC,1.0982
1776084685.6293442,61.627965211868286,IO -> PLC,3.50173
1776084685.6453435,61.643964529037476,IO -> PLC,5.39637
1776084685.6613429,61.659963846206665,IO -> PLC,1.94444
1776084685.6773424,61.675963401794434,IO -> PLC,3.91908
1776084685.6933427,61.69196367263794,IO -> PLC,6.00901
1776084685.7093422,61.70796322822571,IO -> PLC,2.43843
1776084685.7253416,61.7239625453949,IO -> PLC,4.54083
1776084685.741341,61.739962100982666,IO -> PLC,0.97938
1776084685.7573414,61.75596237182617,IO -> PLC,3.1177
1776084685.7733407,61.77196168899536,IO -> PLC,5.6042
1776084685.7893403,61.78796124458313,IO -> PLC,1.8453
1776084685.8053396,61.80396056175232,IO -> PLC,4.12363
1776084685.8213391,61.81996011734009,IO -> PLC,6.31524
1776084685.8373394,61.835960388183594,IO -> PLC,2.62362
1776084685.853339,61.85195994377136,IO -> PLC,4.57266
1776084685.8693383,61.86795926094055,IO -> PLC,1.39098
1776084685.8853376,61.88395857810974,IO -> PLC,3.70252
1776084685.9013371,61.89995813369751,IO -> PLC,5.99221
1776084685.9173377,61.915958642959595,IO -> PLC,2.30994
1776084685.933337,61.931957960128784,IO -> PLC,4.44724
1776084685.9493363,61.947957277297974,IO -> PLC,1.13155
1776084685.9653356,61.96395659446716,IO -> PLC,3.26059
1776084685.981336,61.97995710372925,IO -> PLC,5.40012
1776084685.9973354,61.99595642089844,IO -> PLC,2.04131
1776084686.013335,62.011955976486206,IO -> PLC,4.12131
1776084686.0293343,62.027955293655396,IO -> PLC,6.29029
1776084686.0453339,62.043954849243164,IO -> PLC,2.86916
1776084686.0613341,62.05995512008667,IO -> PLC,4.92019
1776084686.0773335,62.07595443725586,IO -> PLC,1.82389
1776084686.093333,62.09195399284363,IO -> PLC,3.8454
1776084686.1093323,62.10795331001282,IO -> PLC,6.1927
1776084686.1253319,62.123952865600586,IO -> PLC,2.91166
1776084686.1413321,62.13995313644409,IO -> PLC,5.10847
1776084686.1573317,62.15595269203186,IO -> PLC,1.21011
1776084686.173331,62.17195200920105,IO -> PLC,3.20188
1776084686.1893303,62.18795132637024,IO -> PLC,5.60661
1776084686.2053308,62.203951835632324,IO -> PLC,1.85355
1776084686.2213302,62.219951152801514,IO -> PLC,3.88835
1776084686.2373297,62.23595070838928,IO -> PLC,6.21309
1776084686.253329,62.25195002555847,IO -> PLC,2.63011
1776084686.2693284,62.26794934272766,IO -> PLC,4.85131
1776084686.2853289,62.283949851989746,IO -> PLC,1.39131
1776084686.3013282,62.299949169158936,IO -> PLC,3.6106
1776084686.3173277,62.315948724746704,IO -> PLC,5.40051
1776084686.333327,62.331948041915894,IO -> PLC,1.79921
1776084686.3493266,62.34794759750366,IO -> PLC,3.95185
1776084686.365327,62.36394786834717,IO -> PLC,0.86051
1776084686.3813262,62.37994718551636,IO -> PLC,3.46981
1776084686.3973258,62.395946741104126,IO -> PLC,5.53741
1776084686.413325,62.411946058273315,IO -> PLC,1.94611
1776084686.4293256,62.4279465675354,IO -> PLC,4.021
1776084686.445325,62.44394588470459,IO -> PLC,0.54771
1776084686.4613245,62.45994544029236,IO -> PLC,2.64915
1776084686.4773238,62.47594475746155,IO -> PLC,5.30454
1776084686.493323,62.49194407463074,IO -> PLC,1.68788
1776084686.5093236,62.50794458389282,IO -> PLC,3.99213
1776084686.525323,62.52394390106201,IO -> PLC,6.07278
1776084686.5413225,62.53994345664978,IO -> PLC,2.49116
1776084686.5573218,62.55594277381897,IO -> PLC,4.55356
1776084686.573321,62.57194209098816,IO -> PLC,0.79347
1776084686.5893216,62.587942600250244,IO -> PLC,3.15796
1776084686.605321,62.603941917419434,IO -> PLC,5.55541
1776084686.6213205,62.6199414730072,IO -> PLC,1.78716
1776084686.6373198,62.63594079017639,IO -> PLC,4.17109
1776084686.6533203,62.65194129943848,IO -> PLC,0.55019
1776084686.6693196,62.667940616607666,IO -> PLC,2.46235
1776084686.685319,62.683939933776855,IO -> PLC,4.92629
1776084686.7013185,62.699939489364624,IO -> PLC,1.21123
1776084686.7173178,62.71593880653381,IO -> PLC,3.41004
1776084686.7333183,62.7319393157959,IO -> PLC,5.33531
1776084686.7493176,62.74793863296509,IO -> PLC,1.91203
1776084686.7653172,62.763938188552856,IO -> PLC,4.29204
1776084686.7813165,62.779937505722046,IO -> PLC,1.15356
1776084686.7973158,62.795936822891235,IO -> PLC,3.12701
1776084686.8133163,62.81193733215332,IO -> PLC,5.47726
1776084686.8293157,62.82793664932251,IO -> PLC,1.7674
1776084686.8453152,62.84393620491028,IO -> PLC,3.91477
1776084686.8613145,62.85993552207947,IO -> PLC,5.77044
1776084686.8773139,62.87593483924866,IO -> PLC,2.34307
1776084686.8933144,62.89193534851074,IO -> PLC,4.69557
1776084686.9093137,62.90793466567993,IO -> PLC,1.15659
1776084686.9253132,62.9239342212677,IO -> PLC,3.14323
1776084686.9413126,62.93993353843689,IO -> PLC,5.32052
1776084686.957313,62.955934047698975,IO -> PLC,1.71082
1776084686.9733124,62.971933364868164,IO -> PLC,4.46157
1776084686.9893117,62.98793268203735,IO -> PLC,0.86524
1776084687.0053113,63.00393223762512,IO -> PLC,2.80603
1776084687.0213106,63.01993155479431,IO -> PLC,5.21669
1776084687.037311,63.0359320640564,IO -> PLC,1.693
1776084687.0533104,63.051931381225586,IO -> PLC,6.18263
1776084687.06931,63.067930936813354,IO -> PLC,2.57909
1776084687.0853093,63.083930253982544,IO -> PLC,5.32465
1776084687.1013098,63.09993076324463,IO -> PLC,1.81248
1776084687.117309,63.11593008041382,IO -> PLC,3.9548
1776084687.1333084,63.13192939758301,IO -> PLC,5.8608
1776084687.149308,63.147928953170776,IO -> PLC,2.83481
1776084687.1653073,63.163928270339966,IO -> PLC,4.7836
1776084687.1813078,63.17992877960205,IO -> PLC,1.39728
1776084687.197307,63.19592809677124,IO -> PLC,3.47928
1776084687.2133064,63.21192741394043,IO -> PLC,5.82129
1776084687.229306,63.2279269695282,IO -> PLC,2.31313
1776084687.2453053,63.24392628669739,IO -> PLC,4.40633
1776084687.2613058,63.25992679595947,IO -> PLC,0.87775
1776084687.2773051,63.27592611312866,IO -> PLC,3.19929
1776084687.2933044,63.29192543029785,IO -> PLC,5.43178
1776084687.309304,63.30792498588562,IO -> PLC,1.68103
1776084687.3253043,63.323925256729126,IO -> PLC,3.88985
1776084687.3413038,63.339924812316895,IO -> PLC,5.77328
1776084687.3573031,63.355924129486084,IO -> PLC,2.11646
1776084687.3733027,63.37192368507385,IO -> PLC,4.562
1776084687.389302,63.38792300224304,IO -> PLC,0.97798
1776084687.4053025,63.40392351150513,IO -> PLC,3.26383
1776084687.4213018,63.419922828674316,IO -> PLC,5.62538
1776084687.4373012,63.435922145843506,IO -> PLC,1.8079
1776084687.4533007,63.451921701431274,IO -> PLC,3.91343
1776084687.4693,63.467921018600464,IO -> PLC,5.87359
1776084687.4853005,63.48392152786255,IO -> PLC,2.67663
1776084687.5012999,63.49992084503174,IO -> PLC,4.55782
1776084687.5172992,63.51592016220093,IO -> PLC,1.03837
1776084687.5332987,63.531919717788696,IO -> PLC,1.21373
1776084687.549298,63.547919034957886,IO -> PLC,1.7803
1776084687.5652986,63.56391954421997,IO -> PLC,1.84789
1776084687.5812979,63.57991886138916,IO -> PLC,1.8174
1776084687.5972972,63.59591817855835,IO -> PLC,1.02167
1776084687.6132967,63.61191773414612,IO -> PLC,1.87194
1776084687.629297,63.627918004989624,IO -> PLC,1.6908
1776084687.6452966,63.64391756057739,IO -> PLC,1.67318
1776084687.661296,63.65991687774658,IO -> PLC,2.2952
1776084687.6772954,63.67591643333435,IO -> PLC,2.37927
1776084687.6932948,63.69191575050354,IO -> PLC,2.73775
1776084687.7092953,63.707916259765625,IO -> PLC,3.48546
1776084687.7252946,63.723915576934814,IO -> PLC,1.15382
1776084687.741294,63.739914894104004,IO -> PLC,3.2439
1776084687.7572935,63.75591444969177,IO -> PLC,3.53607
1776084687.7732928,63.77191376686096,IO -> PLC,2.95651
1776084687.7892933,63.78791427612305,IO -> PLC,3.14818
1776084687.8052926,63.803913593292236,IO -> PLC,2.24501
1776084687.821292,63.819912910461426,IO -> PLC,3.38193
1776084687.8372915,63.835912466049194,IO -> PLC,0.9958
1776084687.853292,63.85191297531128,IO -> PLC,2.98365
1776084687.8692913,63.86791229248047,IO -> PLC,3.28997
1776084687.8852906,63.88391160964966,IO -> PLC,1.667
1776084687.90129,63.89991092681885,IO -> PLC,3.01906
1776084687.9172895,63.915910482406616,IO -> PLC,3.20753
1776084687.9332898,63.93191075325012,IO -> PLC,2.50924
1776084687.9492893,63.94791030883789,IO -> PLC,3.55064
1776084687.9652886,63.96390962600708,IO -> PLC,1.32245
1776084687.9812882,63.97990918159485,IO -> PLC,3.6863
1776084687.9972875,63.99590849876404,IO -> PLC,0.59279
1776084688.013288,64.01190900802612,IO -> PLC,2.54055
1776084688.0292873,64.02790832519531,IO -> PLC,4.03068
1776084688.0452867,64.0439076423645,IO -> PLC,1.39383
1776084688.0612862,64.05990719795227,IO -> PLC,3.61304
1776084688.0772865,64.07590746879578,IO -> PLC,4.70067
1776084688.093286,64.09190702438354,IO -> PLC,2.63321
1776084688.1092854,64.10790634155273,IO -> PLC,4.25359
1776084688.1252847,64.12390565872192,IO -> PLC,1.00639
1776084688.1412842,64.13990521430969,IO -> PLC,3.15272
1776084688.1572847,64.15590572357178,IO -> PLC,4.73318
1776084688.173284,64.17190504074097,IO -> PLC,1.90791
1776084688.1892834,64.18790435791016,IO -> PLC,4.35858
1776084688.2052827,64.20390367507935,IO -> PLC,6.45378
1776084688.2212822,64.21990323066711,IO -> PLC,2.59951
1776084688.2372825,64.23590350151062,IO -> PLC,4.70912
1776084688.253282,64.25190305709839,IO -> PLC,1.11982
1776084688.2692814,64.26790237426758,IO -> PLC,3.18662
1776084688.285281,64.28390192985535,IO -> PLC,4.6778
1776084688.3012812,64.29990220069885,IO -> PLC,2.26208
1776084688.3172805,64.31590151786804,IO -> PLC,4.21712
1776084688.33328,64.33190107345581,IO -> PLC,0.66598
1776084688.3492794,64.347900390625,IO -> PLC,2.69358
1776084688.365279,64.36389994621277,IO -> PLC,4.6375
1776084688.3812792,64.37990021705627,IO -> PLC,1.56023
1776084688.3972788,64.39589977264404,IO -> PLC,3.64431
1776084688.413278,64.41189908981323,IO -> PLC,4.94308
1776084688.4292774,64.42789840698242,IO -> PLC,2.24062
1776084688.445277,64.44389796257019,IO -> PLC,4.19662
1776084688.4612775,64.45989847183228,IO -> PLC,5.54763
1776084688.4772768,64.47589778900146,IO -> PLC,3.01414
1776084688.4932761,64.49189710617065,IO -> PLC,5.08686
1776084688.5092754,64.50789642333984,IO -> PLC,1.60846
1776084688.525276,64.52389693260193,IO -> PLC,3.53589
1776084688.5412753,64.53989624977112,IO -> PLC,5.26875
1776084688.5572748,64.55589580535889,IO -> PLC,2.37069
1776084688.5732741,64.57189512252808,IO -> PLC,4.95744
1776084688.5892737,64.58789467811584,IO -> PLC,1.17901
1776084688.605274,64.60389494895935,IO -> PLC,3.27334
1776084688.6212735,64.61989450454712,IO -> PLC,5.18845
1776084688.6372728,64.63589382171631,IO -> PLC,1.84796
1776084688.6532722,64.6518931388855,IO -> PLC,3.91157
1776084688.6692717,64.66789269447327,IO -> PLC,0.87342
1776084688.685272,64.68389296531677,IO -> PLC,3.24615
1776084688.7012715,64.69989252090454,IO -> PLC,5.42345
1776084688.7172709,64.71589183807373,IO -> PLC,2.00639
1776084688.7332702,64.73189115524292,IO -> PLC,4.22352
1776084688.7492707,64.747891664505,IO -> PLC,0.54127
1776084688.7652702,64.76389122009277,IO -> PLC,2.89464
1776084688.7812696,64.77989053726196,IO -> PLC,5.21401
1776084688.7972689,64.79588985443115,IO -> PLC,1.73864
1776084688.8132682,64.81188917160034,IO -> PLC,4.17402
1776084688.8292687,64.82788968086243,IO -> PLC,6.35315
1776084688.845268,64.84388899803162,IO -> PLC,2.74065
1776084688.8612676,64.85988855361938,IO -> PLC,4.88706
1776084688.877267,64.87588787078857,IO -> PLC,1.75882
1776084688.8932664,64.89188742637634,IO -> PLC,3.92163
1776084688.9092667,64.90788769721985,IO -> PLC,5.89307
1776084688.9252663,64.92388725280762,IO -> PLC,2.21992
1776084688.9412656,64.9398865699768,IO -> PLC,4.59067
1776084688.957265,64.955885887146,IO -> PLC,0.77944
1776084688.9732645,64.97188544273376,IO -> PLC,2.8932
1776084688.9892647,64.98788571357727,IO -> PLC,5.36531
1776084689.0052643,65.00388526916504,IO -> PLC,1.81401
1776084689.0212636,65.01988458633423,IO -> PLC,3.53664
1776084689.037263,65.03588390350342,IO -> PLC,6.03338
1776084689.0532634,65.0518844127655,IO -> PLC,4.73491
1776084689.0692627,65.06788372993469,IO -> PLC,1.3445
1776084689.0852623,65.08388328552246,IO -> PLC,3.70604
1776084689.1012616,65.09988260269165,IO -> PLC,5.71035
1776084689.117261,65.11588191986084,IO -> PLC,2.23163
1776084689.1332614,65.13188242912292,IO -> PLC,4.52772
1776084689.1492608,65.14788174629211,IO -> PLC,0.94474
1776084689.1652603,65.16388130187988,IO -> PLC,2.7985
1776084689.1812596,65.17988061904907,IO -> PLC,5.2522
1776084689.1972592,65.19588017463684,IO -> PLC,1.79402
1776084689.2132595,65.21188044548035,IO -> PLC,4.0102
1776084689.2292588,65.22787976264954,IO -> PLC,6.1454
1776084689.2452583,65.2438793182373,IO -> PLC,2.95572
1776084689.2612576,65.2598786354065,IO -> PLC,4.84724
1776084689.2772582,65.27587914466858,IO -> PLC,1.63476
1776084689.2932575,65.29187846183777,IO -> PLC,3.76404
1776084689.309257,65.30787801742554,IO -> PLC,5.79277
1776084689.3252563,65.32387733459473,IO -> PLC,2.40748
1776084689.3412557,65.33987665176392,IO -> PLC,4.45876
1776084689.3572562,65.355877161026,IO -> PLC,0.67298
1776084689.3732555,65.37187647819519,IO -> PLC,2.62185
1776084689.389255,65.38787603378296,IO -> PLC,5.25788
1776084689.4052544,65.40387535095215,IO -> PLC,1.39953
1776084689.4212537,65.41987466812134,IO -> PLC,3.55514
1776084689.4372542,65.43587517738342,IO -> PLC,5.57873
1776084689.4532535,65.45187449455261,IO -> PLC,2.11457
1776084689.469253,65.46787405014038,IO -> PLC,4.37058
1776084689.4852524,65.48387336730957,IO -> PLC,1.40635
1776084689.501253,65.49987387657166,IO -> PLC,3.32035
1776084689.5172522,65.51587319374084,IO -> PLC,5.48203
1776084689.5332515,65.53187251091003,IO -> PLC,1.91745
1776084689.549251,65.5478720664978,IO -> PLC,4.23003
1776084689.5652504,65.56387138366699,IO -> PLC,0.58753
1776084689.581251,65.57987189292908,IO -> PLC,2.97164
1776084689.5972502,65.59587121009827,IO -> PLC,5.15588
1776084689.6132498,65.61187076568604,IO -> PLC,1.49434
1776084689.629249,65.62787008285522,IO -> PLC,3.41954
1776084689.6452484,65.64386940002441,IO -> PLC,5.51074
1776084689.661249,65.6598699092865,IO -> PLC,1.9564
1776084689.6772482,65.67586922645569,IO -> PLC,3.99233
1776084689.6932478,65.69186878204346,IO -> PLC,6.17265
1776084689.709247,65.70786809921265,IO -> PLC,2.55671
1776084689.7252476,65.72386860847473,IO -> PLC,4.75465
1776084689.741247,65.73986792564392,IO -> PLC,0.96678
1776084689.7572463,65.75586724281311,IO -> PLC,3.26807
1776084689.7732458,65.77186679840088,IO -> PLC,5.42064
1776084689.7892451,65.78786611557007,IO -> PLC,1.8643
1776084689.8052456,65.80386662483215,IO -> PLC,4.236
1776084689.821245,65.81986594200134,IO -> PLC,0.62135
1776084689.8372443,65.83586525917053,IO -> PLC,2.80567
1776084689.8532438,65.8518648147583,IO -> PLC,5.02592
1776084689.8692431,65.86786413192749,IO -> PLC,1.48287
1776084689.8852437,65.88386464118958,IO -> PLC,3.80536
1776084689.901243,65.89986395835876,IO -> PLC,5.89464
1776084689.9172425,65.91586351394653,IO -> PLC,2.43464
1776084689.9332418,65.93186283111572,IO -> PLC,4.19806
1776084689.9492424,65.94786334037781,IO -> PLC,0.53749
1776084689.9652417,65.963862657547,IO -> PLC,3.01783
1776084689.981241,65.97986197471619,IO -> PLC,5.34848
1776084689.9972405,65.99586153030396,IO -> PLC,1.74399
1776084690.0132399,66.01186084747314,IO -> PLC,3.76663
1776084690.0292404,66.02786135673523,IO -> PLC,5.88455
1776084690.0452397,66.04386067390442,IO -> PLC,2.29854
1776084690.061239,66.05985999107361,IO -> PLC,4.46646
1776084690.0772386,66.07585954666138,IO -> PLC,1.05661
1776084690.0932379,66.09185886383057,IO -> PLC,3.14974
1776084690.1092384,66.10785937309265,IO -> PLC,5.1683
1776084690.1252377,66.12385869026184,IO -> PLC,1.42051
1776084690.141237,66.13985800743103,IO -> PLC,3.55252
1776084690.1572366,66.1558575630188,IO -> PLC,5.6018
1776084690.1732368,66.1718578338623,IO -> PLC,1.74657
1776084690.1892364,66.18785738945007,IO -> PLC,4.07819
1776084690.2052357,66.20385670661926,IO -> PLC,6.31588
1776084690.2212353,66.21985626220703,IO -> PLC,2.55785
1776084690.2372346,66.23585557937622,IO -> PLC,4.46369
1776084690.253235,66.2518560886383,IO -> PLC,0.89407
1776084690.2692344,66.2678554058075,IO -> PLC,2.93303
1776084690.2852337,66.28385472297668,IO -> PLC,4.97512
1776084690.3012333,66.29985427856445,IO -> PLC,1.61951
1776084690.3172326,66.31585359573364,IO -> PLC,3.45758
1776084690.333233,66.33185410499573,IO -> PLC,5.56023
1776084690.3492324,66.34785342216492,IO -> PLC,1.8298
1776084690.3652318,66.3638527393341,IO -> PLC,3.87997
1776084690.3812313,66.37985229492188,IO -> PLC,1.37952
1776084690.3972318,66.39585280418396,IO -> PLC,3.7849
1776084690.4132311,66.41185212135315,IO -> PLC,5.96123
1776084690.4292305,66.42785143852234,IO -> PLC,2.47241
1776084690.4452298,66.44385075569153,IO -> PLC,4.49313
1776084690.4612293,66.4598503112793,IO -> PLC,1.02073
1776084690.4772296,66.4758505821228,IO -> PLC,3.23777
1776084690.4932292,66.49185013771057,IO -> PLC,5.52362
1776084690.5092285,66.50784945487976,IO -> PLC,1.75624
1776084690.525228,66.52384901046753,IO -> PLC,3.84024
1776084690.5412273,66.53984832763672,IO -> PLC,5.84336
1776084690.5572276,66.55584859848022,IO -> PLC,1.95134
1776084690.5732272,66.571848154068,IO -> PLC,4.47664
1776084690.5892265,66.58784747123718,IO -> PLC,0.76453
1776084690.605226,66.60384702682495,IO -> PLC,2.94175
1776084690.6212263,66.61984729766846,IO -> PLC,4.78829
1776084690.6372259,66.63584685325623,IO -> PLC,1.42236
1776084690.6532252,66.65184617042542,IO -> PLC,3.31701
1776084690.6692245,66.6678454875946,IO -> PLC,5.42357
1776084690.685224,66.68384504318237,IO -> PLC,2.35158
1776084690.7012246,66.69984555244446,IO -> PLC,4.55031
1776084690.717224,66.71584486961365,IO -> PLC,1.00621
1776084690.7332232,66.73184418678284,IO -> PLC,2.98893
1776084690.7492225,66.74784350395203,IO -> PLC,4.94797
1776084690.765222,66.7638430595398,IO -> PLC,1.34555
1776084690.7812223,66.7798433303833,IO -> PLC,4.06863
1776084690.797222,66.79584288597107,IO -> PLC,0.77222
1776084690.8132212,66.81184220314026,IO -> PLC,2.90142
1776084690.8292208,66.82784175872803,IO -> PLC,4.90351
1776084690.84522,66.84384107589722,IO -> PLC,1.32165
1776084690.8612206,66.8598415851593,IO -> PLC,3.25412
1776084690.87722,66.87584090232849,IO -> PLC,6.04792
1776084690.8932192,66.89184021949768,IO -> PLC,2.4535
1776084690.9092188,66.90783977508545,IO -> PLC,4.7824
1776084690.925219,66.92384004592896,IO -> PLC,1.08662
1776084690.9412186,66.93983960151672,IO -> PLC,3.51584
1776084690.957218,66.95583891868591,IO -> PLC,5.47079
1776084690.9732172,66.9718382358551,IO -> PLC,1.84902
1776084690.9892168,66.98783779144287,IO -> PLC,4.27095
1776084691.005217,67.00383806228638,IO -> PLC,0.74943
1776084691.0212166,67.01983761787415,IO -> PLC,2.72382
1776084691.037216,67.03583693504333,IO -> PLC,4.8183
1776084691.0532153,67.05183625221252,IO -> PLC,3.89674
1776084691.0692148,67.0678358078003,IO -> PLC,6.05034
1776084691.085215,67.0838360786438,IO -> PLC,2.63321
1776084691.1012146,67.09983563423157,IO -> PLC,4.88922
1776084691.117214,67.11583495140076,IO -> PLC,1.25
1776084691.1332135,67.13183450698853,IO -> PLC,3.62906
1776084691.1492138,67.14783477783203,IO -> PLC,5.82051
1776084691.165213,67.16383409500122,IO -> PLC,2.18841
1776084691.1812127,67.17983365058899,IO -> PLC,5.29238
1776084691.197212,67.19583296775818,IO -> PLC,1.6602
1776084691.2132115,67.21183252334595,IO -> PLC,3.80469
1776084691.2292118,67.22783279418945,IO -> PLC,5.75973
1776084691.2452114,67.24383234977722,IO -> PLC,2.50965
1776084691.2612107,67.25983166694641,IO -> PLC,4.77197
1776084691.27721,67.2758309841156,IO -> PLC,1.35461
1776084691.2932096,67.29183053970337,IO -> PLC,3.46325
1776084691.3092098,67.30783081054688,IO -> PLC,5.57197
1776084691.3252094,67.32383036613464,IO -> PLC,1.65819
1776084691.3412087,67.33982968330383,IO -> PLC,3.89292
1776084691.357208,67.35582900047302,IO -> PLC,5.85283
1776084691.3732085,67.37182950973511,IO -> PLC,2.13994
1776084691.3892078,67.3878288269043,IO -> PLC,4.35194
1776084691.4052074,67.40382838249207,IO -> PLC,0.87953
1776084691.4212067,67.41982769966125,IO -> PLC,2.80185
1776084691.4372063,67.43582725524902,IO -> PLC,4.89305
1776084691.4532065,67.45182752609253,IO -> PLC,1.23223
1776084691.4692059,67.46782684326172,IO -> PLC,3.20567
1776084691.4852054,67.48382639884949,IO -> PLC,5.79657
1776084691.5012047,67.49982571601868,IO -> PLC,2.08968
1776084691.5172043,67.51582527160645,IO -> PLC,4.18904
1776084691.5332046,67.53182554244995,IO -> PLC,0.9768
1776084691.549204,67.54782509803772,IO -> PLC,3.21449
1776084691.5652034,67.56382441520691,IO -> PLC,5.00264
1776084691.5812027,67.5798237323761,IO -> PLC,1.8744
1776084691.5972033,67.59582424163818,IO -> PLC,4.16106
1776084691.6132026,67.61182355880737,IO -> PLC,0.71217
1776084691.6292021,67.62782311439514,IO -> PLC,2.66232
1776084691.6452014,67.64382243156433,IO -> PLC,4.73497
1776084691.6612008,67.65982174873352,IO -> PLC,1.05263
1776084691.6772013,67.6758222579956,IO -> PLC,3.37208
1776084691.6932006,67.6918215751648,IO -> PLC,5.46225
1776084691.7092001,67.70782113075256,IO -> PLC,1.97967
1776084691.7251995,67.72382044792175,IO -> PLC,3.80662
1776084691.7411988,67.73981976509094,IO -> PLC,6.04336
1776084691.7571993,67.75582027435303,IO -> PLC,2.20117
1776084691.7731986,67.77181959152222,IO -> PLC,4.71144
1776084691.7891982,67.78781914710999,IO -> PLC,1.01781
1776084691.8051975,67.80381846427917,IO -> PLC,2.96156
1776084691.821198,67.81981897354126,IO -> PLC,5.01589
1776084691.8371973,67.83581829071045,IO -> PLC,1.29667
1776084691.8531969,67.85181784629822,IO -> PLC,3.53947
1776084691.8691962,67.86781716346741,IO -> PLC,5.4586
1776084691.8851955,67.8838164806366,IO -> PLC,2.37532
1776084691.901196,67.89981698989868,IO -> PLC,4.44604
1776084691.9171953,67.91581630706787,IO -> PLC,0.97987
1776084691.9331949,67.93181586265564,IO -> PLC,3.06475
1776084691.9491942,67.94781517982483,IO -> PLC,5.12139
1776084691.9651935,67.96381449699402,IO -> PLC,1.81692
1776084691.981194,67.9798150062561,IO -> PLC,4.0218
1776084691.9971933,67.9958143234253,IO -> PLC,6.06996
1776084692.013193,68.01181387901306,IO -> PLC,2.49091
1776084692.0291922,68.02781319618225,IO -> PLC,4.4573
1776084692.0451927,68.04381370544434,IO -> PLC,0.70945
1776084692.061192,68.05981302261353,IO -> PLC,2.78441
1776084692.0771914,68.07581233978271,IO -> PLC,5.56772
1776084692.093191,68.09181189537048,IO -> PLC,1.99083
1776084692.1091902,68.10781121253967,IO -> PLC,4.25308
1776084692.1251907,68.12381172180176,IO -> PLC,6.32068
1776084692.14119,68.13981103897095,IO -> PLC,2.43065
1776084692.1571896,68.15581059455872,IO -> PLC,4.63858
1776084692.173189,68.1718099117279,IO -> PLC,0.77191
1776084692.1891882,68.1878092288971,IO -> PLC,3.08329
1776084692.2051888,68.20380973815918,IO -> PLC,5.36906
1776084692.221188,68.21980905532837,IO -> PLC,1.67664
1776084692.2371876,68.23580861091614,IO -> PLC,3.74008
1776084692.253187,68.25180792808533,IO -> PLC,5.80464
1776084692.2691863,68.26780724525452,IO -> PLC,2.17759
1776084692.2851868,68.2838077545166,IO -> PLC,4.446
1776084692.301186,68.29980707168579,IO -> PLC,0.84869
1776084692.3171856,68.31580662727356,IO -> PLC,2.91942
1776084692.333185,68.33180594444275,IO -> PLC,4.69837
1776084692.3491855,68.34780645370483,IO -> PLC,1.06091
1776084692.3651848,68.36380577087402,IO -> PLC,3.32637
1776084692.381184,68.37980508804321,IO -> PLC,6.15792
1776084692.3971837,68.39580464363098,IO -> PLC,2.5003
1776084692.413183,68.41180396080017,IO -> PLC,4.5227
1776084692.4291835,68.42780447006226,IO -> PLC,0.98797
1776084692.4451828,68.44380378723145,IO -> PLC,3.04238
1776084692.4611824,68.45980334281921,IO -> PLC,5.26566
1776084692.4771817,68.4758026599884,IO -> PLC,2.04006
1776084692.493181,68.49180197715759,IO -> PLC,4.19567
1776084692.5091815,68.50780248641968,IO -> PLC,6.12006
1776084692.5251808,68.52380180358887,IO -> PLC,2.65277
1776084692.5411804,68.53980135917664,IO -> PLC,4.63326
1776084692.5571797,68.55580067634583,IO -> PLC,1.14972
1776084692.5731802,68.57180118560791,IO -> PLC,3.07307
1776084692.5891795,68.5878005027771,IO -> PLC,5.96184
1776084692.6051788,68.60379981994629,IO -> PLC,2.22141
1776084692.6211784,68.61979937553406,IO -> PLC,4.3995
1776084692.6371777,68.63579869270325,IO -> PLC,0.77876
1776084692.6531782,68.65179920196533,IO -> PLC,2.74484
1776084692.6691775,68.66779851913452,IO -> PLC,4.98054
1776084692.6851768,68.68379783630371,IO -> PLC,1.60021
1776084692.7011764,68.69979739189148,IO -> PLC,3.80613
1776084692.7171767,68.71579766273499,IO -> PLC,5.73973
1776084692.7331762,68.73179721832275,IO -> PLC,2.26324
1776084692.7491755,68.74779653549194,IO -> PLC,4.11267
1776084692.7651749,68.76379585266113,IO -> PLC,0.65154
1776084692.7811744,68.7797954082489,IO -> PLC,2.85771
1776084692.7971747,68.79579567909241,IO -> PLC,5.45061
1776084692.8131742,68.81179523468018,IO -> PLC,1.70692
1776084692.8291736,68.82779455184937,IO -> PLC,4.02229
1776084692.8451731,68.84379410743713,IO -> PLC,5.79603
1776084692.8611724,68.85979342460632,IO -> PLC,2.38499
1776084692.877173,68.87579393386841,IO -> PLC,4.41787
1776084692.8931723,68.8917932510376,IO -> PLC,0.9313
1776084692.9091716,68.90779256820679,IO -> PLC,2.8585
1776084692.9251711,68.92379212379456,IO -> PLC,4.86465
1776084692.9411705,68.93979144096375,IO -> PLC,1.11271
1776084692.957171,68.95579195022583,IO -> PLC,2.90694
1776084692.9731703,68.97179126739502,IO -> PLC,5.55937
1776084692.9891696,68.98779058456421,IO -> PLC,1.80847
1776084693.0051692,69.00379014015198,IO -> PLC,4.10152
1776084693.0211694,69.01979041099548,IO -> PLC,6.49985
1776084693.037169,69.03578996658325,IO -> PLC,2.84408
1776084693.0531683,69.05178928375244,IO -> PLC,1.64313
1776084693.0691676,69.06778860092163,IO -> PLC,1.53783
1776084693.0851672,69.0837881565094,IO -> PLC,0.83851
1776084693.1011674,69.0997884273529,IO -> PLC,4.25481
1776084693.117167,69.11578798294067,IO -> PLC,0.69848
1776084693.1331663,69.13178730010986,IO -> PLC,3.05082
1776084693.1491659,69.14778685569763,IO -> PLC,1.10023
1776084693.1651652,69.16378617286682,IO -> PLC,1.05014
1776084693.1811657,69.1797866821289,IO -> PLC,1.02461
1776084693.197165,69.1957859992981,IO -> PLC,0.61921
1776084693.2131643,69.21178531646729,IO -> PLC,0.9973
1776084693.229164,69.22778487205505,IO -> PLC,0.98505
1776084693.2451642,69.24378514289856,IO -> PLC,1.19816
1776084693.2611637,69.25978469848633,IO -> PLC,1.41241
1776084693.277163,69.27578401565552,IO -> PLC,1.26086
1776084693.2931623,69.2917833328247,IO -> PLC,1.24894
1776084693.309162,69.30778288841248,IO -> PLC,1.19468
1776084693.3251622,69.32378315925598,IO -> PLC,0.82729
1776084693.3411617,69.33978271484375,IO -> PLC,0.88048
1776084693.357161,69.35578203201294,IO -> PLC,1.02912
1776084693.3731604,69.37178134918213,IO -> PLC,0.98406
1776084693.38916,69.3877809047699,IO -> PLC,2.3638
1776084693.4051602,69.4037811756134,IO -> PLC,2.22049
1776084693.4211597,69.41978073120117,IO -> PLC,1.55901
1776084693.437159,69.43578004837036,IO -> PLC,2.03838
1776084693.4531586,69.45177960395813,IO -> PLC,2.38158
1776084693.469159,69.46777987480164,IO -> PLC,2.09387
1776084693.4851584,69.4837794303894,IO -> PLC,2.62965
1776084693.5011578,69.4997787475586,IO -> PLC,0.85004
1776084693.517157,69.51577806472778,IO -> PLC,2.63107
1776084693.5331566,69.53177762031555,IO -> PLC,2.45289
1776084693.549157,69.54777789115906,IO -> PLC,1.53747
1776084693.5651565,69.56377744674683,IO -> PLC,2.66728
1776084693.5811558,69.57977676391602,IO -> PLC,3.07992
1776084693.597155,69.5957760810852,IO -> PLC,2.72981
1776084693.6131546,69.61177563667297,IO -> PLC,3.20407
1776084693.629155,69.62777590751648,IO -> PLC,1.27692
1776084693.6451545,69.64377546310425,IO -> PLC,3.26156
1776084693.6611538,69.65977478027344,IO -> PLC,3.73389
1776084693.677153,69.67577409744263,IO -> PLC,1.78723
1776084693.6931536,69.69177460670471,IO -> PLC,3.78955
1776084693.709153,69.7077739238739,IO -> PLC,3.67297
1776084693.7251525,69.72377347946167,IO -> PLC,2.40834
1776084693.7411518,69.73977279663086,IO -> PLC,3.38734
1776084693.7571514,69.75577235221863,IO -> PLC,0.6656
1776084693.7731516,69.77177262306213,IO -> PLC,2.96665
1776084693.789151,69.78777194023132,IO -> PLC,2.87576
1776084693.8051505,69.80377149581909,IO -> PLC,1.76153
1776084693.8211498,69.81977081298828,IO -> PLC,3.03989
1776084693.8371494,69.83577036857605,IO -> PLC,3.12197
1776084693.8531497,69.85177063941956,IO -> PLC,2.50337
1776084693.8691492,69.86777019500732,IO -> PLC,3.28092
1776084693.8851485,69.88376951217651,IO -> PLC,1.3701
1776084693.9011478,69.8997688293457,IO -> PLC,3.21761
1776084693.9171484,69.91576933860779,IO -> PLC,3.21064
1776084693.9331477,69.93176865577698,IO -> PLC,1.70231
1776084693.9491472,69.94776821136475,IO -> PLC,3.54158
1776084693.9651465,69.96376752853394,IO -> PLC,3.73039
1776084693.9811459,69.97976684570312,IO -> PLC,2.79329
1776084693.9971464,69.99576735496521,IO -> PLC,3.3885
1776084694.0131457,70.0117666721344,IO -> PLC,1.19199
1776084694.0291452,70.02776622772217,IO -> PLC,3.17047
1776084694.0451446,70.04376554489136,IO -> PLC,5.02535
1776084694.061144,70.05976510047913,IO -> PLC,1.7903
1776084694.0771444,70.07576537132263,IO -> PLC,4.27688
1776084694.0931437,70.09176468849182,IO -> PLC,0.55959
1776084694.1091433,70.10776424407959,IO -> PLC,2.82295
1776084694.1251426,70.12376356124878,IO -> PLC,4.40933
1776084694.141143,70.13976407051086,IO -> PLC,0.86932
1776084694.1571424,70.15576338768005,IO -> PLC,2.93684
1776084694.173142,70.17176294326782,IO -> PLC,4.9514
1776084694.1891413,70.18776226043701,IO -> PLC,1.87845
1776084694.2051406,70.2037615776062,IO -> PLC,3.95109
1776084694.221141,70.21976208686829,IO -> PLC,0.56997
1776084694.2371404,70.23576140403748,IO -> PLC,2.54149
1776084694.25314,70.25176095962524,IO -> PLC,4.65493
1776084694.2691393,70.26776027679443,IO -> PLC,1.0606
1776084694.2851386,70.28375959396362,IO -> PLC,3.42133
1776084694.301139,70.29976010322571,IO -> PLC,5.06923
1776084694.3171384,70.3157594203949,IO -> PLC,1.98996
1776084694.333138,70.33175897598267,IO -> PLC,4.07708
1776084694.3491373,70.34775829315186,IO -> PLC,5.17
1776084694.3651366,70.36375761032104,IO -> PLC,2.50027
1776084694.3811371,70.37975811958313,IO -> PLC,5.03597
1776084694.3971364,70.39575743675232,IO -> PLC,1.54716
1776084694.413136,70.41175699234009,IO -> PLC,3.65276
1776084694.4291353,70.42775630950928,IO -> PLC,4.89409
1776084694.4451358,70.44375681877136,IO -> PLC,2.04931
1776084694.4611351,70.45975613594055,IO -> PLC,4.27884
1776084694.4771347,70.47575569152832,IO -> PLC,1.02459
1776084694.493134,70.49175500869751,IO -> PLC,3.42286
1776084694.5091333,70.5077543258667,IO -> PLC,5.15468
1776084694.5251338,70.52375483512878,IO -> PLC,1.39873
1776084694.5411332,70.53975415229797,IO -> PLC,3.60979
1776084694.5571327,70.55575370788574,IO -> PLC,5.21049
1776084694.573132,70.57175302505493,IO -> PLC,1.83328
1776084694.5891314,70.58775234222412,IO -> PLC,4.19274
1776084694.6051319,70.6037528514862,IO -> PLC,0.66304
1776084694.6211312,70.6197521686554,IO -> PLC,2.83009
1776084694.6371307,70.63575172424316,IO -> PLC,4.81577
1776084694.65313,70.65175104141235,IO -> PLC,1.47648
1776084694.6691306,70.66775155067444,IO -> PLC,3.42848
1776084694.68513,70.68375086784363,IO -> PLC,5.09071
1776084694.7011292,70.69975018501282,IO -> PLC,2.22233
1776084694.7171288,70.71574974060059,IO -> PLC,4.59818
1776084694.733128,70.73174905776978,IO -> PLC,1.16481
1776084694.7491286,70.74774956703186,IO -> PLC,3.29298
1776084694.765128,70.76374888420105,IO -> PLC,4.50654
1776084694.7811275,70.77974843978882,IO -> PLC,1.80424
1776084694.7971268,70.79574775695801,IO -> PLC,4.26107
1776084694.813126,70.8117470741272,IO -> PLC,0.58176
1776084694.8291266,70.82774758338928,IO -> PLC,2.69336
1776084694.845126,70.84374690055847,IO -> PLC,4.69249
1776084694.8611255,70.85974645614624,IO -> PLC,1.11663
1776084694.8771248,70.87574577331543,IO -> PLC,3.29272
1776084694.8931253,70.89174628257751,IO -> PLC,5.2008
1776084694.9091246,70.9077455997467,IO -> PLC,2.02936
1776084694.925124,70.9237449169159,IO -> PLC,4.09912
1776084694.9411235,70.93974447250366,IO -> PLC,5.63558
1776084694.9571228,70.95574378967285,IO -> PLC,2.32581
1776084694.9731233,70.97174429893494,IO -> PLC,4.62279
1776084694.9891226,70.98774361610413,IO -> PLC,1.00813
1776084695.005122,71.00374293327332,IO -> PLC,3.18526
1776084695.0211215,71.01974248886108,IO -> PLC,5.36775
1776084695.0371208,71.03574180603027,IO -> PLC,1.83301
1776084695.0531213,71.05174231529236,IO -> PLC,0.71255
1776084695.0691206,71.06774163246155,IO -> PLC,2.84176
1776084695.0851202,71.08374118804932,IO -> PLC,5.44914
1776084695.1011195,71.0997405052185,IO -> PLC,2.0689
1776084695.1171198,71.11574077606201,IO -> PLC,3.92353
1776084695.1331193,71.13174033164978,IO -> PLC,6.12425
1776084695.1491187,71.14773964881897,IO -> PLC,2.56793
1776084695.1651182,71.16373920440674,IO -> PLC,4.76145
1776084695.1811175,71.17973852157593,IO -> PLC,1.64442
1776084695.197118,71.19573903083801,IO -> PLC,3.88715
1776084695.2131174,71.2117383480072,IO -> PLC,5.86162
1776084695.2291167,71.22773766517639,IO -> PLC,2.36378
1776084695.245116,71.24373698234558,IO -> PLC,4.29313
1776084695.2611156,71.25973653793335,IO -> PLC,0.87904
1776084695.277116,71.27573704719543,IO -> PLC,2.91193
1776084695.2931154,71.29173636436462,IO -> PLC,5.19681
1776084695.3091147,71.30773568153381,IO -> PLC,1.72441
1776084695.3251143,71.32373523712158,IO -> PLC,3.81353
1776084695.3411145,71.33973550796509,IO -> PLC,5.78176
1776084695.357114,71.35573506355286,IO -> PLC,1.9695
1776084695.3731134,71.37173438072205,IO -> PLC,4.38632
1776084695.3891127,71.38773369789124,IO -> PLC,0.63237
1776084695.4051123,71.403733253479,IO -> PLC,2.76654
1776084695.4211125,71.41973352432251,IO -> PLC,4.74214
1776084695.437112,71.43573307991028,IO -> PLC,1.3527
1776084695.4531114,71.45173239707947,IO -> PLC,3.19597
1776084695.469111,71.46773195266724,IO -> PLC,5.51758
1776084695.4851103,71.48373126983643,IO -> PLC,2.12198
1776084695.5011108,71.49973177909851,IO -> PLC,4.05965
1776084695.51711,71.5157310962677,IO -> PLC,6.29742
1776084695.5331094,71.53173041343689,IO -> PLC,2.91197
1776084695.5491087,71.54772973060608,IO -> PLC,4.99309
1776084695.5651093,71.56373023986816,IO -> PLC,1.44061
1776084695.5811088,71.57972979545593,IO -> PLC,3.89422
1776084695.5971081,71.59572911262512,IO -> PLC,0.61558
1776084695.6131074,71.61172842979431,IO -> PLC,2.67903
1776084695.629107,71.62772798538208,IO -> PLC,4.73134
1776084695.6451073,71.64372825622559,IO -> PLC,1.43006
1776084695.6611068,71.65972781181335,IO -> PLC,3.43126
1776084695.6771061,71.67572712898254,IO -> PLC,5.87248
1776084695.6931055,71.69172644615173,IO -> PLC,2.1635
1776084695.709105,71.7077260017395,IO -> PLC,4.35719
1776084695.7251053,71.72372627258301,IO -> PLC,6.20974
1776084695.7411048,71.73972582817078,IO -> PLC,2.49068
1776084695.7571042,71.75572514533997,IO -> PLC,4.60644
1776084695.7731037,71.77172470092773,IO -> PLC,0.9109
1776084695.789103,71.78772401809692,IO -> PLC,3.07155
1776084695.8051035,71.80372452735901,IO -> PLC,5.75582
1776084695.8211029,71.8197238445282,IO -> PLC,1.99987
1776084695.8371022,71.83572316169739,IO -> PLC,4.12468
1776084695.8531015,71.85172247886658,IO -> PLC,1.97745
1776084695.869102,71.86772298812866,IO -> PLC,4.22947
1776084695.8851016,71.88372254371643,IO -> PLC,0.90466
1776084695.9011009,71.89972186088562,IO -> PLC,3.0325
1776084695.9171002,71.91572117805481,IO -> PLC,5.15251
1776084695.9330997,71.93172073364258,IO -> PLC,1.57569
1776084695.9491,71.94772100448608,IO -> PLC,3.64233
1776084695.9650993,71.96372032165527,IO -> PLC,6.11636
1776084695.981099,71.97971987724304,IO -> PLC,2.74539
1776084695.9970982,71.99571919441223,IO -> PLC,5.03645
1776084696.0130978,72.01171875,IO -> PLC,1.59771
1776084696.029098,72.0277190208435,IO -> PLC,3.71051
1776084696.0450976,72.04371857643127,IO -> PLC,5.77316
1776084696.061097,72.05971789360046,IO -> PLC,2.22282
1776084696.0770965,72.07571744918823,IO -> PLC,4.58532
1776084696.0930967,72.09171772003174,IO -> PLC,0.74954
1776084696.1090963,72.1077172756195,IO -> PLC,2.9913
1776084696.1250956,72.1237165927887,IO -> PLC,5.01587
1776084696.141095,72.13971590995789,IO -> PLC,1.32432
1776084696.1570942,72.15571522712708,IO -> PLC,3.23024
1776084696.1730947,72.17171573638916,IO -> PLC,5.90523
1776084696.1890943,72.18771529197693,IO -> PLC,2.19201
1776084696.2050936,72.20371460914612,IO -> PLC,4.46858
1776084696.221093,72.21971392631531,IO -> PLC,0.93793
1776084696.2370925,72.23571348190308,IO -> PLC,3.04353
1776084696.2530928,72.25171375274658,IO -> PLC,5.01273
1776084696.269092,72.26771306991577,IO -> PLC,1.39815
1776084696.2850916,72.28371262550354,IO -> PLC,3.84761
1776084696.301091,72.29971194267273,IO -> PLC,5.71457
1776084696.3170915,72.31571245193481,IO -> PLC,2.20431
1776084696.3330908,72.331711769104,IO -> PLC,4.07638
1776084696.3490903,72.34771132469177,IO -> PLC,0.68294
1776084696.3650897,72.36371064186096,IO -> PLC,2.61429
1776084696.381089,72.37970995903015,IO -> PLC,5.21145
1776084696.3970895,72.39571046829224,IO -> PLC,1.54558
1776084696.4130888,72.41170978546143,IO -> PLC,3.74007
1776084696.4290884,72.4277093410492,IO -> PLC,5.70959
1776084696.4450877,72.44370865821838,IO -> PLC,2.17149
1776084696.461087,72.45970797538757,IO -> PLC,4.06725
1776084696.4770875,72.47570848464966,IO -> PLC,0.94494
1776084696.493087,72.49170804023743,IO -> PLC,2.90501
1776084696.5090864,72.50770735740662,IO -> PLC,4.96462
1776084696.5250857,72.5237066745758,IO -> PLC,1.16347
1776084696.5410862,72.53970718383789,IO -> PLC,3.60285
1776084696.5570855,72.55570650100708,IO -> PLC,5.7495
1776084696.5730848,72.57170581817627,IO -> PLC,1.91459
1776084696.5890844,72.58770537376404,IO -> PLC,4.44182
1776084696.6050837,72.60370469093323,IO -> PLC,0.8302
1776084696.6210842,72.61970520019531,IO -> PLC,3.18277
1776084696.6370835,72.6357045173645,IO -> PLC,5.01685
1776084696.653083,72.65170407295227,IO -> PLC,1.56283
1776084696.6690824,72.66770339012146,IO -> PLC,3.73812
1776084696.6850817,72.68370270729065,IO -> PLC,6.0555
1776084696.7010822,72.69970321655273,IO -> PLC,2.37323
1776084696.7170815,72.71570253372192,IO -> PLC,4.74822
1776084696.733081,72.73170208930969,IO -> PLC,1.22052
1776084696.7490804,72.74770140647888,IO -> PLC,3.20315
1776084696.765081,72.76370191574097,IO -> PLC,5.23804
1776084696.7810802,72.77970123291016,IO -> PLC,1.93051
1776084696.7970798,72.79570078849792,IO -> PLC,4.21732
1776084696.813079,72.81170010566711,IO -> PLC,0.54419
1776084696.8290784,72.8276994228363,IO -> PLC,2.77267
1776084696.845079,72.84369993209839,IO -> PLC,4.82076
1776084696.8610783,72.85969924926758,IO -> PLC,1.25634
1776084696.8770776,72.87569856643677,IO -> PLC,3.33834
1776084696.8930771,72.89169812202454,IO -> PLC,5.61676
1776084696.9090765,72.90769743919373,IO -> PLC,1.84641
1776084696.925077,72.92369794845581,IO -> PLC,3.99706
1776084696.9410763,72.939697265625,IO -> PLC,6.09443
1776084696.9570758,72.95569682121277,IO -> PLC,2.44072
1776084696.9730752,72.97169613838196,IO -> PLC,4.61794
1776084696.9890754,72.98769640922546,IO -> PLC,1.15168
1776084697.005075,73.00369596481323,IO -> PLC,3.40273
1776084697.0210743,73.01969528198242,IO -> PLC,5.59635
1776084697.0370739,73.03569483757019,IO -> PLC,2.13417
1776084697.0530732,73.05169415473938,IO -> PLC,1.04682
1776084697.0690737,73.06769466400146,IO -> PLC,3.1882
1776084697.085073,73.08369398117065,IO -> PLC,5.95431
1776084697.1010723,73.09969329833984,IO -> PLC,2.49318
1776084697.1170719,73.11569285392761,IO -> PLC,4.72671
1776084697.1330712,73.1316921710968,IO -> PLC,1.06389
1776084697.1490717,73.14769268035889,IO -> PLC,3.1971
1776084697.165071,73.16369199752808,IO -> PLC,5.14389
1776084697.1810703,73.17969131469727,IO -> PLC,2.21118
1776084697.19707,73.19569087028503,IO -> PLC,4.27559
1776084697.2130704,73.21169137954712,IO -> PLC,0.76853
1776084697.2290697,73.22769069671631,IO -> PLC,2.87415
1776084697.245069,73.2436900138855,IO -> PLC,4.77486
1776084697.2610683,73.25968933105469,IO -> PLC,1.239
1776084697.277068,73.27568888664246,IO -> PLC,3.43981
1776084697.2930682,73.29168915748596,IO -> PLC,5.51861
1776084697.3090677,73.30768871307373,IO -> PLC,1.80251
1776084697.325067,73.32368803024292,IO -> PLC,3.80779
1776084697.3410666,73.33968758583069,IO -> PLC,5.73715
1776084697.357066,73.35568690299988,IO -> PLC,2.02009
1776084697.3730664,73.37168741226196,IO -> PLC,3.92088
1776084697.3890657,73.38768672943115,IO -> PLC,0.77304
1776084697.405065,73.40368604660034,IO -> PLC,2.81913
1776084697.4210646,73.41968560218811,IO -> PLC,5.01985
1776084697.437065,73.43568587303162,IO -> PLC,1.35504
1776084697.4530644,73.45168542861938,IO -> PLC,3.41456
1776084697.4690638,73.46768474578857,IO -> PLC,5.63265
1776084697.485063,73.48368406295776,IO -> PLC,2.30681
1776084697.5010626,73.49968361854553,IO -> PLC,4.44705
1776084697.5170631,73.51568412780762,IO -> PLC,0.6807
1776084697.5330625,73.5316834449768,IO -> PLC,2.95224
1776084697.5490618,73.547682762146,IO -> PLC,5.08744
1776084697.565061,73.56368207931519,IO -> PLC,1.55375
1776084697.5810606,73.57968163490295,IO -> PLC,3.58031
1776084697.597061,73.59568190574646,IO -> PLC,5.69007
1776084697.6130605,73.61168146133423,IO -> PLC,2.14286
1776084697.6290598,73.62768077850342,IO -> PLC,4.30255
1776084697.6450593,73.64368033409119,IO -> PLC,6.01902
1776084697.6610587,73.65967965126038,IO -> PLC,2.3818
1776084697.6770592,73.67568016052246,IO -> PLC,4.12578
1776084697.6930585,73.69167947769165,IO -> PLC,6.12499
1776084697.7090578,73.70767879486084,IO -> PLC,2.27679
1776084697.7250574,73.72367835044861,IO -> PLC,4.16199
1776084697.7410576,73.73967862129211,IO -> PLC,5.88782
1776084697.7570572,73.75567817687988,IO -> PLC,2.18603
1776084697.7730565,73.77167749404907,IO -> PLC,4.90487
1776084697.7890558,73.78767681121826,IO -> PLC,0.88155
1776084697.8050554,73.80367636680603,IO -> PLC,2.77202
1776084697.821056,73.81967687606812,IO -> PLC,4.84067
1776084697.8370552,73.8356761932373,IO -> PLC,1.39394
1776084697.8530545,73.8516755104065,IO -> PLC,3.04793
1776084697.8690538,73.86767482757568,IO -> PLC,4.81351
1776084697.8850534,73.88367438316345,IO -> PLC,1.23461
1776084697.9010537,73.89967465400696,IO -> PLC,3.01989
1776084697.9170532,73.91567420959473,IO -> PLC,4.73395
1776084697.9330525,73.93167352676392,IO -> PLC,0.8336
1776084697.949052,73.94767308235168,IO -> PLC,2.64727
1776084697.9650524,73.96367335319519,IO -> PLC,5.00673
1776084697.9810517,73.97967267036438,IO -> PLC,1.5344
1776084697.9970512,73.99567222595215,IO -> PLC,3.41575
1776084698.0130506,74.01167154312134,IO -> PLC,4.65499
1776084698.02905,74.0276710987091,IO -> PLC,1.34108
1776084698.0450504,74.04367136955261,IO -> PLC,3.15082
1776084698.06105,74.05967092514038,IO -> PLC,3.7542
1776084698.0770493,74.07567024230957,IO -> PLC,1.88738
1776084698.0930486,74.09166955947876,IO -> PLC,3.37464
1776084698.1090481,74.10766911506653,IO -> PLC,3.1503
1776084698.1250484,74.12366938591003,IO -> PLC,2.00343
1776084698.141048,74.1396689414978,IO -> PLC,2.10518
1776084698.1570473,74.15566825866699,IO -> PLC,2.2927
1776084698.1730466,74.17166757583618,IO -> PLC,0.98103
1776084698.189047,74.18766808509827,IO -> PLC,0.76517
1776084698.2050464,74.20366740226746,IO -> PLC,6.25909
1776084698.221046,74.21966695785522,IO -> PLC,2.24593
1776084698.2370453,74.23566627502441,IO -> PLC,4.18353
1776084698.2530446,74.2516655921936,IO -> PLC,0.54015
1776084698.269045,74.26766610145569,IO -> PLC,2.55558
1776084698.2850444,74.28366541862488,IO -> PLC,4.45535
1776084698.301044,74.29966497421265,IO -> PLC,0.6798
1776084698.3170433,74.31566429138184,IO -> PLC,2.42075
1776084698.3330429,74.3316638469696,IO -> PLC,4.23962
1776084698.3490431,74.34766411781311,IO -> PLC,6.01832
1776084698.3650427,74.36366367340088,IO -> PLC,2.18566
1776084698.381042,74.37966299057007,IO -> PLC,4.31486
1776084698.3970413,74.39566230773926,IO -> PLC,6.22671
1776084698.4130418,74.41166281700134,IO -> PLC,2.38579
1776084698.4290411,74.42766213417053,IO -> PLC,4.27931
1776084698.4450407,74.4436616897583,IO -> PLC,6.01818
1776084698.46104,74.45966100692749,IO -> PLC,2.15167
1776084698.4770393,74.47566032409668,IO -> PLC,4.33503
1776084698.4930398,74.49166083335876,IO -> PLC,6.18663
1776084698.5090392,74.50766015052795,IO -> PLC,2.77142
1776084698.5250387,74.52365970611572,IO -> PLC,4.52789
1776084698.541038,74.53965902328491,IO -> PLC,6.38868
1776084698.5570374,74.5556583404541,IO -> PLC,2.27216
1776084698.5730379,74.57165884971619,IO -> PLC,4.10832
1776084698.5890372,74.58765816688538,IO -> PLC,0.5347
1776084698.6050367,74.60365772247314,IO -> PLC,2.6003
1776084698.621036,74.61965703964233,IO -> PLC,4.6411
1776084698.6370366,74.63565754890442,IO -> PLC,0.76339
1776084698.6530359,74.65165686607361,IO -> PLC,4.03625
1776084698.6690354,74.66765642166138,IO -> PLC,5.9044
1776084698.6850348,74.68365573883057,IO -> PLC,2.43495
1776084698.701034,74.69965505599976,IO -> PLC,4.02453
1776084698.7170346,74.71565556526184,IO -> PLC,5.94973
1776084698.733034,74.73165488243103,IO -> PLC,2.02154
1776084698.7490335,74.7476544380188,IO -> PLC,3.88849
1776084698.7650328,74.76365375518799,IO -> PLC,5.49631
1776084698.781032,74.77965307235718,IO -> PLC,2.07319
1776084698.7970326,74.79565358161926,IO -> PLC,3.73525
1776084698.813032,74.81165289878845,IO -> PLC,5.52852
1776084698.8290315,74.82765245437622,IO -> PLC,1.65273
1776084698.8450308,74.84365177154541,IO -> PLC,3.56968
1776084698.8610313,74.8596522808075,IO -> PLC,4.98926
1776084698.8770306,74.87565159797668,IO -> PLC,1.43596
1776084698.89303,74.89165091514587,IO -> PLC,3.56412
1776084698.9090295,74.90765047073364,IO -> PLC,5.51501
1776084698.9250288,74.92364978790283,IO -> PLC,1.43528
1776084698.9410293,74.93965029716492,IO -> PLC,3.53057
1776084698.9570286,74.9556496143341,IO -> PLC,5.14359
1776084698.973028,74.9716489315033,IO -> PLC,1.01067
1776084698.9890275,74.98764848709106,IO -> PLC,3.12348
1776084699.0050268,75.00364780426025,IO -> PLC,5.08067
1776084699.0210273,75.01964831352234,IO -> PLC,1.74331
1776084699.0370266,75.03564763069153,IO -> PLC,3.60202
1776084699.0530262,75.0516471862793,IO -> PLC,2.62524
1776084699.0690255,75.06764650344849,IO -> PLC,4.43492
1776084699.0850248,75.08364582061768,IO -> PLC,0.94194
1776084699.1010253,75.09964632987976,IO -> PLC,2.72906
1776084699.1170247,75.11564564704895,IO -> PLC,4.49576
1776084699.1330242,75.13164520263672,IO -> PLC,0.59317
1776084699.1490235,75.14764451980591,IO -> PLC,2.327
1776084699.165024,75.163645029068,IO -> PLC,4.03931
1776084699.1810234,75.17964434623718,IO -> PLC,4.80454
1776084699.1970227,75.19564366340637,IO -> PLC,2.43081
1776084699.2130222,75.21164321899414,IO -> PLC,3.98863
1776084699.2290215,75.22764253616333,IO -> PLC,0.54478
1776084699.245022,75.24364304542542,IO -> PLC,2.20988
1776084699.2610214,75.2596423625946,IO -> PLC,3.82514
1776084699.2770207,75.2756416797638,IO -> PLC,3.56824
1776084699.2930202,75.29164123535156,IO -> PLC,2.58818
1776084699.3090205,75.30764150619507,IO -> PLC,2.95515
1776084699.32502,75.32364106178284,IO -> PLC,2.67368
1776084699.3410194,75.33964037895203,IO -> PLC,1.97412
1776084699.357019,75.3556399345398,IO -> PLC,2.2222
1776084699.3730183,75.37163925170898,IO -> PLC,1.90401
1776084699.3890185,75.38763952255249,IO -> PLC,1.61727
1776084699.405018,75.40363907814026,IO -> PLC,1.29996
1776084699.4210174,75.41963839530945,IO -> PLC,0.87201
1776084699.437017,75.43563795089722,IO -> PLC,0.68663
1776084699.4530163,75.4516372680664,IO -> PLC,0.91839
1776084699.4690168,75.46763777732849,IO -> PLC,0.57341
1776084699.485016,75.48363709449768,IO -> PLC,2.83853
1776084699.5010154,75.49963641166687,IO -> PLC,4.36555
1776084699.5170147,75.51563572883606,IO -> PLC,0.60657
1776084699.5330153,75.53163623809814,IO -> PLC,2.66785
1776084699.5490148,75.54763579368591,IO -> PLC,4.59616
1776084699.5650141,75.5636351108551,IO -> PLC,0.74726
1776084699.5810134,75.57963442802429,IO -> PLC,3.21208
1776084699.597013,75.59563398361206,IO -> PLC,5.36169
1776084699.6130133,75.61163425445557,IO -> PLC,1.53086
1776084699.6290128,75.62763381004333,IO -> PLC,3.40085
1776084699.6450121,75.64363312721252,IO -> PLC,5.17348
1776084699.6610117,75.6596326828003,IO -> PLC,1.29065
1776084699.677011,75.67563199996948,IO -> PLC,3.22001
1776084699.6930113,75.69163227081299,IO -> PLC,5.21905
1776084699.7090108,75.70763182640076,IO -> PLC,1.14548
1776084699.7250102,75.72363114356995,IO -> PLC,3.46318
1776084699.7410097,75.73963069915771,IO -> PLC,5.04124
1776084699.757009,75.7556300163269,IO -> PLC,1.12954
1776084699.7730095,75.77163052558899,IO -> PLC,2.85408
1776084699.7890089,75.78762984275818,IO -> PLC,5.02536
1776084699.8050082,75.80362915992737,IO -> PLC,6.84712
1776084699.8210075,75.81962847709656,IO -> PLC,2.83932
1776084699.837008,75.83562898635864,IO -> PLC,4.50746
1776084699.8530076,75.85162854194641,IO -> PLC,0.66424
1776084699.8690069,75.8676278591156,IO -> PLC,2.60607
1776084699.8850062,75.88362717628479,IO -> PLC,4.7024
1776084699.9010057,75.89962673187256,IO -> PLC,1.0631
1776084699.917006,75.91562700271606,IO -> PLC,2.75404
1776084699.9330056,75.93162655830383,IO -> PLC,4.73053
1776084699.949005,75.94762587547302,IO -> PLC,0.76745
1776084699.9650042,75.96362519264221,IO -> PLC,2.85146
1776084699.9810038,75.97962474822998,IO -> PLC,4.68681
1776084699.997004,75.99562501907349,IO -> PLC,0.99006
1776084700.0130036,76.01162457466125,IO -> PLC,2.68709
1776084700.029003,76.02762389183044,IO -> PLC,4.63277
1776084700.0450025,76.04362344741821,IO -> PLC,0.81531
1776084700.0610027,76.05962371826172,IO -> PLC,2.71722
1776084700.0770023,76.07562327384949,IO -> PLC,4.57777
1776084700.0930016,76.09162259101868,IO -> PLC,0.81479
1776084700.109001,76.10762190818787,IO -> PLC,3.05255
1776084700.1250002,76.12362122535706,IO -> PLC,4.9808
1776084700.1410007,76.13962173461914,IO -> PLC,1.07108
1776084700.1570003,76.15562129020691,IO -> PLC,2.78242
1776084700.1729996,76.1716206073761,IO -> PLC,5.11949
1776084700.188999,76.18761992454529,IO -> PLC,1.10321
1776084700.2049985,76.20361948013306,IO -> PLC,3.01329
1776084700.2209988,76.21961975097656,IO -> PLC,4.75943
1776084700.236998,76.23561906814575,IO -> PLC,1.07509
1776084700.2529976,76.25161862373352,IO -> PLC,3.26454
1776084700.268997,76.26761794090271,IO -> PLC,3.84535
1776084700.2849975,76.2836184501648,IO -> PLC,1.67029
1776084700.3009968,76.29961776733398,IO -> PLC,3.13898
1776084700.3169963,76.31561732292175,IO -> PLC,2.68446
1776084700.3329957,76.33161664009094,IO -> PLC,1.29991
1776084700.3489952,76.34761619567871,IO -> PLC,2.39491
1776084700.3649955,76.36361646652222,IO -> PLC,2.28024
1776084700.3809948,76.3796157836914,IO -> PLC,1.24491
1776084700.3969944,76.39561533927917,IO -> PLC,1.98461
1776084700.4129937,76.41161465644836,IO -> PLC,1.71643
1776084700.428993,76.42761397361755,IO -> PLC,1.24239
1776084700.4449935,76.44361448287964,IO -> PLC,1.48943
1776084700.460993,76.45961403846741,IO -> PLC,1.32766
1776084700.4769924,76.4756133556366,IO -> PLC,0.97962
1776084700.4929917,76.49161267280579,IO -> PLC,3.89703
1776084700.5089922,76.50761318206787,IO -> PLC,6.23312
1776084700.5249915,76.52361249923706,IO -> PLC,2.12796
1776084700.5409908,76.53961181640625,IO -> PLC,4.50278
1776084700.5569904,76.55561137199402,IO -> PLC,6.16804
1776084700.5729897,76.57161068916321,IO -> PLC,2.42714
1776084700.5889902,76.5876111984253,IO -> PLC,4.55739
1776084700.6049895,76.60361051559448,IO -> PLC,0.88112
1776084700.620989,76.61961007118225,IO -> PLC,2.56487
1776084700.6369884,76.63560938835144,IO -> PLC,4.46966
1776084700.6529877,76.65160870552063,IO -> PLC,0.68172
1776084700.6689882,76.66760921478271,IO -> PLC,2.75772
1776084700.6849875,76.6836085319519,IO -> PLC,4.75276
1776084700.700987,76.69960808753967,IO -> PLC,1.07955
1776084700.7169864,76.71560740470886,IO -> PLC,3.01218
1776084700.732987,76.73160791397095,IO -> PLC,4.9529
1776084700.7489862,76.74760723114014,IO -> PLC,1.26224
1776084700.7649858,76.7636067867279,IO -> PLC,3.16599
1776084700.780985,76.7796061038971,IO -> PLC,5.24904
1776084700.7969844,76.79560542106628,IO -> PLC,1.46637
1776084700.812985,76.81160593032837,IO -> PLC,3.25036
1776084700.8289843,76.82760524749756,IO -> PLC,4.97811
1776084700.8449836,76.84360456466675,IO -> PLC,1.25176
1776084700.8609831,76.85960412025452,IO -> PLC,2.98447
1776084700.8769825,76.8756034374237,IO -> PLC,4.90071
1776084700.892983,76.89160394668579,IO -> PLC,0.96748
1776084700.9089823,76.90760326385498,IO -> PLC,3.04948
1776084700.9249818,76.92360281944275,IO -> PLC,4.74754
1776084700.9409811,76.93960213661194,IO -> PLC,0.8472
1776084700.9569814,76.95560240745544,IO -> PLC,2.51934
1776084700.972981,76.97160196304321,IO -> PLC,4.32581
1776084700.9889803,76.9876012802124,IO -> PLC,6.39861
1776084701.0049798,77.00360083580017,IO -> PLC,2.58218
1776084701.0209792,77.01960015296936,IO -> PLC,4.18001
1776084701.0369797,77.03560066223145,IO -> PLC,6.21265
1776084701.052979,77.05159997940063,IO -> PLC,5.14275
1776084701.0689785,77.0675995349884,IO -> PLC,1.29448
1776084701.0849779,77.08359885215759,IO -> PLC,3.78186
1776084701.1009772,77.09959816932678,IO -> PLC,5.67146
1776084701.1169777,77.11559867858887,IO -> PLC,1.95439
1776084701.132977,77.13159799575806,IO -> PLC,3.5079
1776084701.1489763,77.14759731292725,IO -> PLC,5.34109
1776084701.164976,77.16359686851501,IO -> PLC,1.44785
1776084701.1809752,77.1795961856842,IO -> PLC,3.66403
1776084701.1969757,77.19559669494629,IO -> PLC,5.46017
1776084701.212975,77.21159601211548,IO -> PLC,1.96425
1776084701.2289743,77.22759532928467,IO -> PLC,3.68991
1776084701.244974,77.24359488487244,IO -> PLC,5.57022
1776084701.2609742,77.25959515571594,IO -> PLC,1.72108
1776084701.2769737,77.27559471130371,IO -> PLC,3.76612
1776084701.292973,77.2915940284729,IO -> PLC,1.45808
1776084701.3089726,77.30759358406067,IO -> PLC,3.41408
1776084701.324972,77.32359290122986,IO -> PLC,4.97997
1776084701.3409724,77.33959341049194,IO -> PLC,6.80701
1776084701.3569717,77.35559272766113,IO -> PLC,2.73145
1776084701.372971,77.37159204483032,IO -> PLC,4.98026
1776084701.3889706,77.38759160041809,IO -> PLC,1.01639
1776084701.40497,77.40359091758728,IO -> PLC,2.74805
1776084701.4209704,77.41959142684937,IO -> PLC,4.62941
1776084701.4369698,77.43559074401855,IO -> PLC,0.71994
1776084701.452969,77.45159006118774,IO -> PLC,2.60626
1776084701.4689686,77.46758961677551,IO -> PLC,4.31032
1776084701.4849691,77.4835901260376,IO -> PLC,0.83902
1776084701.5009685,77.49958944320679,IO -> PLC,2.63726
1776084701.5169678,77.51558876037598,IO -> PLC,3.63793
1776084701.532967,77.53158807754517,IO -> PLC,0.74515
1776084701.5489666,77.54758763313293,IO -> PLC,2.53122
1776084701.564967,77.56358790397644,IO -> PLC,2.96362
1776084701.5809665,77.57958745956421,IO -> PLC,1.49091
1776084701.5969658,77.5955867767334,IO -> PLC,2.60646
1776084701.6129653,77.61158633232117,IO -> PLC,2.53708
1776084701.6289647,77.62758564949036,IO -> PLC,1.34902
1776084701.644965,77.64358592033386,IO -> PLC,2.08968
1776084701.6609645,77.65958547592163,IO -> PLC,1.77854
1776084701.6769638,77.67558479309082,IO -> PLC,1.05249
1776084701.6929634,77.69158434867859,IO -> PLC,1.48074
1776084701.7089636,77.7075846195221,IO -> PLC,1.06303
1776084701.7249632,77.72358417510986,IO -> PLC,0.61779
1776084701.7409625,77.73958349227905,IO -> PLC,2.9711
1776084701.7569618,77.75558280944824,IO -> PLC,5.05414
1776084701.7729614,77.77158236503601,IO -> PLC,0.90977
1776084701.7889616,77.78758263587952,IO -> PLC,2.85057
1776084701.8049612,77.80358219146729,IO -> PLC,4.66432
1776084701.8209605,77.81958150863647,IO -> PLC,0.82622
1776084701.8369598,77.83558082580566,IO -> PLC,2.81197
1776084701.8529594,77.85158038139343,IO -> PLC,4.5674
1776084701.8689597,77.86758065223694,IO -> PLC,0.9065
1776084701.8849592,77.8835802078247,IO -> PLC,3.18723
1776084701.9009585,77.8995795249939,IO -> PLC,4.80834
1776084701.9169579,77.91557884216309,IO -> PLC,0.98575
1776084701.9329584,77.93157935142517,IO -> PLC,2.70005
1776084701.9489577,77.94757866859436,IO -> PLC,4.58653
1776084701.9649572,77.96357822418213,IO -> PLC,1.00355
1776084701.9809566,77.97957754135132,IO -> PLC,3.06188
1776084701.996956,77.99557709693909,IO -> PLC,4.84187
1776084702.0129564,78.01157736778259,IO -> PLC,0.94439
1776084702.028956,78.02757692337036,IO -> PLC,2.94152
1776084702.0449553,78.04357624053955,IO -> PLC,4.69886
1776084702.0609546,78.05957555770874,IO -> PLC,0.92548
1776084702.0769541,78.07557511329651,IO -> PLC,3.3075
1776084702.0929544,78.09157538414001,IO -> PLC,5.30141
1776084702.108954,78.10757493972778,IO -> PLC,1.20938
1776084702.1249533,78.12357425689697,IO -> PLC,3.33346
1776084702.1409526,78.13957357406616,IO -> PLC,5.42059
1776084702.156953,78.15557408332825,IO -> PLC,1.68192
1776084702.1729524,78.17157340049744,IO -> PLC,3.5192
1776084702.188952,78.1875729560852,IO -> PLC,5.77217
1776084702.2049513,78.2035722732544,IO -> PLC,1.93326
1776084702.2209506,78.21957159042358,IO -> PLC,3.98046
1776084702.236951,78.23557209968567,IO -> PLC,5.69893
1776084702.2529504,78.25157141685486,IO -> PLC,1.90587
1776084702.26895,78.26757097244263,IO -> PLC,3.7781
1776084702.2849493,78.28357028961182,IO -> PLC,0.54313
1776084702.3009489,78.29956984519958,IO -> PLC,2.66106
1776084702.3169491,78.31557011604309,IO -> PLC,4.40105
1776084702.3329484,78.33156943321228,IO -> PLC,0.70839
1776084702.348948,78.34756898880005,IO -> PLC,2.27437
1776084702.3649473,78.36356830596924,IO -> PLC,4.11476
1776084702.3809478,78.37956881523132,IO -> PLC,0.56659
1776084702.3969471,78.39556813240051,IO -> PLC,2.79283
1776084702.4129467,78.41156768798828,IO -> PLC,4.32594
1776084702.428946,78.42756700515747,IO -> PLC,0.90376
1776084702.4449453,78.44356632232666,IO -> PLC,2.64775
1776084702.4609458,78.45956683158875,IO -> PLC,4.12053
1776084702.4769452,78.47556614875793,IO -> PLC,3.65785
1776084702.4929447,78.4915657043457,IO -> PLC,3.13454
1776084702.508944,78.50756502151489,IO -> PLC,3.24845
1776084702.5249434,78.52356433868408,IO -> PLC,0.90033
1776084702.5409439,78.53956484794617,IO -> PLC,2.16334
1776084702.5569432,78.55556416511536,IO -> PLC,1.96483
1776084702.5729427,78.57156372070312,IO -> PLC,1.00422
1776084702.588942,78.58756303787231,IO -> PLC,3.12511
1776084702.6049426,78.6035635471344,IO -> PLC,1.11428
1776084702.6209419,78.61956286430359,IO -> PLC,0.86546
1776084702.6369412,78.63556218147278,IO -> PLC,0.62903
1776084702.6529408,78.65156173706055,IO -> PLC,0.55854
1776084702.66894,78.66756105422974,IO -> PLC,1.42689
1776084702.6849406,78.68356156349182,IO -> PLC,3.37168
1776084702.70094,78.69956088066101,IO -> PLC,5.17096
1776084702.7169394,78.71556043624878,IO -> PLC,1.39549
1776084702.7329388,78.73155975341797,IO -> PLC,3.21021
1776084702.748938,78.74755907058716,IO -> PLC,4.81802
1776084702.7649386,78.76355957984924,IO -> PLC,0.99855
1776084702.780938,78.77955889701843,IO -> PLC,2.88815
1776084702.7969375,78.7955584526062,IO -> PLC,4.69446
1776084702.8129368,78.81155776977539,IO -> PLC,1.19749
1776084702.8289373,78.82755827903748,IO -> PLC,2.91812
1776084702.8449366,78.84355759620667,IO -> PLC,4.65178
1776084702.860936,78.85955691337585,IO -> PLC,0.96656
1776084702.8769355,78.87555646896362,IO -> PLC,3.12025
1776084702.8929348,78.89155578613281,IO -> PLC,4.95945
1776084702.9089353,78.9075562953949,IO -> PLC,0.91876
1776084702.9249346,78.92355561256409,IO -> PLC,2.86556
1776084702.940934,78.93955492973328,IO -> PLC,4.97221
1776084702.9569335,78.95555448532104,IO -> PLC,0.97753
1776084702.9729328,78.97155380249023,IO -> PLC,2.80665
1776084702.9889333,78.98755431175232,IO -> PLC,4.81288
1776084703.0049326,79.00355362892151,IO -> PLC,1.01885
1776084703.0209322,79.01955318450928,IO -> PLC,2.75477
1776084703.0369315,79.03555250167847,IO -> PLC,4.6718
1776084703.0529308,79.05155181884766,IO -> PLC,3.5619
1776084703.0689313,79.06755232810974,IO -> PLC,5.51806
1776084703.0849307,79.08355164527893,IO -> PLC,2.29238
1776084703.1009302,79.0995512008667,IO -> PLC,4.20133
1776084703.1169295,79.11555051803589,IO -> PLC,5.80499
1776084703.13293,79.13155102729797,IO -> PLC,2.07881
1776084703.1489294,79.14755034446716,IO -> PLC,3.64759
1776084703.1649287,79.16354966163635,IO -> PLC,5.53823
1776084703.180928,79.17954897880554,IO -> PLC,2.12214
1776084703.1969275,79.19554853439331,IO -> PLC,4.12325
1776084703.212928,79.2115490436554,IO -> PLC,6.03318
1776084703.2289274,79.22754836082458,IO -> PLC,2.18498
1776084703.2449267,79.24354767799377,IO -> PLC,3.89009
1776084703.2609262,79.25954723358154,IO -> PLC,5.5584
1776084703.2769256,79.27554655075073,IO -> PLC,1.92733
1776084703.292926,79.29154706001282,IO -> PLC,3.74301
1776084703.3089254,79.307546377182,IO -> PLC,5.71956
1776084703.3249247,79.3235456943512,IO -> PLC,1.64697
1776084703.3409243,79.33954524993896,IO -> PLC,3.86634
1776084703.3569245,79.35554552078247,IO -> PLC,5.63193
1776084703.372924,79.37154507637024,IO -> PLC,1.82046
1776084703.3889234,79.38754439353943,IO -> PLC,3.74085
1776084703.404923,79.4035439491272,IO -> PLC,5.79814
1776084703.4209223,79.41954326629639,IO -> PLC,1.88747
1776084703.4369228,79.43554377555847,IO -> PLC,3.70842
1776084703.452922,79.45154309272766,IO -> PLC,5.37056
1776084703.4689214,79.46754240989685,IO -> PLC,1.86119
1776084703.4849207,79.48354172706604,IO -> PLC,4.16337
1776084703.5009203,79.49954128265381,IO -> PLC,4.56401
1776084703.5169208,79.5155417919159,IO -> PLC,2.30198
1776084703.5329201,79.53154110908508,IO -> PLC,3.9662
1776084703.5489194,79.54754042625427,IO -> PLC,3.89058
1776084703.564919,79.56353998184204,IO -> PLC,2.01657
1776084703.5809193,79.57954025268555,IO -> PLC,3.26413
1776084703.5969186,79.59553956985474,IO -> PLC,2.93563
1776084703.6129181,79.6115391254425,IO -> PLC,2.62312
1776084703.6289175,79.6275384426117,IO -> PLC,2.44941
1776084703.644917,79.64353799819946,IO -> PLC,0.57852
1776084703.6609173,79.65953826904297,IO -> PLC,2.24882
1776084703.6769168,79.67553782463074,IO -> PLC,3.05909
1776084703.6929162,79.69153714179993,IO -> PLC,3.35717
1776084703.7089157,79.7075366973877,IO -> PLC,2.65464
1776084703.724915,79.72353601455688,IO -> PLC,2.35806
1776084703.7409153,79.73953628540039,IO -> PLC,0.55572
1776084703.7569149,79.75553584098816,IO -> PLC,2.36844
1776084703.7729142,79.77153515815735,IO -> PLC,3.33423
1776084703.7889135,79.78753447532654,IO -> PLC,0.67698
1776084703.804914,79.80353498458862,IO -> PLC,2.39328
1776084703.8209136,79.81953454017639,IO -> PLC,2.49271
1776084703.8369129,79.83553385734558,IO -> PLC,2.39662
1776084703.8529122,79.85153317451477,IO -> PLC,2.33636
1776084703.8689115,79.86753249168396,IO -> PLC,2.03042
1776084703.884912,79.88353300094604,IO -> PLC,0.65618
1776084703.9009113,79.89953231811523,IO -> PLC,1.43052
1776084703.916911,79.915531873703,IO -> PLC,1.20035
1776084703.9329102,79.93153119087219,IO -> PLC,0.71503
1776084703.9489098,79.94753074645996,IO -> PLC,1.02952
1776084703.96491,79.96353101730347,IO -> PLC,0.61068
1776084703.9809096,79.97953057289124,IO -> PLC,2.60261
1776084703.996909,79.99552989006042,IO -> PLC,4.36515
1776084704.0129082,80.01152920722961,IO -> PLC,6.24218
1776084704.0289087,80.0275297164917,IO -> PLC,2.60793
1776084704.044908,80.04352903366089,IO -> PLC,4.44224
1776084704.0609076,80.05952858924866,IO -> PLC,0.73438
1776084704.076907,80.07552790641785,IO -> PLC,2.71494
1776084704.0929062,80.09152722358704,IO -> PLC,4.63213
1776084704.1089067,80.10752773284912,IO -> PLC,0.72962
1776084704.1249063,80.12352728843689,IO -> PLC,2.59641
1776084704.1409056,80.13952660560608,IO -> PLC,4.51265
1776084704.156905,80.15552592277527,IO -> PLC,0.57942
1776084704.1729043,80.17152523994446,IO -> PLC,2.3418
1776084704.1889048,80.18752574920654,IO -> PLC,4.68206
1776084704.204904,80.20352506637573,IO -> PLC,1.0274
1776084704.2209036,80.2195246219635,IO -> PLC,2.97196
1776084704.236903,80.23552393913269,IO -> PLC,4.87075
1776084704.2529035,80.25152444839478,IO -> PLC,1.25194
1776084704.2689028,80.26752376556396,IO -> PLC,3.11177
1776084704.284902,80.28352308273315,IO -> PLC,5.48034
1776084704.3009017,80.29952263832092,IO -> PLC,1.6108
1776084704.316901,80.31552195549011,IO -> PLC,3.49399
1776084704.3329015,80.3315224647522,IO -> PLC,5.00973
1776084704.3489008,80.34752178192139,IO -> PLC,1.14306
1776084704.3649004,80.36352133750916,IO -> PLC,2.90657
1776084704.3808997,80.37952065467834,IO -> PLC,5.43404
1776084704.396899,80.39551997184753,IO -> PLC,1.58688
1776084704.4128995,80.41152048110962,IO -> PLC,3.35048
1776084704.4288988,80.42751979827881,IO -> PLC,5.21615
1776084704.4448984,80.44351935386658,IO -> PLC,1.43052
1776084704.4608977,80.45951867103577,IO -> PLC,3.43388
1776084704.476897,80.47551798820496,IO -> PLC,5.60365
1776084704.4928975,80.49151849746704,IO -> PLC,1.97171
1776084704.5088968,80.50751781463623,IO -> PLC,3.71466
1776084704.5248964,80.523517370224,IO -> PLC,5.84275
1776084704.5408957,80.53951668739319,IO -> PLC,2.21681
1776084704.5568962,80.55551719665527,IO -> PLC,4.32553
1776084704.5728955,80.57151651382446,IO -> PLC,5.50742
1776084704.5888948,80.58751583099365,IO -> PLC,2.56223
1776084704.6048944,80.60351538658142,IO -> PLC,4.4191
1776084704.6208937,80.61951470375061,IO -> PLC,0.79492
1776084704.6368942,80.6355152130127,IO -> PLC,2.55651
1776084704.6528935,80.65151453018188,IO -> PLC,4.2701
1776084704.668893,80.66751408576965,IO -> PLC,0.74736
1776084704.6848924,80.68351340293884,IO -> PLC,2.76993
1776084704.7008927,80.69951367378235,IO -> PLC,3.15201
1776084704.7168922,80.71551322937012,IO -> PLC,0.90022
1776084704.7328916,80.7315125465393,IO -> PLC,2.79581
1776084704.748891,80.74751210212708,IO -> PLC,2.77043
1776084704.7648904,80.76351141929626,IO -> PLC,0.74705
1776084704.780891,80.77951192855835,IO -> PLC,2.29767
1776084704.7968903,80.79551124572754,IO -> PLC,1.79804
1776084704.8128896,80.81151056289673,IO -> PLC,0.7607
1776084704.8288891,80.8275101184845,IO -> PLC,1.33735
1776084704.8448884,80.84350943565369,IO -> PLC,1.21878
1776084704.860889,80.85950994491577,IO -> PLC,0.7057
1776084704.8768883,80.87550926208496,IO -> PLC,0.8841
1776084704.8928876,80.89150857925415,IO -> PLC,4.46937
1776084704.9088871,80.90750813484192,IO -> PLC,6.1388
1776084704.9248874,80.92350840568542,IO -> PLC,2.22804
1776084704.940887,80.9395079612732,IO -> PLC,4.04675
1776084704.9568863,80.95550727844238,IO -> PLC,5.97819
1776084704.9728856,80.97150659561157,IO -> PLC,1.93255
1776084704.9888852,80.98750615119934,IO -> PLC,3.89471
1776084705.0048854,81.00350642204285,IO -> PLC,5.88759
1776084705.020885,81.01950597763062,IO -> PLC,1.98619
1776084705.0368843,81.0355052947998,IO -> PLC,4.01988
1776084705.0528839,81.05150485038757,IO -> PLC,1.54191
1776084705.0688832,81.06750416755676,IO -> PLC,1.21853
1776084705.0848837,81.08350467681885,IO -> PLC,0.80298
1776084705.100883,81.09950399398804,IO -> PLC,3.04035
1776084705.1168823,81.11550331115723,IO -> PLC,4.86034
1776084705.1328819,81.131502866745,IO -> PLC,1.05815
1776084705.1488812,81.14750218391418,IO -> PLC,2.82062
1776084705.1648817,81.16350269317627,IO -> PLC,4.74302
1776084705.180881,81.17950201034546,IO -> PLC,1.081
1776084705.1968803,81.19550132751465,IO -> PLC,3.07188
1776084705.21288,81.21150088310242,IO -> PLC,5.09755
1776084705.2288802,81.22750115394592,IO -> PLC,1.15209
1776084705.2448797,81.24350070953369,IO -> PLC,3.06096
1776084705.260879,81.25950002670288,IO -> PLC,4.87768
1776084705.2768784,81.27549934387207,IO -> PLC,1.32246
1776084705.292878,81.29149889945984,IO -> PLC,3.08901
1776084705.3088782,81.30749917030334,IO -> PLC,5.20997
1776084705.3248777,81.32349872589111,IO -> PLC,1.01152
1776084705.340877,81.3394980430603,IO -> PLC,2.86712
1776084705.3568766,81.35549759864807,IO -> PLC,4.81704
1776084705.372876,81.37149691581726,IO -> PLC,0.86453
1776084705.3888762,81.38749718666077,IO -> PLC,2.77836
1776084705.4048758,81.40349674224854,IO -> PLC,4.60443
1776084705.420875,81.41949605941772,IO -> PLC,0.78513
1776084705.4368746,81.4354956150055,IO -> PLC,2.53807
1776084705.452875,81.451495885849,IO -> PLC,4.14494
1776084705.4688745,81.46749544143677,IO -> PLC,6.04981
1776084705.4848738,81.48349475860596,IO -> PLC,2.45564
1776084705.500873,81.49949407577515,IO -> PLC,4.30315
1776084705.5168724,81.51549339294434,IO -> PLC,5.85456
1776084705.532873,81.53149390220642,IO -> PLC,2.23999
1776084705.5488725,81.54749345779419,IO -> PLC,3.80997
1776084705.5648718,81.56349277496338,IO -> PLC,6.03526
1776084705.580871,81.57949209213257,IO -> PLC,2.60797
1776084705.5968707,81.59549164772034,IO -> PLC,4.85686
1776084705.612871,81.61149191856384,IO -> PLC,0.99939
1776084705.6288705,81.62749147415161,IO -> PLC,2.99243
1776084705.6448698,81.6434907913208,IO -> PLC,4.91867
1776084705.6608691,81.65949010848999,IO -> PLC,1.16376
1776084705.6768696,81.67549061775208,IO -> PLC,3.19953
1776084705.692869,81.69148993492126,IO -> PLC,5.12712
1776084705.7088685,81.70748949050903,IO -> PLC,1.23053
1776084705.7248678,81.72348880767822,IO -> PLC,3.15589
1776084705.7408674,81.73948836326599,IO -> PLC,5.01068
1776084705.7568676,81.7554886341095,IO -> PLC,1.01585
1776084705.7728672,81.77148818969727,IO -> PLC,2.92072
1776084705.7888665,81.78748750686646,IO -> PLC,4.07101
1776084705.8048658,81.80348682403564,IO -> PLC,1.27342
1776084705.8208652,81.81948614120483,IO -> PLC,3.00092
1776084705.8368657,81.83548665046692,IO -> PLC,3.01972
1776084705.8528652,81.85148620605469,IO -> PLC,1.01161
1776084705.8688645,81.86748552322388,IO -> PLC,2.45159
1776084705.8848639,81.88348484039307,IO -> PLC,2.22324
1776084705.9008644,81.89948534965515,IO -> PLC,1.11542
1776084705.9168637,81.91548466682434,IO -> PLC,1.3707
1776084705.932863,81.93148398399353,IO -> PLC,4.67124
1776084705.9488626,81.9474835395813,IO -> PLC,1.07587
1776084705.9648619,81.96348285675049,IO -> PLC,0.96449
1776084705.9808624,81.97948336601257,IO -> PLC,0.73215
1776084705.9968617,81.99548268318176,IO -> PLC,0.55004
1776084706.0128613,82.01148223876953,IO -> PLC,3.55353
1776084706.0288606,82.02748155593872,IO -> PLC,5.29136
1776084706.0448601,82.04348111152649,IO -> PLC,1.59253
1776084706.0608604,82.05948138237,IO -> PLC,3.32749
1776084706.0768597,82.07548069953918,IO -> PLC,5.52533
1776084706.0928593,82.09148025512695,IO -> PLC,1.70467
1776084706.1088586,82.10747957229614,IO -> PLC,3.67306
1776084706.124859,82.12348008155823,IO -> PLC,5.39985
1776084706.1408584,82.13947939872742,IO -> PLC,1.4379
1776084706.156858,82.15547895431519,IO -> PLC,3.4235
1776084706.1728573,82.17147827148438,IO -> PLC,5.66223
1776084706.1888566,82.18747758865356,IO -> PLC,1.71675
1776084706.204857,82.20347809791565,IO -> PLC,3.62579
1776084706.2208564,82.21947741508484,IO -> PLC,5.93077
1776084706.2368557,82.23547673225403,IO -> PLC,2.00497
1776084706.2528553,82.2514762878418,IO -> PLC,3.76728
1776084706.2688546,82.26747560501099,IO -> PLC,5.55943
1776084706.2848551,82.28347611427307,IO -> PLC,2.24383
1776084706.3008544,82.29947543144226,IO -> PLC,4.10462
1776084706.316854,82.31547498703003,IO -> PLC,5.82708
1776084706.3328533,82.33147430419922,IO -> PLC,2.18275
1776084706.3488536,82.34747457504272,IO -> PLC,4.01186
1776084706.3648531,82.3634741306305,IO -> PLC,5.88586
1776084706.3808525,82.37947344779968,IO -> PLC,2.31008
1776084706.396852,82.39547300338745,IO -> PLC,4.08702
1776084706.4128513,82.41147232055664,IO -> PLC,5.85054
1776084706.4288518,82.42747282981873,IO -> PLC,2.07187
1776084706.4448512,82.44347214698792,IO -> PLC,4.08427
1776084706.4608507,82.45947170257568,IO -> PLC,5.85386
1776084706.47685,82.47547101974487,IO -> PLC,2.43682
1776084706.4928493,82.49147033691406,IO -> PLC,4.48305
1776084706.5088499,82.50747084617615,IO -> PLC,0.69718
1776084706.5248492,82.52347016334534,IO -> PLC,2.57542
1776084706.5408485,82.53946948051453,IO -> PLC,4.66054
1776084706.556848,82.5554690361023,IO -> PLC,0.6946
1776084706.5728474,82.57146835327148,IO -> PLC,2.4109
1776084706.5888479,82.58746886253357,IO -> PLC,4.50722
1776084706.6048472,82.60346817970276,IO -> PLC,0.74816
1776084706.6208465,82.61946749687195,IO -> PLC,2.56695
1776084706.636846,82.63546705245972,IO -> PLC,4.31726
1776084706.6528463,82.65146732330322,IO -> PLC,0.58995
1776084706.668846,82.66746687889099,IO -> PLC,2.30427
1776084706.6848452,82.68346619606018,IO -> PLC,4.30946
1776084706.7008448,82.69946575164795,IO -> PLC,6.841
1776084706.716844,82.71546506881714,IO -> PLC,3.74749
1776084706.7328446,82.73146557807922,IO -> PLC,5.42916
1776084706.748844,82.74746489524841,IO -> PLC,1.85235
1776084706.7648432,82.7634642124176,IO -> PLC,3.7733
1776084706.7808428,82.77946376800537,IO -> PLC,5.95987
1776084706.796842,82.79546308517456,IO -> PLC,2.1188
1776084706.8128426,82.81146359443665,IO -> PLC,3.90582
1776084706.828842,82.82746291160583,IO -> PLC,5.36941
1776084706.8448412,82.84346222877502,IO -> PLC,1.91955
1776084706.8608408,82.8594617843628,IO -> PLC,3.62466
1776084706.8768413,82.87546229362488,IO -> PLC,4.80142
1776084706.8928406,82.89146161079407,IO -> PLC,1.8728
1776084706.90884,82.90746092796326,IO -> PLC,3.76327
1776084706.9248393,82.92346024513245,IO -> PLC,3.94278
1776084706.9408388,82.93945980072021,IO -> PLC,1.88028
1776084706.956839,82.95546007156372,IO -> PLC,3.78003
1776084706.9728386,82.97145962715149,IO -> PLC,3.76091
1776084706.988838,82.98745894432068,IO -> PLC,2.00145
1776084707.0048373,83.00345826148987,IO -> PLC,3.09653
1776084707.0208368,83.01945781707764,IO -> PLC,3.12236
1776084707.036837,83.03545808792114,IO -> PLC,2.08693
1776084707.0528367,83.05145764350891,IO -> PLC,1.13256
1776084707.068836,83.0674569606781,IO -> PLC,3.02728
1776084707.0848355,83.08345651626587,IO -> PLC,0.91373
1776084707.1008358,83.09945678710938,IO -> PLC,2.93829
1776084707.1168354,83.11545634269714,IO -> PLC,3.94217
1776084707.1328347,83.13145565986633,IO -> PLC,0.9501
1776084707.148834,83.14745497703552,IO -> PLC,2.54959
1776084707.1648335,83.16345453262329,IO -> PLC,3.13961
1776084707.1808338,83.1794548034668,IO -> PLC,0.84181
1776084707.1968334,83.19545435905457,IO -> PLC,2.9083
1776084707.2128327,83.21145367622375,IO -> PLC,2.52779
1776084707.228832,83.22745299339294,IO -> PLC,0.94779
1776084707.2448316,83.24345254898071,IO -> PLC,2.51776
1776084707.2608318,83.25945281982422,IO -> PLC,2.42566
1776084707.2768314,83.27545237541199,IO -> PLC,0.58565
1776084707.2928307,83.29145169258118,IO -> PLC,1.72345
1776084707.30883,83.30745100975037,IO -> PLC,1.50335
1776084707.3248305,83.32345151901245,IO -> PLC,1.31821
1776084707.3408298,83.33945083618164,IO -> PLC,1.01418
1776084707.3568294,83.35545039176941,IO -> PLC,0.88321
1776084707.3728287,83.3714497089386,IO -> PLC,0.58214
1776084707.3888283,83.38744926452637,IO -> PLC,2.67343
1776084707.4048285,83.40344953536987,IO -> PLC,4.86295
1776084707.4208279,83.41944885253906,IO -> PLC,0.85076
1776084707.4368274,83.43544840812683,IO -> PLC,2.70459
1776084707.4528267,83.45144772529602,IO -> PLC,4.37377
1776084707.4688263,83.46744728088379,IO -> PLC,0.91056
1776084707.4848266,83.4834475517273,IO -> PLC,2.81839
1776084707.5008261,83.49944710731506,IO -> PLC,4.68327
1776084707.5168254,83.51544642448425,IO -> PLC,1.00829
1776084707.5328248,83.53144574165344,IO -> PLC,3.13534
1776084707.5488253,83.54744625091553,IO -> PLC,4.84964
1776084707.5648246,83.56344556808472,IO -> PLC,1.04449
1776084707.5808241,83.57944512367249,IO -> PLC,3.51148
1776084707.5968235,83.59544444084167,IO -> PLC,5.36411
1776084707.6128228,83.61144375801086,IO -> PLC,1.48104
1776084707.6288233,83.62744426727295,IO -> PLC,3.34711
1776084707.6448226,83.64344358444214,IO -> PLC,5.04927
1776084707.6608222,83.65944314002991,IO -> PLC,1.0321
1776084707.6768215,83.6754424571991,IO -> PLC,3.36076
1776084707.6928208,83.69144177436829,IO -> PLC,5.09139
1776084707.7088213,83.70744228363037,IO -> PLC,1.10087
1776084707.7248206,83.72344160079956,IO -> PLC,2.92687
1776084707.7408202,83.73944115638733,IO -> PLC,4.91878
1776084707.7568195,83.75544047355652,IO -> PLC,0.79611
1776084707.77282,83.7714409828186,IO -> PLC,2.60881
1776084707.7888193,83.7874402999878,IO -> PLC,4.60169
1776084707.8048189,83.80343985557556,IO -> PLC,0.88655
1776084707.8208182,83.81943917274475,IO -> PLC,2.60613
1776084707.8368175,83.83543848991394,IO -> PLC,4.45581
1776084707.852818,83.85143899917603,IO -> PLC,0.63922
1776084707.8688173,83.86743831634521,IO -> PLC,2.61371
1776084707.884817,83.88343787193298,IO -> PLC,4.47858
1776084707.9008162,83.89943718910217,IO -> PLC,0.68151
1776084707.9168155,83.91543650627136,IO -> PLC,2.3887
1776084707.932816,83.93143701553345,IO -> PLC,4.28741
1776084707.9488153,83.94743633270264,IO -> PLC,5.97628
1776084707.9648147,83.96343564987183,IO -> PLC,2.38298
1776084707.9808142,83.9794352054596,IO -> PLC,4.50395
1776084707.9968147,83.99543571472168,IO -> PLC,0.63824
1776084708.012814,84.01143503189087,IO -> PLC,2.57688
1776084708.0288134,84.02743434906006,IO -> PLC,4.48383
1776084708.044813,84.04343390464783,IO -> PLC,0.86301
1776084708.0608122,84.05943322181702,IO -> PLC,2.73093
1776084708.0768127,84.0754337310791,IO -> PLC,3.89744
1776084708.092812,84.09143304824829,IO -> PLC,1.27492
1776084708.1088114,84.10743236541748,IO -> PLC,3.29155
1776084708.124811,84.12343192100525,IO -> PLC,3.16474
1776084708.1408103,84.13943123817444,IO -> PLC,1.19352
1776084708.1568108,84.15543174743652,IO -> PLC,2.74613
1776084708.17281,84.17143106460571,IO -> PLC,2.84053
1776084708.1888096,84.18743062019348,IO -> PLC,1.25212
1776084708.204809,84.20342993736267,IO -> PLC,2.3348
1776084708.2208095,84.21943044662476,IO -> PLC,1.98989
1776084708.2368088,84.23542976379395,IO -> PLC,1.49226
1776084708.252808,84.25142908096313,IO -> PLC,1.71882
1776084708.2688074,84.26742839813232,IO -> PLC,1.46399
1776084708.284807,84.28342795372009,IO -> PLC,0.97452
1776084708.3008075,84.29942846298218,IO -> PLC,0.7985
1776084708.3168068,84.31542778015137,IO -> PLC,5.3083
1776084708.332806,84.33142709732056,IO -> PLC,1.3681
1776084708.3488057,84.34742665290833,IO -> PLC,3.2033
1776084708.364805,84.36342597007751,IO -> PLC,4.82551
1776084708.3808053,84.37942624092102,IO -> PLC,1.2959
1776084708.3968048,84.39542579650879,IO -> PLC,3.13389
1776084708.4128041,84.41142511367798,IO -> PLC,5.07253
1776084708.4288037,84.42742466926575,IO -> PLC,1.19778
1776084708.444803,84.44342398643494,IO -> PLC,3.09241
1776084708.4608035,84.45942449569702,IO -> PLC,4.56704
1776084708.4768028,84.47542381286621,IO -> PLC,0.74444
1776084708.4928024,84.49142336845398,IO -> PLC,3.17262
1776084708.5088017,84.50742268562317,IO -> PLC,5.36511
1776084708.524802,84.52342295646667,IO -> PLC,1.42588
1776084708.5408015,84.53942251205444,IO -> PLC,3.33276
1776084708.5568008,84.55542182922363,IO -> PLC,5.10442
1776084708.5728002,84.57142114639282,IO -> PLC,0.97559
1776084708.5887997,84.58742070198059,IO -> PLC,3.27664
1776084708.6048002,84.60342121124268,IO -> PLC,4.96662
1776084708.6207995,84.61942052841187,IO -> PLC,1.2054
1776084708.6367989,84.63541984558105,IO -> PLC,2.7989
1776084708.6527982,84.65141916275024,IO -> PLC,4.73866
1776084708.6687977,84.66741871833801,IO -> PLC,0.90167
1776084708.684798,84.68341898918152,IO -> PLC,2.83615
1776084708.7007976,84.69941854476929,IO -> PLC,4.58317
1776084708.7167969,84.71541786193848,IO -> PLC,0.95012
1776084708.7327964,84.73141741752625,IO -> PLC,2.80067
1776084708.7487967,84.74741768836975,IO -> PLC,4.67066
1776084708.7647963,84.76341724395752,IO -> PLC,0.89416
1776084708.7807956,84.77941656112671,IO -> PLC,2.88615
1776084708.796795,84.7954158782959,IO -> PLC,5.02945
1776084708.8127944,84.81141543388367,IO -> PLC,1.27134
1776084708.8287947,84.82741570472717,IO -> PLC,2.97341
1776084708.8447943,84.84341526031494,IO -> PLC,4.74611
1776084708.8607936,84.85941457748413,IO -> PLC,0.98905
1776084708.876793,84.87541389465332,IO -> PLC,2.8664
1776084708.8927925,84.89141345024109,IO -> PLC,4.9616
1776084708.9087927,84.9074137210846,IO -> PLC,0.9823
1776084708.9247923,84.92341327667236,IO -> PLC,3.0971
1776084708.9407916,84.93941259384155,IO -> PLC,5.00806
1776084708.956791,84.95541191101074,IO -> PLC,1.03498
1776084708.9727914,84.97141242027283,IO -> PLC,2.89977
1776084708.9887908,84.98741173744202,IO -> PLC,4.27735
1776084709.0047903,85.00341129302979,IO -> PLC,1.27479
1776084709.0207896,85.01941061019897,IO -> PLC,3.04255
1776084709.0367892,85.03541016578674,IO -> PLC,3.48407
1776084709.0527894,85.05141043663025,IO -> PLC,3.86608
1776084709.0687888,85.06740975379944,IO -> PLC,5.61831
1776084709.0847883,85.0834093093872,IO -> PLC,2.19413
1776084709.1007876,85.0994086265564,IO -> PLC,3.94429
1776084709.1167872,85.11540818214417,IO -> PLC,5.65971
1776084709.1327875,85.13140845298767,IO -> PLC,1.90569
1776084709.148787,85.14740800857544,IO -> PLC,3.75832
1776084709.1647863,85.16340732574463,IO -> PLC,5.47887
1776084709.1807857,85.17940664291382,IO -> PLC,1.88565
1776084709.1967862,85.1954071521759,IO -> PLC,3.82837
1776084709.2127855,85.21140646934509,IO -> PLC,5.69316
1776084709.228785,85.22740602493286,IO -> PLC,1.94946
1776084709.2447844,85.24340534210205,IO -> PLC,3.75185
1776084709.2607837,85.25940465927124,IO -> PLC,5.54312
1776084709.2767842,85.27540516853333,IO -> PLC,1.83838
1776084709.2927835,85.29140448570251,IO -> PLC,3.77597
1776084709.308783,85.30740404129028,IO -> PLC,5.00082
1776084709.3247824,85.32340335845947,IO -> PLC,1.69842
1776084709.3407817,85.33940267562866,IO -> PLC,4.13155
1776084709.3567822,85.35540318489075,IO -> PLC,4.63773
1776084709.3727815,85.37140250205994,IO -> PLC,1.96399
1776084709.388781,85.3874020576477,IO -> PLC,4.12504
1776084709.4047804,85.4034013748169,IO -> PLC,3.61412
1776084709.420781,85.41940188407898,IO -> PLC,3.48707
1776084709.4367802,85.43540120124817,IO -> PLC,3.00799
1776084709.4527795,85.45140051841736,IO -> PLC,2.0661
1776084709.468779,85.46740007400513,IO -> PLC,2.83524
1776084709.4847784,85.48339939117432,IO -> PLC,0.63776
1776084709.500779,85.4993999004364,IO -> PLC,2.23343
1776084709.5167782,85.51539921760559,IO -> PLC,1.90572
1776084709.5327778,85.53139877319336,IO -> PLC,1.52706
1776084709.548777,85.54739809036255,IO -> PLC,1.44744
1776084709.5647764,85.56339740753174,IO -> PLC,4.32492
1776084709.580777,85.57939791679382,IO -> PLC,1.01931
1776084709.5967762,85.59539723396301,IO -> PLC,3.10859
1776084709.6127758,85.61139678955078,IO -> PLC,4.84739
1776084709.6287751,85.62739610671997,IO -> PLC,1.24201
1776084709.6447756,85.64339661598206,IO -> PLC,2.99328
1776084709.660775,85.65939593315125,IO -> PLC,4.97391
1776084709.6767743,85.67539525032043,IO -> PLC,0.93004
1776084709.6927738,85.6913948059082,IO -> PLC,3.25997
1776084709.7087731,85.70739412307739,IO -> PLC,5.00493
1776084709.7247736,85.72339463233948,IO -> PLC,0.9048
1776084709.740773,85.73939394950867,IO -> PLC,2.79111
1776084709.7567723,85.75539326667786,IO -> PLC,4.85168
1776084709.7727718,85.77139282226562,IO -> PLC,0.79668
1776084709.7887712,85.78739213943481,IO -> PLC,2.79164
1776084709.8047717,85.8033926486969,IO -> PLC,5.04461
1776084709.820771,85.81939196586609,IO -> PLC,1.19443
1776084709.8367705,85.83539152145386,IO -> PLC,3.03058
1776084709.8527699,85.85139083862305,IO -> PLC,4.56679
1776084709.8687701,85.86739110946655,IO -> PLC,0.82501
1776084709.8847697,85.88339066505432,IO -> PLC,2.79749
1776084709.900769,85.89938998222351,IO -> PLC,4.59988
1776084709.9167686,85.91538953781128,IO -> PLC,0.67785
1776084709.9327679,85.93138885498047,IO -> PLC,2.52136
1776084709.9487684,85.94738936424255,IO -> PLC,4.08926
1776084709.9647677,85.96338868141174,IO -> PLC,0.56677
1776084709.980767,85.97938799858093,IO -> PLC,2.54325
1776084709.9967663,85.99538731575012,IO -> PLC,4.30683
1776084710.012766,86.01138687133789,IO -> PLC,0.56297
1776084710.0287664,86.02738738059998,IO -> PLC,2.46992
1776084710.0447657,86.04338669776917,IO -> PLC,4.39617
1776084710.060765,86.05938601493835,IO -> PLC,6.3952
1776084710.0767646,86.07538557052612,IO -> PLC,3.0324
1776084710.0927649,86.09138584136963,IO -> PLC,4.86055
1776084710.1087644,86.1073853969574,IO -> PLC,1.16076
1776084710.1247637,86.12338471412659,IO -> PLC,3.02452
1776084710.140763,86.13938403129578,IO -> PLC,5.041
1776084710.1567626,86.15538358688354,IO -> PLC,0.9288
1776084710.1727629,86.17138385772705,IO -> PLC,2.68919
1776084710.1887624,86.18738341331482,IO -> PLC,4.62983
1776084710.2047617,86.20338273048401,IO -> PLC,0.87676
1776084710.2207613,86.21938228607178,IO -> PLC,2.74092
1776084710.2367606,86.23538160324097,IO -> PLC,4.55643
1776084710.2527611,86.25138211250305,IO -> PLC,0.7852
1776084710.2687604,86.26738142967224,IO -> PLC,2.58248
1776084710.2847598,86.28338074684143,IO -> PLC,4.42878
1776084710.300759,86.29938006401062,IO -> PLC,0.83141
1776084710.3167596,86.3153805732727,IO -> PLC,2.53563
1776084710.3327591,86.33138012886047,IO -> PLC,4.40459
1776084710.3487585,86.34737944602966,IO -> PLC,4.73043
1776084710.3647578,86.36337876319885,IO -> PLC,2.28407
1776084710.380757,86.37937808036804,IO -> PLC,4.19318
1776084710.3967576,86.39537858963013,IO -> PLC,0.55068
1776084710.412757,86.41137790679932,IO -> PLC,2.53549
1776084710.4287565,86.42737746238708,IO -> PLC,3.43887
1776084710.4447558,86.44337677955627,IO -> PLC,0.59193
1776084710.4607553,86.45937633514404,IO -> PLC,2.34728
1776084710.4767556,86.47537660598755,IO -> PLC,2.99474
1776084710.4927552,86.49137616157532,IO -> PLC,0.59246
1776084710.5087545,86.5073754787445,IO -> PLC,2.44316
1776084710.5247538,86.5233747959137,IO -> PLC,2.10522
1776084710.5407534,86.53937435150146,IO -> PLC,0.91939
1776084710.5567536,86.55537462234497,IO -> PLC,1.7675
1776084710.5727532,86.57137417793274,IO -> PLC,1.29859
1776084710.5887525,86.58737349510193,IO -> PLC,0.83184
1776084710.6047518,86.60337281227112,IO -> PLC,0.85878
1776084710.6207523,86.6193733215332,IO -> PLC,5.11353
1776084710.636752,86.63537287712097,IO -> PLC,1.25918
1776084710.6527512,86.65137219429016,IO -> PLC,3.07285
1776084710.6687505,86.66737151145935,IO -> PLC,4.94597
1776084710.6847498,86.68337082862854,IO -> PLC,1.51955
1776084710.7007504,86.69937133789062,IO -> PLC,3.20626
1776084710.7167497,86.71537065505981,IO -> PLC,5.13586
1776084710.7327492,86.73137021064758,IO -> PLC,1.17391
1776084710.7487485,86.74736952781677,IO -> PLC,2.99781
1776084710.764748,86.76336908340454,IO -> PLC,4.58524
1776084710.7807484,86.77936935424805,IO -> PLC,1.0277
1776084710.7967477,86.79536867141724,IO -> PLC,2.96849
1776084710.8127472,86.811368227005,IO -> PLC,5.36292
1776084710.8287466,86.8273675441742,IO -> PLC,1.52689
1776084710.844747,86.84336805343628,IO -> PLC,3.41017
1776084710.8607464,86.85936737060547,IO -> PLC,5.17071
1776084710.876746,86.87536692619324,IO -> PLC,1.26212
1776084710.8927453,86.89136624336243,IO -> PLC,3.62662
1776084710.9087446,86.90736556053162,IO -> PLC,5.61654
1776084710.924745,86.9233660697937,IO -> PLC,1.82155
1776084710.9407444,86.93936538696289,IO -> PLC,3.72738
1776084710.956744,86.95536494255066,IO -> PLC,5.81355
1776084710.9727433,86.97136425971985,IO -> PLC,1.77279
1776084710.9887426,86.98736357688904,IO -> PLC,3.88232
1776084711.004743,87.00336408615112,IO -> PLC,5.68287
1776084711.0207424,87.01936340332031,IO -> PLC,2.00045
1776084711.036742,87.03536295890808,IO -> PLC,3.76084
1776084711.0527413,87.05136227607727,IO -> PLC,2.7503
1776084711.0687418,87.06736278533936,IO -> PLC,4.61917
1776084711.084741,87.08336210250854,IO -> PLC,1.91199
1776084711.1007404,87.09936141967773,IO -> PLC,3.79327
1776084711.11674,87.1153609752655,IO -> PLC,5.6867
1776084711.1327393,87.13136029243469,IO -> PLC,1.73003
1776084711.1487398,87.14736080169678,IO -> PLC,3.54258
1776084711.1647391,87.16336011886597,IO -> PLC,5.3441
1776084711.1807387,87.17935967445374,IO -> PLC,1.8932
1776084711.196738,87.19535899162292,IO -> PLC,3.668
1776084711.2127373,87.21135830879211,IO -> PLC,5.58719
1776084711.2287378,87.2273588180542,IO -> PLC,1.83316
1776084711.2447371,87.24335813522339,IO -> PLC,3.58236
1776084711.2607367,87.25935769081116,IO -> PLC,5.40418
1776084711.276736,87.27535700798035,IO -> PLC,1.68497
1776084711.2927365,87.29135751724243,IO -> PLC,3.72512
1776084711.3087358,87.30735683441162,IO -> PLC,5.29599
1776084711.3247352,87.32335615158081,IO -> PLC,1.28715
1776084711.3407347,87.33935570716858,IO -> PLC,3.08434
1776084711.356734,87.35535502433777,IO -> PLC,5.21147
1776084711.3727345,87.37135553359985,IO -> PLC,1.09278
1776084711.3887339,87.38735485076904,IO -> PLC,3.39192
1776084711.4047332,87.40335416793823,IO -> PLC,5.28543
1776084711.4207327,87.419353723526,IO -> PLC,1.56237
1776084711.436732,87.43535304069519,IO -> PLC,3.30212
1776084711.4527326,87.45135354995728,IO -> PLC,4.81298
1776084711.4687319,87.46735286712646,IO -> PLC,1.39473
1776084711.4847312,87.48335218429565,IO -> PLC,3.77067
1776084711.5007308,87.49935173988342,IO -> PLC,3.5476
1776084711.516731,87.51535201072693,IO -> PLC,1.84775
1776084711.5327306,87.5313515663147,IO -> PLC,3.40869
1776084711.54873,87.54735088348389,IO -> PLC,3.26939
1776084711.5647295,87.56335043907166,IO -> PLC,1.85012
1776084711.5807288,87.57934975624084,IO -> PLC,2.71262
1776084711.596729,87.59535002708435,IO -> PLC,0.87341
1776084711.6127286,87.61134958267212,IO -> PLC,2.23874
1776084711.628728,87.62734889984131,IO -> PLC,1.98808
1776084711.6447275,87.64334845542908,IO -> PLC,2.08535
1776084711.6607268,87.65934777259827,IO -> PLC,1.69427
1776084711.6767273,87.67534828186035,IO -> PLC,1.67819
1776084711.6927266,87.69134759902954,IO -> PLC,1.06886
1776084711.708726,87.70734691619873,IO -> PLC,0.7546
1776084711.7247252,87.72334623336792,IO -> PLC,5.34232
1776084711.7407258,87.73934674263,IO -> PLC,1.24036
1776084711.7567253,87.75534629821777,IO -> PLC,3.17675
1776084711.7727246,87.77134561538696,IO -> PLC,4.7765
1776084711.788724,87.78734493255615,IO -> PLC,1.39833
1776084711.8047235,87.80334448814392,IO -> PLC,3.14736
1776084711.8207238,87.81934475898743,IO -> PLC,5.1424
1776084711.8367233,87.8353443145752,IO -> PLC,1.233
1776084711.8527226,87.85134363174438,IO -> PLC,3.03012
1776084711.868722,87.86734294891357,IO -> PLC,4.7997
1776084711.8847215,87.88334250450134,IO -> PLC,1.09705
1776084711.9007218,87.89934277534485,IO -> PLC,2.99048
1776084711.9167213,87.91534233093262,IO -> PLC,1.01326
1776084711.9327207,87.9313416481018,IO -> PLC,0.74315
1776084711.9487202,87.94734120368958,IO -> PLC,0.78514
1776084711.9647205,87.96334147453308,IO -> PLC,5.19565
1776084711.98072,87.97934103012085,IO -> PLC,1.35778
1776084711.9967194,87.99534034729004,IO -> PLC,3.42955
1776084712.0127187,88.01133966445923,IO -> PLC,4.98208
1776084712.028718,88.02733898162842,IO -> PLC,1.38167
1776084712.0447185,88.0433394908905,IO -> PLC,3.07669
1776084712.060718,88.05933904647827,IO -> PLC,5.10222
1776084712.0767174,88.07533836364746,IO -> PLC,1.13834
1776084712.0927167,88.09133768081665,IO -> PLC,4.19424
1776084712.108716,88.10733699798584,IO -> PLC,5.83085
1776084712.1247165,88.12333750724792,IO -> PLC,3.34256
1776084712.1407158,88.13933682441711,IO -> PLC,5.16656
1776084712.1567154,88.15533638000488,IO -> PLC,1.01811
1776084712.1727147,88.17133569717407,IO -> PLC,2.95268
1776084712.1887152,88.18733620643616,IO -> PLC,4.7305
1776084712.2047145,88.20333552360535,IO -> PLC,1.06561
1776084712.220714,88.21933507919312,IO -> PLC,2.87527
1776084712.2367134,88.2353343963623,IO -> PLC,4.75047
1776084712.2527127,88.2513337135315,IO -> PLC,0.77012
1776084712.2687132,88.26733422279358,IO -> PLC,2.67283
1776084712.2847126,88.28333353996277,IO -> PLC,4.60635
1776084712.300712,88.29933309555054,IO -> PLC,0.83816
1776084712.3167114,88.31533241271973,IO -> PLC,2.75104
1776084712.3327107,88.33133172988892,IO -> PLC,4.83312
1776084712.3487113,88.347332239151,IO -> PLC,1.0239
1776084712.3647108,88.36333179473877,IO -> PLC,2.81788
1776084712.3807101,88.37933111190796,IO -> PLC,4.90813
1776084712.3967094,88.39533042907715,IO -> PLC,1.10202
1776084712.4127088,88.41132974624634,IO -> PLC,2.97106
1776084712.4287093,88.42733025550842,IO -> PLC,4.67704
1776084712.4447086,88.44332957267761,IO -> PLC,0.92726
1776084712.4607081,88.45932912826538,IO -> PLC,2.70309
1776084712.4767075,88.47532844543457,IO -> PLC,5.29287
1776084712.492708,88.49132895469666,IO -> PLC,1.33213
1776084712.5087073,88.50732827186584,IO -> PLC,3.81966
1776084712.5247066,88.52332758903503,IO -> PLC,5.5759
1776084712.5407062,88.5393271446228,IO -> PLC,1.61522
1776084712.5567055,88.55532646179199,IO -> PLC,3.41762
1776084712.572706,88.57132697105408,IO -> PLC,4.60453
1776084712.5887053,88.58732628822327,IO -> PLC,1.6379
1776084712.6047049,88.60332584381104,IO -> PLC,3.60422
1776084712.6207042,88.61932516098022,IO -> PLC,5.115
1776084712.6367035,88.63532447814941,IO -> PLC,1.58819
1776084712.652704,88.6513249874115,IO -> PLC,3.33329
1776084712.6687033,88.66732430458069,IO -> PLC,4.28381
1776084712.6847029,88.68332386016846,IO -> PLC,2.00841
1776084712.7007022,88.69932317733765,IO -> PLC,3.67896
1776084712.7167027,88.71532368659973,IO -> PLC,3.6043
1776084712.732702,88.73132300376892,IO -> PLC,2.43592
1776084712.7487013,88.74732232093811,IO -> PLC,3.20626
1776084712.764701,88.76332187652588,IO -> PLC,2.82942
1776084712.7807002,88.77932119369507,IO -> PLC,2.29379
1776084712.7967007,88.79532170295715,IO -> PLC,2.47331
1776084712.8127,88.81132102012634,IO -> PLC,2.00048
1776084712.8286994,88.82732033729553,IO -> PLC,1.57748
1776084712.844699,88.8433198928833,IO -> PLC,3.8079
1776084712.8606982,88.85931921005249,IO -> PLC,1.45601
1776084712.8766987,88.87531971931458,IO -> PLC,1.29112
1776084712.892698,88.89131903648376,IO -> PLC,3.68537
1776084712.9086976,88.90731859207153,IO -> PLC,5.72345
1776084712.924697,88.92331790924072,IO -> PLC,1.64382
1776084712.9406972,88.93931818008423,IO -> PLC,3.57525
1776084712.9566967,88.955317735672,IO -> PLC,5.66638
1776084712.972696,88.97131705284119,IO -> PLC,1.78954
1776084712.9886956,88.98731660842896,IO -> PLC,3.83163
1776084713.004695,89.00331592559814,IO -> PLC,5.98523
1776084713.0206954,89.01931643486023,IO -> PLC,2.02553
1776084713.0366948,89.03531575202942,IO -> PLC,3.98048
1776084713.052694,89.05131506919861,IO -> PLC,2.90322
1776084713.0686936,89.06731462478638,IO -> PLC,0.90463
1776084713.084693,89.08331394195557,IO -> PLC,0.61797
1776084713.1006935,89.09931445121765,IO -> PLC,3.6809
1776084713.1166928,89.11531376838684,IO -> PLC,5.56113
1776084713.132692,89.13131308555603,IO -> PLC,1.55734
1776084713.1486917,89.1473126411438,IO -> PLC,3.71502
1776084713.164692,89.1633129119873,IO -> PLC,5.45822
1776084713.1806915,89.17931246757507,IO -> PLC,1.92116
1776084713.1966908,89.19531178474426,IO -> PLC,3.83628
1776084713.21269,89.21131110191345,IO -> PLC,5.80771
1776084713.2286897,89.22731065750122,IO -> PLC,1.86728
1776084713.24469,89.24331092834473,IO -> PLC,3.7916
1776084713.2606895,89.2593104839325,IO -> PLC,5.47422
1776084713.2766888,89.27530980110168,IO -> PLC,1.97213
1776084713.2926884,89.29130935668945,IO -> PLC,3.7582
1776084713.3086877,89.30730867385864,IO -> PLC,5.6866
1776084713.324688,89.32330894470215,IO -> PLC,1.56191
1776084713.3406875,89.33930850028992,IO -> PLC,3.45951
1776084713.3566868,89.3553078174591,IO -> PLC,5.74128
1776084713.3726864,89.37130737304688,IO -> PLC,1.69749
1776084713.3886867,89.38730764389038,IO -> PLC,3.88085
1776084713.4046862,89.40330719947815,IO -> PLC,5.66381
1776084713.4206855,89.41930651664734,IO -> PLC,1.99786
1776084713.4366848,89.43530583381653,IO -> PLC,3.5884
1776084713.4526842,89.45130515098572,IO -> PLC,5.47056
1776084713.4686847,89.4673056602478,IO -> PLC,1.57949
1776084713.4846842,89.48330521583557,IO -> PLC,3.63261
1776084713.5006835,89.49930453300476,IO -> PLC,5.43716
1776084713.5166829,89.51530385017395,IO -> PLC,1.6537
1776084713.5326824,89.53130340576172,IO -> PLC,3.49481
1776084713.5486827,89.54730367660522,IO -> PLC,5.55938
1776084713.5646822,89.563303232193,IO -> PLC,1.80759
1776084713.5806816,89.57930254936218,IO -> PLC,4.4065
1776084713.5966809,89.59530186653137,IO -> PLC,6.27465
1776084713.6126814,89.61130237579346,IO -> PLC,2.51846
1776084713.6286807,89.62730169296265,IO -> PLC,4.25453
1776084713.6446803,89.64330124855042,IO -> PLC,5.95539
1776084713.6606796,89.6593005657196,IO -> PLC,2.17586
1776084713.6766791,89.67530012130737,IO -> PLC,4.20257
1776084713.6926794,89.69130039215088,IO -> PLC,5.97225
1776084713.7086787,89.70729970932007,IO -> PLC,2.36462
1776084713.7246783,89.72329926490784,IO -> PLC,4.50608
1776084713.7406776,89.73929858207703,IO -> PLC,4.9548
1776084713.756677,89.75529789924622,IO -> PLC,2.44179
1776084713.7726774,89.7712984085083,IO -> PLC,4.25571
1776084713.788677,89.78729796409607,IO -> PLC,0.66736
1776084713.8046763,89.80329728126526,IO -> PLC,2.53632
1776084713.8206756,89.81929659843445,IO -> PLC,3.39179
1776084713.836675,89.83529591560364,IO -> PLC,3.00896
1776084713.8526754,89.85129642486572,IO -> PLC,2.38116
1776084713.8686748,89.86729574203491,IO -> PLC,2.73365
1776084713.8846743,89.88329529762268,IO -> PLC,0.83514
1776084713.9006736,89.89929461479187,IO -> PLC,2.37241
1776084713.9166741,89.91529512405396,IO -> PLC,2.01517
1776084713.9326735,89.93129444122314,IO -> PLC,0.64199
1776084713.948673,89.94729399681091,IO -> PLC,1.73282
1776084713.9646723,89.9632933139801,IO -> PLC,1.56183
1776084713.9806716,89.97929263114929,IO -> PLC,0.78259
1776084713.9966722,89.99529314041138,IO -> PLC,1.02043
1776084714.0126715,90.01129245758057,IO -> PLC,4.47146
1776084714.028671,90.02729201316833,IO -> PLC,0.81991
1776084714.0446703,90.04329133033752,IO -> PLC,2.53431
1776084714.0606709,90.05929183959961,IO -> PLC,4.33357
1776084714.0766702,90.0752911567688,IO -> PLC,6.3367
1776084714.0926697,90.09129071235657,IO -> PLC,2.53867
1776084714.108669,90.10729002952576,IO -> PLC,4.28178
1776084714.1246684,90.12328934669495,IO -> PLC,6.07809
1776084714.1406689,90.13928985595703,IO -> PLC,2.05573
1776084714.1566682,90.15528917312622,IO -> PLC,3.95053
1776084714.1726675,90.17128849029541,IO -> PLC,6.17885
1776084714.188667,90.18728804588318,IO -> PLC,2.37763
1776084714.2046664,90.20328736305237,IO -> PLC,4.03377
1776084714.220667,90.21928787231445,IO -> PLC,6.02362
1776084714.2366662,90.23528718948364,IO -> PLC,2.13222
1776084714.2526655,90.25128650665283,IO -> PLC,4.03406
1776084714.268665,90.2672860622406,IO -> PLC,5.92973
1776084714.2846653,90.2832863330841,IO -> PLC,2.27188
1776084714.300665,90.29928588867188,IO -> PLC,4.28411
1776084714.3166642,90.31528520584106,IO -> PLC,5.91866
1776084714.3326638,90.33128476142883,IO -> PLC,2.11767
1776084714.348663,90.34728407859802,IO -> PLC,3.76661
1776084714.3646634,90.36328434944153,IO -> PLC,5.89166
1776084714.380663,90.3792839050293,IO -> PLC,2.03915
1776084714.3966622,90.39528322219849,IO -> PLC,4.64542
1776084714.4126618,90.41128277778625,IO -> PLC,0.85043
1776084714.428661,90.42728209495544,IO -> PLC,2.88652
1776084714.4446616,90.44328260421753,IO -> PLC,4.65818
1776084714.460661,90.45928192138672,IO -> PLC,1.13049
1776084714.4766603,90.47528123855591,IO -> PLC,3.3937
1776084714.4926598,90.49128079414368,IO -> PLC,5.39987
1776084714.5086591,90.50728011131287,IO -> PLC,1.59272
1776084714.5246596,90.52328062057495,IO -> PLC,3.42694
1776084714.540659,90.53927993774414,IO -> PLC,5.62048
1776084714.5566583,90.55527925491333,IO -> PLC,1.62796
1776084714.5726578,90.5712788105011,IO -> PLC,3.45804
1776084714.588658,90.5872790813446,IO -> PLC,5.58916
1776084714.6046576,90.60327863693237,IO -> PLC,1.93642
1776084714.620657,90.61927795410156,IO -> PLC,3.60064
1776084714.6366563,90.63527727127075,IO -> PLC,5.49832
1776084714.6526558,90.65127682685852,IO -> PLC,1.60717
1776084714.668656,90.66727709770203,IO -> PLC,3.83054
1776084714.6846557,90.6832766532898,IO -> PLC,5.72093
1776084714.700655,90.69927597045898,IO -> PLC,1.96491
1776084714.7166545,90.71527552604675,IO -> PLC,3.79802
1776084714.7326539,90.73127484321594,IO -> PLC,5.57793
1776084714.7486544,90.74727535247803,IO -> PLC,1.92223
1776084714.7646537,90.76327466964722,IO -> PLC,3.85271
1776084714.780653,90.7792739868164,IO -> PLC,5.50998
1776084714.7966526,90.79527354240417,IO -> PLC,2.41206
1776084714.8126528,90.81127381324768,IO -> PLC,4.28814
1776084714.8286524,90.82727336883545,IO -> PLC,4.38268
1776084714.8446517,90.84327268600464,IO -> PLC,3.59216
1776084714.860651,90.85927200317383,IO -> PLC,4.27242
1776084714.8766503,90.87527132034302,IO -> PLC,1.24443
1776084714.8926508,90.8912718296051,IO -> PLC,3.41451
1776084714.9086504,90.90727138519287,IO -> PLC,3.61419
1776084714.9246497,90.92327070236206,IO -> PLC,1.34616
1776084714.940649,90.93927001953125,IO -> PLC,2.62428
1776084714.9566486,90.95526957511902,IO -> PLC,2.8702
1776084714.9726489,90.97126984596252,IO -> PLC,1.16523
1776084714.9886484,90.9872694015503,IO -> PLC,2.43112
1776084715.0046477,91.00326871871948,IO -> PLC,3.06609
1776084715.020647,91.01926803588867,IO -> PLC,1.30064
1776084715.0366476,91.03526854515076,IO -> PLC,2.25843
1776084715.0526469,91.05126786231995,IO -> PLC,2.35779
1776084715.0686464,91.06726741790771,IO -> PLC,4.22794
1776084715.0846457,91.0832667350769,IO -> PLC,0.8017
1776084715.1006453,91.09926629066467,IO -> PLC,2.75145
1776084715.1166456,91.11526656150818,IO -> PLC,3.46739
1776084715.1326451,91.13126611709595,IO -> PLC,1.02727
1776084715.1486444,91.14726543426514,IO -> PLC,2.86549
1776084715.1646438,91.16326475143433,IO -> PLC,2.49819
1776084715.180643,91.17926406860352,IO -> PLC,0.9365
1776084715.1966436,91.1952645778656,IO -> PLC,1.98022
1776084715.2126431,91.21126413345337,IO -> PLC,1.70476
1776084715.2286425,91.22726345062256,IO -> PLC,0.98608
1776084715.2446418,91.24326276779175,IO -> PLC,1.68969
1776084715.2606423,91.25926327705383,IO -> PLC,1.36831
1776084715.2766416,91.27526259422302,IO -> PLC,0.82371
1776084715.292641,91.29126191139221,IO -> PLC,0.55545
1776084715.3086405,91.30726146697998,IO -> PLC,4.57074
1776084715.3246398,91.32326078414917,IO -> PLC,6.3588
1776084715.3406403,91.33926129341125,IO -> PLC,14.79926
1776084715.3566396,91.35526061058044,IO -> PLC,14.6374
1776084715.3726392,91.37126016616821,IO -> PLC,14.19537
1776084715.3886385,91.3872594833374,IO -> PLC,5.32919
1776084715.4046378,91.40325880050659,IO -> PLC,1.57405
1776084715.4206383,91.41925930976868,IO -> PLC,3.20459
1776084715.4366376,91.43525862693787,IO -> PLC,5.18723
1776084715.4526372,91.45125818252563,IO -> PLC,1.34416
1776084715.4686365,91.46725749969482,IO -> PLC,3.13416
1776084715.484637,91.48325800895691,IO -> PLC,5.33088
1776084715.5006363,91.4992573261261,IO -> PLC,1.38444
1776084715.516636,91.51525688171387,IO -> PLC,3.2554
1776084715.5326352,91.53125619888306,IO -> PLC,4.98731
1776084715.5486345,91.54725551605225,IO -> PLC,1.40233
1776084715.564635,91.56325602531433,IO -> PLC,3.09296
1776084715.5806344,91.57925534248352,IO -> PLC,5.28881
1776084715.5966337,91.59525465965271,IO -> PLC,1.32469
1776084715.6126332,91.61125421524048,IO -> PLC,3.36774
1776084715.6286325,91.62725353240967,IO -> PLC,5.40998
1776084715.644633,91.64325404167175,IO -> PLC,1.74508
1776084715.6606324,91.65925335884094,IO -> PLC,3.67443
1776084715.6766317,91.67525267601013,IO -> PLC,5.82309
1776084715.6926312,91.6912522315979,IO -> PLC,1.92161
1776084715.7086315,91.7072525024414,IO -> PLC,4.28515
1776084715.724631,91.72325205802917,IO -> PLC,5.93489
1776084715.7406304,91.73925137519836,IO -> PLC,1.80916
1776084715.75663,91.75525093078613,IO -> PLC,3.70285
1776084715.7726293,91.77125024795532,IO -> PLC,5.48987
1776084715.7886298,91.78725075721741,IO -> PLC,1.97442
1776084715.804629,91.8032500743866,IO -> PLC,3.68576
1776084715.8206284,91.81924939155579,IO -> PLC,5.54256
1776084715.836628,91.83524894714355,IO -> PLC,1.63477
1776084715.8526273,91.85124826431274,IO -> PLC,3.55821
1776084715.8686278,91.86724877357483,IO -> PLC,5.22139
1776084715.884627,91.88324809074402,IO -> PLC,1.66698
1776084715.9006264,91.89924740791321,IO -> PLC,3.55545
1776084715.916626,91.91524696350098,IO -> PLC,4.23459
1776084715.9326253,91.93124628067017,IO -> PLC,1.49229
1776084715.9486258,91.94724678993225,IO -> PLC,3.29252
1776084715.9646251,91.96324610710144,IO -> PLC,3.62365
1776084715.9806244,91.97924542427063,IO -> PLC,1.6321
1776084715.996624,91.9952449798584,IO -> PLC,2.98591
1776084716.0126243,92.0112452507019,IO -> PLC,2.71565
1776084716.0286238,92.02724480628967,IO -> PLC,2.11369
1776084716.0446231,92.04324412345886,IO -> PLC,2.22248
1776084716.0606225,92.05924344062805,IO -> PLC,2.00126
1776084716.076622,92.07524299621582,IO -> PLC,1.79356
1776084716.0926223,92.09124326705933,IO -> PLC,1.27873
1776084716.1086218,92.1072428226471,IO -> PLC,1.11382
1776084716.1246212,92.12324213981628,IO -> PLC,0.62954
1776084716.1406207,92.13924169540405,IO -> PLC,4.00585
1776084716.156621,92.15524196624756,IO -> PLC,6.2753
1776084716.1726205,92.17124152183533,IO -> PLC,2.15046
1776084716.1886199,92.18724083900452,IO -> PLC,4.29711
1776084716.2046192,92.2032401561737,IO -> PLC,6.05654
1776084716.2206187,92.21923971176147,IO -> PLC,2.29635
1776084716.236619,92.23523998260498,IO -> PLC,4.16019
1776084716.2526186,92.25123953819275,IO -> PLC,6.05786
1776084716.2686179,92.26723885536194,IO -> PLC,2.28136
1776084716.2846172,92.28323817253113,IO -> PLC,4.49137
1776084716.3006167,92.2992377281189,IO -> PLC,6.07167
1776084716.316617,92.3152379989624,IO -> PLC,2.38325
1776084716.3326166,92.33123755455017,IO -> PLC,3.88243
1776084716.348616,92.34723687171936,IO -> PLC,5.74522
1776084716.3646152,92.36323618888855,IO -> PLC,2.01479
1776084716.3806148,92.37923574447632,IO -> PLC,4.02511
1776084716.396615,92.39523601531982,IO -> PLC,6.08271
1776084716.4126146,92.41123557090759,IO -> PLC,2.28461
1776084716.428614,92.42723488807678,IO -> PLC,4.11052
1776084716.4446135,92.44323444366455,IO -> PLC,5.81171
1776084716.4606137,92.45923471450806,IO -> PLC,2.14769
1776084716.476613,92.47523403167725,IO -> PLC,4.38738
1776084716.4926126,92.49123358726501,IO -> PLC,6.31585
1776084716.508612,92.5072329044342,IO -> PLC,2.70008
1776084716.5246115,92.52323246002197,IO -> PLC,4.98577
1776084716.5406117,92.53923273086548,IO -> PLC,0.87445
1776084716.5566113,92.55523228645325,IO -> PLC,2.82549
1776084716.5726106,92.57123160362244,IO -> PLC,4.52636
1776084716.58861,92.58723092079163,IO -> PLC,1.23227
1776084716.6046093,92.60323023796082,IO -> PLC,3.00002
1776084716.6206098,92.6192307472229,IO -> PLC,4.93226
1776084716.6366093,92.63523030281067,IO -> PLC,1.12287
1776084716.6526086,92.65122961997986,IO -> PLC,2.9603
1776084716.668608,92.66722893714905,IO -> PLC,4.53228
1776084716.6846085,92.68322944641113,IO -> PLC,1.11428
1776084716.7006078,92.69922876358032,IO -> PLC,2.98427
1776084716.716607,92.71522808074951,IO -> PLC,4.72002
1776084716.7326066,92.73122763633728,IO -> PLC,1.00175
1776084716.748606,92.74722695350647,IO -> PLC,2.67006
1776084716.7646065,92.76322746276855,IO -> PLC,4.56893
1776084716.7806058,92.77922677993774,IO -> PLC,0.71667
1776084716.7966053,92.79522633552551,IO -> PLC,2.82003
1776084716.8126047,92.8112256526947,IO -> PLC,4.60922
1776084716.8286042,92.82722520828247,IO -> PLC,0.95248
1776084716.8446045,92.84322547912598,IO -> PLC,2.60239
1776084716.8606038,92.85922479629517,IO -> PLC,4.75311
1776084716.8766034,92.87522435188293,IO -> PLC,0.75627
1776084716.8926027,92.89122366905212,IO -> PLC,3.16582
1776084716.9086032,92.90722417831421,IO -> PLC,3.82871
1776084716.9246025,92.9232234954834,IO -> PLC,0.71992
1776084716.940602,92.93922305107117,IO -> PLC,2.65727
1776084716.9566014,92.95522236824036,IO -> PLC,3.0436
1776084716.9726007,92.97122168540955,IO -> PLC,0.70788
1776084716.9886012,92.98722219467163,IO -> PLC,2.1837
1776084717.0046005,93.00322151184082,IO -> PLC,2.0908
1776084717.0205998,93.01922082901001,IO -> PLC,0.566
1776084717.0365994,93.03522038459778,IO -> PLC,1.47755
1776084717.0525987,93.05121970176697,IO -> PLC,4.20375
1776084717.0685992,93.06722021102905,IO -> PLC,3.24921
1776084717.0845985,93.08321952819824,IO -> PLC,3.60386
1776084717.100598,93.09921908378601,IO -> PLC,2.03097
1776084717.1165974,93.1152184009552,IO -> PLC,2.78187
1776084717.1325977,93.1312186717987,IO -> PLC,2.54649
1776084717.1485972,93.14721822738647,IO -> PLC,1.78644
1776084717.1645966,93.16321754455566,IO -> PLC,2.1062
1776084717.180596,93.17921710014343,IO -> PLC,1.97338
1776084717.1965954,93.19521641731262,IO -> PLC,1.42559
1776084717.212596,93.2112169265747,IO -> PLC,1.33029
1776084717.2285953,93.2272162437439,IO -> PLC,1.27532
1776084717.2445946,93.24321556091309,IO -> PLC,1.41563
1776084717.2605941,93.25921511650085,IO -> PLC,1.36258
1776084717.2765934,93.27521443367004,IO -> PLC,1.57273
1776084717.292594,93.29121494293213,IO -> PLC,1.18767
1776084717.3085933,93.30721426010132,IO -> PLC,3.83289
1776084717.3245926,93.32321357727051,IO -> PLC,0.69858
1776084717.3405921,93.33921313285828,IO -> PLC,0.8981
1776084717.3565927,93.35521364212036,IO -> PLC,1.14409
1776084717.372592,93.37121295928955,IO -> PLC,4.9557
1776084717.3885913,93.38721227645874,IO -> PLC,1.26103
1776084717.4045906,93.40321159362793,IO -> PLC,3.43745
1776084717.4205902,93.4192111492157,IO -> PLC,5.3104
1776084717.4365904,93.4352114200592,IO -> PLC,1.46933
1776084717.45259,93.45121097564697,IO -> PLC,3.15795
1776084717.4685893,93.46721029281616,IO -> PLC,5.09468
1776084717.4845889,93.48320984840393,IO -> PLC,1.52394
1776084717.5005882,93.49920916557312,IO -> PLC,3.32737
1776084717.5165884,93.51520943641663,IO -> PLC,4.91791
1776084717.532588,93.5312089920044,IO -> PLC,1.30518
1776084717.5485873,93.54720830917358,IO -> PLC,3.14444
1776084717.5645869,93.56320786476135,IO -> PLC,5.06989
1776084717.5805871,93.57920813560486,IO -> PLC,3.04538
1776084717.5965867,93.59520769119263,IO -> PLC,5.03218
1776084717.612586,93.61120700836182,IO -> PLC,1.19007
1776084717.6285853,93.627206325531,IO -> PLC,3.02015
1776084717.644585,93.64320588111877,IO -> PLC,4.71933
1776084717.6605852,93.65920615196228,IO -> PLC,0.83393
1776084717.6765847,93.67520570755005,IO -> PLC,3.02059
1776084717.692584,93.69120502471924,IO -> PLC,4.95298
1776084717.7085834,93.70720434188843,IO -> PLC,1.05983
1776084717.724583,93.7232038974762,IO -> PLC,2.92782
1776084717.7405832,93.7392041683197,IO -> PLC,5.05791
1776084717.7565827,93.75520372390747,IO -> PLC,1.10003
1776084717.772582,93.77120304107666,IO -> PLC,3.07044
1776084717.7885814,93.78720235824585,IO -> PLC,5.10019
1776084717.804581,93.80320191383362,IO -> PLC,1.45994
1776084717.8205812,93.81920218467712,IO -> PLC,3.11096
1776084717.8365808,93.83520174026489,IO -> PLC,5.0044
1776084717.85258,93.85120105743408,IO -> PLC,1.11405
1776084717.8685796,93.86720061302185,IO -> PLC,2.77219
1776084717.88458,93.88320088386536,IO -> PLC,4.84699
1776084717.9005792,93.89920020103455,IO -> PLC,0.83703
1776084717.9165788,93.91519975662231,IO -> PLC,2.80024
1776084717.932578,93.9311990737915,IO -> PLC,4.39061
1776084717.9485776,93.94719862937927,IO -> PLC,0.68676
1776084717.964578,93.96319890022278,IO -> PLC,2.58235
1776084717.9805775,93.97919845581055,IO -> PLC,4.57843
1776084717.9965768,93.99519777297974,IO -> PLC,0.88185
1776084718.012576,94.01119709014893,IO -> PLC,2.90433
1776084718.0285754,94.02719640731812,IO -> PLC,4.99257
1776084718.044576,94.0431969165802,IO -> PLC,1.26927
1776084718.0605755,94.05919647216797,IO -> PLC,2.90373
1776084718.0765748,94.07519578933716,IO -> PLC,5.53369
1776084718.0925741,94.09119510650635,IO -> PLC,1.57781
1776084718.1085746,94.10719561576843,IO -> PLC,3.66198
1776084718.124574,94.12319493293762,IO -> PLC,4.58888
1776084718.1405733,94.13919425010681,IO -> PLC,1.40929
1776084718.1565728,94.15519380569458,IO -> PLC,3.33456
1776084718.1725721,94.17119312286377,IO -> PLC,3.8981
1776084718.1885726,94.18719363212585,IO -> PLC,1.79679
1776084718.204572,94.20319294929504,IO -> PLC,3.45685
1776084718.2205715,94.21919250488281,IO -> PLC,3.27179
1776084718.2365708,94.235191822052,IO -> PLC,1.47249
1776084718.2525713,94.25119233131409,IO -> PLC,2.83879
1776084718.2685707,94.26719164848328,IO -> PLC,2.4806
1776084718.28457,94.28319096565247,IO -> PLC,1.52407
1776084718.3005695,94.29919052124023,IO -> PLC,1.95647
1776084718.3165689,94.31518983840942,IO -> PLC,1.61141
1776084718.3325694,94.33119034767151,IO -> PLC,1.26249
1776084718.3485687,94.3471896648407,IO -> PLC,3.16305
1776084718.3645682,94.36318922042847,IO -> PLC,0.78957
1776084718.3805676,94.37918853759766,IO -> PLC,0.59419
1776084718.3965669,94.39518785476685,IO -> PLC,3.30998
1776084718.4125674,94.41118836402893,IO -> PLC,5.07637
1776084718.4285667,94.42718768119812,IO -> PLC,1.21906
1776084718.444566,94.44318699836731,IO -> PLC,2.96834
1776084718.4605656,94.45918655395508,IO -> PLC,4.63447
1776084718.476565,94.47518587112427,IO -> PLC,6.85881
1776084718.4925654,94.49118638038635,IO -> PLC,3.11406
1776084718.5085647,94.50718569755554,IO -> PLC,4.76804
1776084718.5245643,94.52318525314331,IO -> PLC,1.24747
1776084718.5405636,94.5391845703125,IO -> PLC,3.05802
1776084718.5565639,94.555184841156,IO -> PLC,4.79913
1776084718.5725634,94.57118439674377,IO -> PLC,0.97862
1776084718.5885627,94.58718371391296,IO -> PLC,3.12703
1776084718.6045623,94.60318326950073,IO -> PLC,4.95094
1776084718.6205616,94.61918258666992,IO -> PLC,6.7975
1776084718.636562,94.635183095932,IO -> PLC,3.17956
1776084718.6525614,94.6511824131012,IO -> PLC,5.00555
1776084718.6685607,94.66718173027039,IO -> PLC,1.27816
1776084718.6845603,94.68318128585815,IO -> PLC,3.49538
1776084718.7005596,94.69918060302734,IO -> PLC,5.14832
1776084718.7165601,94.71518111228943,IO -> PLC,1.66991
1776084718.7325594,94.73118042945862,IO -> PLC,3.34325
1776084718.7485588,94.74717974662781,IO -> PLC,5.23981
1776084718.7645583,94.76317930221558,IO -> PLC,1.37938
1776084718.7805588,94.77917981147766,IO -> PLC,3.31706
1776084718.7965581,94.79517912864685,IO -> PLC,5.11729
1776084718.8125575,94.81117844581604,IO -> PLC,1.28662
1776084718.8285568,94.82717776298523,IO -> PLC,3.13205
1776084718.8445563,94.843177318573,IO -> PLC,4.867
1776084718.8605566,94.8591775894165,IO -> PLC,0.90393
1776084718.8765562,94.87517714500427,IO -> PLC,3.00545
1776084718.8925555,94.89117646217346,IO -> PLC,4.92969
1776084718.908555,94.90717601776123,IO -> PLC,6.63391
1776084718.9245543,94.92317533493042,IO -> PLC,2.73861
1776084718.9405546,94.93917560577393,IO -> PLC,4.45395
1776084718.9565542,94.9551751613617,IO -> PLC,0.88434
1776084718.9725535,94.97117447853088,IO -> PLC,2.72048
1776084718.988553,94.98717403411865,IO -> PLC,4.98986
1776084719.0045533,95.00317430496216,IO -> PLC,1.20599
1776084719.0205529,95.01917386054993,IO -> PLC,3.20112
1776084719.0365522,95.03517317771912,IO -> PLC,5.37528
1776084719.0525515,95.0511724948883,IO -> PLC,4.41083
1776084719.068551,95.06717205047607,IO -> PLC,0.64336
1776084719.0845513,95.08317232131958,IO -> PLC,2.64968
1776084719.100551,95.09917187690735,IO -> PLC,4.6508
1776084719.1165502,95.11517119407654,IO -> PLC,0.69605
1776084719.1325495,95.13117051124573,IO -> PLC,2.55492
1776084719.148549,95.1471700668335,IO -> PLC,4.22714
1776084719.1645494,95.163170337677,IO -> PLC,0.55401
1776084719.180549,95.17916989326477,IO -> PLC,2.30007
1776084719.1965482,95.19516921043396,IO -> PLC,4.52664
1776084719.2125475,95.21116852760315,IO -> PLC,0.81566
1776084719.228548,95.22716903686523,IO -> PLC,2.68758
1776084719.2445474,95.24316835403442,IO -> PLC,4.27819
1776084719.260547,95.25916790962219,IO -> PLC,5.49592
1776084719.2765462,95.27516722679138,IO -> PLC,2.61945
1776084719.2925458,95.29116678237915,IO -> PLC,4.56522
1776084719.308546,95.30716705322266,IO -> PLC,4.5768
1776084719.3245454,95.32316637039185,IO -> PLC,2.35877
1776084719.340545,95.33916592597961,IO -> PLC,3.59905
1776084719.3565443,95.3551652431488,IO -> PLC,3.47128
1776084719.3725438,95.37116479873657,IO -> PLC,2.06408
1776084719.388544,95.38716506958008,IO -> PLC,2.83555
1776084719.4045436,95.40316462516785,IO -> PLC,2.65952
1776084719.420543,95.41916394233704,IO -> PLC,1.9334
1776084719.4365423,95.43516325950623,IO -> PLC,2.04019
1776084719.4525428,95.45116376876831,IO -> PLC,2.18571
1776084719.468542,95.4671630859375,IO -> PLC,1.79047
1776084719.4845417,95.48316264152527,IO -> PLC,1.56958
1776084719.500541,95.49916195869446,IO -> PLC,1.47852
1776084719.5165403,95.51516127586365,IO -> PLC,1.92084
1776084719.5325408,95.53116178512573,IO -> PLC,3.81556
1776084719.54854,95.54716110229492,IO -> PLC,0.66468
1776084719.5645394,95.56316041946411,IO -> PLC,0.56251
1776084719.580539,95.57915997505188,IO -> PLC,3.92033
1776084719.5965383,95.59515929222107,IO -> PLC,6.11282
1776084719.6125388,95.61115980148315,IO -> PLC,2.40079
1776084719.6285381,95.62715911865234,IO -> PLC,4.12863
1776084719.6445377,95.64315867424011,IO -> PLC,6.07342
1776084719.660537,95.6591579914093,IO -> PLC,2.27532
1776084719.6765375,95.67515850067139,IO -> PLC,4.23443
1776084719.6925368,95.69115781784058,IO -> PLC,6.41372
1776084719.7085361,95.70715713500977,IO -> PLC,2.31136
1776084719.7245357,95.72315669059753,IO -> PLC,4.32896
1776084719.740535,95.73915600776672,IO -> PLC,6.15495
1776084719.7565355,95.75515651702881,IO -> PLC,2.01379
1776084719.7725348,95.771155834198,IO -> PLC,3.81434
1776084719.7885344,95.78715538978577,IO -> PLC,5.74882
1776084719.8045337,95.80315470695496,IO -> PLC,1.98975
1776084719.820533,95.81915402412415,IO -> PLC,3.76863
1776084719.8365335,95.83515453338623,IO -> PLC,5.64582
1776084719.8525329,95.85115385055542,IO -> PLC,1.88459
1776084719.8685322,95.86715316772461,IO -> PLC,3.77723
1776084719.8845317,95.88315272331238,IO -> PLC,5.88883
1776084719.900531,95.89915204048157,IO -> PLC,2.27634
1776084719.9165316,95.91515254974365,IO -> PLC,3.88103
1776084719.9325309,95.93115186691284,IO -> PLC,5.74287
1776084719.9485304,95.94715142250061,IO -> PLC,1.87308
1776084719.9645298,95.9631507396698,IO -> PLC,3.91012
1776084719.98053,95.9791510105133,IO -> PLC,5.905
1776084719.9965296,95.99515056610107,IO -> PLC,2.12122
1776084720.012529,96.01114988327026,IO -> PLC,4.07329
1776084720.0285285,96.02714943885803,IO -> PLC,5.99449
1776084720.0445278,96.04314875602722,IO -> PLC,2.31831
1776084720.0605283,96.0591492652893,IO -> PLC,4.16975
1776084720.0765276,96.0751485824585,IO -> PLC,6.40855
1776084720.092527,96.09114789962769,IO -> PLC,2.40372
1776084720.1085265,96.10714745521545,IO -> PLC,4.43964
1776084720.1245258,96.12314677238464,IO -> PLC,6.16211
1776084720.1405263,96.13914728164673,IO -> PLC,2.11831
1776084720.1565256,96.15514659881592,IO -> PLC,4.03639
1776084720.172525,96.17114591598511,IO -> PLC,5.9915
1776084720.1885245,96.18714547157288,IO -> PLC,2.42997
1776084720.204525,96.20314598083496,IO -> PLC,4.5815
1776084720.2205243,96.21914529800415,IO -> PLC,0.86027
1776084720.2365236,96.23514461517334,IO -> PLC,2.82867
1776084720.252523,96.25114393234253,IO -> PLC,6.02992
1776084720.2685225,96.2671434879303,IO -> PLC,2.24734
1776084720.2845228,96.2831437587738,IO -> PLC,4.41222
1776084720.3005223,96.29914331436157,IO -> PLC,6.20038
1776084720.3165216,96.31514263153076,IO -> PLC,2.39411
1776084720.332521,96.33114194869995,IO -> PLC,4.00505
1776084720.3485205,96.34714150428772,IO -> PLC,5.63663
1776084720.3645208,96.36314177513123,IO -> PLC,2.01246
1776084720.3805203,96.379141330719,IO -> PLC,4.11198
1776084720.3965197,96.39514064788818,IO -> PLC,4.76544
1776084720.4125192,96.41114020347595,IO -> PLC,2.18387
1776084720.4285195,96.42714047431946,IO -> PLC,3.81434
1776084720.444519,96.44314002990723,IO -> PLC,5.73345
1776084720.4605184,96.45913934707642,IO -> PLC,1.83918
1776084720.4765177,96.4751386642456,IO -> PLC,4.23959
1776084720.4925172,96.49113821983337,IO -> PLC,4.63105
1776084720.5085175,96.50713849067688,IO -> PLC,2.06787
1776084720.524517,96.52313804626465,IO -> PLC,3.80699
1776084720.5405164,96.53913736343384,IO -> PLC,3.59312
1776084720.5565157,96.55513668060303,IO -> PLC,2.08776
1776084720.5725152,96.5711362361908,IO -> PLC,3.25748
1776084720.5885155,96.5871365070343,IO -> PLC,3.01185
1776084720.604515,96.60313606262207,IO -> PLC,2.27453
1776084720.6205144,96.61913537979126,IO -> PLC,2.37828
1776084720.6365137,96.63513469696045,IO -> PLC,2.13866
1776084720.6525142,96.65113520622253,IO -> PLC,2.16441
1776084720.6685135,96.66713452339172,IO -> PLC,1.94855
1776084720.684513,96.68313407897949,IO -> PLC,1.11201
1776084720.7005124,96.69913339614868,IO -> PLC,3.05762
1776084720.716512,96.71513295173645,IO -> PLC,5.31866
1776084720.7325122,96.73113322257996,IO -> PLC,1.59561
1776084720.7485116,96.74713253974915,IO -> PLC,3.66312
1776084720.764511,96.76313209533691,IO -> PLC,5.45352
1776084720.7805104,96.7791314125061,IO -> PLC,1.99942
1776084720.79651,96.79513096809387,IO -> PLC,3.79462
1776084720.8125103,96.81113123893738,IO -> PLC,5.5018
1776084720.8285098,96.82713079452515,IO -> PLC,1.59746
1776084720.8445091,96.84313011169434,IO -> PLC,3.42952
1776084720.8605084,96.85912942886353,IO -> PLC,5.1448
1776084720.876509,96.87512993812561,IO -> PLC,1.29268
1776084720.8925083,96.8911292552948,IO -> PLC,3.73087
1776084720.9085078,96.90712881088257,IO -> PLC,5.62966
1776084720.9245071,96.92312812805176,IO -> PLC,1.69035
1776084720.9405065,96.93912744522095,IO -> PLC,3.34009
1776084720.956507,96.95512795448303,IO -> PLC,5.08528
1776084720.9725063,96.97112727165222,IO -> PLC,1.28117
1776084720.9885056,96.98712658882141,IO -> PLC,3.2679
1776084721.0045052,97.00312614440918,IO -> PLC,5.10188
1776084721.0205045,97.01912546157837,IO -> PLC,1.38371
1776084721.036505,97.03512597084045,IO -> PLC,3.14537
1776084721.0525043,97.05112528800964,IO -> PLC,2.08043
1776084721.0685039,97.06712484359741,IO -> PLC,3.80602
1776084721.0845032,97.0831241607666,IO -> PLC,6.08563
1776084721.1005037,97.09912467002869,IO -> PLC,2.23848
1776084721.116503,97.11512398719788,IO -> PLC,4.02751
1776084721.1325023,97.13112330436707,IO -> PLC,5.82382
1776084721.1485019,97.14712285995483,IO -> PLC,2.03619
1776084721.1645012,97.16312217712402,IO -> PLC,3.88251
1776084721.1805017,97.17912268638611,IO -> PLC,6.05059
1776084721.196501,97.1951220035553,IO -> PLC,2.14505
1776084721.2125006,97.21112155914307,IO -> PLC,4.21168
1776084721.2285,97.22712087631226,IO -> PLC,5.9844
1776084721.2444992,97.24312019348145,IO -> PLC,2.10444
1776084721.2604997,97.25912070274353,IO -> PLC,3.86084
1776084721.276499,97.27512001991272,IO -> PLC,5.6601
1776084721.2924984,97.29111933708191,IO -> PLC,1.89904
1776084721.308498,97.30711889266968,IO -> PLC,4.07721
1776084721.3244984,97.32311940193176,IO -> PLC,6.12953
1776084721.3404977,97.33911871910095,IO -> PLC,2.11437
1776084721.356497,97.35511803627014,IO -> PLC,4.23022
1776084721.3724964,97.37111735343933,IO -> PLC,0.65028
1776084721.388496,97.3871169090271,IO -> PLC,2.95654
1776084721.4044962,97.4031171798706,IO -> PLC,4.78373
1776084721.4204957,97.41911673545837,IO -> PLC,1.11243
1776084721.436495,97.43511605262756,IO -> PLC,2.71217
1776084721.4524946,97.45111560821533,IO -> PLC,4.68369
1776084721.468494,97.46711492538452,IO -> PLC,1.08119
1776084721.4844944,97.4831154346466,IO -> PLC,3.12416
1776084721.5004938,97.4991147518158,IO -> PLC,5.05983
1776084721.516493,97.51511406898499,IO -> PLC,1.07428
1776084721.5324926,97.53111362457275,IO -> PLC,3.03244
1776084721.548493,97.54711389541626,IO -> PLC,4.71723
1776084721.5644925,97.56311345100403,IO -> PLC,1.00608
1776084721.5804918,97.57911276817322,IO -> PLC,3.3913
1776084721.596491,97.59511208534241,IO -> PLC,4.93064
1776084721.6124907,97.61111164093018,IO -> PLC,1.81448
1776084721.628491,97.62711191177368,IO -> PLC,3.65063
1776084721.6444905,97.64311146736145,IO -> PLC,4.70874
1776084721.6604898,97.65911078453064,IO -> PLC,1.38571
1776084721.676489,97.67511010169983,IO -> PLC,3.50763
1776084721.6924887,97.6911096572876,IO -> PLC,4.31806
1776084721.708489,97.7071099281311,IO -> PLC,1.52535
1776084721.7244885,97.72310948371887,IO -> PLC,3.33727
1776084721.7404878,97.73910880088806,IO -> PLC,2.96867
1776084721.7564871,97.75510811805725,IO -> PLC,1.68045
1776084721.7724867,97.77110767364502,IO -> PLC,2.74048
1776084721.788487,97.78710794448853,IO -> PLC,2.44878
1776084721.8044865,97.8031075000763,IO -> PLC,1.92378
1776084721.8204858,97.81910681724548,IO -> PLC,1.74456
1776084721.8364854,97.83510637283325,IO -> PLC,1.05948
1776084721.8524857,97.85110664367676,IO -> PLC,1.03403
1776084721.8684852,97.86710619926453,IO -> PLC,1.19802
1776084721.8844845,97.88310551643372,IO -> PLC,0.87048
1776084721.9004838,97.8991048336029,IO -> PLC,1.64178
1776084721.9164834,97.91510438919067,IO -> PLC,3.36417
1776084721.9324837,97.93110466003418,IO -> PLC,5.09999
1776084721.9484832,97.94710421562195,IO -> PLC,1.37885
1776084721.9644825,97.96310353279114,IO -> PLC,3.43525
1776084721.9804819,97.97910284996033,IO -> PLC,5.60022
1776084721.9964814,97.9951024055481,IO -> PLC,1.84107
1776084722.0124817,98.0111026763916,IO -> PLC,3.71099
1776084722.0284812,98.02710223197937,IO -> PLC,5.71931
1776084722.0444806,98.04310154914856,IO -> PLC,1.87737
1776084722.0604799,98.05910086631775,IO -> PLC,3.63039
1776084722.0764804,98.07510137557983,IO -> PLC,6.33403
1776084722.0924797,98.09110069274902,IO -> PLC,2.33535
1776084722.1084793,98.10710024833679,IO -> PLC,4.4728
1776084722.1244786,98.12309956550598,IO -> PLC,6.09894
1776084722.140478,98.13909888267517,IO -> PLC,2.16171
1776084722.1564784,98.15509939193726,IO -> PLC,3.89129
1776084722.1724777,98.17109870910645,IO -> PLC,6.07282
1776084722.1884773,98.18709826469421,IO -> PLC,2.47432
1776084722.2044766,98.2030975818634,IO -> PLC,4.3332
1776084722.2204762,98.21909713745117,IO -> PLC,6.1099
1776084722.2364764,98.23509740829468,IO -> PLC,2.30572
1776084722.252476,98.25109696388245,IO -> PLC,4.08771
1776084722.2684753,98.26709628105164,IO -> PLC,5.96595
1776084722.2844746,98.28309559822083,IO -> PLC,2.3368
1776084722.3004751,98.29909610748291,IO -> PLC,4.35841
1776084722.3164744,98.3150954246521,IO -> PLC,5.92647
1776084722.332474,98.33109498023987,IO -> PLC,2.20925
1776084722.3484733,98.34709429740906,IO -> PLC,3.75474
1776084722.3644726,98.36309361457825,IO -> PLC,5.6185
1776084722.3804731,98.37909412384033,IO -> PLC,1.83679
1776084722.3964725,98.39509344100952,IO -> PLC,3.77774
1776084722.4124718,98.41109275817871,IO -> PLC,5.52686
1776084722.4284713,98.42709231376648,IO -> PLC,1.61818
1776084722.4444706,98.44309163093567,IO -> PLC,3.38698
1776084722.4604712,98.45909214019775,IO -> PLC,5.23624
1776084722.4764705,98.47509145736694,IO -> PLC,1.26421
1776084722.49247,98.49109101295471,IO -> PLC,3.74463
1776084722.5084693,98.5070903301239,IO -> PLC,5.53175
1776084722.5244696,98.52309060096741,IO -> PLC,1.71531
1776084722.5404692,98.53909015655518,IO -> PLC,3.97829
1776084722.5564685,98.55508947372437,IO -> PLC,4.99952
1776084722.572468,98.57108902931213,IO -> PLC,2.11698
1776084722.5884674,98.58708834648132,IO -> PLC,4.54924
1776084722.6044679,98.60308885574341,IO -> PLC,1.29916
1776084722.6204672,98.6190881729126,IO -> PLC,3.12499
1776084722.6364665,98.63508749008179,IO -> PLC,3.26139
1776084722.652466,98.65108704566956,IO -> PLC,1.03823
1776084722.6684654,98.66708636283875,IO -> PLC,2.72598
1776084722.684466,98.68308687210083,IO -> PLC,3.33447
1776084722.7004652,98.69908618927002,IO -> PLC,0.88411
1776084722.7164645,98.71508550643921,IO -> PLC,3.02547
1776084722.732464,98.73108506202698,IO -> PLC,2.92122
1776084722.7484646,98.74708557128906,IO -> PLC,1.04416
1776084722.764464,98.76308488845825,IO -> PLC,2.70823
1776084722.7804632,98.77908420562744,IO -> PLC,3.15191
1776084722.7964625,98.79508352279663,IO -> PLC,0.79572
1776084722.812462,98.8110830783844,IO -> PLC,2.67507
1776084722.8284624,98.8270833492279,IO -> PLC,3.42677
1776084722.844462,98.84308290481567,IO -> PLC,3.41252
1776084722.8604612,98.85908222198486,IO -> PLC,2.51351
1776084722.8764608,98.87508177757263,IO -> PLC,2.97751
1776084722.89246,98.89108109474182,IO -> PLC,0.82701
1776084722.9084604,98.90708136558533,IO -> PLC,2.19249
1776084722.92446,98.9230809211731,IO -> PLC,1.93047
1776084722.9404593,98.93908023834229,IO -> PLC,1.76045
1776084722.9564588,98.95507979393005,IO -> PLC,1.7074
1776084722.972459,98.97108006477356,IO -> PLC,1.50065
1776084722.9884586,98.98707962036133,IO -> PLC,0.82262
1776084723.004458,99.00307893753052,IO -> PLC,0.77804
1776084723.0204573,99.0190782546997,IO -> PLC,0.5529
1776084723.0364568,99.03507781028748,IO -> PLC,2.33152
1776084723.052457,99.05107808113098,IO -> PLC,2.87961
1776084723.0684566,99.06707763671875,IO -> PLC,2.57247
1776084723.084456,99.08307695388794,IO -> PLC,2.27068
1776084723.1004553,99.09907627105713,IO -> PLC,1.9165
1776084723.1164548,99.1150758266449,IO -> PLC,1.57151
1776084723.132455,99.1310760974884,IO -> PLC,1.30117
1776084723.1484547,99.14707565307617,IO -> PLC,1.21331
1776084723.164454,99.16307497024536,IO -> PLC,0.97489
1776084723.1804533,99.17907428741455,IO -> PLC,0.90623
1776084723.1964529,99.19507384300232,IO -> PLC,0.64333
1776084723.2124531,99.21107411384583,IO -> PLC,4.3534
1776084723.2284527,99.2270736694336,IO -> PLC,6.42205
1776084723.244452,99.24307298660278,IO -> PLC,2.5789
1776084723.2604516,99.25907254219055,IO -> PLC,4.37721
1776084723.2764518,99.27507281303406,IO -> PLC,6.32817
1776084723.2924511,99.29107213020325,IO -> PLC,2.4135
1776084723.3084507,99.30707168579102,IO -> PLC,4.22509
1776084723.32445,99.3230710029602,IO -> PLC,6.08276
1776084723.3404496,99.33907055854797,IO -> PLC,1.9592
1776084723.3564498,99.35507082939148,IO -> PLC,3.98792
1776084723.3724494,99.37107038497925,IO -> PLC,5.98384
1776084723.3884487,99.38706970214844,IO -> PLC,2.41423
1776084723.404448,99.40306901931763,IO -> PLC,4.20749
1776084723.4204485,99.41906952857971,IO -> PLC,5.95645
1776084723.4364479,99.4350688457489,IO -> PLC,2.12377
1776084723.4524474,99.45106840133667,IO -> PLC,4.04898
1776084723.4684467,99.46706771850586,IO -> PLC,5.93345
1776084723.484446,99.48306703567505,IO -> PLC,2.59817
1776084723.5004466,99.49906754493713,IO -> PLC,4.23382
1776084723.5164459,99.51506686210632,IO -> PLC,6.26663
1776084723.5324452,99.53106617927551,IO -> PLC,2.45628
1776084723.5484447,99.54706573486328,IO -> PLC,4.355
1776084723.564444,99.56306505203247,IO -> PLC,6.07042
1776084723.5804446,99.57906556129456,IO -> PLC,2.53649
1776084723.596444,99.59506487846375,IO -> PLC,4.82642
1776084723.6124434,99.61106443405151,IO -> PLC,0.9864
1776084723.6284428,99.6270637512207,IO -> PLC,2.73046
1776084723.6444433,99.64306426048279,IO -> PLC,4.56374
1776084723.6604426,99.65906357765198,IO -> PLC,0.82907
1776084723.676442,99.67506289482117,IO -> PLC,3.23365
1776084723.6924415,99.69106245040894,IO -> PLC,5.18661
1776084723.7084408,99.70706176757812,IO -> PLC,1.11201
1776084723.7244413,99.72306227684021,IO -> PLC,3.11929
1776084723.7404406,99.7390615940094,IO -> PLC,5.25858
1776084723.7564402,99.75506114959717,IO -> PLC,1.42567
1776084723.7724395,99.77106046676636,IO -> PLC,2.97533
1776084723.7884388,99.78705978393555,IO -> PLC,5.18845
1776084723.8044393,99.80306029319763,IO -> PLC,1.43236
1776084723.8204386,99.81905961036682,IO -> PLC,3.32291
1776084723.836438,99.83505892753601,IO -> PLC,4.88569
1776084723.8524375,99.85105848312378,IO -> PLC,1.0783
1776084723.8684368,99.86705780029297,IO -> PLC,2.99558
1776084723.8844373,99.88305830955505,IO -> PLC,5.0611
1776084723.9004366,99.89905762672424,IO -> PLC,1.23452
1776084723.916436,99.91505694389343,IO -> PLC,2.86681
1776084723.9324355,99.9310564994812,IO -> PLC,4.0551
1776084723.9484358,99.9470567703247,IO -> PLC,0.83654
1776084723.9644353,99.96305632591248,IO -> PLC,2.93175
1776084723.9804347,99.97905564308167,IO -> PLC,3.74305
1776084723.9964342,99.99505519866943,IO -> PLC,1.17892
1776084724.0124335,100.01105451583862,IO -> PLC,2.85234
1776084724.028434,100.02705502510071,IO -> PLC,2.99082
1776084724.0444334,100.0430543422699,IO -> PLC,2.68271
1776084724.0604327,100.05905365943909,IO -> PLC,2.61206
1776084724.0764322,100.07505321502686,IO -> PLC,2.17394
1776084724.0924315,100.09105253219604,IO -> PLC,0.87244
1776084724.108432,100.10705304145813,IO -> PLC,1.11219
1776084724.1244314,100.12305235862732,IO -> PLC,0.82673
1776084724.1404307,100.13905167579651,IO -> PLC,0.82671
1776084724.1564302,100.15505123138428,IO -> PLC,2.53095
1776084724.1724305,100.17105150222778,IO -> PLC,4.4407
1776084724.18843,100.18705105781555,IO -> PLC,0.69092
1776084724.2044294,100.20305037498474,IO -> PLC,2.68571
1776084724.2204287,100.21904969215393,IO -> PLC,4.36426
1776084724.2364283,100.2350492477417,IO -> PLC,0.63823
1776084724.2524285,100.2510495185852,IO -> PLC,2.34535
1776084724.268428,100.26704907417297,IO -> PLC,4.29094
1776084724.2844274,100.28304839134216,IO -> PLC,0.69581
1776084724.3004267,100.29904770851135,IO -> PLC,2.49923
1776084724.3164263,100.31504726409912,IO -> PLC,4.29955
1776084724.3324265,100.33104753494263,IO -> PLC,0.53536
1776084724.348426,100.3470470905304,IO -> PLC,2.37472
1776084724.3644254,100.36304640769958,IO -> PLC,4.14734
1776084724.380425,100.37904596328735,IO -> PLC,0.56437
1776084724.3964252,100.39504623413086,IO -> PLC,2.56756
1776084724.4124246,100.41104555130005,IO -> PLC,4.46012
1776084724.4284241,100.42704510688782,IO -> PLC,6.36179
1776084724.4444234,100.443044424057,IO -> PLC,2.58945
1776084724.460423,100.45904397964478,IO -> PLC,4.44592
1776084724.4764233,100.47504425048828,IO -> PLC,6.76778
1776084724.4924228,100.49104380607605,IO -> PLC,2.83254
1776084724.5084221,100.50704312324524,IO -> PLC,5.00056
1776084724.5244215,100.52304244041443,IO -> PLC,1.18205
1776084724.5404208,100.53904175758362,IO -> PLC,3.17597
1776084724.5564213,100.5550422668457,IO -> PLC,4.96924
1776084724.5724208,100.57104182243347,IO -> PLC,1.41171
1776084724.5884202,100.58704113960266,IO -> PLC,4.14405
1776084724.6044195,100.60304045677185,IO -> PLC,5.99869
1776084724.62042,100.61904096603394,IO -> PLC,2.1873
1776084724.6364193,100.63504028320312,IO -> PLC,3.99698
1776084724.6524189,100.6510398387909,IO -> PLC,5.742
1776084724.6684182,100.66703915596008,IO -> PLC,2.08422
1776084724.6844175,100.68303847312927,IO -> PLC,4.12646
1776084724.700418,100.69903898239136,IO -> PLC,6.10695
1776084724.7164173,100.71503829956055,IO -> PLC,2.32019
1776084724.7324169,100.73103785514832,IO -> PLC,4.36108
1776084724.7484162,100.7470371723175,IO -> PLC,6.02122
1776084724.7644157,100.76303672790527,IO -> PLC,2.24376
1776084724.780416,100.77903699874878,IO -> PLC,4.28472
1776084724.7964153,100.79503631591797,IO -> PLC,5.35308
1776084724.812415,100.81103587150574,IO -> PLC,2.38757
1776084724.8284142,100.82703518867493,IO -> PLC,4.16028
1776084724.8444147,100.84303569793701,IO -> PLC,4.45644
1776084724.860414,100.8590350151062,IO -> PLC,1.99256
1776084724.8764136,100.87503457069397,IO -> PLC,3.89847
1776084724.892413,100.89103388786316,IO -> PLC,3.97134
1776084724.9084122,100.90703320503235,IO -> PLC,1.88555
1776084724.9244127,100.92303371429443,IO -> PLC,3.01736
1776084724.940412,100.93903303146362,IO -> PLC,3.02758
1776084724.9564114,100.95503234863281,IO -> PLC,1.69023
1776084724.972411,100.97103190422058,IO -> PLC,2.63362
1776084724.9884102,100.98703122138977,IO -> PLC,2.12471
1776084725.0044107,101.00303173065186,IO -> PLC,1.91996
1776084725.02041,101.01903104782104,IO -> PLC,2.48038
1776084725.0364096,101.03503060340881,IO -> PLC,2.20187
1776084725.052409,101.051029920578,IO -> PLC,4.35356
1776084725.0684092,101.06703019142151,IO -> PLC,4.45723
1776084725.0844088,101.08302974700928,IO -> PLC,2.68258
1776084725.100408,101.09902906417847,IO -> PLC,3.88286
1776084725.1164076,101.11502861976624,IO -> PLC,3.38035
1776084725.132407,101.13102793693542,IO -> PLC,2.40741
1776084725.1484075,101.14702844619751,IO -> PLC,3.12143
1776084725.1644068,101.1630277633667,IO -> PLC,3.06014
1776084725.180406,101.17902708053589,IO -> PLC,2.36058
1776084725.1964056,101.19502663612366,IO -> PLC,2.45616
1776084725.212405,101.21102595329285,IO -> PLC,0.7624
1776084725.2284055,101.22702646255493,IO -> PLC,2.03556
1776084725.2444048,101.24302577972412,IO -> PLC,2.08171
1776084725.260404,101.25902509689331,IO -> PLC,1.89049
1776084725.2764037,101.27502465248108,IO -> PLC,1.36622
1776084725.292403,101.29102396965027,IO -> PLC,0.98947
1776084725.3084035,101.30702447891235,IO -> PLC,0.61376
1776084725.3244028,101.32302379608154,IO -> PLC,2.64864
1776084725.3404021,101.33902311325073,IO -> PLC,4.86064
1776084725.3564017,101.3550226688385,IO -> PLC,1.1271
1776084725.372402,101.371022939682,IO -> PLC,2.87742
1776084725.3884015,101.38702249526978,IO -> PLC,4.89581
1776084725.4044008,101.40302181243896,IO -> PLC,1.08043
1776084725.4204001,101.41902112960815,IO -> PLC,2.99946
1776084725.4363997,101.43502068519592,IO -> PLC,4.67289
1776084725.4524,101.45102095603943,IO -> PLC,0.93942
1776084725.4683995,101.4670205116272,IO -> PLC,2.65886
1776084725.4843988,101.48301982879639,IO -> PLC,4.77262
1776084725.5003984,101.49901938438416,IO -> PLC,0.96131
1776084725.5163987,101.51501965522766,IO -> PLC,2.81394
1776084725.5323982,101.53101921081543,IO -> PLC,4.60698
1776084725.5483975,101.54701852798462,IO -> PLC,0.84495
1776084725.5643969,101.56301784515381,IO -> PLC,2.49998
1776084725.5803964,101.57901740074158,IO -> PLC,4.83991
1776084725.5963967,101.59501767158508,IO -> PLC,1.32966
1776084725.6123962,101.61101722717285,IO -> PLC,3.37182
1776084725.6283956,101.62701654434204,IO -> PLC,5.19877
1776084725.6443949,101.64301586151123,IO -> PLC,1.00968
1776084725.6603942,101.65901517868042,IO -> PLC,3.04449
1776084725.6763947,101.6750156879425,IO -> PLC,4.85824
1776084725.6923943,101.69101524353027,IO -> PLC,0.96477
1776084725.7083936,101.70701456069946,IO -> PLC,2.87788
1776084725.724393,101.72301387786865,IO -> PLC,0.67129
1776084725.7403924,101.73901343345642,IO -> PLC,2.44296
1776084725.7563927,101.75501370429993,IO -> PLC,4.2832
1776084725.7723923,101.7710132598877,IO -> PLC,6.03646
1776084725.7883916,101.78701257705688,IO -> PLC,2.50893
1776084725.804391,101.80301189422607,IO -> PLC,4.27643
1776084725.8203914,101.81901240348816,IO -> PLC,6.03691
1776084725.8363907,101.83501172065735,IO -> PLC,2.16727
1776084725.8523903,101.85101127624512,IO -> PLC,4.28
1776084725.8683896,101.8670105934143,IO -> PLC,6.06295
1776084725.8843892,101.88301014900208,IO -> PLC,2.954
1776084725.9003894,101.89901041984558,IO -> PLC,4.80663
1776084725.916389,101.91500997543335,IO -> PLC,1.02797
1776084725.9323883,101.93100929260254,IO -> PLC,2.72603
1776084725.9483876,101.94700860977173,IO -> PLC,4.69131
1776084725.964387,101.96300792694092,IO -> PLC,1.08385
1776084725.9803874,101.979008436203,IO -> PLC,2.95777
1776084725.996387,101.99500799179077,IO -> PLC,4.9292
1776084726.0123863,102.01100730895996,IO -> PLC,1.1763
1776084726.0283856,102.02700662612915,IO -> PLC,3.09245
1776084726.0443861,102.04300713539124,IO -> PLC,4.81701
1776084726.0603855,102.05900645256042,IO -> PLC,1.02305
1776084726.0763848,102.07500576972961,IO -> PLC,3.40116
1776084726.0923843,102.09100532531738,IO -> PLC,5.48404
1776084726.1083837,102.10700464248657,IO -> PLC,1.61009
1776084726.1243842,102.12300515174866,IO -> PLC,3.64913
1776084726.1403835,102.13900446891785,IO -> PLC,5.55193
1776084726.156383,102.15500402450562,IO -> PLC,1.56453
1776084726.1723824,102.1710033416748,IO -> PLC,3.47445
1776084726.1883817,102.187002658844,IO -> PLC,4.93586
1776084726.2043822,102.20300316810608,IO -> PLC,1.92739
1776084726.2203815,102.21900248527527,IO -> PLC,3.93051
1776084726.236381,102.23500204086304,IO -> PLC,4.20523
1776084726.2523804,102.25100135803223,IO -> PLC,2.03856
1776084726.2683809,102.26700186729431,IO -> PLC,3.80103
1776084726.2843802,102.2830011844635,IO -> PLC,3.62197
1776084726.3003795,102.29900050163269,IO -> PLC,2.3531
1776084726.316379,102.31500005722046,IO -> PLC,2.92783
1776084726.3323784,102.33099937438965,IO -> PLC,2.46404
1776084726.348379,102.34699988365173,IO -> PLC,2.08313
1776084726.3643782,102.36299920082092,IO -> PLC,2.12344
1776084726.3803775,102.37899851799011,IO -> PLC,2.11119
1776084726.396377,102.39499807357788,IO -> PLC,1.77236
1776084726.4123764,102.41099739074707,IO -> PLC,4.00165
1776084726.428377,102.42699790000916,IO -> PLC,1.12127
1776084726.4443762,102.44299721717834,IO -> PLC,0.53355
1776084726.4603755,102.45899653434753,IO -> PLC,0.70899
1776084726.476375,102.4749960899353,IO -> PLC,6.1721
1776084726.4923754,102.49099636077881,IO -> PLC,2.41
1776084726.508375,102.50699591636658,IO -> PLC,4.37007
1776084726.5243742,102.52299523353577,IO -> PLC,0.58325
1776084726.5403738,102.53899478912354,IO -> PLC,2.65397
1776084726.5563731,102.55499410629272,IO -> PLC,4.42781
1776084726.5723734,102.57099437713623,IO -> PLC,0.68602
1776084726.588373,102.586993932724,IO -> PLC,2.70146
1776084726.6043723,102.60299324989319,IO -> PLC,4.59289
1776084726.6203718,102.61899280548096,IO -> PLC,0.6587
1776084726.6363711,102.63499212265015,IO -> PLC,2.56166
1776084726.6523716,102.65099263191223,IO -> PLC,4.15732
1776084726.668371,102.66699194908142,IO -> PLC,1.04012
1776084726.6843703,102.68299126625061,IO -> PLC,3.16629
1776084726.7003698,102.69899082183838,IO -> PLC,4.93572
1776084726.71637,102.71499109268188,IO -> PLC,1.07929
1776084726.7323697,102.73099064826965,IO -> PLC,2.9136
1776084726.748369,102.74698996543884,IO -> PLC,4.65055
1776084726.7643683,102.76298928260803,IO -> PLC,0.86372
1776084726.7803679,102.7789888381958,IO -> PLC,2.92333
1776084726.7963681,102.7949891090393,IO -> PLC,4.78188
1776084726.8123677,102.81098866462708,IO -> PLC,1.00842
1776084726.828367,102.82698798179626,IO -> PLC,2.7792
1776084726.8443663,102.84298729896545,IO -> PLC,4.46583
1776084726.8603659,102.85898685455322,IO -> PLC,6.23766
1776084726.8763661,102.87498712539673,IO -> PLC,2.19898
1776084726.8923657,102.8909866809845,IO -> PLC,4.31066
1776084726.908365,102.90698599815369,IO -> PLC,6.19914
1776084726.9243646,102.92298555374146,IO -> PLC,2.0867
1776084726.9403648,102.93898582458496,IO -> PLC,3.87981
1776084726.9563642,102.95498514175415,IO -> PLC,5.68532
1776084726.9723637,102.97098469734192,IO -> PLC,1.84442
1776084726.988363,102.98698401451111,IO -> PLC,3.86697
1776084727.0043626,103.00298357009888,IO -> PLC,5.63665
1776084727.0203629,103.01898384094238,IO -> PLC,1.8591
1776084727.0363624,103.03498339653015,IO -> PLC,3.71781
1776084727.0523617,103.05098271369934,IO -> PLC,2.56182
1776084727.068361,103.06698203086853,IO -> PLC,4.53735
1776084727.0843604,103.08298134803772,IO -> PLC,1.47255
1776084727.1003609,103.0989818572998,IO -> PLC,3.39687
1776084727.1163604,103.11498141288757,IO -> PLC,5.13253
1776084727.1323597,103.13098073005676,IO -> PLC,1.45132
1776084727.148359,103.14698004722595,IO -> PLC,3.06226
1776084727.1643586,103.16297960281372,IO -> PLC,4.94962
1776084727.180359,103.17897987365723,IO -> PLC,1.44553
1776084727.1963582,103.19497919082642,IO -> PLC,3.32488
1776084727.2123578,103.21097874641418,IO -> PLC,5.20608
1776084727.228357,103.22697806358337,IO -> PLC,1.2974
1776084727.2443576,103.24297857284546,IO -> PLC,3.12244
1776084727.260357,103.25897789001465,IO -> PLC,4.81938
1776084727.2763565,103.27497744560242,IO -> PLC,1.00184
1776084727.2923558,103.2909767627716,IO -> PLC,2.91607
1776084727.308355,103.3069760799408,IO -> PLC,4.86191
1776084727.3243556,103.32297658920288,IO -> PLC,1.1886
1776084727.340355,103.33897590637207,IO -> PLC,3.19789
1776084727.3563545,103.35497546195984,IO -> PLC,3.71229
1776084727.3723538,103.37097477912903,IO -> PLC,1.24345
1776084727.388353,103.38697409629822,IO -> PLC,3.16569
1776084727.4043536,103.4029746055603,IO -> PLC,2.75518
1776084727.4203532,103.41897416114807,IO -> PLC,1.32974
1776084727.4363525,103.43497347831726,IO -> PLC,2.15641
1776084727.4523518,103.45097279548645,IO -> PLC,1.98958
1776084727.4683523,103.46697330474854,IO -> PLC,0.99001
1776084727.4843516,103.48297262191772,IO -> PLC,1.46658
1776084727.500351,103.49897193908691,IO -> PLC,1.38888
1776084727.5163505,103.51497149467468,IO -> PLC,0.55947
1776084727.5323498,103.53097081184387,IO -> PLC,3.11358
1776084727.5483503,103.54697132110596,IO -> PLC,4.95469
1776084727.5643497,103.56297063827515,IO -> PLC,1.01746
1776084727.580349,103.57896995544434,IO -> PLC,3.54284
1776084727.5963485,103.5949695110321,IO -> PLC,5.12618
1776084727.6123488,103.61096978187561,IO -> PLC,1.49104
1776084727.6283484,103.62696933746338,IO -> PLC,3.07943
1776084727.6443477,103.64296865463257,IO -> PLC,5.01182
1776084727.6603472,103.65896821022034,IO -> PLC,1.00075
1776084727.6763465,103.67496752738953,IO -> PLC,3.20987
1776084727.6923468,103.69096779823303,IO -> PLC,4.9641
1776084727.7083464,103.7069673538208,IO -> PLC,2.16348
1776084727.7243457,103.72296667098999,IO -> PLC,4.03236
1776084727.7403452,103.73896622657776,IO -> PLC,6.42365
1776084727.7563446,103.75496554374695,IO -> PLC,2.47618
1776084727.772345,103.77096605300903,IO -> PLC,4.37689
1776084727.7883444,103.78696537017822,IO -> PLC,0.81952
1776084727.8043437,103.80296468734741,IO -> PLC,2.5267
1776084727.8203433,103.81896424293518,IO -> PLC,4.52383
1776084727.8363426,103.83496356010437,IO -> PLC,6.14093
1776084727.852343,103.85096406936646,IO -> PLC,2.37251
1776084727.8683424,103.86696338653564,IO -> PLC,4.14721
1776084727.8843417,103.88296270370483,IO -> PLC,0.81209
1776084727.9003413,103.8989622592926,IO -> PLC,2.67488
1776084727.9163415,103.91496253013611,IO -> PLC,4.46311
1776084727.932341,103.93096208572388,IO -> PLC,0.76949
1776084727.9483404,103.94696140289307,IO -> PLC,2.70501
1776084727.9643397,103.96296072006226,IO -> PLC,4.61596
1776084727.9803393,103.97896027565002,IO -> PLC,1.04435
1776084727.9963396,103.99496054649353,IO -> PLC,3.02794
1776084728.012339,104.0109601020813,IO -> PLC,4.87658
1776084728.0283384,104.02695941925049,IO -> PLC,1.17255
1776084728.044338,104.04295897483826,IO -> PLC,2.98223
1776084728.0603373,104.05895829200745,IO -> PLC,4.72437
1776084728.0763376,104.07495856285095,IO -> PLC,0.60874
1776084728.0923371,104.09095811843872,IO -> PLC,5.11974
1776084728.1083364,104.10695743560791,IO -> PLC,1.09154
1776084728.124336,104.12295699119568,IO -> PLC,3.0105
1776084728.1403363,104.13895726203918,IO -> PLC,4.7832
1776084728.1563358,104.15495681762695,IO -> PLC,0.95462
1776084728.1723351,104.17095613479614,IO -> PLC,2.72532
1776084728.1883345,104.18695545196533,IO -> PLC,4.72021
1776084728.2043338,104.20295476913452,IO -> PLC,0.93762
1776084728.2203343,104.2189552783966,IO -> PLC,2.92242
1776084728.2363338,104.23495483398438,IO -> PLC,4.66432
1776084728.2523332,104.25095415115356,IO -> PLC,0.89286
1776084728.2683325,104.26695346832275,IO -> PLC,2.62869
1776084728.284332,104.28295302391052,IO -> PLC,4.88998
1776084728.3003323,104.29895329475403,IO -> PLC,1.23828
1776084728.3163316,104.31495261192322,IO -> PLC,3.10228
1776084728.3323312,104.33095216751099,IO -> PLC,4.71001
1776084728.3483305,104.34695148468018,IO -> PLC,0.81975
1776084728.364331,104.36295199394226,IO -> PLC,3.67802
1776084728.3803303,104.37895131111145,IO -> PLC,0.96861
1776084728.3963299,104.39495086669922,IO -> PLC,3.97329
1776084728.4123292,104.41095018386841,IO -> PLC,5.86177
1776084728.4283285,104.4269495010376,IO -> PLC,1.94485
1776084728.444329,104.44295001029968,IO -> PLC,3.77805
1776084728.4603283,104.45894932746887,IO -> PLC,7.02434
1776084728.476328,104.47494888305664,IO -> PLC,3.67786
1776084728.4923272,104.49094820022583,IO -> PLC,5.63105
1776084728.5083265,104.50694751739502,IO -> PLC,1.89232
1776084728.524327,104.5229480266571,IO -> PLC,3.71118
1776084728.5403266,104.53894758224487,IO -> PLC,5.67327
1776084728.556326,104.55494689941406,IO -> PLC,1.75739
1776084728.5723252,104.57094621658325,IO -> PLC,3.49738
1776084728.5883257,104.58694672584534,IO -> PLC,5.81491
1776084728.604325,104.60294604301453,IO -> PLC,2.03225
1776084728.6203244,104.61894536018372,IO -> PLC,3.94016
1776084728.636324,104.63494491577148,IO -> PLC,5.05348
1776084728.6523232,104.65094423294067,IO -> PLC,1.88828
1776084728.6683238,104.66694474220276,IO -> PLC,3.76236
1776084728.684323,104.68294405937195,IO -> PLC,4.64631
1776084728.7003224,104.69894337654114,IO -> PLC,2.1129
1776084728.716322,104.7149429321289,IO -> PLC,3.90313
1776084728.7323213,104.7309422492981,IO -> PLC,4.02929
1776084728.7483218,104.74694275856018,IO -> PLC,1.92581
1776084728.764321,104.76294207572937,IO -> PLC,3.57684
1776084728.7803206,104.77894163131714,IO -> PLC,3.23202
1776084728.79632,104.79494094848633,IO -> PLC,2.09731
1776084728.8123202,104.81094121932983,IO -> PLC,2.25715
1776084728.8283198,104.8269407749176,IO -> PLC,2.59939
1776084728.844319,104.84294009208679,IO -> PLC,1.8047
1776084728.8603187,104.85893964767456,IO -> PLC,3.97079
1776084728.876318,104.87493896484375,IO -> PLC,1.67203
1776084728.8923185,104.89093947410583,IO -> PLC,1.38648
1776084728.9083178,104.90693879127502,IO -> PLC,1.01286
1776084728.9243171,104.92293810844421,IO -> PLC,0.63811
1776084728.9403167,104.93893766403198,IO -> PLC,2.13417
1776084728.956316,104.95493698120117,IO -> PLC,3.94487
1776084728.9723165,104.97093749046326,IO -> PLC,6.0484
1776084728.9883158,104.98693680763245,IO -> PLC,2.53918
1776084729.0043151,105.00293612480164,IO -> PLC,4.46343
1776084729.0203147,105.0189356803894,IO -> PLC,5.99356
1776084729.036315,105.03493595123291,IO -> PLC,2.39931
1776084729.0523145,105.05093550682068,IO -> PLC,1.92535
1776084729.0683138,105.06693482398987,IO -> PLC,1.31619
1776084729.0843132,105.08293414115906,IO -> PLC,0.93432
1776084729.1003127,105.09893369674683,IO -> PLC,1.37169
1776084729.116313,105.11493396759033,IO -> PLC,3.38489
1776084729.1323125,105.1309335231781,IO -> PLC,5.35329
1776084729.1483119,105.14693284034729,IO -> PLC,1.61062
1776084729.1643114,105.16293239593506,IO -> PLC,3.49694
1776084729.1803107,105.17893171310425,IO -> PLC,5.46941
1776084729.196311,105.19493198394775,IO -> PLC,1.66315
1776084729.2123106,105.21093153953552,IO -> PLC,3.8486
1776084729.2283099,105.22693085670471,IO -> PLC,5.95109
1776084729.2443094,105.24293041229248,IO -> PLC,2.08441
1776084729.2603087,105.25892972946167,IO -> PLC,3.84488
1776084729.2763093,105.27493023872375,IO -> PLC,5.82232
1776084729.2923086,105.29092955589294,IO -> PLC,1.86677
1776084729.308308,105.30692887306213,IO -> PLC,3.76749
1776084729.3243072,105.32292819023132,IO -> PLC,5.79309
1776084729.3403077,105.33892869949341,IO -> PLC,1.86602
1776084729.3563073,105.35492825508118,IO -> PLC,3.69001
1776084729.3723066,105.37092757225037,IO -> PLC,5.5732
1776084729.388306,105.38692688941956,IO -> PLC,1.99438
1776084729.4043055,105.40292644500732,IO -> PLC,3.80622
1776084729.4203057,105.41892671585083,IO -> PLC,5.56348
1776084729.436305,105.43492603302002,IO -> PLC,1.70514
1776084729.4523046,105.45092558860779,IO -> PLC,3.48784
1776084729.468304,105.46692490577698,IO -> PLC,5.35688
1776084729.4843035,105.48292446136475,IO -> PLC,1.87543
1776084729.5003037,105.49892473220825,IO -> PLC,3.84983
1776084729.5163033,105.51492428779602,IO -> PLC,5.58053
1776084729.5323026,105.53092360496521,IO -> PLC,1.9874
1776084729.548302,105.5469229221344,IO -> PLC,3.43633
1776084729.5643024,105.56292343139648,IO -> PLC,5.36281
1776084729.5803018,105.57892274856567,IO -> PLC,2.05536
1776084729.5963013,105.59492230415344,IO -> PLC,3.93048
1776084729.6123006,105.61092162132263,IO -> PLC,5.84559
1776084729.6283,105.62692093849182,IO -> PLC,2.04037
1776084729.6443005,105.6429214477539,IO -> PLC,3.81019
1776084729.6603,105.65892100334167,IO -> PLC,5.47826
1776084729.6762993,105.67492032051086,IO -> PLC,1.55959
1776084729.6922987,105.69091963768005,IO -> PLC,3.74168
1776084729.708298,105.70691895484924,IO -> PLC,5.90968
1776084729.7242985,105.72291946411133,IO -> PLC,1.82509
1776084729.7402978,105.73891878128052,IO -> PLC,3.8158
1776084729.7562973,105.75491833686829,IO -> PLC,5.24874
1776084729.7722967,105.77091765403748,IO -> PLC,2.04667
1776084729.7882972,105.78691816329956,IO -> PLC,4.19195
1776084729.8042965,105.80291748046875,IO -> PLC,0.70634
1776084729.8202958,105.81891679763794,IO -> PLC,2.62865
1776084729.8362954,105.83491635322571,IO -> PLC,3.75534
1776084729.8522947,105.8509156703949,IO -> PLC,0.56541
1776084729.8682952,105.86691617965698,IO -> PLC,2.44989
1776084729.8842945,105.88291549682617,IO -> PLC,2.90774
1776084729.900294,105.89891505241394,IO -> PLC,0.77275
1776084729.9162934,105.91491436958313,IO -> PLC,2.31424
1776084729.9322927,105.93091368675232,IO -> PLC,2.40024
1776084729.9482932,105.9469141960144,IO -> PLC,0.76487
1776084729.9642925,105.9629135131836,IO -> PLC,2.56846
1776084729.980292,105.97891306877136,IO -> PLC,2.26747
1776084729.9962914,105.99491238594055,IO -> PLC,0.74276
1776084730.012292,106.01091289520264,IO -> PLC,2.29953
1776084730.0282912,106.02691221237183,IO -> PLC,1.8839
1776084730.0442905,106.04291152954102,IO -> PLC,1.72516
1776084730.06029,106.05891108512878,IO -> PLC,1.40498
1776084730.0762894,106.07491040229797,IO -> PLC,1.17039
1776084730.09229,106.09091091156006,IO -> PLC,6.38494
1776084730.1082892,106.10691022872925,IO -> PLC,0.6577
1776084730.1242886,106.12290954589844,IO -> PLC,4.36179
1776084730.140288,106.1389091014862,IO -> PLC,6.42722
1776084730.1562874,106.1549084186554,IO -> PLC,2.6252
1776084730.172288,106.17090892791748,IO -> PLC,4.37536
1776084730.1882873,106.18690824508667,IO -> PLC,0.80573
1776084730.2042866,106.20290756225586,IO -> PLC,2.51381
1776084730.2202861,106.21890711784363,IO -> PLC,4.5098
1776084730.2362864,106.23490738868713,IO -> PLC,6.10347
1776084730.252286,106.2509069442749,IO -> PLC,2.43024
1776084730.2682853,106.26690626144409,IO -> PLC,4.17127
1776084730.2842846,106.28290557861328,IO -> PLC,0.65886
1776084730.3002841,106.29890513420105,IO -> PLC,2.36205
1776084730.3162844,106.31490540504456,IO -> PLC,4.11531
1776084730.332284,106.33090496063232,IO -> PLC,5.92075
1776084730.3482833,106.34690427780151,IO -> PLC,2.12391
1776084730.3642828,106.36290383338928,IO -> PLC,4.03791
1776084730.3802822,106.37890315055847,IO -> PLC,6.28784
1776084730.3962827,106.39490365982056,IO -> PLC,2.58302
1776084730.412282,106.41090297698975,IO -> PLC,4.36605
1776084730.4282813,106.42690229415894,IO -> PLC,6.05772
1776084730.4442806,106.44290161132812,IO -> PLC,2.16656
1776084730.4602811,106.45890212059021,IO -> PLC,3.84311
1776084730.4762807,106.47490167617798,IO -> PLC,5.96495
1776084730.49228,106.49090099334717,IO -> PLC,2.01549
1776084730.5082793,106.50690031051636,IO -> PLC,3.84651
1776084730.5242789,106.52289986610413,IO -> PLC,6.56447
1776084730.5402792,106.53890013694763,IO -> PLC,2.52467
1776084730.5562785,106.55489945411682,IO -> PLC,4.37739
1776084730.572278,106.57089900970459,IO -> PLC,0.65497
1776084730.5882773,106.58689832687378,IO -> PLC,2.83849
1776084730.604277,106.60289788246155,IO -> PLC,4.75561
1776084730.6202772,106.61889815330505,IO -> PLC,1.12439
1776084730.6362767,106.63489770889282,IO -> PLC,3.03951
1776084730.652276,106.65089702606201,IO -> PLC,4.87686
1776084730.6682754,106.6668963432312,IO -> PLC,1.03787
1776084730.6842759,106.68289685249329,IO -> PLC,3.36556
1776084730.7002752,106.69889616966248,IO -> PLC,4.96931
1776084730.7162747,106.71489572525024,IO -> PLC,1.31256
1776084730.732274,106.73089504241943,IO -> PLC,3.05056
1776084730.7482734,106.74689435958862,IO -> PLC,4.96871
1776084730.764274,106.76289486885071,IO -> PLC,1.18509
1776084730.7802734,106.77889442443848,IO -> PLC,3.04987
1776084730.7962728,106.79489374160767,IO -> PLC,4.90579
1776084730.812272,106.81089305877686,IO -> PLC,1.18529
1776084730.8282714,106.82689237594604,IO -> PLC,2.87832
1776084730.844272,106.84289288520813,IO -> PLC,4.59582
1776084730.8602712,106.85889220237732,IO -> PLC,0.8714
1776084730.8762708,106.87489175796509,IO -> PLC,2.5529
1776084730.89227,106.89089107513428,IO -> PLC,3.84143
1776084730.9082706,106.90689158439636,IO -> PLC,1.18001
1776084730.92427,106.92289090156555,IO -> PLC,2.93433
1776084730.9402692,106.93889021873474,IO -> PLC,2.58029
1776084730.9562688,106.95488977432251,IO -> PLC,1.52144
1776084730.972268,106.9708890914917,IO -> PLC,2.21881
1776084730.9882686,106.98688960075378,IO -> PLC,2.1156
1776084731.004268,107.00288891792297,IO -> PLC,1.57501
1776084731.0202675,107.01888847351074,IO -> PLC,1.63667
1776084731.0362668,107.03488779067993,IO -> PLC,1.23337
1776084731.0522661,107.05088710784912,IO -> PLC,3.80683
1776084731.0682666,107.0668876171112,IO -> PLC,0.59955
1776084731.084266,107.0828869342804,IO -> PLC,2.8578
1776084731.1002655,107.09888648986816,IO -> PLC,2.85787
1776084731.1162648,107.11488580703735,IO -> PLC,0.92865
1776084731.1322641,107.13088512420654,IO -> PLC,2.03597
1776084731.1482646,107.14688563346863,IO -> PLC,2.23268
1776084731.164264,107.16288495063782,IO -> PLC,0.8923
1776084731.1802635,107.17888450622559,IO -> PLC,1.77824
1776084731.1962628,107.19488382339478,IO -> PLC,1.71071
1776084731.2122633,107.21088433265686,IO -> PLC,1.20691
1776084731.2282627,107.22688364982605,IO -> PLC,0.87553
1776084731.244262,107.24288296699524,IO -> PLC,4.78841
1776084731.2602615,107.25888252258301,IO -> PLC,0.79374
1776084731.2762609,107.2748818397522,IO -> PLC,2.55308
1776084731.2922614,107.29088234901428,IO -> PLC,4.82142
1776084731.3082607,107.30688166618347,IO -> PLC,0.71817
1776084731.32426,107.32288098335266,IO -> PLC,2.52377
1776084731.3402596,107.33888053894043,IO -> PLC,4.26263
1776084731.3562589,107.35487985610962,IO -> PLC,5.9903
1776084731.3722594,107.3708803653717,IO -> PLC,2.24867
1776084731.3882587,107.3868796825409,IO -> PLC,4.18004
1776084731.404258,107.40287899971008,IO -> PLC,6.25068
1776084731.4202576,107.41887855529785,IO -> PLC,2.45785
1776084731.4362578,107.43487882614136,IO -> PLC,4.34745
1776084731.4522574,107.45087838172913,IO -> PLC,5.91007
1776084731.4682567,107.46687769889832,IO -> PLC,2.23213
1776084731.4842563,107.48287725448608,IO -> PLC,4.33957
1776084731.5002556,107.49887657165527,IO -> PLC,0.58147
1776084731.516256,107.51487708091736,IO -> PLC,2.37058
1776084731.5322554,107.53087639808655,IO -> PLC,4.21305
1776084731.5482547,107.54687571525574,IO -> PLC,6.05432
1776084731.564254,107.56287503242493,IO -> PLC,2.24398
1776084731.5802536,107.5788745880127,IO -> PLC,4.27373
1776084731.596254,107.59487509727478,IO -> PLC,0.92533
1776084731.6122534,107.61087441444397,IO -> PLC,2.90373
1776084731.6282527,107.62687373161316,IO -> PLC,4.6222
1776084731.644252,107.64287304878235,IO -> PLC,6.3693
1776084731.6602526,107.65887355804443,IO -> PLC,2.25391
1776084731.676252,107.67487287521362,IO -> PLC,4.37919
1776084731.6922514,107.69087243080139,IO -> PLC,6.24182
1776084731.7082508,107.70687174797058,IO -> PLC,2.27787
1776084731.7242503,107.72287130355835,IO -> PLC,4.37635
1776084731.7402506,107.73887157440186,IO -> PLC,0.58544
1776084731.7562501,107.75487112998962,IO -> PLC,2.26079
1776084731.7722495,107.77087044715881,IO -> PLC,4.0111
1776084731.7882488,107.786869764328,IO -> PLC,0.54573
1776084731.8042483,107.80286931991577,IO -> PLC,3.39273
1776084731.8202486,107.81886959075928,IO -> PLC,6.0922
1776084731.8362482,107.83486914634705,IO -> PLC,3.31319
1776084731.8522475,107.85086846351624,IO -> PLC,5.09917
1776084731.8682468,107.86686778068542,IO -> PLC,1.59212
1776084731.8842473,107.88286828994751,IO -> PLC,3.55108
1776084731.9002466,107.8988676071167,IO -> PLC,5.52356
1776084731.9162462,107.91486716270447,IO -> PLC,1.62624
1776084731.9322455,107.93086647987366,IO -> PLC,3.69393
1776084731.9482448,107.94686579704285,IO -> PLC,5.49016
1776084731.9642453,107.96286630630493,IO -> PLC,2.13759
1776084731.9802446,107.97886562347412,IO -> PLC,4.27072
1776084731.9962442,107.99486517906189,IO -> PLC,6.18384
1776084732.0122435,108.01086449623108,IO -> PLC,2.42565
1776084732.0282428,108.02686381340027,IO -> PLC,4.29669
1776084732.0442433,108.04286432266235,IO -> PLC,6.01427
1776084732.0602427,108.05886363983154,IO -> PLC,1.85775
1776084732.0762422,108.07486319541931,IO -> PLC,4.76411
1776084732.0922415,108.0908625125885,IO -> PLC,0.89016
1776084732.108242,108.10686302185059,IO -> PLC,2.90889
1776084732.1242414,108.12286233901978,IO -> PLC,5.98917
1776084732.1402407,108.13886165618896,IO -> PLC,2.20043
1776084732.1562402,108.15486121177673,IO -> PLC,3.89225
1776084732.1722395,108.17086052894592,IO -> PLC,5.77761
1776084732.18824,108.18686103820801,IO -> PLC,2.20495
1776084732.2042394,108.2028603553772,IO -> PLC,4.58169
1776084732.220239,108.21885991096497,IO -> PLC,1.61218
1776084732.2362382,108.23485922813416,IO -> PLC,4.28101
1776084732.2522376,108.25085854530334,IO -> PLC,6.05388
1776084732.268238,108.26685905456543,IO -> PLC,2.23425
1776084732.2842374,108.28285837173462,IO -> PLC,4.38681
1776084732.300237,108.29885792732239,IO -> PLC,5.50118
1776084732.3162363,108.31485724449158,IO -> PLC,2.44846
1776084732.3322368,108.33085775375366,IO -> PLC,4.01557
1776084732.348236,108.34685707092285,IO -> PLC,4.86047
1776084732.3642354,108.36285638809204,IO -> PLC,2.01177
1776084732.380235,108.37885594367981,IO -> PLC,4.3417
1776084732.3962343,108.394855260849,IO -> PLC,0.57208
1776084732.4122348,108.41085577011108,IO -> PLC,2.50056
1776084732.428234,108.42685508728027,IO -> PLC,3.6498
1776084732.4442334,108.44285440444946,IO -> PLC,3.78188
1776084732.460233,108.45885396003723,IO -> PLC,2.09442
1776084732.4762323,108.47485327720642,IO -> PLC,3.11566
1776084732.4922328,108.4908537864685,IO -> PLC,2.53602
1776084732.508232,108.5068531036377,IO -> PLC,1.83974
1776084732.5242314,108.52285242080688,IO -> PLC,1.92604
1776084732.540231,108.53885197639465,IO -> PLC,0.84791
1776084732.5562303,108.55485129356384,IO -> PLC,1.28423
1776084732.5722308,108.57085180282593,IO -> PLC,1.05085
1776084732.5882301,108.58685111999512,IO -> PLC,0.66714
1776084732.6042297,108.60285067558289,IO -> PLC,3.21893
1776084732.620229,108.61884999275208,IO -> PLC,5.11348
1776084732.6362293,108.63485026359558,IO -> PLC,1.17001
1776084732.6522288,108.65084981918335,IO -> PLC,3.02768
1776084732.6682281,108.66684913635254,IO -> PLC,5.41298
1776084732.6842275,108.68284845352173,IO -> PLC,2.08994
1776084732.700227,108.6988480091095,IO -> PLC,3.93537
1776084732.7162275,108.71484851837158,IO -> PLC,5.78801
1776084732.7322268,108.73084783554077,IO -> PLC,1.88245
1776084732.7482262,108.74684715270996,IO -> PLC,4.04638
1776084732.7642255,108.76284646987915,IO -> PLC,6.07006
1776084732.780226,108.77884697914124,IO -> PLC,2.4174
1776084732.7962253,108.79484629631042,IO -> PLC,4.5506
1776084732.8122249,108.8108458518982,IO -> PLC,0.8037
1776084732.8282242,108.82684516906738,IO -> PLC,2.49344
1776084732.8442237,108.84284472465515,IO -> PLC,4.2212
1776084732.860224,108.85884499549866,IO -> PLC,6.11167
1776084732.8762233,108.87484431266785,IO -> PLC,2.18972
1776084732.892223,108.89084386825562,IO -> PLC,4.50941
1776084732.9082222,108.9068431854248,IO -> PLC,6.31476
1776084732.9242218,108.92284274101257,IO -> PLC,2.22704
1776084732.940222,108.93884301185608,IO -> PLC,4.06128
1776084732.9562216,108.95484256744385,IO -> PLC,5.79599
1776084732.972221,108.97084188461304,IO -> PLC,1.93867
1776084732.9882202,108.98684120178223,IO -> PLC,4.36574
1776084733.0042207,109.00284171104431,IO -> PLC,0.89748
1776084733.02022,109.0188410282135,IO -> PLC,3.02437
1776084733.0362196,109.03484058380127,IO -> PLC,5.02133
1776084733.052219,109.05083990097046,IO -> PLC,4.02719
1776084733.0682182,109.06683921813965,IO -> PLC,5.78662
1776084733.0842187,109.08283972740173,IO -> PLC,2.26613
1776084733.100218,109.09883904457092,IO -> PLC,4.00411
1776084733.1162176,109.11483860015869,IO -> PLC,6.12692
1776084733.132217,109.13083791732788,IO -> PLC,2.26849
1776084733.1482162,109.14683723449707,IO -> PLC,4.10168
1776084733.1642168,109.16283774375916,IO -> PLC,5.96471
1776084733.180216,109.17883706092834,IO -> PLC,2.23013
1776084733.1962156,109.19483661651611,IO -> PLC,4.3919
1776084733.212215,109.2108359336853,IO -> PLC,6.60303
1776084733.2282145,109.22683548927307,IO -> PLC,2.77004
1776084733.2442148,109.24283576011658,IO -> PLC,4.61859
1776084733.260214,109.25883507728577,IO -> PLC,6.35963
1776084733.2762136,109.27483463287354,IO -> PLC,2.25342
1776084733.292213,109.29083395004272,IO -> PLC,4.65992
1776084733.3082135,109.30683445930481,IO -> PLC,6.44311
1776084733.3242128,109.322833776474,IO -> PLC,2.41348
1776084733.3402123,109.33883333206177,IO -> PLC,4.08794
1776084733.3562117,109.35483264923096,IO -> PLC,6.08802
1776084733.372211,109.37083196640015,IO -> PLC,2.17638
1776084733.3882115,109.38683247566223,IO -> PLC,4.30119
1776084733.4042108,109.40283179283142,IO -> PLC,6.1191
1776084733.4202104,109.41883134841919,IO -> PLC,2.361
1776084733.4362097,109.43483066558838,IO -> PLC,3.86545
1776084733.452209,109.45082998275757,IO -> PLC,5.73337
1776084733.4682095,109.46683049201965,IO -> PLC,1.93142
1776084733.4842088,109.48282980918884,IO -> PLC,3.92934
1776084733.5002081,109.49882912635803,IO -> PLC,5.11635
1776084733.5162077,109.5148286819458,IO -> PLC,2.24708
1776084733.5322082,109.53082919120789,IO -> PLC,4.27365
1776084733.5482075,109.54682850837708,IO -> PLC,4.95694
1776084733.5642068,109.56282782554626,IO -> PLC,2.38474
1776084733.5802064,109.57882738113403,IO -> PLC,4.17816
1776084733.5962057,109.59482669830322,IO -> PLC,1.21346
1776084733.612206,109.61082696914673,IO -> PLC,2.85192
1776084733.6282055,109.6268265247345,IO -> PLC,3.64379
1776084733.6442049,109.64282584190369,IO -> PLC,0.64027
1776084733.6602044,109.65882539749146,IO -> PLC,2.66084
1776084733.6762037,109.67482471466064,IO -> PLC,3.16708
1776084733.6922042,109.69082522392273,IO -> PLC,0.58136
1776084733.7082036,109.70682454109192,IO -> PLC,2.28142
1776084733.7242029,109.72282385826111,IO -> PLC,2.18013
1776084733.7402024,109.73882341384888,IO -> PLC,1.77898
1776084733.7562027,109.75482368469238,IO -> PLC,1.82513
1776084733.7722023,109.77082324028015,IO -> PLC,1.54775
1776084733.7882016,109.78682255744934,IO -> PLC,1.18227
1776084733.804201,109.80282187461853,IO -> PLC,0.78721
1776084733.8202004,109.8188214302063,IO -> PLC,4.37631
1776084733.836201,109.83482193946838,IO -> PLC,0.8087
1776084733.8522003,109.85082125663757,IO -> PLC,2.42068
1776084733.8681996,109.86682057380676,IO -> PLC,4.57845
1776084733.884199,109.88281989097595,IO -> PLC,1.13788
1776084733.9001985,109.89881944656372,IO -> PLC,2.92499
1776084733.9161987,109.91481971740723,IO -> PLC,4.94963
1776084733.9321983,109.930819272995,IO -> PLC,1.20169
1776084733.9481976,109.94681859016418,IO -> PLC,3.07072
1776084733.9641972,109.96281814575195,IO -> PLC,5.34833
1776084733.9801974,109.97881841659546,IO -> PLC,1.7224
1776084733.9961967,109.99481773376465,IO -> PLC,3.64671
1776084734.0121963,110.01081728935242,IO -> PLC,5.36094
1776084734.0281956,110.0268166065216,IO -> PLC,1.67876
1776084734.0441952,110.04281616210938,IO -> PLC,3.40627
1776084734.0601954,110.05881643295288,IO -> PLC,5.45138
1776084734.076195,110.07481598854065,IO -> PLC,1.64432
1776084734.0921943,110.09081530570984,IO -> PLC,4.30987
1776084734.1081936,110.10681462287903,IO -> PLC,6.19435
1776084734.1241932,110.1228141784668,IO -> PLC,2.0419
1776084734.1401935,110.1388144493103,IO -> PLC,3.87502
1776084734.156193,110.15481400489807,IO -> PLC,5.64972
1776084734.1721923,110.17081332206726,IO -> PLC,1.82418
1776084734.1881917,110.18681263923645,IO -> PLC,3.92554
1776084734.2041922,110.20281314849854,IO -> PLC,5.8501
1776084734.2201915,110.21881246566772,IO -> PLC,2.33049
1776084734.236191,110.2348120212555,IO -> PLC,4.1728
1776084734.2521904,110.25081133842468,IO -> PLC,5.82974
1776084734.2681897,110.26681065559387,IO -> PLC,2.07276
1776084734.2841902,110.28281116485596,IO -> PLC,4.06156
1776084734.3001895,110.29881048202515,IO -> PLC,5.98995
1776084734.316189,110.31481003761292,IO -> PLC,2.10697
1776084734.3321884,110.3308093547821,IO -> PLC,4.19296
1776084734.3481877,110.3468086719513,IO -> PLC,6.03448
1776084734.3641882,110.36280918121338,IO -> PLC,2.20037
1776084734.3801875,110.37880849838257,IO -> PLC,4.13501
1776084734.396187,110.39480805397034,IO -> PLC,6.05012
1776084734.4121864,110.41080737113953,IO -> PLC,2.19674
1776084734.428187,110.42680788040161,IO -> PLC,4.13338
1776084734.4441862,110.4428071975708,IO -> PLC,6.04529
1776084734.4601855,110.45880651473999,IO -> PLC,1.92685
1776084734.476185,110.47480607032776,IO -> PLC,4.48511
1776084734.4921844,110.49080538749695,IO -> PLC,0.5558
1776084734.508185,110.50680589675903,IO -> PLC,2.74957
1776084734.5241842,110.52280521392822,IO -> PLC,4.62357
1776084734.5401838,110.53880476951599,IO -> PLC,1.14395
1776084734.556183,110.55480408668518,IO -> PLC,2.76098
1776084734.5721824,110.57080340385437,IO -> PLC,4.71001
1776084734.588183,110.58680391311646,IO -> PLC,1.17728
1776084734.6041822,110.60280323028564,IO -> PLC,3.22432
1776084734.6201816,110.61880254745483,IO -> PLC,4.91103
1776084734.636181,110.6348021030426,IO -> PLC,1.06891
1776084734.6521804,110.65080142021179,IO -> PLC,3.05764
1776084734.668181,110.66680192947388,IO -> PLC,5.24845
1776084734.6841803,110.68280124664307,IO -> PLC,1.70019
1776084734.7001796,110.69880056381226,IO -> PLC,3.54675
1776084734.7161791,110.71480011940002,IO -> PLC,5.48226
1776084734.7321794,110.73080039024353,IO -> PLC,1.52759
1776084734.748179,110.7467999458313,IO -> PLC,3.40662
1776084734.7641783,110.76279926300049,IO -> PLC,5.00533
1776084734.7801778,110.77879881858826,IO -> PLC,1.47363
1776084734.7961771,110.79479813575745,IO -> PLC,3.27298
1776084734.8121777,110.81079864501953,IO -> PLC,4.4611
1776084734.828177,110.82679796218872,IO -> PLC,1.06966
1776084734.8441763,110.84279727935791,IO -> PLC,3.80496
1776084734.8601758,110.85879683494568,IO -> PLC,3.44662
1776084734.876176,110.87479710578918,IO -> PLC,2.03134
1776084734.8921757,110.89079666137695,IO -> PLC,2.96161
1776084734.908175,110.90679597854614,IO -> PLC,2.59191
1776084734.9241743,110.92279529571533,IO -> PLC,2.00523
1776084734.9401739,110.9387948513031,IO -> PLC,2.0965
1776084734.9561741,110.9547951221466,IO -> PLC,2.16433
1776084734.9721737,110.97079467773438,IO -> PLC,2.01991
1776084734.988173,110.98679399490356,IO -> PLC,1.95469
1776084735.0041723,111.00279331207275,IO -> PLC,2.74224
1776084735.0201719,111.01879286766052,IO -> PLC,2.08796
1776084735.0361722,111.03479313850403,IO -> PLC,2.17211
1776084735.0521717,111.0507926940918,IO -> PLC,2.76092
1776084735.068171,111.06679201126099,IO -> PLC,4.47643
1776084735.0841703,111.08279132843018,IO -> PLC,1.33971
1776084735.10017,111.09879088401794,IO -> PLC,3.13195
1776084735.1161702,111.11479115486145,IO -> PLC,3.63907
1776084735.1321697,111.13079071044922,IO -> PLC,1.04831
1776084735.148169,111.14679002761841,IO -> PLC,3.06671
1776084735.1641686,111.16278958320618,IO -> PLC,2.8366
1776084735.1801689,111.17878985404968,IO -> PLC,0.89299
1776084735.1961682,111.19478917121887,IO -> PLC,2.4692
1776084735.2121677,111.21078872680664,IO -> PLC,2.06686
1776084735.228167,111.22678804397583,IO -> PLC,0.99991
1776084735.2441666,111.2427875995636,IO -> PLC,2.19532
1776084735.260167,111.2587878704071,IO -> PLC,1.7028
1776084735.2761664,111.27478742599487,IO -> PLC,1.39166
1776084735.2921658,111.29078674316406,IO -> PLC,1.0589
1776084735.308165,111.30678606033325,IO -> PLC,0.83169
1776084735.3241644,111.32278537750244,IO -> PLC,0.9148
1776084735.340165,111.33878588676453,IO -> PLC,2.89312
1776084735.3561645,111.3547854423523,IO -> PLC,4.66583
1776084735.3721638,111.37078475952148,IO -> PLC,0.75939
1776084735.388163,111.38678407669067,IO -> PLC,2.99397
1776084735.4041636,111.40278458595276,IO -> PLC,4.9162
1776084735.420163,111.41878390312195,IO -> PLC,1.09058
1776084735.4361622,111.43478322029114,IO -> PLC,2.82328
1776084735.4521618,111.4507827758789,IO -> PLC,4.69848
1776084735.468161,111.4667820930481,IO -> PLC,0.87997
1776084735.4841616,111.48278260231018,IO -> PLC,2.97621
1776084735.500161,111.49878191947937,IO -> PLC,4.59851
1776084735.5161605,111.51478147506714,IO -> PLC,0.97162
1776084735.5321598,111.53078079223633,IO -> PLC,2.75545
1776084735.5481591,111.54678010940552,IO -> PLC,4.84353
1776084735.5641596,111.5627806186676,IO -> PLC,1.09767
1776084735.580159,111.57877993583679,IO -> PLC,3.48384
1776084735.5961585,111.59477949142456,IO -> PLC,5.41345
1776084735.6121578,111.61077880859375,IO -> PLC,1.70246
1776084735.6281583,111.62677931785583,IO -> PLC,3.47613
1776084735.6441576,111.64277863502502,IO -> PLC,5.27964
1776084735.6601572,111.6587781906128,IO -> PLC,1.29929
1776084735.6761565,111.67477750778198,IO -> PLC,3.03007
1776084735.6921558,111.69077682495117,IO -> PLC,5.36089
1776084735.7081563,111.70677733421326,IO -> PLC,1.27516
1776084735.7241557,111.72277665138245,IO -> PLC,3.23525
1776084735.740155,111.73877596855164,IO -> PLC,4.93332
1776084735.7561545,111.7547755241394,IO -> PLC,1.22729
1776084735.7721539,111.7707748413086,IO -> PLC,2.84848
1776084735.7881544,111.78677535057068,IO -> PLC,5.06768
1776084735.8041537,111.80277466773987,IO -> PLC,1.33206
1776084735.820153,111.81877398490906,IO -> PLC,3.23909
1776084735.8361526,111.83477354049683,IO -> PLC,5.02013
1776084735.8521528,111.85077381134033,IO -> PLC,1.14609
1776084735.8681524,111.8667733669281,IO -> PLC,3.01809
1776084735.8841517,111.88277268409729,IO -> PLC,5.04793
1776084735.9001513,111.89877223968506,IO -> PLC,1.23471
1776084735.9161506,111.91477155685425,IO -> PLC,2.95414
1776084735.9321508,111.93077182769775,IO -> PLC,4.78316
1776084735.9481504,111.94677138328552,IO -> PLC,0.98106
1776084735.9641497,111.96277070045471,IO -> PLC,3.24531
1776084735.9801493,111.97877025604248,IO -> PLC,5.0397
1776084735.9961486,111.99476957321167,IO -> PLC,1.67377
1776084736.012149,112.01077008247375,IO -> PLC,3.48329
1776084736.0281484,112.02676939964294,IO -> PLC,3.92593
1776084736.0441477,112.04276871681213,IO -> PLC,1.48869
1776084736.0601473,112.0587682723999,IO -> PLC,3.55013
1776084736.0761476,112.07476854324341,IO -> PLC,3.49404
1776084736.092147,112.09076809883118,IO -> PLC,1.86068
1776084736.1081464,112.10676741600037,IO -> PLC,3.264
1776084736.1241457,112.12276673316956,IO -> PLC,2.9467
1776084736.1401453,112.13876628875732,IO -> PLC,1.64518
1776084736.1561456,112.15476655960083,IO -> PLC,2.5249
1776084736.1721451,112.1707661151886,IO -> PLC,2.4248
1776084736.1881444,112.18676543235779,IO -> PLC,1.44994
1776084736.2041438,112.20276474952698,IO -> PLC,2.13716
1776084736.2201433,112.21876430511475,IO -> PLC,1.67033
1776084736.2361436,112.23476457595825,IO -> PLC,1.20253
1776084736.2521431,112.25076413154602,IO -> PLC,1.07764
1776084736.2681425,112.26676344871521,IO -> PLC,5.61311
1776084736.2841418,112.2827627658844,IO -> PLC,2.08854
1776084736.3001423,112.29876327514648,IO -> PLC,3.86957
1776084736.3161416,112.31476259231567,IO -> PLC,5.60644
1776084736.3321412,112.33076214790344,IO -> PLC,1.94578
1776084736.3481405,112.34676146507263,IO -> PLC,3.69576
1776084736.36414,112.3627610206604,IO -> PLC,5.44192
1776084736.3801403,112.3787612915039,IO -> PLC,1.73813
1776084736.3961396,112.3947606086731,IO -> PLC,3.68397
1776084736.4121392,112.41076016426086,IO -> PLC,5.5098
1776084736.4281385,112.42675948143005,IO -> PLC,1.64337
1776084736.4441378,112.44275879859924,IO -> PLC,3.29527
1776084736.4601383,112.45875930786133,IO -> PLC,5.08847
1776084736.4761379,112.4747588634491,IO -> PLC,1.04763
1776084736.4921372,112.49075818061829,IO -> PLC,3.24228
1776084736.5081365,112.50675749778748,IO -> PLC,5.26892
1776084736.5241358,112.52275681495667,IO -> PLC,1.42913
1776084736.5401363,112.53875732421875,IO -> PLC,3.38497
1776084736.5561357,112.55475664138794,IO -> PLC,5.17928
1776084736.5721352,112.57075619697571,IO -> PLC,1.42926
1776084736.5881345,112.5867555141449,IO -> PLC,3.56054
1776084736.604135,112.60275602340698,IO -> PLC,5.65263
1776084736.6201344,112.61875534057617,IO -> PLC,1.82699
1776084736.6361337,112.63475465774536,IO -> PLC,3.61723
1776084736.6521332,112.65075421333313,IO -> PLC,5.37457
1776084736.6681325,112.66675353050232,IO -> PLC,1.67583
1776084736.684133,112.6827540397644,IO -> PLC,3.57751
1776084736.7001324,112.6987533569336,IO -> PLC,5.48254
1776084736.716132,112.71475291252136,IO -> PLC,1.62004
1776084736.7321312,112.73075222969055,IO -> PLC,3.58211
1776084736.7481306,112.74675154685974,IO -> PLC,5.36819
1776084736.764131,112.76275205612183,IO -> PLC,1.54567
1776084736.7801304,112.77875137329102,IO -> PLC,3.45135
1776084736.79613,112.79475092887878,IO -> PLC,5.79648
1776084736.8121293,112.81075024604797,IO -> PLC,1.91262
1776084736.8281298,112.82675075531006,IO -> PLC,3.715
1776084736.844129,112.84275007247925,IO -> PLC,5.4642
1776084736.8601284,112.85874938964844,IO -> PLC,1.34464
1776084736.876128,112.8747489452362,IO -> PLC,3.27495
1776084736.8921273,112.8907482624054,IO -> PLC,5.47497
1776084736.9081278,112.90674877166748,IO -> PLC,1.52117
1776084736.924127,112.92274808883667,IO -> PLC,3.22004
1776084736.9401264,112.93874740600586,IO -> PLC,4.70729
1776084736.956126,112.95474696159363,IO -> PLC,1.05975
1776084736.9721262,112.97074723243713,IO -> PLC,3.02599
1776084736.9881258,112.9867467880249,IO -> PLC,4.20067
1776084737.004125,113.00274610519409,IO -> PLC,1.48101
1776084737.0201244,113.01874542236328,IO -> PLC,3.34069
1776084737.036124,113.03474497795105,IO -> PLC,4.21863
1776084737.0521243,113.05074524879456,IO -> PLC,4.36903
1776084737.0681238,113.06674480438232,IO -> PLC,6.26271
1776084737.0841231,113.08274412155151,IO -> PLC,3.08927
1776084737.1001227,113.09874367713928,IO -> PLC,4.9183
1776084737.116122,113.11474299430847,IO -> PLC,1.11107
1776084737.1321223,113.13074326515198,IO -> PLC,2.78034
1776084737.1481218,113.14674282073975,IO -> PLC,4.64521
1776084737.1641212,113.16274213790894,IO -> PLC,0.6383
1776084737.1801207,113.1787416934967,IO -> PLC,2.82886
1776084737.19612,113.1947410106659,IO -> PLC,4.68342
1776084737.2121205,113.21074151992798,IO -> PLC,1.04724
1776084737.2281199,113.22674083709717,IO -> PLC,2.80363
1776084737.2441192,113.24274015426636,IO -> PLC,5.00652
1776084737.2601185,113.25873947143555,IO -> PLC,0.97496
1776084737.276119,113.27473998069763,IO -> PLC,2.93408
1776084737.2921185,113.2907395362854,IO -> PLC,4.51126
1776084737.3081179,113.30673885345459,IO -> PLC,1.04293
1776084737.3241172,113.32273817062378,IO -> PLC,2.78707
1776084737.3401167,113.33873772621155,IO -> PLC,3.37389
1776084737.356117,113.35473799705505,IO -> PLC,0.96553
1776084737.3721163,113.37073731422424,IO -> PLC,2.64088
1776084737.388116,113.38673686981201,IO -> PLC,3.08448
1776084737.4041152,113.4027361869812,IO -> PLC,2.56637
1776084737.4201148,113.41873574256897,IO -> PLC,2.41195
1776084737.436115,113.43473601341248,IO -> PLC,2.15104
1776084737.4521146,113.45073556900024,IO -> PLC,2.2556
1776084737.468114,113.46673488616943,IO -> PLC,1.96605
1776084737.4841132,113.48273420333862,IO -> PLC,0.6459
1776084737.5001137,113.49873471260071,IO -> PLC,1.16519
1776084737.516113,113.5147340297699,IO -> PLC,0.87565
1776084737.5321126,113.53073358535767,IO -> PLC,0.62594
1776084737.548112,113.54673290252686,IO -> PLC,2.50722
1776084737.5641112,113.56273221969604,IO -> PLC,4.09871
1776084737.5801117,113.57873272895813,IO -> PLC,0.61799
1776084737.5961113,113.5947322845459,IO -> PLC,2.87
1776084737.6121106,113.61073160171509,IO -> PLC,4.70823
1776084737.62811,113.62673091888428,IO -> PLC,6.50766
1776084737.6441092,113.64273023605347,IO -> PLC,2.71371
1776084737.6601098,113.65873074531555,IO -> PLC,4.4137
1776084737.676109,113.67473006248474,IO -> PLC,6.32057
1776084737.6921086,113.69072961807251,IO -> PLC,2.31774
1776084737.708108,113.7067289352417,IO -> PLC,4.20509
1776084737.7241085,113.72272944450378,IO -> PLC,0.60284
1776084737.7401078,113.73872876167297,IO -> PLC,2.43275
1776084737.756107,113.75472807884216,IO -> PLC,4.19842
1776084737.7721066,113.77072763442993,IO -> PLC,6.00602
1776084737.788106,113.78672695159912,IO -> PLC,2.62272
1776084737.8041065,113.8027274608612,IO -> PLC,4.60841
1776084737.8201058,113.8187267780304,IO -> PLC,0.76845
1776084737.8361053,113.83472633361816,IO -> PLC,2.47252
1776084737.8521047,113.85072565078735,IO -> PLC,4.28827
1776084737.868104,113.86672496795654,IO -> PLC,0.56817
1776084737.8841045,113.88272547721863,IO -> PLC,2.76594
1776084737.9001038,113.89872479438782,IO -> PLC,4.56305
1776084737.9161034,113.91472434997559,IO -> PLC,0.86734
1776084737.9321027,113.93072366714478,IO -> PLC,2.56349
1776084737.9481032,113.94672417640686,IO -> PLC,4.47341
1776084737.9641025,113.96272349357605,IO -> PLC,0.97428
1776084737.9801018,113.97872281074524,IO -> PLC,2.88028
1776084737.9961014,113.99472236633301,IO -> PLC,4.81275
1776084738.0121007,114.0107216835022,IO -> PLC,1.03609
1776084738.0281012,114.02672219276428,IO -> PLC,2.92464
1776084738.0441005,114.04272150993347,IO -> PLC,4.65231
1776084738.0600998,114.05872082710266,IO -> PLC,0.78875
1776084738.0760994,114.07472038269043,IO -> PLC,2.48354
1776084738.0920987,114.09071969985962,IO -> PLC,4.83907
1776084738.1080992,114.1067202091217,IO -> PLC,0.89361
1776084738.1240985,114.1227195262909,IO -> PLC,2.81465
1776084738.1400979,114.13871884346008,IO -> PLC,4.44406
1776084738.1560974,114.15471839904785,IO -> PLC,0.65316
1776084738.1720977,114.17071866989136,IO -> PLC,2.42491
1776084738.1880972,114.18671822547913,IO -> PLC,4.89917
1776084738.2040966,114.20271754264832,IO -> PLC,1.11442
1776084738.2200959,114.2187168598175,IO -> PLC,3.21595
1776084738.2360954,114.23471641540527,IO -> PLC,3.91653
1776084738.2520957,114.25071668624878,IO -> PLC,1.01151
1776084738.2680953,114.26671624183655,IO -> PLC,2.83845
1776084738.2840946,114.28271555900574,IO -> PLC,3.2339
1776084738.3000941,114.2987151145935,IO -> PLC,1.08332
1776084738.3160934,114.3147144317627,IO -> PLC,2.64937
1776084738.3320937,114.3307147026062,IO -> PLC,2.30551
1776084738.3480933,114.34671425819397,IO -> PLC,0.6691
1776084738.3640926,114.36271357536316,IO -> PLC,1.84498
1776084738.380092,114.37871289253235,IO -> PLC,1.60567
1776084738.3960924,114.39471340179443,IO -> PLC,0.94812
1776084738.412092,114.4107129573822,IO -> PLC,0.94106
1776084738.4280913,114.42671227455139,IO -> PLC,4.53034
1776084738.4440906,114.44271159172058,IO -> PLC,6.20807
1776084738.46009,114.45871090888977,IO -> PLC,0.54013
1776084738.4760904,114.47471141815186,IO -> PLC,4.57062
1776084738.4920897,114.49071073532104,IO -> PLC,0.69475
1776084738.5080893,114.50671029090881,IO -> PLC,2.52491
1776084738.5240886,114.522709608078,IO -> PLC,4.78195
1776084738.5400882,114.53870916366577,IO -> PLC,1.18258
1776084738.5560884,114.55470943450928,IO -> PLC,2.95848
1776084738.5720878,114.57070875167847,IO -> PLC,4.71896
1776084738.5880873,114.58670830726624,IO -> PLC,1.03157
1776084738.6040866,114.60270762443542,IO -> PLC,3.03358
1776084738.6200862,114.6187071800232,IO -> PLC,4.78268
1776084738.6360865,114.6347074508667,IO -> PLC,1.08402
1776084738.652086,114.65070700645447,IO -> PLC,2.77273
1776084738.6680853,114.66670632362366,IO -> PLC,4.93465
1776084738.6840847,114.68270564079285,IO -> PLC,1.46233
1776084738.7000852,114.69870615005493,IO -> PLC,3.25647
1776084738.7160845,114.71470546722412,IO -> PLC,5.07223
1776084738.732084,114.73070502281189,IO -> PLC,1.30204
1776084738.7480834,114.74670433998108,IO -> PLC,3.06123
1776084738.7640827,114.76270365715027,IO -> PLC,5.03994
1776084738.7800832,114.77870416641235,IO -> PLC,1.36265
1776084738.7960825,114.79470348358154,IO -> PLC,3.36073
1776084738.812082,114.81070303916931,IO -> PLC,5.11207
1776084738.8280814,114.8267023563385,IO -> PLC,1.09988
1776084738.8440807,114.84270167350769,IO -> PLC,2.92179
1776084738.8600812,114.85870218276978,IO -> PLC,4.73762
1776084738.8760805,114.87470149993896,IO -> PLC,6.7161
1776084738.89208,114.89070105552673,IO -> PLC,2.71039
1776084738.9080794,114.90670037269592,IO -> PLC,4.53205
1776084738.92408,114.92270088195801,IO -> PLC,0.99932
1776084738.9400792,114.9387001991272,IO -> PLC,3.01668
1776084738.9560785,114.95469951629639,IO -> PLC,4.73531
1776084738.972078,114.97069907188416,IO -> PLC,0.87777
1776084738.9880774,114.98669838905334,IO -> PLC,2.9444
1776084739.004078,115.00269889831543,IO -> PLC,4.83696
1776084739.0200772,115.01869821548462,IO -> PLC,0.98261
1776084739.0360768,115.03469777107239,IO -> PLC,2.90693
1776084739.052076,115.05069708824158,IO -> PLC,7.42408
1776084739.0680754,115.06669640541077,IO -> PLC,3.83895
1776084739.084076,115.08269691467285,IO -> PLC,0.66574
1776084739.1000752,115.09869623184204,IO -> PLC,2.70887
1776084739.1160748,115.11469578742981,IO -> PLC,4.58087
1776084739.132074,115.130695104599,IO -> PLC,0.96517
1776084739.1480746,115.14669561386108,IO -> PLC,2.51259
1776084739.164074,115.16269493103027,IO -> PLC,4.39794
1776084739.1800733,115.17869424819946,IO -> PLC,0.60296
1776084739.1960726,115.19469356536865,IO -> PLC,2.49863
1776084739.2120721,115.21069312095642,IO -> PLC,4.55279
1776084739.2280726,115.2266936302185,IO -> PLC,5.36001
1776084739.244072,115.2426929473877,IO -> PLC,2.39971
1776084739.2600713,115.25869226455688,IO -> PLC,4.26442
1776084739.2760708,115.27469182014465,IO -> PLC,4.95084
1776084739.2920702,115.29069113731384,IO -> PLC,2.25567
1776084739.3080704,115.30669140815735,IO -> PLC,4.28239
1776084739.32407,115.32269096374512,IO -> PLC,0.67781
1776084739.3400693,115.3386902809143,IO -> PLC,2.69837
1776084739.3560688,115.35468983650208,IO -> PLC,4.37372
1776084739.3720691,115.37069010734558,IO -> PLC,0.73361
1776084739.3880687,115.38668966293335,IO -> PLC,2.87802
1776084739.404068,115.40268898010254,IO -> PLC,3.79261
1776084739.4200673,115.41868829727173,IO -> PLC,1.18656
1776084739.4360669,115.4346878528595,IO -> PLC,3.05968
1776084739.4520671,115.450688123703,IO -> PLC,2.74245
1776084739.4680667,115.46668767929077,IO -> PLC,0.96364
1776084739.484066,115.48268699645996,IO -> PLC,2.77739
1776084739.5000653,115.49868631362915,IO -> PLC,2.48888
1776084739.516065,115.51468586921692,IO -> PLC,1.36434
1776084739.5320652,115.53068614006042,IO -> PLC,1.51217
1776084739.5480647,115.5466856956482,IO -> PLC,1.1283
1776084739.564064,115.56268501281738,IO -> PLC,0.75668
1776084739.5800633,115.57868432998657,IO -> PLC,3.70288
1776084739.5960639,115.59468483924866,IO -> PLC,5.53687
1776084739.6120632,115.61068415641785,IO -> PLC,1.99182
1776084739.6280627,115.62668371200562,IO -> PLC,3.59356
1776084739.644062,115.6426830291748,IO -> PLC,5.76965
1776084739.6600614,115.658682346344,IO -> PLC,1.71881
1776084739.6760619,115.67468285560608,IO -> PLC,3.45256
1776084739.6920612,115.69068217277527,IO -> PLC,5.60528
1776084739.7080607,115.70668172836304,IO -> PLC,1.65061
1776084739.72406,115.72268104553223,IO -> PLC,3.61676
1776084739.7400596,115.73868060112,IO -> PLC,5.43884
1776084739.75606,115.7546808719635,IO -> PLC,1.80154
1776084739.7720592,115.77068018913269,IO -> PLC,3.69401
1776084739.7880588,115.78667974472046,IO -> PLC,5.80874
1776084739.804058,115.80267906188965,IO -> PLC,1.91447
1776084739.8200586,115.81867957115173,IO -> PLC,3.77951
1776084739.836058,115.83467888832092,IO -> PLC,5.3586
1776084739.8520575,115.85067844390869,IO -> PLC,1.75707
1776084739.8680568,115.86667776107788,IO -> PLC,3.61282
1776084739.884056,115.88267707824707,IO -> PLC,5.82691
1776084739.9000566,115.89867758750916,IO -> PLC,2.00745
1776084739.916056,115.91467690467834,IO -> PLC,3.75663
1776084739.9320555,115.93067646026611,IO -> PLC,5.75967
1776084739.9480548,115.9466757774353,IO -> PLC,2.05397
1776084739.964054,115.96267509460449,IO -> PLC,4.17286
1776084739.9800546,115.97867560386658,IO -> PLC,6.16973
1776084739.996054,115.99467492103577,IO -> PLC,2.37395
1776084740.0120533,116.01067423820496,IO -> PLC,5.72768
1776084740.0280528,116.02667379379272,IO -> PLC,2.10255
1776084740.0440533,116.04267430305481,IO -> PLC,3.84782
1776084740.0600526,116.058673620224,IO -> PLC,5.61021
1776084740.076052,116.07467293739319,IO -> PLC,1.51017
1776084740.0920515,116.09067249298096,IO -> PLC,3.56041
1776084740.1080508,116.10667181015015,IO -> PLC,5.66402
1776084740.1240513,116.12267231941223,IO -> PLC,1.59957
1776084740.1400506,116.13867163658142,IO -> PLC,3.5495
1776084740.15605,116.15467095375061,IO -> PLC,5.50853
1776084740.1720495,116.17067050933838,IO -> PLC,1.69019
1776084740.1880488,116.18666982650757,IO -> PLC,3.83355
1776084740.2040493,116.20267033576965,IO -> PLC,5.60738
1776084740.2200487,116.21866965293884,IO -> PLC,1.95169
1776084740.2360482,116.23466920852661,IO -> PLC,3.68239
1776084740.2520475,116.2506685256958,IO -> PLC,5.49814
1776084740.2680478,116.2666687965393,IO -> PLC,1.68467
1776084740.2840474,116.28266835212708,IO -> PLC,3.7954
1776084740.3000467,116.29866766929626,IO -> PLC,5.43818
1776084740.316046,116.31466698646545,IO -> PLC,1.71592
1776084740.3320456,116.33066654205322,IO -> PLC,3.67199
1776084740.348046,116.34666705131531,IO -> PLC,5.68632
1776084740.3640454,116.3626663684845,IO -> PLC,1.8883
1776084740.3800447,116.37866568565369,IO -> PLC,3.87501
1776084740.396044,116.39466500282288,IO -> PLC,5.9879
1776084740.4120436,116.41066455841064,IO -> PLC,2.17227
1776084740.4280438,116.42666482925415,IO -> PLC,3.95418
1776084740.4440434,116.44266438484192,IO -> PLC,5.648
1776084740.4600427,116.45866370201111,IO -> PLC,1.84182
1776084740.4760423,116.47466325759888,IO -> PLC,3.591
1776084740.4920425,116.49066352844238,IO -> PLC,4.33071
1776084740.5080419,116.50666284561157,IO -> PLC,2.30413
1776084740.5240414,116.52266240119934,IO -> PLC,3.89266
1776084740.5400407,116.53866171836853,IO -> PLC,0.78355
1776084740.5560403,116.5546612739563,IO -> PLC,2.72002
1776084740.5720406,116.5706615447998,IO -> PLC,3.20692
1776084740.58804,116.58666110038757,IO -> PLC,0.88543
1776084740.6040394,116.60266041755676,IO -> PLC,2.5303
1776084740.6200387,116.61865973472595,IO -> PLC,2.43517
1776084740.6360383,116.63465929031372,IO -> PLC,0.94612
1776084740.6520386,116.65065956115723,IO -> PLC,2.16297
1776084740.6680381,116.666659116745,IO -> PLC,1.7647
1776084740.6840374,116.68265843391418,IO -> PLC,0.90865
1776084740.7000368,116.69865775108337,IO -> PLC,1.18449
1776084740.716036,116.71465706825256,IO -> PLC,1.20304
1776084740.7320366,116.73065757751465,IO -> PLC,0.78932
1776084740.7480361,116.74665713310242,IO -> PLC,0.72611
1776084740.7640355,116.7626564502716,IO -> PLC,4.53027
1776084740.7800348,116.7786557674408,IO -> PLC,0.73537
1776084740.7960353,116.79465627670288,IO -> PLC,2.73441
1776084740.8120346,116.81065559387207,IO -> PLC,4.44055
1776084740.8280342,116.82665514945984,IO -> PLC,6.29231
1776084740.8440335,116.84265446662903,IO -> PLC,2.24523
1776084740.8600328,116.85865378379822,IO -> PLC,4.41844
1776084740.8760333,116.8746542930603,IO -> PLC,6.32227
1776084740.8920326,116.89065361022949,IO -> PLC,2.53353
1776084740.9080322,116.90665316581726,IO -> PLC,4.34607
1776084740.9240315,116.92265248298645,IO -> PLC,6.4108
1776084740.940031,116.93865203857422,IO -> PLC,2.33517
1776084740.9560313,116.95465230941772,IO -> PLC,4.14675
1776084740.9720306,116.97065162658691,IO -> PLC,6.1826
1776084740.9880302,116.98665118217468,IO -> PLC,2.50025
1776084741.0040295,117.00265049934387,IO -> PLC,4.38785
1776084741.02003,117.01865100860596,IO -> PLC,6.19432
1776084741.0360293,117.03465032577515,IO -> PLC,2.5499
1776084741.052029,117.05064988136292,IO -> PLC,7.04137
1776084741.0680282,117.0666491985321,IO -> PLC,3.33871
1776084741.0840275,117.0826485157013,IO -> PLC,5.45752
1776084741.100028,117.09864902496338,IO -> PLC,1.69941
1776084741.1160274,117.11464834213257,IO -> PLC,3.74766
1776084741.1320267,117.13064765930176,IO -> PLC,5.65141
1776084741.1480262,117.14664721488953,IO -> PLC,1.82371
1776084741.1640255,117.16264653205872,IO -> PLC,3.60785
1776084741.180026,117.1786470413208,IO -> PLC,5.45417
1776084741.1960254,117.19464635848999,IO -> PLC,1.77486
1776084741.2120247,117.21064567565918,IO -> PLC,4.1028
1776084741.2280242,117.22664523124695,IO -> PLC,5.98608
1776084741.2440245,117.24264550209045,IO -> PLC,1.93812
1776084741.260024,117.25864505767822,IO -> PLC,4.01812
1776084741.2760234,117.27464437484741,IO -> PLC,6.02428
1776084741.292023,117.29064393043518,IO -> PLC,2.03681
1776084741.3080223,117.30664324760437,IO -> PLC,4.93804
1776084741.3240225,117.32264351844788,IO -> PLC,1.0029
1776084741.340022,117.33864307403564,IO -> PLC,2.8708
1776084741.3560214,117.35464239120483,IO -> PLC,4.61904
1776084741.372021,117.3706419467926,IO -> PLC,0.81589
1776084741.3880203,117.38664126396179,IO -> PLC,2.88453
1776084741.4040208,117.40264177322388,IO -> PLC,4.74925
1776084741.42002,117.41864109039307,IO -> PLC,0.97394
1776084741.4360194,117.43464040756226,IO -> PLC,2.75273
1776084741.452019,117.45063996315002,IO -> PLC,4.5868
1776084741.4680192,117.46664023399353,IO -> PLC,0.96599
1776084741.4840188,117.4826397895813,IO -> PLC,2.98671
1776084741.5000181,117.49863910675049,IO -> PLC,4.17467
1776084741.5160174,117.51463842391968,IO -> PLC,1.03212
1776084741.532017,117.53063797950745,IO -> PLC,3.03411
1776084741.5480173,117.54663825035095,IO -> PLC,3.61093
1776084741.5640168,117.56263780593872,IO -> PLC,0.68622
1776084741.5800161,117.57863712310791,IO -> PLC,2.75687
1776084741.5960155,117.5946364402771,IO -> PLC,2.63948
1776084741.612015,117.61063599586487,IO -> PLC,1.52422
1776084741.6280153,117.62663626670837,IO -> PLC,2.19425
1776084741.6440148,117.64263582229614,IO -> PLC,1.75405
1776084741.6600142,117.65863513946533,IO -> PLC,0.96337
1776084741.6760137,117.6746346950531,IO -> PLC,2.86008
1776084741.692014,117.6906349658966,IO -> PLC,0.87262
1776084741.7080133,117.7066342830658,IO -> PLC,1.34678
1776084741.7240129,117.72263383865356,IO -> PLC,3.51991
1776084741.7400122,117.73863315582275,IO -> PLC,5.58047
1776084741.7560117,117.75463271141052,IO -> PLC,1.69732
1776084741.772012,117.77063298225403,IO -> PLC,3.59924
1776084741.7880116,117.7866325378418,IO -> PLC,5.59404
1776084741.8040109,117.80263185501099,IO -> PLC,2.00907
1776084741.8200102,117.81863117218018,IO -> PLC,3.71129
1776084741.8360095,117.83463048934937,IO -> PLC,5.61113
1776084741.85201,117.85063099861145,IO -> PLC,1.72685
1776084741.8680096,117.86663055419922,IO -> PLC,3.52621
1776084741.884009,117.88262987136841,IO -> PLC,5.53236
1776084741.9000082,117.8986291885376,IO -> PLC,1.59201
1776084741.9160075,117.91462850570679,IO -> PLC,3.39673
1776084741.932008,117.93062901496887,IO -> PLC,4.98694
1776084741.9480073,117.94662833213806,IO -> PLC,1.24012
1776084741.964007,117.96262788772583,IO -> PLC,3.15931
1776084741.9800062,117.97862720489502,IO -> PLC,5.31317
1776084741.9960067,117.9946277141571,IO -> PLC,1.37265
1776084742.012006,118.0106270313263,IO -> PLC,3.39841
1776084742.0280056,118.02662658691406,IO -> PLC,5.20384
1776084742.044005,118.04262590408325,IO -> PLC,1.25637
1776084742.0600042,118.05862522125244,IO -> PLC,3.18773
1776084742.0760047,118.07462573051453,IO -> PLC,5.60662
1776084742.092004,118.09062504768372,IO -> PLC,1.69908
1776084742.1080036,118.10662460327148,IO -> PLC,3.59059
1776084742.124003,118.12262392044067,IO -> PLC,5.3297
1776084742.1400023,118.13862323760986,IO -> PLC,1.57551
1776084742.1560028,118.15462374687195,IO -> PLC,3.91657
1776084742.172002,118.17062306404114,IO -> PLC,0.84353
1776084742.1880016,118.1866226196289,IO -> PLC,2.88658
1776084742.204001,118.2026219367981,IO -> PLC,4.76497
1776084742.2200015,118.21862244606018,IO -> PLC,1.2444
1776084742.2360008,118.23462176322937,IO -> PLC,3.04479
1776084742.252,118.25062108039856,IO -> PLC,4.95158
1776084742.2679996,118.26662063598633,IO -> PLC,1.15036
1776084742.283999,118.28261995315552,IO -> PLC,3.3206
1776084742.2999995,118.2986204624176,IO -> PLC,4.98875
1776084742.3159988,118.31461977958679,IO -> PLC,1.33409
1776084742.331998,118.33061909675598,IO -> PLC,3.15408
1776084742.3479977,118.34661865234375,IO -> PLC,5.09384
1776084742.363998,118.36261892318726,IO -> PLC,1.28661
1776084742.3799975,118.37861847877502,IO -> PLC,3.25061
1776084742.3959968,118.39461779594421,IO -> PLC,5.07556
1776084742.4119961,118.4106171131134,IO -> PLC,1.30122
1776084742.4279957,118.42661666870117,IO -> PLC,3.09448
1776084742.443996,118.44261693954468,IO -> PLC,4.9348
1776084742.4599955,118.45861649513245,IO -> PLC,0.91037
1776084742.4759948,118.47461581230164,IO -> PLC,2.73011
1776084742.4919944,118.4906153678894,IO -> PLC,5.2495
1776084742.5079937,118.5066146850586,IO -> PLC,1.16674
1776084742.523994,118.5226149559021,IO -> PLC,3.29083
1776084742.5399935,118.53861451148987,IO -> PLC,5.10025
1776084742.5559928,118.55461382865906,IO -> PLC,1.37503
1776084742.5719924,118.57061338424683,IO -> PLC,3.2419
1776084742.5879917,118.58661270141602,IO -> PLC,5.47344
1776084742.6039922,118.6026132106781,IO -> PLC,1.73278
1776084742.6199915,118.61861252784729,IO -> PLC,3.5034
1776084742.6359909,118.63461184501648,IO -> PLC,5.24859
1776084742.6519902,118.65061116218567,IO -> PLC,2.85759
1776084742.6679907,118.66661167144775,IO -> PLC,4.45525
1776084742.6839902,118.68261122703552,IO -> PLC,0.82507
1776084742.6999896,118.69861054420471,IO -> PLC,2.61626
1776084742.7159889,118.7146098613739,IO -> PLC,4.60922
1776084742.7319884,118.73060941696167,IO -> PLC,0.75695
1776084742.7479887,118.74660968780518,IO -> PLC,2.66271
1776084742.763988,118.76260900497437,IO -> PLC,4.4959
1776084742.7799876,118.77860856056213,IO -> PLC,0.81572
1776084742.795987,118.79460787773132,IO -> PLC,4.13666
1776084742.8119864,118.81060743331909,IO -> PLC,4.68059
1776084742.8279867,118.8266077041626,IO -> PLC,2.04902
1776084742.8439863,118.84260725975037,IO -> PLC,3.81861
1776084742.8599856,118.85860657691956,IO -> PLC,3.88333
1776084742.875985,118.87460589408875,IO -> PLC,1.58336
1776084742.8919854,118.89060640335083,IO -> PLC,2.94758
1776084742.9079847,118.90660572052002,IO -> PLC,2.58834
1776084742.9239843,118.92260527610779,IO -> PLC,1.95239
1776084742.9399836,118.93860459327698,IO -> PLC,2.08886
1776084742.955983,118.95460391044617,IO -> PLC,2.24573
1776084742.9719834,118.97060441970825,IO -> PLC,1.79202
1776084742.987983,118.98660397529602,IO -> PLC,1.83121
1776084743.0039823,119.00260329246521,IO -> PLC,5.51041
1776084743.0199816,119.0186026096344,IO -> PLC,1.81078
1776084743.035981,119.03460192680359,IO -> PLC,0.79825
1776084743.0519814,119.05060243606567,IO -> PLC,2.34166
1776084743.0679808,119.06660175323486,IO -> PLC,3.21738
1776084743.0839803,119.08260130882263,IO -> PLC,2.99519
1776084743.0999796,119.09860062599182,IO -> PLC,2.36563
1776084743.1159801,119.1146011352539,IO -> PLC,2.30426
1776084743.1319795,119.1306004524231,IO -> PLC,1.8507
1776084743.1479788,119.14659976959229,IO -> PLC,1.81821
1776084743.1639783,119.16259932518005,IO -> PLC,1.21409
1776084743.1799777,119.17859864234924,IO -> PLC,1.48033
1776084743.1959782,119.19459915161133,IO -> PLC,1.33711
1776084743.2119775,119.21059846878052,IO -> PLC,0.82932
1776084743.227977,119.22659802436829,IO -> PLC,6.26291
1776084743.2439764,119.24259734153748,IO -> PLC,2.18944
1776084743.2599757,119.25859665870667,IO -> PLC,4.36249
1776084743.2759762,119.27459716796875,IO -> PLC,6.14855
1776084743.2919755,119.29059648513794,IO -> PLC,2.31149
1776084743.307975,119.30659604072571,IO -> PLC,4.05787
1776084743.3239744,119.3225953578949,IO -> PLC,6.10596
1776084743.3399749,119.33859586715698,IO -> PLC,2.04783
1776084743.3559742,119.35459518432617,IO -> PLC,3.76335
1776084743.3719735,119.37059450149536,IO -> PLC,5.70798
1776084743.387973,119.38659405708313,IO -> PLC,2.0318
1776084743.4039724,119.40259337425232,IO -> PLC,4.44454
1776084743.419973,119.4185938835144,IO -> PLC,0.95269
1776084743.4359722,119.4345932006836,IO -> PLC,2.81252
1776084743.4519715,119.45059251785278,IO -> PLC,4.44906
1776084743.4679708,119.46659183502197,IO -> PLC,0.82521
1776084743.4839704,119.48259139060974,IO -> PLC,2.83736
1776084743.499971,119.49859189987183,IO -> PLC,4.64712
1776084743.5159702,119.51459121704102,IO -> PLC,0.79877
1776084743.5319695,119.5305905342102,IO -> PLC,2.79581
1776084743.547969,119.54659008979797,IO -> PLC,4.48164
1776084743.5639694,119.56259036064148,IO -> PLC,0.74385
1776084743.5799687,119.57858967781067,IO -> PLC,2.70201
1776084743.5959682,119.59458923339844,IO -> PLC,4.97026
1776084743.6119676,119.61058855056763,IO -> PLC,1.00039
1776084743.6279671,119.6265881061554,IO -> PLC,3.10487
1776084743.6439674,119.6425883769989,IO -> PLC,4.79566
1776084743.659967,119.65858793258667,IO -> PLC,0.68234
1776084743.6759663,119.67458724975586,IO -> PLC,2.8953
1776084743.6919658,119.69058680534363,IO -> PLC,5.15028
1776084743.7079651,119.70658612251282,IO -> PLC,1.08616
1776084743.7239654,119.72258639335632,IO -> PLC,3.00016
1776084743.739965,119.73858594894409,IO -> PLC,4.77494
1776084743.7559643,119.75458526611328,IO -> PLC,0.97596
1776084743.7719636,119.77058458328247,IO -> PLC,2.74034
1776084743.787964,119.78658509254456,IO -> PLC,4.45809
1776084743.8039637,119.80258464813232,IO -> PLC,1.12577
1776084743.819963,119.81858396530151,IO -> PLC,2.79911
1776084743.8359623,119.8345832824707,IO -> PLC,4.5259
1776084743.8519616,119.85058259963989,IO -> PLC,0.79955
1776084743.8679621,119.86658310890198,IO -> PLC,3.02789
1776084743.8839614,119.88258242607117,IO -> PLC,4.14656
1776084743.899961,119.89858198165894,IO -> PLC,1.36307
1776084743.9159603,119.91458129882812,IO -> PLC,3.0897
1776084743.9319599,119.9305808544159,IO -> PLC,3.18121
1776084743.9479601,119.9465811252594,IO -> PLC,1.25487
1776084743.9639595,119.96258044242859,IO -> PLC,3.30639
1776084743.979959,119.97857999801636,IO -> PLC,3.01557
1776084743.9959583,119.99457931518555,IO -> PLC,1.41491
1776084744.011958,120.01057887077332,IO -> PLC,2.49352
1776084744.0279582,120.02657914161682,IO -> PLC,2.46087
1776084744.0439577,120.04257869720459,IO -> PLC,1.86618
1776084744.059957,120.05857801437378,IO -> PLC,1.78017
1776084744.0759563,120.07457733154297,IO -> PLC,5.78106
1776084744.0919569,120.09057784080505,IO -> PLC,1.73734
1776084744.1079562,120.10657715797424,IO -> PLC,3.60517
1776084744.1239557,120.12257671356201,IO -> PLC,5.19268
1776084744.139955,120.1385760307312,IO -> PLC,1.52066
1776084744.1559544,120.15457534790039,IO -> PLC,3.15816
1776084744.1719549,120.17057585716248,IO -> PLC,5.1684
1776084744.1879542,120.18657517433167,IO -> PLC,1.50758
1776084744.2039537,120.20257472991943,IO -> PLC,3.59879
1776084744.219953,120.21857404708862,IO -> PLC,5.30093
1776084744.2359524,120.23457336425781,IO -> PLC,1.67291
1776084744.251953,120.2505738735199,IO -> PLC,3.29305
1776084744.2679522,120.26657319068909,IO -> PLC,5.51042
1776084744.2839515,120.28257250785828,IO -> PLC,1.94361
1776084744.299951,120.29857206344604,IO -> PLC,3.87816
1776084744.3159516,120.31457257270813,IO -> PLC,5.85665
1776084744.331951,120.33057188987732,IO -> PLC,1.89581
1776084744.3479502,120.34657120704651,IO -> PLC,3.78957
1776084744.3639498,120.36257076263428,IO -> PLC,5.79156
1776084744.379949,120.37857007980347,IO -> PLC,2.33547
1776084744.3959496,120.39457058906555,IO -> PLC,4.13083
1776084744.411949,120.41056990623474,IO -> PLC,6.32123
1776084744.4279482,120.42656922340393,IO -> PLC,2.3676
1776084744.4439478,120.4425687789917,IO -> PLC,4.24695
1776084744.459947,120.45856809616089,IO -> PLC,5.91422
1776084744.4759476,120.47456860542297,IO -> PLC,1.91538
1776084744.491947,120.49056792259216,IO -> PLC,4.17876
1776084744.5079465,120.50656747817993,IO -> PLC,6.42245
1776084744.5239458,120.52256679534912,IO -> PLC,2.65618
1776084744.539946,120.53856706619263,IO -> PLC,4.63162
1776084744.5559456,120.5545666217804,IO -> PLC,0.88295
1776084744.571945,120.57056593894958,IO -> PLC,2.62903
1776084744.5879443,120.58656525611877,IO -> PLC,4.81119
1776084744.6039438,120.60256481170654,IO -> PLC,0.86892
1776084744.6199443,120.61856532096863,IO -> PLC,2.75835
1776084744.6359437,120.63456463813782,IO -> PLC,4.53298
1776084744.651943,120.650563955307,IO -> PLC,0.95945
1776084744.6679423,120.6665632724762,IO -> PLC,3.12745
1776084744.6839418,120.68256282806396,IO -> PLC,5.28003
1776084744.699942,120.69856309890747,IO -> PLC,1.45535
1776084744.7159417,120.71456265449524,IO -> PLC,3.26991
1776084744.731941,120.73056197166443,IO -> PLC,5.10005
1776084744.7479405,120.7465615272522,IO -> PLC,1.49468
1776084744.7639408,120.7625617980957,IO -> PLC,3.49981
1776084744.7799401,120.77856111526489,IO -> PLC,5.58788
1776084744.7959397,120.79456067085266,IO -> PLC,1.80642
1776084744.811939,120.81055998802185,IO -> PLC,3.70705
1776084744.8279386,120.82655954360962,IO -> PLC,5.24231
1776084744.8439388,120.84255981445312,IO -> PLC,1.34692
1776084744.8599384,120.8585593700409,IO -> PLC,3.09299
1776084744.8759377,120.87455868721008,IO -> PLC,4.70098
1776084744.891937,120.89055800437927,IO -> PLC,1.41401
1776084744.9079366,120.90655755996704,IO -> PLC,3.19368
1776084744.9239368,120.92255783081055,IO -> PLC,3.73985
1776084744.9399364,120.93855738639832,IO -> PLC,1.77983
1776084744.9559357,120.9545567035675,IO -> PLC,3.32021
1776084744.971935,120.9705560207367,IO -> PLC,3.67269
1776084744.9879355,120.98655652999878,IO -> PLC,1.91837
1776084745.0039349,121.00255584716797,IO -> PLC,3.73731
1776084745.0199344,121.01855540275574,IO -> PLC,3.76203
1776084745.0359337,121.03455471992493,IO -> PLC,2.24946
1776084745.051933,121.05055403709412,IO -> PLC,5.34959
1776084745.0679336,121.0665545463562,IO -> PLC,2.65745
1776084745.0839329,121.08255386352539,IO -> PLC,4.65962
1776084745.0999324,121.09855341911316,IO -> PLC,1.01831
1776084745.1159317,121.11455273628235,IO -> PLC,3.05208
1776084745.131931,121.13055205345154,IO -> PLC,3.96163
1776084745.1479316,121.14655256271362,IO -> PLC,0.79211
1776084745.163931,121.16255187988281,IO -> PLC,2.60706
1776084745.1799304,121.17855143547058,IO -> PLC,3.57189
1776084745.1959298,121.19455075263977,IO -> PLC,0.87144
1776084745.2119303,121.21055126190186,IO -> PLC,2.87255
1776084745.2279296,121.22655057907104,IO -> PLC,3.98292
1776084745.243929,121.24254989624023,IO -> PLC,0.58011
1776084745.2599285,121.258549451828,IO -> PLC,2.50018
1776084745.2759278,121.27454876899719,IO -> PLC,4.49315
1776084745.2919283,121.29054927825928,IO -> PLC,1.05769
1776084745.3079276,121.30654859542847,IO -> PLC,2.6992
1776084745.3239272,121.32254815101624,IO -> PLC,3.49618
1776084745.3399265,121.33854746818542,IO -> PLC,3.29768
1776084745.3559258,121.35454678535461,IO -> PLC,2.55636
1776084745.3719263,121.3705472946167,IO -> PLC,2.89636
1776084745.3879256,121.38654661178589,IO -> PLC,0.73065
1776084745.403925,121.40254592895508,IO -> PLC,2.23318
1776084745.4199245,121.41854548454285,IO -> PLC,2.18309
1776084745.435925,121.43454599380493,IO -> PLC,1.89226
1776084745.4519243,121.45054531097412,IO -> PLC,2.0369
1776084745.4679236,121.46654462814331,IO -> PLC,1.58039
1776084745.483923,121.4825439453125,IO -> PLC,1.44437
1776084745.4999225,121.49854350090027,IO -> PLC,1.0461
1776084745.5159228,121.51454377174377,IO -> PLC,0.872
1776084745.5319223,121.53054332733154,IO -> PLC,0.58126
1776084745.5479217,121.54654264450073,IO -> PLC,3.27664
1776084745.5639212,121.5625422000885,IO -> PLC,5.22368
1776084745.5799205,121.57854151725769,IO -> PLC,1.75624
1776084745.5959208,121.5945417881012,IO -> PLC,4.15969
1776084745.6119204,121.61054134368896,IO -> PLC,5.95808
1776084745.6279197,121.62654066085815,IO -> PLC,1.98076
1776084745.6439192,121.64254021644592,IO -> PLC,3.89588
1776084745.6599195,121.65854048728943,IO -> PLC,5.96548
1776084745.675919,121.6745400428772,IO -> PLC,1.87169
1776084745.6919184,121.69053936004639,IO -> PLC,3.91169
1776084745.7079177,121.70653867721558,IO -> PLC,6.01313
1776084745.7239172,121.72253823280334,IO -> PLC,2.08806
1776084745.7399175,121.73853850364685,IO -> PLC,3.90493
1776084745.755917,121.75453805923462,IO -> PLC,5.66332
1776084745.7719164,121.77053737640381,IO -> PLC,1.84593
1776084745.7879157,121.786536693573,IO -> PLC,3.68705
1776084745.8039153,121.80253624916077,IO -> PLC,5.62993
1776084745.8199155,121.81853652000427,IO -> PLC,1.67205
1776084745.835915,121.83453607559204,IO -> PLC,3.65581
1776084745.8519144,121.85053539276123,IO -> PLC,5.41523
1776084745.8679137,121.86653470993042,IO -> PLC,1.85474
1776084745.8839133,121.88253426551819,IO -> PLC,4.06475
1776084745.8999135,121.8985345363617,IO -> PLC,5.83746
1776084745.915913,121.91453409194946,IO -> PLC,2.02632
1776084745.9319124,121.93053340911865,IO -> PLC,3.88175
1776084745.9479117,121.94653272628784,IO -> PLC,5.60726
1776084745.9639122,121.96253323554993,IO -> PLC,2.07156
1776084745.9799116,121.97853255271912,IO -> PLC,4.05324
1776084745.9959111,121.99453210830688,IO -> PLC,6.02867
1776084746.0119104,122.01053142547607,IO -> PLC,2.27585
1776084746.02791,122.02653098106384,IO -> PLC,4.24393
1776084746.0439103,122.04253125190735,IO -> PLC,6.11192
1776084746.0599096,122.05853056907654,IO -> PLC,2.09069
1776084746.0759091,122.0745301246643,IO -> PLC,3.83891
1776084746.0919085,122.0905294418335,IO -> PLC,6.23334
1776084746.1079078,122.10652875900269,IO -> PLC,2.62275
1776084746.1239083,122.12252926826477,IO -> PLC,4.35747
1776084746.1399078,122.13852882385254,IO -> PLC,5.43686
1776084746.1559072,122.15452814102173,IO -> PLC,2.38439
1776084746.1719065,122.17052745819092,IO -> PLC,4.13862
1776084746.187907,122.186527967453,IO -> PLC,0.59868
1776084746.2039063,122.20252728462219,IO -> PLC,2.47476
1776084746.2199056,122.21852660179138,IO -> PLC,4.25995
1776084746.2359052,122.23452615737915,IO -> PLC,4.40962
1776084746.2519045,122.25052547454834,IO -> PLC,2.07486
1776084746.267905,122.26652598381042,IO -> PLC,4.0207
1776084746.2839043,122.28252530097961,IO -> PLC,3.76292
1776084746.2999036,122.2985246181488,IO -> PLC,2.27892
1776084746.3159032,122.31452417373657,IO -> PLC,3.01142
1776084746.3319025,122.33052349090576,IO -> PLC,2.57434
1776084746.347903,122.34652400016785,IO -> PLC,1.86446
1776084746.3639023,122.36252331733704,IO -> PLC,2.54584
1776084746.379902,122.3785228729248,IO -> PLC,1.9162
1776084746.3959012,122.394522190094,IO -> PLC,1.59986
1776084746.4119017,122.41052269935608,IO -> PLC,1.39319
1776084746.427901,122.42652201652527,IO -> PLC,1.17821
1776084746.4439003,122.44252133369446,IO -> PLC,0.95619
1776084746.4599,122.45852088928223,IO -> PLC,1.33732
1776084746.4758992,122.47452020645142,IO -> PLC,5.90232
1776084746.4918997,122.4905207157135,IO -> PLC,1.92212
1776084746.507899,122.50652003288269,IO -> PLC,3.85964
1776084746.5238984,122.52251935005188,IO -> PLC,5.71635
1776084746.539898,122.53851890563965,IO -> PLC,2.30538
1776084746.5558972,122.55451822280884,IO -> PLC,3.9216
1776084746.5718977,122.57051873207092,IO -> PLC,5.89392
1776084746.587897,122.58651804924011,IO -> PLC,2.37039
1776084746.6038964,122.6025173664093,IO -> PLC,4.50871
1776084746.619896,122.61851692199707,IO -> PLC,0.75477
1776084746.6358962,122.63451719284058,IO -> PLC,2.79157
1776084746.6518958,122.65051674842834,IO -> PLC,4.4118
1776084746.667895,122.66651606559753,IO -> PLC,0.62592
1776084746.6838944,122.68251538276672,IO -> PLC,2.77553
1776084746.699894,122.69851493835449,IO -> PLC,4.57809
1776084746.7158942,122.714515209198,IO -> PLC,0.94271
1776084746.7318938,122.73051476478577,IO -> PLC,2.94295
1776084746.747893,122.74651408195496,IO -> PLC,5.02687
1776084746.7638924,122.76251339912415,IO -> PLC,1.0322
1776084746.779892,122.77851295471191,IO -> PLC,3.1594
1776084746.7958922,122.79451322555542,IO -> PLC,4.94747
1776084746.8118918,122.81051278114319,IO -> PLC,1.26097
1776084746.827891,122.82651209831238,IO -> PLC,3.29993
1776084746.8438907,122.84251165390015,IO -> PLC,5.19465
1776084746.859891,122.85851192474365,IO -> PLC,1.0566
1776084746.8758905,122.87451148033142,IO -> PLC,2.84372
1776084746.8918898,122.89051079750061,IO -> PLC,5.02708
1776084746.9078891,122.9065101146698,IO -> PLC,1.09073
1776084746.9238884,122.92250943183899,IO -> PLC,2.94441
1776084746.939889,122.93850994110107,IO -> PLC,4.73151
1776084746.9558885,122.95450949668884,IO -> PLC,0.95181
1776084746.9718878,122.97050881385803,IO -> PLC,2.67035
1776084746.9878871,122.98650813102722,IO -> PLC,4.82484
1776084747.0038865,123.00250744819641,IO -> PLC,1.10081
1776084747.019887,123.0185079574585,IO -> PLC,3.1193
1776084747.0358863,123.03450727462769,IO -> PLC,4.92889
1776084747.0518858,123.05050683021545,IO -> PLC,3.63058
1776084747.0678852,123.06650614738464,IO -> PLC,5.33569
1776084747.0838857,123.08250665664673,IO -> PLC,3.45662
1776084747.099885,123.09850597381592,IO -> PLC,5.2171
1776084747.1158845,123.11450552940369,IO -> PLC,1.43739
1776084747.1318839,123.13050484657288,IO -> PLC,3.13762
1776084747.1478832,123.14650416374207,IO -> PLC,4.92361
1776084747.1638837,123.16250467300415,IO -> PLC,1.12766
1776084747.179883,123.17850399017334,IO -> PLC,3.07846
1776084747.1958826,123.19450354576111,IO -> PLC,5.2679
1776084747.2118819,123.2105028629303,IO -> PLC,1.39204
1776084747.2278812,123.22650218009949,IO -> PLC,3.40963
1776084747.2438817,123.24250268936157,IO -> PLC,5.20595
1776084747.259881,123.25850200653076,IO -> PLC,1.2204
1776084747.2758806,123.27450156211853,IO -> PLC,2.9943
1776084747.29188,123.29050087928772,IO -> PLC,5.18895
1776084747.3078792,123.30650019645691,IO -> PLC,1.12459
1776084747.3238797,123.322500705719,IO -> PLC,2.97211
1776084747.339879,123.33850002288818,IO -> PLC,5.0541
1776084747.3558786,123.35449957847595,IO -> PLC,1.22944
1776084747.371878,123.37049889564514,IO -> PLC,2.98367
1776084747.3878784,123.38649940490723,IO -> PLC,4.391
1776084747.4038777,123.40249872207642,IO -> PLC,1.56262
1776084747.419877,123.4184980392456,IO -> PLC,3.32013
1776084747.4358766,123.43449759483337,IO -> PLC,3.73606
1776084747.451876,123.45049691200256,IO -> PLC,1.68179
1776084747.4678764,123.46649742126465,IO -> PLC,3.44338
1776084747.4838758,123.48249673843384,IO -> PLC,3.23144
1776084747.499875,123.49849605560303,IO -> PLC,1.72719
1776084747.5158746,123.5144956111908,IO -> PLC,2.86412
1776084747.531874,123.53049492835999,IO -> PLC,2.03174
1776084747.5478745,123.54649543762207,IO -> PLC,1.71748
1776084747.5638738,123.56249475479126,IO -> PLC,1.58458
1776084747.5798733,123.57849431037903,IO -> PLC,1.73194
1776084747.5958726,123.59449362754822,IO -> PLC,1.61032
1776084747.611873,123.61049389839172,IO -> PLC,1.59206
1776084747.6278725,123.62649345397949,IO -> PLC,1.15492
1776084747.6438718,123.64249277114868,IO -> PLC,0.89297
1776084747.6598713,123.65849232673645,IO -> PLC,0.81112
1776084747.6758707,123.67449164390564,IO -> PLC,5.88325
1776084747.6918712,123.69049215316772,IO -> PLC,0.56044
1776084747.7078705,123.70649147033691,IO -> PLC,3.96227
1776084747.7238698,123.7224907875061,IO -> PLC,0.76546
1776084747.739869,123.7384901046753,IO -> PLC,2.51354
1776084747.7558696,123.75449061393738,IO -> PLC,4.49505
1776084747.7718692,123.77049016952515,IO -> PLC,0.72575
1776084747.7878685,123.78648948669434,IO -> PLC,2.88352
1776084747.8038678,123.80248880386353,IO -> PLC,4.66958
1776084747.8198671,123.81848812103271,IO -> PLC,0.93412
1776084747.8358676,123.8344886302948,IO -> PLC,2.69251
1776084747.851867,123.85048794746399,IO -> PLC,4.58707
1776084747.8678665,123.86648750305176,IO -> PLC,0.76135
1776084747.8838658,123.88248682022095,IO -> PLC,2.69079
1776084747.8998654,123.89848637580872,IO -> PLC,4.51367
1776084747.9158657,123.91448664665222,IO -> PLC,0.63179
1776084747.9318652,123.93048620223999,IO -> PLC,2.45459
1776084747.9478645,123.94648551940918,IO -> PLC,4.18121
1776084747.9638638,123.96248483657837,IO -> PLC,0.6292
1776084747.9798634,123.97848439216614,IO -> PLC,2.59631
1776084747.9958637,123.99448466300964,IO -> PLC,4.64664
1776084748.0118632,124.01048421859741,IO -> PLC,6.25455
1776084748.0278625,124.0264835357666,IO -> PLC,2.70517
1776084748.0438619,124.04248285293579,IO -> PLC,4.36843
1776084748.0598624,124.05848336219788,IO -> PLC,6.34091
1776084748.0758617,124.07448267936707,IO -> PLC,2.23151
1776084748.0918612,124.09048223495483,IO -> PLC,4.5316
1776084748.1078606,124.10648155212402,IO -> PLC,0.83182
1776084748.12386,124.12248086929321,IO -> PLC,2.82782
1776084748.1398604,124.1384813785553,IO -> PLC,4.65901
1776084748.1558597,124.15448069572449,IO -> PLC,0.61634
1776084748.1718593,124.17048025131226,IO -> PLC,3.87783
1776084748.1878586,124.18647956848145,IO -> PLC,6.16049
1776084748.203858,124.20247888565063,IO -> PLC,2.53758
1776084748.2198584,124.21847939491272,IO -> PLC,4.14965
1776084748.2358577,124.23447871208191,IO -> PLC,5.99397
1776084748.2518573,124.25047826766968,IO -> PLC,1.95432
1776084748.2678566,124.26647758483887,IO -> PLC,3.808
1776084748.283857,124.28247809410095,IO -> PLC,5.88592
1776084748.2998564,124.29847741127014,IO -> PLC,2.2323
1776084748.3158557,124.31447672843933,IO -> PLC,4.09718
1776084748.3318553,124.3304762840271,IO -> PLC,5.96733
1776084748.3478546,124.34647560119629,IO -> PLC,2.0985
1776084748.3638551,124.36247611045837,IO -> PLC,3.96033
1776084748.3798544,124.37847542762756,IO -> PLC,6.02178
1776084748.395854,124.39447498321533,IO -> PLC,2.30575
1776084748.4118533,124.41047430038452,IO -> PLC,4.1071
1776084748.4278526,124.42647361755371,IO -> PLC,5.87886
1776084748.4438531,124.4424741268158,IO -> PLC,1.96914
1776084748.4598525,124.45847344398499,IO -> PLC,4.14635
1776084748.475852,124.47447299957275,IO -> PLC,6.12715
1776084748.4918513,124.49047231674194,IO -> PLC,2.34216
1776084748.5078518,124.50647282600403,IO -> PLC,4.14159
1776084748.5238512,124.52247214317322,IO -> PLC,0.5311
1776084748.5398505,124.53847146034241,IO -> PLC,2.46654
1776084748.5558498,124.5544707775116,IO -> PLC,4.16044
1776084748.5718493,124.57047033309937,IO -> PLC,3.97642
1776084748.5878499,124.58647084236145,IO -> PLC,2.71883
1776084748.6038492,124.60247015953064,IO -> PLC,3.59054
1776084748.6198485,124.61846947669983,IO -> PLC,0.67311
1776084748.635848,124.6344690322876,IO -> PLC,2.57495
1776084748.6518474,124.65046834945679,IO -> PLC,2.94791
1776084748.6678476,124.6664686203003,IO -> PLC,0.68371
1776084748.6838472,124.68246817588806,IO -> PLC,2.2569
1776084748.6998465,124.69846749305725,IO -> PLC,1.94271
1776084748.715846,124.71446704864502,IO -> PLC,0.75072
1776084748.7318463,124.73046731948853,IO -> PLC,1.70732
1776084748.747846,124.7464668750763,IO -> PLC,1.63898
1776084748.7638452,124.76246619224548,IO -> PLC,1.51913
1776084748.7798445,124.77846550941467,IO -> PLC,1.02572
1776084748.795844,124.79446506500244,IO -> PLC,0.92443
1776084748.8118443,124.81046533584595,IO -> PLC,0.55993
1776084748.827844,124.82646489143372,IO -> PLC,2.11046
1776084748.8438432,124.8424642086029,IO -> PLC,4.15047
1776084748.8598425,124.8584635257721,IO -> PLC,5.83613
1776084748.875842,124.87446308135986,IO -> PLC,1.80249
1776084748.8918424,124.89046335220337,IO -> PLC,3.73816
1776084748.907842,124.90646290779114,IO -> PLC,5.92266
1776084748.9238412,124.92246222496033,IO -> PLC,2.02215
1776084748.9398406,124.93846154212952,IO -> PLC,4.0119
1776084748.955841,124.9544620513916,IO -> PLC,6.00679
1776084748.9718404,124.97046136856079,IO -> PLC,2.36556
1776084748.98784,124.98646092414856,IO -> PLC,4.18228
1776084749.0038393,125.00246024131775,IO -> PLC,6.08099
1776084749.0198386,125.01845955848694,IO -> PLC,2.13664
1776084749.035839,125.03446006774902,IO -> PLC,4.05464
1776084749.0518384,125.05045938491821,IO -> PLC,2.54239
1776084749.067838,125.06645894050598,IO -> PLC,4.41839
1776084749.0838373,125.08245825767517,IO -> PLC,1.18462
1776084749.0998368,125.09845781326294,IO -> PLC,2.94814
1776084749.115837,125.11445808410645,IO -> PLC,4.92677
1776084749.1318364,125.13045740127563,IO -> PLC,0.9281
1776084749.147836,125.1464569568634,IO -> PLC,2.84122
1776084749.1638353,125.16245627403259,IO -> PLC,4.58008
1776084749.1798358,125.17845678329468,IO -> PLC,1.13928
1776084749.195835,125.19445610046387,IO -> PLC,2.89454
1776084749.2118347,125.21045565605164,IO -> PLC,4.96535
1776084749.227834,125.22645497322083,IO -> PLC,1.00867
1776084749.2438333,125.24245429039001,IO -> PLC,2.93299
1776084749.2598338,125.2584547996521,IO -> PLC,4.7497
1776084749.2758331,125.27445411682129,IO -> PLC,0.68142
1776084749.2918327,125.29045367240906,IO -> PLC,2.6035
1776084749.307832,125.30645298957825,IO -> PLC,4.28708
1776084749.3238313,125.32245230674744,IO -> PLC,5.94627
1776084749.3398318,125.33845281600952,IO -> PLC,2.04688
1776084749.3558311,125.35445213317871,IO -> PLC,3.73966
1776084749.3718305,125.3704514503479,IO -> PLC,5.43069
1776084749.38783,125.38645100593567,IO -> PLC,1.84963
1776084749.4038293,125.40245032310486,IO -> PLC,3.49018
1776084749.4198298,125.41845083236694,IO -> PLC,5.26
1776084749.4358292,125.43445014953613,IO -> PLC,1.33997
1776084749.4518287,125.4504497051239,IO -> PLC,3.22037
1776084749.467828,125.46644902229309,IO -> PLC,4.93683
1776084749.4838283,125.4824492931366,IO -> PLC,1.43362
1776084749.4998279,125.49844884872437,IO -> PLC,3.05984
1776084749.5158272,125.51444816589355,IO -> PLC,4.79879
1776084749.5318267,125.53044772148132,IO -> PLC,0.98845
1776084749.547826,125.54644703865051,IO -> PLC,2.8514
1776084749.5638266,125.5624475479126,IO -> PLC,4.62115
1776084749.5798259,125.57844686508179,IO -> PLC,0.99513
1776084749.5958252,125.59444618225098,IO -> PLC,3.13642
1776084749.6118248,125.61044573783875,IO -> PLC,4.92968
1776084749.627824,125.62644505500793,IO -> PLC,0.7874
1776084749.6438246,125.64244556427002,IO -> PLC,2.65652
1776084749.659824,125.65844488143921,IO -> PLC,4.50611
1776084749.6758232,125.6744441986084,IO -> PLC,0.55032
1776084749.6918228,125.69044375419617,IO -> PLC,2.8216
1776084749.707823,125.70644402503967,IO -> PLC,4.5404
1776084749.7238226,125.72244358062744,IO -> PLC,0.89806
1776084749.739822,125.73844289779663,IO -> PLC,2.81493
1776084749.7558212,125.75444221496582,IO -> PLC,3.66208
1776084749.7718208,125.77044177055359,IO -> PLC,0.83674
1776084749.787821,125.7864420413971,IO -> PLC,2.91378
1776084749.8038206,125.80244159698486,IO -> PLC,3.05017
1776084749.81982,125.81844091415405,IO -> PLC,1.20176
1776084749.8358192,125.83444023132324,IO -> PLC,2.72062
1776084749.8518188,125.85043978691101,IO -> PLC,2.61428
1776084749.867819,125.86644005775452,IO -> PLC,1.15004
1776084749.8838186,125.88243961334229,IO -> PLC,1.9939
1776084749.899818,125.89843893051147,IO -> PLC,1.77701
1776084749.9158175,125.91443848609924,IO -> PLC,1.39809
1776084749.9318178,125.93043875694275,IO -> PLC,1.18935
1776084749.947817,125.94643807411194,IO -> PLC,1.24591
1776084749.9638166,125.9624376296997,IO -> PLC,1.21517
1776084749.979816,125.9784369468689,IO -> PLC,1.00331
1776084749.9958155,125.99443650245667,IO -> PLC,5.54494
1776084750.0118158,126.01043677330017,IO -> PLC,0.892
1776084750.0278153,126.02643632888794,IO -> PLC,0.64126
1776084750.0438147,126.04243564605713,IO -> PLC,5.46138
1776084750.059814,126.05843496322632,IO -> PLC,1.42479
1776084750.0758133,126.07443428039551,IO -> PLC,3.3891
1776084750.0918138,126.09043478965759,IO -> PLC,6.03218
1776084750.1078134,126.10643434524536,IO -> PLC,2.04878
1776084750.1238127,126.12243366241455,IO -> PLC,3.91477
1776084750.139812,126.13843297958374,IO -> PLC,5.72637
1776084750.1558125,126.15443348884583,IO -> PLC,2.01234
1776084750.1718118,126.17043280601501,IO -> PLC,3.67857
1776084750.1878111,126.1864321231842,IO -> PLC,6.02282
1776084750.2038107,126.20243167877197,IO -> PLC,2.3312
1776084750.21981,126.21843099594116,IO -> PLC,4.31889
1776084750.2358105,126.23443150520325,IO -> PLC,5.99535
1776084750.2518098,126.25043082237244,IO -> PLC,2.34989
1776084750.2678094,126.2664303779602,IO -> PLC,3.94859
1776084750.2838087,126.2824296951294,IO -> PLC,5.95171
1776084750.299808,126.29842901229858,IO -> PLC,2.23776
1776084750.3158085,126.31442952156067,IO -> PLC,3.90391
1776084750.3318079,126.33042883872986,IO -> PLC,5.73599
1776084750.3478074,126.34642839431763,IO -> PLC,1.79155
1776084750.3638067,126.36242771148682,IO -> PLC,3.80715
1776084750.3798072,126.3784282207489,IO -> PLC,5.7313
1776084750.3958066,126.39442753791809,IO -> PLC,2.02353
1776084750.4118059,126.41042685508728,IO -> PLC,3.67943
1776084750.4278054,126.42642641067505,IO -> PLC,5.58422
1776084750.4438047,126.44242572784424,IO -> PLC,1.68588
1776084750.4598053,126.45842623710632,IO -> PLC,3.95124
1776084750.4758046,126.47442555427551,IO -> PLC,5.94717
1776084750.491804,126.4904248714447,IO -> PLC,2.07954
1776084750.5078034,126.50642442703247,IO -> PLC,3.848
1776084750.5238028,126.52242374420166,IO -> PLC,5.86561
1776084750.5398033,126.53842425346375,IO -> PLC,2.25295
1776084750.5558026,126.55442357063293,IO -> PLC,4.15367
1776084750.571802,126.57042288780212,IO -> PLC,6.02365
1776084750.5878015,126.58642244338989,IO -> PLC,2.57693
1776084750.6038017,126.6024227142334,IO -> PLC,4.54413
1776084750.6198013,126.61842226982117,IO -> PLC,6.32827
1776084750.6358006,126.63442158699036,IO -> PLC,2.55057
1776084750.6518,126.65042090415955,IO -> PLC,4.13695
1776084750.6677995,126.66642045974731,IO -> PLC,0.89519
1776084750.6837997,126.68242073059082,IO -> PLC,3.02112
1776084750.6997993,126.69842028617859,IO -> PLC,4.75998
1776084750.7157986,126.71441960334778,IO -> PLC,1.0214
1776084750.7317982,126.73041915893555,IO -> PLC,2.90051
1776084750.7477975,126.74641847610474,IO -> PLC,4.64658
1776084750.7637978,126.76241874694824,IO -> PLC,0.84463
1776084750.7797973,126.77841830253601,IO -> PLC,2.83032
1776084750.7957966,126.7944176197052,IO -> PLC,4.7956
1776084750.8117962,126.81041717529297,IO -> PLC,0.92172
1776084750.8277955,126.82641649246216,IO -> PLC,3.20246
1776084750.843796,126.84241700172424,IO -> PLC,4.96276
1776084750.8597953,126.85841631889343,IO -> PLC,0.82184
1776084750.8757946,126.87441563606262,IO -> PLC,2.89049
1776084750.891794,126.89041495323181,IO -> PLC,5.27754
1776084750.9077945,126.9064154624939,IO -> PLC,1.25431
1776084750.923794,126.92241501808167,IO -> PLC,2.95533
1776084750.9397933,126.93841433525085,IO -> PLC,4.16298
1776084750.9557927,126.95441365242004,IO -> PLC,0.85418
1776084750.971792,126.97041296958923,IO -> PLC,2.61384
1776084750.9877925,126.98641347885132,IO -> PLC,4.04758
1776084751.0037918,127.00241279602051,IO -> PLC,2.32012
1776084751.0197914,127.01841235160828,IO -> PLC,3.62585
1776084751.0357907,127.03441166877747,IO -> PLC,3.14381
1776084751.0517912,127.05041217803955,IO -> PLC,4.79036
1776084751.0677905,127.06641149520874,IO -> PLC,1.07434
1776084751.08379,127.08241105079651,IO -> PLC,3.14298
1776084751.0997894,127.0984103679657,IO -> PLC,3.99933
1776084751.1157887,127.11440968513489,IO -> PLC,1.39624
1776084751.1317892,127.13041019439697,IO -> PLC,3.45776
1776084751.1477885,127.14640951156616,IO -> PLC,4.12971
1776084751.163788,127.16240906715393,IO -> PLC,1.20523
1776084751.1797874,127.17840838432312,IO -> PLC,3.30556
1776084751.1957867,127.19440770149231,IO -> PLC,3.47267
1776084751.2117872,127.2104082107544,IO -> PLC,1.34185
1776084751.2277865,127.22640752792358,IO -> PLC,3.24656
1776084751.243786,127.24240708351135,IO -> PLC,2.93741
1776084751.2597854,127.25840640068054,IO -> PLC,1.09004
1776084751.2757847,127.27440571784973,IO -> PLC,2.45033
1776084751.2917852,127.29040622711182,IO -> PLC,2.06038
1776084751.3077846,127.306405544281,IO -> PLC,1.32097
1776084751.323784,127.32240509986877,IO -> PLC,1.39288
1776084751.3397834,127.33840441703796,IO -> PLC,1.22103
1776084751.355784,127.35440492630005,IO -> PLC,1.00708
1776084751.3717833,127.37040424346924,IO -> PLC,1.02651
1776084751.3877826,127.38640356063843,IO -> PLC,0.56487
1776084751.4037821,127.4024031162262,IO -> PLC,1.90229
1776084751.4197814,127.41840243339539,IO -> PLC,3.70988
1776084751.435782,127.43440294265747,IO -> PLC,5.79276
1776084751.4517813,127.45040225982666,IO -> PLC,1.83505
1776084751.4677806,127.46640157699585,IO -> PLC,4.22842
1776084751.4837801,127.48240113258362,IO -> PLC,0.79698
1776084751.4997795,127.49840044975281,IO -> PLC,2.59224
1776084751.51578,127.51440095901489,IO -> PLC,4.59633
1776084751.5317793,127.53040027618408,IO -> PLC,0.70094
1776084751.5477788,127.54639983177185,IO -> PLC,2.57109
1776084751.5637782,127.56239914894104,IO -> PLC,4.22308
1776084751.5797784,127.57839941978455,IO -> PLC,6.8395
1776084751.595778,127.59439897537231,IO -> PLC,3.25957
1776084751.6117773,127.6103982925415,IO -> PLC,5.36829
1776084751.6277769,127.62639784812927,IO -> PLC,1.4453
1776084751.6437762,127.64239716529846,IO -> PLC,3.76796
1776084751.6597767,127.65839767456055,IO -> PLC,5.71483
1776084751.675776,127.67439699172974,IO -> PLC,1.86648
1776084751.6917753,127.69039630889893,IO -> PLC,4.73708
1776084751.7077746,127.70639562606812,IO -> PLC,0.93697
1776084751.7237742,127.72239518165588,IO -> PLC,2.93818
1776084751.7397747,127.73839569091797,IO -> PLC,4.7404
1776084751.755774,127.75439500808716,IO -> PLC,1.01614
1776084751.7717733,127.77039432525635,IO -> PLC,2.86165
1776084751.7877727,127.78639364242554,IO -> PLC,5.0215
1776084751.8037732,127.80239415168762,IO -> PLC,1.08411
1776084751.8197725,127.81839346885681,IO -> PLC,3.21827
1776084751.835772,127.83439302444458,IO -> PLC,4.75858
1776084751.8517714,127.85039234161377,IO -> PLC,1.06007
1776084751.867771,127.86639189720154,IO -> PLC,3.02439
1776084751.8837712,127.88239216804504,IO -> PLC,5.00175
1776084751.8997707,127.89839172363281,IO -> PLC,1.11564
1776084751.91577,127.914391040802,IO -> PLC,2.87731
1776084751.9317694,127.93039035797119,IO -> PLC,4.51169
1776084751.947769,127.94638991355896,IO -> PLC,0.63166
1776084751.9637692,127.96239018440247,IO -> PLC,2.61015
1776084751.9797688,127.97838973999023,IO -> PLC,4.74239
1776084751.995768,127.99438905715942,IO -> PLC,0.79692
1776084752.0117674,128.0103883743286,IO -> PLC,2.99276
1776084752.027768,128.0263888835907,IO -> PLC,4.85956
1776084752.0437672,128.0423882007599,IO -> PLC,0.72767
1776084752.0597668,128.05838775634766,IO -> PLC,2.48486
1776084752.075766,128.07438707351685,IO -> PLC,4.46887
1776084752.0917654,128.09038639068604,IO -> PLC,1.31894
1776084752.107766,128.10638689994812,IO -> PLC,3.32823
1776084752.1237652,128.1223862171173,IO -> PLC,3.89168
1776084752.1397648,128.13838577270508,IO -> PLC,1.28443
1776084752.155764,128.15438508987427,IO -> PLC,3.15443
1776084752.1717634,128.17038440704346,IO -> PLC,3.18121
1776084752.187764,128.18638491630554,IO -> PLC,1.4088
1776084752.2037632,128.20238423347473,IO -> PLC,3.19702
1776084752.2197628,128.2183837890625,IO -> PLC,2.75788
1776084752.2357621,128.2343831062317,IO -> PLC,1.22692
1776084752.2517626,128.25038361549377,IO -> PLC,2.21423
1776084752.267762,128.26638293266296,IO -> PLC,1.84676
1776084752.2837613,128.28238224983215,IO -> PLC,1.28864
1776084752.2997608,128.29838180541992,IO -> PLC,1.36175
1776084752.3157601,128.3143811225891,IO -> PLC,1.03301
1776084752.3317606,128.3303816318512,IO -> PLC,0.65634
1776084752.34776,128.34638094902039,IO -> PLC,3.22453
1776084752.3637595,128.36238050460815,IO -> PLC,4.74138
1776084752.3797588,128.37837982177734,IO -> PLC,1.0592
1776084752.3957582,128.39437913894653,IO -> PLC,2.95768
1776084752.4117587,128.41037964820862,IO -> PLC,4.70806
1776084752.427758,128.4263789653778,IO -> PLC,0.75419
1776084752.4437575,128.44237852096558,IO -> PLC,2.43161
1776084752.4597569,128.45837783813477,IO -> PLC,4.69707
1776084752.4757574,128.47437834739685,IO -> PLC,0.60006
1776084752.4917567,128.49037766456604,IO -> PLC,3.06185
1776084752.507756,128.50637698173523,IO -> PLC,4.63191
1776084752.5237553,128.52237629890442,IO -> PLC,1.18518
1776084752.5397549,128.5383758544922,IO -> PLC,3.17382
1776084752.5557554,128.55437636375427,IO -> PLC,5.22725
1776084752.5717547,128.57037568092346,IO -> PLC,1.28179
1776084752.587754,128.58637499809265,IO -> PLC,3.50284
1776084752.6037533,128.60237431526184,IO -> PLC,5.21426
1776084752.619753,128.6183738708496,IO -> PLC,1.47056
1776084752.6357532,128.63437414169312,IO -> PLC,3.11942
1776084752.6517527,128.65037369728088,IO -> PLC,5.08758
1776084752.667752,128.66637301445007,IO -> PLC,1.3194
1776084752.6837516,128.68237257003784,IO -> PLC,3.32443
1776084752.699751,128.69837188720703,IO -> PLC,5.17827
1776084752.7157512,128.71437215805054,IO -> PLC,1.29832
1776084752.7317507,128.7303717136383,IO -> PLC,3.2132
1776084752.74775,128.7463710308075,IO -> PLC,4.95006
1776084752.7637496,128.76237058639526,IO -> PLC,1.37733
1776084752.7797499,128.77837085723877,IO -> PLC,3.41133
1776084752.7957494,128.79437041282654,IO -> PLC,5.38884
1776084752.8117487,128.81036972999573,IO -> PLC,1.32153
1776084752.827748,128.82636904716492,IO -> PLC,3.35025
1776084752.8437476,128.84236860275269,IO -> PLC,4.94887
1776084752.859748,128.8583688735962,IO -> PLC,1.06796
1776084752.8757474,128.87436842918396,IO -> PLC,2.97571
1776084752.8917468,128.89036774635315,IO -> PLC,5.01476
1776084752.907746,128.90636706352234,IO -> PLC,1.24345
1776084752.9237456,128.9223666191101,IO -> PLC,2.97616
1776084752.939746,128.9383668899536,IO -> PLC,4.66287
1776084752.9557455,128.95436644554138,IO -> PLC,0.77475
1776084752.9717448,128.97036576271057,IO -> PLC,2.60475
1776084752.987744,128.98636507987976,IO -> PLC,4.63867
1776084753.0037446,129.00236558914185,IO -> PLC,0.99329
1776084753.019744,129.01836490631104,IO -> PLC,2.6164
1776084753.0357435,129.0343644618988,IO -> PLC,4.65343
1776084753.0517428,129.050363779068,IO -> PLC,3.12975
1776084753.067742,129.06636309623718,IO -> PLC,5.00902
1776084753.0837426,129.08236360549927,IO -> PLC,1.30117
1776084753.099742,129.09836292266846,IO -> PLC,3.16908
1776084753.1157415,129.11436247825623,IO -> PLC,5.01155
1776084753.1317408,129.13036179542542,IO -> PLC,1.30665
1776084753.1477404,129.14636135101318,IO -> PLC,3.1448
1776084753.1637406,129.1623616218567,IO -> PLC,5.00784
1776084753.17974,129.17836093902588,IO -> PLC,1.3919
1776084753.1957395,129.19436049461365,IO -> PLC,3.50766
1776084753.2117388,129.21035981178284,IO -> PLC,5.02348
1776084753.2277393,129.22636032104492,IO -> PLC,1.28801
1776084753.2437387,129.2423596382141,IO -> PLC,3.03209
1776084753.2597382,129.25835919380188,IO -> PLC,4.47501
1776084753.2757375,129.27435851097107,IO -> PLC,1.19302
1776084753.2917368,129.29035782814026,IO -> PLC,3.32519
1776084753.3077374,129.30635833740234,IO -> PLC,4.23489
1776084753.3237367,129.32235765457153,IO -> PLC,1.19554
1776084753.339736,129.33835697174072,IO -> PLC,3.03897
1776084753.3557355,129.3543565273285,IO -> PLC,3.74059
1776084753.3717349,129.37035584449768,IO -> PLC,1.02798
1776084753.3877354,129.38635635375977,IO -> PLC,3.14054
1776084753.4037347,129.40235567092896,IO -> PLC,3.48911
1776084753.419734,129.41835498809814,IO -> PLC,1.1757
1776084753.4357336,129.4343545436859,IO -> PLC,2.91674
1776084753.4517338,129.45035481452942,IO -> PLC,4.34031
1776084753.4677334,129.4663543701172,IO -> PLC,1.05934
1776084753.4837327,129.48235368728638,IO -> PLC,2.98671
1776084753.4997323,129.49835324287415,IO -> PLC,3.38639
1776084753.5157316,129.51435256004333,IO -> PLC,1.01067
1776084753.5317318,129.53035283088684,IO -> PLC,3.04459
1776084753.5477314,129.5463523864746,IO -> PLC,3.1401
1776084753.5637307,129.5623517036438,IO -> PLC,1.39697
1776084753.5797303,129.57835125923157,IO -> PLC,2.60869
1776084753.5957296,129.59435057640076,IO -> PLC,2.36523
1776084753.61173,129.61035108566284,IO -> PLC,2.23834
1776084753.6277294,129.62635040283203,IO -> PLC,1.95271
1776084753.6437287,129.64234972000122,IO -> PLC,1.48276
1776084753.6597283,129.658349275589,IO -> PLC,1.69795
1776084753.6757286,129.6743495464325,IO -> PLC,1.24536
1776084753.691728,129.69034910202026,IO -> PLC,0.99574
1776084753.7077274,129.70634841918945,IO -> PLC,0.95796
1776084753.7237267,129.72234773635864,IO -> PLC,0.60682
1776084753.7397263,129.7383472919464,IO -> PLC,2.86394
1776084753.7557266,129.75434756278992,IO -> PLC,4.79026
1776084753.7717261,129.77034711837769,IO -> PLC,1.43761
1776084753.7877254,129.78634643554688,IO -> PLC,3.30449
1776084753.8037248,129.80234575271606,IO -> PLC,5.28825
1776084753.8197243,129.81834530830383,IO -> PLC,1.42566
1776084753.8357246,129.83434557914734,IO -> PLC,3.56103
1776084753.8517241,129.8503451347351,IO -> PLC,5.17084
1776084753.8677235,129.8663444519043,IO -> PLC,1.48339
1776084753.8837228,129.8823437690735,IO -> PLC,3.95037
1776084753.8997233,129.89834427833557,IO -> PLC,5.929
1776084753.9157226,129.91434359550476,IO -> PLC,2.21499
1776084753.9317222,129.93034315109253,IO -> PLC,4.18122
1776084753.9477215,129.94634246826172,IO -> PLC,6.15666
1776084753.963721,129.9623420238495,IO -> PLC,2.74066
1776084753.9797213,129.978342294693,IO -> PLC,4.72641
1776084753.9957206,129.99434161186218,IO -> PLC,0.61397
1776084754.0117202,130.01034116744995,IO -> PLC,2.63965
1776084754.0277195,130.02634048461914,IO -> PLC,4.4862
1776084754.0437188,130.04233980178833,IO -> PLC,0.5673
1776084754.0597193,130.05834031105042,IO -> PLC,2.36048
1776084754.0757189,130.07433986663818,IO -> PLC,4.46177
1776084754.0917182,130.09033918380737,IO -> PLC,1.5425
1776084754.1077175,130.10633850097656,IO -> PLC,3.76691
1776084754.1237168,130.12233781814575,IO -> PLC,5.52835
1776084754.1397173,130.13833832740784,IO -> PLC,1.70055
1776084754.1557167,130.15433764457703,IO -> PLC,3.39662
1776084754.1717162,130.1703372001648,IO -> PLC,5.51022
1776084754.1877155,130.18633651733398,IO -> PLC,2.00213
1776084754.203716,130.20233702659607,IO -> PLC,3.67756
1776084754.2197154,130.21833634376526,IO -> PLC,5.87204
1776084754.2357147,130.23433566093445,IO -> PLC,1.87849
1776084754.2517142,130.25033521652222,IO -> PLC,3.91857
1776084754.2677135,130.2663345336914,IO -> PLC,5.86217
1776084754.283714,130.2823350429535,IO -> PLC,2.37863
1776084754.2997134,130.29833436012268,IO -> PLC,4.12278
1776084754.315713,130.31433391571045,IO -> PLC,5.98766
1776084754.3317122,130.33033323287964,IO -> PLC,2.23563
1776084754.3477125,130.34633350372314,IO -> PLC,4.30332
1776084754.363712,130.3623330593109,IO -> PLC,6.05962
1776084754.3797114,130.3783323764801,IO -> PLC,2.3752
1776084754.395711,130.39433193206787,IO -> PLC,4.46545
1776084754.4117103,130.41033124923706,IO -> PLC,0.55173
1776084754.4277108,130.42633175849915,IO -> PLC,2.22092
1776084754.44371,130.44233107566833,IO -> PLC,4.30508
1776084754.4597094,130.45833039283752,IO -> PLC,6.15148
1776084754.475709,130.4743299484253,IO -> PLC,2.35042
1776084754.4917083,130.49032926559448,IO -> PLC,5.01908
1776084754.5077088,130.50632977485657,IO -> PLC,1.22826
1776084754.523708,130.52232909202576,IO -> PLC,3.03696
1776084754.5397074,130.53832840919495,IO -> PLC,4.92944
1776084754.5557067,130.55432772636414,IO -> PLC,1.13662
1776084754.5717072,130.57032823562622,IO -> PLC,2.96573
1776084754.5877068,130.586327791214,IO -> PLC,5.10094
1776084754.6037061,130.60232710838318,IO -> PLC,1.79941
1776084754.6197054,130.61832642555237,IO -> PLC,3.55988
1776084754.635705,130.63432598114014,IO -> PLC,4.66312
1776084754.6517053,130.65032625198364,IO -> PLC,1.46288
1776084754.6677046,130.66632556915283,IO -> PLC,3.30943
1776084754.6837041,130.6823251247406,IO -> PLC,4.52507
1776084754.6997035,130.6983244419098,IO -> PLC,1.69669
1776084754.715703,130.71432399749756,IO -> PLC,3.68966
1776084754.7317033,130.73032426834106,IO -> PLC,3.65924
1776084754.7477028,130.74632382392883,IO -> PLC,1.84363
1776084754.7637022,130.76232314109802,IO -> PLC,3.27759
1776084754.7797015,130.7783224582672,IO -> PLC,3.0851
1776084754.795701,130.79432201385498,IO -> PLC,1.78247
1776084754.8117013,130.8103222846985,IO -> PLC,2.35312
1776084754.8277009,130.82632184028625,IO -> PLC,1.81677
1776084754.8437002,130.84232115745544,IO -> PLC,1.32217
1776084754.8596995,130.85832047462463,IO -> PLC,1.34904
1776084754.8757,130.87432098388672,IO -> PLC,5.34057
1776084754.8916996,130.8903205394745,IO -> PLC,1.52102
1776084754.9076989,130.90631985664368,IO -> PLC,3.20381
1776084754.9236982,130.92231917381287,IO -> PLC,5.10556
1776084754.9396975,130.93831849098206,IO -> PLC,1.25017
1776084754.955698,130.95431900024414,IO -> PLC,3.46643
1776084754.9716973,130.97031831741333,IO -> PLC,5.0456
1776084754.987697,130.9863178730011,IO -> PLC,1.65408
1776084755.0036962,131.0023171901703,IO -> PLC,3.41262
1776084755.0196955,131.01831650733948,IO -> PLC,5.32142
1776084755.035696,131.03431701660156,IO -> PLC,1.74349
1776084755.0516953,131.05031633377075,IO -> PLC,5.67589
1776084755.067695,131.06631588935852,IO -> PLC,1.00759
1776084755.0836942,131.0823152065277,IO -> PLC,0.93389
1776084755.0996947,131.0983157157898,IO -> PLC,6.08684
1776084755.115694,131.11431503295898,IO -> PLC,2.21105
1776084755.1316934,131.13031435012817,IO -> PLC,4.08312
1776084755.147693,131.14631390571594,IO -> PLC,6.07296
1776084755.1636922,131.16231322288513,IO -> PLC,2.4031
1776084755.1796927,131.17831373214722,IO -> PLC,4.18485
1776084755.195692,131.1943130493164,IO -> PLC,6.17565
1776084755.2116916,131.21031260490417,IO -> PLC,2.10625
1776084755.227691,131.22631192207336,IO -> PLC,4.23442
1776084755.2436903,131.24231123924255,IO -> PLC,6.19049
1776084755.2596908,131.25831174850464,IO -> PLC,2.35447
1776084755.27569,131.27431106567383,IO -> PLC,4.19694
1776084755.2916896,131.2903106212616,IO -> PLC,0.67324
1776084755.307689,131.3063099384308,IO -> PLC,2.42564
1776084755.3236895,131.32231044769287,IO -> PLC,4.17466
1776084755.3396888,131.33830976486206,IO -> PLC,5.93825
1776084755.355688,131.35430908203125,IO -> PLC,2.10647
1776084755.3716874,131.37030839920044,IO -> PLC,3.74404
1776084755.387687,131.3863079547882,IO -> PLC,6.19567
1776084755.4036875,131.4023084640503,IO -> PLC,2.47244
1776084755.4196868,131.41830778121948,IO -> PLC,4.33836
1776084755.435686,131.43430709838867,IO -> PLC,0.84859
1776084755.4516857,131.45030665397644,IO -> PLC,2.52697
1776084755.467685,131.46630597114563,IO -> PLC,4.3552
1776084755.4836853,131.48230624198914,IO -> PLC,0.60934
1776084755.4996848,131.4983057975769,IO -> PLC,2.66454
1776084755.5156841,131.5143051147461,IO -> PLC,4.37485
1776084755.5316837,131.53030467033386,IO -> PLC,0.63026
1776084755.547684,131.54630494117737,IO -> PLC,2.41418
1776084755.5636835,131.56230449676514,IO -> PLC,4.53305
1776084755.5796828,131.57830381393433,IO -> PLC,6.67138
1776084755.5956821,131.59430313110352,IO -> PLC,2.98696
1776084755.6116817,131.61030268669128,IO -> PLC,4.76783
1776084755.627682,131.6263029575348,IO -> PLC,0.72516
1776084755.6436815,131.64230251312256,IO -> PLC,2.52666
1776084755.6596808,131.65830183029175,IO -> PLC,4.74676
1776084755.6756802,131.67430114746094,IO -> PLC,0.87921
1776084755.6916797,131.6903007030487,IO -> PLC,2.81456
1776084755.70768,131.7063009738922,IO -> PLC,4.63872
1776084755.7236795,131.72230052947998,IO -> PLC,0.89277
1776084755.7396789,131.73829984664917,IO -> PLC,2.6666
1776084755.7556782,131.75429916381836,IO -> PLC,4.41986
1776084755.7716787,131.77029967308044,IO -> PLC,0.6352
1776084755.787678,131.78629899024963,IO -> PLC,2.77849
1776084755.8036776,131.8022985458374,IO -> PLC,4.61256
1776084755.8196769,131.8182978630066,IO -> PLC,0.82798
1776084755.8356762,131.83429718017578,IO -> PLC,2.69094
1776084755.8516767,131.85029768943787,IO -> PLC,4.05714
1776084755.867676,131.86629700660706,IO -> PLC,0.95955
1776084755.8836756,131.88229656219482,IO -> PLC,2.95762
1776084755.899675,131.898295879364,IO -> PLC,3.45644
1776084755.9156744,131.91429543495178,IO -> PLC,0.95671
1776084755.9316747,131.9302957057953,IO -> PLC,2.83502
1776084755.947674,131.94629502296448,IO -> PLC,2.96734
1776084755.9636736,131.96229457855225,IO -> PLC,1.14972
1776084755.979673,131.97829389572144,IO -> PLC,3.13124
1776084755.9956734,131.99429440498352,IO -> PLC,2.99842
1776084756.0116727,132.0102937221527,IO -> PLC,1.32513
1776084756.0276723,132.02629327774048,IO -> PLC,3.30074
1776084756.0436716,132.04229259490967,IO -> PLC,2.68237
1776084756.059671,132.05829191207886,IO -> PLC,1.04101
1776084756.0756714,132.07429242134094,IO -> PLC,3.01429
1776084756.0916708,132.09029173851013,IO -> PLC,3.26132
1776084756.1076703,132.1062912940979,IO -> PLC,1.29411
1776084756.1236696,132.1222906112671,IO -> PLC,2.51294
1776084756.139669,132.13828992843628,IO -> PLC,2.22956
1776084756.1556695,132.15429043769836,IO -> PLC,0.93102
1776084756.1716688,132.17028975486755,IO -> PLC,2.42531
1776084756.187668,132.18628907203674,IO -> PLC,2.31177
1776084756.2036676,132.2022886276245,IO -> PLC,1.0153
1776084756.219667,132.2182879447937,IO -> PLC,1.66484
1776084756.2356675,132.2342884540558,IO -> PLC,1.40394
1776084756.2516668,132.25028777122498,IO -> PLC,0.9307
1776084756.267666,132.26628708839417,IO -> PLC,1.05694
1776084756.2836657,132.28228664398193,IO -> PLC,0.80515
1776084756.299666,132.29828691482544,IO -> PLC,0.62713
1776084756.3156655,132.3142864704132,IO -> PLC,4.17944
1776084756.3316648,132.3302857875824,IO -> PLC,5.73006
1776084756.3476644,132.34628534317017,IO -> PLC,2.01908
1776084756.3636637,132.36228466033936,IO -> PLC,3.73138
1776084756.3796642,132.37828516960144,IO -> PLC,5.81539
1776084756.3956635,132.39428448677063,IO -> PLC,1.82176
1776084756.4116628,132.41028380393982,IO -> PLC,3.77159
1776084756.4276624,132.4262833595276,IO -> PLC,5.40213
1776084756.4436617,132.44228267669678,IO -> PLC,1.38889
1776084756.4596622,132.45828318595886,IO -> PLC,3.1176
1776084756.4756615,132.47428250312805,IO -> PLC,5.46794
1776084756.4916608,132.49028182029724,IO -> PLC,1.52766
1776084756.5076604,132.506281375885,IO -> PLC,3.3751
1776084756.5236607,132.52228164672852,IO -> PLC,5.32189
1776084756.5396602,132.53828120231628,IO -> PLC,1.63956
1776084756.5556595,132.55428051948547,IO -> PLC,3.24346
1776084756.5716588,132.57027983665466,IO -> PLC,4.9832
1776084756.5876584,132.58627939224243,IO -> PLC,1.58888
1776084756.6036587,132.60227966308594,IO -> PLC,3.33702
1776084756.6196582,132.6182792186737,IO -> PLC,5.17934
1776084756.6356575,132.6342785358429,IO -> PLC,1.11498
1776084756.6516569,132.65027785301208,IO -> PLC,2.95217
1776084756.6676564,132.66627740859985,IO -> PLC,4.66048
1776084756.6836567,132.68227767944336,IO -> PLC,0.92397
1776084756.6996562,132.69827723503113,IO -> PLC,3.0807
1776084756.7156556,132.71427655220032,IO -> PLC,5.03046
1776084756.731655,132.7302758693695,IO -> PLC,1.12795
1776084756.7476554,132.7462763786316,IO -> PLC,2.93346
1776084756.7636547,132.76227569580078,IO -> PLC,4.76257
1776084756.7796543,132.77827525138855,IO -> PLC,0.7967
1776084756.7956536,132.79427456855774,IO -> PLC,3.05999
1776084756.8116531,132.8102741241455,IO -> PLC,5.37952
1776084756.8276534,132.826274394989,IO -> PLC,1.49126
1776084756.843653,132.84227395057678,IO -> PLC,3.48629
1776084756.8596523,132.85827326774597,IO -> PLC,5.28876
1776084756.8756516,132.87427258491516,IO -> PLC,1.22033
1776084756.891651,132.89027190208435,IO -> PLC,3.30945
1776084756.9076514,132.90627241134644,IO -> PLC,5.10072
1776084756.923651,132.9222719669342,IO -> PLC,1.23301
1776084756.9396503,132.9382712841034,IO -> PLC,2.94436
1776084756.9556496,132.95427060127258,IO -> PLC,4.48778
1776084756.9716501,132.97027111053467,IO -> PLC,0.86159
1776084756.9876494,132.98627042770386,IO -> PLC,2.97128
1776084757.0036488,133.00226974487305,IO -> PLC,4.41949
1776084757.0196483,133.01826930046082,IO -> PLC,0.87748
1776084757.0356476,133.03426861763,IO -> PLC,2.68172
1776084757.0516481,133.0502691268921,IO -> PLC,6.2641
1776084757.0676475,133.06626844406128,IO -> PLC,3.02723
1776084757.0836468,133.08226776123047,IO -> PLC,5.66125
1776084757.0996463,133.09826731681824,IO -> PLC,2.10692
1776084757.1156456,133.11426663398743,IO -> PLC,4.07828
1776084757.1316462,133.1302671432495,IO -> PLC,4.89862
1776084757.1476455,133.1462664604187,IO -> PLC,1.9464
1776084757.163645,133.16226601600647,IO -> PLC,3.56141
1776084757.1796443,133.17826533317566,IO -> PLC,4.2684
1776084757.1956446,133.19426560401917,IO -> PLC,1.84148
1776084757.2116442,133.21026515960693,IO -> PLC,3.61018
1776084757.2276435,133.22626447677612,IO -> PLC,2.83398
1776084757.243643,133.2422640323639,IO -> PLC,1.93992
1776084757.2596424,133.25826334953308,IO -> PLC,3.06164
1776084757.2756429,133.27426385879517,IO -> PLC,2.6777
1776084757.2916422,133.29026317596436,IO -> PLC,1.92612
1776084757.3076415,133.30626249313354,IO -> PLC,1.90379
1776084757.323641,133.3222620487213,IO -> PLC,1.69705
1776084757.3396404,133.3382613658905,IO -> PLC,1.20046
1776084757.355641,133.3542618751526,IO -> PLC,1.4843
1776084757.3716402,133.37026119232178,IO -> PLC,1.04002
1776084757.3876395,133.38626050949097,IO -> PLC,0.79848
1776084757.403639,133.40226006507874,IO -> PLC,3.37914
1776084757.4196393,133.41826033592224,IO -> PLC,5.38635
1776084757.435639,133.43425989151,IO -> PLC,1.38656
1776084757.4516382,133.4502592086792,IO -> PLC,3.30671
1776084757.4676375,133.4662585258484,IO -> PLC,4.96485
1776084757.483637,133.48225808143616,IO -> PLC,1.27524
1776084757.4996374,133.49825835227966,IO -> PLC,3.38892
1776084757.515637,133.51425790786743,IO -> PLC,5.01034
1776084757.5316362,133.53025722503662,IO -> PLC,1.41488
1776084757.5476356,133.5462565422058,IO -> PLC,3.09647
1776084757.563635,133.56225609779358,IO -> PLC,5.02999
1776084757.5796354,133.57825636863708,IO -> PLC,1.39572
1776084757.595635,133.59425592422485,IO -> PLC,3.74614
1776084757.6116343,133.61025524139404,IO -> PLC,5.48005
1776084757.6276338,133.6262547969818,IO -> PLC,1.53546
1776084757.6436331,133.642254114151,IO -> PLC,3.41169
1776084757.6596334,133.6582543849945,IO -> PLC,5.61346
1776084757.675633,133.67425394058228,IO -> PLC,1.59015
1776084757.6916323,133.69025325775146,IO -> PLC,4.0316
1776084757.7076316,133.70625257492065,IO -> PLC,5.9416
1776084757.723632,133.72225308418274,IO -> PLC,2.22038
1776084757.7396317,133.7382526397705,IO -> PLC,3.84756
1776084757.755631,133.7542519569397,IO -> PLC,5.79852
1776084757.7716303,133.7702512741089,IO -> PLC,2.04673
1776084757.7876296,133.78625059127808,IO -> PLC,4.11625
1776084757.80363,133.80225110054016,IO -> PLC,6.07754
1776084757.8196294,133.81825041770935,IO -> PLC,2.07982
1776084757.835629,133.83424997329712,IO -> PLC,3.98149
1776084757.8516283,133.8502492904663,IO -> PLC,5.54939
1776084757.8676288,133.8662497997284,IO -> PLC,1.84153
1776084757.8836281,133.88224911689758,IO -> PLC,3.90194
1776084757.8996274,133.89824843406677,IO -> PLC,5.65432
1776084757.915627,133.91424798965454,IO -> PLC,1.77629
1776084757.9316263,133.93024730682373,IO -> PLC,3.64828
1776084757.9476268,133.94624781608582,IO -> PLC,5.5954
1776084757.9636261,133.962247133255,IO -> PLC,2.06355
1776084757.9796257,133.97824668884277,IO -> PLC,3.88018
1776084757.995625,133.99424600601196,IO -> PLC,5.8261
1776084758.0116243,134.01024532318115,IO -> PLC,1.80374
1776084758.0276248,134.02624583244324,IO -> PLC,4.02703
1776084758.0436242,134.04224514961243,IO -> PLC,5.61557
1776084758.0596237,134.0582447052002,IO -> PLC,1.76938
1776084758.075623,134.07424402236938,IO -> PLC,3.48665
1776084758.0916224,134.09024333953857,IO -> PLC,5.41121
1776084758.1076229,134.10624384880066,IO -> PLC,1.83527
1776084758.1236222,134.12224316596985,IO -> PLC,3.62638
1776084758.1396217,134.13824272155762,IO -> PLC,4.41008
1776084758.155621,134.1542420387268,IO -> PLC,1.56618
1776084758.1716216,134.1702425479889,IO -> PLC,3.33482
1776084758.1876209,134.18624186515808,IO -> PLC,3.95155
1776084758.2036202,134.20224118232727,IO -> PLC,1.63319
1776084758.2196195,134.21824049949646,IO -> PLC,3.23805
1776084758.235619,134.23424005508423,IO -> PLC,3.31708
1776084758.2516196,134.2502405643463,IO -> PLC,1.32018
1776084758.267619,134.2662398815155,IO -> PLC,2.94256
1776084758.2836182,134.2822391986847,IO -> PLC,2.61286
1776084758.2996178,134.29823875427246,IO -> PLC,1.50591
1776084758.315617,134.31423807144165,IO -> PLC,1.9516
1776084758.3316174,134.33023834228516,IO -> PLC,1.86783
1776084758.347617,134.34623789787292,IO -> PLC,1.26874
1776084758.3636162,134.36223721504211,IO -> PLC,1.48098
1776084758.3796158,134.37823677062988,IO -> PLC,1.25168
1776084758.395616,134.3942370414734,IO -> PLC,0.83197
1776084758.4116156,134.41023659706116,IO -> PLC,3.87658
1776084758.427615,134.42623591423035,IO -> PLC,5.65232
1776084758.4436142,134.44223523139954,IO -> PLC,1.79686
1776084758.4596138,134.4582347869873,IO -> PLC,3.50724
1776084758.475614,134.4742350578308,IO -> PLC,5.98238
1776084758.4916136,134.49023461341858,IO -> PLC,1.94683
1776084758.507613,134.50623393058777,IO -> PLC,3.8937
1776084758.5236123,134.52223324775696,IO -> PLC,5.87739
1776084758.5396118,134.53823280334473,IO -> PLC,2.3148
1776084758.5556123,134.5542333126068,IO -> PLC,4.07016
1776084758.5716116,134.570232629776,IO -> PLC,6.08664
1776084758.587611,134.5862319469452,IO -> PLC,2.5119
1776084758.6036103,134.60223126411438,IO -> PLC,4.53758
1776084758.6196108,134.61823177337646,IO -> PLC,6.11052
1776084758.63561,134.63423109054565,IO -> PLC,2.42514
1776084758.6516097,134.65023064613342,IO -> PLC,3.98488
1776084758.667609,134.6662299633026,IO -> PLC,6.14873
1776084758.6836083,134.6822292804718,IO -> PLC,2.76752
1776084758.6996088,134.6982297897339,IO -> PLC,4.68056
1776084758.7156081,134.71422910690308,IO -> PLC,1.03422
1776084758.7316077,134.73022866249084,IO -> PLC,2.67372
1776084758.747607,134.74622797966003,IO -> PLC,4.52747
1776084758.7636065,134.7622275352478,IO -> PLC,6.35435
1776084758.7796068,134.7782278060913,IO -> PLC,2.9393
1776084758.7956061,134.7942271232605,IO -> PLC,4.79289
1776084758.8116057,134.81022667884827,IO -> PLC,0.87206
1776084758.827605,134.82622599601746,IO -> PLC,2.60676
1776084758.8436055,134.84222650527954,IO -> PLC,4.84846
1776084758.8596048,134.85822582244873,IO -> PLC,0.96867
1776084758.8756044,134.8742253780365,IO -> PLC,2.90098
1776084758.8916037,134.8902246952057,IO -> PLC,4.92787
1776084758.907603,134.90622401237488,IO -> PLC,1.13504
1776084758.9236035,134.92222452163696,IO -> PLC,2.84823
1776084758.9396029,134.93822383880615,IO -> PLC,4.61174
1776084758.9556024,134.95422339439392,IO -> PLC,2.24625
1776084758.9716017,134.9702227115631,IO -> PLC,4.13065
1776084758.987601,134.9862220287323,IO -> PLC,0.728
1776084759.0036016,135.00222253799438,IO -> PLC,2.46999
1776084759.0196009,135.01822185516357,IO -> PLC,4.38303
1776084759.0356002,135.03422117233276,IO -> PLC,6.27342
1776084759.0515997,135.05022072792053,IO -> PLC,4.86662
1776084759.0676003,135.06622123718262,IO -> PLC,1.0174
1776084759.0835996,135.0822205543518,IO -> PLC,3.53046
1776084759.099599,135.098219871521,IO -> PLC,5.29509
1776084759.1155984,135.11421942710876,IO -> PLC,1.46226
1776084759.1315978,135.13021874427795,IO -> PLC,3.1336
1776084759.147598,135.14621901512146,IO -> PLC,4.90752
1776084759.1635976,135.16221857070923,IO -> PLC,1.059
1776084759.179597,135.17821788787842,IO -> PLC,2.92708
1776084759.1955965,135.1942174434662,IO -> PLC,4.70706
1776084759.2115958,135.21021676063538,IO -> PLC,0.80872
1776084759.2275963,135.22621726989746,IO -> PLC,2.60703
1776084759.2435956,135.24221658706665,IO -> PLC,4.56086
1776084759.259595,135.25821590423584,IO -> PLC,6.32126
1776084759.2755945,135.2742154598236,IO -> PLC,2.24465
1776084759.2915947,135.29021573066711,IO -> PLC,4.43746
1776084759.3075943,135.30621528625488,IO -> PLC,0.61056
1776084759.3235936,135.32221460342407,IO -> PLC,2.46119
1776084759.339593,135.33821392059326,IO -> PLC,4.37031
1776084759.3555925,135.35421347618103,IO -> PLC,0.7258
1776084759.3715928,135.37021374702454,IO -> PLC,2.49227
1776084759.3875923,135.3862133026123,IO -> PLC,4.39939
1776084759.4035916,135.4022126197815,IO -> PLC,0.68008
1776084759.419591,135.41821193695068,IO -> PLC,2.67401
1776084759.4355905,135.43421149253845,IO -> PLC,4.42328
1776084759.4515908,135.45021176338196,IO -> PLC,0.66821
1776084759.4675903,135.46621131896973,IO -> PLC,2.41828
1776084759.4835896,135.48221063613892,IO -> PLC,4.28539
1776084759.499589,135.4982099533081,IO -> PLC,0.7361
1776084759.5155885,135.51420950889587,IO -> PLC,2.7025
1776084759.5315888,135.53020977973938,IO -> PLC,3.33963
1776084759.5475883,135.54620933532715,IO -> PLC,0.68942
1776084759.5635877,135.56220865249634,IO -> PLC,2.71702
1776084759.579587,135.57820796966553,IO -> PLC,2.64469
1776084759.5955875,135.5942084789276,IO -> PLC,1.64735
1776084759.6115868,135.6102077960968,IO -> PLC,2.43793
1776084759.6275864,135.62620735168457,IO -> PLC,1.72029
1776084759.6435857,135.64220666885376,IO -> PLC,1.18689
1776084759.6595852,135.65820622444153,IO -> PLC,1.42449
1776084759.6755855,135.67420649528503,IO -> PLC,1.33464
1776084759.691585,135.6902060508728,IO -> PLC,1.04093
1776084759.7075844,135.706205368042,IO -> PLC,0.63138
1776084759.7235837,135.72220468521118,IO -> PLC,4.80028
1776084759.739583,135.73820400238037,IO -> PLC,0.83336
1776084759.7555835,135.75420451164246,IO -> PLC,2.77608
1776084759.771583,135.77020406723022,IO -> PLC,4.43382
1776084759.7875824,135.7862033843994,IO -> PLC,6.50887
1776084759.8035817,135.8022027015686,IO -> PLC,2.58796
1776084759.8195822,135.8182032108307,IO -> PLC,4.49067
1776084759.8355815,135.83420252799988,IO -> PLC,6.1733
1776084759.8515809,135.85020184516907,IO -> PLC,2.53503
1776084759.8675804,135.86620140075684,IO -> PLC,4.29655
1776084759.8835797,135.88220071792603,IO -> PLC,0.59477
1776084759.8995802,135.8982012271881,IO -> PLC,2.89174
1776084759.9155796,135.9142005443573,IO -> PLC,4.54364
1776084759.9315789,135.9301998615265,IO -> PLC,0.81745
1776084759.9475784,135.94619941711426,IO -> PLC,2.43248
1776084759.9635777,135.96219873428345,IO -> PLC,4.66697
1776084759.9795783,135.97819924354553,IO -> PLC,0.79102
1776084759.9955776,135.99419856071472,IO -> PLC,3.01735
1776084760.0115771,136.0101981163025,IO -> PLC,5.00832
1776084760.0275764,136.02619743347168,IO -> PLC,1.05972
1776084760.0435767,136.04219770431519,IO -> PLC,2.90523
1776084760.0595763,136.05819725990295,IO -> PLC,5.20844
1776084760.0755756,136.07419657707214,IO -> PLC,1.32329
1776084760.0915751,136.0901961326599,IO -> PLC,3.44834
1776084760.1075745,136.1061954498291,IO -> PLC,5.31937
1776084760.123575,136.1221959590912,IO -> PLC,1.45879
1776084760.1395743,136.13819527626038,IO -> PLC,3.27461
1776084760.1555736,136.15419459342957,IO -> PLC,4.9838
1776084760.1715732,136.17019414901733,IO -> PLC,1.2441
1776084760.1875725,136.18619346618652,IO -> PLC,3.30058
1776084760.203573,136.2021939754486,IO -> PLC,5.19826
1776084760.2195723,136.2181932926178,IO -> PLC,1.37366
1776084760.2355716,136.234192609787,IO -> PLC,3.24582
1776084760.2515712,136.25019216537476,IO -> PLC,5.00613
1776084760.2675714,136.26619243621826,IO -> PLC,1.47947
1776084760.283571,136.28219199180603,IO -> PLC,3.46724
1776084760.2995703,136.29819130897522,IO -> PLC,5.27787
1776084760.3155696,136.3141906261444,IO -> PLC,1.3928
1776084760.3315692,136.33019018173218,IO -> PLC,3.26911
1776084760.3475695,136.34619045257568,IO -> PLC,5.28847
1776084760.363569,136.36219000816345,IO -> PLC,1.67069
1776084760.3795683,136.37818932533264,IO -> PLC,3.55605
1776084760.3955677,136.39418864250183,IO -> PLC,5.55509
1776084760.4115672,136.4101881980896,IO -> PLC,1.56562
1776084760.4275675,136.4261884689331,IO -> PLC,3.86058
1776084760.443567,136.44218802452087,IO -> PLC,5.50953
1776084760.4595664,136.45818734169006,IO -> PLC,1.4299
1776084760.475566,136.47418689727783,IO -> PLC,3.27724
1776084760.4915662,136.49018716812134,IO -> PLC,4.70386
1776084760.5075655,136.50618648529053,IO -> PLC,2.04557
1776084760.523565,136.5221860408783,IO -> PLC,4.11213
1776084760.5395644,136.53818535804749,IO -> PLC,3.81658
1776084760.5555637,136.55418467521667,IO -> PLC,2.15553
1776084760.5715642,136.57018518447876,IO -> PLC,3.30269
1776084760.5875638,136.58618474006653,IO -> PLC,3.15132
1776084760.603563,136.60218405723572,IO -> PLC,2.23374
1776084760.6195624,136.6181833744049,IO -> PLC,2.45814
1776084760.6355617,136.6341826915741,IO -> PLC,2.2986
1776084760.6515622,136.65018320083618,IO -> PLC,1.97417
1776084760.6675615,136.66618251800537,IO -> PLC,2.12985
1776084760.683561,136.68218207359314,IO -> PLC,1.94671
1776084760.6995604,136.69818139076233,IO -> PLC,1.655
1776084760.715561,136.7141819000244,IO -> PLC,1.69395
1776084760.7315602,136.7301812171936,IO -> PLC,0.66381
1776084760.7475595,136.7461805343628,IO -> PLC,1.13927
1776084760.763559,136.76218008995056,IO -> PLC,1.04124
1776084760.7795584,136.77817940711975,IO -> PLC,0.7729
1776084760.795559,136.79417991638184,IO -> PLC,2.36529
1776084760.8115582,136.81017923355103,IO -> PLC,4.12967
1776084760.8275576,136.82617855072021,IO -> PLC,6.2916
1776084760.8435571,136.84217810630798,IO -> PLC,2.25916
1776084760.8595564,136.85817742347717,IO -> PLC,3.86394
1776084760.875557,136.87417793273926,IO -> PLC,5.95515
1776084760.8915563,136.89017724990845,IO -> PLC,1.91743
1776084760.9075558,136.90617680549622,IO -> PLC,3.85111
1776084760.9235551,136.9221761226654,IO -> PLC,5.71902
1776084760.9395545,136.9381754398346,IO -> PLC,2.20885
1776084760.955555,136.95417594909668,IO -> PLC,3.95188
1776084760.9715543,136.97017526626587,IO -> PLC,5.81763
1776084760.9875538,136.98617482185364,IO -> PLC,2.13441
1776084761.0035532,137.00217413902283,IO -> PLC,4.14473
1776084761.0195537,137.0181746482849,IO -> PLC,5.71239
1776084761.035553,137.0341739654541,IO -> PLC,2.05477
1776084761.0515523,137.0501732826233,IO -> PLC,4.38974
1776084761.0675516,137.06617259979248,IO -> PLC,2.34796
1776084761.0835512,137.08217215538025,IO -> PLC,4.41349
1776084761.0995517,137.09817266464233,IO -> PLC,6.30707
1776084761.115551,137.11417198181152,IO -> PLC,2.49169
1776084761.1315503,137.1301712989807,IO -> PLC,4.26743
1776084761.1475499,137.14617085456848,IO -> PLC,0.71742
1776084761.1635501,137.162171125412,IO -> PLC,2.53614
1776084761.1795495,137.17817044258118,IO -> PLC,4.67862
1776084761.195549,137.19416999816895,IO -> PLC,0.93892
1776084761.2115483,137.21016931533813,IO -> PLC,3.19084
1776084761.227548,137.2261688709259,IO -> PLC,4.91139
1776084761.2435482,137.2421691417694,IO -> PLC,1.16858
1776084761.2595477,137.25816869735718,IO -> PLC,3.02648
1776084761.275547,137.27416801452637,IO -> PLC,4.918
1776084761.2915463,137.29016733169556,IO -> PLC,1.45359
1776084761.307546,137.30616688728333,IO -> PLC,3.1855
1776084761.3235462,137.32216715812683,IO -> PLC,5.06461
1776084761.3395457,137.3381667137146,IO -> PLC,1.38443
1776084761.355545,137.3541660308838,IO -> PLC,3.05481
1776084761.3715444,137.37016534805298,IO -> PLC,4.79889
1776084761.3875449,137.38616585731506,IO -> PLC,1.29887
1776084761.4035442,137.40216517448425,IO -> PLC,3.19959
1776084761.4195437,137.41816473007202,IO -> PLC,5.06861
1776084761.435543,137.4341640472412,IO -> PLC,1.18859
1776084761.4515424,137.4501633644104,IO -> PLC,3.04739
1776084761.467543,137.46616387367249,IO -> PLC,4.78393
1776084761.4835422,137.48216319084167,IO -> PLC,1.09783
1776084761.4995418,137.49816274642944,IO -> PLC,2.8963
1776084761.515541,137.51416206359863,IO -> PLC,4.59932
1776084761.5315404,137.53016138076782,IO -> PLC,0.97531
1776084761.547541,137.5461618900299,IO -> PLC,3.01523
1776084761.5635402,137.5621612071991,IO -> PLC,4.76562
1776084761.5795398,137.57816076278687,IO -> PLC,0.79135
1776084761.595539,137.59416007995605,IO -> PLC,3.29416
1776084761.6115386,137.61015963554382,IO -> PLC,5.24112
1776084761.627539,137.62615990638733,IO -> PLC,1.16852
1776084761.6435382,137.64215922355652,IO -> PLC,3.0826
1776084761.6595378,137.6581587791443,IO -> PLC,4.98852
1776084761.675537,137.67415809631348,IO -> PLC,0.85671
1776084761.6915376,137.69015860557556,IO -> PLC,2.96848
1776084761.707537,137.70615792274475,IO -> PLC,4.80864
1776084761.7235365,137.72215747833252,IO -> PLC,1.02092
1776084761.7395358,137.7381567955017,IO -> PLC,2.80076
1776084761.7555351,137.7541561126709,IO -> PLC,5.47166
1776084761.7715356,137.77015662193298,IO -> PLC,2.12422
1776084761.787535,137.78615593910217,IO -> PLC,4.12734
1776084761.8035345,137.80215549468994,IO -> PLC,4.51446
1776084761.8195338,137.81815481185913,IO -> PLC,2.01386
1776084761.8355331,137.83415412902832,IO -> PLC,3.95961
1776084761.8515337,137.8501546382904,IO -> PLC,3.74383
1776084761.867533,137.8661539554596,IO -> PLC,2.03479
1776084761.8835323,137.88215327262878,IO -> PLC,3.41123
1776084761.8995318,137.89815282821655,IO -> PLC,3.21378
1776084761.9155324,137.91415333747864,IO -> PLC,2.16316
1776084761.9315317,137.93015265464783,IO -> PLC,2.76661
1776084761.947531,137.94615197181702,IO -> PLC,2.66636
1776084761.9635303,137.9621512889862,IO -> PLC,2.41033
1776084761.9795299,137.97815084457397,IO -> PLC,2.47208
1776084761.9955301,137.99415111541748,IO -> PLC,0.61447
1776084762.0115297,138.01015067100525,IO -> PLC,1.63778
1776084762.027529,138.02614998817444,IO -> PLC,1.52208
1776084762.0435286,138.0421495437622,IO -> PLC,1.28966
1776084762.0595279,138.0581488609314,IO -> PLC,1.10452
1776084762.0755281,138.0741491317749,IO -> PLC,0.66937
1776084762.0915277,138.09014868736267,IO -> PLC,1.00529
1776084762.107527,138.10614800453186,IO -> PLC,2.8088
1776084762.1235266,138.12214756011963,IO -> PLC,4.61952
1776084762.1395268,138.13814783096313,IO -> PLC,0.64716
1776084762.1555264,138.1541473865509,IO -> PLC,2.65652
1776084762.1715257,138.1701467037201,IO -> PLC,4.08521
1776084762.187525,138.18614602088928,IO -> PLC,6.17249
1776084762.2035246,138.20214557647705,IO -> PLC,2.21679
1776084762.2195249,138.21814584732056,IO -> PLC,4.27198
1776084762.2355244,138.23414540290833,IO -> PLC,5.88509
1776084762.2515237,138.25014472007751,IO -> PLC,2.429
1776084762.267523,138.2661440372467,IO -> PLC,4.20978
1776084762.2835226,138.28214359283447,IO -> PLC,6.4178
1776084762.2995229,138.29814386367798,IO -> PLC,2.86674
1776084762.3155224,138.31414341926575,IO -> PLC,4.55024
1776084762.3315217,138.33014273643494,IO -> PLC,0.96119
1776084762.347521,138.34614205360413,IO -> PLC,2.71037
1776084762.3635216,138.3621425628662,IO -> PLC,4.61725
1776084762.379521,138.3781418800354,IO -> PLC,0.54569
1776084762.3955204,138.39414143562317,IO -> PLC,2.8153
1776084762.4115198,138.41014075279236,IO -> PLC,4.44553
1776084762.427519,138.42614006996155,IO -> PLC,6.29816
1776084762.4435196,138.44214057922363,IO -> PLC,2.05684
1776084762.459519,138.45813989639282,IO -> PLC,4.06908
1776084762.4755185,138.4741394519806,IO -> PLC,6.39677
1776084762.4915178,138.49013876914978,IO -> PLC,2.59987
1776084762.5075173,138.50613832473755,IO -> PLC,4.50257
1776084762.5235176,138.52213859558105,IO -> PLC,1.16033
1776084762.539517,138.53813791275024,IO -> PLC,3.04137
1776084762.5555165,138.554137468338,IO -> PLC,4.81743
1776084762.5715158,138.5701367855072,IO -> PLC,1.12174
1776084762.5875163,138.5861372947693,IO -> PLC,3.41471
1776084762.6035156,138.60213661193848,IO -> PLC,5.14646
1776084762.6195152,138.61813616752625,IO -> PLC,1.13226
1776084762.6355145,138.63413548469543,IO -> PLC,3.05145
1776084762.6515138,138.65013480186462,IO -> PLC,4.72488
1776084762.6675143,138.6661353111267,IO -> PLC,1.17471
1776084762.6835136,138.6821346282959,IO -> PLC,3.19118
1776084762.699513,138.6981339454651,IO -> PLC,4.99254
1776084762.7155125,138.71413350105286,IO -> PLC,1.41277
1776084762.7315118,138.73013281822205,IO -> PLC,3.10859
1776084762.7475123,138.74613332748413,IO -> PLC,4.82506
1776084762.7635117,138.76213264465332,IO -> PLC,1.00142
1776084762.779511,138.7781319618225,IO -> PLC,2.84574
1776084762.7955105,138.79413151741028,IO -> PLC,4.74654
1776084762.8115108,138.81013178825378,IO -> PLC,0.78066
1776084762.8275104,138.82613134384155,IO -> PLC,2.61978
1776084762.8435097,138.84213066101074,IO -> PLC,4.63233
1776084762.859509,138.85812997817993,IO -> PLC,4.72465
1776084762.8755085,138.8741295337677,IO -> PLC,2.51166
1776084762.8915088,138.8901298046112,IO -> PLC,4.14731
1776084762.9075084,138.90612936019897,IO -> PLC,0.75371
1776084762.9235077,138.92212867736816,IO -> PLC,2.47418
1776084762.9395072,138.93812823295593,IO -> PLC,2.83386
1776084762.9555066,138.95412755012512,IO -> PLC,5.89367
1776084762.971507,138.9701280593872,IO -> PLC,2.00139
1776084762.9875064,138.9861273765564,IO -> PLC,2.83422
1776084763.0035057,139.0021266937256,IO -> PLC,2.38891
1776084763.0195053,139.01812624931335,IO -> PLC,1.99448
1776084763.0355046,139.03412556648254,IO -> PLC,1.93039
1776084763.051505,139.05012607574463,IO -> PLC,2.47632
1776084763.0675044,139.06612539291382,IO -> PLC,3.5722
1776084763.0835037,139.082124710083,IO -> PLC,0.80326
1776084763.099503,139.0981240272522,IO -> PLC,2.9959
1776084763.1155035,139.11412453651428,IO -> PLC,2.695
1776084763.131503,139.13012409210205,IO -> PLC,0.85587
1776084763.1475024,139.14612340927124,IO -> PLC,2.39016
1776084763.1635017,139.16212272644043,IO -> PLC,2.1259
1776084763.1795013,139.1781222820282,IO -> PLC,1.60586
1776084763.1955016,139.1941225528717,IO -> PLC,1.28344
1776084763.211501,139.2101218700409,IO -> PLC,0.70292
1776084763.2275004,139.22612142562866,IO -> PLC,0.60786
1776084763.2434998,139.24212074279785,IO -> PLC,0.7985
1776084763.2594993,139.25812029838562,IO -> PLC,0.83737
1776084763.2754996,139.27412056922913,IO -> PLC,6.42569
1776084763.2914991,139.2901201248169,IO -> PLC,2.39718
1776084763.3074985,139.30611944198608,IO -> PLC,4.57854
1776084763.3234978,139.32211875915527,IO -> PLC,0.66587
1776084763.3394983,139.33811926841736,IO -> PLC,2.52867
1776084763.3554976,139.35411858558655,IO -> PLC,4.16729
1776084763.3714972,139.37011814117432,IO -> PLC,5.99832
1776084763.3874965,139.3861174583435,IO -> PLC,2.41838
1776084763.4034958,139.4021167755127,IO -> PLC,4.35918
1776084763.4194963,139.41811728477478,IO -> PLC,5.91788
1776084763.4354956,139.43411660194397,IO -> PLC,2.19657
1776084763.4514952,139.45011615753174,IO -> PLC,3.80856
1776084763.4674945,139.46611547470093,IO -> PLC,5.77368
1776084763.4834938,139.48211479187012,IO -> PLC,2.41087
1776084763.4994943,139.4981153011322,IO -> PLC,4.51672
1776084763.5154936,139.5141146183014,IO -> PLC,0.71141
1776084763.5314932,139.53011417388916,IO -> PLC,2.41436
1776084763.5474925,139.54611349105835,IO -> PLC,4.27515
1776084763.563493,139.56211400032043,IO -> PLC,5.94457
1776084763.5794923,139.57811331748962,IO -> PLC,2.39848
1776084763.5954916,139.5941126346588,IO -> PLC,4.52969
1776084763.6114912,139.61011219024658,IO -> PLC,0.62917
1776084763.6274905,139.62611150741577,IO -> PLC,2.55133
1776084763.643491,139.64211201667786,IO -> PLC,4.55445
1776084763.6594903,139.65811133384705,IO -> PLC,6.12051
1776084763.6754897,139.67411065101624,IO -> PLC,2.13088
1776084763.6914892,139.690110206604,IO -> PLC,4.02855
1776084763.7074885,139.7061095237732,IO -> PLC,5.93143
1776084763.723489,139.72211003303528,IO -> PLC,2.26549
1776084763.7394884,139.73810935020447,IO -> PLC,4.1498
1776084763.755488,139.75410890579224,IO -> PLC,6.15204
1776084763.7714872,139.77010822296143,IO -> PLC,2.23616
1776084763.7874875,139.78610849380493,IO -> PLC,4.36433
1776084763.803487,139.8021080493927,IO -> PLC,5.55022
1776084763.8194864,139.8181073665619,IO -> PLC,2.23957
1776084763.835486,139.83410692214966,IO -> PLC,3.83299
1776084763.8514853,139.85010623931885,IO -> PLC,5.24025
1776084763.8674858,139.86610674858093,IO -> PLC,1.75151
1776084763.883485,139.88210606575012,IO -> PLC,3.69311
1776084763.8994844,139.8981053829193,IO -> PLC,4.36617
1776084763.9154837,139.9141047000885,IO -> PLC,1.67315
1776084763.9314833,139.93010425567627,IO -> PLC,3.46315
1776084763.9474838,139.94610476493835,IO -> PLC,5.02088
1776084763.963483,139.96210408210754,IO -> PLC,1.576
1776084763.9794824,139.97810339927673,IO -> PLC,3.46455
1776084763.9954817,139.99410271644592,IO -> PLC,4.11593
1776084764.0114822,140.010103225708,IO -> PLC,1.24979
1776084764.0274816,140.0261025428772,IO -> PLC,2.86688
1776084764.043481,140.04210209846497,IO -> PLC,3.32385
1776084764.0594804,140.05810141563416,IO -> PLC,0.93574
1776084764.07548,140.07410097122192,IO -> PLC,2.72276
1776084764.0914803,140.09010124206543,IO -> PLC,2.49786
1776084764.1074796,140.10610055923462,IO -> PLC,1.42877
1776084764.1234791,140.1221001148224,IO -> PLC,2.31479
1776084764.1394784,140.13809943199158,IO -> PLC,2.22974
1776084764.155478,140.15409898757935,IO -> PLC,1.09111
1776084764.1714783,140.17009925842285,IO -> PLC,2.81878
1776084764.1874778,140.18609881401062,IO -> PLC,1.4079
1776084764.2034771,140.2020981311798,IO -> PLC,0.78962
1776084764.2194765,140.218097448349,IO -> PLC,1.93774
1776084764.235477,140.23409795761108,IO -> PLC,1.73907
1776084764.2514763,140.25009727478027,IO -> PLC,0.54813
1776084764.2674758,140.26609683036804,IO -> PLC,1.54793
1776084764.2834752,140.28209614753723,IO -> PLC,4.82174
1776084764.2994745,140.29809546470642,IO -> PLC,0.90899
1776084764.315475,140.3140959739685,IO -> PLC,2.91332
1776084764.3314743,140.3300952911377,IO -> PLC,4.52513
1776084764.3474739,140.34609484672546,IO -> PLC,0.62471
1776084764.3634732,140.36209416389465,IO -> PLC,2.50293
1776084764.3794725,140.37809348106384,IO -> PLC,4.66174
1776084764.395473,140.39409399032593,IO -> PLC,6.62999
1776084764.4114723,140.41009330749512,IO -> PLC,2.67955
1776084764.4274719,140.42609286308289,IO -> PLC,6.20642
1776084764.4434712,140.44209218025208,IO -> PLC,2.08062
1776084764.4594705,140.45809149742126,IO -> PLC,4.11038
1776084764.475471,140.47409200668335,IO -> PLC,6.52728
1776084764.4914703,140.49009132385254,IO -> PLC,2.68413
1776084764.50747,140.5060908794403,IO -> PLC,4.64733
1776084764.5234692,140.5220901966095,IO -> PLC,1.03675
1776084764.5394697,140.53809070587158,IO -> PLC,2.78186
1776084764.555469,140.55409002304077,IO -> PLC,4.65369
1776084764.5714684,140.57008934020996,IO -> PLC,0.77199
1776084764.587468,140.58608889579773,IO -> PLC,2.90415
1776084764.6034672,140.60208821296692,IO -> PLC,4.7555
1776084764.6194677,140.618088722229,IO -> PLC,1.30797
1776084764.635467,140.6340880393982,IO -> PLC,3.26181
1776084764.6514666,140.65008759498596,IO -> PLC,5.06412
1776084764.667466,140.66608691215515,IO -> PLC,1.19249
1776084764.6834662,140.68208718299866,IO -> PLC,3.22729
1776084764.6994658,140.69808673858643,IO -> PLC,4.92424
1776084764.715465,140.71408605575562,IO -> PLC,1.13357
1776084764.7314644,140.7300853729248,IO -> PLC,3.09781
1776084764.747464,140.74608492851257,IO -> PLC,4.64706
1776084764.7634645,140.76208543777466,IO -> PLC,0.63527
1776084764.7794638,140.77808475494385,IO -> PLC,2.61367
1776084764.795463,140.79408407211304,IO -> PLC,4.59327
1776084764.8114624,140.81008338928223,IO -> PLC,0.55275
1776084764.827462,140.82608294487,IO -> PLC,2.37763
1776084764.8434622,140.8420832157135,IO -> PLC,4.02329
1776084764.8594618,140.85808277130127,IO -> PLC,6.18106
1776084764.875461,140.87408208847046,IO -> PLC,2.09725
1776084764.8914604,140.89008140563965,IO -> PLC,4.34015
1776084764.90746,140.90608096122742,IO -> PLC,6.2571
1776084764.9234602,140.92208123207092,IO -> PLC,2.55444
1776084764.9394598,140.9380807876587,IO -> PLC,4.29747
1776084764.955459,140.95408010482788,IO -> PLC,6.0353
1776084764.9714587,140.97007966041565,IO -> PLC,2.37663
1776084764.987459,140.98607993125916,IO -> PLC,4.47808
1776084765.0034583,141.00207924842834,IO -> PLC,0.74965
1776084765.0194578,141.0180788040161,IO -> PLC,2.28596
1776084765.0354571,141.0340781211853,IO -> PLC,4.19379
1776084765.0514567,141.05007767677307,IO -> PLC,5.77393
1776084765.067457,141.06607794761658,IO -> PLC,4.07312
1776084765.0834565,141.08207750320435,IO -> PLC,6.00664
1776084765.0994558,141.09807682037354,IO -> PLC,2.19733
1776084765.1154552,141.11407613754272,IO -> PLC,4.06445
1776084765.1314545,141.1300754547119,IO -> PLC,6.09204
1776084765.147455,141.146075963974,IO -> PLC,2.35954
1776084765.1634545,141.16207551956177,IO -> PLC,4.39451
1776084765.1794538,141.17807483673096,IO -> PLC,6.25537
1776084765.1954532,141.19407415390015,IO -> PLC,2.72753
1776084765.2114537,141.21007466316223,IO -> PLC,4.59136
1776084765.227453,141.22607398033142,IO -> PLC,5.79796
1776084765.2434523,141.2420732975006,IO -> PLC,2.25283
1776084765.2594519,141.25807285308838,IO -> PLC,4.1545
1776084765.2754512,141.27407217025757,IO -> PLC,5.46551
1776084765.2914517,141.29007267951965,IO -> PLC,2.67105
1776084765.307451,141.30607199668884,IO -> PLC,4.42215
1776084765.3234506,141.3220715522766,IO -> PLC,0.59661
1776084765.33945,141.3380708694458,IO -> PLC,2.26492
1776084765.3554492,141.354070186615,IO -> PLC,3.96586
1776084765.3714497,141.37007069587708,IO -> PLC,3.74584
1776084765.387449,141.38607001304626,IO -> PLC,2.62265
1776084765.4034486,141.40206956863403,IO -> PLC,3.44316
1776084765.419448,141.41806888580322,IO -> PLC,3.10314
1776084765.4354484,141.4340693950653,IO -> PLC,2.74686
1776084765.4514477,141.4500687122345,IO -> PLC,3.03295
1776084765.467447,141.4660680294037,IO -> PLC,0.82604
1776084765.4834466,141.48206758499146,IO -> PLC,2.27937
1776084765.499446,141.49806690216064,IO -> PLC,2.02959
1776084765.5154464,141.51406741142273,IO -> PLC,0.95456
1776084765.5314457,141.53006672859192,IO -> PLC,1.06216
1776084765.547445,141.5460660457611,IO -> PLC,0.9047
1776084765.5634446,141.56206560134888,IO -> PLC,6.47646
1776084765.579444,141.57806491851807,IO -> PLC,3.05421
1776084765.5954444,141.59406542778015,IO -> PLC,5.35223
1776084765.6114438,141.61006474494934,IO -> PLC,1.38211
1776084765.627443,141.62606406211853,IO -> PLC,3.01154
1776084765.6434426,141.6420636177063,IO -> PLC,5.11185
1776084765.659443,141.6580638885498,IO -> PLC,0.94125
1776084765.6754425,141.67406344413757,IO -> PLC,2.91046
1776084765.6914418,141.69006276130676,IO -> PLC,4.85637
1776084765.707441,141.70606207847595,IO -> PLC,1.13299
1776084765.7234406,141.72206163406372,IO -> PLC,2.8845
1776084765.739441,141.73806190490723,IO -> PLC,4.81777
1776084765.7554405,141.754061460495,IO -> PLC,6.68169
1776084765.7714398,141.77006077766418,IO -> PLC,3.07102
1776084765.787439,141.78606009483337,IO -> PLC,4.89294
1776084765.8034387,141.80205965042114,IO -> PLC,1.20668
1776084765.819439,141.81805992126465,IO -> PLC,2.91786
1776084765.8354385,141.83405947685242,IO -> PLC,4.7869
1776084765.8514378,141.8500587940216,IO -> PLC,0.85471
1776084765.8674374,141.86605834960938,IO -> PLC,2.7123
1776084765.8834376,141.88205862045288,IO -> PLC,4.7863
1776084765.899437,141.89805793762207,IO -> PLC,0.83052
1776084765.9154365,141.91405749320984,IO -> PLC,2.7229
1776084765.9314358,141.93005681037903,IO -> PLC,4.46922
1776084765.9474351,141.94605612754822,IO -> PLC,6.25528
1776084765.9634356,141.9620566368103,IO -> PLC,2.55966
1776084765.9794352,141.97805619239807,IO -> PLC,4.52174
1776084765.9954345,141.99405550956726,IO -> PLC,6.31909
1776084766.0114338,142.01005482673645,IO -> PLC,2.4493
1776084766.0274332,142.02605414390564,IO -> PLC,4.46787
1776084766.0434337,142.04205465316772,IO -> PLC,0.59303
1776084766.059433,142.0580539703369,IO -> PLC,2.51935
1776084766.0754325,142.07405352592468,IO -> PLC,4.38934
1776084766.0914319,142.09005284309387,IO -> PLC,0.85445
1776084766.1074324,142.10605335235596,IO -> PLC,2.74189
1776084766.1234317,142.12205266952515,IO -> PLC,4.53011
1776084766.139431,142.13805198669434,IO -> PLC,0.86113
1776084766.1554306,142.1540515422821,IO -> PLC,2.69825
1776084766.1714299,142.1700508594513,IO -> PLC,4.60408
1776084766.1874304,142.18605136871338,IO -> PLC,1.09375
1776084766.2034297,142.20205068588257,IO -> PLC,2.84397
1776084766.2194293,142.21805024147034,IO -> PLC,4.81125
1776084766.2354286,142.23404955863953,IO -> PLC,0.91203
1776084766.251428,142.25004887580872,IO -> PLC,2.74513
1776084766.2674284,142.2660493850708,IO -> PLC,4.4912
1776084766.2834277,142.28204870224,IO -> PLC,0.82319
1776084766.2994273,142.29804825782776,IO -> PLC,2.69949
1776084766.3154266,142.31404757499695,IO -> PLC,4.55189
1776084766.331426,142.33004689216614,IO -> PLC,0.87891
1776084766.3474264,142.34604740142822,IO -> PLC,2.6629
1776084766.3634257,142.3620467185974,IO -> PLC,4.13768
1776084766.3794253,142.37804627418518,IO -> PLC,3.90133
1776084766.3954246,142.39404559135437,IO -> PLC,2.65502
1776084766.411425,142.41004610061646,IO -> PLC,3.2964
1776084766.4274244,142.42604541778564,IO -> PLC,3.24118
1776084766.4434237,142.44204473495483,IO -> PLC,2.68435
1776084766.459423,142.45804405212402,IO -> PLC,2.91074
1776084766.4754226,142.4740436077118,IO -> PLC,2.62816
1776084766.4914231,142.49004411697388,IO -> PLC,2.34454
1776084766.5074224,142.50604343414307,IO -> PLC,2.14907
1776084766.5234218,142.52204275131226,IO -> PLC,1.1303
1776084766.5394213,142.53804230690002,IO -> PLC,1.58719
1776084766.5554206,142.5540416240692,IO -> PLC,1.35396
1776084766.571421,142.57004189491272,IO -> PLC,0.82449
1776084766.5874205,142.5860414505005,IO -> PLC,0.83288
1776084766.6034198,142.60204076766968,IO -> PLC,4.85233
1776084766.6194193,142.61804032325745,IO -> PLC,1.02038
1776084766.6354196,142.63404059410095,IO -> PLC,2.65908
1776084766.6514192,142.65004014968872,IO -> PLC,4.59652
1776084766.6674185,142.6660394668579,IO -> PLC,0.87442
1776084766.6834178,142.6820387840271,IO -> PLC,3.05682
1776084766.6994174,142.69803833961487,IO -> PLC,4.5908
1776084766.7154176,142.71403861045837,IO -> PLC,0.91463
1776084766.7314172,142.73003816604614,IO -> PLC,2.54412
1776084766.7474165,142.74603748321533,IO -> PLC,4.59533
1776084766.7634158,142.76203680038452,IO -> PLC,6.2053
1776084766.7794154,142.7780363559723,IO -> PLC,2.60593
1776084766.7954156,142.7940366268158,IO -> PLC,4.44417
1776084766.8114152,142.81003618240356,IO -> PLC,6.44512
1776084766.8274145,142.82603549957275,IO -> PLC,2.33692
1776084766.8434138,142.84203481674194,IO -> PLC,4.06772
1776084766.8594143,142.85803532600403,IO -> PLC,6.01563
1776084766.8754137,142.87403464317322,IO -> PLC,1.90727
1776084766.8914132,142.890034198761,IO -> PLC,4.0372
1776084766.9074125,142.90603351593018,IO -> PLC,5.60941
1776084766.9234118,142.92203283309937,IO -> PLC,1.9262
1776084766.9394124,142.93803334236145,IO -> PLC,3.58825
1776084766.9554117,142.95403265953064,IO -> PLC,5.45921
1776084766.9714112,142.9700322151184,IO -> PLC,1.45854
1776084766.9874105,142.9860315322876,IO -> PLC,3.65398
1776084767.0034099,143.0020308494568,IO -> PLC,5.19324
1776084767.0194104,143.01803135871887,IO -> PLC,1.47411
1776084767.0354097,143.03403067588806,IO -> PLC,3.36777
1776084767.0514092,143.05003023147583,IO -> PLC,5.22129
1776084767.0674086,143.06602954864502,IO -> PLC,3.43447
1776084767.083409,143.0820300579071,IO -> PLC,6.0645
1776084767.0994084,143.0980293750763,IO -> PLC,2.22848
1776084767.115408,143.11402893066406,IO -> PLC,3.89574
1776084767.1314073,143.13002824783325,IO -> PLC,5.78421
1776084767.1474066,143.14602756500244,IO -> PLC,3.27441
1776084767.163407,143.16202807426453,IO -> PLC,5.16584
1776084767.1794064,143.17802739143372,IO -> PLC,1.10781
1776084767.195406,143.19402694702148,IO -> PLC,3.40574
1776084767.2114053,143.21002626419067,IO -> PLC,5.17453
1776084767.2274046,143.22602558135986,IO -> PLC,1.32218
1776084767.243405,143.24202609062195,IO -> PLC,3.18393
1776084767.2594044,143.25802540779114,IO -> PLC,5.3325
1776084767.2754037,143.27402472496033,IO -> PLC,1.35839
1776084767.2914033,143.2900242805481,IO -> PLC,3.43318
1776084767.3074038,143.30602478981018,IO -> PLC,5.58375
1776084767.3234031,143.32202410697937,IO -> PLC,1.81549
1776084767.3394024,143.33802342414856,IO -> PLC,3.72228
1776084767.3554018,143.35402274131775,IO -> PLC,5.58332
1776084767.3714013,143.37002229690552,IO -> PLC,1.87233
1776084767.3874016,143.38602256774902,IO -> PLC,4.09562
1776084767.4034011,143.4020221233368,IO -> PLC,6.05555
1776084767.4194005,143.41802144050598,IO -> PLC,2.09071
1776084767.4354,143.43402099609375,IO -> PLC,4.25264
1776084767.4513993,143.45002031326294,IO -> PLC,5.82758
1776084767.4673996,143.46602058410645,IO -> PLC,2.05835
1776084767.4833992,143.4820201396942,IO -> PLC,4.20884
1776084767.4993985,143.4980194568634,IO -> PLC,0.55529
1776084767.515398,143.51401901245117,IO -> PLC,2.31161
1776084767.5313983,143.53001928329468,IO -> PLC,4.32089
1776084767.5473979,143.54601883888245,IO -> PLC,6.09999
1776084767.5633972,143.56201815605164,IO -> PLC,2.77583
1776084767.5793965,143.57801747322083,IO -> PLC,4.60599
1776084767.595396,143.5940170288086,IO -> PLC,0.67171
1776084767.6113963,143.6100172996521,IO -> PLC,2.69635
1776084767.6273959,143.62601685523987,IO -> PLC,4.77012
1776084767.6433952,143.64201617240906,IO -> PLC,0.65367
1776084767.6593945,143.65801548957825,IO -> PLC,2.56151
1776084767.675394,143.67401504516602,IO -> PLC,4.05076
1776084767.6913943,143.69001531600952,IO -> PLC,4.2342
1776084767.707394,143.7060148715973,IO -> PLC,2.29571
1776084767.7233932,143.72201418876648,IO -> PLC,3.47758
1776084767.7393925,143.73801350593567,IO -> PLC,0.86633
1776084767.755392,143.75401306152344,IO -> PLC,2.69241
1776084767.7713923,143.77001333236694,IO -> PLC,2.83296
1776084767.7873917,143.78601264953613,IO -> PLC,0.85854
1776084767.8033912,143.8020122051239,IO -> PLC,2.62325
1776084767.8193905,143.8180115222931,IO -> PLC,2.03345
1776084767.835391,143.83401203155518,IO -> PLC,2.00096
1776084767.8513904,143.85001134872437,IO -> PLC,1.93653
1776084767.86739,143.86601090431213,IO -> PLC,1.85572
1776084767.8833892,143.88201022148132,IO -> PLC,1.40217
1776084767.8993886,143.8980095386505,IO -> PLC,1.21191
1776084767.915389,143.9140100479126,IO -> PLC,0.93141
1776084767.9313884,143.9300093650818,IO -> PLC,0.57698
1776084767.947388,143.94600892066956,IO -> PLC,2.28536
1776084767.9633873,143.96200823783875,IO -> PLC,4.36321
1776084767.9793866,143.97800755500793,IO -> PLC,6.25688
1776084767.995387,143.99400806427002,IO -> PLC,2.33901
1776084768.0113864,144.0100073814392,IO -> PLC,4.45558
1776084768.027386,144.02600693702698,IO -> PLC,6.40565
1776084768.0433853,144.04200625419617,IO -> PLC,2.29129
1776084768.0593858,144.05800676345825,IO -> PLC,3.92872
1776084768.075385,144.07400608062744,IO -> PLC,5.69838
1776084768.0913844,144.09000539779663,IO -> PLC,3.91565
1776084768.107384,144.1060049533844,IO -> PLC,6.23127
1776084768.1233833,144.1220042705536,IO -> PLC,2.35011
1776084768.1393838,144.13800477981567,IO -> PLC,4.22011
1776084768.155383,144.15400409698486,IO -> PLC,5.84241
1776084768.1713824,144.17000341415405,IO -> PLC,2.24103
1776084768.187382,144.18600296974182,IO -> PLC,4.2544
1776084768.2033813,144.202002286911,IO -> PLC,0.65693
1776084768.2193818,144.2180027961731,IO -> PLC,2.70214
1776084768.2353811,144.23400211334229,IO -> PLC,4.60606
1776084768.2513804,144.25000143051147,IO -> PLC,0.6677
1776084768.26738,144.26600098609924,IO -> PLC,2.56546
1776084768.2833803,144.28200125694275,IO -> PLC,4.57881
1776084768.2993798,144.29800081253052,IO -> PLC,0.6855
1776084768.3153791,144.3140001296997,IO -> PLC,2.58726
1776084768.3313787,144.32999968528748,IO -> PLC,4.18068
1776084768.347378,144.34599900245667,IO -> PLC,6.04755
1776084768.3633783,144.36199927330017,IO -> PLC,2.07048
1776084768.3793778,144.37799882888794,IO -> PLC,3.99991
1776084768.3953772,144.39399814605713,IO -> PLC,5.84951
1776084768.4113767,144.4099977016449,IO -> PLC,2.07389
1776084768.427376,144.4259970188141,IO -> PLC,3.82211
1776084768.4433765,144.44199752807617,IO -> PLC,5.84868
1776084768.4593759,144.45799684524536,IO -> PLC,1.77223
1776084768.4753752,144.47399616241455,IO -> PLC,3.51014
1776084768.4913745,144.48999547958374,IO -> PLC,5.85944
1776084768.507375,144.50599598884583,IO -> PLC,2.04709
1776084768.5233746,144.5219955444336,IO -> PLC,4.12694
1776084768.5393739,144.53799486160278,IO -> PLC,5.71244
1776084768.5553732,144.55399417877197,IO -> PLC,2.18154
1776084768.5713725,144.56999349594116,IO -> PLC,3.97177
1776084768.587373,144.58599400520325,IO -> PLC,5.0799
1776084768.6033723,144.60199332237244,IO -> PLC,2.28759
1776084768.619372,144.6179928779602,IO -> PLC,4.11943
1776084768.6353712,144.6339921951294,IO -> PLC,4.19037
1776084768.6513708,144.64999175071716,IO -> PLC,2.22947
1776084768.667371,144.66599202156067,IO -> PLC,3.90074
1776084768.6833704,144.68199133872986,IO -> PLC,3.92056
1776084768.69937,144.69799089431763,IO -> PLC,2.02607
1776084768.7153692,144.71399021148682,IO -> PLC,2.05078
1776084768.7313697,144.7299907207489,IO -> PLC,1.5593
1776084768.747369,144.7459900379181,IO -> PLC,1.2544
1776084768.7633686,144.76198959350586,IO -> PLC,1.10086
1776084768.779368,144.77798891067505,IO -> PLC,0.96284
1776084768.7953672,144.79398822784424,IO -> PLC,0.83602
1776084768.8113678,144.80998873710632,IO -> PLC,3.89374
1776084768.827367,144.8259880542755,IO -> PLC,5.66022
1776084768.8433666,144.84198760986328,IO -> PLC,1.66451
1776084768.859366,144.85798692703247,IO -> PLC,3.33592
1776084768.8753653,144.87398624420166,IO -> PLC,5.28376
1776084768.8913658,144.88998675346375,IO -> PLC,1.73975
1776084768.907365,144.90598607063293,IO -> PLC,3.52382
1776084768.9233646,144.9219856262207,IO -> PLC,5.29237
1776084768.939364,144.9379849433899,IO -> PLC,1.46563
1776084768.9553645,144.95398545265198,IO -> PLC,3.22513
1776084768.9713638,144.96998476982117,IO -> PLC,4.97224
1776084768.987363,144.98598408699036,IO -> PLC,1.36262
1776084769.0033627,145.00198364257812,IO -> PLC,3.38222
1776084769.019362,145.01798295974731,IO -> PLC,5.01661
1776084769.0353625,145.0339834690094,IO -> PLC,1.26874
1776084769.0513618,145.0499827861786,IO -> PLC,2.91248
1776084769.067361,145.06598210334778,IO -> PLC,1.10527
1776084769.0833607,145.08198165893555,IO -> PLC,3.42488
1776084769.09936,145.09798097610474,IO -> PLC,5.03071
1776084769.1153605,145.11398148536682,IO -> PLC,1.21827
1776084769.1313598,145.129980802536,IO -> PLC,2.82298
1776084769.1473591,145.1459801197052,IO -> PLC,4.67762
1776084769.1633587,145.16197967529297,IO -> PLC,0.69237
1776084769.179358,145.17797899246216,IO -> PLC,3.12752
1776084769.1953585,145.19397950172424,IO -> PLC,4.90023
1776084769.2113578,145.20997881889343,IO -> PLC,1.06132
1776084769.2273574,145.2259783744812,IO -> PLC,2.97532
1776084769.2433567,145.2419776916504,IO -> PLC,4.9354
1776084769.259357,145.2579779624939,IO -> PLC,1.11376
1776084769.2753565,145.27397751808167,IO -> PLC,2.99512
1776084769.2913558,145.28997683525085,IO -> PLC,5.0792
1776084769.3073552,145.30597615242004,IO -> PLC,2.20906
1776084769.3233547,145.3219757080078,IO -> PLC,4.26226
1776084769.3393552,145.3379762172699,IO -> PLC,5.86592
1776084769.3553545,145.3539755344391,IO -> PLC,2.12022
1776084769.3713539,145.36997485160828,IO -> PLC,3.82029
1776084769.3873532,145.38597416877747,IO -> PLC,5.92693
1776084769.4033537,145.40197467803955,IO -> PLC,2.27739
1776084769.419353,145.41797399520874,IO -> PLC,4.24475
1776084769.4353526,145.4339735507965,IO -> PLC,5.78889
1776084769.451352,145.4499728679657,IO -> PLC,2.01022
1776084769.4673512,145.4659721851349,IO -> PLC,3.65916
1776084769.4833517,145.48197269439697,IO -> PLC,5.89998
1776084769.499351,145.49797201156616,IO -> PLC,2.22588
1776084769.5153506,145.51397156715393,IO -> PLC,3.92178
1776084769.53135,145.52997088432312,IO -> PLC,5.92178
1776084769.5473495,145.5459704399109,IO -> PLC,1.95991
1776084769.5633497,145.5619707107544,IO -> PLC,3.85454
1776084769.579349,145.57797002792358,IO -> PLC,5.75006
1776084769.5953486,145.59396958351135,IO -> PLC,2.12116
1776084769.611348,145.60996890068054,IO -> PLC,4.00339
1776084769.6273484,145.62596940994263,IO -> PLC,5.86323
1776084769.6433477,145.64196872711182,IO -> PLC,1.71278
1776084769.6593473,145.65796828269958,IO -> PLC,3.53494
1776084769.6753466,145.67396759986877,IO -> PLC,5.19492
1776084769.691346,145.68996691703796,IO -> PLC,1.5945
1776084769.7073464,145.70596742630005,IO -> PLC,3.41841
1776084769.7233458,145.72196674346924,IO -> PLC,5.45842
1776084769.7393453,145.737966299057,IO -> PLC,1.97368
1776084769.7553446,145.7539656162262,IO -> PLC,3.74031
1776084769.771344,145.76996493339539,IO -> PLC,5.4455
1776084769.7873445,145.78596544265747,IO -> PLC,1.83068
1776084769.8033438,145.80196475982666,IO -> PLC,3.92101
1776084769.819343,145.81796407699585,IO -> PLC,5.81653
1776084769.8353426,145.83396363258362,IO -> PLC,2.03993
1776084769.851342,145.8499629497528,IO -> PLC,3.75136
1776084769.8673425,145.8659634590149,IO -> PLC,5.10229
1776084769.8833418,145.88196277618408,IO -> PLC,2.43576
1776084769.899341,145.89796209335327,IO -> PLC,4.71137
1776084769.9153407,145.91396164894104,IO -> PLC,1.94747
1776084769.931341,145.92996191978455,IO -> PLC,3.68842
1776084769.9473405,145.94596147537231,IO -> PLC,4.10243
1776084769.9633398,145.9619607925415,IO -> PLC,2.12192
1776084769.9793394,145.97796034812927,IO -> PLC,3.77503
1776084769.9953387,145.99395966529846,IO -> PLC,4.2452
1776084770.0113392,146.00996017456055,IO -> PLC,2.0762
1776084770.0273385,146.02595949172974,IO -> PLC,3.67203
1776084770.0433378,146.04195880889893,IO -> PLC,2.98494
1776084770.0593374,146.0579583644867,IO -> PLC,2.26602
1776084770.0753367,146.07395768165588,IO -> PLC,2.74971
1776084770.0913372,146.08995819091797,IO -> PLC,2.52664
1776084770.1073365,146.10595750808716,IO -> PLC,2.2235
1776084770.1233358,146.12195682525635,IO -> PLC,2.03524
1776084770.1393354,146.13795638084412,IO -> PLC,0.69476
1776084770.1553357,146.15395665168762,IO -> PLC,1.96881
1776084770.1713352,146.1699562072754,IO -> PLC,1.59431
1776084770.1873345,146.18595552444458,IO -> PLC,1.44908
1776084770.2033339,146.20195484161377,IO -> PLC,1.0169
1776084770.2193334,146.21795439720154,IO -> PLC,0.82255
1776084770.2353337,146.23395466804504,IO -> PLC,0.70677
1776084770.2513332,146.2499542236328,IO -> PLC,0.71317
1776084770.2673326,146.265953540802,IO -> PLC,4.40484
1776084770.2833319,146.2819528579712,IO -> PLC,0.7133
1776084770.2993314,146.29795241355896,IO -> PLC,2.74722
1776084770.3153317,146.31395268440247,IO -> PLC,4.60697
1776084770.3313313,146.32995223999023,IO -> PLC,1.00064
1776084770.3473306,146.34595155715942,IO -> PLC,2.6339
1776084770.36333,146.3619508743286,IO -> PLC,4.55301
1776084770.3793304,146.3779513835907,IO -> PLC,6.56342
1776084770.3953297,146.3939507007599,IO -> PLC,2.58314
1776084770.4113293,146.40995025634766,IO -> PLC,4.69074
1776084770.4273286,146.42594957351685,IO -> PLC,6.54642
1776084770.4433281,146.44194912910461,IO -> PLC,2.46758
1776084770.4593284,146.45794939994812,IO -> PLC,4.31317
1776084770.4753277,146.4739487171173,IO -> PLC,0.72204
1776084770.4913273,146.48994827270508,IO -> PLC,2.91564
1776084770.5073266,146.50594758987427,IO -> PLC,4.85732
1776084770.523326,146.52194690704346,IO -> PLC,1.20171
1776084770.5393264,146.53794741630554,IO -> PLC,3.30618
1776084770.555326,146.5539469718933,IO -> PLC,5.16402
1776084770.5713253,146.5699462890625,IO -> PLC,1.51729
1776084770.5873246,146.5859456062317,IO -> PLC,3.46016
1776084770.6033251,146.60194611549377,IO -> PLC,5.4808
1776084770.6193244,146.61794543266296,IO -> PLC,1.50948
1776084770.6353238,146.63394474983215,IO -> PLC,3.39916
1776084770.6513233,146.64994430541992,IO -> PLC,5.0549
1776084770.6673226,146.6659436225891,IO -> PLC,1.16679
1776084770.6833231,146.6819441318512,IO -> PLC,3.45785
1776084770.6993225,146.69794344902039,IO -> PLC,5.33496
1776084770.7153218,146.71394276618958,IO -> PLC,1.70894
1776084770.7313213,146.72994232177734,IO -> PLC,3.52477
1776084770.7473207,146.74594163894653,IO -> PLC,5.38149
1776084770.7633212,146.76194214820862,IO -> PLC,1.2844
1776084770.7793205,146.7779414653778,IO -> PLC,3.30617
1776084770.7953198,146.793940782547,IO -> PLC,5.02759
1776084770.8113194,146.80994033813477,IO -> PLC,1.06476
1776084770.8273196,146.82594060897827,IO -> PLC,2.76379
1776084770.8433192,146.84194016456604,IO -> PLC,4.55897
1776084770.8593185,146.85793948173523,IO -> PLC,0.63998
1776084770.875318,146.873939037323,IO -> PLC,2.5111
1776084770.8913174,146.8899383544922,IO -> PLC,4.85007
1776084770.9073176,146.9059386253357,IO -> PLC,1.10949
1776084770.9233172,146.92193818092346,IO -> PLC,2.88732
1776084770.9393165,146.93793749809265,IO -> PLC,4.71331
1776084770.955316,146.95393705368042,IO -> PLC,0.95921
1776084770.9713154,146.9699363708496,IO -> PLC,2.80167
1776084770.987316,146.9859368801117,IO -> PLC,4.5375
1776084771.0033152,147.00193619728088,IO -> PLC,0.67804
1776084771.0193145,147.01793551445007,IO -> PLC,2.58091
1776084771.0353138,147.03393483161926,IO -> PLC,4.08129
1776084771.0513144,147.04993534088135,IO -> PLC,0.68665
1776084771.067314,147.06593489646912,IO -> PLC,5.01418
1776084771.0833132,147.0819342136383,IO -> PLC,2.24429
1776084771.0993125,147.0979335308075,IO -> PLC,4.05612
1776084771.1153119,147.11393284797668,IO -> PLC,5.03839
1776084771.1313124,147.12993335723877,IO -> PLC,2.45074
1776084771.1473117,147.14593267440796,IO -> PLC,4.2777
1776084771.1633112,147.16193222999573,IO -> PLC,4.36488
1776084771.1793106,147.17793154716492,IO -> PLC,2.44679
1776084771.19531,147.19393110275269,IO -> PLC,3.93716
1776084771.2113104,147.2099313735962,IO -> PLC,0.7646
1776084771.2273097,147.22593069076538,IO -> PLC,2.48932
1776084771.2433093,147.24193024635315,IO -> PLC,3.4511
1776084771.2593086,147.25792956352234,IO -> PLC,2.83882
1776084771.2753081,147.2739291191101,IO -> PLC,2.20295
1776084771.2913084,147.2899293899536,IO -> PLC,2.48582
1776084771.307308,147.30592894554138,IO -> PLC,2.52181
1776084771.3233073,147.32192826271057,IO -> PLC,2.09691
1776084771.3393066,147.33792757987976,IO -> PLC,2.02945
1776084771.355307,147.35392808914185,IO -> PLC,1.79615
1776084771.3713064,147.36992740631104,IO -> PLC,1.63845
1776084771.387306,147.3859269618988,IO -> PLC,1.30898
1776084771.4033053,147.401926279068,IO -> PLC,0.93839
1776084771.4193046,147.41792559623718,IO -> PLC,0.67932
1776084771.435305,147.43392610549927,IO -> PLC,4.40988
1776084771.4513044,147.44992542266846,IO -> PLC,0.5825
1776084771.467304,147.46592497825623,IO -> PLC,2.42553
1776084771.4833033,147.48192429542542,IO -> PLC,4.66122
1776084771.4993026,147.4979236125946,IO -> PLC,0.77103
1776084771.5153031,147.5139241218567,IO -> PLC,2.63182
1776084771.5313025,147.52992343902588,IO -> PLC,4.56422
1776084771.547302,147.54592299461365,IO -> PLC,0.68747
1776084771.5633013,147.56192231178284,IO -> PLC,2.65259
1776084771.5793018,147.57792282104492,IO -> PLC,4.71731
1776084771.5953012,147.5939221382141,IO -> PLC,1.14658
1776084771.6113005,147.6099214553833,IO -> PLC,2.96544
1776084771.6273,147.62592101097107,IO -> PLC,4.93689
1776084771.6432993,147.64192032814026,IO -> PLC,0.80805
1776084771.6592999,147.65792083740234,IO -> PLC,2.71804
1776084771.6752992,147.67392015457153,IO -> PLC,4.41275
1776084771.6912985,147.68991947174072,IO -> PLC,0.95073
1776084771.707298,147.7059190273285,IO -> PLC,2.57392
1776084771.7232974,147.72191834449768,IO -> PLC,4.6508
1776084771.7392979,147.73791885375977,IO -> PLC,0.75861
1776084771.7552972,147.75391817092896,IO -> PLC,2.53556
1776084771.7712965,147.76991748809814,IO -> PLC,4.35427
1776084771.787296,147.7859170436859,IO -> PLC,1.09779
1776084771.8032963,147.80191731452942,IO -> PLC,2.74065
1776084771.819296,147.8179168701172,IO -> PLC,4.60449
1776084771.8352952,147.83391618728638,IO -> PLC,0.61389
1776084771.8512945,147.84991550445557,IO -> PLC,2.44716
1776084771.867294,147.86591506004333,IO -> PLC,4.08771
1776084771.8832946,147.88191556930542,IO -> PLC,6.10611
1776084771.899294,147.8979148864746,IO -> PLC,2.43409
1776084771.9152932,147.9139142036438,IO -> PLC,4.13319
1776084771.9312925,147.929913520813,IO -> PLC,5.90702
1776084771.947292,147.94591307640076,IO -> PLC,1.93491
1776084771.9632924,147.96191334724426,IO -> PLC,4.13355
1776084771.979292,147.97791290283203,IO -> PLC,5.92363
1776084771.9952912,147.99391222000122,IO -> PLC,2.14304
1776084772.0112906,148.0099115371704,IO -> PLC,4.13392
1776084772.027291,148.0259120464325,IO -> PLC,6.05504
1776084772.0432904,148.04191136360168,IO -> PLC,1.913
1776084772.05929,148.05791091918945,IO -> PLC,3.66322
1776084772.0752892,148.07391023635864,IO -> PLC,5.44409
1776084772.0912888,148.0899097919464,IO -> PLC,2.40299
1776084772.107289,148.10591006278992,IO -> PLC,4.27497
1776084772.1232884,148.1219093799591,IO -> PLC,5.43438
1776084772.139288,148.13790893554688,IO -> PLC,2.55487
1776084772.1552873,148.15390825271606,IO -> PLC,4.62247
1776084772.1712868,148.16990780830383,IO -> PLC,0.83981
1776084772.187287,148.18590807914734,IO -> PLC,2.7866
1776084772.2032866,148.2019076347351,IO -> PLC,4.71924
1776084772.219286,148.2179069519043,IO -> PLC,0.83098
1776084772.2352853,148.2339062690735,IO -> PLC,2.91905
1776084772.2512858,148.24990677833557,IO -> PLC,4.22094
1776084772.267285,148.26590609550476,IO -> PLC,0.84262
1776084772.2832847,148.28190565109253,IO -> PLC,2.71965
1776084772.299284,148.29790496826172,IO -> PLC,4.64117
1776084772.3152833,148.3139042854309,IO -> PLC,0.84003
1776084772.3312838,148.329904794693,IO -> PLC,2.80106
1776084772.3472831,148.34590411186218,IO -> PLC,4.47953
1776084772.3632824,148.36190342903137,IO -> PLC,5.45476
1776084772.379282,148.37790298461914,IO -> PLC,2.10811
1776084772.3952813,148.39390230178833,IO -> PLC,4.41965
1776084772.4112818,148.40990281105042,IO -> PLC,4.42907
1776084772.4272811,148.4259021282196,IO -> PLC,2.42193
1776084772.4432805,148.4419014453888,IO -> PLC,3.7555
1776084772.45928,148.45790100097656,IO -> PLC,4.03422
1776084772.4752803,148.47390127182007,IO -> PLC,2.18684
1776084772.4912798,148.48990082740784,IO -> PLC,3.63498
1776084772.5072792,148.50590014457703,IO -> PLC,0.64675
1776084772.5232787,148.5218997001648,IO -> PLC,2.8794
1776084772.539278,148.53789901733398,IO -> PLC,2.62474
1776084772.5552783,148.5538992881775,IO -> PLC,2.10246
1776084772.5712779,148.56989884376526,IO -> PLC,2.35046
1776084772.5872772,148.58589816093445,IO -> PLC,2.14364
1776084772.6032767,148.60189771652222,IO -> PLC,2.49084
1776084772.619276,148.6178970336914,IO -> PLC,4.24931
1776084772.6352766,148.6338975429535,IO -> PLC,5.99858
1776084772.6512759,148.64989686012268,IO -> PLC,2.10327
1776084772.6672752,148.66589617729187,IO -> PLC,3.9291
1776084772.6832747,148.68189573287964,IO -> PLC,5.98239
1776084772.699274,148.69789505004883,IO -> PLC,2.37492
1776084772.7152746,148.7138955593109,IO -> PLC,4.15884
1776084772.731274,148.7298948764801,IO -> PLC,5.98986
1776084772.7472732,148.7458941936493,IO -> PLC,1.95639
1776084772.7632725,148.76189351081848,IO -> PLC,3.79174
1776084772.779273,148.77789402008057,IO -> PLC,5.59717
1776084772.7952726,148.79389357566833,IO -> PLC,1.63426
1776084772.811272,148.80989289283752,IO -> PLC,3.85035
1776084772.8272712,148.8258922100067,IO -> PLC,5.60361
1776084772.8432708,148.84189176559448,IO -> PLC,1.5415
1776084772.859271,148.857892036438,IO -> PLC,3.20661
1776084772.8752706,148.87389159202576,IO -> PLC,5.04291
1776084772.89127,148.88989090919495,IO -> PLC,1.40242
1776084772.9072692,148.90589022636414,IO -> PLC,3.30946
1776084772.9232688,148.9218897819519,IO -> PLC,5.0208
1776084772.939269,148.9378900527954,IO -> PLC,1.34462
1776084772.9552686,148.95388960838318,IO -> PLC,3.18085
1776084772.971268,148.96988892555237,IO -> PLC,5.22789
1776084772.9872673,148.98588824272156,IO -> PLC,1.64292
1776084773.0032678,149.00188875198364,IO -> PLC,3.62867
1776084773.019267,149.01788806915283,IO -> PLC,5.25482
1776084773.0352666,149.0338876247406,IO -> PLC,1.61664
1776084773.051266,149.0498869419098,IO -> PLC,3.21526
1776084773.0672653,149.06588625907898,IO -> PLC,2.01943
1776084773.0832658,149.08188676834106,IO -> PLC,4.046
1776084773.0992653,149.09788632392883,IO -> PLC,6.10039
1776084773.1152647,149.11388564109802,IO -> PLC,2.4499
1776084773.131264,149.1298849582672,IO -> PLC,4.19909
1776084773.1472633,149.1458842754364,IO -> PLC,6.00547
1776084773.1632638,149.1618847846985,IO -> PLC,1.98744
1776084773.179263,149.17788410186768,IO -> PLC,3.9036
1776084773.1952627,149.19388365745544,IO -> PLC,5.6495
1776084773.211262,149.20988297462463,IO -> PLC,1.61595
1776084773.2272625,149.22588348388672,IO -> PLC,3.40098
1776084773.2432618,149.2418828010559,IO -> PLC,5.37441
1776084773.2592611,149.2578821182251,IO -> PLC,1.24566
1776084773.2752607,149.27388167381287,IO -> PLC,3.07381
1776084773.29126,149.28988099098206,IO -> PLC,5.01844
1776084773.3072605,149.30588150024414,IO -> PLC,1.23066
1776084773.3232598,149.32188081741333,IO -> PLC,3.07825
1776084773.3392591,149.33788013458252,IO -> PLC,4.70559
1776084773.3552587,149.3538796901703,IO -> PLC,0.81637
1776084773.371258,149.36987900733948,IO -> PLC,2.52555
1776084773.3872585,149.38587951660156,IO -> PLC,4.38138
1776084773.4032578,149.40187883377075,IO -> PLC,6.34962
1776084773.4192574,149.41787838935852,IO -> PLC,2.62735
1776084773.4352567,149.4338777065277,IO -> PLC,4.28542
1776084773.451257,149.44987797737122,IO -> PLC,0.66253
1776084773.4672565,149.46587753295898,IO -> PLC,2.38699
1776084773.4832559,149.48187685012817,IO -> PLC,4.52036
1776084773.4992554,149.49787640571594,IO -> PLC,0.7877
1776084773.5152547,149.51387572288513,IO -> PLC,2.4796
1776084773.5312552,149.52987623214722,IO -> PLC,4.26679
1776084773.5472546,149.5458755493164,IO -> PLC,5.06674
1776084773.5632539,149.5618748664856,IO -> PLC,2.19011
1776084773.5792532,149.57787418365479,IO -> PLC,4.36356
1776084773.5952528,149.59387373924255,IO -> PLC,0.81419
1776084773.6112533,149.60987424850464,IO -> PLC,2.8521
1776084773.6272526,149.62587356567383,IO -> PLC,3.94798
1776084773.643252,149.64187288284302,IO -> PLC,0.75422
1776084773.6592512,149.6578722000122,IO -> PLC,2.37733
1776084773.6752517,149.6738727092743,IO -> PLC,3.14159
1776084773.691251,149.68987202644348,IO -> PLC,0.69098
1776084773.7072506,149.70587158203125,IO -> PLC,2.49842
1776084773.72325,149.72187089920044,IO -> PLC,2.3256
1776084773.7392495,149.7378704547882,IO -> PLC,2.10269
1776084773.7552497,149.7538707256317,IO -> PLC,1.78427
1776084773.771249,149.7698700428009,IO -> PLC,1.7701
1776084773.7872486,149.78586959838867,IO -> PLC,0.86076
1776084773.803248,149.80186891555786,IO -> PLC,1.36989
1776084773.8192475,149.81786847114563,IO -> PLC,0.88466
1776084773.8352478,149.83386874198914,IO -> PLC,0.73848
1776084773.8512473,149.8498682975769,IO -> PLC,2.40343
1776084773.8672466,149.8658676147461,IO -> PLC,4.23766
1776084773.883246,149.88186693191528,IO -> PLC,0.71196
1776084773.8992465,149.89786744117737,IO -> PLC,2.69156
1776084773.9152458,149.91386675834656,IO -> PLC,4.62491
1776084773.9312453,149.92986631393433,IO -> PLC,0.61304
1776084773.9472446,149.94586563110352,IO -> PLC,2.41135
1776084773.963244,149.9618649482727,IO -> PLC,4.42975
1776084773.9792445,149.9778654575348,IO -> PLC,6.47095
1776084773.9952438,149.99386477470398,IO -> PLC,2.59189
1776084774.0112433,150.00986433029175,IO -> PLC,4.6554
1776084774.0272427,150.02586364746094,IO -> PLC,0.69769
1776084774.043242,150.04186296463013,IO -> PLC,2.67418
1776084774.0592425,150.0578634738922,IO -> PLC,4.63017
1776084774.0752418,150.0738627910614,IO -> PLC,0.80374
1776084774.0912411,150.0898621082306,IO -> PLC,3.37009
1776084774.1072407,150.10586166381836,IO -> PLC,5.25216
1776084774.1232412,150.12186217308044,IO -> PLC,1.56678
1776084774.1392405,150.13786149024963,IO -> PLC,3.21157
1776084774.1552398,150.15386080741882,IO -> PLC,5.11132
1776084774.1712394,150.1698603630066,IO -> PLC,1.12193
1776084774.1872387,150.18585968017578,IO -> PLC,3.43218
1776084774.203239,150.2018599510193,IO -> PLC,5.15272
1776084774.2192385,150.21785950660706,IO -> PLC,1.52055
1776084774.2352378,150.23385882377625,IO -> PLC,3.43551
1776084774.2512374,150.249858379364,IO -> PLC,5.4275
1776084774.2672367,150.2658576965332,IO -> PLC,1.70732
1776084774.2832372,150.2818582057953,IO -> PLC,3.64283
1776084774.2992365,150.29785752296448,IO -> PLC,5.32954
1776084774.3152359,150.31385684013367,IO -> PLC,1.40967
1776084774.3312354,150.32985639572144,IO -> PLC,3.35454
1776084774.3472357,150.34585666656494,IO -> PLC,4.89781
1776084774.3632352,150.3618562221527,IO -> PLC,0.98698
1776084774.3792346,150.3778555393219,IO -> PLC,2.95241
1776084774.3952339,150.3938548564911,IO -> PLC,4.88993
1776084774.4112334,150.40985441207886,IO -> PLC,0.77445
1776084774.4272337,150.42585468292236,IO -> PLC,2.5942
1776084774.4432333,150.44185423851013,IO -> PLC,4.33739
1776084774.4592326,150.45785355567932,IO -> PLC,6.42748
1776084774.475232,150.4738528728485,IO -> PLC,2.36343
1776084774.4912314,150.48985242843628,IO -> PLC,4.82626
1776084774.5072317,150.50585269927979,IO -> PLC,1.03127
1776084774.5232313,150.52185225486755,IO -> PLC,3.49729
1776084774.5392306,150.53785157203674,IO -> PLC,5.29872
1776084774.55523,150.55385088920593,IO -> PLC,1.42174
1776084774.5712295,150.5698504447937,IO -> PLC,2.96819
1776084774.5872297,150.5858507156372,IO -> PLC,5.02059
1776084774.6032293,150.60185027122498,IO -> PLC,1.35354
1776084774.6192286,150.61784958839417,IO -> PLC,3.08416
1776084774.635228,150.63384890556335,IO -> PLC,4.73007
1776084774.6512284,150.64984941482544,IO -> PLC,1.013
1776084774.6672277,150.66584873199463,IO -> PLC,2.87875
1776084774.6832273,150.6818482875824,IO -> PLC,4.49818
1776084774.6992266,150.6978476047516,IO -> PLC,1.45274
1776084774.7152262,150.71384716033936,IO -> PLC,3.81308
1776084774.7312264,150.72984743118286,IO -> PLC,4.06012
1776084774.7472258,150.74584674835205,IO -> PLC,1.64143
1776084774.7632253,150.76184630393982,IO -> PLC,3.41943
1776084774.7792246,150.777845621109,IO -> PLC,3.47574
1776084774.795224,150.7938449382782,IO -> PLC,1.47595
1776084774.8112245,150.80984544754028,IO -> PLC,2.63632
1776084774.827224,150.82584500312805,IO -> PLC,2.50326
1776084774.8432233,150.84184432029724,IO -> PLC,1.15382
1776084774.8592227,150.85784363746643,IO -> PLC,2.1985
1776084774.8752232,150.87384414672852,IO -> PLC,1.90672
1776084774.8912225,150.8898434638977,IO -> PLC,1.06186
1776084774.9072218,150.9058427810669,IO -> PLC,1.2077
1776084774.9232213,150.92184233665466,IO -> PLC,4.82658
1776084774.9392207,150.93784165382385,IO -> PLC,0.72541
1776084774.9552212,150.95384216308594,IO -> PLC,0.75436
1776084774.9712205,150.96984148025513,IO -> PLC,4.48485
1776084774.9872198,150.98584079742432,IO -> PLC,0.79442
1776084775.0032194,151.00184035301208,IO -> PLC,2.64401
1776084775.0192187,151.01783967018127,IO -> PLC,4.48512
1776084775.0352192,151.03384017944336,IO -> PLC,0.6903
1776084775.0512185,151.04983949661255,IO -> PLC,2.48437
1776084775.067218,151.06583905220032,IO -> PLC,0.96716
1776084775.0832174,151.0818383693695,IO -> PLC,0.60378
1776084775.0992177,151.097838640213,IO -> PLC,0.89466
1776084775.1152172,151.11383819580078,IO -> PLC,0.69928
1776084775.1312165,151.12983751296997,IO -> PLC,1.59955
1776084775.147216,151.14583706855774,IO -> PLC,1.62834
1776084775.1632154,151.16183638572693,IO -> PLC,0.85309
1776084775.179216,151.177836894989,IO -> PLC,2.96998
1776084775.1952152,151.1938362121582,IO -> PLC,5.02022
1776084775.2112145,151.2098355293274,IO -> PLC,1.02866
1776084775.227214,151.22583508491516,IO -> PLC,2.77185
1776084775.2432134,151.24183440208435,IO -> PLC,4.78609
1776084775.259214,151.25783491134644,IO -> PLC,1.05143
1776084775.2752132,151.27383422851562,IO -> PLC,2.92862
1776084775.2912126,151.28983354568481,IO -> PLC,4.82638
1776084775.3072119,151.305832862854,IO -> PLC,1.19628
1776084775.3232124,151.3218333721161,IO -> PLC,2.97315
1776084775.339212,151.33783292770386,IO -> PLC,4.80834
1776084775.3552113,151.35383224487305,IO -> PLC,0.8311
1776084775.3712106,151.36983156204224,IO -> PLC,4.15317
1776084775.38721,151.38583087921143,IO -> PLC,5.99052
1776084775.4032104,151.4018313884735,IO -> PLC,2.4033
1776084775.4192097,151.4178307056427,IO -> PLC,4.12681
1776084775.4352093,151.43383026123047,IO -> PLC,6.12904
1776084775.4512086,151.44982957839966,IO -> PLC,2.27158
1776084775.4672081,151.46582913398743,IO -> PLC,4.20302
1776084775.4832084,151.48182940483093,IO -> PLC,0.617
1776084775.499208,151.4978289604187,IO -> PLC,2.31403
1776084775.5152073,151.5138282775879,IO -> PLC,4.22386
1776084775.5312066,151.52982759475708,IO -> PLC,6.22602
1776084775.547207,151.54582810401917,IO -> PLC,2.52328
1776084775.5632064,151.56182742118835,IO -> PLC,4.26735
1776084775.579206,151.57782697677612,IO -> PLC,6.46287
1776084775.5952053,151.5938262939453,IO -> PLC,2.85238
1776084775.6112046,151.6098256111145,IO -> PLC,5.08183
1776084775.6272051,151.6258261203766,IO -> PLC,0.91506
1776084775.6432045,151.64182543754578,IO -> PLC,2.80146
1776084775.659204,151.65782499313354,IO -> PLC,4.62754
1776084775.6752033,151.67382431030273,IO -> PLC,0.80894
1776084775.6912026,151.68982362747192,IO -> PLC,3.0804
1776084775.7072031,151.705824136734,IO -> PLC,4.82863
1776084775.7232025,151.7218234539032,IO -> PLC,1.12988
1776084775.739202,151.73782300949097,IO -> PLC,2.98972
1776084775.7552013,151.75382232666016,IO -> PLC,4.71219
1776084775.7712018,151.76982283592224,IO -> PLC,0.67759
1776084775.7872012,151.78582215309143,IO -> PLC,2.84056
1776084775.8032005,151.80182147026062,IO -> PLC,4.68087
1776084775.8192,151.8178210258484,IO -> PLC,0.95148
1776084775.8351994,151.83382034301758,IO -> PLC,2.55203
1776084775.8511999,151.84982085227966,IO -> PLC,4.38009
1776084775.8671992,151.86582016944885,IO -> PLC,0.56167
1776084775.8831985,151.88181948661804,IO -> PLC,2.57103
1776084775.899198,151.8978190422058,IO -> PLC,4.5311
1776084775.9151974,151.913818359375,IO -> PLC,0.72276
1776084775.931198,151.92981886863708,IO -> PLC,2.51291
1776084775.9471972,151.94581818580627,IO -> PLC,4.20161
1776084775.9631965,151.96181750297546,IO -> PLC,4.76515
1776084775.979196,151.97781705856323,IO -> PLC,2.29415
1776084775.9951954,151.99381637573242,IO -> PLC,4.31798
1776084776.011196,152.0098168849945,IO -> PLC,0.70301
1776084776.0271952,152.0258162021637,IO -> PLC,2.3938
1776084776.0431948,152.04181575775146,IO -> PLC,3.14581
1776084776.059194,152.05781507492065,IO -> PLC,0.74841
1776084776.0751944,152.07381534576416,IO -> PLC,2.57449
1776084776.091194,152.08981490135193,IO -> PLC,2.29206
1776084776.1071932,152.10581421852112,IO -> PLC,0.71726
1776084776.1231925,152.1218135356903,IO -> PLC,1.58889
1776084776.139192,152.13781309127808,IO -> PLC,1.45166
1776084776.1551926,152.15381360054016,IO -> PLC,1.84919
1776084776.171192,152.16981291770935,IO -> PLC,1.56685
1776084776.1871912,152.18581223487854,IO -> PLC,4.54353
1776084776.2031906,152.20181155204773,IO -> PLC,0.71895
1776084776.2191901,152.2178111076355,IO -> PLC,2.91056
1776084776.2351904,152.233811378479,IO -> PLC,4.77966
1776084776.25119,152.24981093406677,IO -> PLC,0.95068
1776084776.2671893,152.26581025123596,IO -> PLC,2.76644
1776084776.2831886,152.28180956840515,IO -> PLC,4.99804
1776084776.299189,152.29781007766724,IO -> PLC,1.09865
1776084776.3151884,152.31380939483643,IO -> PLC,3.00744
1776084776.331188,152.3298089504242,IO -> PLC,4.71383
1776084776.3471873,152.34580826759338,IO -> PLC,0.59827
1776084776.3631868,152.36180782318115,IO -> PLC,2.5389
1776084776.379187,152.37780809402466,IO -> PLC,4.65267
1776084776.3951864,152.39380741119385,IO -> PLC,0.86481
1776084776.411186,152.40980696678162,IO -> PLC,2.57719
1776084776.4271853,152.4258062839508,IO -> PLC,4.43495
1776084776.4431849,152.44180583953857,IO -> PLC,6.31006
1776084776.4591851,152.45780611038208,IO -> PLC,2.19354
1776084776.4751847,152.47380566596985,IO -> PLC,3.72256
1776084776.491184,152.48980498313904,IO -> PLC,6.11074
1776084776.5071833,152.50580430030823,IO -> PLC,2.13446
1776084776.5231838,152.5218048095703,IO -> PLC,4.25863
1776084776.5391831,152.5378041267395,IO -> PLC,5.91253
1776084776.5551827,152.55380368232727,IO -> PLC,2.26915
1776084776.571182,152.56980299949646,IO -> PLC,3.88297
1776084776.5871813,152.58580231666565,IO -> PLC,6.11235
1776084776.6031818,152.60180282592773,IO -> PLC,2.20903
1776084776.6191812,152.61780214309692,IO -> PLC,4.4148
1776084776.6351805,152.6338014602661,IO -> PLC,0.57198
1776084776.65118,152.64980101585388,IO -> PLC,2.55141
1776084776.6671793,152.66580033302307,IO -> PLC,4.52685
1776084776.6831799,152.68180084228516,IO -> PLC,0.65003
1776084776.6991792,152.69780015945435,IO -> PLC,2.7033
1776084776.7151785,152.71379947662354,IO -> PLC,4.71979
1776084776.731178,152.7297990322113,IO -> PLC,0.97001
1776084776.7471783,152.7457993030548,IO -> PLC,2.68535
1776084776.7631779,152.76179885864258,IO -> PLC,4.52438
1776084776.7791772,152.77779817581177,IO -> PLC,5.985
1776084776.7951767,152.79379773139954,IO -> PLC,2.45426
1776084776.811176,152.80979704856873,IO -> PLC,4.38874
1776084776.8271763,152.82579731941223,IO -> PLC,6.44514
1776084776.843176,152.841796875,IO -> PLC,2.32246
1776084776.8591752,152.8577961921692,IO -> PLC,4.10965
1776084776.8751748,152.87379574775696,IO -> PLC,5.93773
1776084776.891174,152.88979506492615,IO -> PLC,2.51331
1776084776.9071746,152.90579557418823,IO -> PLC,4.2461
1776084776.923174,152.92179489135742,IO -> PLC,4.92115
1776084776.9391732,152.9377942085266,IO -> PLC,2.26486
1776084776.9551728,152.95379376411438,IO -> PLC,3.96277
1776084776.971173,152.96979403495789,IO -> PLC,4.65231
1776084776.9871726,152.98579359054565,IO -> PLC,2.1793
1776084777.003172,153.00179290771484,IO -> PLC,4.22755
1776084777.0191712,153.01779222488403,IO -> PLC,3.86223
1776084777.0351706,153.03379154205322,IO -> PLC,2.56065
1776084777.051171,153.0497920513153,IO -> PLC,3.27659
1776084777.0671706,153.06579160690308,IO -> PLC,2.83527
1776084777.08317,153.08179092407227,IO -> PLC,5.16601
1776084777.0991693,153.09779024124146,IO -> PLC,1.30766
1776084777.1151688,153.11378979682922,IO -> PLC,3.13669
1776084777.131169,153.12979006767273,IO -> PLC,4.51938
1776084777.1471684,153.14578938484192,IO -> PLC,0.82057
1776084777.163168,153.1617889404297,IO -> PLC,3.06337
1776084777.1791673,153.17778825759888,IO -> PLC,3.77835
1776084777.1951678,153.19378876686096,IO -> PLC,1.0739
1776084777.211167,153.20978808403015,IO -> PLC,2.76468
1776084777.2271667,153.22578763961792,IO -> PLC,3.14077
1776084777.243166,153.2417869567871,IO -> PLC,0.88194
1776084777.2591653,153.2577862739563,IO -> PLC,2.81825
1776084777.2751658,153.27378678321838,IO -> PLC,2.43358
1776084777.291165,153.28978610038757,IO -> PLC,0.80734
1776084777.3071647,153.30578565597534,IO -> PLC,2.08466
1776084777.323164,153.32178497314453,IO -> PLC,1.91888
1776084777.3391633,153.33778429031372,IO -> PLC,0.63769
1776084777.3551638,153.3537847995758,IO -> PLC,1.50948
1776084777.3711631,153.369784116745,IO -> PLC,4.16479
1776084777.3871627,153.38578367233276,IO -> PLC,0.93119
1776084777.403162,153.40178298950195,IO -> PLC,2.47028
1776084777.4191613,153.41778230667114,IO -> PLC,4.22972
1776084777.4351618,153.43378281593323,IO -> PLC,5.90314
1776084777.4511611,153.44978213310242,IO -> PLC,2.04975
1776084777.4671607,153.46578168869019,IO -> PLC,4.03431
1776084777.48316,153.48178100585938,IO -> PLC,6.24448
1776084777.4991605,153.49778151512146,IO -> PLC,2.52525
1776084777.5151598,153.51378083229065,IO -> PLC,4.27549
1776084777.5311592,153.52978014945984,IO -> PLC,6.36669
1776084777.5471587,153.5457797050476,IO -> PLC,2.52162
1776084777.563158,153.5617790222168,IO -> PLC,4.34753
1776084777.5791585,153.57777953147888,IO -> PLC,6.45106
1776084777.5951579,153.59377884864807,IO -> PLC,2.94688
1776084777.6111572,153.60977816581726,IO -> PLC,5.01153
1776084777.6271567,153.62577772140503,IO -> PLC,0.82244
1776084777.643157,153.64177799224854,IO -> PLC,2.67699
1776084777.6591566,153.6577775478363,IO -> PLC,4.38418
1776084777.6751559,153.6737768650055,IO -> PLC,0.58183
1776084777.6911552,153.68977618217468,IO -> PLC,2.46639
1776084777.7071548,153.70577573776245,IO -> PLC,4.38855
1776084777.723155,153.72177600860596,IO -> PLC,0.60996
1776084777.7391546,153.73777556419373,IO -> PLC,2.41347
1776084777.755154,153.75377488136292,IO -> PLC,4.06234
1776084777.7711535,153.76977443695068,IO -> PLC,5.96721
1776084777.7871528,153.78577375411987,IO -> PLC,2.34927
1776084777.803153,153.80177402496338,IO -> PLC,4.30527
1776084777.8191526,153.81777358055115,IO -> PLC,6.13262
1776084777.835152,153.83377289772034,IO -> PLC,2.67237
1776084777.8511512,153.84977221488953,IO -> PLC,4.25556
1776084777.8671517,153.8657727241516,IO -> PLC,6.20043
1776084777.8831513,153.88177227973938,IO -> PLC,2.65321
1776084777.8991506,153.89777159690857,IO -> PLC,4.57337
1776084777.91515,153.91377091407776,IO -> PLC,0.74878
1776084777.9311492,153.92977023124695,IO -> PLC,2.39861
1776084777.9471498,153.94577074050903,IO -> PLC,4.2482
1776084777.963149,153.96177005767822,IO -> PLC,6.07627
1776084777.9791486,153.977769613266,IO -> PLC,2.05488
1776084777.995148,153.99376893043518,IO -> PLC,4.23929
1776084778.0111475,154.00976848602295,IO -> PLC,6.18304
1776084778.0271478,154.02576875686646,IO -> PLC,2.06964
1776084778.043147,154.04176807403564,IO -> PLC,5.80332
1776084778.0591466,154.0577676296234,IO -> PLC,1.80664
1776084778.075146,154.0737669467926,IO -> PLC,3.83537
1776084778.0911455,154.08976650238037,IO -> PLC,5.95425
1776084778.1071458,154.10576677322388,IO -> PLC,2.30375
1776084778.123145,154.12176609039307,IO -> PLC,3.99054
1776084778.1391447,154.13776564598083,IO -> PLC,5.47972
1776084778.155144,154.15376496315002,IO -> PLC,1.80025
1776084778.1711445,154.1697654724121,IO -> PLC,3.54336
1776084778.1871438,154.1857647895813,IO -> PLC,5.26895
1776084778.2031434,154.20176434516907,IO -> PLC,1.44012
1776084778.2191427,154.21776366233826,IO -> PLC,3.67189
1776084778.235142,154.23376297950745,IO -> PLC,4.28751
1776084778.2511425,154.24976348876953,IO -> PLC,1.56953
1776084778.2671418,154.26576280593872,IO -> PLC,3.53905
1776084778.2831414,154.2817623615265,IO -> PLC,3.90674
1776084778.2991407,154.29776167869568,IO -> PLC,1.98775
1776084778.31514,154.31376099586487,IO -> PLC,3.41861
1776084778.3311405,154.32976150512695,IO -> PLC,2.9937
1776084778.3471398,154.34576082229614,IO -> PLC,2.00356
1776084778.3631392,154.36176013946533,IO -> PLC,2.61613
1776084778.3791387,154.3777596950531,IO -> PLC,2.33779
1776084778.3951392,154.39376020431519,IO -> PLC,1.79607
1776084778.4111385,154.40975952148438,IO -> PLC,1.64061
1776084778.4271379,154.42575883865356,IO -> PLC,1.21363
1776084778.4431374,154.44175839424133,IO -> PLC,0.9928
1776084778.4591367,154.45775771141052,IO -> PLC,1.11255
1776084778.475137,154.47375798225403,IO -> PLC,0.88326
1776084778.4911366,154.4897575378418,IO -> PLC,2.37218
1776084778.5071359,154.505756855011,IO -> PLC,4.40715
1776084778.5231354,154.52175641059875,IO -> PLC,0.81394
1776084778.5391347,154.53775572776794,IO -> PLC,2.91145
1776084778.555135,154.55375599861145,IO -> PLC,4.80785
1776084778.5711346,154.56975555419922,IO -> PLC,0.93303
1776084778.587134,154.5857548713684,IO -> PLC,3.08375
1776084778.6031334,154.60175442695618,IO -> PLC,4.8707
1776084778.6191337,154.61775469779968,IO -> PLC,1.12812
1776084778.6351333,154.63375425338745,IO -> PLC,3.01155
1776084778.6511326,154.64975357055664,IO -> PLC,4.9173
1776084778.667132,154.66575288772583,IO -> PLC,1.03624
1776084778.6831315,154.6817524433136,IO -> PLC,3.21144
1776084778.6991317,154.6977527141571,IO -> PLC,4.89727
1776084778.7151313,154.71375226974487,IO -> PLC,1.33565
1776084778.7311306,154.72975158691406,IO -> PLC,3.18332
1776084778.74713,154.74575090408325,IO -> PLC,5.12292
1776084778.7631292,154.76175022125244,IO -> PLC,1.04025
1776084778.7791297,154.77775073051453,IO -> PLC,2.99432
1776084778.7951293,154.7937502861023,IO -> PLC,4.61214
1776084778.8111286,154.80974960327148,IO -> PLC,6.41254
1776084778.827128,154.82574892044067,IO -> PLC,2.61058
1776084778.8431284,154.84174942970276,IO -> PLC,4.40058
1776084778.8591278,154.85774874687195,IO -> PLC,6.42314
1776084778.8751273,154.87374830245972,IO -> PLC,2.26077
1776084778.8911266,154.8897476196289,IO -> PLC,4.44814
1776084778.907126,154.9057469367981,IO -> PLC,6.04572
1776084778.9231265,154.92174744606018,IO -> PLC,2.31122
1776084778.9391258,154.93774676322937,IO -> PLC,4.01121
1776084778.9551253,154.95374631881714,IO -> PLC,6.00208
1776084778.9711246,154.96974563598633,IO -> PLC,2.37511
1776084778.987124,154.98574495315552,IO -> PLC,4.63936
1776084779.0031245,155.0017454624176,IO -> PLC,0.78709
1776084779.0191238,155.0177447795868,IO -> PLC,2.74701
1776084779.0351233,155.03374433517456,IO -> PLC,4.4514
1776084779.0511227,155.04974365234375,IO -> PLC,0.58664
1776084779.0671232,155.06574416160583,IO -> PLC,5.1786
1776084779.0831225,155.08174347877502,IO -> PLC,1.82404
1776084779.099122,155.0977430343628,IO -> PLC,3.94092
1776084779.1151214,155.11374235153198,IO -> PLC,5.83636
1776084779.1311207,155.12974166870117,IO -> PLC,2.00873
1776084779.1471212,155.14574217796326,IO -> PLC,3.61255
1776084779.1631205,155.16174149513245,IO -> PLC,5.49054
1776084779.1791198,155.17774081230164,IO -> PLC,1.52467
1776084779.1951194,155.1937403678894,IO -> PLC,3.85852
1776084779.2111187,155.2097396850586,IO -> PLC,5.94765
1776084779.2271192,155.22574019432068,IO -> PLC,2.04322
1776084779.2431185,155.24173951148987,IO -> PLC,3.83129
1776084779.2591178,155.25773882865906,IO -> PLC,5.58256
1776084779.2751174,155.27373838424683,IO -> PLC,1.70981
1776084779.2911177,155.28973865509033,IO -> PLC,3.92589
1776084779.3071172,155.3057382106781,IO -> PLC,5.43035
1776084779.3231165,155.3217375278473,IO -> PLC,2.01427
1776084779.3391159,155.33773684501648,IO -> PLC,3.9621
1776084779.3551154,155.35373640060425,IO -> PLC,4.90957
1776084779.3711157,155.36973667144775,IO -> PLC,1.95631
1776084779.3871152,155.38573622703552,IO -> PLC,3.9155
1776084779.4031146,155.4017355442047,IO -> PLC,3.95037
1776084779.4191139,155.4177348613739,IO -> PLC,1.85315
1776084779.4351134,155.43373441696167,IO -> PLC,3.61873
1776084779.4511137,155.44973468780518,IO -> PLC,3.67833
1776084779.4671133,155.46573424339294,IO -> PLC,1.63862
1776084779.4831126,155.48173356056213,IO -> PLC,3.06115
1776084779.4991121,155.4977331161499,IO -> PLC,2.81961
1776084779.5151114,155.5137324333191,IO -> PLC,2.04549
1776084779.531112,155.52973294258118,IO -> PLC,2.25252
1776084779.5471113,155.54573225975037,IO -> PLC,1.94145
1776084779.5631106,155.56173157691956,IO -> PLC,1.3527
1776084779.57911,155.57773089408875,IO -> PLC,0.72113
1776084779.5951104,155.59373140335083,IO -> PLC,6.04193
1776084779.61111,155.6097309589386,IO -> PLC,2.12102
1776084779.6271093,155.6257302761078,IO -> PLC,0.55437
1776084779.6431086,155.64172959327698,IO -> PLC,5.95525
1776084779.659108,155.65772891044617,IO -> PLC,1.95858
1776084779.6751084,155.67372941970825,IO -> PLC,3.62367
1776084779.6911077,155.68972873687744,IO -> PLC,6.04577
1776084779.7071073,155.7057282924652,IO -> PLC,2.12279
1776084779.7231066,155.7217276096344,IO -> PLC,4.04094
1776084779.7391062,155.73772716522217,IO -> PLC,5.89349
1776084779.7551064,155.75372743606567,IO -> PLC,2.06267
1776084779.7711058,155.76972675323486,IO -> PLC,3.92553
1776084779.7871053,155.78572630882263,IO -> PLC,6.10803
1776084779.8031046,155.80172562599182,IO -> PLC,2.40729
1776084779.8191051,155.8177261352539,IO -> PLC,4.07847
1776084779.8351045,155.8337254524231,IO -> PLC,6.05615
1776084779.8511038,155.84972476959229,IO -> PLC,2.31021
1776084779.8671033,155.86572432518005,IO -> PLC,4.30412
1776084779.8831027,155.88172364234924,IO -> PLC,0.62498
1776084779.8991032,155.89772415161133,IO -> PLC,2.68355
1776084779.9151025,155.91372346878052,IO -> PLC,4.42841
1776084779.931102,155.9297230243683,IO -> PLC,0.5515
1776084779.9471014,155.94572234153748,IO -> PLC,2.73303
1776084779.9631007,155.96172165870667,IO -> PLC,4.87535
1776084779.9791012,155.97772216796875,IO -> PLC,0.79684
1776084779.9951005,155.99372148513794,IO -> PLC,2.92277
1776084780.0111,156.0097210407257,IO -> PLC,5.00052
1776084780.0270994,156.0257203578949,IO -> PLC,0.86889
1776084780.0430999,156.04172086715698,IO -> PLC,2.97737
1776084780.0590992,156.05772018432617,IO -> PLC,4.56991
1776084780.0750985,156.07371950149536,IO -> PLC,0.74932
1776084780.0910978,156.08971881866455,IO -> PLC,3.17847
1776084780.1070974,156.10571837425232,IO -> PLC,5.10478
1776084780.123098,156.1217188835144,IO -> PLC,1.19723
1776084780.1390972,156.1377182006836,IO -> PLC,3.30692
1776084780.1550965,156.15371751785278,IO -> PLC,4.99978
1776084780.171096,156.16971707344055,IO -> PLC,1.2796
1776084780.1870954,156.18571639060974,IO -> PLC,3.22536
1776084780.2030957,156.20171666145325,IO -> PLC,5.21831
1776084780.2190952,156.21771621704102,IO -> PLC,1.38733
1776084780.2350945,156.2337155342102,IO -> PLC,3.19084
1776084780.251094,156.24971508979797,IO -> PLC,4.82738
1776084780.2670944,156.26571536064148,IO -> PLC,0.89935
1776084780.2830937,156.28171467781067,IO -> PLC,2.9968
1776084780.2990932,156.29771423339844,IO -> PLC,4.8851
1776084780.3150926,156.31371355056763,IO -> PLC,1.05236
1776084780.3310921,156.3297131061554,IO -> PLC,2.73795
1776084780.3470924,156.3457133769989,IO -> PLC,4.60817
1776084780.363092,156.36171293258667,IO -> PLC,4.68505
1776084780.3790913,156.37771224975586,IO -> PLC,2.64527
1776084780.3950906,156.39371156692505,IO -> PLC,4.80111
1776084780.4110901,156.40971112251282,IO -> PLC,0.79916
1776084780.4270904,156.42571139335632,IO -> PLC,2.52675
1776084780.44309,156.4417109489441,IO -> PLC,3.88688
1776084780.4590893,156.45771026611328,IO -> PLC,0.59791
1776084780.4750886,156.47370958328247,IO -> PLC,2.38694
1776084780.491089,156.48971009254456,IO -> PLC,4.61752
1776084780.5070884,156.50570940971375,IO -> PLC,0.97501
1776084780.523088,156.5217089653015,IO -> PLC,3.0047
1776084780.5390873,156.5377082824707,IO -> PLC,4.86045
1776084780.5550866,156.5537075996399,IO -> PLC,0.9765
1776084780.5710871,156.56970810890198,IO -> PLC,2.85649
1776084780.5870864,156.58570742607117,IO -> PLC,4.4124
1776084780.603086,156.60170698165894,IO -> PLC,1.07398
1776084780.6190853,156.61770629882812,IO -> PLC,2.91742
1776084780.6350846,156.63370561599731,IO -> PLC,3.02006
1776084780.6510851,156.6497061252594,IO -> PLC,1.06219
1776084780.6670845,156.6657054424286,IO -> PLC,3.02435
1776084780.683084,156.68170499801636,IO -> PLC,3.27043
1776084780.6990833,156.69770431518555,IO -> PLC,1.61354
1776084780.7150838,156.71370482444763,IO -> PLC,3.04839
1776084780.7310832,156.72970414161682,IO -> PLC,2.66445
1776084780.7470825,156.745703458786,IO -> PLC,2.47114
1776084780.763082,156.76170301437378,IO -> PLC,2.46193
1776084780.7790813,156.77770233154297,IO -> PLC,0.57272
1776084780.7950819,156.79370284080505,IO -> PLC,1.75867
1776084780.8110812,156.80970215797424,IO -> PLC,1.40241
1776084780.8270805,156.82570147514343,IO -> PLC,0.83917
1776084780.84308,156.8417010307312,IO -> PLC,0.88155
1776084780.8590794,156.8577003479004,IO -> PLC,0.67578
1776084780.8750799,156.87370085716248,IO -> PLC,0.60624
1776084780.8910792,156.88970017433167,IO -> PLC,2.7476
1776084780.9070785,156.90569949150085,IO -> PLC,4.60936
1776084780.923078,156.92169904708862,IO -> PLC,0.77142
1776084780.9390774,156.9376983642578,IO -> PLC,2.495
1776084780.955078,156.9536988735199,IO -> PLC,4.32611
1776084780.9710772,156.9696981906891,IO -> PLC,5.93498
1776084780.9870765,156.98569750785828,IO -> PLC,2.31015
1776084781.003076,157.00169706344604,IO -> PLC,4.10119
1776084781.0190763,157.01769733428955,IO -> PLC,5.78901
1776084781.035076,157.03369688987732,IO -> PLC,2.06867
1776084781.0510752,157.0496962070465,IO -> PLC,3.75337
1776084781.0670745,157.0656955242157,IO -> PLC,2.32906
1776084781.083074,157.08169507980347,IO -> PLC,4.70915
1776084781.0990744,157.09769535064697,IO -> PLC,0.86913
1776084781.115074,157.11369490623474,IO -> PLC,3.05666
1776084781.1310732,157.12969422340393,IO -> PLC,4.88648
1776084781.1470726,157.14569354057312,IO -> PLC,0.87549
1776084781.163073,157.1616940498352,IO -> PLC,2.67492
1776084781.1790724,157.1776933670044,IO -> PLC,4.67916
1776084781.195072,157.19369292259216,IO -> PLC,0.79297
1776084781.2110713,157.20969223976135,IO -> PLC,2.68961
1776084781.2270708,157.22569179534912,IO -> PLC,4.81777
1776084781.243071,157.24169206619263,IO -> PLC,0.83326
1776084781.2590704,157.25769138336182,IO -> PLC,2.8447
1776084781.27507,157.27369093894958,IO -> PLC,4.6574
1776084781.2910693,157.28969025611877,IO -> PLC,1.17684
1776084781.3070686,157.30568957328796,IO -> PLC,2.90355
1776084781.323069,157.32169008255005,IO -> PLC,4.79793
1776084781.3390687,157.33768963813782,IO -> PLC,0.85558
1776084781.355068,157.353688955307,IO -> PLC,2.70718
1776084781.3710673,157.3696882724762,IO -> PLC,4.34884
1776084781.3870666,157.38568758964539,IO -> PLC,0.87547
1776084781.403067,157.40168809890747,IO -> PLC,2.54778
1776084781.4190664,157.41768741607666,IO -> PLC,4.47913
1776084781.435066,157.43368697166443,IO -> PLC,6.06655
1776084781.4510653,157.44968628883362,IO -> PLC,2.32485
1776084781.4670658,157.4656867980957,IO -> PLC,4.11091
1776084781.4830651,157.4816861152649,IO -> PLC,6.07627
1776084781.4990644,157.49768543243408,IO -> PLC,2.22897
1776084781.515064,157.51368498802185,IO -> PLC,3.87791
1776084781.5310633,157.52968430519104,IO -> PLC,6.01008
1776084781.5470638,157.54568481445312,IO -> PLC,2.09109
1776084781.5630631,157.56168413162231,IO -> PLC,4.10052
1776084781.5790625,157.5776834487915,IO -> PLC,5.94988
1776084781.595062,157.59368300437927,IO -> PLC,2.41307
1776084781.6110613,157.60968232154846,IO -> PLC,4.56379
1776084781.6270618,157.62568283081055,IO -> PLC,0.57312
1776084781.6430612,157.64168214797974,IO -> PLC,2.27006
1776084781.6590607,157.6576817035675,IO -> PLC,4.19125
1776084781.67506,157.6736810207367,IO -> PLC,4.97704
1776084781.6910603,157.6896812915802,IO -> PLC,2.72309
1776084781.7070599,157.70568084716797,IO -> PLC,4.55635
1776084781.7230592,157.72168016433716,IO -> PLC,0.85346
1776084781.7390587,157.73767971992493,IO -> PLC,2.53
1776084781.755058,157.75367903709412,IO -> PLC,3.75388
1776084781.7710586,157.7696795463562,IO -> PLC,3.28809
1776084781.7870579,157.7856788635254,IO -> PLC,2.32548
1776084781.8030572,157.80167818069458,IO -> PLC,2.88076
1776084781.8190565,157.81767749786377,IO -> PLC,0.58905
1776084781.835056,157.83367705345154,IO -> PLC,2.30552
1776084781.8510566,157.84967756271362,IO -> PLC,2.45927
1776084781.867056,157.8656768798828,IO -> PLC,1.76707
1776084781.8830552,157.881676197052,IO -> PLC,1.57273
1776084781.8990548,157.89767575263977,IO -> PLC,1.6476
1776084781.915055,157.91367602348328,IO -> PLC,1.27901
1776084781.9310544,157.92967534065247,IO -> PLC,1.01091
1776084781.947054,157.94567489624023,IO -> PLC,4.26216
1776084781.9630532,157.96167421340942,IO -> PLC,6.32881
1776084781.9790528,157.9776737689972,IO -> PLC,2.16645
1776084781.995053,157.9936740398407,IO -> PLC,4.63942
1776084782.0110526,158.00967359542847,IO -> PLC,0.61507
1776084782.027052,158.02567291259766,IO -> PLC,2.48522
1776084782.0430512,158.04167222976685,IO -> PLC,4.41865
1776084782.0590508,158.05767178535461,IO -> PLC,6.46154
1776084782.075051,158.07367205619812,IO -> PLC,2.34718
1776084782.0910506,158.0896716117859,IO -> PLC,4.86865
1776084782.10705,158.10567092895508,IO -> PLC,0.97725
1776084782.1230493,158.12167024612427,IO -> PLC,2.71524
1776084782.1390498,158.13767075538635,IO -> PLC,4.55756
1776084782.155049,158.15367007255554,IO -> PLC,0.74625
1776084782.1710486,158.1696696281433,IO -> PLC,2.55888
1776084782.187048,158.1856689453125,IO -> PLC,4.63377
1776084782.2030473,158.2016682624817,IO -> PLC,0.81533
1776084782.2190478,158.21766877174377,IO -> PLC,2.64837
1776084782.235047,158.23366808891296,IO -> PLC,4.50212
1776084782.2510467,158.24966764450073,IO -> PLC,0.64145
1776084782.267046,158.26566696166992,IO -> PLC,2.68561
1776084782.2830453,158.2816662788391,IO -> PLC,4.94171
1776084782.2990458,158.2976667881012,IO -> PLC,1.2472
1776084782.315045,158.31366610527039,IO -> PLC,2.89807
1776084782.3310444,158.32966542243958,IO -> PLC,4.89503
1776084782.347044,158.34566497802734,IO -> PLC,0.91171
1776084782.3630445,158.36166548728943,IO -> PLC,3.0182
1776084782.3790438,158.37766480445862,IO -> PLC,4.75707
1776084782.3950431,158.3936641216278,IO -> PLC,6.70802
1776084782.4110427,158.40966367721558,IO -> PLC,2.71639
1776084782.427042,158.42566299438477,IO -> PLC,4.4175
1776084782.4430425,158.44166350364685,IO -> PLC,0.66555
1776084782.4590418,158.45766282081604,IO -> PLC,2.23353
1776084782.4750412,158.47366213798523,IO -> PLC,4.10865
1776084782.4910407,158.489661693573,IO -> PLC,0.60247
1776084782.50704,158.5056610107422,IO -> PLC,2.42534
1776084782.5230405,158.52166152000427,IO -> PLC,4.29534
1776084782.5390399,158.53766083717346,IO -> PLC,0.67243
1776084782.5550392,158.55366015434265,IO -> PLC,2.26906
1776084782.5710387,158.56965970993042,IO -> PLC,4.14521
1776084782.587039,158.58565998077393,IO -> PLC,0.64952
1776084782.6030385,158.6016595363617,IO -> PLC,2.54999
1776084782.6190379,158.61765885353088,IO -> PLC,4.28798
1776084782.6350372,158.63365817070007,IO -> PLC,4.29541
1776084782.6510367,158.64965772628784,IO -> PLC,2.22066
1776084782.667037,158.66565799713135,IO -> PLC,4.03546
1776084782.6830366,158.68165755271912,IO -> PLC,0.72689
1776084782.699036,158.6976568698883,IO -> PLC,2.59176
1776084782.7150352,158.7136561870575,IO -> PLC,3.6538
1776084782.7310348,158.72965574264526,IO -> PLC,3.33761
1776084782.747035,158.74565601348877,IO -> PLC,2.70173
1776084782.7630346,158.76165556907654,IO -> PLC,3.0603
1776084782.779034,158.77765488624573,IO -> PLC,2.7482
1776084782.7950332,158.79365420341492,IO -> PLC,2.29048
1776084782.8110328,158.80965375900269,IO -> PLC,2.0511
1776084782.827033,158.8256540298462,IO -> PLC,1.72555
1776084782.8430326,158.84165358543396,IO -> PLC,1.33656
1776084782.859032,158.85765290260315,IO -> PLC,3.80954
1776084782.8750312,158.87365221977234,IO -> PLC,0.93532
1776084782.8910317,158.88965272903442,IO -> PLC,0.53513
1776084782.907031,158.9056520462036,IO -> PLC,3.87231
1776084782.9230306,158.92165160179138,IO -> PLC,5.58478
1776084782.93903,158.93765091896057,IO -> PLC,1.73866
1776084782.9550295,158.95365047454834,IO -> PLC,3.64538
1776084782.9710298,158.96965074539185,IO -> PLC,5.43154
1776084782.987029,158.98565006256104,IO -> PLC,1.96424
1776084783.0030286,159.0016496181488,IO -> PLC,3.82287
1776084783.019028,159.017648935318,IO -> PLC,5.74631
1776084783.0350273,159.03364825248718,IO -> PLC,1.89508
1776084783.0510278,159.04964876174927,IO -> PLC,3.66067
1776084783.0670273,159.06564831733704,IO -> PLC,2.20244
1776084783.0830266,159.08164763450623,IO -> PLC,4.30491
1776084783.099026,159.09764695167542,IO -> PLC,6.15443
1776084783.1150265,159.1136474609375,IO -> PLC,2.3288
1776084783.1310258,159.1296467781067,IO -> PLC,4.10655
1776084783.147025,159.14564609527588,IO -> PLC,5.8507
1776084783.1630247,159.16164565086365,IO -> PLC,1.7373
1776084783.179024,159.17764496803284,IO -> PLC,4.3066
1776084783.1950245,159.19364547729492,IO -> PLC,6.17356
1776084783.2110238,159.2096447944641,IO -> PLC,2.28241
1776084783.2270231,159.2256441116333,IO -> PLC,4.26408
1776084783.2430227,159.24164366722107,IO -> PLC,0.59007
1776084783.259022,159.25764298439026,IO -> PLC,2.25413
1776084783.2750225,159.27364349365234,IO -> PLC,4.1394
1776084783.2910218,159.28964281082153,IO -> PLC,6.12228
1776084783.3070211,159.30564212799072,IO -> PLC,2.38466
1776084783.3230207,159.3216416835785,IO -> PLC,4.18793
1776084783.339021,159.337641954422,IO -> PLC,5.98544
1776084783.3550205,159.35364151000977,IO -> PLC,2.03077
1776084783.3710198,159.36964082717896,IO -> PLC,3.97637
1776084783.3870194,159.38564038276672,IO -> PLC,6.0082
1776084783.4030187,159.4016396999359,IO -> PLC,2.11394
1776084783.419019,159.41763997077942,IO -> PLC,3.96353
1776084783.4350185,159.4336395263672,IO -> PLC,5.69423
1776084783.4510179,159.44963884353638,IO -> PLC,1.89109
1776084783.4670174,159.46563839912415,IO -> PLC,3.64228
1776084783.4830167,159.48163771629333,IO -> PLC,5.89229
1776084783.4990172,159.49763822555542,IO -> PLC,1.9713
1776084783.5150166,159.5136375427246,IO -> PLC,4.05235
1776084783.5310159,159.5296368598938,IO -> PLC,1.7135
1776084783.5470152,159.545636177063,IO -> PLC,3.60006
1776084783.5630157,159.56163668632507,IO -> PLC,5.18332
1776084783.5790153,159.57763624191284,IO -> PLC,1.02975
1776084783.5950146,159.59363555908203,IO -> PLC,3.54402
1776084783.611014,159.60963487625122,IO -> PLC,5.88516
1776084783.6270132,159.6256341934204,IO -> PLC,1.81151
1776084783.6430137,159.6416347026825,IO -> PLC,3.41126
1776084783.659013,159.65763401985168,IO -> PLC,5.25565
1776084783.6750126,159.67363357543945,IO -> PLC,1.33473
1776084783.691012,159.68963289260864,IO -> PLC,3.44226
1776084783.7070115,159.7056324481964,IO -> PLC,5.15273
1776084783.7230117,159.72163271903992,IO -> PLC,1.7428
1776084783.739011,159.7376320362091,IO -> PLC,3.31678
1776084783.7550106,159.75363159179688,IO -> PLC,5.15221
1776084783.77101,159.76963090896606,IO -> PLC,1.16753
1776084783.7870104,159.78563141822815,IO -> PLC,3.42163
1776084783.8030097,159.80163073539734,IO -> PLC,5.00593
1776084783.8190093,159.8176302909851,IO -> PLC,1.27246
1776084783.8350086,159.8336296081543,IO -> PLC,3.0779
1776084783.851008,159.8496289253235,IO -> PLC,4.97957
1776084783.8670084,159.86562943458557,IO -> PLC,1.21754
1776084783.8830078,159.88162875175476,IO -> PLC,3.16834
1776084783.8990073,159.89762830734253,IO -> PLC,5.14475
1776084783.9150066,159.91362762451172,IO -> PLC,1.17992
1776084783.931006,159.9296269416809,IO -> PLC,2.9507
1776084783.9470065,159.945627450943,IO -> PLC,4.59644
1776084783.9630058,159.96162676811218,IO -> PLC,4.96525
1776084783.9790053,159.97762632369995,IO -> PLC,2.79433
1776084783.9950047,159.99362564086914,IO -> PLC,4.47712
1776084784.0110052,160.00962615013123,IO -> PLC,1.08336
1776084784.0270045,160.02562546730042,IO -> PLC,2.97903
1776084784.0430038,160.0416247844696,IO -> PLC,3.60401
1776084784.059003,160.0576241016388,IO -> PLC,1.06652
1776084784.0750027,160.07362365722656,IO -> PLC,2.83898
1776084784.0910032,160.08962416648865,IO -> PLC,2.99698
1776084784.1070025,160.10562348365784,IO -> PLC,1.97101
1776084784.1230018,160.12162280082703,IO -> PLC,2.32236
1776084784.1390014,160.1376223564148,IO -> PLC,1.99498
1776084784.1550007,160.15362167358398,IO -> PLC,1.74416
1776084784.171001,160.1696219444275,IO -> PLC,2.19072
1776084784.1870005,160.18562150001526,IO -> PLC,2.07927
1776084784.2029998,160.20162081718445,IO -> PLC,1.72084
1776084784.2189994,160.21762037277222,IO -> PLC,1.31152
1776084784.2349987,160.2336196899414,IO -> PLC,1.05766
1776084784.2509992,160.2496201992035,IO -> PLC,1.12334
1776084784.2669985,160.26561951637268,IO -> PLC,0.97507
1776084784.2829978,160.28161883354187,IO -> PLC,0.62489
1776084784.2989974,160.29761838912964,IO -> PLC,1.39491
1776084784.3149977,160.31361865997314,IO -> PLC,3.17899
1776084784.3309972,160.3296182155609,IO -> PLC,5.2261
1776084784.3469965,160.3456175327301,IO -> PLC,1.31551
1776084784.3629959,160.3616168498993,IO -> PLC,3.48961
1776084784.3789954,160.37761640548706,IO -> PLC,5.53464
1776084784.3949957,160.39361667633057,IO -> PLC,1.63941
1776084784.4109952,160.40961623191833,IO -> PLC,3.29548
1776084784.4269946,160.42561554908752,IO -> PLC,5.27723
1776084784.4429939,160.4416148662567,IO -> PLC,1.13911
1776084784.4589934,160.45761442184448,IO -> PLC,2.96903
1776084784.4749937,160.473614692688,IO -> PLC,4.77773
1776084784.4909933,160.48961424827576,IO -> PLC,1.65854
1776084784.5069926,160.50561356544495,IO -> PLC,3.45174
1776084784.522992,160.52161288261414,IO -> PLC,5.57485
1776084784.5389924,160.53761339187622,IO -> PLC,1.75843
1776084784.5549917,160.5536127090454,IO -> PLC,3.4645
1776084784.5709913,160.56961226463318,IO -> PLC,5.3028
1776084784.5869906,160.58561158180237,IO -> PLC,1.64807
1776084784.60299,160.60161089897156,IO -> PLC,3.58983
1776084784.6189904,160.61761140823364,IO -> PLC,5.25805
1776084784.6349897,160.63361072540283,IO -> PLC,1.47954
1776084784.6509893,160.6496102809906,IO -> PLC,3.18369
1776084784.6669886,160.6656095981598,IO -> PLC,5.04952
1776084784.6829891,160.68161010742188,IO -> PLC,1.35406
1776084784.6989884,160.69760942459106,IO -> PLC,3.31806
1776084784.7149878,160.71360874176025,IO -> PLC,5.11029
1776084784.7309873,160.72960829734802,IO -> PLC,1.36563
1776084784.7469866,160.7456076145172,IO -> PLC,2.89657
1776084784.7629871,160.7616081237793,IO -> PLC,4.74432
1776084784.7789865,160.7776074409485,IO -> PLC,0.7302
1776084784.7949858,160.79360675811768,IO -> PLC,2.5826
1776084784.8109853,160.80960631370544,IO -> PLC,4.44443
1776084784.8269846,160.82560563087463,IO -> PLC,6.30642
1776084784.8429852,160.84160614013672,IO -> PLC,2.35679
1776084784.8589845,160.8576054573059,IO -> PLC,3.96454
1776084784.8749838,160.8736047744751,IO -> PLC,5.57667
1776084784.8909833,160.88960433006287,IO -> PLC,2.0129
1776084784.9069827,160.90560364723206,IO -> PLC,3.82865
1776084784.9229832,160.92160415649414,IO -> PLC,5.47959
1776084784.9389825,160.93760347366333,IO -> PLC,1.76965
1776084784.9549818,160.95360279083252,IO -> PLC,3.85062
1776084784.9709814,160.9696023464203,IO -> PLC,5.71676
1776084784.9869816,160.9856026172638,IO -> PLC,2.16835
1776084785.0029812,161.00160217285156,IO -> PLC,4.15619
1776084785.0189805,161.01760149002075,IO -> PLC,5.38919
1776084785.0349798,161.03360080718994,IO -> PLC,2.2712
1776084785.0509794,161.0496003627777,IO -> PLC,4.13096
1776084785.0669796,161.06560063362122,IO -> PLC,3.02305
1776084785.0829792,161.08160018920898,IO -> PLC,5.11753
1776084785.0989785,161.09759950637817,IO -> PLC,1.30279
1776084785.114978,161.11359906196594,IO -> PLC,3.25582
1776084785.1309774,161.12959837913513,IO -> PLC,4.86181
1776084785.1469777,161.14559864997864,IO -> PLC,0.82393
1776084785.1629772,161.1615982055664,IO -> PLC,2.70017
1776084785.1789765,161.1775975227356,IO -> PLC,4.74328
1776084785.194976,161.19359707832336,IO -> PLC,0.79678
1776084785.2109764,161.20959734916687,IO -> PLC,2.57157
1776084785.226976,161.22559690475464,IO -> PLC,4.28587
1776084785.2429752,161.24159622192383,IO -> PLC,4.04745
1776084785.2589746,161.25759553909302,IO -> PLC,2.16343
1776084785.2749739,161.2735948562622,IO -> PLC,3.81949
1776084785.2909744,161.2895953655243,IO -> PLC,3.3609
1776084785.306974,161.30559492111206,IO -> PLC,2.37357
1776084785.3229733,161.32159423828125,IO -> PLC,2.593
1776084785.3389726,161.33759355545044,IO -> PLC,2.21937
1776084785.354972,161.35359287261963,IO -> PLC,2.11104
1776084785.3709724,161.3695933818817,IO -> PLC,1.93205
1776084785.3869717,161.3855926990509,IO -> PLC,1.4477
1776084785.4029713,161.40159225463867,IO -> PLC,1.23984
1776084785.4189706,161.41759157180786,IO -> PLC,1.0659
1776084785.434971,161.43359208106995,IO -> PLC,0.77219
1776084785.4509704,161.44959139823914,IO -> PLC,0.7241
1776084785.4669697,161.46559071540833,IO -> PLC,4.24088
1776084785.4829693,161.4815902709961,IO -> PLC,0.65055
1776084785.4989686,161.49758958816528,IO -> PLC,2.43974
1776084785.514969,161.51359009742737,IO -> PLC,4.15821
1776084785.5309684,161.52958941459656,IO -> PLC,6.16021
1776084785.5469677,161.54558873176575,IO -> PLC,2.32842
1776084785.5629673,161.56158828735352,IO -> PLC,4.07769
1776084785.5789666,161.5775876045227,IO -> PLC,6.19345
1776084785.5949671,161.5935881137848,IO -> PLC,2.73328
1776084785.6109664,161.60958743095398,IO -> PLC,4.90642
1776084785.626966,161.62558698654175,IO -> PLC,0.87381
1776084785.6429653,161.64158630371094,IO -> PLC,2.88526
1776084785.6589656,161.65758657455444,IO -> PLC,4.62917
1776084785.6749651,161.6735861301422,IO -> PLC,0.82001
1776084785.6909645,161.6895854473114,IO -> PLC,2.84778
1776084785.706964,161.70558500289917,IO -> PLC,4.68705
1776084785.7229633,161.72158432006836,IO -> PLC,0.86862
1776084785.7389638,161.73758482933044,IO -> PLC,2.69037
1776084785.7549632,161.75358414649963,IO -> PLC,4.60133
1776084785.7709625,161.76958346366882,IO -> PLC,0.69073
1776084785.7869618,161.785582780838,IO -> PLC,2.68778
1776084785.8029613,161.80158233642578,IO -> PLC,4.71746
1776084785.8189619,161.81758284568787,IO -> PLC,0.91328
1776084785.8349612,161.83358216285706,IO -> PLC,2.6583
1776084785.8509605,161.84958148002625,IO -> PLC,4.40437
1776084785.8669598,161.86558079719543,IO -> PLC,6.09132
1776084785.8829603,161.88158130645752,IO -> PLC,2.6445
1776084785.8989596,161.8975806236267,IO -> PLC,4.40385
1776084785.9149592,161.91358017921448,IO -> PLC,6.29953
1776084785.9309585,161.92957949638367,IO -> PLC,2.29965
1776084785.946958,161.94557905197144,IO -> PLC,4.16253
1776084785.9629583,161.96157932281494,IO -> PLC,6.01524
1776084785.9789577,161.97757863998413,IO -> PLC,2.01536
1776084785.9949572,161.9935781955719,IO -> PLC,4.28378
1776084786.0109565,162.0095775127411,IO -> PLC,6.11481
1776084786.026956,162.02557706832886,IO -> PLC,2.09157
1776084786.0429564,162.04157733917236,IO -> PLC,4.17157
1776084786.058956,162.05757689476013,IO -> PLC,0.58028
1776084786.0749552,162.07357621192932,IO -> PLC,2.27946
1776084786.0909545,162.0895755290985,IO -> PLC,6.12283
1776084786.106955,162.1055760383606,IO -> PLC,2.254
1776084786.1229544,162.12157535552979,IO -> PLC,4.06872
1776084786.138954,162.13757491111755,IO -> PLC,5.62029
1776084786.1549532,162.15357422828674,IO -> PLC,2.04756
1776084786.1709526,162.16957354545593,IO -> PLC,3.77211
1776084786.186953,162.18557405471802,IO -> PLC,6.06507
1776084786.2029524,162.2015733718872,IO -> PLC,2.17584
1776084786.218952,162.21757292747498,IO -> PLC,4.37762
1776084786.2349513,162.23357224464417,IO -> PLC,6.12576
1776084786.2509506,162.24957156181335,IO -> PLC,2.33702
1776084786.266951,162.26557207107544,IO -> PLC,3.99404
1776084786.2829504,162.28157138824463,IO -> PLC,6.13332
1776084786.2989497,162.29757070541382,IO -> PLC,2.37946
1776084786.3149493,162.3135702610016,IO -> PLC,4.38754
1776084786.3309486,162.32956957817078,IO -> PLC,5.44261
1776084786.346949,162.34557008743286,IO -> PLC,2.3839
1776084786.3629484,162.36156940460205,IO -> PLC,4.17606
1776084786.378948,162.37756896018982,IO -> PLC,4.86031
1776084786.3949473,162.393568277359,IO -> PLC,2.16426
1776084786.4109476,162.40956854820251,IO -> PLC,3.87849
1776084786.426947,162.42556810379028,IO -> PLC,3.78031
1776084786.4429464,162.44156742095947,IO -> PLC,2.04878
1776084786.458946,162.45756697654724,IO -> PLC,3.629
1776084786.4749453,162.47356629371643,IO -> PLC,3.32722
1776084786.4909458,162.48956680297852,IO -> PLC,2.24587
1776084786.5069451,162.5055661201477,IO -> PLC,2.84821
1776084786.5229445,162.5215654373169,IO -> PLC,2.58707
1776084786.538944,162.53756499290466,IO -> PLC,2.22375
1776084786.5549433,162.55356431007385,IO -> PLC,1.94117
1776084786.5709438,162.56956481933594,IO -> PLC,1.64435
1776084786.5869431,162.58556413650513,IO -> PLC,1.26767
1776084786.6029425,162.60156345367432,IO -> PLC,1.07317
1776084786.618942,162.61756300926208,IO -> PLC,0.69739
1776084786.6349423,162.6335632801056,IO -> PLC,2.40761
1776084786.6509418,162.64956283569336,IO -> PLC,4.05647
1776084786.6669412,162.66556215286255,IO -> PLC,6.03504
1776084786.6829405,162.68156147003174,IO -> PLC,2.47253
1776084786.69894,162.6975610256195,IO -> PLC,4.46542
1776084786.7149403,162.713561296463,IO -> PLC,6.29965
1776084786.7309399,162.72956085205078,IO -> PLC,2.42785
1776084786.7469392,162.74556016921997,IO -> PLC,4.28457
1776084786.7629385,162.76155948638916,IO -> PLC,6.36242
1776084786.778938,162.77755904197693,IO -> PLC,2.43535
1776084786.7949383,162.79355931282043,IO -> PLC,4.91896
1776084786.810938,162.8095588684082,IO -> PLC,0.86469
1776084786.8269372,162.8255581855774,IO -> PLC,2.76357
1776084786.8429365,162.84155750274658,IO -> PLC,4.36418
1776084786.858937,162.85755801200867,IO -> PLC,0.54664
1776084786.8749363,162.87355732917786,IO -> PLC,2.35639
1776084786.890936,162.88955688476562,IO -> PLC,4.45359
1776084786.9069352,162.90555620193481,IO -> PLC,0.54916
1776084786.9229345,162.921555519104,IO -> PLC,2.30027
1776084786.938935,162.9375560283661,IO -> PLC,4.06073
1776084786.9549344,162.95355534553528,IO -> PLC,5.78648
1776084786.970934,162.96955490112305,IO -> PLC,1.92382
1776084786.9869332,162.98555421829224,IO -> PLC,3.85941
1776084787.0029325,163.00155353546143,IO -> PLC,5.74069
1776084787.018933,163.0175540447235,IO -> PLC,1.83106
1776084787.0349324,163.0335533618927,IO -> PLC,3.65609
1776084787.050932,163.04955291748047,IO -> PLC,5.30479
1776084787.0669312,163.06555223464966,IO -> PLC,4.03824
1776084787.0829318,163.08155274391174,IO -> PLC,1.71997
1776084787.098931,163.09755206108093,IO -> PLC,3.70876
1776084787.1149304,163.11355137825012,IO -> PLC,5.63108
1776084787.13093,163.1295509338379,IO -> PLC,1.98554
1776084787.1469293,163.14555025100708,IO -> PLC,3.87409
1776084787.1629298,163.16155076026917,IO -> PLC,5.80449
1776084787.178929,163.17755007743835,IO -> PLC,1.7299
1776084787.1949284,163.19354939460754,IO -> PLC,3.82525
1776084787.210928,163.2095489501953,IO -> PLC,6.09767
1776084787.2269273,163.2255482673645,IO -> PLC,2.08676
1776084787.2429278,163.2415487766266,IO -> PLC,4.19011
1776084787.258927,163.25754809379578,IO -> PLC,5.8533
1776084787.2749264,163.27354741096497,IO -> PLC,2.0716
1776084787.290926,163.28954696655273,IO -> PLC,3.83926
1776084787.3069263,163.30554723739624,IO -> PLC,5.8639
1776084787.3229258,163.321546792984,IO -> PLC,2.17957
1776084787.3389251,163.3375461101532,IO -> PLC,4.18261
1776084787.3549247,163.35354566574097,IO -> PLC,5.74658
1776084787.370924,163.36954498291016,IO -> PLC,2.18393
1776084787.3869243,163.38554525375366,IO -> PLC,4.20153
1776084787.4029238,163.40154480934143,IO -> PLC,5.76039
1776084787.4189231,163.41754412651062,IO -> PLC,2.20189
1776084787.4349227,163.4335436820984,IO -> PLC,4.14661
1776084787.450922,163.44954299926758,IO -> PLC,5.33777
1776084787.4669223,163.46554327011108,IO -> PLC,2.11217
1776084787.4829218,163.48154282569885,IO -> PLC,4.14818
1776084787.4989212,163.49754214286804,IO -> PLC,4.39097
1776084787.5149205,163.51354146003723,IO -> PLC,2.22214
1776084787.530921,163.52954196929932,IO -> PLC,3.81773
1776084787.5469205,163.54554152488708,IO -> PLC,3.2924
1776084787.5629199,163.56154084205627,IO -> PLC,2.26123
1776084787.5789192,163.57754015922546,IO -> PLC,3.37463
1776084787.5949185,163.59353947639465,IO -> PLC,1.03067
1776084787.610919,163.60953998565674,IO -> PLC,2.50552
1776084787.6269183,163.62553930282593,IO -> PLC,2.61648
1776084787.6429179,163.6415388584137,IO -> PLC,1.10888
1776084787.6589172,163.65753817558289,IO -> PLC,2.28772
1776084787.6749165,163.67353749275208,IO -> PLC,1.81273
1776084787.690917,163.68953800201416,IO -> PLC,1.55366
1776084787.7069163,163.70553731918335,IO -> PLC,1.23139
1776084787.722916,163.72153687477112,IO -> PLC,0.83528
1776084787.7389152,163.7375361919403,IO -> PLC,0.5547
1776084787.7549148,163.75353574752808,IO -> PLC,3.35145
1776084787.770915,163.76953601837158,IO -> PLC,5.15792
1776084787.7869143,163.78553533554077,IO -> PLC,1.60263
1776084787.802914,163.80153489112854,IO -> PLC,3.38766
1776084787.8189132,163.81753420829773,IO -> PLC,5.20749
1776084787.8349137,163.83353471755981,IO -> PLC,1.3101
1776084787.850913,163.849534034729,IO -> PLC,3.37066
1776084787.8669126,163.86553359031677,IO -> PLC,5.20057
1776084787.882912,163.88153290748596,IO -> PLC,1.47127
1776084787.8989112,163.89753222465515,IO -> PLC,3.32591
1776084787.9149117,163.91353273391724,IO -> PLC,5.07597
1776084787.930911,163.92953205108643,IO -> PLC,0.94113
1776084787.9469106,163.9455316066742,IO -> PLC,2.80601
1776084787.96291,163.96153092384338,IO -> PLC,4.7344
1776084787.9789104,163.97753143310547,IO -> PLC,0.74189
1776084787.9949098,163.99353075027466,IO -> PLC,2.80653
1776084788.010909,164.00953006744385,IO -> PLC,5.01662
1776084788.0269084,164.02552938461304,IO -> PLC,1.08115
1776084788.042908,164.0415289402008,IO -> PLC,3.05051
1776084788.0589085,164.0575294494629,IO -> PLC,4.79673
1776084788.0749078,164.07352876663208,IO -> PLC,0.93198
1776084788.090907,164.08952808380127,IO -> PLC,3.2044
1776084788.1069064,164.10552740097046,IO -> PLC,5.24256
1776084788.122906,164.12152695655823,IO -> PLC,1.36973
1776084788.1389062,164.13752722740173,IO -> PLC,3.15364
1776084788.1549058,164.1535267829895,IO -> PLC,5.03908
1776084788.170905,164.1695261001587,IO -> PLC,6.64177
1776084788.1869047,164.18552565574646,IO -> PLC,2.98103
1776084788.202904,164.20152497291565,IO -> PLC,4.83679
1776084788.2189043,164.21752524375916,IO -> PLC,1.11956
1776084788.2349038,164.23352479934692,IO -> PLC,2.85755
1776084788.2509031,164.2495241165161,IO -> PLC,4.60562
1776084788.2669027,164.26552367210388,IO -> PLC,0.71943
1776084788.282903,164.2815239429474,IO -> PLC,3.01136
1776084788.2989025,164.29752349853516,IO -> PLC,4.81712
1776084788.3149018,164.31352281570435,IO -> PLC,1.12557
1776084788.3309011,164.32952213287354,IO -> PLC,2.71699
1776084788.3469007,164.3455216884613,IO -> PLC,4.57051
1776084788.362901,164.3615219593048,IO -> PLC,6.10169
1776084788.3789005,164.37752151489258,IO -> PLC,2.02076
1776084788.3948998,164.39352083206177,IO -> PLC,4.01085
1776084788.4108992,164.40952014923096,IO -> PLC,5.2921
1776084788.4268985,164.42551946640015,IO -> PLC,2.03873
1776084788.442899,164.44151997566223,IO -> PLC,3.62831
1776084788.4588985,164.45751953125,IO -> PLC,4.98117
1776084788.4748979,164.4735188484192,IO -> PLC,1.61507
1776084788.4908972,164.48951816558838,IO -> PLC,4.16822
1776084788.5068977,164.50551867485046,IO -> PLC,3.97292
1776084788.522897,164.52151799201965,IO -> PLC,2.40099
1776084788.5388963,164.53751730918884,IO -> PLC,2.93677
1776084788.5548959,164.5535168647766,IO -> PLC,3.31574
1776084788.5708952,164.5695161819458,IO -> PLC,2.07862
1776084788.5868957,164.58551669120789,IO -> PLC,3.1001
1776084788.602895,164.60151600837708,IO -> PLC,0.6915
1776084788.6188946,164.61751556396484,IO -> PLC,2.56558
1776084788.634894,164.63351488113403,IO -> PLC,2.91605
1776084788.6508932,164.64951419830322,IO -> PLC,3.1967
1776084788.6668937,164.6655147075653,IO -> PLC,2.56794
1776084788.682893,164.6815140247345,IO -> PLC,3.72549
1776084788.6988926,164.69751358032227,IO -> PLC,1.09584
1776084788.714892,164.71351289749146,IO -> PLC,2.88384
1776084788.7308924,164.72951340675354,IO -> PLC,3.19135
1776084788.7468917,164.74551272392273,IO -> PLC,0.59955
1776084788.762891,164.76151204109192,IO -> PLC,2.33434
1776084788.7788906,164.7775115966797,IO -> PLC,2.70825
1776084788.79489,164.79351091384888,IO -> PLC,2.01509
1776084788.8108904,164.80951142311096,IO -> PLC,1.74803
1776084788.8268898,164.82551074028015,IO -> PLC,1.39688
1776084788.842889,164.84151005744934,IO -> PLC,1.06629
1776084788.8588886,164.8575096130371,IO -> PLC,1.0734
1776084788.874888,164.8735089302063,IO -> PLC,5.15534
1776084788.8908885,164.88950943946838,IO -> PLC,1.73013
1776084788.9068878,164.90550875663757,IO -> PLC,3.57556
1776084788.922887,164.92150807380676,IO -> PLC,5.72197
1776084788.9388866,164.93750762939453,IO -> PLC,1.9005
1776084788.954887,164.95350790023804,IO -> PLC,3.67113
1776084788.9708865,164.9695074558258,IO -> PLC,5.69361
1776084788.9868858,164.985506772995,IO -> PLC,1.96326
1776084789.002885,165.00150609016418,IO -> PLC,3.78422
1776084789.0188847,165.01750564575195,IO -> PLC,5.63165
1776084789.034885,165.03350591659546,IO -> PLC,1.99963
1776084789.0508845,165.04950547218323,IO -> PLC,3.67386
1776084789.0668838,165.06550478935242,IO -> PLC,2.21978
1776084789.0828831,165.0815041065216,IO -> PLC,4.62955
1776084789.0988827,165.09750366210938,IO -> PLC,1.14282
1776084789.114883,165.11350393295288,IO -> PLC,2.97098
1776084789.1308825,165.12950348854065,IO -> PLC,4.74473
1776084789.1468818,165.14550280570984,IO -> PLC,0.58604
1776084789.1628811,165.16150212287903,IO -> PLC,2.50028
1776084789.1788816,165.1775026321411,IO -> PLC,4.82598
1776084789.194881,165.1935019493103,IO -> PLC,1.05651
1776084789.2108805,165.20950150489807,IO -> PLC,2.73714
1776084789.2268798,165.22550082206726,IO -> PLC,4.67473
1776084789.2428792,165.24150013923645,IO -> PLC,0.75078
1776084789.2588797,165.25750064849854,IO -> PLC,2.61885
1776084789.274879,165.27349996566772,IO -> PLC,4.24084
1776084789.2908785,165.2894995212555,IO -> PLC,0.66522
1776084789.3068779,165.30549883842468,IO -> PLC,2.51265
1776084789.3228772,165.32149815559387,IO -> PLC,4.43585
1776084789.3388777,165.33749866485596,IO -> PLC,6.15535
1776084789.354877,165.35349798202515,IO -> PLC,2.31229
1776084789.3708766,165.36949753761292,IO -> PLC,4.171
1776084789.3868759,165.3854968547821,IO -> PLC,6.25205
1776084789.4028764,165.4014973640442,IO -> PLC,2.5277
1776084789.4188757,165.41749668121338,IO -> PLC,4.35889
1776084789.434875,165.43349599838257,IO -> PLC,6.12641
1776084789.4508746,165.44949555397034,IO -> PLC,2.26909
1776084789.466874,165.46549487113953,IO -> PLC,4.40846
1776084789.4828744,165.4814953804016,IO -> PLC,0.65036
1776084789.4988737,165.4974946975708,IO -> PLC,2.76516
1776084789.514873,165.51349401474,IO -> PLC,4.29306
1776084789.5308726,165.52949357032776,IO -> PLC,6.27258
1776084789.546872,165.54549288749695,IO -> PLC,2.19189
1776084789.5628724,165.56149339675903,IO -> PLC,4.24622
1776084789.5788717,165.57749271392822,IO -> PLC,6.14702
1776084789.594871,165.5934920310974,IO -> PLC,2.52916
1776084789.6108706,165.60949158668518,IO -> PLC,4.64188
1776084789.62687,165.62549090385437,IO -> PLC,0.64329
1776084789.6428704,165.64149141311646,IO -> PLC,2.52753
1776084789.6588697,165.65749073028564,IO -> PLC,4.46728
1776084789.6748693,165.6734902858734,IO -> PLC,0.64357
1776084789.6908686,165.6894896030426,IO -> PLC,2.70606
1776084789.706869,165.7054898738861,IO -> PLC,4.61605
1776084789.7228684,165.72148942947388,IO -> PLC,0.78522
1776084789.7388678,165.73748874664307,IO -> PLC,2.94723
1776084789.754867,165.75348806381226,IO -> PLC,3.83525
1776084789.7708666,165.76948761940002,IO -> PLC,1.1584
1776084789.7868671,165.7854881286621,IO -> PLC,3.1596
1776084789.8028665,165.8014874458313,IO -> PLC,3.10542
1776084789.8188658,165.8174867630005,IO -> PLC,2.64267
1776084789.834865,165.83348608016968,IO -> PLC,2.57626
1776084789.8508646,165.84948563575745,IO -> PLC,2.34704
1776084789.866865,165.86548590660095,IO -> PLC,1.16321
1776084789.8828645,165.88148546218872,IO -> PLC,1.99084
1776084789.8988638,165.8974847793579,IO -> PLC,1.7329
1776084789.914863,165.9134840965271,IO -> PLC,1.35926
1776084789.9308636,165.92948460578918,IO -> PLC,1.10252
1776084789.946863,165.94548392295837,IO -> PLC,5.09317
1776084789.9628625,165.96148347854614,IO -> PLC,0.53231
1776084789.9788618,165.97748279571533,IO -> PLC,3.02073
1776084789.9948614,165.9934823513031,IO -> PLC,5.12834
1776084790.0108616,166.0094826221466,IO -> PLC,0.75597
1776084790.026861,166.0254819393158,IO -> PLC,0.5533
1776084790.0428605,166.04148149490356,IO -> PLC,4.90037
1776084790.0588598,166.05748081207275,IO -> PLC,1.04203
1776084790.0748594,166.07348036766052,IO -> PLC,2.90353
1776084790.0908597,166.08948063850403,IO -> PLC,4.9601
1776084790.1068592,166.1054801940918,IO -> PLC,1.18968
1776084790.1228585,166.121479511261,IO -> PLC,3.09342
1776084790.1388578,166.13747882843018,IO -> PLC,4.99526
1776084790.1548584,166.15347933769226,IO -> PLC,1.14916
1776084790.1708577,166.16947865486145,IO -> PLC,2.9413
1776084790.1868572,166.18547821044922,IO -> PLC,4.94234
1776084790.2028565,166.2014775276184,IO -> PLC,1.18848
1776084790.2188559,166.2174768447876,IO -> PLC,3.20817
1776084790.2348564,166.23347735404968,IO -> PLC,4.8711
1776084790.2508557,166.24947667121887,IO -> PLC,1.17965
1776084790.266855,166.26547598838806,IO -> PLC,2.87547
1776084790.2828546,166.28147554397583,IO -> PLC,4.86739
1776084790.2988539,166.29747486114502,IO -> PLC,1.16361
1776084790.3148544,166.3134753704071,IO -> PLC,2.99672
1776084790.3308537,166.3294746875763,IO -> PLC,5.11552
1776084790.346853,166.34547400474548,IO -> PLC,1.20397
1776084790.3628526,166.36147356033325,IO -> PLC,2.89476
1776084790.3788528,166.37747383117676,IO -> PLC,5.15998
1776084790.3948524,166.39347338676453,IO -> PLC,1.21442
1776084790.4108517,166.40947270393372,IO -> PLC,3.17258
1776084790.426851,166.4254720211029,IO -> PLC,4.86137
1776084790.4428506,166.44147157669067,IO -> PLC,1.05205
1776084790.4588509,166.45747184753418,IO -> PLC,2.7686
1776084790.4748504,166.47347140312195,IO -> PLC,4.82285
1776084790.4908497,166.48947072029114,IO -> PLC,1.55108
1776084790.5068493,166.5054702758789,IO -> PLC,3.29011
1776084790.5228486,166.5214695930481,IO -> PLC,5.38436
1776084790.538849,166.53747010231018,IO -> PLC,1.54544
1776084790.5548484,166.55346941947937,IO -> PLC,3.31495
1776084790.5708477,166.56946873664856,IO -> PLC,5.25575
1776084790.5868473,166.58546829223633,IO -> PLC,2.0792
1776084790.6028476,166.60146856307983,IO -> PLC,3.9431
1776084790.6188471,166.6174681186676,IO -> PLC,5.68822
1776084790.6348464,166.6334674358368,IO -> PLC,1.75803
1776084790.6508458,166.64946675300598,IO -> PLC,3.62905
1776084790.666845,166.66546607017517,IO -> PLC,5.29432
1776084790.6828456,166.68146657943726,IO -> PLC,1.81487
1776084790.6988451,166.69746613502502,IO -> PLC,3.52205
1776084790.7148445,166.7134654521942,IO -> PLC,5.50253
1776084790.7308438,166.7294647693634,IO -> PLC,1.56634
1776084790.7468433,166.74546432495117,IO -> PLC,3.83579
1776084790.7628436,166.76146459579468,IO -> PLC,5.38625
1776084790.778843,166.77746391296387,IO -> PLC,1.27685
1776084790.7948425,166.79346346855164,IO -> PLC,3.43374
1776084790.8108418,166.80946278572083,IO -> PLC,4.72218
1776084790.8268423,166.8254632949829,IO -> PLC,1.69708
1776084790.8428416,166.8414626121521,IO -> PLC,3.38187
1776084790.858841,166.8574619293213,IO -> PLC,3.81835
1776084790.8748405,166.87346148490906,IO -> PLC,1.24286
1776084790.8908398,166.88946080207825,IO -> PLC,2.81612
1776084790.9068403,166.90546131134033,IO -> PLC,2.8161
1776084790.9228396,166.92146062850952,IO -> PLC,1.60676
1776084790.9388392,166.9374601840973,IO -> PLC,2.13853
1776084790.9548385,166.95345950126648,IO -> PLC,2.27789
1776084790.9708378,166.96945881843567,IO -> PLC,1.06846
1776084790.9868383,166.98545932769775,IO -> PLC,1.76608
1776084791.0028377,167.00145864486694,IO -> PLC,1.37509
1776084791.0188372,167.0174582004547,IO -> PLC,0.9469
1776084791.0348365,167.0334575176239,IO -> PLC,0.99841
1776084791.0508358,167.0494568347931,IO -> PLC,0.91768
1776084791.0668364,167.06545734405518,IO -> PLC,2.6863
1776084791.0828357,167.08145666122437,IO -> PLC,2.53916
1776084791.0988352,167.09745621681213,IO -> PLC,1.47406
1776084791.1148345,167.11345553398132,IO -> PLC,1.92167
1776084791.130835,167.1294560432434,IO -> PLC,1.19386
1776084791.1468344,167.1454553604126,IO -> PLC,0.9184
1776084791.1628337,167.1614546775818,IO -> PLC,0.93903
1776084791.178833,167.17745399475098,IO -> PLC,0.5542
1776084791.1948326,167.19345355033875,IO -> PLC,0.76612
1776084791.210833,167.20945405960083,IO -> PLC,2.58083
1776084791.2268324,167.22545337677002,IO -> PLC,4.4529
1776084791.2428317,167.2414526939392,IO -> PLC,0.6396
1776084791.2588313,167.25745224952698,IO -> PLC,2.44615
1776084791.2748306,167.27345156669617,IO -> PLC,4.18389
1776084791.2908309,167.28945183753967,IO -> PLC,0.57652
1776084791.3068304,167.30545139312744,IO -> PLC,2.28563
1776084791.3228297,167.32145071029663,IO -> PLC,4.11249
1776084791.3388293,167.3374502658844,IO -> PLC,5.70927
1776084791.3548295,167.3534505367279,IO -> PLC,1.84877
1776084791.370829,167.36945009231567,IO -> PLC,3.7014
1776084791.3868284,167.38544940948486,IO -> PLC,0.67453
1776084791.4028277,167.40144872665405,IO -> PLC,2.28531
1776084791.4188273,167.41744828224182,IO -> PLC,4.14315
1776084791.4348276,167.43344855308533,IO -> PLC,5.93737
1776084791.4508271,167.4494481086731,IO -> PLC,2.02766
1776084791.4668264,167.46544742584229,IO -> PLC,3.9439
1776084791.4828258,167.48144674301147,IO -> PLC,6.11806
1776084791.4988263,167.49744725227356,IO -> PLC,2.28924
1776084791.5148256,167.51344656944275,IO -> PLC,4.14283
1776084791.5308251,167.52944612503052,IO -> PLC,6.15308
1776084791.5468245,167.5454454421997,IO -> PLC,2.02735
1776084791.5628238,167.5614447593689,IO -> PLC,4.1012
1776084791.5788243,167.57744526863098,IO -> PLC,6.87947
1776084791.5948236,167.59344458580017,IO -> PLC,3.26489
1776084791.6108232,167.60944414138794,IO -> PLC,5.58243
1776084791.6268225,167.62544345855713,IO -> PLC,1.76688
1776084791.6428218,167.64144277572632,IO -> PLC,3.52646
1776084791.6588223,167.6574432849884,IO -> PLC,5.34518
1776084791.6748216,167.6734426021576,IO -> PLC,1.54108
1776084791.6908212,167.68944215774536,IO -> PLC,4.42591
1776084791.7068205,167.70544147491455,IO -> PLC,0.55196
1776084791.7228198,167.72144079208374,IO -> PLC,2.38108
1776084791.7388203,167.73744130134583,IO -> PLC,4.51525
1776084791.7548196,167.75344061851501,IO -> PLC,0.76026
1776084791.7708192,167.76944017410278,IO -> PLC,2.53097
1776084791.7868185,167.78543949127197,IO -> PLC,4.68874
1776084791.802819,167.80144000053406,IO -> PLC,1.11199
1776084791.8188183,167.81743931770325,IO -> PLC,2.87039
1776084791.8348176,167.83343863487244,IO -> PLC,4.6103
1776084791.8508172,167.8494381904602,IO -> PLC,0.7057
1776084791.8668165,167.8654375076294,IO -> PLC,2.66186
1776084791.882817,167.88143801689148,IO -> PLC,4.58922
1776084791.8988163,167.89743733406067,IO -> PLC,1.11985
1776084791.9148157,167.91343665122986,IO -> PLC,2.77895
1776084791.9308152,167.92943620681763,IO -> PLC,4.67655
1776084791.9468145,167.94543552398682,IO -> PLC,0.67275
1776084791.962815,167.9614360332489,IO -> PLC,2.40033
1776084791.9788144,167.9774353504181,IO -> PLC,4.52226
1776084791.9948137,167.99343466758728,IO -> PLC,6.53578
1776084792.0108132,168.00943422317505,IO -> PLC,2.48462
1776084792.0268135,168.02543449401855,IO -> PLC,4.16629
1776084792.042813,168.04143404960632,IO -> PLC,0.67132
1776084792.0588124,168.0574333667755,IO -> PLC,2.75036
1776084792.0748117,168.0734326839447,IO -> PLC,4.76372
1776084792.0908113,168.08943223953247,IO -> PLC,1.56988
1776084792.1068115,168.10543251037598,IO -> PLC,3.5382
1776084792.122811,168.12143206596375,IO -> PLC,4.92185
1776084792.1388104,168.13743138313293,IO -> PLC,1.65833
1776084792.1548097,168.15343070030212,IO -> PLC,3.39424
1776084792.1708093,168.1694302558899,IO -> PLC,4.36011
1776084792.1868095,168.1854305267334,IO -> PLC,1.68118
1776084792.202809,168.20143008232117,IO -> PLC,3.48781
1776084792.2188084,168.21742939949036,IO -> PLC,3.46435
1776084792.2348077,168.23342871665955,IO -> PLC,1.64882
1776084792.2508082,168.24942922592163,IO -> PLC,2.99967
1776084792.2668076,168.26542854309082,IO -> PLC,2.92414
1776084792.282807,168.2814280986786,IO -> PLC,1.43733
1776084792.2988064,168.29742741584778,IO -> PLC,2.2384
1776084792.314806,168.31342697143555,IO -> PLC,1.90965
1776084792.3308063,168.32942724227905,IO -> PLC,0.88767
1776084792.3468056,168.34542655944824,IO -> PLC,1.82498
1776084792.3628051,168.361426115036,IO -> PLC,1.33751
1776084792.3788044,168.3774254322052,IO -> PLC,1.0838
1776084792.3948038,168.3934247493744,IO -> PLC,0.73898
1776084792.4108043,168.40942525863647,IO -> PLC,4.37633
1776084792.4268038,168.42542481422424,IO -> PLC,6.20112
1776084792.4428031,168.44142413139343,IO -> PLC,2.33037
1776084792.4588025,168.45742344856262,IO -> PLC,4.0838
1776084792.474803,168.4734239578247,IO -> PLC,6.20453
1776084792.4908023,168.4894232749939,IO -> PLC,2.75059
1776084792.5068016,168.5054225921631,IO -> PLC,4.71795
1776084792.5228012,168.52142214775085,IO -> PLC,1.23011
1776084792.5388005,168.53742146492004,IO -> PLC,3.56931
1776084792.554801,168.55342197418213,IO -> PLC,5.19042
1776084792.5708003,168.56942129135132,IO -> PLC,1.15383
1776084792.5867996,168.5854206085205,IO -> PLC,3.57992
1776084792.6027992,168.60142016410828,IO -> PLC,5.69977
1776084792.6187985,168.61741948127747,IO -> PLC,1.9079
1776084792.634799,168.63341999053955,IO -> PLC,3.56685
1776084792.6507983,168.64941930770874,IO -> PLC,5.53948
1776084792.6667976,168.66541862487793,IO -> PLC,1.62977
1776084792.6827972,168.6814181804657,IO -> PLC,3.6381
1776084792.6987975,168.6974184513092,IO -> PLC,5.3872
1776084792.714797,168.71341800689697,IO -> PLC,1.6587
1776084792.7307963,168.72941732406616,IO -> PLC,3.36277
1776084792.746796,168.74541687965393,IO -> PLC,5.35588
1776084792.7627952,168.76141619682312,IO -> PLC,1.17056
1776084792.7787955,168.77741646766663,IO -> PLC,3.02735
1776084792.794795,168.7934160232544,IO -> PLC,5.07447
1776084792.8107944,168.80941534042358,IO -> PLC,1.22132
1776084792.826794,168.82541489601135,IO -> PLC,3.16188
1776084792.8427932,168.84141421318054,IO -> PLC,5.23869
1776084792.8587937,168.85741472244263,IO -> PLC,1.33425
1776084792.874793,168.87341403961182,IO -> PLC,3.29329
1776084792.8907924,168.889413356781,IO -> PLC,5.09073
1776084792.9067917,168.9054126739502,IO -> PLC,1.27117
1776084792.9227922,168.92141318321228,IO -> PLC,3.09397
1776084792.9387918,168.93741273880005,IO -> PLC,5.13509
1776084792.954791,168.95341205596924,IO -> PLC,1.3913
1776084792.9707904,168.96941137313843,IO -> PLC,3.24394
1776084792.9867897,168.98541069030762,IO -> PLC,5.38227
1776084793.0027902,169.0014111995697,IO -> PLC,1.51768
1776084793.0187895,169.0174105167389,IO -> PLC,3.34062
1776084793.034789,169.03341007232666,IO -> PLC,5.31303
1776084793.0507884,169.04940938949585,IO -> PLC,1.66749
1776084793.066788,169.06540894508362,IO -> PLC,5.90926
1776084793.0827882,169.08140921592712,IO -> PLC,2.46654
1776084793.0987875,169.0974085330963,IO -> PLC,4.45542
1776084793.114787,169.11340808868408,IO -> PLC,0.60923
1776084793.1307864,169.12940740585327,IO -> PLC,2.60611
1776084793.146786,169.14540696144104,IO -> PLC,4.62267
1776084793.1627862,169.16140723228455,IO -> PLC,0.66696
1776084793.1787856,169.17740654945374,IO -> PLC,2.48366
1776084793.194785,169.1934061050415,IO -> PLC,4.43871
1776084793.2107844,169.2094054222107,IO -> PLC,5.13633
1776084793.226785,169.22540593147278,IO -> PLC,2.50867
1776084793.2427843,169.24140524864197,IO -> PLC,4.19314
1776084793.2587838,169.25740480422974,IO -> PLC,4.4997
1776084793.2747831,169.27340412139893,IO -> PLC,2.17318
1776084793.2907825,169.28940343856812,IO -> PLC,3.94389
1776084793.306783,169.3054039478302,IO -> PLC,3.59282
1776084793.3227823,169.3214032649994,IO -> PLC,2.2185
1776084793.3387818,169.33740282058716,IO -> PLC,2.58635
1776084793.3547812,169.35340213775635,IO -> PLC,2.77595
1776084793.3707805,169.36940145492554,IO -> PLC,2.19119
1776084793.386781,169.38540196418762,IO -> PLC,2.17821
1776084793.4027803,169.4014012813568,IO -> PLC,1.79547
1776084793.4187796,169.417400598526,IO -> PLC,1.68801
1776084793.4347792,169.43340015411377,IO -> PLC,1.31846
1776084793.4507797,169.44940066337585,IO -> PLC,0.76426
1776084793.466779,169.46539998054504,IO -> PLC,1.28596
1776084793.4827783,169.48139929771423,IO -> PLC,0.98794
1776084793.4987776,169.49739861488342,IO -> PLC,0.5539
1776084793.5147772,169.5133981704712,IO -> PLC,3.03728
1776084793.5307775,169.5293984413147,IO -> PLC,5.03848
1776084793.546777,169.54539799690247,IO -> PLC,0.86659
1776084793.5627763,169.56139731407166,IO -> PLC,2.81955
1776084793.578776,169.57739686965942,IO -> PLC,5.05613
1776084793.5947752,169.5933961868286,IO -> PLC,1.15977
1776084793.6107755,169.60939645767212,IO -> PLC,3.55915
1776084793.626775,169.6253960132599,IO -> PLC,5.39651
1776084793.6427743,169.64139533042908,IO -> PLC,1.52367
1776084793.658774,169.65739488601685,IO -> PLC,3.51655
1776084793.6747742,169.67339515686035,IO -> PLC,5.2463
1776084793.6907737,169.68939471244812,IO -> PLC,1.68597
1776084793.706773,169.7053940296173,IO -> PLC,3.51899
1776084793.7227724,169.7213933467865,IO -> PLC,5.46787
1776084793.738772,169.73739290237427,IO -> PLC,1.72922
1776084793.7547722,169.75339317321777,IO -> PLC,3.5256
1776084793.7707717,169.76939272880554,IO -> PLC,5.25735
1776084793.786771,169.78539204597473,IO -> PLC,1.64573
1776084793.8027704,169.80139136314392,IO -> PLC,3.66517
1776084793.8187697,169.8173906803131,IO -> PLC,5.56901
1776084793.8347702,169.8333911895752,IO -> PLC,1.84275
1776084793.8507698,169.84939074516296,IO -> PLC,3.55802
1776084793.866769,169.86539006233215,IO -> PLC,5.59697
1776084793.8827684,169.88138937950134,IO -> PLC,1.93511
1776084793.898769,169.89738988876343,IO -> PLC,3.71903
1776084793.9147682,169.91338920593262,IO -> PLC,5.44797
1776084793.9307675,169.9293885231018,IO -> PLC,1.67034
1776084793.946767,169.94538807868958,IO -> PLC,3.72051
1776084793.9627664,169.96138739585876,IO -> PLC,5.68178
1776084793.978767,169.97738790512085,IO -> PLC,1.53558
1776084793.9947662,169.99338722229004,IO -> PLC,3.68399
1776084794.0107656,170.00938653945923,IO -> PLC,5.64743
1776084794.026765,170.025386095047,IO -> PLC,1.70075
1776084794.0427644,170.0413854122162,IO -> PLC,3.42442
1776084794.058765,170.05738592147827,IO -> PLC,5.27178
1776084794.0747643,170.07338523864746,IO -> PLC,1.41534
1776084794.0907638,170.08938479423523,IO -> PLC,4.03305
1776084794.1067631,170.10538411140442,IO -> PLC,5.7628
1776084794.1227636,170.1213846206665,IO -> PLC,1.88285
1776084794.138763,170.1373839378357,IO -> PLC,3.76932
1776084794.1547623,170.15338325500488,IO -> PLC,5.76525
1776084794.1707618,170.16938281059265,IO -> PLC,2.00602
1776084794.1867611,170.18538212776184,IO -> PLC,4.12178
1776084794.2027617,170.20138263702393,IO -> PLC,5.97546
1776084794.218761,170.21738195419312,IO -> PLC,2.22256
1776084794.2347603,170.2333812713623,IO -> PLC,4.07518
1776084794.2507598,170.24938082695007,IO -> PLC,5.81405
1776084794.2667592,170.26538014411926,IO -> PLC,2.09387
1776084794.2827597,170.28138065338135,IO -> PLC,4.05506
1776084794.298759,170.29737997055054,IO -> PLC,6.15547
1776084794.3147583,170.31337928771973,IO -> PLC,2.19776
1776084794.3307576,170.32937860488892,IO -> PLC,4.27769
1776084794.3467581,170.345379114151,IO -> PLC,5.8151
1776084794.3627577,170.36137866973877,IO -> PLC,2.17132
1776084794.378757,170.37737798690796,IO -> PLC,4.27909
1776084794.3947563,170.39337730407715,IO -> PLC,5.17735
1776084794.4107559,170.40937685966492,IO -> PLC,2.33673
1776084794.4267561,170.42537713050842,IO -> PLC,4.00704
1776084794.4427557,170.4413766860962,IO -> PLC,1.83316
1776084794.458755,170.45737600326538,IO -> PLC,3.55171
1776084794.4747543,170.47337532043457,IO -> PLC,4.15285
1776084794.490754,170.48937487602234,IO -> PLC,2.23803
1776084794.5067542,170.50537514686584,IO -> PLC,3.53663
1776084794.5227537,170.5213747024536,IO -> PLC,3.38118
1776084794.538753,170.5373740196228,IO -> PLC,2.64506
1776084794.5547523,170.553373336792,IO -> PLC,2.92169
1776084794.570752,170.56937289237976,IO -> PLC,0.65654
1776084794.5867522,170.58537316322327,IO -> PLC,2.36989
1776084794.6027517,170.60137271881104,IO -> PLC,2.35875
1776084794.618751,170.61737203598022,IO -> PLC,0.69074
1776084794.6347504,170.6333713531494,IO -> PLC,1.86647
1776084794.6507509,170.6493718624115,IO -> PLC,1.77861
1776084794.6667502,170.6653711795807,IO -> PLC,1.1068
1776084794.6827497,170.68137073516846,IO -> PLC,1.35985
1776084794.698749,170.69737005233765,IO -> PLC,1.25159
1776084794.7147484,170.71336936950684,IO -> PLC,0.9066
1776084794.730749,170.72936987876892,IO -> PLC,3.02116
1776084794.7467482,170.7453691959381,IO -> PLC,4.97316
1776084794.7627478,170.76136875152588,IO -> PLC,0.77775
1776084794.778747,170.77736806869507,IO -> PLC,2.786
1776084794.7947464,170.79336738586426,IO -> PLC,4.8568
1776084794.810747,170.80936789512634,IO -> PLC,0.95341
1776084794.8267462,170.82536721229553,IO -> PLC,2.70044
1776084794.8427458,170.8413667678833,IO -> PLC,4.53147
1776084794.858745,170.8573660850525,IO -> PLC,0.60336
1776084794.8747456,170.87336659431458,IO -> PLC,2.46615
1776084794.890745,170.88936591148376,IO -> PLC,4.36399
1776084794.9067442,170.90536522865295,IO -> PLC,6.31695
1776084794.9227438,170.92136478424072,IO -> PLC,2.50675
1776084794.938743,170.9373641014099,IO -> PLC,4.30091
1776084794.9547436,170.953364610672,IO -> PLC,6.09106
1776084794.970743,170.9693639278412,IO -> PLC,2.25719
1776084794.9867423,170.98536324501038,IO -> PLC,4.30223
1776084795.0027418,171.00136280059814,IO -> PLC,6.20303
1776084795.0187411,171.01736211776733,IO -> PLC,2.41732
1776084795.0347416,171.03336262702942,IO -> PLC,4.10498
1776084795.050741,171.0493619441986,IO -> PLC,5.9465
1776084795.0667403,171.0653612613678,IO -> PLC,4.38674
1776084795.0827398,171.08136081695557,IO -> PLC,0.77927
1776084795.09874,171.09736108779907,IO -> PLC,2.67791
1776084795.1147397,171.11336064338684,IO -> PLC,4.52351
1776084795.130739,171.12935996055603,IO -> PLC,6.17733
1776084795.1467383,171.14535927772522,IO -> PLC,2.14785
1776084795.1627378,171.161358833313,IO -> PLC,3.94416
1776084795.178738,171.1773591041565,IO -> PLC,5.88176
1776084795.1947377,171.19335865974426,IO -> PLC,1.93212
1776084795.210737,171.20935797691345,IO -> PLC,3.82476
1776084795.2267363,171.22535729408264,IO -> PLC,5.53811
1776084795.2427359,171.2413568496704,IO -> PLC,1.8548
1776084795.2587361,171.25735712051392,IO -> PLC,3.50583
1776084795.2747357,171.27335667610168,IO -> PLC,5.45143
1776084795.290735,171.28935599327087,IO -> PLC,1.76093
1776084795.3067343,171.30535531044006,IO -> PLC,3.6442
1776084795.3227348,171.32135581970215,IO -> PLC,5.28274
1776084795.3387341,171.33735513687134,IO -> PLC,1.38256
1776084795.3547337,171.3533546924591,IO -> PLC,3.12038
1776084795.370733,171.3693540096283,IO -> PLC,5.0979
1776084795.3867323,171.38535332679749,IO -> PLC,1.68173
1776084795.4027328,171.40135383605957,IO -> PLC,3.50453
1776084795.4187322,171.41735315322876,IO -> PLC,5.37979
1776084795.4347317,171.43335270881653,IO -> PLC,1.52657
1776084795.450731,171.44935202598572,IO -> PLC,3.38008
1776084795.4667306,171.4653515815735,IO -> PLC,5.17839
1776084795.4827309,171.481351852417,IO -> PLC,1.56389
1776084795.4987302,171.49735116958618,IO -> PLC,3.74814
1776084795.5147297,171.51335072517395,IO -> PLC,5.72974
1776084795.530729,171.52935004234314,IO -> PLC,1.70642
1776084795.5467296,171.54535055160522,IO -> PLC,3.97996
1776084795.562729,171.5613498687744,IO -> PLC,5.5081
1776084795.5787284,171.57734942436218,IO -> PLC,1.54502
1776084795.5947278,171.59334874153137,IO -> PLC,4.03256
1776084795.610727,171.60934805870056,IO -> PLC,4.00007
1776084795.6267276,171.62534856796265,IO -> PLC,2.19357
1776084795.642727,171.64134788513184,IO -> PLC,4.03189
1776084795.6587262,171.65734720230103,IO -> PLC,4.10892
1776084795.6747258,171.6733467578888,IO -> PLC,2.15713
1776084795.690725,171.68934607505798,IO -> PLC,3.54911
1776084795.7067256,171.70534658432007,IO -> PLC,0.58864
1776084795.722725,171.72134590148926,IO -> PLC,2.59904
1776084795.7387242,171.73734521865845,IO -> PLC,2.8368
1776084795.7547238,171.75334477424622,IO -> PLC,0.58692
1776084795.770724,171.76934504508972,IO -> PLC,2.29931
1776084795.7867236,171.7853446006775,IO -> PLC,2.03112
1776084795.802723,171.80134391784668,IO -> PLC,0.81362
1776084795.8187222,171.81734323501587,IO -> PLC,1.81741
1776084795.8347218,171.83334279060364,IO -> PLC,1.10784
1776084795.850722,171.84934306144714,IO -> PLC,0.75046
1776084795.8667216,171.8653426170349,IO -> PLC,2.7783
1776084795.882721,171.8813419342041,IO -> PLC,1.05389
1776084795.8987205,171.89734148979187,IO -> PLC,1.1698
1776084795.9147198,171.91334080696106,IO -> PLC,2.78458
1776084795.93072,171.92934107780457,IO -> PLC,4.76539
1776084795.9467196,171.94534063339233,IO -> PLC,0.7523
1776084795.962719,171.96133995056152,IO -> PLC,2.5823
1776084795.9787185,171.9773395061493,IO -> PLC,4.9296
1776084795.9947178,171.99333882331848,IO -> PLC,1.06901
1776084796.0107183,172.00933933258057,IO -> PLC,2.82123
1776084796.0267177,172.02533864974976,IO -> PLC,4.53066
1776084796.042717,172.04133796691895,IO -> PLC,0.81752
1776084796.0587163,172.05733728408813,IO -> PLC,2.68759
1776084796.0747168,172.07333779335022,IO -> PLC,4.42766
1776084796.0907164,172.089337348938,IO -> PLC,0.85989
1776084796.1067157,172.10533666610718,IO -> PLC,2.68283
1776084796.122715,172.12133598327637,IO -> PLC,4.57027
1776084796.1387143,172.13733530044556,IO -> PLC,0.81121
1776084796.1547148,172.15333580970764,IO -> PLC,2.54184
1776084796.1707141,172.16933512687683,IO -> PLC,4.22662
1776084796.1867137,172.1853346824646,IO -> PLC,6.19494
1776084796.202713,172.2013339996338,IO -> PLC,2.39467
1776084796.2187135,172.21733450889587,IO -> PLC,4.38675
1776084796.2347128,172.23333382606506,IO -> PLC,0.55784
1776084796.2507122,172.24933314323425,IO -> PLC,2.20975
1776084796.2667117,172.26533269882202,IO -> PLC,4.14542
1776084796.282711,172.2813320159912,IO -> PLC,6.24982
1776084796.2987115,172.2973325252533,IO -> PLC,2.38012
1776084796.3147109,172.31333184242249,IO -> PLC,4.18563
1776084796.3307102,172.32933115959167,IO -> PLC,6.17458
1776084796.3467097,172.34533071517944,IO -> PLC,2.18711
1776084796.362709,172.36133003234863,IO -> PLC,4.24048
1776084796.3787096,172.37733054161072,IO -> PLC,6.0059
1776084796.3947089,172.3933298587799,IO -> PLC,2.2518
1776084796.4107084,172.40932941436768,IO -> PLC,4.01755
1776084796.4267077,172.42532873153687,IO -> PLC,6.00931
1776084796.442707,172.44132804870605,IO -> PLC,2.08039
1776084796.4587076,172.45732855796814,IO -> PLC,4.00263
1776084796.474707,172.47332787513733,IO -> PLC,5.85719
1776084796.4907064,172.4893274307251,IO -> PLC,2.6847
1776084796.5067058,172.5053267478943,IO -> PLC,4.30597
1776084796.5227063,172.52132725715637,IO -> PLC,0.8182
1776084796.5387056,172.53732657432556,IO -> PLC,2.74467
1776084796.554705,172.55332589149475,IO -> PLC,4.79179
1776084796.5707042,172.56932520866394,IO -> PLC,1.03577
1776084796.5867038,172.5853247642517,IO -> PLC,3.34507
1776084796.6027043,172.6013252735138,IO -> PLC,3.59714
1776084796.6187036,172.61732459068298,IO -> PLC,1.37087
1776084796.634703,172.63332390785217,IO -> PLC,3.28095
1776084796.6507022,172.64932322502136,IO -> PLC,3.66207
1776084796.6667018,172.66532278060913,IO -> PLC,1.74005
1776084796.682702,172.68132305145264,IO -> PLC,3.08794
1776084796.6987016,172.6973226070404,IO -> PLC,2.78496
1776084796.714701,172.7133219242096,IO -> PLC,1.78545
1776084796.7307005,172.72932147979736,IO -> PLC,2.5926
1776084796.7467008,172.74532175064087,IO -> PLC,3.01269
1776084796.7627,172.76132106781006,IO -> PLC,1.52789
1776084796.7786996,172.77732062339783,IO -> PLC,2.24591
1776084796.794699,172.79331994056702,IO -> PLC,2.96281
1776084796.8106985,172.80931949615479,IO -> PLC,1.70826
1776084796.8266988,172.8253197669983,IO -> PLC,2.45604
1776084796.8426983,172.84131932258606,IO -> PLC,2.80549
1776084796.8586977,172.85731863975525,IO -> PLC,1.69439
1776084796.874697,172.87331795692444,IO -> PLC,2.57025
1776084796.8906965,172.8893175125122,IO -> PLC,2.28263
1776084796.9066968,172.9053177833557,IO -> PLC,1.90988
1776084796.9226964,172.92131733894348,IO -> PLC,3.75827
1776084796.9386957,172.93731665611267,IO -> PLC,5.70003
1776084796.954695,172.95331597328186,IO -> PLC,1.18829
1776084796.9706955,172.96931648254395,IO -> PLC,1.04932
1776084796.9866948,172.98531579971313,IO -> PLC,0.61016
1776084797.0026944,173.0013153553009,IO -> PLC,2.32831
1776084797.0186937,173.0173146724701,IO -> PLC,3.94029
1776084797.034693,173.03331398963928,IO -> PLC,6.20358
1776084797.0506935,173.04931449890137,IO -> PLC,2.26923
1776084797.0666928,173.06531381607056,IO -> PLC,0.78155
1776084797.0826921,173.08131313323975,IO -> PLC,1.77718
1776084797.0986917,173.09731268882751,IO -> PLC,1.05729
1776084797.114691,173.1133120059967,IO -> PLC,1.04728
1776084797.1306915,173.1293125152588,IO -> PLC,0.56405
1776084797.1466908,173.14531183242798,IO -> PLC,6.44102
1776084797.1626902,173.16131114959717,IO -> PLC,2.39523
1776084797.1786897,173.17731070518494,IO -> PLC,4.70956
1776084797.19469,173.19331097602844,IO -> PLC,0.78673
1776084797.2106895,173.2093105316162,IO -> PLC,2.64744
1776084797.2266889,173.2253098487854,IO -> PLC,4.52872
1776084797.2426884,173.24130940437317,IO -> PLC,0.78086
1776084797.2586877,173.25730872154236,IO -> PLC,2.59668
1776084797.274688,173.27330899238586,IO -> PLC,4.37748
1776084797.2906876,173.28930854797363,IO -> PLC,0.69122
1776084797.3066869,173.30530786514282,IO -> PLC,2.54576
1776084797.3226864,173.3213074207306,IO -> PLC,4.55721
1776084797.3386858,173.33730673789978,IO -> PLC,0.79399
1776084797.3546863,173.35330724716187,IO -> PLC,2.67013
1776084797.3706856,173.36930656433105,IO -> PLC,4.54005
1776084797.386685,173.38530588150024,IO -> PLC,0.82499
1776084797.4026845,173.401305437088,IO -> PLC,2.57322
1776084797.4186847,173.41730570793152,IO -> PLC,4.45553
1776084797.4346843,173.4333052635193,IO -> PLC,0.66766
1776084797.4506836,173.44930458068848,IO -> PLC,2.69343
1776084797.466683,173.46530389785767,IO -> PLC,4.39861
1776084797.4826822,173.48130321502686,IO -> PLC,0.9058
1776084797.4986827,173.49730372428894,IO -> PLC,2.82796
1776084797.5146823,173.5133032798767,IO -> PLC,4.60066
1776084797.5306816,173.5293025970459,IO -> PLC,6.46754
1776084797.546681,173.5453019142151,IO -> PLC,2.53943
1776084797.5626805,173.56130146980286,IO -> PLC,4.39518
1776084797.5786808,173.57730174064636,IO -> PLC,6.41254
1776084797.59468,173.59330105781555,IO -> PLC,2.40058
1776084797.6106796,173.60930061340332,IO -> PLC,4.79684
1776084797.626679,173.6252999305725,IO -> PLC,0.94673
1776084797.6426795,173.6413004398346,IO -> PLC,2.89881
1776084797.6586788,173.65729975700378,IO -> PLC,4.48295
1776084797.6746783,173.67329931259155,IO -> PLC,6.26822
1776084797.6906776,173.68929862976074,IO -> PLC,2.73924
1776084797.706677,173.70529794692993,IO -> PLC,4.58684
1776084797.7226775,173.72129845619202,IO -> PLC,0.78354
1776084797.7386768,173.7372977733612,IO -> PLC,2.45903
1776084797.7546763,173.75329732894897,IO -> PLC,4.25127
1776084797.7706757,173.76929664611816,IO -> PLC,4.56695
1776084797.786675,173.78529596328735,IO -> PLC,2.47484
1776084797.8026755,173.80129647254944,IO -> PLC,3.79513
1776084797.8186748,173.81729578971863,IO -> PLC,4.75068
1776084797.8346744,173.8332953453064,IO -> PLC,2.23768
1776084797.8506737,173.8492946624756,IO -> PLC,4.06974
1776084797.866673,173.86529397964478,IO -> PLC,4.07501
1776084797.8826735,173.88129448890686,IO -> PLC,2.34349
1776084797.8986728,173.89729380607605,IO -> PLC,3.57568
1776084797.9146724,173.91329336166382,IO -> PLC,3.27678
1776084797.9306717,173.929292678833,IO -> PLC,1.91999
1776084797.9466722,173.9452931880951,IO -> PLC,2.87858
1776084797.9626715,173.96129250526428,IO -> PLC,2.44871
1776084797.9786708,173.97729182243347,IO -> PLC,1.7421
1776084797.9946702,173.99329113960266,IO -> PLC,2.21252
1776084798.0106697,174.00929069519043,IO -> PLC,2.04873
1776084798.0266702,174.02529120445251,IO -> PLC,1.68838
1776084798.0426695,174.0412905216217,IO -> PLC,1.43748
1776084798.0586689,174.0572898387909,IO -> PLC,1.2185
1776084798.0746684,174.07328939437866,IO -> PLC,2.0246
1776084798.0906677,174.08928871154785,IO -> PLC,4.35622
1776084798.106668,174.10528898239136,IO -> PLC,0.58508
1776084798.1226676,174.12128853797913,IO -> PLC,2.48659
1776084798.1386669,174.13728785514832,IO -> PLC,4.20818
1776084798.1546664,174.15328741073608,IO -> PLC,6.13866
1776084798.1706667,174.1692876815796,IO -> PLC,2.26791
1776084798.1866663,174.18528723716736,IO -> PLC,4.47383
1776084798.2026656,174.20128655433655,IO -> PLC,0.58564
1776084798.218665,174.21728587150574,IO -> PLC,2.58365
1776084798.2346644,174.2332854270935,IO -> PLC,4.24978
1776084798.2506647,174.249285697937,IO -> PLC,0.61273
1776084798.2666643,174.26528525352478,IO -> PLC,2.62609
1776084798.2826636,174.28128457069397,IO -> PLC,4.97938
1776084798.298663,174.29728388786316,IO -> PLC,1.27776
1776084798.3146625,174.31328344345093,IO -> PLC,2.83334
1776084798.3306627,174.32928371429443,IO -> PLC,4.78518
1776084798.3466623,174.3452832698822,IO -> PLC,6.55076
1776084798.3626616,174.3612825870514,IO -> PLC,2.45169
1776084798.378661,174.37728190422058,IO -> PLC,4.60746
1776084798.3946614,174.39328241348267,IO -> PLC,0.86167
1776084798.4106607,174.40928173065186,IO -> PLC,2.63654
1776084798.4266603,174.42528128623962,IO -> PLC,4.45005
1776084798.4426596,174.4412806034088,IO -> PLC,0.61315
1776084798.458659,174.457279920578,IO -> PLC,2.35217
1776084798.4746594,174.4732804298401,IO -> PLC,4.0776
1776084798.4906588,174.48927974700928,IO -> PLC,0.77232
1776084798.5066583,174.50527930259705,IO -> PLC,2.65871
1776084798.5226576,174.52127861976624,IO -> PLC,4.77231
1776084798.538657,174.53727793693542,IO -> PLC,1.03677
1776084798.5546575,174.5532784461975,IO -> PLC,2.7902
1776084798.5706568,174.5692777633667,IO -> PLC,4.50658
1776084798.5866563,174.58527731895447,IO -> PLC,0.69728
1776084798.6026556,174.60127663612366,IO -> PLC,2.6872
1776084798.6186562,174.61727714538574,IO -> PLC,4.53247
1776084798.6346555,174.63327646255493,IO -> PLC,0.73444
1776084798.6506548,174.64927577972412,IO -> PLC,2.497
1776084798.6666543,174.6652753353119,IO -> PLC,4.44268
1776084798.6826537,174.68127465248108,IO -> PLC,5.44854
1776084798.6986542,174.69727516174316,IO -> PLC,2.69489
1776084798.7146535,174.71327447891235,IO -> PLC,4.52712
1776084798.730653,174.72927403450012,IO -> PLC,0.63797
1776084798.7466524,174.7452733516693,IO -> PLC,2.53348
1776084798.7626517,174.7612726688385,IO -> PLC,4.53365
1776084798.7786522,174.7772731781006,IO -> PLC,5.35822
1776084798.7946515,174.79327249526978,IO -> PLC,2.54929
1776084798.8106508,174.80927181243896,IO -> PLC,4.32408
1776084798.8266504,174.82527136802673,IO -> PLC,0.79447
1776084798.8426507,174.84127163887024,IO -> PLC,2.40628
1776084798.8586502,174.857271194458,IO -> PLC,4.07987
1776084798.8746495,174.8732705116272,IO -> PLC,3.59456
1776084798.8906488,174.8892698287964,IO -> PLC,2.77434
1776084798.9066484,174.90526938438416,IO -> PLC,2.98154
1776084798.9226487,174.92126965522766,IO -> PLC,0.65903
1776084798.9386482,174.93726921081543,IO -> PLC,2.49126
1776084798.9546475,174.95326852798462,IO -> PLC,2.5046
1776084798.9706469,174.9692678451538,IO -> PLC,1.92201
1776084798.9866464,174.98526740074158,IO -> PLC,2.60611
1776084799.0026467,175.00126767158508,IO -> PLC,1.47892
1776084799.0186462,175.01726722717285,IO -> PLC,0.65479
1776084799.0346456,175.03326654434204,IO -> PLC,1.27945
1776084799.0506449,175.04926586151123,IO -> PLC,0.93447
1776084799.0666454,175.06526637077332,IO -> PLC,2.68869
1776084799.0826447,175.0812656879425,IO -> PLC,2.59467
1776084799.0986443,175.09726524353027,IO -> PLC,1.88103
1776084799.1146436,175.11326456069946,IO -> PLC,1.98166
1776084799.1306431,175.12926411628723,IO -> PLC,1.78804
1776084799.1466434,175.14526438713074,IO -> PLC,1.17992
1776084799.1626427,175.16126370429993,IO -> PLC,1.2416
1776084799.1786423,175.1772632598877,IO -> PLC,0.84844
1776084799.1946416,175.19326257705688,IO -> PLC,0.71234
1776084799.210641,175.20926189422607,IO -> PLC,0.55585
1776084799.2266414,175.22526240348816,IO -> PLC,5.29917
1776084799.242641,175.24126195907593,IO -> PLC,1.59419
1776084799.2586403,175.25726127624512,IO -> PLC,3.25841
1776084799.2746396,175.2732605934143,IO -> PLC,5.13993
1776084799.290639,175.2892599105835,IO -> PLC,1.51175
1776084799.3066394,175.30526041984558,IO -> PLC,3.53543
1776084799.3226388,175.32125973701477,IO -> PLC,5.41367
1776084799.3386383,175.33725929260254,IO -> PLC,1.7642
1776084799.3546376,175.35325860977173,IO -> PLC,3.41307
1776084799.3706381,175.3692591190338,IO -> PLC,5.3117
1776084799.3866374,175.385258436203,IO -> PLC,1.55568
1776084799.4026368,175.4012577533722,IO -> PLC,3.62328
1776084799.4186363,175.41725730895996,IO -> PLC,5.07654
1776084799.4346356,175.43325662612915,IO -> PLC,1.43404
1776084799.4506361,175.44925713539124,IO -> PLC,3.16882
1776084799.4666355,175.46525645256042,IO -> PLC,5.0553
1776084799.4826348,175.48125576972961,IO -> PLC,1.36384
1776084799.4986343,175.49725532531738,IO -> PLC,3.31888
1776084799.5146337,175.51325464248657,IO -> PLC,5.06494
1776084799.5306342,175.52925515174866,IO -> PLC,0.95154
1776084799.5466335,175.54525446891785,IO -> PLC,2.8225
1776084799.562633,175.56125402450562,IO -> PLC,4.61872
1776084799.5786324,175.5772533416748,IO -> PLC,0.65789
1776084799.5946326,175.5932536125183,IO -> PLC,3.25704
1776084799.6106322,175.60925316810608,IO -> PLC,5.28281
1776084799.6266315,175.62525248527527,IO -> PLC,1.61478
1776084799.642631,175.64125204086304,IO -> PLC,3.34957
1776084799.6586304,175.65725135803223,IO -> PLC,5.25245
1776084799.6746306,175.67325162887573,IO -> PLC,1.51074
1776084799.6906302,175.6892511844635,IO -> PLC,3.52314
1776084799.7066295,175.7052505016327,IO -> PLC,5.4177
1776084799.7226288,175.72124981880188,IO -> PLC,1.66768
1776084799.7386293,175.73725032806396,IO -> PLC,3.43942
1776084799.754629,175.75324988365173,IO -> PLC,5.10564
1776084799.7706282,175.76924920082092,IO -> PLC,1.24834
1776084799.7866275,175.7852485179901,IO -> PLC,3.35066
1776084799.8026268,175.8012478351593,IO -> PLC,0.88301
1776084799.8186274,175.8172483444214,IO -> PLC,3.13607
1776084799.8346267,175.83324766159058,IO -> PLC,4.69276
1776084799.8506262,175.84924721717834,IO -> PLC,1.00314
1776084799.8666255,175.86524653434753,IO -> PLC,2.72561
1776084799.8826249,175.88124585151672,IO -> PLC,4.8661
1776084799.8986254,175.8972463607788,IO -> PLC,0.96158
1776084799.9146247,175.913245677948,IO -> PLC,3.2156
1776084799.9306242,175.92924523353577,IO -> PLC,4.90846
1776084799.9466236,175.94524455070496,IO -> PLC,0.98643
1776084799.9626231,175.96124410629272,IO -> PLC,2.57481
1776084799.9786234,175.97724437713623,IO -> PLC,4.95395
1776084799.9946227,175.99324369430542,IO -> PLC,0.91208
1776084800.0106223,176.0092432498932,IO -> PLC,3.13032
1776084800.0266216,176.02524256706238,IO -> PLC,4.66854
1776084800.042622,176.04124307632446,IO -> PLC,1.11317
1776084800.0586214,176.05724239349365,IO -> PLC,2.83987
1776084800.074621,176.07324194908142,IO -> PLC,4.7129
1776084800.0906203,176.0892412662506,IO -> PLC,1.18017
1776084800.1066196,176.1052405834198,IO -> PLC,3.03281
1776084800.12262,176.12124109268188,IO -> PLC,4.81879
1776084800.1386194,176.13724040985107,IO -> PLC,0.96357
1776084800.154619,176.15323996543884,IO -> PLC,2.77092
1776084800.1706183,176.16923928260803,IO -> PLC,4.52218
1776084800.1866176,176.18523859977722,IO -> PLC,0.95873
1776084800.2026181,176.2012391090393,IO -> PLC,2.79488
1776084800.2186174,176.2172384262085,IO -> PLC,4.23598
1776084800.2346168,176.23323774337769,IO -> PLC,1.0687
1776084800.2506163,176.24923729896545,IO -> PLC,2.78396
1776084800.2666168,176.26523780822754,IO -> PLC,3.75104
1776084800.2826161,176.28123712539673,IO -> PLC,3.33732
1776084800.2986155,176.29723644256592,IO -> PLC,2.64104
1776084800.3146148,176.3132357597351,IO -> PLC,2.71808
1776084800.3306143,176.32923531532288,IO -> PLC,0.68645
1776084800.3466146,176.34523558616638,IO -> PLC,1.87865
1776084800.3626142,176.36123514175415,IO -> PLC,1.92792
1776084800.3786135,176.37723445892334,IO -> PLC,1.87799
1776084800.394613,176.3932340145111,IO -> PLC,1.56668
1776084800.4106123,176.4092333316803,IO -> PLC,1.20425
1776084800.4266126,176.4252336025238,IO -> PLC,0.96383
1776084800.4426122,176.44123315811157,IO -> PLC,0.74981
1776084800.4586115,176.45723247528076,IO -> PLC,0.91884
1776084800.474611,176.47323203086853,IO -> PLC,5.78105
1776084800.4906113,176.48923230171204,IO -> PLC,2.64146
1776084800.5066106,176.50523161888123,IO -> PLC,4.29136
1776084800.5226102,176.521231174469,IO -> PLC,0.94591
1776084800.5386095,176.53723049163818,IO -> PLC,2.72583
1776084800.554609,176.55323004722595,IO -> PLC,4.67559
1776084800.5706093,176.56923031806946,IO -> PLC,0.79267
1776084800.586609,176.58522987365723,IO -> PLC,3.13277
1776084800.6026082,176.60122919082642,IO -> PLC,4.72419
1776084800.6186075,176.6172285079956,IO -> PLC,0.99184
1776084800.6346068,176.6332278251648,IO -> PLC,2.65799
1776084800.6506073,176.64922833442688,IO -> PLC,4.60895
1776084800.666607,176.66522789001465,IO -> PLC,1.10486
1776084800.6826062,176.68122720718384,IO -> PLC,2.97781
1776084800.6986055,176.69722652435303,IO -> PLC,4.79156
1776084800.7146049,176.71322584152222,IO -> PLC,0.65472
1776084800.7306054,176.7292263507843,IO -> PLC,2.74176
1776084800.7466047,176.7452256679535,IO -> PLC,4.52167
1776084800.7626042,176.76122522354126,IO -> PLC,6.47959
1776084800.7786036,176.77722454071045,IO -> PLC,2.43188
1776084800.794604,176.79322504997253,IO -> PLC,4.52915
1776084800.8106034,176.80922436714172,IO -> PLC,0.72809
1776084800.8266027,176.8252236843109,IO -> PLC,2.58481
1776084800.8426023,176.84122323989868,IO -> PLC,4.5316
1776084800.8586016,176.85722255706787,IO -> PLC,0.90134
1776084800.874602,176.87322306632996,IO -> PLC,2.57589
1776084800.8906014,176.88922238349915,IO -> PLC,4.76446
1776084800.906601,176.9052219390869,IO -> PLC,1.11483
1776084800.9226003,176.9212212562561,IO -> PLC,3.15188
1776084800.9386005,176.9372215270996,IO -> PLC,4.92355
1776084800.9546,176.95322108268738,IO -> PLC,0.98823
1776084800.9705994,176.96922039985657,IO -> PLC,2.72206
1776084800.986599,176.98521995544434,IO -> PLC,4.64022
1776084801.0025983,177.00121927261353,IO -> PLC,0.90876
1776084801.0185988,177.0172197818756,IO -> PLC,2.60978
1776084801.034598,177.0332190990448,IO -> PLC,4.53922
1776084801.0505974,177.049218416214,IO -> PLC,0.55278
1776084801.066597,177.06521797180176,IO -> PLC,4.86208
1776084801.0825963,177.08121728897095,IO -> PLC,1.23919
1776084801.0985968,177.09721779823303,IO -> PLC,3.19927
1776084801.1145961,177.11321711540222,IO -> PLC,5.02126
1776084801.1305954,177.1292164325714,IO -> PLC,0.99074
1776084801.1465948,177.1452157497406,IO -> PLC,2.64568
1776084801.1625953,177.16121625900269,IO -> PLC,4.68153
1776084801.1785948,177.17721581459045,IO -> PLC,0.74006
1776084801.1945941,177.19321513175964,IO -> PLC,2.83446
1776084801.2105935,177.20921444892883,IO -> PLC,4.5478
1776084801.2265928,177.22521376609802,IO -> PLC,1.09284
1776084801.2425933,177.2412142753601,IO -> PLC,2.81122
1776084801.2585926,177.2572135925293,IO -> PLC,4.85234
1776084801.2745922,177.27321314811707,IO -> PLC,0.98368
1776084801.2905915,177.28921246528625,IO -> PLC,3.10648
1776084801.306591,177.30521202087402,IO -> PLC,4.70926
1776084801.3225913,177.32121229171753,IO -> PLC,0.81715
1776084801.3385906,177.33721160888672,IO -> PLC,2.6001
1776084801.3545902,177.3532111644745,IO -> PLC,4.29808
1776084801.3705895,177.36921048164368,IO -> PLC,0.73959
1776084801.386589,177.38521003723145,IO -> PLC,2.75911
1776084801.4025893,177.40121030807495,IO -> PLC,3.44033
1776084801.4185889,177.41720986366272,IO -> PLC,0.77787
1776084801.4345882,177.4332091808319,IO -> PLC,2.71259
1776084801.4505875,177.4492084980011,IO -> PLC,2.78435
1776084801.466588,177.46520900726318,IO -> PLC,2.38815
1776084801.4825873,177.48120832443237,IO -> PLC,2.02052
1776084801.498587,177.49720788002014,IO -> PLC,1.67162
1776084801.5145862,177.51320719718933,IO -> PLC,1.25799
1776084801.5305855,177.52920651435852,IO -> PLC,2.92837
1776084801.546586,177.5452070236206,IO -> PLC,4.71948
1776084801.5625854,177.5612063407898,IO -> PLC,6.56587
1776084801.578585,177.57720589637756,IO -> PLC,2.53023
1776084801.5945842,177.59320521354675,IO -> PLC,4.93985
1776084801.6105835,177.60920453071594,IO -> PLC,1.29856
1776084801.626584,177.62520503997803,IO -> PLC,3.18711
1776084801.6425834,177.64120435714722,IO -> PLC,5.11438
1776084801.6585827,177.6572036743164,IO -> PLC,1.23028
1776084801.6745822,177.67320322990417,IO -> PLC,3.01539
1776084801.6905828,177.68920373916626,IO -> PLC,5.10138
1776084801.706582,177.70520305633545,IO -> PLC,1.39761
1776084801.7225814,177.72120237350464,IO -> PLC,3.09151
1776084801.7385807,177.73720169067383,IO -> PLC,4.93695
1776084801.7545803,177.7532012462616,IO -> PLC,0.91147
1776084801.7705805,177.7692015171051,IO -> PLC,2.89227
1776084801.78658,177.78520107269287,IO -> PLC,4.91475
1776084801.8025794,177.80120038986206,IO -> PLC,1.16177
1776084801.818579,177.81719994544983,IO -> PLC,3.10256
1776084801.8345783,177.83319926261902,IO -> PLC,4.97872
1776084801.8505785,177.84919953346252,IO -> PLC,1.05357
1776084801.866578,177.8651990890503,IO -> PLC,3.01684
1776084801.8825774,177.88119840621948,IO -> PLC,4.98732
1776084801.898577,177.89719796180725,IO -> PLC,0.97313
1776084801.9145772,177.91319823265076,IO -> PLC,3.07161
1776084801.9305768,177.92919778823853,IO -> PLC,4.77559
1776084801.946576,177.94519710540771,IO -> PLC,0.71756
1776084801.9625754,177.9611964225769,IO -> PLC,2.41058
1776084801.978575,177.97719597816467,IO -> PLC,4.45338
1776084801.9945753,177.99319624900818,IO -> PLC,0.89513
1776084802.0105748,178.00919580459595,IO -> PLC,3.20554
1776084802.0265741,178.02519512176514,IO -> PLC,4.97194
1776084802.0425735,178.04119443893433,IO -> PLC,1.36343
1776084802.0585728,178.05719375610352,IO -> PLC,3.11062
1776084802.0745733,178.0731942653656,IO -> PLC,4.96526
1776084802.0905728,178.08919382095337,IO -> PLC,1.76309
1776084802.1065722,178.10519313812256,IO -> PLC,3.53884
1776084802.1225715,178.12119245529175,IO -> PLC,5.31692
1776084802.138572,178.13719296455383,IO -> PLC,1.50553
1776084802.1545713,178.15319228172302,IO -> PLC,3.25167
1776084802.1705706,178.1691915988922,IO -> PLC,5.04991
1776084802.1865702,178.18519115447998,IO -> PLC,1.32245
1776084802.2025695,178.20119047164917,IO -> PLC,3.03587
1776084802.21857,178.21719098091125,IO -> PLC,4.89066
1776084802.2345693,178.23319029808044,IO -> PLC,0.92463
1776084802.2505689,178.2491898536682,IO -> PLC,2.77823
1776084802.2665682,178.2651891708374,IO -> PLC,4.51205
1776084802.2825675,178.2811884880066,IO -> PLC,6.71478
1776084802.298568,178.29718899726868,IO -> PLC,2.89843
1776084802.3145673,178.31318831443787,IO -> PLC,4.64033
1776084802.330567,178.32918787002563,IO -> PLC,6.42441
1776084802.3465662,178.34518718719482,IO -> PLC,2.50862
1776084802.3625665,178.36118745803833,IO -> PLC,4.4943
1776084802.378566,178.3771870136261,IO -> PLC,5.60257
1776084802.3945653,178.3931863307953,IO -> PLC,2.38001
1776084802.410565,178.40918588638306,IO -> PLC,4.35146
1776084802.4265642,178.42518520355225,IO -> PLC,4.7869
1776084802.4425647,178.44118571281433,IO -> PLC,3.53035
1776084802.458564,178.45718502998352,IO -> PLC,4.73592
1776084802.4745634,178.4731843471527,IO -> PLC,1.71297
1776084802.490563,178.48918390274048,IO -> PLC,3.81032
1776084802.5065622,178.50518321990967,IO -> PLC,3.91384
1776084802.5225627,178.52118372917175,IO -> PLC,2.41688
1776084802.538562,178.53718304634094,IO -> PLC,3.17698
1776084802.5545614,178.55318236351013,IO -> PLC,2.77759
1776084802.5705607,178.56918168067932,IO -> PLC,2.10699
1776084802.5865612,178.5851821899414,IO -> PLC,2.1697
1776084802.6025608,178.60118174552917,IO -> PLC,1.76927
1776084802.61856,178.61718106269836,IO -> PLC,1.4326
1776084802.6345594,178.63318037986755,IO -> PLC,1.31907
1776084802.650559,178.64917993545532,IO -> PLC,1.22184
1776084802.6665592,178.66518020629883,IO -> PLC,0.95174
1776084802.6825585,178.68117952346802,IO -> PLC,0.91709
1776084802.698558,178.6971790790558,IO -> PLC,6.26037
1776084802.7145574,178.71317839622498,IO -> PLC,2.70403
1776084802.730557,178.72917795181274,IO -> PLC,4.41937
1776084802.7465572,178.74517822265625,IO -> PLC,0.58255
1776084802.7625568,178.76117777824402,IO -> PLC,2.29269
1776084802.778556,178.7771770954132,IO -> PLC,4.12396
1776084802.7945554,178.7931764125824,IO -> PLC,0.57779
1776084802.810555,178.80917596817017,IO -> PLC,2.2501
1776084802.8265553,178.82517623901367,IO -> PLC,4.23889
1776084802.8425548,178.84117579460144,IO -> PLC,6.06793
1776084802.8585541,178.85717511177063,IO -> PLC,2.24758
1776084802.8745534,178.87317442893982,IO -> PLC,3.86764
1776084802.890554,178.8891749382019,IO -> PLC,6.30806
1776084802.9065533,178.9051742553711,IO -> PLC,2.41883
1776084802.9225528,178.92117381095886,IO -> PLC,4.18762
1776084802.9385521,178.93717312812805,IO -> PLC,5.98489
1776084802.9545515,178.95317244529724,IO -> PLC,2.30143
1776084802.970552,178.96917295455933,IO -> PLC,3.84877
1776084802.9865513,178.98517227172852,IO -> PLC,5.9463
1776084803.0025508,179.00117182731628,IO -> PLC,2.04874
1776084803.0185502,179.01717114448547,IO -> PLC,3.91274
1776084803.0345495,179.03317046165466,IO -> PLC,5.70801
1776084803.05055,179.04917097091675,IO -> PLC,1.9755
1776084803.0665493,179.06517028808594,IO -> PLC,6.31657
1776084803.0825489,179.0811698436737,IO -> PLC,2.85544
1776084803.0985482,179.0971691608429,IO -> PLC,4.7284
1776084803.1145487,179.11316967010498,IO -> PLC,0.66019
1776084803.130548,179.12916898727417,IO -> PLC,2.47683
1776084803.1465473,179.14516830444336,IO -> PLC,4.40738
1776084803.1625469,179.16116786003113,IO -> PLC,6.43723
1776084803.1785462,179.17716717720032,IO -> PLC,2.40758
1776084803.1945465,179.19316744804382,IO -> PLC,4.50815
1776084803.210546,179.2091670036316,IO -> PLC,0.84325
1776084803.2265453,179.22516632080078,IO -> PLC,2.90685
1776084803.242545,179.24116587638855,IO -> PLC,4.73788
1776084803.2585442,179.25716519355774,IO -> PLC,0.92842
1776084803.2745447,179.27316570281982,IO -> PLC,2.70953
1776084803.290544,179.289165019989,IO -> PLC,4.77513
1776084803.3065434,179.3051643371582,IO -> PLC,0.99751
1776084803.322543,179.32116389274597,IO -> PLC,2.82246
1776084803.3385432,179.33716416358948,IO -> PLC,4.65572
1776084803.3545427,179.35316371917725,IO -> PLC,0.80866
1776084803.370542,179.36916303634644,IO -> PLC,2.6653
1776084803.3865414,179.38516235351562,IO -> PLC,4.7185
1776084803.402541,179.4011619091034,IO -> PLC,0.97879
1776084803.4185412,179.4171621799469,IO -> PLC,2.92567
1776084803.4345407,179.43316173553467,IO -> PLC,4.80495
1776084803.45054,179.44916105270386,IO -> PLC,0.89827
1776084803.4665394,179.46516036987305,IO -> PLC,2.81043
1776084803.482539,179.48115992546082,IO -> PLC,4.78387
1776084803.4985392,179.49716019630432,IO -> PLC,0.90888
1776084803.5145388,179.5131597518921,IO -> PLC,2.83839
1776084803.530538,179.52915906906128,IO -> PLC,4.94072
1776084803.5465374,179.54515838623047,IO -> PLC,0.8582
1776084803.562538,179.56115889549255,IO -> PLC,2.72292
1776084803.5785372,179.57715821266174,IO -> PLC,3.84967
1776084803.5945368,179.5931577682495,IO -> PLC,0.95793
1776084803.610536,179.6091570854187,IO -> PLC,3.2497
1776084803.6265354,179.6251564025879,IO -> PLC,3.48969
1776084803.642536,179.64115691184998,IO -> PLC,1.61552
1776084803.6585352,179.65715622901917,IO -> PLC,3.41095
1776084803.6745348,179.67315578460693,IO -> PLC,2.96564
1776084803.690534,179.68915510177612,IO -> PLC,1.50548
1776084803.7065334,179.7051544189453,IO -> PLC,2.61984
1776084803.722534,179.7211549282074,IO -> PLC,2.25021
1776084803.7385333,179.7371542453766,IO -> PLC,1.48528
1776084803.7545328,179.75315380096436,IO -> PLC,1.74472
1776084803.7705321,179.76915311813354,IO -> PLC,1.37101
1776084803.7865326,179.78515362739563,IO -> PLC,1.16028
1776084803.802532,179.80115294456482,IO -> PLC,3.41732
1776084803.8185313,179.817152261734,IO -> PLC,5.4798
1776084803.8345308,179.83315181732178,IO -> PLC,1.74202
1776084803.8505301,179.84915113449097,IO -> PLC,3.7973
1776084803.8665307,179.86515164375305,IO -> PLC,5.95627
1776084803.88253,179.88115096092224,IO -> PLC,2.15009
1776084803.8985293,179.89715027809143,IO -> PLC,4.13265
1776084803.9145288,179.9131498336792,IO -> PLC,6.11432
1776084803.9305282,179.9291491508484,IO -> PLC,2.15333
1776084803.9465287,179.94514966011047,IO -> PLC,4.19557
1776084803.962528,179.96114897727966,IO -> PLC,6.48223
1776084803.9785273,179.97714829444885,IO -> PLC,2.36178
1776084803.9945269,179.99314785003662,IO -> PLC,4.36602
1776084804.0105271,180.00914812088013,IO -> PLC,0.6304
1776084804.0265267,180.0251476764679,IO -> PLC,2.35902
1776084804.042526,180.04114699363708,IO -> PLC,4.38767
1776084804.0585253,180.05714631080627,IO -> PLC,5.98437
1776084804.0745249,180.07314586639404,IO -> PLC,2.18843
1776084804.0905252,180.08914613723755,IO -> PLC,4.75684
1776084804.1065247,180.10514569282532,IO -> PLC,1.30276
1776084804.122524,180.1211450099945,IO -> PLC,2.8441
1776084804.1385233,180.1371443271637,IO -> PLC,4.86058
1776084804.154523,180.15314388275146,IO -> PLC,1.11879
1776084804.1705232,180.16914415359497,IO -> PLC,3.00423
1776084804.1865227,180.18514370918274,IO -> PLC,4.78622
1776084804.202522,180.20114302635193,IO -> PLC,1.05075
1776084804.2185216,180.2171425819397,IO -> PLC,2.97603
1776084804.234521,180.2331418991089,IO -> PLC,4.80602
1776084804.2505212,180.2491421699524,IO -> PLC,0.88615
1776084804.2665207,180.26514172554016,IO -> PLC,2.83198
1776084804.28252,180.28114104270935,IO -> PLC,5.07888
1776084804.2985194,180.29714035987854,IO -> PLC,1.03204
1776084804.31452,180.31314086914062,IO -> PLC,3.11605
1776084804.3305194,180.3291404247284,IO -> PLC,4.93371
1776084804.3465188,180.34513974189758,IO -> PLC,0.8624
1776084804.362518,180.36113905906677,IO -> PLC,2.89104
1776084804.3785174,180.37713837623596,IO -> PLC,5.32137
1776084804.394518,180.39313888549805,IO -> PLC,1.39318
1776084804.4105172,180.40913820266724,IO -> PLC,3.16286
1776084804.4265168,180.425137758255,IO -> PLC,5.06765
1776084804.442516,180.4411370754242,IO -> PLC,1.45195
1776084804.4585166,180.45713758468628,IO -> PLC,3.24826
1776084804.474516,180.47313690185547,IO -> PLC,5.14994
1776084804.4905152,180.48913621902466,IO -> PLC,1.87113
1776084804.5065148,180.50513577461243,IO -> PLC,3.88041
1776084804.522514,180.52113509178162,IO -> PLC,4.72444
1776084804.5385146,180.5371356010437,IO -> PLC,2.28216
1776084804.554514,180.5531349182129,IO -> PLC,4.00662
1776084804.5705132,180.56913423538208,IO -> PLC,3.95989
1776084804.5865128,180.58513379096985,IO -> PLC,2.34397
1776084804.6025121,180.60113310813904,IO -> PLC,3.42969
1776084804.6185126,180.61713361740112,IO -> PLC,0.61482
1776084804.634512,180.6331329345703,IO -> PLC,2.36257
1776084804.6505113,180.6491322517395,IO -> PLC,2.96011
1776084804.6665108,180.66513180732727,IO -> PLC,0.65478
1776084804.6825101,180.68113112449646,IO -> PLC,2.44926
1776084804.6985106,180.69713163375854,IO -> PLC,2.22924
1776084804.71451,180.71313095092773,IO -> PLC,0.86941
1776084804.7305095,180.7291305065155,IO -> PLC,1.85055
1776084804.7465088,180.7451298236847,IO -> PLC,1.51789
1776084804.762509,180.7611300945282,IO -> PLC,1.52932
1776084804.7785087,180.77712965011597,IO -> PLC,1.22625
1776084804.794508,180.79312896728516,IO -> PLC,0.92942
1776084804.8105073,180.80912828445435,IO -> PLC,0.62228
1776084804.8265069,180.82512784004211,IO -> PLC,1.13149
1776084804.8425074,180.8411283493042,IO -> PLC,1.07011
1776084804.8585067,180.8571276664734,IO -> PLC,0.636
1776084804.874506,180.87312698364258,IO -> PLC,1.33874
1776084804.8905053,180.88912630081177,IO -> PLC,1.12585
1776084804.9065049,180.90512585639954,IO -> PLC,2.05891
1776084804.9225051,180.92112612724304,IO -> PLC,1.7252
1776084804.9385047,180.9371256828308,IO -> PLC,1.60943
1776084804.954504,180.953125,IO -> PLC,1.50837
1776084804.9705033,180.9691243171692,IO -> PLC,1.43467
1776084804.9865038,180.98512482643127,IO -> PLC,4.382
1776084805.0025032,181.00112414360046,IO -> PLC,0.64438
1776084805.0185027,181.01712369918823,IO -> PLC,2.48764
1776084805.034502,181.03312301635742,IO -> PLC,4.2758
1776084805.0505013,181.0491223335266,IO -> PLC,6.13963
1776084805.0665019,181.0651228427887,IO -> PLC,1.1978
1776084805.0825012,181.08112215995789,IO -> PLC,1.2645
1776084805.0985007,181.09712171554565,IO -> PLC,3.12634
1776084805.1145,181.11312103271484,IO -> PLC,6.58448
1776084805.1304996,181.1291205883026,IO -> PLC,2.48028
1776084805.1464999,181.14512085914612,IO -> PLC,4.65861
1776084805.1624992,181.1611201763153,IO -> PLC,6.24491
1776084805.1784987,181.17711973190308,IO -> PLC,2.23496
1776084805.194498,181.19311904907227,IO -> PLC,4.21463
1776084805.2104986,181.20911955833435,IO -> PLC,5.97918
1776084805.226498,181.22511887550354,IO -> PLC,2.26212
1776084805.2424974,181.2411184310913,IO -> PLC,3.92603
1776084805.2584968,181.2571177482605,IO -> PLC,5.80642
1776084805.274496,181.2731170654297,IO -> PLC,1.84455
1776084805.2904966,181.28911757469177,IO -> PLC,4.08624
1776084805.306496,181.30511689186096,IO -> PLC,5.77206
1776084805.3224952,181.32111620903015,IO -> PLC,2.01084
1776084805.3384948,181.33711576461792,IO -> PLC,3.74371
1776084805.354494,181.3531150817871,IO -> PLC,5.6761
1776084805.3704946,181.3691155910492,IO -> PLC,1.77455
1776084805.386494,181.38511490821838,IO -> PLC,3.9528
1776084805.4024932,181.40111422538757,IO -> PLC,5.71447
1776084805.4184928,181.41711378097534,IO -> PLC,2.08036
1776084805.434493,181.43311405181885,IO -> PLC,3.77187
1776084805.4504926,181.44911360740662,IO -> PLC,5.72387
1776084805.466492,181.4651129245758,IO -> PLC,1.92593
1776084805.4824913,181.481112241745,IO -> PLC,3.88608
1776084805.4984908,181.49711179733276,IO -> PLC,5.88712
1776084805.514491,181.51311206817627,IO -> PLC,1.84853
1776084805.5304906,181.52911162376404,IO -> PLC,3.97877
1776084805.54649,181.54511094093323,IO -> PLC,5.67443
1776084805.5624893,181.56111025810242,IO -> PLC,1.68296
1776084805.5784888,181.57710981369019,IO -> PLC,3.48535
1776084805.594489,181.5931100845337,IO -> PLC,6.2893
1776084805.6104887,181.60910964012146,IO -> PLC,2.27823
1776084805.626488,181.62510895729065,IO -> PLC,4.09094
1776084805.6424875,181.64110851287842,IO -> PLC,5.82277
1776084805.6584878,181.65710878372192,IO -> PLC,1.96746
1776084805.674487,181.6731081008911,IO -> PLC,3.76553
1776084805.6904867,181.68910765647888,IO -> PLC,5.9041
1776084805.706486,181.70510697364807,IO -> PLC,2.1388
1776084805.7224853,181.72110629081726,IO -> PLC,3.95142
1776084805.7384858,181.73710680007935,IO -> PLC,5.83174
1776084805.7544854,181.75310635566711,IO -> PLC,2.20564
1776084805.7704847,181.7691056728363,IO -> PLC,4.01107
1776084805.786484,181.7851049900055,IO -> PLC,5.56393
1776084805.8024833,181.80110430717468,IO -> PLC,2.14992
1776084805.8184838,181.81710481643677,IO -> PLC,4.0064
1776084805.8344831,181.83310413360596,IO -> PLC,4.75833
1776084805.8504827,181.84910368919373,IO -> PLC,1.6617
1776084805.866482,181.86510300636292,IO -> PLC,3.80811
1776084805.8824825,181.881103515625,IO -> PLC,4.23332
1776084805.8984818,181.8971028327942,IO -> PLC,2.17089
1776084805.9144812,181.91310214996338,IO -> PLC,3.72255
1776084805.9304807,181.92910170555115,IO -> PLC,3.41965
1776084805.94648,181.94510102272034,IO -> PLC,1.63467
1776084805.9624805,181.96110153198242,IO -> PLC,2.90575
1776084805.9784799,181.9771008491516,IO -> PLC,2.53125
1776084805.9944792,181.9931001663208,IO -> PLC,2.31211
1776084806.0104787,182.00909972190857,IO -> PLC,2.05512
1776084806.026478,182.02509903907776,IO -> PLC,1.89966
1776084806.0424786,182.04109954833984,IO -> PLC,1.43699
1776084806.0584779,182.05709886550903,IO -> PLC,1.55571
1776084806.0744774,182.0730984210968,IO -> PLC,1.41768
1776084806.0904768,182.089097738266,IO -> PLC,1.19166
1776084806.106476,182.10509705543518,IO -> PLC,0.79747
1776084806.1224766,182.12109756469727,IO -> PLC,0.62338
1776084806.138476,182.13709688186646,IO -> PLC,2.4392
1776084806.1544755,182.15309643745422,IO -> PLC,4.16463
1776084806.1704748,182.1690957546234,IO -> PLC,6.14527
1776084806.1864753,182.1850962638855,IO -> PLC,2.61869
1776084806.2024746,182.2010955810547,IO -> PLC,4.55741
1776084806.218474,182.21709489822388,IO -> PLC,0.79619
1776084806.2344732,182.23309421539307,IO -> PLC,2.60778
1776084806.2504728,182.24909377098083,IO -> PLC,4.51465
1776084806.2664733,182.26509428024292,IO -> PLC,0.71983
1776084806.2824726,182.2810935974121,IO -> PLC,2.78735
1776084806.298472,182.2970929145813,IO -> PLC,5.06097
1776084806.3144712,182.3130922317505,IO -> PLC,1.13485
1776084806.3304708,182.32909178733826,IO -> PLC,3.25374
1776084806.346471,182.34509205818176,IO -> PLC,4.83084
1776084806.3624706,182.36109161376953,IO -> PLC,6.79091
1776084806.37847,182.37709093093872,IO -> PLC,2.77896
1776084806.3944693,182.3930902481079,IO -> PLC,4.87952
1776084806.4104698,182.40909075737,IO -> PLC,1.1223
1776084806.426469,182.42509007453918,IO -> PLC,2.81004
1776084806.4424686,182.44108963012695,IO -> PLC,4.82148
1776084806.458468,182.45708894729614,IO -> PLC,1.0869
1776084806.4744675,182.4730885028839,IO -> PLC,2.95586
1776084806.4904678,182.48908877372742,IO -> PLC,5.23042
1776084806.506467,182.5050880908966,IO -> PLC,1.4456
1776084806.5224667,182.52108764648438,IO -> PLC,3.41704
1776084806.538466,182.53708696365356,IO -> PLC,5.31567
1776084806.5544655,182.55308651924133,IO -> PLC,1.34052
1776084806.5704658,182.56908679008484,IO -> PLC,3.13267
1776084806.5864654,182.5850863456726,IO -> PLC,5.23204
1776084806.6024647,182.6010856628418,IO -> PLC,1.50985
1776084806.618464,182.617084980011,IO -> PLC,3.52833
1776084806.6344645,182.63308548927307,IO -> PLC,5.7077
1776084806.6504638,182.64908480644226,IO -> PLC,1.79391
1776084806.6664634,182.66508436203003,IO -> PLC,4.21888
1776084806.6824627,182.68108367919922,IO -> PLC,6.47402
1776084806.698462,182.6970829963684,IO -> PLC,2.59103
1776084806.7144625,182.7130835056305,IO -> PLC,4.4763
1776084806.7304618,182.72908282279968,IO -> PLC,6.31869
1776084806.7464612,182.74508213996887,IO -> PLC,2.23298
1776084806.7624607,182.76108169555664,IO -> PLC,4.36707
1776084806.77846,182.77708101272583,IO -> PLC,6.67027
1776084806.7944605,182.79308152198792,IO -> PLC,2.80057
1776084806.8104599,182.8090808391571,IO -> PLC,4.63472
1776084806.8264592,182.8250801563263,IO -> PLC,0.77845
1776084806.8424587,182.84107971191406,IO -> PLC,2.55436
1776084806.858459,182.85707998275757,IO -> PLC,4.31163
1776084806.8744586,182.87307953834534,IO -> PLC,4.94261
1776084806.8904579,182.88907885551453,IO -> PLC,2.44288
1776084806.9064572,182.90507817268372,IO -> PLC,4.23519
1776084806.9224567,182.92107772827148,IO -> PLC,4.07981
1776084806.938457,182.937077999115,IO -> PLC,2.29084
1776084806.9544566,182.95307755470276,IO -> PLC,3.79225
1776084806.970456,182.96907687187195,IO -> PLC,3.58039
1776084806.9864554,182.98507642745972,IO -> PLC,2.27688
1776084807.0024548,183.0010757446289,IO -> PLC,3.24892
1776084807.018455,183.0170760154724,IO -> PLC,0.55877
1776084807.0344546,183.03307557106018,IO -> PLC,2.42285
1776084807.050454,183.04907488822937,IO -> PLC,2.4014
1776084807.0664535,183.06507444381714,IO -> PLC,2.85597
1776084807.0824537,183.08107471466064,IO -> PLC,4.12505
1776084807.0984533,183.0970742702484,IO -> PLC,3.29148
1776084807.1144526,183.1130735874176,IO -> PLC,3.60925
1776084807.130452,183.1290729045868,IO -> PLC,1.06656
1776084807.1464512,183.14507222175598,IO -> PLC,3.14872
1776084807.1624517,183.16107273101807,IO -> PLC,2.601
1776084807.1784513,183.17707228660583,IO -> PLC,1.36078
1776084807.1944506,183.19307160377502,IO -> PLC,2.17615
1776084807.21045,183.2090709209442,IO -> PLC,1.79733
1776084807.2264493,183.2250702381134,IO -> PLC,1.53331
1776084807.2424498,183.2410707473755,IO -> PLC,1.50778
1776084807.258449,183.25707006454468,IO -> PLC,1.35951
1776084807.2744486,183.27306962013245,IO -> PLC,1.05133
1776084807.290448,183.28906893730164,IO -> PLC,0.66738
1776084807.3064485,183.30506944656372,IO -> PLC,5.74872
1776084807.3224478,183.3210687637329,IO -> PLC,1.85444
1776084807.338447,183.3370680809021,IO -> PLC,3.58931
1776084807.3544466,183.35306763648987,IO -> PLC,5.32426
1776084807.370446,183.36906695365906,IO -> PLC,1.50975
1776084807.3864465,183.38506746292114,IO -> PLC,3.86321
1776084807.4024458,183.40106678009033,IO -> PLC,5.82113
1776084807.418445,183.41706609725952,IO -> PLC,2.00879
1776084807.4344447,183.4330656528473,IO -> PLC,3.73549
1776084807.450444,183.44906497001648,IO -> PLC,5.43963
1776084807.4664445,183.46506547927856,IO -> PLC,1.58329
1776084807.4824438,183.48106479644775,IO -> PLC,3.65385
1776084807.4984434,183.49706435203552,IO -> PLC,5.4532
1776084807.5144427,183.5130636692047,IO -> PLC,1.44444
1776084807.530442,183.5290629863739,IO -> PLC,3.75678
1776084807.5464425,183.545063495636,IO -> PLC,5.68614
1776084807.5624418,183.56106281280518,IO -> PLC,1.58705
1776084807.5784414,183.57706236839294,IO -> PLC,3.38641
1776084807.5944407,183.59306168556213,IO -> PLC,5.87179
1776084807.6104412,183.60906219482422,IO -> PLC,1.7675
1776084807.6264405,183.6250615119934,IO -> PLC,3.72062
1776084807.6424398,183.6410608291626,IO -> PLC,5.34069
1776084807.6584392,183.6570601463318,IO -> PLC,1.5429
1776084807.6744387,183.67305970191956,IO -> PLC,3.26112
1776084807.6904392,183.68906021118164,IO -> PLC,5.37593
1776084807.7064385,183.70505952835083,IO -> PLC,1.3987
1776084807.7224379,183.72105884552002,IO -> PLC,3.43158
1776084807.7384372,183.7370581626892,IO -> PLC,5.20013
1776084807.7544377,183.7530586719513,IO -> PLC,1.4513
1776084807.770437,183.76905798912048,IO -> PLC,3.14209
1776084807.7864366,183.78505754470825,IO -> PLC,5.26922
1776084807.8024359,183.80105686187744,IO -> PLC,1.37486
1776084807.8184352,183.81705617904663,IO -> PLC,3.57255
1776084807.8344357,183.83305668830872,IO -> PLC,5.15902
1776084807.850435,183.8490560054779,IO -> PLC,1.41635
1776084807.8664346,183.86505556106567,IO -> PLC,3.13274
1776084807.882434,183.88105487823486,IO -> PLC,5.02817
1776084807.8984334,183.89705443382263,IO -> PLC,2.73046
1776084807.9144337,183.91305470466614,IO -> PLC,4.583
1776084807.930433,183.92905402183533,IO -> PLC,6.37516
1776084807.9464326,183.9450535774231,IO -> PLC,2.24024
1776084807.962432,183.96105289459229,IO -> PLC,4.10631
1776084807.9784324,183.97705340385437,IO -> PLC,6.53641
1776084807.9944317,183.99305272102356,IO -> PLC,2.76486
1776084808.0104313,184.00905227661133,IO -> PLC,4.59926
1776084808.0264306,184.02505159378052,IO -> PLC,0.85244
1776084808.04243,184.0410509109497,IO -> PLC,2.76443
1776084808.0584304,184.0570514202118,IO -> PLC,4.59762
1776084808.0744298,184.07305073738098,IO -> PLC,0.76368
1776084808.0904293,184.08905029296875,IO -> PLC,3.0176
1776084808.1064286,184.10504961013794,IO -> PLC,4.51102
1776084808.122428,184.12104892730713,IO -> PLC,4.25812
1776084808.1384284,184.1370494365692,IO -> PLC,2.96797
1776084808.1544278,184.1530487537384,IO -> PLC,4.51858
1776084808.170427,184.1690480709076,IO -> PLC,0.91705
1776084808.1864266,184.18504762649536,IO -> PLC,2.88737
1776084808.202426,184.20104694366455,IO -> PLC,4.00373
1776084808.2184265,184.21704745292664,IO -> PLC,1.02277
1776084808.2344258,184.23304677009583,IO -> PLC,3.06086
1776084808.250425,184.24904608726501,IO -> PLC,3.44303
1776084808.2664247,184.26504564285278,IO -> PLC,1.04795
1776084808.282425,184.2810459136963,IO -> PLC,2.94657
1776084808.2984245,184.29704546928406,IO -> PLC,2.59439
1776084808.3144238,184.31304478645325,IO -> PLC,0.70405
1776084808.3304234,184.32904434204102,IO -> PLC,1.6496
1776084808.3464227,184.3450436592102,IO -> PLC,1.42142
1776084808.362423,184.3610439300537,IO -> PLC,0.77426
1776084808.3784225,184.37704348564148,IO -> PLC,2.62673
1776084808.3944218,184.39304280281067,IO -> PLC,0.77759
1776084808.4104214,184.40904235839844,IO -> PLC,0.55549
1776084808.4264207,184.42504167556763,IO -> PLC,2.87087
1776084808.442421,184.44104194641113,IO -> PLC,4.50733
1776084808.4584205,184.4570415019989,IO -> PLC,0.60394
1776084808.4744198,184.4730408191681,IO -> PLC,2.21576
1776084808.4904194,184.48904037475586,IO -> PLC,4.68594
1776084808.5064197,184.50504064559937,IO -> PLC,0.93816
1776084808.5224192,184.52104020118713,IO -> PLC,3.00792
1776084808.5384185,184.53703951835632,IO -> PLC,5.19713
1776084808.5544178,184.5530388355255,IO -> PLC,1.38086
1776084808.5704172,184.5690381526947,IO -> PLC,3.26421
1776084808.5864177,184.5850386619568,IO -> PLC,5.46086
1776084808.6024172,184.60103821754456,IO -> PLC,1.61876
1776084808.6184165,184.61703753471375,IO -> PLC,3.42843
1776084808.6344159,184.63303685188293,IO -> PLC,5.21137
1776084808.6504152,184.64903616905212,IO -> PLC,1.29358
1776084808.6664157,184.6650366783142,IO -> PLC,3.17782
1776084808.682415,184.6810359954834,IO -> PLC,5.1759
1776084808.6984146,184.69703555107117,IO -> PLC,1.31019
1776084808.714414,184.71303486824036,IO -> PLC,3.43747
1776084808.7304144,184.72903537750244,IO -> PLC,5.35243
1776084808.7464137,184.74503469467163,IO -> PLC,1.3064
1776084808.762413,184.76103401184082,IO -> PLC,3.13878
1776084808.7784126,184.7770335674286,IO -> PLC,4.72397
1776084808.794412,184.79303288459778,IO -> PLC,1.00891
1776084808.8104124,184.80903339385986,IO -> PLC,2.98027
1776084808.8264117,184.82503271102905,IO -> PLC,4.79801
1776084808.842411,184.84103202819824,IO -> PLC,1.01127
1776084808.8584106,184.857031583786,IO -> PLC,2.65605
1776084808.87441,184.8730309009552,IO -> PLC,4.51476
1776084808.8904104,184.88903141021729,IO -> PLC,0.93179
1776084808.9064097,184.90503072738647,IO -> PLC,2.82442
1776084808.9224093,184.92103028297424,IO -> PLC,4.46913
1776084808.9384086,184.93702960014343,IO -> PLC,0.82062
1776084808.954409,184.95302987098694,IO -> PLC,2.44277
1776084808.9704084,184.9690294265747,IO -> PLC,4.39781
1776084808.9864078,184.9850287437439,IO -> PLC,0.58139
1776084809.0024073,185.00102829933167,IO -> PLC,2.6961
1776084809.0184066,185.01702761650085,IO -> PLC,4.38585
1776084809.0344071,185.03302812576294,IO -> PLC,0.68823
1776084809.0504065,185.04902744293213,IO -> PLC,2.34942
1776084809.0664058,185.06502676010132,IO -> PLC,0.96286
1776084809.082405,185.0810260772705,IO -> PLC,2.71221
1776084809.0984046,185.09702563285828,IO -> PLC,4.65589
1776084809.1144052,185.11302614212036,IO -> PLC,0.70218
1776084809.1304045,185.12902545928955,IO -> PLC,2.5856
1776084809.1464038,185.14502477645874,IO -> PLC,4.66649
1776084809.162403,185.16102409362793,IO -> PLC,0.62173
1776084809.1784036,185.17702460289001,IO -> PLC,2.41189
1776084809.194403,185.1930239200592,IO -> PLC,4.94438
1776084809.2104025,185.20902347564697,IO -> PLC,1.37965
1776084809.2264018,185.22502279281616,IO -> PLC,3.5263
1776084809.2424014,185.24102234840393,IO -> PLC,5.29508
1776084809.2584016,185.25702261924744,IO -> PLC,1.41705
1776084809.274401,185.27302193641663,IO -> PLC,3.15096
1776084809.2904005,185.2890214920044,IO -> PLC,4.73015
1776084809.3063998,185.30502080917358,IO -> PLC,1.31293
1776084809.3223994,185.32102036476135,IO -> PLC,3.09396
1776084809.3383996,185.33702063560486,IO -> PLC,3.69518
1776084809.354399,185.35301995277405,IO -> PLC,1.01753
1776084809.3703985,185.36901950836182,IO -> PLC,2.74727
1776084809.3863978,185.385018825531,IO -> PLC,0.74437
1776084809.4023983,185.4010193347931,IO -> PLC,2.68077
1776084809.4183977,185.41701865196228,IO -> PLC,4.04514
1776084809.4343972,185.43301820755005,IO -> PLC,0.62296
1776084809.4503965,185.44901752471924,IO -> PLC,2.51232
1776084809.4663959,185.46501684188843,IO -> PLC,3.54068
1776084809.4823964,185.4810173511505,IO -> PLC,0.65813
1776084809.4983957,185.4970166683197,IO -> PLC,2.83526
1776084809.5143952,185.51301622390747,IO -> PLC,2.42891
1776084809.5303946,185.52901554107666,IO -> PLC,1.91912
1776084809.5463939,185.54501485824585,IO -> PLC,1.52804
1776084809.5623944,185.56101536750793,IO -> PLC,1.37962
1776084809.5783937,185.57701468467712,IO -> PLC,0.56558
1776084809.594393,185.5930140018463,IO -> PLC,0.73998
1776084809.6103926,185.60901355743408,IO -> PLC,0.58027
1776084809.626392,185.62501287460327,IO -> PLC,0.98988
1776084809.6423924,185.64101338386536,IO -> PLC,2.95004
1776084809.6583917,185.65701270103455,IO -> PLC,4.59979
1776084809.674391,185.67301201820374,IO -> PLC,0.70871
1776084809.6903906,185.6890115737915,IO -> PLC,2.76295
1776084809.7063909,185.705011844635,IO -> PLC,5.05377
1776084809.7223904,185.72101140022278,IO -> PLC,1.62944
1776084809.7383897,185.73701071739197,IO -> PLC,3.3799
1776084809.7543893,185.75301027297974,IO -> PLC,5.22822
1776084809.7703886,185.76900959014893,IO -> PLC,1.40059
1776084809.7863889,185.78500986099243,IO -> PLC,3.52771
1776084809.8023884,185.8010094165802,IO -> PLC,5.30458
1776084809.8183877,185.8170087337494,IO -> PLC,1.51576
1776084809.8343873,185.83300828933716,IO -> PLC,3.24855
1776084809.8503866,185.84900760650635,IO -> PLC,5.05093
1776084809.8663871,185.86500811576843,IO -> PLC,1.13514
1776084809.8823864,185.88100743293762,IO -> PLC,3.21091
1776084809.8983858,185.8970067501068,IO -> PLC,4.98362
1776084809.9143853,185.91300630569458,IO -> PLC,0.99206
1776084809.9303856,185.9290065765381,IO -> PLC,2.79157
1776084809.9463851,185.94500613212585,IO -> PLC,4.92158
1776084809.9623845,185.96100544929504,IO -> PLC,0.8205
1776084809.9783838,185.97700476646423,IO -> PLC,3.15243
1776084809.994383,185.99300408363342,IO -> PLC,5.28764
1776084810.0103836,186.0090045928955,IO -> PLC,1.62482
1776084810.0263832,186.02500414848328,IO -> PLC,3.43746
1776084810.0423825,186.04100346565247,IO -> PLC,5.36985
1776084810.0583818,186.05700278282166,IO -> PLC,1.68247
1776084810.074381,186.07300209999084,IO -> PLC,3.27197
1776084810.0903816,186.08900260925293,IO -> PLC,5.56783
1776084810.106381,186.10500192642212,IO -> PLC,1.74843
1776084810.1223805,186.1210014820099,IO -> PLC,3.59987
1776084810.1383798,186.13700079917908,IO -> PLC,5.26721
1776084810.1543803,186.15300130844116,IO -> PLC,1.52446
1776084810.1703796,186.16900062561035,IO -> PLC,3.42014
1776084810.186379,186.18499994277954,IO -> PLC,5.50935
1776084810.2023785,186.2009994983673,IO -> PLC,1.65292
1776084810.2183778,186.2169988155365,IO -> PLC,3.84036
1776084810.2343783,186.23299932479858,IO -> PLC,5.63347
1776084810.2503777,186.24899864196777,IO -> PLC,1.82921
1776084810.266377,186.26499795913696,IO -> PLC,3.78649
1776084810.2823765,186.28099751472473,IO -> PLC,6.00961
1776084810.2983758,186.29699683189392,IO -> PLC,2.4176
1776084810.3143764,186.312997341156,IO -> PLC,4.24567
1776084810.3303757,186.3289966583252,IO -> PLC,5.86782
1776084810.3463752,186.34499621391296,IO -> PLC,2.02994
1776084810.3623745,186.36099553108215,IO -> PLC,4.00938
1776084810.3783748,186.37699580192566,IO -> PLC,6.38732
1776084810.3943744,186.39299535751343,IO -> PLC,2.5145
1776084810.4103737,186.40899467468262,IO -> PLC,4.61193
1776084810.4263732,186.42499423027039,IO -> PLC,0.83639
1776084810.4423726,186.44099354743958,IO -> PLC,2.56302
1776084810.458373,186.45699405670166,IO -> PLC,4.36132
1776084810.4743724,186.47299337387085,IO -> PLC,5.274
1776084810.4903717,186.48899269104004,IO -> PLC,2.82756
1776084810.506371,186.50499200820923,IO -> PLC,4.61779
1776084810.5223706,186.520991563797,IO -> PLC,1.28786
1776084810.538371,186.53699207305908,IO -> PLC,3.16481
1776084810.5543704,186.55299139022827,IO -> PLC,4.32126
1776084810.5703697,186.56899070739746,IO -> PLC,1.17662
1776084810.586369,186.58499002456665,IO -> PLC,3.91913
1776084810.6023695,186.60099053382874,IO -> PLC,0.85626
1776084810.6183689,186.61698985099792,IO -> PLC,2.66377
1776084810.6343684,186.6329894065857,IO -> PLC,3.08274
1776084810.6503677,186.64898872375488,IO -> PLC,3.0164
1776084810.6663673,186.66498827934265,IO -> PLC,2.33028
1776084810.6823676,186.68098855018616,IO -> PLC,4.33964
1776084810.6983669,186.69698786735535,IO -> PLC,2.07889
1776084810.7143664,186.71298742294312,IO -> PLC,1.8219
1776084810.7303658,186.7289867401123,IO -> PLC,1.68372
1776084810.7463653,186.74498629570007,IO -> PLC,1.24457
1776084810.7623656,186.76098656654358,IO -> PLC,1.00095
1776084810.7783651,186.77698612213135,IO -> PLC,0.83517
1776084810.7943645,186.79298543930054,IO -> PLC,0.57114
1776084810.8103638,186.80898475646973,IO -> PLC,1.84199
1776084810.8263643,186.8249852657318,IO -> PLC,3.69247
1776084810.8423636,186.840984582901,IO -> PLC,5.32996
1776084810.8583632,186.85698413848877,IO -> PLC,1.58426
1776084810.8743625,186.87298345565796,IO -> PLC,3.20345
1776084810.8903618,186.88898277282715,IO -> PLC,5.71242
1776084810.9063623,186.90498328208923,IO -> PLC,1.89392
1776084810.9223616,186.92098259925842,IO -> PLC,3.59295
1776084810.9383612,186.9369821548462,IO -> PLC,5.4527
1776084810.9543605,186.95298147201538,IO -> PLC,1.53914
1776084810.9703598,186.96898078918457,IO -> PLC,3.32802
1776084810.9863603,186.98498129844666,IO -> PLC,5.26986
1776084811.0023596,187.00098061561584,IO -> PLC,1.44103
1776084811.018359,187.01697993278503,IO -> PLC,3.24757
1776084811.0343585,187.0329794883728,IO -> PLC,5.11845
1776084811.050359,187.0489799976349,IO -> PLC,1.19354
1776084811.0663583,187.06497931480408,IO -> PLC,5.50917
1776084811.0823576,187.08097863197327,IO -> PLC,1.77354
1776084811.098357,187.09697794914246,IO -> PLC,4.03563
1776084811.1143565,187.11297750473022,IO -> PLC,5.88003
1776084811.1303568,187.12897777557373,IO -> PLC,1.93872
1776084811.1463563,187.1449773311615,IO -> PLC,3.66022
1776084811.1623557,187.1609766483307,IO -> PLC,5.71342
1776084811.1783552,187.17697620391846,IO -> PLC,1.63907
1776084811.1943545,187.19297552108765,IO -> PLC,4.04885
1776084811.2103548,187.20897579193115,IO -> PLC,6.20749
1776084811.2263544,187.22497534751892,IO -> PLC,2.44027
1776084811.2423537,187.2409746646881,IO -> PLC,4.40643
1776084811.2583532,187.25697422027588,IO -> PLC,6.1649
1776084811.2743535,187.27297449111938,IO -> PLC,2.28806
1776084811.2903528,187.28897380828857,IO -> PLC,4.05765
1776084811.3063524,187.30497336387634,IO -> PLC,0.58628
1776084811.3223517,187.32097268104553,IO -> PLC,2.35187
1776084811.3383512,187.3369722366333,IO -> PLC,4.15834
1776084811.3543515,187.3529725074768,IO -> PLC,5.72824
1776084811.370351,187.36897206306458,IO -> PLC,2.0359
1776084811.3863504,187.38497138023376,IO -> PLC,3.97653
1776084811.4023497,187.40097069740295,IO -> PLC,5.90605
1776084811.418349,187.41697001457214,IO -> PLC,1.9933
1776084811.4343495,187.43297052383423,IO -> PLC,4.13459
1776084811.450349,187.448970079422,IO -> PLC,5.64008
1776084811.4663484,187.4649693965912,IO -> PLC,7.16766
1776084811.4823477,187.48096871376038,IO -> PLC,6.71219
1776084811.498347,187.49696803092957,IO -> PLC,6.61794
1776084811.5143476,187.51296854019165,IO -> PLC,6.39087
1776084811.5303469,187.52896785736084,IO -> PLC,6.16565
1776084811.5463464,187.5449674129486,IO -> PLC,5.80834
1776084811.5623457,187.5609667301178,IO -> PLC,5.72241
1776084811.5783463,187.57696723937988,IO -> PLC,5.22589
1776084811.5943456,187.59296655654907,IO -> PLC,5.3938
1776084811.610345,187.60896587371826,IO -> PLC,4.80545
1776084811.6263444,187.62496542930603,IO -> PLC,4.97857
1776084811.6423438,187.64096474647522,IO -> PLC,5.43521
1776084811.6583443,187.6569652557373,IO -> PLC,5.32287
1776084811.6743436,187.6729645729065,IO -> PLC,4.91132
1776084811.6903431,187.68896412849426,IO -> PLC,5.29124
1776084811.7063425,187.70496344566345,IO -> PLC,5.29251
1776084811.7223418,187.72096276283264,IO -> PLC,5.07969
1776084811.7383423,187.73696327209473,IO -> PLC,5.57523
1776084811.7543416,187.75296258926392,IO -> PLC,4.73477
1776084811.7703412,187.76896214485168,IO -> PLC,4.32842
1776084811.7863405,187.78496146202087,IO -> PLC,5.90432
1776084811.8023407,187.80096173286438,IO -> PLC,3.66301
1776084811.8183403,187.81696128845215,IO -> PLC,4.03165
1776084811.8343396,187.83296060562134,IO -> PLC,6.15038
1776084811.8503392,187.8489601612091,IO -> PLC,2.9383
1776084811.8663385,187.8649594783783,IO -> PLC,4.18363
1776084811.882339,187.88095998764038,IO -> PLC,6.02793
1776084811.8983383,187.89695930480957,IO -> PLC,2.08974
1776084811.9143376,187.91295862197876,IO -> PLC,3.91886
1776084811.930337,187.92895793914795,IO -> PLC,5.69037
1776084811.9463365,187.94495749473572,IO -> PLC,1.71001
1776084811.962337,187.9609580039978,IO -> PLC,3.448
1776084811.9783363,187.976957321167,IO -> PLC,5.67745
1776084811.9943357,187.99295663833618,IO -> PLC,15.64566
1776084812.010335,188.00895595550537,IO -> PLC,14.8768
1776084812.0263355,188.02495646476746,IO -> PLC,14.9456
1776084812.0423348,188.04095578193665,IO -> PLC,14.83006
1776084812.0583344,188.0569553375244,IO -> PLC,14.68877
1776084812.0743337,188.0729546546936,IO -> PLC,14.23729
1776084812.0903332,188.08895421028137,IO -> PLC,13.96302
1776084812.1063335,188.10495448112488,IO -> PLC,13.40691
1776084812.1223328,188.12095379829407,IO -> PLC,13.28121
1776084812.1383324,188.13695335388184,IO -> PLC,12.88822
1776084812.1543317,188.15295267105103,IO -> PLC,12.89845
1776084812.1703312,188.1689522266388,IO -> PLC,13.06957
1776084812.1863315,188.1849524974823,IO -> PLC,12.31407
1776084812.202331,188.20095205307007,IO -> PLC,12.25062
1776084812.2183304,188.21695137023926,IO -> PLC,11.97332
1776084812.2343297,188.23295068740845,IO -> PLC,11.56985
1776084812.2503302,188.24895119667053,IO -> PLC,11.16245
1776084812.2663295,188.26495051383972,IO -> PLC,10.94339
1776084812.282329,188.2809500694275,IO -> PLC,10.58209
1776084812.2983284,188.29694938659668,IO -> PLC,10.31078
1776084812.3143277,188.31294870376587,IO -> PLC,9.8705
1776084812.3303282,188.32894921302795,IO -> PLC,9.73153
1776084812.3463275,188.34494853019714,IO -> PLC,8.27537
1776084812.362327,188.3609480857849,IO -> PLC,7.89255
1776084812.3783264,188.3769474029541,IO -> PLC,7.4073
1776084812.3943257,188.3929467201233,IO -> PLC,7.12064
1776084812.4103262,188.40894722938538,IO -> PLC,7.07671
1776084812.4263256,188.42494654655457,IO -> PLC,6.76557
1776084812.4423249,188.44094586372375,IO -> PLC,6.2476
1776084812.4583244,188.45694541931152,IO -> PLC,6.48328
1776084812.474325,188.4729459285736,IO -> PLC,6.18422
1776084812.4903243,188.4889452457428,IO -> PLC,5.77483
1776084812.5063236,188.504944562912,IO -> PLC,5.38168
1776084812.522323,188.52094388008118,IO -> PLC,6.36795
1776084812.5383224,188.53694343566895,IO -> PLC,6.10905
1776084812.5543227,188.55294370651245,IO -> PLC,5.91767
1776084812.5703223,188.56894326210022,IO -> PLC,5.48867
1776084812.5863216,188.5849425792694,IO -> PLC,5.24401
1776084812.6023211,188.60094213485718,IO -> PLC,6.0614
1776084812.6183205,188.61694145202637,IO -> PLC,4.5246
1776084812.6343207,188.63294172286987,IO -> PLC,4.29009
1776084812.6503203,188.64894127845764,IO -> PLC,5.91216
1776084812.6663196,188.66494059562683,IO -> PLC,4.10598
1776084812.6823192,188.6809401512146,IO -> PLC,4.40199
1776084812.6983194,188.6969404220581,IO -> PLC,6.4287
1776084812.7143188,188.7129397392273,IO -> PLC,3.56992
1776084812.7303183,188.72893929481506,IO -> PLC,4.6286
1776084812.7463176,188.74493861198425,IO -> PLC,6.35243
1776084812.7623172,188.76093816757202,IO -> PLC,2.92497
1776084812.7783175,188.77693843841553,IO -> PLC,4.34431
1776084812.794317,188.7929379940033,IO -> PLC,2.48813
1776084812.8103163,188.80893731117249,IO -> PLC,2.73582
1776084812.8263156,188.82493662834167,IO -> PLC,4.63564
1776084812.842315,188.84093594551086,IO -> PLC,1.71222
1776084812.8583155,188.85693645477295,IO -> PLC,2.50073
1776084812.874315,188.87293601036072,IO -> PLC,4.22736
1776084812.8903143,188.8889353275299,IO -> PLC,1.27528
1776084812.9063137,188.9049346446991,IO -> PLC,2.63733
1776084812.922313,188.9209339618683,IO -> PLC,15.37135
1776084812.9383135,188.93693447113037,IO -> PLC,15.70942
1776084812.9543128,188.95293378829956,IO -> PLC,15.69637
1776084812.9703124,188.96893334388733,IO -> PLC,15.39523
1776084812.9863117,188.98493266105652,IO -> PLC,14.99496
1776084813.0023122,189.0009331703186,IO -> PLC,14.70229
1776084813.0183115,189.0169324874878,IO -> PLC,14.17602
1776084813.0343108,189.03293180465698,IO -> PLC,13.9632
1776084813.0503104,189.04893136024475,IO -> PLC,14.72522
1776084813.0663097,189.06493067741394,IO -> PLC,1.93302
1776084813.0823102,189.08093118667603,IO -> PLC,4.06815
1776084813.0983095,189.09693050384521,IO -> PLC,6.32832
1776084813.1143088,189.1129298210144,IO -> PLC,2.41261
1776084813.1303084,189.12892937660217,IO -> PLC,4.38508
1776084813.1463077,189.14492869377136,IO -> PLC,6.06763
1776084813.1623082,189.16092920303345,IO -> PLC,2.06064
1776084813.1783075,189.17692852020264,IO -> PLC,3.66438
1776084813.194307,189.1929280757904,IO -> PLC,5.85294
1776084813.2103064,189.2089273929596,IO -> PLC,1.95971
1776084813.2263067,189.2249276638031,IO -> PLC,4.02852
1776084813.2423062,189.24092721939087,IO -> PLC,5.71811
1776084813.2583055,189.25692653656006,IO -> PLC,2.036
1776084813.274305,189.27292609214783,IO -> PLC,3.74919
1776084813.2903044,189.28892540931702,IO -> PLC,15.30859
1776084813.306305,189.3049259185791,IO -> PLC,15.00472
1776084813.3223042,189.3209252357483,IO -> PLC,14.66789
1776084813.3383036,189.33692455291748,IO -> PLC,14.55443
1776084813.354303,189.35292387008667,IO -> PLC,14.25657
1776084813.3703034,189.36892437934875,IO -> PLC,13.93007
1776084813.386303,189.38492393493652,IO -> PLC,13.86148
1776084813.4023023,189.4009232521057,IO -> PLC,13.32097
1776084813.4183016,189.4169225692749,IO -> PLC,13.39056
1776084813.434301,189.4329218864441,IO -> PLC,13.27519
1776084813.4503014,189.44892239570618,IO -> PLC,13.29669
1776084813.4663007,189.46492171287537,IO -> PLC,12.83306
1776084813.4823003,189.48092126846313,IO -> PLC,12.63656
1776084813.4982996,189.49692058563232,IO -> PLC,12.18389
1776084813.5142992,189.5129201412201,IO -> PLC,11.90466
1776084813.5302994,189.5289204120636,IO -> PLC,11.58727
1776084813.5462987,189.5449197292328,IO -> PLC,11.77687
1776084813.5622983,189.56091928482056,IO -> PLC,11.38173
1776084813.5782976,189.57691860198975,IO -> PLC,11.01833
1776084813.5942972,189.59291815757751,IO -> PLC,10.80327
1776084813.6102974,189.60891842842102,IO -> PLC,10.62429
1776084813.6262968,189.6249177455902,IO -> PLC,10.43188
1776084813.6422963,189.64091730117798,IO -> PLC,10.31417
1776084813.6582956,189.65691661834717,IO -> PLC,10.22016
1776084813.6742961,189.67291712760925,IO -> PLC,9.94997
1776084813.6902955,189.68891644477844,IO -> PLC,9.67451
1776084813.706295,189.7049160003662,IO -> PLC,9.09807
1776084813.7222943,189.7209153175354,IO -> PLC,8.77164
1776084813.7382936,189.7369146347046,IO -> PLC,8.66739
1776084813.7542942,189.75291514396667,IO -> PLC,8.52201
1776084813.7702935,189.76891446113586,IO -> PLC,8.28758
1776084813.786293,189.78491401672363,IO -> PLC,7.92004
1776084813.8022923,189.80091333389282,IO -> PLC,7.72266
1776084813.8182917,189.816912651062,IO -> PLC,7.33774
1776084813.8342922,189.8329131603241,IO -> PLC,7.19444
1776084813.8502915,189.8489124774933,IO -> PLC,7.56941
1776084813.8662908,189.86491179466248,IO -> PLC,7.29419
1776084813.8822904,189.88091135025024,IO -> PLC,6.83751
1776084813.8982909,189.89691185951233,IO -> PLC,6.61117
1776084813.9142902,189.91291117668152,IO -> PLC,6.34923
1776084813.9302895,189.9289104938507,IO -> PLC,6.11801
1776084813.9462888,189.9449098110199,IO -> PLC,6.25424
1776084813.9622884,189.96090936660767,IO -> PLC,6.0435
1776084813.9782887,189.97690963745117,IO -> PLC,5.8122
1776084813.9942882,189.99290919303894,IO -> PLC,5.92187
1776084814.0102875,190.00890851020813,IO -> PLC,5.15702
1776084814.026287,190.0249080657959,IO -> PLC,5.10389
1776084814.0422864,190.0409073829651,IO -> PLC,6.11048
1776084814.0582867,190.0569076538086,IO -> PLC,5.66845
1776084814.0742862,190.07290720939636,IO -> PLC,5.33466
1776084814.0902855,190.08890652656555,IO -> PLC,4.98351
1776084814.106285,190.10490608215332,IO -> PLC,4.57812
1776084814.1222854,190.12090635299683,IO -> PLC,4.46139
1776084814.1382847,190.13690567016602,IO -> PLC,3.93743
1776084814.1542842,190.15290522575378,IO -> PLC,4.22631
1776084814.1702836,190.16890454292297,IO -> PLC,4.1607
1776084814.186283,190.18490409851074,IO -> PLC,3.9254
1776084814.2022834,190.20090436935425,IO -> PLC,3.56216
1776084814.218283,190.21690392494202,IO -> PLC,4.84605
1776084814.2342823,190.2329032421112,IO -> PLC,3.13012
1776084814.2502816,190.2489025592804,IO -> PLC,3.83166
1776084814.266281,190.26490187644958,IO -> PLC,4.84857
1776084814.2822814,190.28090238571167,IO -> PLC,3.54738
1776084814.298281,190.29690194129944,IO -> PLC,3.2812
1776084814.3142803,190.31290125846863,IO -> PLC,4.83678
1776084814.3302796,190.32890057563782,IO -> PLC,2.60146
1776084814.34628,190.3449010848999,IO -> PLC,2.66401
1776084814.3622794,190.3609004020691,IO -> PLC,4.60057
1776084814.3782787,190.37689971923828,IO -> PLC,1.52858
1776084814.3942783,190.39289927482605,IO -> PLC,16.67526
1776084814.4116488,190.41026973724365,IO -> PLC,3.23175
1776084814.426278,190.42489910125732,IO -> PLC,6.26396
1776084814.4422774,190.4408984184265,IO -> PLC,2.60026
1776084814.4582767,190.4568977355957,IO -> PLC,4.43337
1776084814.4742763,190.47289729118347,IO -> PLC,15.57419
1776084814.4902756,190.48889660835266,IO -> PLC,15.46569
1776084814.5062761,190.50489711761475,IO -> PLC,15.07655
1776084814.5222754,190.52089643478394,IO -> PLC,14.87404
1776084814.5382748,190.53689575195312,IO -> PLC,14.54745
1776084814.5542743,190.5528953075409,IO -> PLC,13.9875
1776084814.5702746,190.5688955783844,IO -> PLC,13.31978
1776084814.5862741,190.58489513397217,IO -> PLC,13.3068
1776084814.6022735,190.60089445114136,IO -> PLC,12.93509
1776084814.618273,190.61689400672913,IO -> PLC,12.56451
1776084814.6342723,190.63289332389832,IO -> PLC,12.61594
1776084814.6502726,190.64889359474182,IO -> PLC,12.65696
1776084814.6662722,190.6648931503296,IO -> PLC,12.3663
1776084814.6822715,190.68089246749878,IO -> PLC,12.25788
1776084814.698271,190.69689202308655,IO -> PLC,12.01946
1776084814.7142704,190.71289134025574,IO -> PLC,11.89656
1776084814.7302709,190.72889184951782,IO -> PLC,11.66022
1776084814.7462702,190.744891166687,IO -> PLC,11.37268
1776084814.7622695,190.7608904838562,IO -> PLC,11.26922
1776084814.7782688,190.7768898010254,IO -> PLC,10.83014
1776084814.7942693,190.79289031028748,IO -> PLC,10.56188
1776084814.8102689,190.80888986587524,IO -> PLC,10.38794
1776084814.8262682,190.82488918304443,IO -> PLC,10.20056
1776084814.8422675,190.84088850021362,IO -> PLC,10.11566
1776084814.8582668,190.8568878173828,IO -> PLC,9.70939
1776084814.8742673,190.8728883266449,IO -> PLC,9.50769
1776084814.8902667,190.8888876438141,IO -> PLC,8.9611
1776084814.9062662,190.90488719940186,IO -> PLC,8.69995
1776084814.9222655,190.92088651657104,IO -> PLC,8.26912
1776084814.9382648,190.93688583374023,IO -> PLC,7.99686
1776084814.9542654,190.95288634300232,IO -> PLC,7.94373
1776084814.9702647,190.9688856601715,IO -> PLC,7.88338
1776084814.9862642,190.98488521575928,IO -> PLC,7.44615
1776084815.0022635,191.00088453292847,IO -> PLC,8.03825
1776084815.018263,191.01688408851624,IO -> PLC,7.56118
1776084815.0342634,191.03288435935974,IO -> PLC,7.36563
1776084815.0502627,191.04888367652893,IO -> PLC,7.30434
1776084815.0662622,191.0648832321167,IO -> PLC,9.09865
1776084815.0822616,191.0808825492859,IO -> PLC,8.85503
1776084815.098262,191.09688305854797,IO -> PLC,8.60428
1776084815.1142614,191.11288237571716,IO -> PLC,8.37378
1776084815.130261,191.12888193130493,IO -> PLC,7.95631
1776084815.1462603,191.14488124847412,IO -> PLC,7.93502
1776084815.1622596,191.1608805656433,IO -> PLC,7.46098
1776084815.17826,191.1768810749054,IO -> PLC,7.38529
1776084815.1942594,191.19288039207458,IO -> PLC,7.0035
1776084815.210259,191.20887994766235,IO -> PLC,6.47827
1776084815.2262583,191.22487926483154,IO -> PLC,5.82902
1776084815.2422576,191.24087858200073,IO -> PLC,5.93677
1776084815.258258,191.25687909126282,IO -> PLC,6.04133
1776084815.2742574,191.272878408432,IO -> PLC,5.6769
1776084815.2902567,191.2888777256012,IO -> PLC,5.45071
1776084815.3062563,191.30487728118896,IO -> PLC,6.04473
1776084815.3222568,191.32087779045105,IO -> PLC,4.78226
1776084815.3382561,191.33687710762024,IO -> PLC,4.49464
1776084815.3542554,191.35287642478943,IO -> PLC,5.75724
1776084815.3702548,191.36887574195862,IO -> PLC,3.8713
1776084815.3862543,191.3848752975464,IO -> PLC,3.99818
1776084815.4022546,191.4008755683899,IO -> PLC,5.8949
1776084815.4182541,191.41687512397766,IO -> PLC,2.70009
1776084815.4342535,191.43287444114685,IO -> PLC,3.83893
1776084815.4502528,191.44887375831604,IO -> PLC,5.68957
1776084815.4662523,191.4648733139038,IO -> PLC,2.55302
1776084815.4822526,191.48087358474731,IO -> PLC,3.81681
1776084815.4982522,191.49687314033508,IO -> PLC,5.73185
1776084815.5142515,191.51287245750427,IO -> PLC,1.82526
1776084815.530251,191.52887201309204,IO -> PLC,3.56413
1776084815.5462513,191.54487228393555,IO -> PLC,5.51716
1776084815.5622506,191.56087160110474,IO -> PLC,1.6045
1776084815.5782502,191.5768711566925,IO -> PLC,3.47033
1776084815.5942495,191.5928704738617,IO -> PLC,15.24294
1776084815.610249,191.60887002944946,IO -> PLC,15.42229
1776084815.6262493,191.62487030029297,IO -> PLC,14.92778
1776084815.6422489,191.64086985588074,IO -> PLC,15.18074
1776084815.6582482,191.65686917304993,IO -> PLC,14.80215
1776084815.6742475,191.67286849021912,IO -> PLC,14.96302
1776084815.6902468,191.6888678073883,IO -> PLC,15.49871
1776084815.7062473,191.7048683166504,IO -> PLC,15.67999
1776084815.722247,191.72086787223816,IO -> PLC,15.28989
1776084815.7382462,191.73686718940735,IO -> PLC,15.40075
1776084815.7542455,191.75286650657654,IO -> PLC,2.42119
1776084815.770246,191.76886701583862,IO -> PLC,4.20718
1776084815.7862453,191.7848663330078,IO -> PLC,6.18462
1776084815.8022447,191.800865650177,IO -> PLC,2.37547
1776084815.8182442,191.81686520576477,IO -> PLC,15.14516
1776084815.8342435,191.83286452293396,IO -> PLC,14.4768
1776084815.850244,191.84886503219604,IO -> PLC,14.70016
1776084815.8662434,191.86486434936523,IO -> PLC,14.28548
1776084815.8822427,191.88086366653442,IO -> PLC,14.22419
1776084815.8982422,191.8968632221222,IO -> PLC,13.8476
1776084815.9142416,191.91286253929138,IO -> PLC,13.73295
1776084815.930242,191.92886304855347,IO -> PLC,13.217
1776084815.9462414,191.94486236572266,IO -> PLC,13.21298
1776084815.9622407,191.96086168289185,IO -> PLC,12.89263
1776084815.9782403,191.97686123847961,IO -> PLC,12.62237
1776084815.9942405,191.99286150932312,IO -> PLC,11.24006
1776084816.01024,192.0088610649109,IO -> PLC,10.88786
1776084816.0262394,192.02486038208008,IO -> PLC,10.70057
1776084816.0422387,192.04085969924927,IO -> PLC,10.40374
1776084816.0582383,192.05685925483704,IO -> PLC,10.24821
1776084816.0742385,192.07285952568054,IO -> PLC,9.72416
1776084816.090238,192.0888590812683,IO -> PLC,8.84875
1776084816.1062374,192.1048583984375,IO -> PLC,9.05451
1776084816.122237,192.12085795402527,IO -> PLC,8.87441
1776084816.1382363,192.13685727119446,IO -> PLC,8.54798
1776084816.1542366,192.15285754203796,IO -> PLC,8.44461
1776084816.170236,192.16885709762573,IO -> PLC,8.56876
1776084816.1862354,192.18485641479492,IO -> PLC,8.39666
1776084816.2022347,192.2008557319641,IO -> PLC,8.24632
1776084816.2182353,192.2168562412262,IO -> PLC,7.93613
1776084816.2342348,192.23285579681396,IO -> PLC,7.72956
1776084816.2502341,192.24885511398315,IO -> PLC,7.47761
1776084816.2662334,192.26485443115234,IO -> PLC,7.2187
1776084816.2822328,192.28085374832153,IO -> PLC,6.77131
1776084816.2982333,192.29685425758362,IO -> PLC,6.49177
1776084816.3142326,192.3128535747528,IO -> PLC,6.20023
1776084816.3302321,192.32885313034058,IO -> PLC,5.93708
1776084816.3462315,192.34485244750977,IO -> PLC,6.31588
1776084816.3622308,192.36085176467896,IO -> PLC,4.97693
1776084816.3782313,192.37685227394104,IO -> PLC,4.82444
1776084816.3942306,192.39285159111023,IO -> PLC,4.54393
1776084816.4102302,192.408851146698,IO -> PLC,5.69509
1776084816.4262295,192.4248504638672,IO -> PLC,5.61636
1776084816.44223,192.44085097312927,IO -> PLC,5.16376
1776084816.4582293,192.45685029029846,IO -> PLC,5.62265
1776084816.4742286,192.47284960746765,IO -> PLC,5.14974
1776084816.4902282,192.48884916305542,IO -> PLC,4.84883
1776084816.5062275,192.5048484802246,IO -> PLC,4.60017
1776084816.522228,192.5208489894867,IO -> PLC,4.59191
1776084816.5382273,192.53684830665588,IO -> PLC,4.05764
1776084816.5542266,192.55284762382507,IO -> PLC,3.85282
1776084816.5702262,192.56884717941284,IO -> PLC,4.64781
1776084816.5862255,192.58484649658203,IO -> PLC,3.07291
1776084816.602226,192.60084700584412,IO -> PLC,3.35028
1776084816.6182253,192.6168463230133,IO -> PLC,5.13035
1776084816.634225,192.63284587860107,IO -> PLC,2.23149
1776084816.6502242,192.64884519577026,IO -> PLC,3.25351
1776084816.6662245,192.66484546661377,IO -> PLC,4.9495
1776084816.682224,192.68084502220154,IO -> PLC,1.77407
1776084816.6982234,192.69684433937073,IO -> PLC,3.00403
1776084816.7142227,192.71284365653992,IO -> PLC,4.92538
1776084816.7302222,192.72884321212769,IO -> PLC,0.85087
1776084816.7462227,192.74484372138977,IO -> PLC,15.61233
1776084816.762222,192.76084303855896,IO -> PLC,15.25519
1776084816.7782214,192.77684235572815,IO -> PLC,14.92356
1776084816.7942207,192.79284167289734,IO -> PLC,14.87226
1776084816.8102202,192.8088412284851,IO -> PLC,14.62688
1776084816.8262205,192.8248414993286,IO -> PLC,14.48558
1776084816.84222,192.84084105491638,IO -> PLC,14.23484
1776084816.8582194,192.85684037208557,IO -> PLC,13.75464
1776084816.8742187,192.87283968925476,IO -> PLC,13.26341
1776084816.8902183,192.88883924484253,IO -> PLC,13.18555
1776084816.9062185,192.90483951568604,IO -> PLC,12.70232
1776084816.922218,192.9208390712738,IO -> PLC,12.1086
1776084816.9382174,192.936838388443,IO -> PLC,11.75329
1776084816.9542167,192.95283770561218,IO -> PLC,11.18406
1776084816.9702172,192.96883821487427,IO -> PLC,10.89651
1776084816.9862165,192.98483753204346,IO -> PLC,10.31503
1776084817.002216,193.00083708763123,IO -> PLC,9.89412
1776084817.0182154,193.01683640480042,IO -> PLC,9.43145
1776084817.034215,193.03283596038818,IO -> PLC,9.43776
1776084817.0502152,193.0488362312317,IO -> PLC,9.39174
1776084817.0662146,193.06483554840088,IO -> PLC,11.3867
1776084817.082214,193.08083510398865,IO -> PLC,11.07955
1776084817.0982134,193.09683442115784,IO -> PLC,11.06962
1776084817.1142128,193.11283373832703,IO -> PLC,10.78079
1776084817.1302133,193.1288342475891,IO -> PLC,10.93663
1776084817.1462128,193.14483380317688,IO -> PLC,10.86094
1776084817.1622121,193.16083312034607,IO -> PLC,10.41259
1776084817.1782115,193.17683243751526,IO -> PLC,10.45265
1776084817.194212,193.19283294677734,IO -> PLC,10.03286
1776084817.2102113,193.20883226394653,IO -> PLC,9.79548
1776084817.2262106,193.22483158111572,IO -> PLC,9.73099
1776084817.2422101,193.2408311367035,IO -> PLC,9.66568
1776084817.2582095,193.25683045387268,IO -> PLC,9.66992
1776084817.27421,193.27283096313477,IO -> PLC,9.07796
1776084817.2902093,193.28883028030396,IO -> PLC,8.70961
1776084817.3062086,193.30482959747314,IO -> PLC,8.55927
1776084817.3222082,193.3208291530609,IO -> PLC,8.37085
1776084817.3382075,193.3368284702301,IO -> PLC,8.10883
1776084817.354208,193.3528289794922,IO -> PLC,7.97161
1776084817.3702073,193.36882829666138,IO -> PLC,7.72398
1776084817.3862066,193.38482761383057,IO -> PLC,7.34211
1776084817.4022062,193.40082716941833,IO -> PLC,7.09153
1776084817.4182065,193.41682744026184,IO -> PLC,6.86935
1776084817.434206,193.4328269958496,IO -> PLC,6.6626
1776084817.4502053,193.4488263130188,IO -> PLC,6.63003
1776084817.4662046,193.464825630188,IO -> PLC,6.24712
1776084817.4822042,193.48082518577576,IO -> PLC,6.91795
1776084817.4982045,193.49682545661926,IO -> PLC,5.56747
1776084817.514204,193.51282501220703,IO -> PLC,5.42321
1776084817.5302033,193.52882432937622,IO -> PLC,5.03622
1776084817.546203,193.544823884964,IO -> PLC,4.56411
1776084817.5622022,193.56082320213318,IO -> PLC,4.55626
1776084817.5782025,193.57682347297668,IO -> PLC,3.66244
1776084817.594202,193.59282302856445,IO -> PLC,3.59787
1776084817.6102014,193.60882234573364,IO -> PLC,5.13209
1776084817.6262007,193.62482166290283,IO -> PLC,3.34432
1776084817.6422012,193.64082217216492,IO -> PLC,3.26045
1776084817.6582005,193.6568214893341,IO -> PLC,4.83444
1776084817.6742,193.67282104492188,IO -> PLC,3.21875
1776084817.6901994,193.68882036209106,IO -> PLC,3.1265
1776084817.7061987,193.70481967926025,IO -> PLC,4.81416
1776084817.7221992,193.72082018852234,IO -> PLC,2.39572
1776084817.7381985,193.73681950569153,IO -> PLC,2.96413
1776084817.754198,193.7528190612793,IO -> PLC,4.7142
1776084817.7701974,193.7688183784485,IO -> PLC,1.72629
1776084817.7861967,193.78481769561768,IO -> PLC,3.02482
1776084817.8021972,193.80081820487976,IO -> PLC,4.67472
1776084817.8181965,193.81681752204895,IO -> PLC,0.69037
1776084817.834196,193.83281707763672,IO -> PLC,15.56879
1776084817.8501954,193.8488163948059,IO -> PLC,14.76402
1776084817.866196,193.864816904068,IO -> PLC,14.78042
1776084817.8821952,193.88081622123718,IO -> PLC,14.31879
1776084817.8981946,193.89681553840637,IO -> PLC,14.05475
1776084817.914194,193.91281509399414,IO -> PLC,13.64633
1776084817.9301934,193.92881441116333,IO -> PLC,13.04845
1776084817.946194,193.94481492042542,IO -> PLC,13.43966
1776084817.9621933,193.9608142375946,IO -> PLC,13.50828
1776084817.9781926,193.9768135547638,IO -> PLC,13.6478
1776084817.9941921,193.99281311035156,IO -> PLC,13.37458
1776084818.0101914,194.00881242752075,IO -> PLC,13.21896
1776084818.026192,194.02481293678284,IO -> PLC,12.79724
1776084818.0421913,194.04081225395203,IO -> PLC,12.83611
1776084818.0581906,194.05681157112122,IO -> PLC,12.31096
1776084818.0741901,194.07281112670898,IO -> PLC,12.16366
1776084818.0901904,194.0888113975525,IO -> PLC,10.47621
1776084818.10619,194.10481095314026,IO -> PLC,10.09738
1776084818.1221893,194.12081027030945,IO -> PLC,9.60191
1776084818.1381886,194.13680958747864,IO -> PLC,9.10955
1776084818.1541882,194.1528091430664,IO -> PLC,9.12907
1776084818.1701884,194.1688094139099,IO -> PLC,9.04304
1776084818.186188,194.18480896949768,IO -> PLC,8.88463
1776084818.2021873,194.20080828666687,IO -> PLC,8.46172
1776084818.2181866,194.21680760383606,IO -> PLC,8.13017
1776084818.2341862,194.23280715942383,IO -> PLC,8.94539
1776084818.2501864,194.24880743026733,IO -> PLC,9.21379
1776084818.266186,194.2648069858551,IO -> PLC,8.68848
1776084818.2821853,194.2808063030243,IO -> PLC,8.71631
1776084818.2981846,194.29680562019348,IO -> PLC,8.30475
1776084818.3141851,194.31280612945557,IO -> PLC,8.50667
1776084818.3301845,194.32880544662476,IO -> PLC,8.13505
1776084818.346184,194.34480500221252,IO -> PLC,8.13128
1776084818.3621833,194.3608043193817,IO -> PLC,8.29198
1776084818.3781826,194.3768036365509,IO -> PLC,8.32702
1776084818.3941832,194.392804145813,IO -> PLC,8.107
1776084818.4101825,194.40880346298218,IO -> PLC,8.95799
1776084818.426182,194.42480301856995,IO -> PLC,8.46058
1776084818.4421813,194.44080233573914,IO -> PLC,8.5805
1776084818.4581807,194.45680165290833,IO -> PLC,8.77602
1776084818.4741812,194.4728021621704,IO -> PLC,9.24011
1776084818.4901805,194.4888014793396,IO -> PLC,9.8894
1776084818.50618,194.50480103492737,IO -> PLC,9.29784
1776084818.5221794,194.52080035209656,IO -> PLC,9.82018
1776084818.5381799,194.53680086135864,IO -> PLC,9.42999
1776084818.5541792,194.55280017852783,IO -> PLC,9.50502
1776084818.5701785,194.56879949569702,IO -> PLC,9.15691
1776084818.586178,194.5847990512848,IO -> PLC,8.94497
1776084818.6021774,194.60079836845398,IO -> PLC,8.61335
1776084818.618178,194.61679887771606,IO -> PLC,8.11683
1776084818.6341772,194.63279819488525,IO -> PLC,7.86008
1776084818.6501765,194.64879751205444,IO -> PLC,7.67686
1776084818.666176,194.6647970676422,IO -> PLC,7.51925
1776084818.6821754,194.6807963848114,IO -> PLC,7.37499
1776084818.698176,194.6967968940735,IO -> PLC,6.99511
1776084818.7141752,194.71279621124268,IO -> PLC,6.50468
1776084818.7301745,194.72879552841187,IO -> PLC,6.57252
1776084818.746174,194.74479508399963,IO -> PLC,6.00952
1776084818.7621744,194.76079535484314,IO -> PLC,6.31567
1776084818.778174,194.7767949104309,IO -> PLC,6.07005
1776084818.7941732,194.7927942276001,IO -> PLC,5.87668
1776084818.8101726,194.8087935447693,IO -> PLC,5.2992
1776084818.826172,194.82479310035706,IO -> PLC,5.76616
1776084818.8421724,194.84079337120056,IO -> PLC,4.84067
1776084818.8581717,194.85679268836975,IO -> PLC,4.84378
1776084818.8741713,194.87279224395752,IO -> PLC,4.65968
1776084818.8901706,194.8887915611267,IO -> PLC,4.33725
1776084818.9061701,194.90479111671448,IO -> PLC,4.53789
1776084818.9221704,194.92079138755798,IO -> PLC,3.67896
1776084818.93817,194.93679094314575,IO -> PLC,3.29013
1776084818.9541693,194.95279026031494,IO -> PLC,4.54761
1776084818.9701686,194.96878957748413,IO -> PLC,3.18994
1776084818.9861681,194.9847891330719,IO -> PLC,3.0384
1776084819.0021684,195.0007894039154,IO -> PLC,4.86648
1776084819.018168,195.01678895950317,IO -> PLC,2.08129
1776084819.0341673,195.03278827667236,IO -> PLC,2.94676
1776084819.0501666,195.04878759384155,IO -> PLC,4.84012
1776084819.066167,195.06478810310364,IO -> PLC,3.59821
1776084819.0821664,195.08078742027283,IO -> PLC,5.07074
1776084819.098166,195.0967869758606,IO -> PLC,3.1572
1776084819.1141653,195.11278629302979,IO -> PLC,3.0343
1776084819.1301646,195.12878561019897,IO -> PLC,5.03239
1776084819.1461651,195.14478611946106,IO -> PLC,1.89694
1776084819.1621644,195.16078543663025,IO -> PLC,2.80426
1776084819.178164,195.17678499221802,IO -> PLC,4.55145
1776084819.1941633,195.1927843093872,IO -> PLC,1.34633
1776084819.2101626,195.2087836265564,IO -> PLC,2.87527
1776084819.2261631,195.22478413581848,IO -> PLC,15.03293
1776084819.2421625,195.24078345298767,IO -> PLC,14.63994
1776084819.2581618,195.25678277015686,IO -> PLC,14.5284
1776084819.2741613,195.27278232574463,IO -> PLC,13.91301
1776084819.2901618,195.2887828350067,IO -> PLC,13.48817
1776084819.3061612,195.3047821521759,IO -> PLC,13.00493
1776084819.3221605,195.3207814693451,IO -> PLC,12.97532
1776084819.33816,195.33678102493286,IO -> PLC,12.86907
1776084819.3541594,195.35278034210205,IO -> PLC,12.95001
1776084819.3701596,195.36878061294556,IO -> PLC,12.93064
1776084819.3861592,195.38478016853333,IO -> PLC,12.73214
1776084819.4021585,195.40077948570251,IO -> PLC,12.82334
1776084819.418158,195.41677904129028,IO -> PLC,12.79172
1776084819.4341574,195.43277835845947,IO -> PLC,12.61778
1776084819.4501579,195.44877886772156,IO -> PLC,12.60465
1776084819.4661572,195.46477818489075,IO -> PLC,12.31199
1776084819.4821565,195.48077750205994,IO -> PLC,11.89419
1776084819.498156,195.4967770576477,IO -> PLC,11.85242
1776084819.5141563,195.5127773284912,IO -> PLC,11.35262
1776084819.530156,195.52877688407898,IO -> PLC,11.18389
1776084819.5461552,195.54477620124817,IO -> PLC,10.97002
1776084819.5621545,195.56077551841736,IO -> PLC,10.40678
1776084819.578154,195.57677507400513,IO -> PLC,10.41101
1776084819.5941544,195.59277534484863,IO -> PLC,10.05075
1776084819.610154,195.6087749004364,IO -> PLC,9.96481
1776084819.6261532,195.6247742176056,IO -> PLC,9.62286
1776084819.6421525,195.64077353477478,IO -> PLC,9.59749
1776084819.6581519,195.65677285194397,IO -> PLC,9.26794
1776084819.6741524,195.67277336120605,IO -> PLC,9.094
1776084819.690152,195.68877291679382,IO -> PLC,8.78877
1776084819.7061512,195.704772233963,IO -> PLC,8.53091
1776084819.7221506,195.7207715511322,IO -> PLC,8.17585
1776084819.738151,195.7367720603943,IO -> PLC,7.84206
1776084819.7541504,195.75277137756348,IO -> PLC,7.70611
1776084819.7701497,195.76877069473267,IO -> PLC,7.28121
1776084819.7861493,195.78477025032043,IO -> PLC,7.20327
1776084819.8021486,195.80076956748962,IO -> PLC,6.79908
1776084819.818149,195.8167700767517,IO -> PLC,6.40081
1776084819.8341484,195.8327693939209,IO -> PLC,6.04974
1776084819.850148,195.84876894950867,IO -> PLC,6.08989
1776084819.8661473,195.86476826667786,IO -> PLC,5.72435
1776084819.8821466,195.88076758384705,IO -> PLC,5.55136
1776084819.898147,195.89676809310913,IO -> PLC,5.2983
1776084819.9141464,195.91276741027832,IO -> PLC,5.08364
1776084819.930146,195.9287669658661,IO -> PLC,4.57377
1776084819.9461453,195.94476628303528,IO -> PLC,4.99785
1776084819.9621458,195.96076679229736,IO -> PLC,4.02515
1776084819.9781451,195.97676610946655,IO -> PLC,3.79089
1776084819.9941444,195.99276542663574,IO -> PLC,4.9767
1776084820.010144,196.0087649822235,IO -> PLC,3.83206
1776084820.0261433,196.0247642993927,IO -> PLC,3.4746
1776084820.0421438,196.04076480865479,IO -> PLC,5.18891
1776084820.0581431,196.05676412582397,IO -> PLC,3.5601
1776084820.0741425,196.07276344299316,IO -> PLC,3.298
1776084820.090142,196.08876299858093,IO -> PLC,5.45856
1776084820.1061413,196.10476231575012,IO -> PLC,2.83435
1776084820.1221418,196.1207628250122,IO -> PLC,3.77951
1776084820.1381412,196.1367621421814,IO -> PLC,5.48685
1776084820.1541405,196.1527614593506,IO -> PLC,2.50702
1776084820.1701398,196.16876077651978,IO -> PLC,3.43185
1776084820.1861403,196.18476128578186,IO -> PLC,5.5885
1776084820.2021399,196.20076084136963,IO -> PLC,2.01985
1776084820.2181392,196.21676015853882,IO -> PLC,3.90319
1776084820.2341385,196.232759475708,IO -> PLC,5.5623
1776084820.250138,196.24875903129578,IO -> PLC,1.64851
1776084820.2661383,196.26475930213928,IO -> PLC,3.59019
1776084820.2821376,196.28075861930847,IO -> PLC,15.00637
1776084820.2981372,196.29675817489624,IO -> PLC,15.32398
1776084820.3141365,196.31275749206543,IO -> PLC,15.05259
1776084820.330136,196.3287570476532,IO -> PLC,14.68833
1776084820.3461363,196.3447573184967,IO -> PLC,14.62695
1776084820.362136,196.36075687408447,IO -> PLC,14.34244
1776084820.3781352,196.37675619125366,IO -> PLC,14.22483
1776084820.3941345,196.39275550842285,IO -> PLC,14.08049
1776084820.410135,196.40875601768494,IO -> PLC,13.90134
1776084820.4261343,196.42475533485413,IO -> PLC,13.51636
1776084820.442134,196.4407548904419,IO -> PLC,13.81044
1776084820.4581332,196.45675420761108,IO -> PLC,13.32633
1776084820.4741325,196.47275352478027,IO -> PLC,13.01911
1776084820.490133,196.48875403404236,IO -> PLC,12.5493
1776084820.5061324,196.50475335121155,IO -> PLC,12.39577
1776084820.522132,196.52075290679932,IO -> PLC,12.00478
1776084820.5381312,196.5367522239685,IO -> PLC,11.35154
1776084820.5541306,196.5527515411377,IO -> PLC,10.89894
1776084820.570131,196.56875205039978,IO -> PLC,10.50907
1776084820.5861304,196.58475136756897,IO -> PLC,10.53883
1776084820.60213,196.60075092315674,IO -> PLC,10.37617
1776084820.6181293,196.61675024032593,IO -> PLC,10.14278
1776084820.6341298,196.632750749588,IO -> PLC,9.72211
1776084820.650129,196.6487500667572,IO -> PLC,9.87267
1776084820.6661284,196.6647493839264,IO -> PLC,9.35975
1776084820.6821277,196.68074870109558,IO -> PLC,9.1194
1776084820.6981273,196.69674825668335,IO -> PLC,8.67993
1776084820.7141278,196.71274876594543,IO -> PLC,8.86249
1776084820.730127,196.72874808311462,IO -> PLC,8.45502
1776084820.7461264,196.7447474002838,IO -> PLC,8.20003
1776084820.762126,196.76074695587158,IO -> PLC,7.93409
1776084820.7781253,196.77674627304077,IO -> PLC,7.64247
1776084820.7941256,196.79274654388428,IO -> PLC,7.56686
1776084820.810125,196.80874609947205,IO -> PLC,7.39884
1776084820.8261244,196.82474541664124,IO -> PLC,7.15113
1776084820.842124,196.840744972229,IO -> PLC,6.52765
1776084820.8581233,196.8567442893982,IO -> PLC,6.31259
1776084820.8741236,196.8727445602417,IO -> PLC,5.99649
1776084820.8901231,196.88874411582947,IO -> PLC,5.88398
1776084820.9061224,196.90474343299866,IO -> PLC,5.49075
1776084820.922122,196.92074298858643,IO -> PLC,5.20721
1776084820.9381223,196.93674325942993,IO -> PLC,4.97191
1776084820.9541218,196.9527428150177,IO -> PLC,4.98837
1776084820.9701211,196.9687421321869,IO -> PLC,4.74779
1776084820.9861205,196.98474144935608,IO -> PLC,4.25656
1776084821.00212,197.00074100494385,IO -> PLC,5.35428
1776084821.0181203,197.01674127578735,IO -> PLC,3.67506
1776084821.0341198,197.03274083137512,IO -> PLC,3.42216
1776084821.0501192,197.0487401485443,IO -> PLC,5.09455
1776084821.0661185,197.0647394657135,IO -> PLC,4.81213
1776084821.0821178,197.0807387828827,IO -> PLC,5.51582
1776084821.0981183,197.09673929214478,IO -> PLC,4.20103
1776084821.1141179,197.11273884773254,IO -> PLC,3.79052
1776084821.1301172,197.12873816490173,IO -> PLC,5.31834
1776084821.1461165,197.14473748207092,IO -> PLC,2.74717
1776084821.162117,197.160737991333,IO -> PLC,2.99093
1776084821.1781163,197.1767373085022,IO -> PLC,4.91836
1776084821.1941156,197.1927366256714,IO -> PLC,2.60233
1776084821.2101152,197.20873618125916,IO -> PLC,3.14378
1776084821.2261145,197.22473549842834,IO -> PLC,5.03841
1776084821.242115,197.24073600769043,IO -> PLC,1.95242
1776084821.2581143,197.25673532485962,IO -> PLC,3.07182
1776084821.2741137,197.2727346420288,IO -> PLC,4.74501
1776084821.2901132,197.28873419761658,IO -> PLC,1.36691
1776084821.3061125,197.30473351478577,IO -> PLC,3.62589
1776084821.322113,197.32073402404785,IO -> PLC,5.66189
1776084821.3381124,197.33673334121704,IO -> PLC,15.58906
1776084821.354112,197.3527328968048,IO -> PLC,15.45311
1776084821.3701112,197.368732213974,IO -> PLC,15.07324
1776084821.3861115,197.3847324848175,IO -> PLC,14.68025
1776084821.402111,197.40073204040527,IO -> PLC,14.02798
1776084821.4181104,197.41673135757446,IO -> PLC,14.12037
1776084821.43411,197.43273091316223,IO -> PLC,13.55616
1776084821.4501092,197.44873023033142,IO -> PLC,13.62392
1776084821.4661095,197.46473050117493,IO -> PLC,13.28709
1776084821.482109,197.4807300567627,IO -> PLC,13.00259
1776084821.4981084,197.49672937393188,IO -> PLC,12.7928
1776084821.514108,197.51272892951965,IO -> PLC,12.48774
1776084821.5301073,197.52872824668884,IO -> PLC,12.27684
1776084821.5461078,197.54472875595093,IO -> PLC,12.52588
1776084821.562107,197.56072807312012,IO -> PLC,12.28641
1776084821.5781064,197.5767273902893,IO -> PLC,12.00183
1776084821.5941057,197.5927267074585,IO -> PLC,11.71932
1776084821.6101062,197.60872721672058,IO -> PLC,11.56283
1776084821.6261058,197.62472677230835,IO -> PLC,11.53513
1776084821.642105,197.64072608947754,IO -> PLC,11.36223
1776084821.6581044,197.65672540664673,IO -> PLC,11.28654
1776084821.6741037,197.67272472381592,IO -> PLC,9.67789
1776084821.6901042,197.688725233078,IO -> PLC,9.06177
1776084821.7061036,197.7047245502472,IO -> PLC,8.80982
1776084821.722103,197.72072410583496,IO -> PLC,8.41364
1776084821.7381024,197.73672342300415,IO -> PLC,8.32266
1776084821.7541018,197.75272274017334,IO -> PLC,8.21841
1776084821.7701023,197.76872324943542,IO -> PLC,8.0331
1776084821.7861016,197.78472256660461,IO -> PLC,7.63899
1776084821.8021011,197.80072212219238,IO -> PLC,7.37921
1776084821.8181005,197.81672143936157,IO -> PLC,7.83994
1776084821.834101,197.83272194862366,IO -> PLC,7.95481
1776084821.8501003,197.84872126579285,IO -> PLC,7.95184
1776084821.8660996,197.86472058296204,IO -> PLC,7.91199
1776084821.8820992,197.8807201385498,IO -> PLC,7.42372
1776084821.8980985,197.896719455719,IO -> PLC,7.85908
1776084821.914099,197.91271996498108,IO -> PLC,7.47833
1776084821.9300983,197.92871928215027,IO -> PLC,7.98418
1776084821.9460979,197.94471883773804,IO -> PLC,8.25883
1776084821.9620972,197.96071815490723,IO -> PLC,8.95836
1776084821.9780965,197.97671747207642,IO -> PLC,8.74138
1776084821.994097,197.9927179813385,IO -> PLC,8.51224
1776084822.0100963,198.0087172985077,IO -> PLC,9.05505
1776084822.0260959,198.02471685409546,IO -> PLC,8.67311
1776084822.0420952,198.04071617126465,IO -> PLC,8.69165
1776084822.0580957,198.05671668052673,IO -> PLC,8.50443
1776084822.074095,198.07271599769592,IO -> PLC,7.97304
1776084822.0900943,198.0887153148651,IO -> PLC,7.43868
1776084822.1060936,198.1047146320343,IO -> PLC,7.52675
1776084822.1220932,198.12071418762207,IO -> PLC,6.7323
1776084822.1380937,198.13671469688416,IO -> PLC,6.34323
1776084822.154093,198.15271401405334,IO -> PLC,6.56979
1776084822.1700923,198.16871333122253,IO -> PLC,6.86171
1776084822.1860917,198.18471264839172,IO -> PLC,6.68273
1776084822.2020912,198.2007122039795,IO -> PLC,6.13293
1776084822.2180915,198.216712474823,IO -> PLC,5.79187
1776084822.234091,198.23271203041077,IO -> PLC,5.61896
1776084822.2500904,198.24871134757996,IO -> PLC,5.68871
1776084822.2660897,198.26471066474915,IO -> PLC,6.34626
1776084822.2820892,198.2807102203369,IO -> PLC,5.36956
1776084822.2980895,198.29671049118042,IO -> PLC,4.87313
1776084822.314089,198.3127100467682,IO -> PLC,4.76462
1776084822.3300884,198.32870936393738,IO -> PLC,4.31099
1776084822.346088,198.34470891952515,IO -> PLC,4.32547
1776084822.3620882,198.36070919036865,IO -> PLC,3.63854
1776084822.3780875,198.37670850753784,IO -> PLC,3.27611
1776084822.394087,198.3927080631256,IO -> PLC,5.20043
1776084822.4100864,198.4087073802948,IO -> PLC,2.72862
1776084822.426086,198.42470693588257,IO -> PLC,3.36032
1776084822.4420862,198.44070720672607,IO -> PLC,4.98862
1776084822.4580858,198.45670676231384,IO -> PLC,2.57122
1776084822.474085,198.47270607948303,IO -> PLC,2.9245
1776084822.4900844,198.48870539665222,IO -> PLC,5.27484
1776084822.506085,198.5047059059143,IO -> PLC,1.79858
1776084822.5220842,198.5207052230835,IO -> PLC,3.44721
1776084822.5380838,198.53670477867126,IO -> PLC,5.27024
1776084822.554083,198.55270409584045,IO -> PLC,1.44246
1776084822.5700824,198.56870341300964,IO -> PLC,15.76678
1776084822.586083,198.58470392227173,IO -> PLC,15.3265
1776084822.6020823,198.60070323944092,IO -> PLC,15.52442
1776084822.6180816,198.6167025566101,IO -> PLC,15.16416
1776084822.6340811,198.63270211219788,IO -> PLC,14.42779
1776084822.6500804,198.64870142936707,IO -> PLC,14.5469
1776084822.666081,198.66470193862915,IO -> PLC,14.42184
1776084822.6820803,198.68070125579834,IO -> PLC,14.22126
1776084822.6980796,198.69670057296753,IO -> PLC,13.87348
1776084822.7140791,198.7127001285553,IO -> PLC,13.65537
1776084822.7300794,198.7287003993988,IO -> PLC,13.62888
1776084822.746079,198.74469995498657,IO -> PLC,13.75079
1776084822.7620783,198.76069927215576,IO -> PLC,13.45189
1776084822.7780776,198.77669858932495,IO -> PLC,13.18266
1776084822.7940772,198.79269814491272,IO -> PLC,12.79575
1776084822.8100774,198.80869841575623,IO -> PLC,12.59933
1776084822.826077,198.824697971344,IO -> PLC,12.28923
1776084822.8420763,198.84069728851318,IO -> PLC,12.16633
1776084822.8580759,198.85669684410095,IO -> PLC,11.78958
1776084822.8740752,198.87269616127014,IO -> PLC,11.45507
1776084822.8900754,198.88869643211365,IO -> PLC,10.8672
1776084822.906075,198.90469598770142,IO -> PLC,10.81734
1776084822.9220743,198.9206953048706,IO -> PLC,10.32474
1776084822.9380739,198.93669486045837,IO -> PLC,10.09232
1776084822.9540732,198.95269417762756,IO -> PLC,10.2748
1776084822.9700735,198.96869444847107,IO -> PLC,10.06398
1776084822.986073,198.98469400405884,IO -> PLC,9.84803
1776084823.0020723,199.00069332122803,IO -> PLC,9.452
1776084823.0180717,199.01669263839722,IO -> PLC,9.16118
1776084823.0340722,199.0326931476593,IO -> PLC,8.72915
1776084823.0500717,199.04869270324707,IO -> PLC,8.74874
1776084823.066071,199.06469202041626,IO -> PLC,10.55425
1776084823.0820704,199.08069133758545,IO -> PLC,10.50519
1776084823.0980697,199.09669065475464,IO -> PLC,10.16325
1776084823.1140702,199.11269116401672,IO -> PLC,9.84915
1776084823.1300695,199.1286904811859,IO -> PLC,9.11701
1776084823.146069,199.14469003677368,IO -> PLC,8.9962
1776084823.1620684,199.16068935394287,IO -> PLC,8.91242
1776084823.1780677,199.17668867111206,IO -> PLC,8.86945
1776084823.1940682,199.19268918037415,IO -> PLC,8.71086
1776084823.2100675,199.20868849754333,IO -> PLC,8.33116
1776084823.226067,199.2246880531311,IO -> PLC,8.15722
1776084823.2420664,199.2406873703003,IO -> PLC,8.20433
1776084823.258067,199.25668787956238,IO -> PLC,7.65158
1776084823.2740662,199.27268719673157,IO -> PLC,7.37011
1776084823.2900655,199.28868651390076,IO -> PLC,7.14481
1776084823.306065,199.30468606948853,IO -> PLC,6.78454
1776084823.3220644,199.32068538665771,IO -> PLC,6.48988
1776084823.338065,199.3366858959198,IO -> PLC,6.20016
1776084823.3540642,199.352685213089,IO -> PLC,6.24928
1776084823.3700635,199.36868453025818,IO -> PLC,6.18606
1776084823.386063,199.38468408584595,IO -> PLC,5.70795
1776084823.4020624,199.40068340301514,IO -> PLC,5.77458
1776084823.418063,199.41668391227722,IO -> PLC,5.25862
1776084823.4340622,199.4326832294464,IO -> PLC,5.82408
1776084823.4500618,199.44868278503418,IO -> PLC,5.05099
1776084823.466061,199.46468210220337,IO -> PLC,4.79824
1776084823.4820614,199.48068237304688,IO -> PLC,6.3487
1776084823.498061,199.49668192863464,IO -> PLC,4.32436
1776084823.5140603,199.51268124580383,IO -> PLC,4.48612
1776084823.5300596,199.52868056297302,IO -> PLC,6.36756
1776084823.5460591,199.5446801185608,IO -> PLC,3.18387
1776084823.5620594,199.5606803894043,IO -> PLC,4.15375
1776084823.578059,199.57667994499207,IO -> PLC,5.90702
1776084823.5940583,199.59267926216125,IO -> PLC,2.70102
1776084823.6100576,199.60867857933044,IO -> PLC,17.15134
1776084823.6260571,199.6246781349182,IO -> PLC,0.73082
1776084823.6420574,199.64067840576172,IO -> PLC,2.54257
1776084823.658057,199.6566779613495,IO -> PLC,4.36329
1776084823.6740563,199.67267727851868,IO -> PLC,1.22705
1776084823.6900556,199.68867659568787,IO -> PLC,2.70062
1776084823.706056,199.70467710494995,IO -> PLC,4.59814
1776084823.7220554,199.72067642211914,IO -> PLC,15.3919
1776084823.738055,199.7366759777069,IO -> PLC,15.04692
1776084823.7540543,199.7526752948761,IO -> PLC,14.82681
1776084823.7700536,199.7686746120453,IO -> PLC,14.63839
1776084823.7860541,199.78467512130737,IO -> PLC,13.87986
1776084823.8020535,199.80067443847656,IO -> PLC,13.37719
1776084823.818053,199.81667399406433,IO -> PLC,13.24925
1776084823.8340523,199.83267331123352,IO -> PLC,13.00571
1776084823.8500516,199.8486726284027,IO -> PLC,12.90441
1776084823.8660522,199.8646731376648,IO -> PLC,12.60031
1776084823.8820515,199.88067245483398,IO -> PLC,12.54509
1776084823.898051,199.89667201042175,IO -> PLC,12.15626
1776084823.9140503,199.91267132759094,IO -> PLC,11.91376
1776084823.9300508,199.92867183685303,IO -> PLC,11.53381
1776084823.9460502,199.94467115402222,IO -> PLC,11.52388
1776084823.9620495,199.9606704711914,IO -> PLC,11.35289
1776084823.978049,199.97667002677917,IO -> PLC,11.08367
1776084823.9940484,199.99266934394836,IO -> PLC,10.91797
1776084824.0100489,200.00866985321045,IO -> PLC,10.66115
1776084824.0260482,200.02466917037964,IO -> PLC,10.39688
1776084824.0420475,200.04066848754883,IO -> PLC,10.22102
1776084824.058047,200.0566680431366,IO -> PLC,9.95988
1776084824.0740464,200.0726673603058,IO -> PLC,9.63434
1776084824.090047,200.08866786956787,IO -> PLC,9.33759
1776084824.1060462,200.10466718673706,IO -> PLC,9.0398
1776084824.1220455,200.12066650390625,IO -> PLC,8.57297
1776084824.138045,200.13666605949402,IO -> PLC,8.33959
1776084824.1540453,200.15266633033752,IO -> PLC,8.09389
1776084824.170045,200.1686658859253,IO -> PLC,8.17075
1776084824.1860442,200.18466520309448,IO -> PLC,8.28155
1776084824.2020435,200.20066452026367,IO -> PLC,8.01129
1776084824.218043,200.21666407585144,IO -> PLC,7.61918
1776084824.2340434,200.23266434669495,IO -> PLC,7.38499
1776084824.250043,200.24866390228271,IO -> PLC,7.21289
1776084824.2660422,200.2646632194519,IO -> PLC,6.96615
1776084824.2820415,200.2806625366211,IO -> PLC,6.65725
1776084824.298041,200.29666209220886,IO -> PLC,6.31834
1776084824.3140414,200.31266236305237,IO -> PLC,6.04095
1776084824.330041,200.32866191864014,IO -> PLC,5.91917
1776084824.3460402,200.34466123580933,IO -> PLC,5.72371
1776084824.3620396,200.36066055297852,IO -> PLC,5.33065
1776084824.37804,200.3766610622406,IO -> PLC,5.13302
1776084824.3940394,200.3926603794098,IO -> PLC,4.81467
1776084824.410039,200.40865993499756,IO -> PLC,4.50657
1776084824.4260383,200.42465925216675,IO -> PLC,5.329
1776084824.4420376,200.44065856933594,IO -> PLC,3.80331
1776084824.458038,200.45665907859802,IO -> PLC,4.32276
1776084824.4740374,200.4726583957672,IO -> PLC,4.83174
1776084824.490037,200.48865795135498,IO -> PLC,3.774
1776084824.5060363,200.50465726852417,IO -> PLC,3.59702
1776084824.5220356,200.52065658569336,IO -> PLC,5.56421
1776084824.538036,200.53665709495544,IO -> PLC,2.90712
1776084824.5540354,200.55265641212463,IO -> PLC,3.68523
1776084824.570035,200.5686559677124,IO -> PLC,5.30441
1776084824.5860343,200.5846552848816,IO -> PLC,17.82352
1776084824.6045716,200.60319256782532,IO -> PLC,1.15502
1776084824.6180341,200.61665511131287,IO -> PLC,5.63559
1776084824.6340334,200.63265442848206,IO -> PLC,2.27502
1776084824.650033,200.64865398406982,IO -> PLC,3.73531
1776084824.6660323,200.664653301239,IO -> PLC,5.5397
1776084824.6820328,200.6806538105011,IO -> PLC,2.27842
1776084824.6980321,200.6966531276703,IO -> PLC,3.89849
1776084824.7140315,200.71265244483948,IO -> PLC,6.09106
1776084824.730031,200.72865200042725,IO -> PLC,2.41495
1776084824.7460303,200.74465131759644,IO -> PLC,3.78124
1776084824.7620306,200.76065158843994,IO -> PLC,5.50891
1776084824.7780302,200.7766511440277,IO -> PLC,1.69953
1776084824.7940295,200.7926504611969,IO -> PLC,15.07572
1776084824.810029,200.80865001678467,IO -> PLC,14.72865
1776084824.8260283,200.82464933395386,IO -> PLC,14.51576
1776084824.8420289,200.84064984321594,IO -> PLC,14.60807
1776084824.8580282,200.85664916038513,IO -> PLC,14.24171
1776084824.8740275,200.87264847755432,IO -> PLC,13.93753
1776084824.890027,200.8886480331421,IO -> PLC,13.70623
1776084824.9060273,200.9046483039856,IO -> PLC,13.60094
1776084824.9220269,200.92064785957336,IO -> PLC,13.18939
1776084824.9380262,200.93664717674255,IO -> PLC,13.42706
1776084824.9540255,200.95264649391174,IO -> PLC,13.35032
1776084824.970025,200.9686460494995,IO -> PLC,12.9419
1776084824.9860253,200.98464632034302,IO -> PLC,12.56003
1776084825.002025,201.0006458759308,IO -> PLC,13.233
1776084825.0180242,201.01664519309998,IO -> PLC,14.09431
1776084825.0340235,201.03264451026917,IO -> PLC,13.87837
1776084825.0500228,201.04864382743835,IO -> PLC,13.65123
1776084825.0660233,201.06464433670044,IO -> PLC,5.01362
1776084825.082023,201.0806438922882,IO -> PLC,15.14343
1776084825.0980222,201.0966432094574,IO -> PLC,14.75044
1776084825.1140215,201.1126425266266,IO -> PLC,14.34705
1776084825.130022,201.12864303588867,IO -> PLC,14.37985
1776084825.1460214,201.14464235305786,IO -> PLC,14.33406
1776084825.1620207,201.16064167022705,IO -> PLC,13.76699
1776084825.1780202,201.17664122581482,IO -> PLC,13.71146
1776084825.1940196,201.192640542984,IO -> PLC,13.46695
1776084825.21002,201.2086410522461,IO -> PLC,13.41573
1776084825.2260194,201.22464036941528,IO -> PLC,12.93274
1776084825.242019,201.24063992500305,IO -> PLC,13.36187
1776084825.2580183,201.25663924217224,IO -> PLC,12.9412
1776084825.2740176,201.27263855934143,IO -> PLC,12.80807
1776084825.290018,201.28863906860352,IO -> PLC,12.32994
1776084825.3060174,201.3046383857727,IO -> PLC,12.0568
1776084825.322017,201.32063794136047,IO -> PLC,11.7199
1776084825.3380163,201.33663725852966,IO -> PLC,11.36683
1776084825.3540165,201.35263752937317,IO -> PLC,11.26153
1776084825.370016,201.36863708496094,IO -> PLC,10.85294
1776084825.3860154,201.38463640213013,IO -> PLC,10.56628
1776084825.402015,201.4006359577179,IO -> PLC,10.17633
1776084825.4180143,201.41663527488708,IO -> PLC,10.18767
1776084825.4340148,201.43263578414917,IO -> PLC,9.83556
1776084825.450014,201.44863510131836,IO -> PLC,9.82763
1776084825.4660134,201.46463441848755,IO -> PLC,9.39968
1776084825.482013,201.48063397407532,IO -> PLC,9.31879
1776084825.4980123,201.4966332912445,IO -> PLC,8.77315
1776084825.5140128,201.5126338005066,IO -> PLC,8.45272
1776084825.5300121,201.52863311767578,IO -> PLC,8.18238
1776084825.5460114,201.54463243484497,IO -> PLC,8.07509
1776084825.5620108,201.56063175201416,IO -> PLC,7.64209
1776084825.5780113,201.57663226127625,IO -> PLC,7.40775
1776084825.5940108,201.592631816864,IO -> PLC,7.17437
1776084825.6100101,201.6086311340332,IO -> PLC,6.91138
1776084825.6260095,201.6246304512024,IO -> PLC,6.58784
1776084825.6420088,201.64062976837158,IO -> PLC,6.17836
1776084825.6580093,201.65663027763367,IO -> PLC,6.23795
1776084825.6740086,201.67262959480286,IO -> PLC,5.84585
1776084825.6900082,201.68862915039062,IO -> PLC,5.62567
1776084825.7060075,201.70462846755981,IO -> PLC,5.0769
1776084825.722007,201.72062802314758,IO -> PLC,4.84264
1776084825.7380073,201.7366282939911,IO -> PLC,4.68407
1776084825.7540066,201.75262761116028,IO -> PLC,4.7691
1776084825.7700062,201.76862716674805,IO -> PLC,4.43946
1776084825.7860055,201.78462648391724,IO -> PLC,4.0924
1776084825.802006,201.80062699317932,IO -> PLC,3.90006
1776084825.8180053,201.8166263103485,IO -> PLC,4.4592
1776084825.8340049,201.83262586593628,IO -> PLC,3.51026
1776084825.8500042,201.84862518310547,IO -> PLC,3.29519
1776084825.8660035,201.86462450027466,IO -> PLC,4.5058
1776084825.882004,201.88062500953674,IO -> PLC,6.73925
1776084825.8980033,201.89662432670593,IO -> PLC,3.04243
1776084825.914003,201.9126238822937,IO -> PLC,4.75697
1776084825.9300022,201.9286231994629,IO -> PLC,6.44064
1776084825.9460015,201.94462251663208,IO -> PLC,16.82558
1776084825.9635215,201.96214246749878,IO -> PLC,2.68181
1776084825.9780014,201.97662234306335,IO -> PLC,0.92987
1776084825.994001,201.99262189865112,IO -> PLC,15.9011
1776084826.0100002,202.0086212158203,IO -> PLC,4.35633
1776084826.0260007,202.0246217250824,IO -> PLC,15.55851
1776084826.042,202.0406210422516,IO -> PLC,15.62618
1776084826.0579994,202.05662035942078,IO -> PLC,15.30991
1776084826.0739987,202.07261967658997,IO -> PLC,14.923
1776084826.0899982,202.08861923217773,IO -> PLC,14.57281
1776084826.1059988,202.10461974143982,IO -> PLC,14.1295
1776084826.121998,202.120619058609,IO -> PLC,13.75795
1776084826.1379974,202.1366183757782,IO -> PLC,13.52761
1776084826.1539967,202.1526176929474,IO -> PLC,13.51656
1776084826.1699963,202.16861724853516,IO -> PLC,13.51775
1776084826.1859965,202.18461751937866,IO -> PLC,13.07956
1776084826.201996,202.20061707496643,IO -> PLC,12.68736
1776084826.2179954,202.21661639213562,IO -> PLC,12.3987
1776084826.2339947,202.2326157093048,IO -> PLC,12.01683
1776084826.2499943,202.24861526489258,IO -> PLC,11.91257
1776084826.2659945,202.26461553573608,IO -> PLC,11.6619
1776084826.281994,202.28061509132385,IO -> PLC,11.37636
1776084826.2979934,202.29661440849304,IO -> PLC,11.04466
1776084826.313993,202.3126139640808,IO -> PLC,10.68535
1776084826.3299932,202.32861423492432,IO -> PLC,10.41092
1776084826.3459926,202.3446135520935,IO -> PLC,10.59444
1776084826.3619921,202.36061310768127,IO -> PLC,10.35802
1776084826.3779914,202.37661242485046,IO -> PLC,10.08879
1776084826.393991,202.39261198043823,IO -> PLC,9.93118
1776084826.4099913,202.40861225128174,IO -> PLC,9.53714
1776084826.4259908,202.4246118068695,IO -> PLC,9.3692
1776084826.4419901,202.4406111240387,IO -> PLC,7.63767
1776084826.4579895,202.45661044120789,IO -> PLC,7.79983
1776084826.47399,202.47261095046997,IO -> PLC,7.29507
1776084826.4899893,202.48861026763916,IO -> PLC,6.82096
1776084826.5059888,202.50460982322693,IO -> PLC,6.69806
1776084826.5219882,202.52060914039612,IO -> PLC,6.24675
1776084826.5379875,202.5366084575653,IO -> PLC,5.87304
1776084826.553988,202.5526089668274,IO -> PLC,5.75134
1776084826.5699873,202.56860828399658,IO -> PLC,5.46276
1776084826.5859866,202.58460760116577,IO -> PLC,5.05921
1776084826.6019862,202.60060715675354,IO -> PLC,4.79111
1776084826.6179855,202.61660647392273,IO -> PLC,5.75801
1776084826.633986,202.63260698318481,IO -> PLC,5.49703
1776084826.6499853,202.648606300354,IO -> PLC,5.75303
1776084826.6659846,202.6646056175232,IO -> PLC,4.96883
1776084826.6819842,202.68060517311096,IO -> PLC,5.19426
1776084826.6979845,202.69660544395447,IO -> PLC,5.11344
1776084826.713984,202.71260499954224,IO -> PLC,4.8883
1776084826.7299833,202.72860431671143,IO -> PLC,5.08182
1776084826.7459826,202.74460363388062,IO -> PLC,4.81068
1776084826.7619822,202.76060318946838,IO -> PLC,4.82418
1776084826.7779825,202.7766034603119,IO -> PLC,4.78225
1776084826.793982,202.79260301589966,IO -> PLC,3.67035
1776084826.8099813,202.80860233306885,IO -> PLC,3.47073
1776084826.825981,202.82460188865662,IO -> PLC,4.76109
1776084826.8419802,202.8406012058258,IO -> PLC,2.78803
1776084826.8579805,202.8566014766693,IO -> PLC,3.01843
1776084826.87398,202.87260103225708,IO -> PLC,4.47681
1776084826.8899794,202.88860034942627,IO -> PLC,2.19765
1776084826.905979,202.90459990501404,IO -> PLC,2.74126
1776084826.9219782,202.92059922218323,IO -> PLC,4.57333
1776084826.9379785,202.93659949302673,IO -> PLC,16.54059
1776084826.95541,202.9540309906006,IO -> PLC,0.9706
1776084826.9699774,202.9685983657837,IO -> PLC,4.18776
1776084826.9859767,202.98459768295288,IO -> PLC,1.15273
1776084827.0019772,203.00059819221497,IO -> PLC,2.5423
1776084827.0179768,203.01659774780273,IO -> PLC,15.35728
1776084827.033976,203.03259706497192,IO -> PLC,14.99796
1776084827.0499754,203.0485963821411,IO -> PLC,15.01963
1776084827.0659747,203.0645956993103,IO -> PLC,2.21216
1776084827.0819752,203.0805962085724,IO -> PLC,4.13335
1776084827.0979745,203.09659552574158,IO -> PLC,6.14168
1776084827.113974,203.11259508132935,IO -> PLC,2.05067
1776084827.1299734,203.12859439849854,IO -> PLC,3.78554
1776084827.1459727,203.14459371566772,IO -> PLC,5.87459
1776084827.1619732,203.1605942249298,IO -> PLC,15.44141
1776084827.1779726,203.176593542099,IO -> PLC,15.98318
1776084827.193972,203.19259309768677,IO -> PLC,15.98341
1776084827.2099714,203.20859241485596,IO -> PLC,15.88211
1776084827.225972,203.22459292411804,IO -> PLC,3.67867
1776084827.2419713,203.24059224128723,IO -> PLC,5.78955
1776084827.2579706,203.25659155845642,IO -> PLC,2.32025
1776084827.2739701,203.2725911140442,IO -> PLC,3.96368
1776084827.2899694,203.28859043121338,IO -> PLC,6.16985
1776084827.30597,203.30459094047546,IO -> PLC,2.39015
1776084827.3219693,203.32059025764465,IO -> PLC,4.56623
1776084827.3379686,203.33658957481384,IO -> PLC,0.89245
1776084827.3539681,203.3525891304016,IO -> PLC,2.73365
1776084827.3699675,203.3685884475708,IO -> PLC,4.47444
1776084827.385968,203.38458895683289,IO -> PLC,15.41868
1776084827.4019673,203.40058827400208,IO -> PLC,15.07873
1776084827.4179668,203.41658782958984,IO -> PLC,14.46645
1776084827.4339662,203.43258714675903,IO -> PLC,13.71409
1776084827.4499664,203.44858741760254,IO -> PLC,13.56567
1776084827.465966,203.4645869731903,IO -> PLC,13.321
1776084827.4819653,203.4805862903595,IO -> PLC,13.13178
1776084827.4979646,203.4965856075287,IO -> PLC,13.14209
1776084827.5139642,203.51258516311646,IO -> PLC,12.88815
1776084827.5299647,203.52858567237854,IO -> PLC,12.75525
1776084827.545964,203.54458498954773,IO -> PLC,12.70923
1776084827.5619633,203.56058430671692,IO -> PLC,12.52922
1776084827.5779626,203.5765836238861,IO -> PLC,12.26311
1776084827.5939622,203.59258317947388,IO -> PLC,11.79508
1776084827.6099625,203.60858345031738,IO -> PLC,11.7605
1776084827.625962,203.62458300590515,IO -> PLC,11.28447
1776084827.6419613,203.64058232307434,IO -> PLC,11.36118
1776084827.6579607,203.65658164024353,IO -> PLC,10.76763
1776084827.6739612,203.67258214950562,IO -> PLC,10.81369
1776084827.6899605,203.6885814666748,IO -> PLC,9.85244
1776084827.70596,203.70458102226257,IO -> PLC,9.45609
1776084827.7219594,203.72058033943176,IO -> PLC,9.34775
1776084827.7379587,203.73657965660095,IO -> PLC,9.27301
1776084827.7539592,203.75258016586304,IO -> PLC,9.44517
1776084827.7699585,203.76857948303223,IO -> PLC,9.21907
1776084827.785958,203.78457903862,IO -> PLC,9.07481
1776084827.8019574,203.80057835578918,IO -> PLC,8.73807
1776084827.817957,203.81657791137695,IO -> PLC,8.54764
1776084827.8339572,203.83257818222046,IO -> PLC,8.08289
1776084827.8499565,203.84857749938965,IO -> PLC,8.14448
1776084827.865956,203.86457705497742,IO -> PLC,7.61413
1776084827.8819554,203.8805763721466,IO -> PLC,7.51706
1776084827.897956,203.8965768814087,IO -> PLC,7.19456
1776084827.9139552,203.91257619857788,IO -> PLC,6.98478
1776084827.9299545,203.92857551574707,IO -> PLC,6.47379
1776084827.945954,203.94457507133484,IO -> PLC,6.57625
1776084827.9619534,203.96057438850403,IO -> PLC,6.51088
1776084827.977954,203.9765748977661,IO -> PLC,6.20902
1776084827.9939532,203.9925742149353,IO -> PLC,5.6889
1776084828.0099525,204.0085735321045,IO -> PLC,5.47904
1776084828.025952,204.02457308769226,IO -> PLC,5.23445
1776084828.0419514,204.04057240486145,IO -> PLC,4.78514
1776084828.057952,204.05657291412354,IO -> PLC,4.66425
1776084828.0739512,204.07257223129272,IO -> PLC,4.96849
1776084828.0899506,204.0885715484619,IO -> PLC,4.03988
1776084828.10595,204.10457110404968,IO -> PLC,3.93353
1776084828.1219504,204.1205713748932,IO -> PLC,5.46567
1776084828.13795,204.13657093048096,IO -> PLC,3.48125
1776084828.1539493,204.15257024765015,IO -> PLC,3.42892
1776084828.1699486,204.16856956481934,IO -> PLC,5.27435
1776084828.1859481,204.1845691204071,IO -> PLC,2.90823
1776084828.2019484,204.2005693912506,IO -> PLC,3.60857
1776084828.2179477,204.2165687084198,IO -> PLC,5.38448
1776084828.2339473,204.23256826400757,IO -> PLC,2.51209
1776084828.2499466,204.24856758117676,IO -> PLC,3.60373
1776084828.2659461,204.26456713676453,IO -> PLC,5.57429
1776084828.2819464,204.28056740760803,IO -> PLC,1.62178
1776084828.297946,204.2965669631958,IO -> PLC,3.82227
1776084828.3139453,204.312566280365,IO -> PLC,5.51721
1776084828.3299446,204.32856559753418,IO -> PLC,1.46725
1776084828.3459442,204.34456515312195,IO -> PLC,15.3402
1776084828.3619444,204.36056542396545,IO -> PLC,15.10386
1776084828.377944,204.37656497955322,IO -> PLC,14.93895
1776084828.3939433,204.3925642967224,IO -> PLC,14.62573
1776084828.4099426,204.4085636138916,IO -> PLC,14.44675
1776084828.4259431,204.4245641231537,IO -> PLC,14.26449
1776084828.4419425,204.44056344032288,IO -> PLC,14.53185
1776084828.457942,204.45656299591064,IO -> PLC,13.93613
1776084828.4739413,204.47256231307983,IO -> PLC,13.56858
1776084828.4899406,204.48856163024902,IO -> PLC,13.48577
1776084828.5059412,204.5045621395111,IO -> PLC,13.22166
1776084828.5219405,204.5205614566803,IO -> PLC,13.04884
1776084828.53794,204.53656101226807,IO -> PLC,12.56849
1776084828.5539393,204.55256032943726,IO -> PLC,12.14078
1776084828.5699399,204.56856083869934,IO -> PLC,11.60322
1776084828.5859392,204.58456015586853,IO -> PLC,11.20191
1776084828.6019385,204.60055947303772,IO -> PLC,11.06069
1776084828.6179378,204.6165587902069,IO -> PLC,10.89395
1776084828.6339374,204.63255834579468,IO -> PLC,10.60945
1776084828.6499379,204.64855885505676,IO -> PLC,10.54599
1776084828.6659372,204.66455817222595,IO -> PLC,10.1794
1776084828.6819365,204.68055748939514,IO -> PLC,9.95018
1776084828.697936,204.6965570449829,IO -> PLC,9.724
1776084828.7139354,204.7125563621521,IO -> PLC,9.4959
1776084828.7299356,204.7285566329956,IO -> PLC,9.46941
1776084828.7459352,204.74455618858337,IO -> PLC,9.3885
1776084828.7619345,204.76055550575256,IO -> PLC,9.0108
1776084828.777934,204.77655506134033,IO -> PLC,8.46316
1776084828.7939334,204.79255437850952,IO -> PLC,8.33427
1776084828.809934,204.8085548877716,IO -> PLC,7.58677
1776084828.8259332,204.8245542049408,IO -> PLC,7.18026
1776084828.8419325,204.84055352210999,IO -> PLC,6.75959
1776084828.857932,204.85655307769775,IO -> PLC,6.53045
1776084828.8739324,204.87255334854126,IO -> PLC,6.40868
1776084828.889932,204.88855290412903,IO -> PLC,6.48458
1776084828.9059312,204.90455222129822,IO -> PLC,6.45801
1776084828.9219306,204.9205515384674,IO -> PLC,6.17047
1776084828.93793,204.93655109405518,IO -> PLC,5.91541
1776084828.9539304,204.95255136489868,IO -> PLC,5.76922
1776084828.96993,204.96855092048645,IO -> PLC,5.63625
1776084828.9859293,204.98455023765564,IO -> PLC,5.17661
1776084829.0019286,205.00054955482483,IO -> PLC,5.12244
1776084829.017928,205.01654887199402,IO -> PLC,4.81625
1776084829.0339284,205.0325493812561,IO -> PLC,4.76608
1776084829.049928,205.04854893684387,IO -> PLC,4.45917
1776084829.0659273,205.06454825401306,IO -> PLC,6.47966
1776084829.0819266,205.08054757118225,IO -> PLC,6.18691
1776084829.097927,205.09654808044434,IO -> PLC,5.83376
1776084829.1139264,205.11254739761353,IO -> PLC,6.23113
1776084829.1299257,205.12854671478271,IO -> PLC,5.05074
1776084829.1459253,205.14454627037048,IO -> PLC,5.1429
1776084829.1619246,205.16054558753967,IO -> PLC,6.22325
1776084829.177925,205.17654609680176,IO -> PLC,4.61988
1776084829.1939244,205.19254541397095,IO -> PLC,4.41026
1776084829.2099237,205.20854473114014,IO -> PLC,6.14497
1776084829.2259233,205.2245442867279,IO -> PLC,3.97214
1776084829.2419226,205.2405436038971,IO -> PLC,4.19525
1776084829.2579231,205.25654411315918,IO -> PLC,6.09389
1776084829.2739224,205.27254343032837,IO -> PLC,3.70833
1776084829.289922,205.28854298591614,IO -> PLC,4.81125
1776084829.3059213,205.30454230308533,IO -> PLC,3.06451
1776084829.3219216,205.32054257392883,IO -> PLC,2.84321
1776084829.3379211,205.3365421295166,IO -> PLC,4.59032
1776084829.3539205,205.3525414466858,IO -> PLC,2.46262
1776084829.36992,205.36854100227356,IO -> PLC,2.47285
1776084829.3859193,205.38454031944275,IO -> PLC,4.58268
1776084829.4019198,205.40054082870483,IO -> PLC,1.37973
1776084829.4179192,205.41654014587402,IO -> PLC,2.68938
1776084829.4339185,205.4325394630432,IO -> PLC,4.38337
1776084829.449918,205.44853901863098,IO -> PLC,6.28695
1776084829.4659173,205.46453833580017,IO -> PLC,15.25663
1776084829.4819179,205.48053884506226,IO -> PLC,14.83292
1776084829.4979172,205.49653816223145,IO -> PLC,14.53098
1776084829.5139165,205.51253747940063,IO -> PLC,14.41352
1776084829.5299158,205.52853679656982,IO -> PLC,14.40118
1776084829.5459163,205.5445373058319,IO -> PLC,14.4127
1776084829.5619159,205.56053686141968,IO -> PLC,14.04099
1776084829.5779152,205.57653617858887,IO -> PLC,13.81281
1776084829.5939145,205.59253549575806,IO -> PLC,13.55894
1776084829.6099138,205.60853481292725,IO -> PLC,13.62565
1776084829.6259143,205.62453532218933,IO -> PLC,13.05121
1776084829.6419137,205.64053463935852,IO -> PLC,13.25529
1776084829.6579132,205.6565341949463,IO -> PLC,13.01262
1776084829.6739125,205.67253351211548,IO -> PLC,12.75148
1776084829.689912,205.68853306770325,IO -> PLC,12.37689
1776084829.7059124,205.70453333854675,IO -> PLC,12.01663
1776084829.7219117,205.72053265571594,IO -> PLC,11.62652
1776084829.7379112,205.7365322113037,IO -> PLC,11.36465
1776084829.7539105,205.7525315284729,IO -> PLC,11.09215
1776084829.769911,205.76853203773499,IO -> PLC,10.97765
1776084829.7859104,205.78453135490417,IO -> PLC,11.21837
1776084829.80191,205.80053091049194,IO -> PLC,10.91034
1776084829.8179092,205.81653022766113,IO -> PLC,10.95041
1776084829.8339086,205.83252954483032,IO -> PLC,10.78255
1776084829.849909,205.8485300540924,IO -> PLC,10.81151
1776084829.8659084,205.8645293712616,IO -> PLC,10.41516
1776084829.881908,205.88052892684937,IO -> PLC,10.07432
1776084829.8979073,205.89652824401855,IO -> PLC,10.78315
1776084829.9139066,205.91252756118774,IO -> PLC,10.20575
1776084829.929907,205.92852807044983,IO -> PLC,10.1587
1776084829.9459064,205.94452738761902,IO -> PLC,10.52245
1776084829.961906,205.9605269432068,IO -> PLC,10.40588
1776084829.9779053,205.97652626037598,IO -> PLC,10.24514
1776084829.9939058,205.99252676963806,IO -> PLC,10.62619
1776084830.009905,206.00852608680725,IO -> PLC,10.36921
1776084830.0259044,206.02452540397644,IO -> PLC,10.04997
1776084830.0419037,206.04052472114563,IO -> PLC,10.08381
1776084830.0579033,206.0565242767334,IO -> PLC,8.36564
1776084830.0739038,206.07252478599548,IO -> PLC,7.90393
1776084830.089903,206.08852410316467,IO -> PLC,7.65214
1776084830.1059024,206.10452342033386,IO -> PLC,7.1873
1776084830.1219018,206.12052273750305,IO -> PLC,7.03393
1776084830.1379013,206.13652229309082,IO -> PLC,6.81271
1776084830.1539016,206.15252256393433,IO -> PLC,6.69405
1776084830.1699011,206.1685221195221,IO -> PLC,6.59691
1776084830.1859004,206.18452143669128,IO -> PLC,6.48337
1776084830.2018998,206.20052075386047,IO -> PLC,7.25164
1776084830.2178993,206.21652030944824,IO -> PLC,7.03666
1776084830.2338996,206.23252058029175,IO -> PLC,6.65999
1776084830.2498991,206.24852013587952,IO -> PLC,6.77278
1776084830.2658985,206.2645194530487,IO -> PLC,6.2537
1776084830.281898,206.28051900863647,IO -> PLC,5.85536
1776084830.2978983,206.29651927947998,IO -> PLC,6.81091
1776084830.3138976,206.31251859664917,IO -> PLC,5.16961
1776084830.3298972,206.32851815223694,IO -> PLC,4.76719
1776084830.3458965,206.34451746940613,IO -> PLC,4.76118
1776084830.361896,206.3605170249939,IO -> PLC,4.44587
1776084830.3778963,206.3765172958374,IO -> PLC,4.58939
1776084830.3938959,206.39251685142517,IO -> PLC,4.08159
1776084830.4098952,206.40851616859436,IO -> PLC,3.73876
1776084830.4258945,206.42451548576355,IO -> PLC,4.90496
1776084830.441895,206.44051599502563,IO -> PLC,3.27712
1776084830.4578943,206.45651531219482,IO -> PLC,3.52207
1776084830.473894,206.4725148677826,IO -> PLC,4.74364
1776084830.4898932,206.48851418495178,IO -> PLC,2.86058
1776084830.5058925,206.50451350212097,IO -> PLC,3.3778
1776084830.521893,206.52051401138306,IO -> PLC,5.6494
1776084830.5378923,206.53651332855225,IO -> PLC,2.00274
1776084830.5538917,206.55251264572144,IO -> PLC,3.67425
1776084830.5698912,206.5685122013092,IO -> PLC,5.56161
1776084830.5858905,206.5845115184784,IO -> PLC,1.85471
1776084830.601891,206.60051202774048,IO -> PLC,4.04119
1776084830.6178904,206.61651134490967,IO -> PLC,15.30889
1776084830.6338897,206.63251066207886,IO -> PLC,15.04775
1776084830.6498892,206.64851021766663,IO -> PLC,15.24047
1776084830.6658895,206.66451048851013,IO -> PLC,14.78508
1776084830.681889,206.6805100440979,IO -> PLC,14.56601
1776084830.6978884,206.6965093612671,IO -> PLC,14.23126
1776084830.7138877,206.71250867843628,IO -> PLC,14.13205
1776084830.7298872,206.72850823402405,IO -> PLC,13.60578
1776084830.7458875,206.74450850486755,IO -> PLC,13.54343
1776084830.761887,206.76050806045532,IO -> PLC,13.28141
1776084830.7778864,206.7765073776245,IO -> PLC,12.89642
1776084830.7938857,206.7925066947937,IO -> PLC,12.58328
1776084830.8098853,206.80850625038147,IO -> PLC,12.27613
1776084830.8258855,206.82450652122498,IO -> PLC,11.89938
1776084830.841885,206.84050607681274,IO -> PLC,11.94465
1776084830.8578844,206.85650539398193,IO -> PLC,11.66103
1776084830.873884,206.8725049495697,IO -> PLC,11.22292
1776084830.8898833,206.8885042667389,IO -> PLC,11.03065
1776084830.9058836,206.9045045375824,IO -> PLC,10.38541
1776084830.921883,206.92050409317017,IO -> PLC,10.12651
1776084830.9378824,206.93650341033936,IO -> PLC,9.63632
1776084830.9538817,206.95250272750854,IO -> PLC,9.7255
1776084830.9698822,206.96850323677063,IO -> PLC,9.5074
1776084830.9858818,206.9845027923584,IO -> PLC,9.47163
1776084831.0018811,207.0005021095276,IO -> PLC,9.26801
1776084831.0178804,207.01650142669678,IO -> PLC,9.00599
1776084831.0338798,207.03250074386597,IO -> PLC,8.73788
1776084831.0498803,207.04850125312805,IO -> PLC,8.80659
1776084831.0658796,207.06450057029724,IO -> PLC,10.70115
1776084831.0818791,207.080500125885,IO -> PLC,10.49345
1776084831.0978785,207.0964994430542,IO -> PLC,10.17709
1776084831.1138778,207.1124987602234,IO -> PLC,9.87931
1776084831.1298783,207.12849926948547,IO -> PLC,9.57521
1776084831.1458776,207.14449858665466,IO -> PLC,9.58976
1776084831.1618772,207.16049814224243,IO -> PLC,9.3943
1776084831.1778765,207.17649745941162,IO -> PLC,9.0441
1776084831.193877,207.1924979686737,IO -> PLC,8.58343
1776084831.2098763,207.2084972858429,IO -> PLC,8.46374
1776084831.2258756,207.22449660301208,IO -> PLC,8.18524
1776084831.2418752,207.24049615859985,IO -> PLC,7.98986
1776084831.2578745,207.25649547576904,IO -> PLC,7.88967
1776084831.273875,207.27249598503113,IO -> PLC,7.67061
1776084831.2898743,207.28849530220032,IO -> PLC,7.38499
1776084831.3058736,207.3044946193695,IO -> PLC,7.17017
1776084831.3218732,207.32049417495728,IO -> PLC,6.77813
1776084831.3378725,207.33649349212646,IO -> PLC,6.63676
1776084831.353873,207.35249400138855,IO -> PLC,6.33705
1776084831.3698723,207.36849331855774,IO -> PLC,6.07287
1776084831.3858716,207.38449263572693,IO -> PLC,5.80669
1776084831.4018712,207.4004921913147,IO -> PLC,5.76779
1776084831.4178715,207.4164924621582,IO -> PLC,5.19663
1776084831.433871,207.43249201774597,IO -> PLC,4.93669
1776084831.4498703,207.44849133491516,IO -> PLC,5.53791
1776084831.4658697,207.46449065208435,IO -> PLC,4.596
1776084831.4818692,207.48049020767212,IO -> PLC,4.25286
1776084831.4978695,207.49649047851562,IO -> PLC,5.58843
1776084831.513869,207.5124900341034,IO -> PLC,3.84362
1776084831.5298684,207.52848935127258,IO -> PLC,3.50768
1776084831.5458677,207.54448866844177,IO -> PLC,5.83456
1776084831.5618672,207.56048822402954,IO -> PLC,2.98386
1776084831.5778675,207.57648849487305,IO -> PLC,3.58596
1776084831.593867,207.59248805046082,IO -> PLC,5.9495
1776084831.6098664,207.60848736763,IO -> PLC,2.42916
1776084831.6258657,207.6244866847992,IO -> PLC,4.25291
1776084831.6418662,207.64048719406128,IO -> PLC,5.9961
1776084831.6578655,207.65648651123047,IO -> PLC,2.21752
1776084831.6738648,207.67248582839966,IO -> PLC,3.79246
1776084831.6898644,207.68848538398743,IO -> PLC,1.5573
1776084831.7058637,207.70448470115662,IO -> PLC,2.75038
1776084831.7218642,207.7204852104187,IO -> PLC,4.82111
1776084831.7378635,207.7364845275879,IO -> PLC,15.58695
1776084831.753863,207.75248408317566,IO -> PLC,15.51453
1776084831.7698624,207.76848340034485,IO -> PLC,15.38451
1776084831.7858617,207.78448271751404,IO -> PLC,15.16545
1776084831.8018622,207.80048322677612,IO -> PLC,14.71918
1776084831.8178616,207.8164825439453,IO -> PLC,14.49084
1776084831.833861,207.83248209953308,IO -> PLC,14.56274
1776084831.8498604,207.84848141670227,IO -> PLC,14.44601
1776084831.865861,207.86448192596436,IO -> PLC,14.20863
1776084831.8818603,207.88048124313354,IO -> PLC,13.8186
1776084831.8978596,207.89648056030273,IO -> PLC,13.82074
1776084831.9138591,207.9124801158905,IO -> PLC,13.43999
1776084831.9298584,207.9284794330597,IO -> PLC,12.96788
1776084831.945859,207.94447994232178,IO -> PLC,12.97523
1776084831.9618583,207.96047925949097,IO -> PLC,12.65609
1776084831.9778576,207.97647857666016,IO -> PLC,12.42166
1776084831.9938571,207.99247813224792,IO -> PLC,12.1626
1776084832.0098565,208.00847744941711,IO -> PLC,11.85041
1776084832.025857,208.0244779586792,IO -> PLC,11.54743
1776084832.0418563,208.0404772758484,IO -> PLC,11.41532
1776084832.0578556,208.05647659301758,IO -> PLC,11.15658
1776084832.073855,208.07247591018677,IO -> PLC,10.956
1776084832.0898554,208.08847641944885,IO -> PLC,10.61702
1776084832.105855,208.10447597503662,IO -> PLC,10.16651
1776084832.1218543,208.1204752922058,IO -> PLC,9.6599
1776084832.1378536,208.136474609375,IO -> PLC,9.3374
1776084832.1538532,208.15247416496277,IO -> PLC,9.02626
1776084832.1698534,208.16847443580627,IO -> PLC,9.06225
1776084832.1858528,208.18447375297546,IO -> PLC,8.85446
1776084832.2018523,208.20047330856323,IO -> PLC,8.79829
1776084832.2178516,208.21647262573242,IO -> PLC,8.45418
1776084832.2338512,208.2324721813202,IO -> PLC,8.19136
1776084832.2498515,208.2484724521637,IO -> PLC,8.05934
1776084832.265851,208.26447200775146,IO -> PLC,7.5617
1776084832.2818503,208.28047132492065,IO -> PLC,7.51377
1776084832.2978497,208.29647064208984,IO -> PLC,7.23431
1776084832.3138492,208.3124701976776,IO -> PLC,7.03053
1776084832.3298495,208.32847046852112,IO -> PLC,6.63233
1776084832.345849,208.3444700241089,IO -> PLC,6.47895
1776084832.3618484,208.36046934127808,IO -> PLC,6.18717
1776084832.3778477,208.37646865844727,IO -> PLC,5.99075
1776084832.3938482,208.39246916770935,IO -> PLC,5.59752
1776084832.4098475,208.40846848487854,IO -> PLC,5.35501
1776084832.425847,208.4244680404663,IO -> PLC,5.20347
1776084832.4418464,208.4404673576355,IO -> PLC,5.18314
1776084832.4578457,208.4564666748047,IO -> PLC,4.81672
1776084832.4738462,208.47246718406677,IO -> PLC,4.47804
1776084832.4898455,208.48846650123596,IO -> PLC,5.52048
1776084832.505845,208.50446605682373,IO -> PLC,4.66563
1776084832.5218444,208.52046537399292,IO -> PLC,4.59602
1776084832.537845,208.536465883255,IO -> PLC,5.62838
1776084832.5538442,208.5524652004242,IO -> PLC,4.67727
1776084832.5698435,208.56846451759338,IO -> PLC,4.53798
1776084832.5858428,208.58446383476257,IO -> PLC,5.42297
1776084832.6018424,208.60046339035034,IO -> PLC,5.01854
1776084832.617843,208.61646389961243,IO -> PLC,5.30437
1776084832.6338422,208.63246321678162,IO -> PLC,5.02283
1776084832.6498415,208.6484625339508,IO -> PLC,5.11626
1776084832.6658409,208.66446185112,IO -> PLC,4.83792
1776084832.6818404,208.68046140670776,IO -> PLC,4.85015
1776084832.6978407,208.69646167755127,IO -> PLC,4.22474
1776084832.7138402,208.71246123313904,IO -> PLC,4.17865
1776084832.7298396,208.72846055030823,IO -> PLC,4.6857
1776084832.745839,208.744460105896,IO -> PLC,3.53484
1776084832.7618384,208.76045942306519,IO -> PLC,3.52483
1776084832.7778387,208.7764596939087,IO -> PLC,4.27749
1776084832.7938383,208.79245924949646,IO -> PLC,2.9455
1776084832.8098376,208.80845856666565,IO -> PLC,3.65296
1776084832.8258371,208.82445812225342,IO -> PLC,5.43103
1776084832.8418374,208.84045839309692,IO -> PLC,2.0999
1776084832.857837,208.8564579486847,IO -> PLC,3.25618
1776084832.8738363,208.87245726585388,IO -> PLC,5.1313
1776084832.8898356,208.88845658302307,IO -> PLC,1.39984
1776084832.9058352,208.90445613861084,IO -> PLC,16.08162
1776084832.9226222,208.92124319076538,IO -> PLC,4.25667
1776084832.937835,208.93645596504211,IO -> PLC,15.26267
1776084832.9538343,208.9524552822113,IO -> PLC,15.36626
1776084832.9698336,208.9684545993805,IO -> PLC,15.19009
1776084832.985833,208.98445391654968,IO -> PLC,15.24151
1776084833.0018334,209.00045442581177,IO -> PLC,14.54851
1776084833.017833,209.01645398139954,IO -> PLC,14.58538
1776084833.0338323,209.03245329856873,IO -> PLC,14.25263
1776084833.0498316,209.04845261573792,IO -> PLC,13.95173
1776084833.0658321,209.064453125,IO -> PLC,1.4041
1776084833.0818315,209.0804524421692,IO -> PLC,15.19608
1776084833.0978308,209.09645175933838,IO -> PLC,15.0079
1776084833.1138303,209.11245131492615,IO -> PLC,14.79388
1776084833.1298296,209.12845063209534,IO -> PLC,14.47361
1776084833.1458302,209.14445114135742,IO -> PLC,14.29863
1776084833.1618295,209.1604504585266,IO -> PLC,14.01805
1776084833.1778288,209.1764497756958,IO -> PLC,13.76322
1776084833.1938283,209.19244933128357,IO -> PLC,13.35192
1776084833.2098277,209.20844864845276,IO -> PLC,13.07236
1776084833.2258282,209.22444915771484,IO -> PLC,12.83482
1776084833.2418275,209.24044847488403,IO -> PLC,12.9117
1776084833.2578268,209.25644779205322,IO -> PLC,13.01329
1776084833.2738264,209.272447347641,IO -> PLC,12.62109
1776084833.2898266,209.2884476184845,IO -> PLC,12.33059
1776084833.3058262,209.30444717407227,IO -> PLC,11.98672
1776084833.3218255,209.32044649124146,IO -> PLC,11.81351
1776084833.337825,209.33644604682922,IO -> PLC,11.17483
1776084833.3538244,209.3524453639984,IO -> PLC,11.14825
1776084833.3698246,209.36844563484192,IO -> PLC,9.47416
1776084833.3858242,209.3844451904297,IO -> PLC,9.06253
1776084833.4018235,209.40044450759888,IO -> PLC,8.85067
1776084833.417823,209.41644406318665,IO -> PLC,8.78841
1776084833.4338224,209.43244338035583,IO -> PLC,8.56111
1776084833.449823,209.44844388961792,IO -> PLC,8.54078
1776084833.4658222,209.4644432067871,IO -> PLC,8.23796
1776084833.4818215,209.4804425239563,IO -> PLC,7.62456
1776084833.4978209,209.4964418411255,IO -> PLC,7.11267
1776084833.5138214,209.51244235038757,IO -> PLC,8.52505
1776084833.529821,209.52844190597534,IO -> PLC,8.26071
1776084833.5458202,209.54444122314453,IO -> PLC,8.20253
1776084833.5618196,209.56044054031372,IO -> PLC,7.99588
1776084833.5778189,209.5764398574829,IO -> PLC,7.64168
1776084833.5938194,209.592440366745,IO -> PLC,7.50766
1776084833.6098187,209.60843968391418,IO -> PLC,7.42701
1776084833.6258183,209.62443923950195,IO -> PLC,7.01234
1776084833.6418176,209.64043855667114,IO -> PLC,6.76143
1776084833.657817,209.65643787384033,IO -> PLC,6.73294
1776084833.6738174,209.67243838310242,IO -> PLC,6.5302
1776084833.6898167,209.6884377002716,IO -> PLC,6.18433
1776084833.7058163,209.70443725585938,IO -> PLC,5.88151
1776084833.7218156,209.72043657302856,IO -> PLC,5.64892
1776084833.737816,209.73643708229065,IO -> PLC,5.31313
1776084833.7538154,209.75243639945984,IO -> PLC,5.06447
1776084833.7698147,209.76843571662903,IO -> PLC,4.95102
1776084833.7858143,209.7844352722168,IO -> PLC,4.5589
1776084833.8018136,209.800434589386,IO -> PLC,4.96547
1776084833.817814,209.81643509864807,IO -> PLC,4.10446
1776084833.8338134,209.83243441581726,IO -> PLC,3.8854
1776084833.8498127,209.84843373298645,IO -> PLC,4.96992
1776084833.8658123,209.86443328857422,IO -> PLC,3.55496
1776084833.8818116,209.8804326057434,IO -> PLC,3.28573
1776084833.8978121,209.8964331150055,IO -> PLC,5.02964
1776084833.9138114,209.91243243217468,IO -> PLC,2.46368
1776084833.929811,209.92843198776245,IO -> PLC,2.78136
1776084833.9458103,209.94443130493164,IO -> PLC,4.95016
1776084833.9618106,209.96043157577515,IO -> PLC,1.81681
1776084833.9778101,209.97643113136292,IO -> PLC,3.32031
1776084833.9938095,209.9924304485321,IO -> PLC,5.26391
1776084834.0098088,210.0084297657013,IO -> PLC,1.42603
1776084834.0258083,210.02442932128906,IO -> PLC,3.45891
1776084834.0418088,210.04042983055115,IO -> PLC,5.30627
1776084834.0578082,210.05642914772034,IO -> PLC,15.52736
1776084834.0738075,210.07242846488953,IO -> PLC,15.3043
1776084834.0898068,210.08842778205872,IO -> PLC,14.87746
1776084834.1058064,210.10442733764648,IO -> PLC,14.67265
1776084834.1218066,210.12042760849,IO -> PLC,14.48455
1776084834.1378062,210.13642716407776,IO -> PLC,14.71607
1776084834.1538055,210.15242648124695,IO -> PLC,13.89586
1776084834.1698048,210.16842579841614,IO -> PLC,14.07305
1776084834.1858044,210.1844253540039,IO -> PLC,13.76919
1776084834.2018046,210.2004256248474,IO -> PLC,13.46012
1776084834.2178042,210.21642518043518,IO -> PLC,13.29938
1776084834.2338035,210.23242449760437,IO -> PLC,13.09784
1776084834.2498028,210.24842381477356,IO -> PLC,12.97918
1776084834.2658033,210.26442432403564,IO -> PLC,12.72324
1776084834.2818027,210.28042364120483,IO -> PLC,12.4777
1776084834.2978022,210.2964231967926,IO -> PLC,11.95454
1776084834.3138015,210.3124225139618,IO -> PLC,11.68531
1776084834.329801,210.32842206954956,IO -> PLC,11.34329
1776084834.3458014,210.34442234039307,IO -> PLC,11.64665
1776084834.3618007,210.36042165756226,IO -> PLC,11.2103
1776084834.3778002,210.37642121315002,IO -> PLC,10.90643
1776084834.3937995,210.3924205303192,IO -> PLC,10.37407
1776084834.4097989,210.4084198474884,IO -> PLC,10.26862
1776084834.4257994,210.4244203567505,IO -> PLC,10.24437
1776084834.4417987,210.44041967391968,IO -> PLC,10.46349
1776084834.4577982,210.45641922950745,IO -> PLC,10.34378
1776084834.4737976,210.47241854667664,IO -> PLC,10.00192
1776084834.489798,210.48841905593872,IO -> PLC,9.44908
1776084834.5057974,210.5044183731079,IO -> PLC,9.34787
1776084834.5217967,210.5204176902771,IO -> PLC,8.95064
1776084834.5377963,210.53641724586487,IO -> PLC,8.69277
1776084834.5537956,210.55241656303406,IO -> PLC,8.59763
1776084834.569796,210.56841707229614,IO -> PLC,8.44098
1776084834.5857954,210.58441638946533,IO -> PLC,8.10839
1776084834.6017947,210.60041570663452,IO -> PLC,7.7838
1776084834.6177943,210.6164152622223,IO -> PLC,7.52897
1776084834.6337945,210.6324155330658,IO -> PLC,7.38168
1776084834.649794,210.64841508865356,IO -> PLC,7.44223
1776084834.6657934,210.66441440582275,IO -> PLC,6.67123
1776084834.6817927,210.68041372299194,IO -> PLC,6.68257
1776084834.6977923,210.6964132785797,IO -> PLC,6.53527
1776084834.7137926,210.71241354942322,IO -> PLC,6.44838
1776084834.729792,210.728413105011,IO -> PLC,6.42285
1776084834.7457914,210.74441242218018,IO -> PLC,6.31234
1776084834.7617908,210.76041173934937,IO -> PLC,6.0648
1776084834.7777903,210.77641129493713,IO -> PLC,5.51996
1776084834.7937906,210.79241156578064,IO -> PLC,5.49147
1776084834.8097901,210.8084111213684,IO -> PLC,5.22633
1776084834.8257895,210.8244104385376,IO -> PLC,4.88766
1776084834.8417888,210.8404097557068,IO -> PLC,4.63579
1776084834.8577883,210.85640931129456,IO -> PLC,5.44166
1776084834.8737886,210.87240958213806,IO -> PLC,4.06367
1776084834.8897882,210.88840913772583,IO -> PLC,3.87324
1776084834.9057875,210.90440845489502,IO -> PLC,5.3981
1776084834.9217868,210.9204077720642,IO -> PLC,3.08198
1776084834.9377873,210.9364082813263,IO -> PLC,3.33487
1776084834.9537866,210.95240759849548,IO -> PLC,5.31647
1776084834.9697862,210.96840715408325,IO -> PLC,2.70441
1776084834.9857855,210.98440647125244,IO -> PLC,3.81757
1776084835.0017848,211.00040578842163,IO -> PLC,5.62204
1776084835.0177853,211.01640629768372,IO -> PLC,2.76326
1776084835.0337846,211.0324056148529,IO -> PLC,3.76874
1776084835.0497842,211.04840517044067,IO -> PLC,5.6184
1776084835.0657835,211.06440448760986,IO -> PLC,3.9596
1776084835.0817828,211.08040380477905,IO -> PLC,5.89199
1776084835.0977833,211.09640431404114,IO -> PLC,3.45411
1776084835.1137826,211.11240363121033,IO -> PLC,3.89547
1776084835.129782,211.12840294837952,IO -> PLC,6.01132
1776084835.1457815,211.14440250396729,IO -> PLC,2.34434
1776084835.161782,211.16040301322937,IO -> PLC,3.80072
1776084835.1777813,211.17640233039856,IO -> PLC,17.01491
1776084835.1954875,211.19410848617554,IO -> PLC,0.21393
