timestamp,rel_time_s,direction,skew_ms
1775736722.589684,0.0,PLC -> IO,2.01272
1775736722.7179697,0.12828564643859863,PLC -> IO,1.9612000000000003
1775736722.847185,0.25750088691711426,PLC -> IO,1.0332
1775736722.974518,0.38483405113220215,PLC -> IO,1.4228800000000001
1775736723.1042292,0.514545202255249,PLC -> IO,1.96984
1775736723.2319744,0.6422903537750244,PLC -> IO,1.49664
1775736723.3592362,0.7695522308349609,PLC -> IO,0.4692
1775736723.4874604,0.8977763652801514,PLC -> IO,0.5228
1775736723.615735,1.0260510444641113,PLC -> IO,0.47784
1775736723.7434685,1.1537845134735107,PLC -> IO,1.02392
1775736723.8722255,1.2825415134429932,PLC -> IO,0.53792
1775736723.999976,1.4102919101715088,PLC -> IO,0.51864
1775736724.1282482,1.5385642051696777,PLC -> IO,0.00248
1775736724.2550092,1.6653251647949219,PLC -> IO,0.49992000000000003
1775736724.3832417,1.7935576438903809,PLC -> IO,0.49735999999999997
1775736724.509991,1.920306921005249,PLC -> IO,1.52832
1775736724.639742,2.050057888031006,PLC -> IO,2.05552
1775736724.7675045,2.1778204441070557,PLC -> IO,0.52104
1775736724.8962605,2.3065764904022217,PLC -> IO,0.54528
1775736725.0235133,2.4338293075561523,PLC -> IO,1.02744
1775736725.15179,2.562105894088745,PLC -> IO,1.49888
1775736725.280022,2.690337896347046,PLC -> IO,0.52968
1775736725.4072764,2.8175923824310303,PLC -> IO,1.0287199999999999
1775736725.5355515,2.9458675384521484,PLC -> IO,0.47816
1775736725.6637847,3.0741007328033447,PLC -> IO,1.54944
1775736725.7910378,3.2013537883758545,PLC -> IO,2.04656
1775736725.9197938,3.3301098346710205,PLC -> IO,0.5308799999999999
1775736726.0480819,3.45839786529541,PLC -> IO,0.4876
1775736726.1753316,3.5856475830078125,PLC -> IO,1.99328
1775736726.3030896,3.7134056091308594,PLC -> IO,0.4704
1775736726.429807,3.840122938156128,PLC -> IO,2.04
1775736726.560067,3.9703829288482666,PLC -> IO,1.54944
1775736726.6873224,4.097638368606567,PLC -> IO,0.5336
1775736726.8160748,4.226390838623047,PLC -> IO,0.55224
1775736726.9438288,4.354144811630249,PLC -> IO,0.5361600000000001
1775736727.0716176,4.48193359375,PLC -> IO,1.99848
1775736727.199838,4.610153913497925,PLC -> IO,0.5361600000000001
1775736727.3276043,4.73792028427124,PLC -> IO,0.52912
1775736727.4553819,4.865697860717773,PLC -> IO,0.46496
1775736727.5836124,4.9939284324646,PLC -> IO,0.52928
1775736727.7123604,5.122676372528076,PLC -> IO,0.5541600000000001
1775736727.8396223,5.249938249588013,PLC -> IO,1.02088
1775736727.967905,5.378221035003662,PLC -> IO,0.46336
1775736728.0956569,5.505972862243652,PLC -> IO,1.48136
1775736728.2229087,5.633224725723267,PLC -> IO,0.46768
1775736728.3496356,5.759951591491699,PLC -> IO,2.03224
1775736728.479884,5.890199899673462,PLC -> IO,4.06576
1775736728.607129,6.017445087432861,PLC -> IO,1.0533599999999999
1775736728.7358918,6.146207809448242,PLC -> IO,0.55752
1775736728.863659,6.273974895477295,PLC -> IO,0.54128
1775736728.9919455,6.40226149559021,PLC -> IO,1.47152
1775736729.1196785,6.529994487762451,PLC -> IO,2.02176
1775736729.2474115,6.657727479934692,PLC -> IO,0.5428
1775736729.3757071,6.786023139953613,PLC -> IO,0.45184
1775736729.5034204,6.913736343383789,PLC -> IO,1.04224
1775736729.6321697,7.04248571395874,PLC -> IO,0.56488
1775736729.7599287,7.1702446937561035,PLC -> IO,0.5448000000000001
1775736729.888203,7.298518896102905,PLC -> IO,0.02256
1775736730.0154803,7.425796270370483,PLC -> IO,1.4744000000000002
1775736730.1436908,7.554006814956665,PLC -> IO,0.53176
1775736730.2699428,7.680258750915527,PLC -> IO,2.05184
1775736730.3997,7.810015916824341,PLC -> IO,2.0628
1775736730.5280046,7.938320636749268,PLC -> IO,0.45488
1775736730.6552546,8.065570592880249,PLC -> IO,0.9578399999999999
1775736730.7834654,8.19378137588501,PLC -> IO,0.54816
1775736730.911768,8.322083950042725,PLC -> IO,0.45304
1775736731.0399737,8.450289726257324,PLC -> IO,0.5488799999999999
1775736731.1687288,8.579044818878174,PLC -> IO,1.5514400000000002
1775736731.2955296,8.705845594406128,PLC -> IO,0.45216
1775736731.4237368,8.834052801132202,PLC -> IO,0.55008
1775736731.5526037,8.96291971206665,PLC -> IO,0.46776
1775736731.6797457,9.090061664581299,PLC -> IO,0.54416
1775736731.8080528,9.218368768692017,PLC -> IO,0.46848
1775736731.935304,9.345619916915894,PLC -> IO,1.97192
1775736732.0635114,9.473827362060547,PLC -> IO,0.5470400000000001
1775736732.1897597,9.600075721740723,PLC -> IO,2.0582399999999996
1775736732.3200188,9.730334758758545,PLC -> IO,1.57056
1775736732.44782,9.85813593864441,PLC -> IO,0.95392
1775736732.5760279,9.98634386062622,PLC -> IO,0.5704
1775736732.7032824,10.113598346710205,PLC -> IO,1.05288
1775736732.8320947,10.242410659790039,PLC -> IO,1.47224
1775736732.9593427,10.369658708572388,PLC -> IO,0.44808000000000003
1775736733.0881035,10.498419523239136,PLC -> IO,0.4472
1775736733.215354,10.625669956207275,PLC -> IO,0.94848
1775736733.3435576,10.753873586654663,PLC -> IO,0.55688
1775736733.4708908,10.881206750869751,PLC -> IO,1.42152
1775736733.6000628,11.01037883758545,PLC -> IO,0.55736
1775736733.7278771,11.138193130493164,PLC -> IO,1.9609599999999998
1775736733.8556275,11.26594352722168,PLC -> IO,1.4625599999999999
1775736733.9833274,11.393643379211426,PLC -> IO,1.0579999999999998
1775736734.1095886,11.519904613494873,PLC -> IO,2.04944
1775736734.2398357,11.65015172958374,PLC -> IO,1.57704
1775736734.3681612,11.778477191925049,PLC -> IO,0.44151999999999997
1775736734.495844,11.9061598777771,PLC -> IO,0.5708799999999999
1775736734.623611,12.033926963806152,PLC -> IO,0.55944
1775736734.7519157,12.162231683731079,PLC -> IO,1.45912
1775736734.8796153,12.289931297302246,PLC -> IO,1.04832
1775736735.0079255,12.418241500854492,PLC -> IO,0.44007999999999997
1775736735.1356783,12.545994281768799,PLC -> IO,0.43848
1775736735.2633734,12.673689365386963,PLC -> IO,1.0604799999999999
1775736735.3921268,12.802442789077759,PLC -> IO,1.09904
1775736735.5198808,12.930196762084961,PLC -> IO,0.5637599999999999
1775736735.6481993,13.058515310287476,PLC -> IO,1.4548
1775736735.7754524,13.185768365859985,PLC -> IO,1.9593599999999998
1775736735.9036427,13.313958644866943,PLC -> IO,2.0656
1775736736.0298936,13.44020962715149,PLC -> IO,2.07216
1775736736.1596527,13.569968700408936,PLC -> IO,2.0868
1775736736.287968,13.698283910751343,PLC -> IO,0.44351999999999997
1775736736.4152267,13.825542688369751,PLC -> IO,0.93776
1775736736.5434175,13.953733444213867,PLC -> IO,1.06664
1775736736.6717389,14.082054853439331,PLC -> IO,1.45384
1775736736.7999249,14.210240840911865,PLC -> IO,0.56792
1775736736.9277499,14.33806586265564,PLC -> IO,1.93392
1775736737.0555007,14.465816736221313,PLC -> IO,0.43560000000000004
1775736737.183688,14.594003915786743,PLC -> IO,0.57016
1775736737.3124447,14.722760677337646,PLC -> IO,0.5878399999999999
1775736737.4396977,14.850013732910156,PLC -> IO,0.56936
1775736737.5680242,14.978340148925781,PLC -> IO,1.4512800000000001
1775736737.6952758,15.105591773986816,PLC -> IO,1.95184
1775736737.8234632,15.233779191970825,PLC -> IO,0.5705600000000001
1775736737.9497108,15.360026836395264,PLC -> IO,2.07752
1775736738.0799708,15.490286827087402,PLC -> IO,1.59072
1775736738.2077982,15.618114233016968,PLC -> IO,0.9276
1775736738.3359787,15.746294736862183,PLC -> IO,0.5837600000000001
1775736738.4637337,15.874049663543701,PLC -> IO,0.57272
1775736738.59156,16.00187587738037,PLC -> IO,1.9599199999999999
1775736738.7187672,16.129083156585693,PLC -> IO,1.54232
1775736738.8480759,16.258391857147217,PLC -> IO,0.42591999999999997
1775736738.975325,16.38564109802246,PLC -> IO,0.9302400000000001
1775736739.1040778,16.51439380645752,PLC -> IO,0.93016
1775736739.2322633,16.642579317092896,PLC -> IO,0.5936
1775736739.3600156,16.770331621170044,PLC -> IO,0.57568
1775736739.4878473,16.898163318634033,PLC -> IO,1.94272
1775736739.6150482,17.02536416053772,PLC -> IO,0.5511199999999999
1775736739.7437778,17.154093742370605,PLC -> IO,0.5788
1775736739.8710587,17.28137469291687,PLC -> IO,0.55048
1775736739.9997869,17.41010284423828,PLC -> IO,1.59728
1775736740.1281257,17.53844165802002,PLC -> IO,0.43
1775736740.2562943,17.66661024093628,PLC -> IO,0.09752
1775736740.3835616,17.793877601623535,PLC -> IO,0.58064
1775736740.51188,17.92219591140747,PLC -> IO,1.44768
1775736740.6395633,18.04987931251526,PLC -> IO,1.07728
1775736740.7678967,18.178212642669678,PLC -> IO,0.42072000000000004
1775736740.8951526,18.305468559265137,PLC -> IO,0.91616
1775736741.0233252,18.43364119529724,PLC -> IO,1.0797599999999998
1775736741.152078,18.5623939037323,PLC -> IO,0.59888
1775736741.2798328,18.69014883041382,PLC -> IO,0.58304
1775736741.4076707,18.817986726760864,PLC -> IO,1.93688
1775736741.5354235,18.94573950767517,PLC -> IO,0.41703999999999997
1775736741.6635957,19.073911666870117,PLC -> IO,0.5729599999999999
1775736741.7913795,19.201695442199707,PLC -> IO,0.5565599999999999
1775736741.9196062,19.329922199249268,PLC -> IO,2.10552
1775736742.0479467,19.45826268196106,PLC -> IO,0.41568
1775736742.175185,19.585500955581665,PLC -> IO,0.93232
1775736742.3033693,19.713685274124146,PLC -> IO,0.5864
1775736742.4317112,19.842027187347412,PLC -> IO,1.43264
1775736742.5598779,19.97019386291504,PLC -> IO,0.57944
1775736742.68772,20.09803605079651,PLC -> IO,0.91376
1775736742.8154728,20.225788831710815,PLC -> IO,0.41288
1775736742.9436398,20.35395574569702,PLC -> IO,0.58264
1775736743.0723994,20.482715368270874,PLC -> IO,0.6043999999999999
1775736743.1996489,20.609964847564697,PLC -> IO,0.5895199999999999
1775736743.327989,20.73830509185791,PLC -> IO,1.43888
1775736743.455246,20.865561962127686,PLC -> IO,1.93384
1775736743.5834143,20.993730306625366,PLC -> IO,0.58392
1775736743.7111967,21.12151265144348,PLC -> IO,0.5637599999999999
1775736743.8399227,21.25023865699768,PLC -> IO,1.60992
1775736743.9677694,21.378085374832153,PLC -> IO,0.9084800000000001
1775736744.0959308,21.50624680519104,PLC -> IO,0.6088
1775736744.2236857,21.63400173187256,PLC -> IO,0.5928
1775736744.351532,21.761847972869873,PLC -> IO,1.93872
1775736744.4796941,21.890010118484497,PLC -> IO,0.59424
1775736744.6080458,22.018361806869507,PLC -> IO,0.40776
1775736744.734728,22.145044088363647,PLC -> IO,0.5672
1775736744.8634694,22.27378535270691,PLC -> IO,1.6056
1775736744.9922092,22.402525186538696,PLC -> IO,0.6188
1775736745.1199677,22.5302836894989,PLC -> IO,0.5948
1775736745.2478185,22.65813446044922,PLC -> IO,0.3992
1775736745.3755715,22.785887479782104,PLC -> IO,1.42368
1775736745.5037298,22.914045810699463,PLC -> IO,0.59712
1775736745.63101,23.04132604598999,PLC -> IO,0.57032
1775736745.7597396,23.170055627822876,PLC -> IO,0.60744
1775736745.8881032,23.29841923713684,PLC -> IO,0.39752
1775736746.0157478,23.426063776016235,PLC -> IO,0.61512
1775736746.1435137,23.553829669952393,PLC -> IO,0.59896
1775736746.271859,23.682174921035767,PLC -> IO,1.41568
1775736746.3995228,23.80983877182007,PLC -> IO,1.09
1775736746.5282702,23.938586235046387,PLC -> IO,2.1008799999999996
1775736746.6556196,24.065935611724854,PLC -> IO,0.40112
1775736746.7832763,24.193592309951782,PLC -> IO,0.70096
1775736746.9120307,24.322346687316895,PLC -> IO,0.6181599999999999
1775736747.0397847,24.450100660324097,PLC -> IO,0.60224
1775736747.16814,24.578455924987793,PLC -> IO,1.4374399999999998
1775736747.295394,24.70570993423462,PLC -> IO,0.3988
1775736747.4235477,24.833863735198975,PLC -> IO,0.59824
1775736747.5520148,24.96233081817627,PLC -> IO,0.29048
1775736747.6795568,25.08987283706665,PLC -> IO,0.5853600000000001
1775736747.8079119,25.218227863311768,PLC -> IO,0.40248
1775736747.9351685,25.345484495162964,PLC -> IO,0.89984
1775736748.0633223,25.47363829612732,PLC -> IO,0.60472
1775736748.1916814,25.60199737548828,PLC -> IO,1.41544
1775736748.3198297,25.730145692825317,PLC -> IO,0.6064
1775736748.447692,25.85800790786743,PLC -> IO,0.89272
1775736748.575444,25.985759973526,PLC -> IO,0.39472
1775736748.7035918,26.11390781402588,PLC -> IO,0.60768
1775736748.8323503,26.242666244506836,PLC -> IO,0.62296
1775736748.9596016,26.369917631149292,PLC -> IO,0.60768
1775736749.0879664,26.498282432556152,PLC -> IO,1.41208
1775736749.215218,26.625534057617188,PLC -> IO,1.91368
1775736749.3433664,26.753682374954224,PLC -> IO,0.6108
1775736749.4711485,26.88146448135376,PLC -> IO,0.58208
1775736749.5998738,27.01018977165222,PLC -> IO,1.62912
1775736749.7277415,27.138057470321655,PLC -> IO,0.8892
1775736749.8558826,27.26619863510132,PLC -> IO,0.62296
1775736749.9836366,27.39395260810852,PLC -> IO,0.6119199999999999
1775736750.1115031,27.52181911468506,PLC -> IO,1.91296
1775736750.2396414,27.649957418441772,PLC -> IO,0.61808
1775736750.368017,27.778332948684692,PLC -> IO,0.38872
1775736750.4961584,27.906474351882935,PLC -> IO,1.6318400000000002
1775736750.6234117,28.033727645874023,PLC -> IO,0.61632
1775736750.7521672,28.16248321533203,PLC -> IO,0.62936
1775736750.8799198,28.29023575782776,PLC -> IO,0.61744
1775736751.0077827,28.41809868812561,PLC -> IO,0.39352000000000004
1775736751.1355424,28.54585838317871,PLC -> IO,1.4036000000000002
1775736751.2636826,28.673998594284058,PLC -> IO,0.61536
1775736751.390963,28.801279067993164,PLC -> IO,0.5815199999999999
1775736751.5196917,28.930007696151733,PLC -> IO,1.6355199999999999
1775736751.6480694,29.058385372161865,PLC -> IO,0.38927999999999996
1775736751.776204,29.186520099639893,PLC -> IO,1.6364800000000002
1775736751.9034657,29.31378173828125,PLC -> IO,0.61808
1775736752.031828,29.44214391708374,PLC -> IO,1.4026399999999999
1775736752.1594756,29.569791555404663,PLC -> IO,1.10736
1775736752.2882223,29.698538303375244,PLC -> IO,2.11912
1775736752.415585,29.82590103149414,PLC -> IO,0.38768
1775736752.5432281,29.95354413986206,PLC -> IO,1.1199999999999999
1775736752.6719828,30.082298755645752,PLC -> IO,0.63632
1775736752.7997358,30.210051774978638,PLC -> IO,0.6208
1775736752.9281218,30.338437795639038,PLC -> IO,1.3654400000000002
1775736753.0553648,30.465680837631226,PLC -> IO,0.37984
1775736753.1834993,30.593815326690674,PLC -> IO,0.6216
1775736753.3112836,30.721599578857422,PLC -> IO,0.09128
1775736753.4395087,30.84982466697693,PLC -> IO,0.60928
1775736753.5687976,30.979113578796387,PLC -> IO,0.23472
1775736753.6960201,31.10633611679077,PLC -> IO,1.64352
1775736753.8232741,31.233590126037598,PLC -> IO,0.62376
1775736753.953546,31.36386203765869,PLC -> IO,0.60872
1775736754.0789,31.489216089248657,PLC -> IO,0.88168
1775736754.2076623,31.61797833442688,PLC -> IO,0.8743200000000001
1775736754.3354151,31.745731115341187,PLC -> IO,0.37456
1775736754.4635396,31.873855590820312,PLC -> IO,0.62424
1775736754.5923033,32.00261926651001,PLC -> IO,0.13928000000000001
1775736754.7195537,32.12986969947815,PLC -> IO,0.6267999999999999
1775736754.8479316,32.25824761390686,PLC -> IO,1.38872
1775736754.9766948,32.3870108127594,PLC -> IO,0.38896
1775736755.1033168,32.51363277435303,PLC -> IO,0.63064
1775736755.2311006,32.64141654968262,PLC -> IO,3.08736
1775736755.3598258,32.77014183998108,PLC -> IO,1.6508
1775736755.4877117,32.898027658462524,PLC -> IO,0.87
1775736755.6158347,33.026150703430176,PLC -> IO,1.64912
1775736755.7435896,33.153905630111694,PLC -> IO,0.6312
1775736755.8714666,33.28178262710571,PLC -> IO,1.9014399999999998
1775736755.9995975,33.409913539886475,PLC -> IO,0.6321599999999999
1775736756.127989,33.538305044174194,PLC -> IO,0.36968
1775736756.2561104,33.66642642021179,PLC -> IO,1.6444
1775736756.3833647,33.7936806678772,PLC -> IO,0.63432
1775736756.5121202,33.922436237335205,PLC -> IO,0.65912
1775736756.6398718,34.050187826156616,PLC -> IO,0.63312
1775736756.7677608,34.17807674407959,PLC -> IO,1.8875199999999999
1775736756.8965156,34.30683159828186,PLC -> IO,0.38512
1775736757.0236347,34.433950662612915,PLC -> IO,0.63456
1775736757.150914,34.561229944229126,PLC -> IO,0.60856
1775736757.2796438,34.68995976448059,PLC -> IO,1.6546399999999999
1775736757.4080453,34.81836128234863,PLC -> IO,0.36519999999999997
1775736757.5361552,34.946471214294434,PLC -> IO,1.676
1775736757.6634185,35.073734521865845,PLC -> IO,0.6364
1775736757.7918003,35.20211625099182,PLC -> IO,1.38328
1775736757.919445,35.329761028289795,PLC -> IO,1.10984
1775736758.047811,35.45812702178955,PLC -> IO,0.86056
1775736758.1759257,35.586241722106934,PLC -> IO,1.6576799999999998
1775736758.3031802,35.71349620819092,PLC -> IO,1.13816
1775736758.4319336,35.842249631881714,PLC -> IO,0.65744
1775736758.5596886,35.97000455856323,PLC -> IO,0.6396000000000001
1775736758.6880877,36.09840369224548,PLC -> IO,1.35448
1775736758.8146772,36.22499322891235,PLC -> IO,0.6599200000000001
1775736758.9434505,36.353766441345215,PLC -> IO,0.64464
1775736759.0712357,36.48155164718628,PLC -> IO,0.10312
1775736759.1994529,36.609768867492676,PLC -> IO,0.63968
1775736759.3278604,36.738176345825195,PLC -> IO,0.35903999999999997
1775736759.4559722,36.86628818511963,PLC -> IO,1.66184
1775736759.5837567,36.994072675704956,PLC -> IO,0.11264
1775736759.7116246,37.12194061279297,PLC -> IO,1.87448
1775736759.839727,37.25004291534424,PLC -> IO,0.6516
1775736759.9676335,37.377949476242065,PLC -> IO,0.85528
1775736760.0957417,37.50605773925781,PLC -> IO,0.66544
1775736760.2234967,37.63381266593933,PLC -> IO,2.66648
1775736760.3513951,37.76171112060547,PLC -> IO,0.85904
1775736760.4795055,37.88982152938843,PLC -> IO,0.64016
1775736760.6079087,38.01822471618652,PLC -> IO,1.37304
1775736760.7351596,38.14547562599182,PLC -> IO,0.85768
1775736760.8632712,38.273587226867676,PLC -> IO,0.64144
1775736760.9910526,38.401368618011475,PLC -> IO,0.6213599999999999
1775736761.1197786,38.530094623565674,PLC -> IO,1.6663999999999999
1775736761.2485337,38.65884971618652,PLC -> IO,0.6756800000000001
1775736761.373963,38.784279108047485,PLC -> IO,1.82448
1775736761.5035403,38.91385626792908,PLC -> IO,0.65176
1775736761.6314454,39.04176139831543,PLC -> IO,1.8737599999999999
1775736761.7595506,39.16986656188965,PLC -> IO,0.65032
1775736761.8879592,39.29827523231506,PLC -> IO,0.35128
1775736762.0160623,39.42637825012207,PLC -> IO,1.67144
1775736762.1433167,39.553632736206055,PLC -> IO,0.65352
1775736762.2720723,39.68238830566406,PLC -> IO,0.66832
1775736762.400476,39.810791969299316,PLC -> IO,0.34872000000000003
1775736762.527733,39.93804907798767,PLC -> IO,1.86496
1775736762.655484,40.065799951553345,PLC -> IO,1.36624
1775736762.7842402,40.19455623626709,PLC -> IO,0.34744
1775736762.910867,40.3211829662323,PLC -> IO,0.6209600000000001
1775736763.0395956,40.44991159439087,PLC -> IO,1.67384
1775736763.168016,40.57833194732666,PLC -> IO,0.34568
1775736763.2961073,40.70642328262329,PLC -> IO,1.66768
1775736763.424027,40.83434295654297,PLC -> IO,0.8348
1775736763.5531347,40.96345067024231,PLC -> IO,17.16592
1775736763.6793797,41.08969569206238,PLC -> IO,1.1466399999999999
1775736763.8077812,41.21809720993042,PLC -> IO,0.34392
1775736763.9358766,41.346192598342896,PLC -> IO,1.67096
1775736764.0636318,41.47394776344299,PLC -> IO,0.6579999999999999
1775736764.191543,41.6018590927124,PLC -> IO,0.3432
1775736764.3196406,41.72995662689209,PLC -> IO,0.65976
1775736764.4480667,41.85838270187378,PLC -> IO,1.33216
1775736764.5753083,41.98562431335449,PLC -> IO,0.34136000000000005
1775736764.7040682,42.114384174346924,PLC -> IO,0.3368
1775736764.8311875,42.24150347709656,PLC -> IO,0.13064
1775736764.9594119,42.36972784996033,PLC -> IO,0.65504
1775736765.0878236,42.49813961982727,PLC -> IO,0.34608
1775736765.2159252,42.6262412071228,PLC -> IO,1.68112
1775736765.3438413,42.754157304763794,PLC -> IO,0.83728
1775736765.4715948,42.88191080093384,PLC -> IO,1.85632
1775736765.5996847,43.010000705718994,PLC -> IO,0.664
1775736765.7276056,43.13792157173157,PLC -> IO,1.83112
1775736765.8556938,43.26600980758667,PLC -> IO,0.6648000000000001
1775736765.984113,43.394428968429565,PLC -> IO,0.3368
1775736766.1122072,43.522523164749146,PLC -> IO,0.17856
1775736766.2394576,43.649773597717285,PLC -> IO,0.66616
1775736766.3678796,43.77819561958313,PLC -> IO,1.3539999999999999
1775736766.4951308,43.90544676780701,PLC -> IO,1.85696
1775736766.6238906,44.03420662879944,PLC -> IO,0.83304
1775736766.751645,44.1619610786438,PLC -> IO,0.33336
1775736766.8797307,44.29004669189453,PLC -> IO,1.67024
1775736767.007654,44.417969942092896,PLC -> IO,0.8317599999999999
1775736767.1357386,44.54605460166931,PLC -> IO,1.68168
1775736767.2641623,44.67447829246521,PLC -> IO,0.37792000000000003
1775736767.3914156,44.8017315864563,PLC -> IO,1.8564
1775736767.5195026,44.929818630218506,PLC -> IO,0.66528
1775736767.6479313,45.058247327804565,PLC -> IO,0.33032
1775736767.776015,45.186331033706665,PLC -> IO,1.6828800000000002
1775736767.9032686,45.31358456611633,PLC -> IO,0.67176
1775736768.0320244,45.44234037399292,PLC -> IO,0.6883199999999999
1775736768.1597748,45.570090770721436,PLC -> IO,0.6724800000000001
1775736768.2877042,45.698020219802856,PLC -> IO,1.8449600000000002
1775736768.415455,45.82577109336853,PLC -> IO,1.3478400000000001
1775736768.5442114,45.954527378082275,PLC -> IO,0.3292
1775736768.6708188,46.08113479614258,PLC -> IO,0.64696
1775736768.7995467,46.20986270904541,PLC -> IO,1.694
1775736768.9283152,46.33863115310669,PLC -> IO,1.72152
1775736769.0552557,46.465571641922,PLC -> IO,0.80376
1775736769.183998,46.594314098358154,PLC -> IO,0.81416
1775736769.3117425,46.72205853462219,PLC -> IO,1.34504
1775736769.4393315,46.849647521972656,PLC -> IO,1.16496
1775736769.5683534,46.97866940498352,PLC -> IO,0.22224000000000002
1775736769.6958287,47.10614466667175,PLC -> IO,1.6970399999999999
1775736769.8235836,47.23389959335327,PLC -> IO,0.67704
1775736769.9505103,47.36082625389099,PLC -> IO,1.83016
1775736770.0795858,47.48990178108215,PLC -> IO,0.68576
1775736770.207524,47.617840051651,PLC -> IO,1.83
1775736770.3352795,47.74559545516968,PLC -> IO,1.84336
1775736770.4640424,47.87435841560364,PLC -> IO,0.29144000000000003
1775736770.5911396,48.001455545425415,PLC -> IO,0.14896
1775736770.719381,48.12969708442688,PLC -> IO,0.66008
1775736770.8478026,48.258118629455566,PLC -> IO,0.3196
1775736770.9758763,48.386192321777344,PLC -> IO,1.6944
1775736771.1038115,48.51412749290466,PLC -> IO,0.81904
1775736771.231567,48.64188289642334,PLC -> IO,0.31936
1775736771.3596365,48.76995253562927,PLC -> IO,0.678
1775736771.4875767,48.89789271354675,PLC -> IO,0.816
1775736771.6156456,49.02596163749695,PLC -> IO,0.7013600000000001
1775736771.7434006,49.15371656417847,PLC -> IO,0.6836
1775736771.872159,49.282474994659424,PLC -> IO,0.19776
1775736771.9994087,49.409724712371826,PLC -> IO,0.67944
1775736772.127852,49.53816795349121,PLC -> IO,1.8332000000000002
1775736772.2551017,49.66541767120361,PLC -> IO,1.8378400000000001
1775736772.3838549,49.79417085647583,PLC -> IO,0.81976
1775736772.5109293,49.92124533653259,PLC -> IO,3.17952
1775736772.6396852,50.05000114440918,PLC -> IO,1.70232
1775736772.767625,50.17794108390808,PLC -> IO,0.8125600000000001
1775736772.8956933,50.30600929260254,PLC -> IO,1.70512
1775736773.0241334,50.434449434280396,PLC -> IO,0.3144
1775736773.1513867,50.561702728271484,PLC -> IO,1.8364
1775736773.2794478,50.68976378440857,PLC -> IO,0.6964
1775736773.4079003,50.81821632385254,PLC -> IO,0.31352
1775736773.5359664,50.946282386779785,PLC -> IO,1.7292
1775736773.6632216,51.07353758811951,PLC -> IO,0.68992
1775736773.791976,51.20229196548462,PLC -> IO,0.7068000000000001
1775736773.919721,51.330036878585815,PLC -> IO,0.6983999999999999
1775736774.0476751,51.45799112319946,PLC -> IO,1.8260800000000001
1775736774.1754272,51.58574318885803,PLC -> IO,1.32776
1775736774.3041828,51.71449875831604,PLC -> IO,0.30232000000000003
1775736774.4307709,51.841086864471436,PLC -> IO,0.666
1775736774.5594988,51.96981477737427,PLC -> IO,1.71224
1775736774.6882613,52.09857726097107,PLC -> IO,0.73312
1775736774.8160124,52.22632837295532,PLC -> IO,1.7052
1775736774.943969,52.35428500175476,PLC -> IO,0.79664
1775736775.0717149,52.48203086853027,PLC -> IO,1.32488
1775736775.1992826,52.6095986366272,PLC -> IO,1.18592
1775736775.3277245,52.73804044723511,PLC -> IO,0.8041600000000001
1775736775.4557807,52.86609673500061,PLC -> IO,1.7152
1775736775.5835347,52.99385070800781,PLC -> IO,0.69712
1775736775.7114863,53.12180233001709,PLC -> IO,0.80992
1775736775.8395445,53.249860525131226,PLC -> IO,0.69816
1775736775.9674952,53.37781119346619,PLC -> IO,1.8328000000000002
1775736776.0952497,53.50556564331055,PLC -> IO,1.8252
1775736776.2240105,53.634326457977295,PLC -> IO,0.27831999999999996
1775736776.3510907,53.761406660079956,PLC -> IO,0.16976
1775736776.4798203,53.89013624191284,PLC -> IO,1.2124
1775736776.6077662,54.01808214187622,PLC -> IO,0.30824
1775736776.7358282,54.14614415168762,PLC -> IO,1.71944
1775736776.8645825,54.274898529052734,PLC -> IO,3.2091200000000004
1775736776.9915361,54.40185213088989,PLC -> IO,0.30200000000000005
1775736777.1195896,54.529905557632446,PLC -> IO,0.70096
1775736777.2470624,54.65737843513489,PLC -> IO,0.4844
1775736777.3755987,54.78591465950012,PLC -> IO,1.71648
1775736777.5033517,54.91366767883301,PLC -> IO,0.70352
1775736777.6321104,55.042426347732544,PLC -> IO,0.21688
1775736777.7593617,55.169677734375,PLC -> IO,0.70448
1775736777.887823,55.2981390953064,PLC -> IO,0.30976000000000004
1775736778.0165782,55.426894187927246,PLC -> IO,0.31352
1775736778.1438322,55.55414819717407,PLC -> IO,0.79464
1775736778.2708745,55.681190490722656,PLC -> IO,0.71296
1775736778.3996336,55.80994963645935,PLC -> IO,1.72592
1775736778.5275972,55.93791317939758,PLC -> IO,0.7934399999999999
1775736778.6556375,56.065953493118286,PLC -> IO,1.7310400000000001
1775736778.7841046,56.19442057609558,PLC -> IO,0.29416000000000003
1775736778.911359,56.321675062179565,PLC -> IO,1.81712
1775736779.0393999,56.44971585273743,PLC -> IO,0.7088
1775736779.1678715,56.578187465667725,PLC -> IO,0.2944
1775736779.2959182,56.70623421669006,PLC -> IO,1.72768
1775736779.4231668,56.83348274230957,PLC -> IO,0.71168
1775736779.552533,56.96284890174866,PLC -> IO,0.13119999999999998
1775736779.6796727,57.089988708496094,PLC -> IO,0.7109599999999999
1775736779.8076456,57.21796154975891,PLC -> IO,1.80744
1775736779.9353976,57.34571361541748,PLC -> IO,1.3087199999999999
1775736780.0641549,57.47447085380554,PLC -> IO,0.28976
1775736780.1914082,57.60172414779663,PLC -> IO,0.80176
1775736780.3194518,57.72976779937744,PLC -> IO,1.7305599999999999
1775736780.4479296,57.858245611190796,PLC -> IO,0.28864
1775736780.574196,57.98451209068298,PLC -> IO,1.7682399999999998
1775736780.70394,58.11425590515137,PLC -> IO,0.77688
1775736780.831679,58.241995096206665,PLC -> IO,1.31256
1775736780.959724,58.37003993988037,PLC -> IO,0.71496
1775736781.0876958,58.49801182746887,PLC -> IO,0.7839200000000001
1775736781.2157338,58.626049757003784,PLC -> IO,1.7284799999999998
1775736781.342729,58.753045082092285,PLC -> IO,0.7584
1775736781.4714577,58.881773710250854,PLC -> IO,0.7936799999999999
1775736781.5994956,59.00981163978577,PLC -> IO,0.7168
1775736781.7274673,59.13778328895569,PLC -> IO,1.79816
1775736781.855221,59.26553702354431,PLC -> IO,1.80568
1775736781.9839902,59.39430618286133,PLC -> IO,0.77144
1775736782.1110435,59.52135944366455,PLC -> IO,0.18728
1775736782.2397723,59.6500883102417,PLC -> IO,0.21712
1775736782.3677452,59.77806115150452,PLC -> IO,0.77952
1775736782.4957802,59.90609622001648,PLC -> IO,0.2248
1775736782.623754,60.03407001495361,PLC -> IO,0.78064
1775736782.7515085,60.161824464797974,PLC -> IO,0.28096000000000004
1775736782.8795416,60.289857625961304,PLC -> IO,0.72168
1775736783.0075183,60.41783428192139,PLC -> IO,0.77832
1775736783.1355498,60.54586577415466,PLC -> IO,0.72336
1775736783.2640266,60.6743426322937,PLC -> IO,0.28008
1775736783.3920565,60.802372455596924,PLC -> IO,1.74776
1775736783.5193138,60.92962980270386,PLC -> IO,0.7168
1775736783.6477945,61.05811047554016,PLC -> IO,0.27696
1775736783.7750385,61.185354471206665,PLC -> IO,1.80616
1775736783.9038033,61.31411933898926,PLC -> IO,0.77552
1775736784.0308607,61.441176652908325,PLC -> IO,0.69808
1775736784.1588044,61.56912040710449,PLC -> IO,0.78136
1775736784.2875686,61.69788455963135,PLC -> IO,0.7731199999999999
1775736784.4145145,61.824830532073975,PLC -> IO,2.82528
1775736784.544069,61.95438504219055,PLC -> IO,0.28264
1775736784.6731281,62.083444118499756,PLC -> IO,2.21016
1775736784.7993526,62.20966863632202,PLC -> IO,0.7332000000000001
1775736784.928118,62.33843398094177,PLC -> IO,0.37744
1775736785.0558703,62.46618628501892,PLC -> IO,0.7288
1775736785.1831248,62.593440771102905,PLC -> IO,0.73016
1775736785.3118804,62.72219634056091,PLC -> IO,1.74016
1775736785.4396317,62.849947690963745,PLC -> IO,0.72912
1775736785.56761,62.97792601585388,PLC -> IO,1.7960800000000001
1775736785.6946642,63.10498023033142,PLC -> IO,0.70544
1775736785.8243966,63.23471260070801,PLC -> IO,2.23704
1775736785.952162,63.36247801780701,PLC -> IO,0.7168
1775736786.0794036,63.48971962928772,PLC -> IO,1.75056
1775736786.2078934,63.61820936203003,PLC -> IO,0.27704
1775736786.3359153,63.74623131752014,PLC -> IO,1.7456800000000001
1775736786.4639108,63.874226808547974,PLC -> IO,0.75888
1775736786.5926583,64.00297427177429,PLC -> IO,0.28552
1775736786.7196767,64.12999272346497,PLC -> IO,0.7358399999999999
1775736786.8484318,64.25874781608582,PLC -> IO,0.23736
1775736786.9756858,64.38600182533264,PLC -> IO,1.7535999999999998
1775736787.1029403,64.51325631141663,PLC -> IO,0.7356
1775736787.232206,64.64252209663391,PLC -> IO,0.22472
1775736787.3594477,64.76976370811462,PLC -> IO,0.73656
1775736787.4874387,64.89775466918945,PLC -> IO,1.78112
1775736787.6144812,65.02479720115662,PLC -> IO,0.71088
1775736787.7439606,65.15427660942078,PLC -> IO,0.75424
1775736787.8709955,65.28131151199341,PLC -> IO,0.20728000000000002
1775736787.9997232,65.41003918647766,PLC -> IO,1.75536
1775736788.1277163,65.5380322933197,PLC -> IO,0.76136
1775736788.2557323,65.66604828834534,PLC -> IO,1.75536
1775736788.3837192,65.79403519630432,PLC -> IO,0.7664
1775736788.5124815,65.92279744148254,PLC -> IO,0.7772
1775736788.6394937,66.04980969429016,PLC -> IO,0.7398399999999999
1775736788.7674828,66.17779874801636,PLC -> IO,0.76096
1775736788.8955019,66.30581784248352,PLC -> IO,0.74256
1775736789.0232568,66.43357276916504,PLC -> IO,0.74112
1775736789.1520145,66.56233048439026,PLC -> IO,1.7556
1775736789.2792656,66.68958163261414,PLC -> IO,0.74296
1775736789.4077647,66.81808066368103,PLC -> IO,0.25816
1775736789.5347686,66.94508457183838,PLC -> IO,0.24783999999999998
1775736789.6637745,67.07409048080444,PLC -> IO,0.7572800000000001
1775736789.7908127,67.20112872123718,PLC -> IO,3.2115199999999997
1775736789.9201958,67.33051180839539,PLC -> IO,1.25248
1775736790.0475395,67.45785546302795,PLC -> IO,0.75424
1775736790.1770535,67.58736944198608,PLC -> IO,0.25176000000000004
1775736790.304047,67.71436309814453,PLC -> IO,0.24896000000000001
1775736790.432807,67.84312295913696,PLC -> IO,0.27055999999999997
1775736790.5593097,67.96962571144104,PLC -> IO,0.74024
1775736790.687815,68.09813094139099,PLC -> IO,0.25232
1775736790.8158233,68.2261393070221,PLC -> IO,0.74704
1775736790.9430778,68.35339379310608,PLC -> IO,0.74088
1775736791.0718322,68.48214817047119,PLC -> IO,1.7672
1775736791.1995828,68.60989880561829,PLC -> IO,0.75016
1775736791.327589,68.73790502548218,PLC -> IO,1.7691199999999998
1775736791.454616,68.8649320602417,PLC -> IO,0.72384
1775736791.5840964,68.99441242218018,PLC -> IO,0.25136000000000003
1775736791.710627,69.12094306945801,PLC -> IO,0.7236
1775736791.8391314,69.24944734573364,PLC -> IO,0.22432
1775736791.9673595,69.37767553329468,PLC -> IO,0.7628
1775736792.0958676,69.50618362426758,PLC -> IO,1.77024
1775736792.223883,69.63419890403748,PLC -> IO,0.7388
1775736792.3526304,69.7629463672638,PLC -> IO,0.26448
1775736792.4796288,69.88994479179382,PLC -> IO,0.75336
1775736792.6076374,70.0179533958435,PLC -> IO,0.7464000000000001
1775736792.7356367,70.1459527015686,PLC -> IO,0.7544
1775736792.8633916,70.27370762825012,PLC -> IO,0.25624
1775736792.9921598,70.40247583389282,PLC -> IO,0.2396
1775736793.1194007,70.5297167301178,PLC -> IO,0.7548
1775736793.2474113,70.65772724151611,PLC -> IO,1.76336
1775736793.3751574,70.7854733467102,PLC -> IO,0.75592
1775736793.5039291,70.91424512863159,PLC -> IO,0.7368
1775736793.6309466,71.04126262664795,PLC -> IO,1.7252
1775736793.7596762,71.16999220848083,PLC -> IO,1.7736
1775736793.8876877,71.29800367355347,PLC -> IO,0.7421599999999999
1775736794.0156844,71.4260003566742,PLC -> IO,1.76768
1775736794.1436963,71.55401229858398,PLC -> IO,0.74136
1775736794.2724538,71.68276977539062,PLC -> IO,0.75744
1775736794.3994448,71.8097608089447,PLC -> IO,0.76088
1775736794.5274618,71.93777775764465,PLC -> IO,0.74
1775736794.6559575,72.06627345085144,PLC -> IO,2.78112
1775736794.783208,72.19352388381958,PLC -> IO,0.7612800000000001
1775736794.9191604,72.32947635650635,PLC -> IO,21.120079999999998
1775736795.03998,72.45029592514038,PLC -> IO,0.73664
1775736795.167729,72.57804489135742,PLC -> IO,0.24640000000000004
1775736795.2947538,72.70506978034973,PLC -> IO,1.73856
1775736795.4237466,72.83406257629395,PLC -> IO,0.73512
1775736795.5516078,72.96192383766174,PLC -> IO,0.13056
1775736795.6794887,73.08980464935303,PLC -> IO,1.78456
1775736795.807503,73.21781897544861,PLC -> IO,0.7427999999999999
1775736795.9352882,73.34560418128967,PLC -> IO,0.21072
1775736796.0640192,73.47433519363403,PLC -> IO,0.2296
1775736796.192778,73.60309410095215,PLC -> IO,0.25408000000000003
1775736796.3192627,73.72957873344421,PLC -> IO,0.7652
1775736796.4477851,73.85810112953186,PLC -> IO,0.2368
1775736796.5757754,73.98609137535095,PLC -> IO,0.7672
1775736796.703029,74.11334490776062,PLC -> IO,0.76608
1775736796.8317845,74.24210047721863,PLC -> IO,1.78616
1775736796.9603033,74.37061929702759,PLC -> IO,0.2336
1775736797.0875602,74.49787616729736,PLC -> IO,1.7490400000000002
1775736797.214569,74.62488508224487,PLC -> IO,1.74408
1775736797.3440676,74.75438356399536,PLC -> IO,0.2332
1775736797.4705791,74.88089513778687,PLC -> IO,0.74224
1775736797.6008124,75.01112842559814,PLC -> IO,0.79776
1775736797.7278366,75.13815259933472,PLC -> IO,0.23864000000000002
1775736797.8558168,75.26613283157349,PLC -> IO,1.7856
1775736797.9838543,75.39417028427124,PLC -> IO,0.72208
1775736798.1126006,75.52291655540466,PLC -> IO,0.24624000000000001
1775736798.2398562,75.65017223358154,PLC -> IO,0.72568
1775736798.3676095,75.77792549133301,PLC -> IO,0.72736
1775736798.4955897,75.90590572357178,PLC -> IO,0.7736000000000001
1775736798.6233437,76.03365969657898,PLC -> IO,0.26768000000000003
1775736798.7521107,76.16242671012878,PLC -> IO,0.26144
1775736798.8793528,76.28966879844666,PLC -> IO,0.7747999999999999
1775736799.00738,76.41769599914551,PLC -> IO,1.7498399999999998
1775736799.1343853,76.54470133781433,PLC -> IO,1.75208
1775736799.263903,76.67421889305115,PLC -> IO,0.71608
1775736799.3908997,76.80121564865112,PLC -> IO,0.24471999999999997
1775736799.5189378,76.92925381660461,PLC -> IO,1.6924
1775736799.6476586,77.05797457695007,PLC -> IO,0.72224
1775736799.7756374,77.18595337867737,PLC -> IO,1.7962399999999998
1775736799.9036677,77.31398367881775,PLC -> IO,0.72216
1775736800.0324173,77.44273328781128,PLC -> IO,0.73912
1775736800.1601768,77.5704927444458,PLC -> IO,1.74392
1775736800.2874327,77.69774866104126,PLC -> IO,0.72008
1775736800.4159105,77.82622647285461,PLC -> IO,0.26855999999999997
1775736800.543161,77.95347690582275,PLC -> IO,0.7794399999999999
1775736800.6719193,78.08223533630371,PLC -> IO,1.7992
1775736800.7999508,78.21026682853699,PLC -> IO,0.72312
1775736800.927708,78.33802390098572,PLC -> IO,0.21968000000000001
1775736801.0547068,78.4650228023529,PLC -> IO,1.75672
1775736801.183718,78.59403395652771,PLC -> IO,0.71792
1775736801.3107157,78.721031665802,PLC -> IO,1.7574400000000001
1775736801.440444,78.85075998306274,PLC -> IO,0.7996
1775736801.5682306,78.97854661941528,PLC -> IO,0.39304
1775736801.695452,79.10576796531677,PLC -> IO,4.31
1775736801.8239896,79.23430562019348,PLC -> IO,0.21832000000000001
1775736801.9527483,79.36306428909302,PLC -> IO,0.23488
1775736802.0799935,79.49030947685242,PLC -> IO,0.72696
1775736802.2077563,79.61807227134705,PLC -> IO,0.21776
1775736802.3357265,79.7460424900055,PLC -> IO,0.7872
1775736802.4629817,79.87329769134521,PLC -> IO,3.28
1775736802.591736,80.00205206871033,PLC -> IO,1.8047199999999999
1775736802.7202744,80.13059043884277,PLC -> IO,0.21536
1775736802.847526,80.25784206390381,PLC -> IO,1.7351999999999999
1775736802.9745212,80.38483715057373,PLC -> IO,1.7640799999999999
1775736803.1040387,80.51435470581055,PLC -> IO,0.2132
1775736803.2310438,80.64135980606079,PLC -> IO,0.24248
1775736803.3607645,80.771080493927,PLC -> IO,0.30264
1775736803.487808,80.89812397956848,PLC -> IO,0.21888
1775736803.6157715,81.02608752250671,PLC -> IO,0.28704
1775736803.7438242,81.15414023399353,PLC -> IO,0.70144
1775736803.872573,81.28288888931274,PLC -> IO,0.22696
1775736803.999532,81.40984797477722,PLC -> IO,0.30336
1775736804.1282887,81.53860473632812,PLC -> IO,1.7943200000000001
1775736804.2555408,81.66585683822632,PLC -> IO,0.7926399999999999
1775736804.3835905,81.7939064502716,PLC -> IO,0.70736
1775736804.512063,81.92237901687622,PLC -> IO,0.2804
1775736804.6400988,82.05041480064392,PLC -> IO,0.71064
1775736804.7673512,82.1776671409607,PLC -> IO,1.7414399999999999
1775736804.8943381,82.30465412139893,PLC -> IO,1.76424
1775736805.023875,82.43419098854065,PLC -> IO,0.69576
1775736805.1508508,82.56116676330566,PLC -> IO,0.26568
1775736805.2805798,82.69089579582214,PLC -> IO,0.32336000000000004
1775736805.407629,82.81794500350952,PLC -> IO,0.2056
1775736805.53661,82.94692587852478,PLC -> IO,0.81176
1775736805.6636388,83.07395482063293,PLC -> IO,0.704
1775736805.7923927,83.20270872116089,PLC -> IO,0.72256
1775736805.9201467,83.33046269416809,PLC -> IO,1.7271999999999998
1775736806.0474038,83.45771980285645,PLC -> IO,0.70128
1775736806.1758626,83.58617854118347,PLC -> IO,0.29544
1775736806.3039114,83.71422743797302,PLC -> IO,0.7060000000000001
1775736806.4318714,83.84218740463257,PLC -> IO,1.81824
1775736806.5596244,83.96994042396545,PLC -> IO,0.29663999999999996
1775736806.687674,84.09799003601074,PLC -> IO,1.7224
1775736806.8146586,84.22497463226318,PLC -> IO,1.7754400000000001
1775736806.9436882,84.35400414466858,PLC -> IO,0.69984
1775736807.070669,84.48098492622375,PLC -> IO,3.2483999999999997
1775736807.200396,84.6107120513916,PLC -> IO,0.81976
1775736807.3274534,84.73776936531067,PLC -> IO,0.69752
1775736807.455403,84.86571907997131,PLC -> IO,1.82168
1775736807.5839608,84.99427676200867,PLC -> IO,0.73456
1775736807.7127206,85.1230366230011,PLC -> IO,0.2156
1775736807.8399715,85.2502875328064,PLC -> IO,1.71912
1775736807.967926,85.37824201583862,PLC -> IO,0.8036
1775736808.0956783,85.50599431991577,PLC -> IO,0.80544
1775736808.2237384,85.63405442237854,PLC -> IO,0.69448
1775736808.3516877,85.76200366020203,PLC -> IO,1.82552
1775736808.4802465,85.89056253433228,PLC -> IO,0.19536
1775736808.6075017,86.017817735672,PLC -> IO,1.7116
1775736808.7354481,86.14576411247253,PLC -> IO,0.8074399999999999
1775736808.8640108,86.27432680130005,PLC -> IO,0.18896000000000002
1775736808.9912643,86.40158033370972,PLC -> IO,0.73352
1775736809.1207175,86.53103351593018,PLC -> IO,0.32072
1775736809.2477782,86.65809416770935,PLC -> IO,0.19344
1775736809.3757246,86.78604054450989,PLC -> IO,0.306
1775736809.5037813,86.91409730911255,PLC -> IO,0.69568
1775736809.632543,87.04285907745361,PLC -> IO,0.20792
1775736809.7597995,87.17011547088623,PLC -> IO,0.6873600000000001
1775736809.8875518,87.29786777496338,PLC -> IO,0.68216
1775736810.0154932,87.42580914497375,PLC -> IO,0.8116
1775736810.1435606,87.55387663841248,PLC -> IO,0.68824
1775736810.2720158,87.68233180046082,PLC -> IO,1.8308
1775736810.40007,87.8103859424591,PLC -> IO,0.6916
1775736810.5273232,87.9376392364502,PLC -> IO,1.71744
1775736810.6542895,88.06460547447205,PLC -> IO,1.78944
1775736810.7838454,88.1941614151001,PLC -> IO,0.67912
1775736810.9125855,88.32290148735046,PLC -> IO,0.72136
1775736811.0388803,88.44919633865356,PLC -> IO,1.65408
1775736811.1676002,88.5779161453247,PLC -> IO,0.68488
1775736811.2948523,88.7051682472229,PLC -> IO,0.68824
1775736811.423611,88.83392691612244,PLC -> IO,0.684
1775736811.5530663,88.96338224411011,PLC -> IO,38.3876
1775736811.679302,89.08961796760559,PLC -> IO,0.8173600000000001
1775736811.808057,89.21837306022644,PLC -> IO,1.79688
1775736811.9353101,89.34562611579895,PLC -> IO,0.81216
1775736812.063884,89.47420001029968,PLC -> IO,0.68648
1775736812.1918235,89.60213947296143,PLC -> IO,1.83592
1775736812.3198934,89.73020935058594,PLC -> IO,0.68616
1775736812.4476504,89.85796642303467,PLC -> IO,1.69808
1775736812.5746107,89.98492670059204,PLC -> IO,1.7960800000000001
1775736812.7036567,90.1139726638794,PLC -> IO,0.68232
1775736812.8306208,90.24093675613403,PLC -> IO,0.79376
1775736812.9608517,90.37116765975952,PLC -> IO,0.33688
1775736813.0874245,90.49774050712585,PLC -> IO,0.67736
1775736813.2153492,90.6256651878357,PLC -> IO,1.84664
1775736813.343932,90.75424790382385,PLC -> IO,0.18016000000000001
1775736813.4726918,90.88300776481628,PLC -> IO,0.19672
1775736813.5999424,91.010258436203,PLC -> IO,0.6810400000000001
1775736813.7276995,91.13801550865173,PLC -> IO,0.17936
1775736813.8556237,91.26593971252441,PLC -> IO,0.83136
1775736813.9837096,91.39402556419373,PLC -> IO,0.67544
1775736814.1116395,91.5219554901123,PLC -> IO,1.84376
1775736814.239391,91.64970707893372,PLC -> IO,0.82672
1775736814.367466,91.77778196334839,PLC -> IO,1.7004
1775736814.4944246,91.90474057197571,PLC -> IO,1.80224
1775736814.623982,92.03429794311523,PLC -> IO,0.16824
1775736814.7519217,92.16223764419556,PLC -> IO,0.31063999999999997
1775736814.8806696,92.29098558425903,PLC -> IO,0.34088
1775736815.0072443,92.417560338974,PLC -> IO,0.6864
1775736815.1356757,92.54599165916443,PLC -> IO,0.34224
1775736815.2637591,92.67407512664795,PLC -> IO,0.67072
1775736815.3925142,92.8028302192688,PLC -> IO,0.18968000000000002
1775736815.519763,92.93007898330688,PLC -> IO,1.6944
1775736815.648192,93.05850791931152,PLC -> IO,0.33304
1775736815.7762768,93.18659281730652,PLC -> IO,0.68408
1775736815.904201,93.3145170211792,PLC -> IO,0.83136
1775736816.0319679,93.44228386878967,PLC -> IO,1.84984
1775736816.1600332,93.57034921646118,PLC -> IO,0.68032
1775736816.2888093,93.69912528991699,PLC -> IO,0.18504
1775736816.4142423,93.82455825805664,PLC -> IO,4.3152
1775736816.5438108,93.95412683486938,PLC -> IO,0.66408
1775736816.6707559,94.0810718536377,PLC -> IO,0.30296
1775736816.800478,94.21079397201538,PLC -> IO,0.36751999999999996
1775736816.9282382,94.33855414390564,PLC -> IO,0.33616
1775736817.0554924,94.46580839157104,PLC -> IO,1.8511199999999999
1775736817.183582,94.59389805793762,PLC -> IO,0.6648799999999999
1775736817.312335,94.72265100479126,PLC -> IO,0.6836
1775736817.4400904,94.85040640830994,PLC -> IO,0.66824
1775736817.5680091,94.9783251285553,PLC -> IO,0.8216
1775736817.6957667,95.10608267784119,PLC -> IO,0.33272
1775736817.823855,95.23417091369629,PLC -> IO,2.67152
1775736817.9517748,95.36209082603455,PLC -> IO,1.85736
1775736818.0798645,95.49018049240112,PLC -> IO,0.66712
1775736818.2077894,95.61810541152954,PLC -> IO,0.8264
1775736818.334562,95.74487805366516,PLC -> IO,1.81584
1775736818.4636304,95.87394642829895,PLC -> IO,0.66152
1775736818.5905383,96.00085425376892,PLC -> IO,0.84136
1775736818.7186646,96.12898063659668,PLC -> IO,2.13992
1775736818.8473954,96.25771141052246,PLC -> IO,0.65856
1775736818.975303,96.3856189250946,PLC -> IO,1.85816
1775736819.103903,96.51421904563904,PLC -> IO,0.16
1775736819.232663,96.64297890663147,PLC -> IO,0.1776
1775736819.3599129,96.77022886276245,PLC -> IO,1.67432
1775736819.4878287,96.89814472198486,PLC -> IO,0.8440799999999999
1775736819.6155758,97.02589178085327,PLC -> IO,0.84368
1775736819.7436798,97.1539957523346,PLC -> IO,0.65744
1775736819.8715925,97.28190851211548,PLC -> IO,1.8628
1775736820.0001822,97.41049814224243,PLC -> IO,0.16288000000000002
1775736820.1289454,97.53926134109497,PLC -> IO,0.17320000000000002
1775736820.2543766,97.66469264030457,PLC -> IO,1.82128
1775736820.383948,97.79426407814026,PLC -> IO,0.16096
1775736820.5108993,97.92121529579163,PLC -> IO,0.30656
1775736820.6406207,98.05093669891357,PLC -> IO,0.36072
1775736820.7678828,98.17819881439209,PLC -> IO,1.87552
1775736820.8956275,98.3059434890747,PLC -> IO,0.34448
1775736821.0237315,98.43404746055603,PLC -> IO,0.65056
1775736821.1524863,98.5628023147583,PLC -> IO,0.1688
1775736821.2797487,98.6900646686554,PLC -> IO,1.66072
1775736821.4081442,98.81846022605896,PLC -> IO,0.35104
1775736821.535238,98.94555401802063,PLC -> IO,2.03144
1775736821.6635032,99.07381916046143,PLC -> IO,0.6508799999999999
1775736821.79192,99.20223593711853,PLC -> IO,1.35552
1775736821.919161,99.32947707176208,PLC -> IO,0.8512
1775736822.0487802,99.4590961933136,PLC -> IO,0.16624
1775736822.1741943,99.5845103263855,PLC -> IO,1.8278400000000001
1775736822.3037875,99.71410346031189,PLC -> IO,0.63856
1775736822.430708,99.84102392196655,PLC -> IO,1.82248
1775736822.560435,99.9707510471344,PLC -> IO,0.38079999999999997
1775736822.6875434,100.0978593826294,PLC -> IO,0.6456
1775736822.815443,100.22575902938843,PLC -> IO,1.86496
1775736822.9435525,100.35386848449707,PLC -> IO,0.6467200000000001
1775736823.072307,100.48262310028076,PLC -> IO,0.66432
1775736823.2000546,100.61037063598633,PLC -> IO,1.67432
1775736823.3279622,100.73827815055847,PLC -> IO,0.84128
1775736823.4557178,100.86603379249573,PLC -> IO,0.3528
1775736823.5844736,100.99478960037231,PLC -> IO,0.37120000000000003
1775736823.7117271,101.12204313278198,PLC -> IO,1.87616
1775736823.8398356,101.25015163421631,PLC -> IO,0.6479199999999999
1775736823.9678652,101.37818121910095,PLC -> IO,0.72856
1775736824.0945141,101.50483012199402,PLC -> IO,1.83416
1775736824.2236028,101.63391876220703,PLC -> IO,0.64144
1775736824.35049,101.7608060836792,PLC -> IO,0.86696
1775736824.4807565,101.89107251167297,PLC -> IO,0.37263999999999997
1775736824.6080062,102.01832222938538,PLC -> IO,0.86024
1775736824.735756,102.14607191085815,PLC -> IO,1.38232
1775736824.8638682,102.27418422698975,PLC -> IO,0.65144
1775736824.9926343,102.40295028686523,PLC -> IO,0.15832
1775736825.1198843,102.53020024299622,PLC -> IO,0.64456
1775736825.2477808,102.65809679031372,PLC -> IO,0.86232
1775736825.3755357,102.78585171699524,PLC -> IO,0.8627199999999999
1775736825.503651,102.91396689414978,PLC -> IO,0.6372
1775736825.6315436,103.04185962677002,PLC -> IO,1.88208
1775736825.7601602,103.17047619819641,PLC -> IO,0.13799999999999998
1775736825.8880513,103.2983672618866,PLC -> IO,0.36608
1775736826.014331,103.42464709281921,PLC -> IO,1.8374400000000002
1775736826.1439235,103.55423951148987,PLC -> IO,0.13663999999999998
1775736826.2708495,103.68116545677185,PLC -> IO,0.32855999999999996
1775736826.4005728,103.81088876724243,PLC -> IO,0.37992000000000004
1775736826.5271878,103.93750381469727,PLC -> IO,0.64784
1775736826.6555798,104.06589579582214,PLC -> IO,1.86216
1775736826.7837017,104.1940176486969,PLC -> IO,0.63144
1775736826.9124575,104.32277345657349,PLC -> IO,0.15064
1775736827.0393412,104.44965720176697,PLC -> IO,0.36432000000000003
1775736827.168096,104.57841205596924,PLC -> IO,0.37032
1775736827.2962184,104.70653438568115,PLC -> IO,0.64576
1775736827.4234684,104.83378434181213,PLC -> IO,0.63784
1775736827.5519783,104.96229434013367,PLC -> IO,1.2683200000000001
1775736827.6799836,105.09029960632324,PLC -> IO,0.6352000000000001
1775736827.8087506,105.21906661987305,PLC -> IO,0.148
1775736827.9341192,105.34443521499634,PLC -> IO,1.8741599999999998
1775736828.0637589,105.47407484054565,PLC -> IO,0.6204799999999999
1775736828.19066,105.60097599029541,PLC -> IO,1.8458400000000001
1775736828.320388,105.73070406913757,PLC -> IO,0.39976
1775736828.4481413,105.85845732688904,PLC -> IO,0.392
1775736828.576883,105.98719906806946,PLC -> IO,0.404
1775736828.7035236,106.11383962631226,PLC -> IO,0.6292
1775736828.8322783,106.24259424209595,PLC -> IO,0.64776
1775736828.9600317,106.37034773826599,PLC -> IO,0.63088
1775736829.0879133,106.49822926521301,PLC -> IO,0.86728
1775736829.2160418,106.62635779380798,PLC -> IO,0.6284799999999999
1775736829.3437753,106.75409126281738,PLC -> IO,0.65136
1775736829.4716797,106.881995677948,PLC -> IO,1.88792
1775736829.5994327,107.00974869728088,PLC -> IO,0.37320000000000003
1775736829.7276888,107.13800477981567,PLC -> IO,0.87032
1775736829.8544662,107.26478219032288,PLC -> IO,1.8532
1775736829.9835727,107.39388871192932,PLC -> IO,0.6224
1775736830.1104498,107.52076578140259,PLC -> IO,1.8803999999999998
1775736830.240702,107.65101790428162,PLC -> IO,0.39871999999999996
1775736830.3673372,107.77765321731567,PLC -> IO,0.6212
1775736830.495953,107.90626907348633,PLC -> IO,0.76368
1775736830.6238463,108.03416228294373,PLC -> IO,0.61848
1775736830.7526054,108.16292142868042,PLC -> IO,0.13832
1775736830.8798494,108.29016542434692,PLC -> IO,1.64992
1775736831.0077279,108.41804385185242,PLC -> IO,0.88648
1775736831.1363697,108.5466856956482,PLC -> IO,0.11928
1775736831.2626133,108.67292928695679,PLC -> IO,1.62784
1775736831.3914897,108.8018057346344,PLC -> IO,1.9072
1775736831.5201313,108.9304473400116,PLC -> IO,0.11896
1775736831.6488874,109.05920338630676,PLC -> IO,0.12752
1775736831.7742815,109.18459749221802,PLC -> IO,1.85968
1775736831.9033961,109.31371212005615,PLC -> IO,0.616
1775736832.0307624,109.44107842445374,PLC -> IO,1.38864
1775736832.1605248,109.57084083557129,PLC -> IO,0.91168
1775736832.287159,109.69747495651245,PLC -> IO,0.628
1775736832.4159143,109.82623028755188,PLC -> IO,0.61352
1775736832.5436728,109.95398879051208,PLC -> IO,0.61328
1775736832.6724288,110.08274483680725,PLC -> IO,0.62936
1775736832.7996836,110.20999956130981,PLC -> IO,0.60392
1775736832.9280493,110.33836531639099,PLC -> IO,0.38936
1775736833.0561895,110.46650552749634,PLC -> IO,0.626
1775736833.1840584,110.59437441825867,PLC -> IO,0.40648
1775736833.3118231,110.72213912010193,PLC -> IO,1.38784
1775736833.4399548,110.85027074813843,PLC -> IO,0.6150399999999999
1775736833.5687149,110.97903084754944,PLC -> IO,0.15256
1775736833.6940985,111.10441446304321,PLC -> IO,1.8652
1775736833.823731,111.23404693603516,PLC -> IO,0.59344
1775736833.9506114,111.36092734336853,PLC -> IO,1.85984
1775736834.0787652,111.48908114433289,PLC -> IO,1.57504
1775736834.2080913,111.61840724945068,PLC -> IO,1.41424
1775736834.3368382,111.74715423583984,PLC -> IO,0.41488
1775736834.4634948,111.87381076812744,PLC -> IO,0.60744
1775736834.5922487,112.0025646686554,PLC -> IO,0.62064
1775736834.7200031,112.13031911849976,PLC -> IO,1.63016
1775736834.8478663,112.25818228721619,PLC -> IO,0.88856
1775736834.976014,112.38632988929749,PLC -> IO,0.6058399999999999
1775736835.1037455,112.51406145095825,PLC -> IO,0.63248
1775736835.2316318,112.64194774627686,PLC -> IO,1.914
1775736835.3597796,112.77009558677673,PLC -> IO,0.60048
1775736835.4885304,112.89884638786316,PLC -> IO,0.62648
1775736835.6144183,113.02473425865173,PLC -> IO,1.87184
1775736835.7435372,113.15385317802429,PLC -> IO,0.61112
1775736835.8704293,113.28074526786804,PLC -> IO,1.8722400000000001
1775736836.000653,113.41096901893616,PLC -> IO,0.41864
1775736836.1273088,113.53762483596802,PLC -> IO,0.6023200000000001
1775736836.256669,113.66698503494263,PLC -> IO,0.41168
1775736836.3838177,113.79413366317749,PLC -> IO,0.59944
1775736836.5125751,113.92289113998413,PLC -> IO,0.1192
1775736836.6398275,114.0501434803009,PLC -> IO,1.62272
1775736836.767678,114.17799401283264,PLC -> IO,0.90728
1775736836.89634,114.30665588378906,PLC -> IO,0.6003999999999999
1775736837.0235944,114.43391036987305,PLC -> IO,0.59888
1775736837.1514428,114.56175875663757,PLC -> IO,1.9262400000000002
1775736837.2792003,114.68951630592346,PLC -> IO,0.90224
1775736837.4083595,114.81867551803589,PLC -> IO,0.61416
1775736837.5342004,114.94451642036438,PLC -> IO,2.92664
1775736837.6633675,115.07368350028992,PLC -> IO,0.5968800000000001
1775736837.7907135,115.20102953910828,PLC -> IO,0.39631999999999995
1775736837.9189,115.32921600341797,PLC -> IO,1.5778400000000001
1775736838.0471292,115.45744514465332,PLC -> IO,0.6095999999999999
1775736838.1758814,115.58619737625122,PLC -> IO,0.59864
1775736838.3036442,115.71396017074585,PLC -> IO,0.5932
1775736838.4324,115.84271597862244,PLC -> IO,0.6108
1775736838.559647,115.96996307373047,PLC -> IO,2.12344
1775736838.6880004,116.09831643104553,PLC -> IO,0.40944
1775736838.816161,116.2264769077301,PLC -> IO,0.608
1775736838.942408,116.35272407531738,PLC -> IO,1.59504
1775736839.0717762,116.4820921421051,PLC -> IO,2.93624
1775736839.199925,116.6102409362793,PLC -> IO,0.5968800000000001
1775736839.328694,116.73901009559631,PLC -> IO,0.1044
1775736839.4545534,116.8648693561554,PLC -> IO,1.38152
1775736839.5837007,116.99401664733887,PLC -> IO,0.5748
1775736839.7105644,117.1208803653717,PLC -> IO,4.387440000000001
1775736839.8402917,117.25060772895813,PLC -> IO,0.9376
1775736839.9680455,117.37836146354675,PLC -> IO,0.40768
1775736840.096793,117.50710892677307,PLC -> IO,0.43560000000000004
1775736840.2234669,117.63378286361694,PLC -> IO,0.5884
1775736840.3522189,117.76253485679626,PLC -> IO,0.5852
1775736840.4799752,117.89029121398926,PLC -> IO,1.61096
1775736840.6078176,118.0181336402893,PLC -> IO,0.9108
1775736840.735984,118.14630007743835,PLC -> IO,0.59184
1775736840.8637273,118.2740433216095,PLC -> IO,0.60344
1775736840.9915838,118.40189981460571,PLC -> IO,0.94192
1775736841.1197498,118.5300657749176,PLC -> IO,0.59032
1775736841.2485073,118.65882325172424,PLC -> IO,0.60144
1775736841.3743713,118.78468728065491,PLC -> IO,1.8847200000000002
1775736841.5035152,118.91383123397827,PLC -> IO,0.58424
1775736841.6303804,119.04069638252258,PLC -> IO,1.89136
1775736841.7606132,119.1709291934967,PLC -> IO,0.42984
1775736841.8872755,119.2975914478302,PLC -> IO,0.58808
1775736842.016621,119.42693710327148,PLC -> IO,0.4308
1775736842.1437879,119.55410385131836,PLC -> IO,0.58712
1775736842.272541,119.68285703659058,PLC -> IO,0.1064
1775736842.4013042,119.81162023544312,PLC -> IO,0.09824
1775736842.5281365,119.93845248222351,PLC -> IO,0.42128
1775736842.6558008,120.06611680984497,PLC -> IO,1.0907200000000001
1775736842.7835646,120.19388055801392,PLC -> IO,0.57984
1775736842.9118993,120.32221531867981,PLC -> IO,1.4408800000000002
1775736843.0400739,120.45038986206055,PLC -> IO,0.5856
1775736843.168331,120.57864689826965,PLC -> IO,0.596
1775736843.2941527,120.70446872711182,PLC -> IO,1.9299199999999999
1775736843.4233396,120.83365559577942,PLC -> IO,0.5777599999999999
1775736843.5516677,120.9619836807251,PLC -> IO,1.0449599999999999
1775736843.68043,121.09074592590332,PLC -> IO,0.94984
1775736843.8071005,121.21741652488708,PLC -> IO,0.5804
1775736843.9358578,121.34617376327515,PLC -> IO,0.5812
1775736844.0636153,121.47393131256104,PLC -> IO,0.57664
1775736844.1923711,121.60268712043762,PLC -> IO,0.09232
1775736844.3196251,121.72994112968445,PLC -> IO,0.5892799999999999
1775736844.4479523,121.85826826095581,PLC -> IO,0.42776000000000003
1775736844.5761328,121.98644876480103,PLC -> IO,0.58808
1775736844.703388,122.11370396614075,PLC -> IO,0.5668
1775736844.8317282,122.24204421043396,PLC -> IO,1.946
1775736844.9598963,122.37021231651306,PLC -> IO,0.5777599999999999
1775736845.0886652,122.4989812374115,PLC -> IO,0.08975999999999999
1775736845.2145064,122.62482237815857,PLC -> IO,1.39976
1775736845.343672,122.75398802757263,PLC -> IO,0.56336
1775736845.4705162,122.88083219528198,PLC -> IO,1.90416
1775736845.6002436,123.01055955886841,PLC -> IO,0.45824
1775736845.7279985,123.13831448554993,PLC -> IO,0.43192
1775736845.856746,123.26706194877625,PLC -> IO,0.45376
1775736845.9834373,123.39375329017639,PLC -> IO,0.56936
1775736846.1121852,123.52250123023987,PLC -> IO,0.57472
1775736846.2415383,123.6518542766571,PLC -> IO,0.9156799999999999
1775736846.367772,123.77808809280396,PLC -> IO,0.93048
1775736846.4959488,123.9062647819519,PLC -> IO,0.5768
1775736846.623702,124.03401803970337,PLC -> IO,0.58096
1775736846.7515352,124.16185116767883,PLC -> IO,1.9529599999999998
1775736846.8796978,124.29001379013062,PLC -> IO,0.59432
1775736847.0084786,124.41879463195801,PLC -> IO,0.58216
1775736847.1343236,124.54463958740234,PLC -> IO,1.91064
1775736847.2634866,124.67380261421204,PLC -> IO,0.56496
1775736847.3903325,124.80064845085144,PLC -> IO,1.91144
1775736847.520565,124.93088102340698,PLC -> IO,0.44823999999999997
1775736847.6472507,125.05756664276123,PLC -> IO,0.5640000000000001
1775736847.7765741,125.18689012527466,PLC -> IO,0.45
1775736847.9037592,125.31407523155212,PLC -> IO,0.0644
1775736848.032519,125.44283509254456,PLC -> IO,0.0804
1775736848.159769,125.57008504867554,PLC -> IO,1.5856
1775736848.2880876,125.69840359687805,PLC -> IO,0.44136000000000003
1775736848.4157789,125.82609486579895,PLC -> IO,1.0656
1775736848.5435357,125.9538516998291,PLC -> IO,0.56168
1775736848.6718516,126.08216762542725,PLC -> IO,1.46
1775736848.800608,126.21092391014099,PLC -> IO,1.4410399999999999
1775736848.928296,126.33861207962036,PLC -> IO,0.58272
1775736849.0560539,126.46636986732483,PLC -> IO,0.5820000000000001
1775736849.183311,126.59362697601318,PLC -> IO,0.55872
1775736849.3106592,126.72097516059875,PLC -> IO,1.39784
1775736849.440381,126.85069704055786,PLC -> IO,0.45648
1775736849.5681653,126.97848129272461,PLC -> IO,1.44144
1775736849.6963909,127.10670685768127,PLC -> IO,0.9588
1775736849.8235874,127.23390340805054,PLC -> IO,0.55504
1775736849.9513972,127.36171317100525,PLC -> IO,0.94448
1775736850.0795975,127.48991346359253,PLC -> IO,0.5541600000000001
1775736850.207898,127.61821389198303,PLC -> IO,0.45352000000000003
1775736850.3361042,127.74642014503479,PLC -> IO,0.56896
1775736850.4639137,127.87422966957092,PLC -> IO,0.9460799999999999
1775736850.5916722,128.00198817253113,PLC -> IO,1.46024
1775736850.7198603,128.13017630577087,PLC -> IO,0.56592
1775736850.8486328,128.258948802948,PLC -> IO,0.5642400000000001
1775736850.9774544,128.38777041435242,PLC -> IO,0.93048
1775736851.1041865,128.5145025253296,PLC -> IO,0.4528
1775736851.2304685,128.64078450202942,PLC -> IO,1.92328
1775736851.3601956,128.77051162719727,PLC -> IO,0.97552
1775736851.4873977,128.89771366119385,PLC -> IO,0.55192
1775736851.6166964,129.02701234817505,PLC -> IO,0.47456000000000004
1775736851.7434087,129.15372467041016,PLC -> IO,0.55088
1775736851.8721633,129.28247928619385,PLC -> IO,0.5543199999999999
1775736851.9999177,129.4102337360382,PLC -> IO,1.56496
1775736852.127724,129.53803992271423,PLC -> IO,0.95392
1775736852.2559268,129.66624283790588,PLC -> IO,0.5534399999999999
1775736852.3822055,129.7925214767456,PLC -> IO,2.02968
1775736852.5114868,129.92180275917053,PLC -> IO,1.97176
1775736852.639672,130.04998803138733,PLC -> IO,0.5712
1775736852.768443,130.17875909805298,PLC -> IO,0.56992
1775736852.8942754,130.30459141731262,PLC -> IO,1.92896
1775736853.0240045,130.4343204498291,PLC -> IO,0.9546399999999999
1775736853.1502845,130.5606005191803,PLC -> IO,1.9228800000000001
1775736853.280517,130.69083309173584,PLC -> IO,0.4684
1775736853.4072223,130.81753826141357,PLC -> IO,0.5444
1775736853.5349681,130.9452841281891,PLC -> IO,2.57952
1775736853.6637304,131.0740463733673,PLC -> IO,0.5488799999999999
1775736853.792485,131.202800989151,PLC -> IO,0.06552
1775736853.9197402,131.33005619049072,PLC -> IO,1.56736
1775736854.0480397,131.4583556652069,PLC -> IO,0.45968000000000003
1775736854.1757443,131.58606028556824,PLC -> IO,1.0523200000000001
1775736854.3040488,131.71436476707458,PLC -> IO,0.46040000000000003
1775736854.4318037,131.8421196937561,PLC -> IO,1.47872
1775736854.559517,131.96983289718628,PLC -> IO,0.54064
1775736854.6882744,132.09859037399292,PLC -> IO,0.60024
1775736854.8160253,132.2263412475586,PLC -> IO,1.56576
1775736854.9438138,132.35412979125977,PLC -> IO,0.96104
1775736855.0706122,132.48092818260193,PLC -> IO,1.424
1775736855.2003334,132.6106493473053,PLC -> IO,0.47568000000000005
1775736855.327037,132.73735308647156,PLC -> IO,0.54632
1775736855.4563422,132.8666582107544,PLC -> IO,0.97912
1775736855.5835528,132.99386882781982,PLC -> IO,0.53408
1775736855.7113502,133.12166619300842,PLC -> IO,1.9655200000000002
1775736855.8395686,133.24988460540771,PLC -> IO,0.53504
1775736855.96785,133.3781659603119,PLC -> IO,0.46592
1775736856.0960746,133.50639057159424,PLC -> IO,0.54984
1775736856.2238667,133.6341826915741,PLC -> IO,0.96536
1775736856.3516245,133.76194047927856,PLC -> IO,1.49664
1775736856.4798398,133.89015579223633,PLC -> IO,0.53952
1775736856.6086066,134.01892256736755,PLC -> IO,0.54152
1775736856.7358487,134.14616465568542,PLC -> IO,0.53176
1775736856.8636158,134.27393174171448,PLC -> IO,0.52376
1775736856.99042,134.40073609352112,PLC -> IO,1.94304
1775736857.120142,134.53045797348022,PLC -> IO,0.5013599999999999
1775736857.24737,134.65768599510193,PLC -> IO,0.5316000000000001
1775736857.3766592,134.78697514533997,PLC -> IO,0.47736
1775736857.5033798,134.91369581222534,PLC -> IO,0.52576
1775736857.6321287,135.04244470596313,PLC -> IO,0.54384
1775736857.7598891,135.17020511627197,PLC -> IO,1.5467199999999999
1775736857.8876514,135.29796743392944,PLC -> IO,1.0004
1775736858.015891,135.42620706558228,PLC -> IO,0.5412
1775736858.1441796,135.55449557304382,PLC -> IO,0.47024000000000005
1775736858.2714403,135.68175625801086,PLC -> IO,1.99056
1775736858.3996422,135.8099582195282,PLC -> IO,0.5532
1775736858.5284224,135.93873834609985,PLC -> IO,0.5370400000000001
1775736858.6542268,136.06454277038574,PLC -> IO,1.94896
1775736858.7839558,136.19427180290222,PLC -> IO,0.97176
1775736858.9102035,136.32051944732666,PLC -> IO,1.9829600000000003
1775736859.0404692,136.4507851600647,PLC -> IO,1.48952
1775736859.1677186,136.57803463935852,PLC -> IO,0.97512
1775736859.2964754,136.70679140090942,PLC -> IO,0.49032000000000003
1775736859.4237025,136.8340184688568,PLC -> IO,0.52976
1775736859.5524979,136.96281385421753,PLC -> IO,0.08
1775736859.6797125,137.0900285243988,PLC -> IO,1.54728
1775736859.8074934,137.21780943870544,PLC -> IO,0.97712
1775736859.9357214,137.3460373878479,PLC -> IO,1.0264
1775736860.0640008,137.47431683540344,PLC -> IO,0.47944
1775736860.192757,137.6030728816986,PLC -> IO,0.48992
1775736860.3194883,137.72980427742004,PLC -> IO,1.02744
1775736860.4482446,137.8585605621338,PLC -> IO,0.53752
1775736860.574042,137.98435807228088,PLC -> IO,1.9552800000000001
1775736860.7042763,138.11459231376648,PLC -> IO,0.47656
1775736860.8305645,138.24088048934937,PLC -> IO,1.44296
1775736860.9602854,138.37060141563416,PLC -> IO,0.49383999999999995
1775736861.08803,138.49834609031677,PLC -> IO,0.49215999999999993
1775736861.2167938,138.62710976600647,PLC -> IO,0.49888000000000005
1775736861.3440468,138.75436282157898,PLC -> IO,0.48432
1775736861.4712973,138.88161325454712,PLC -> IO,0.9877600000000001
1775736861.59954,139.00985598564148,PLC -> IO,0.51744
1775736861.7278097,139.13812565803528,PLC -> IO,0.48504
1775736861.8560483,139.2663643360138,PLC -> IO,0.52536
1775736861.9838188,139.39413475990295,PLC -> IO,0.98448
1775736862.1125786,139.52289462089539,PLC -> IO,0.49792000000000003
1775736862.2398043,139.6501202583313,PLC -> IO,0.52632
1775736862.3685784,139.77889442443848,PLC -> IO,0.5224799999999999
1775736862.4943287,139.9046447277069,PLC -> IO,1.4914399999999999
1775736862.6240916,140.03440761566162,PLC -> IO,0.49792000000000003
1775736862.7513466,140.16166257858276,PLC -> IO,0.9868800000000001
1775736862.880094,140.29041004180908,PLC -> IO,0.52056
1775736863.0078537,140.41816973686218,PLC -> IO,0.48256
1775736863.1366143,140.54693031311035,PLC -> IO,0.50016
1775736863.263856,140.67417192459106,PLC -> IO,0.99552
1775736863.3921058,140.8024218082428,PLC -> IO,1.52176
1775736863.5198593,140.93017530441284,PLC -> IO,1.53544
1775736863.6476088,141.05792474746704,PLC -> IO,1.00944
1775736863.7758703,141.18618631362915,PLC -> IO,0.5152
1775736863.9041317,141.31444764137268,PLC -> IO,0.49264
1775736864.0328927,141.443208694458,PLC -> IO,0.5092
1775736864.1596224,141.5699384212494,PLC -> IO,0.52504
1775736864.2883909,141.69870686531067,PLC -> IO,0.51952
1775736864.4141796,141.82449555397034,PLC -> IO,1.9672800000000001
1775736864.5439088,141.9542248249054,PLC -> IO,0.9944000000000001
1775736864.6701558,142.0804717540741,PLC -> IO,2.00208
1775736864.8004205,142.21073651313782,PLC -> IO,0.5099199999999999
1775736864.927671,142.33798694610596,PLC -> IO,2.17616
1775736865.0564303,142.46674633026123,PLC -> IO,0.50648
1775736865.1836739,142.59398984909058,PLC -> IO,0.51048
1775736865.3124318,142.72274780273438,PLC -> IO,1.5234400000000001
1775736865.4396837,142.849999666214,PLC -> IO,1.52704
1775736865.5679438,142.97825980186462,PLC -> IO,10.54416
1775736865.6956925,143.1060085296631,PLC -> IO,1.0084
1775736865.8239539,143.23426985740662,PLC -> IO,0.49863999999999997
1775736865.951707,143.3620228767395,PLC -> IO,1.51856
1775736866.0794604,143.48977637290955,PLC -> IO,1.00752
1775736866.208216,143.61853194236755,PLC -> IO,0.51856
1775736866.333961,143.74427700042725,PLC -> IO,2.0076
1775736866.4642286,143.87454462051392,PLC -> IO,0.48888000000000004
1775736866.5905082,144.00082421302795,PLC -> IO,1.47032
1775736866.7187564,144.12907242774963,PLC -> IO,1.47432
1775736866.8474925,144.25780844688416,PLC -> IO,0.9918399999999999
1775736866.9767458,144.38706183433533,PLC -> IO,0.01544
1775736867.1035004,144.51381635665894,PLC -> IO,0.4908
1775736867.2322493,144.64256525039673,PLC -> IO,1.524
1775736867.3595102,144.76982617378235,PLC -> IO,2.02768
1775736867.4877558,144.89807176589966,PLC -> IO,0.51032
1775736867.616017,145.0263330936432,PLC -> IO,0.5112800000000001
1775736867.7422974,145.15261340141296,PLC -> IO,1.46664
1775736867.8730462,145.28336215019226,PLC -> IO,1.9856800000000001
1775736867.999782,145.4100980758667,PLC -> IO,0.5004000000000001
1775736868.1275387,145.53785467147827,PLC -> IO,1.0116
1775736868.254314,145.66462993621826,PLC -> IO,1.47736
1775736868.384044,145.79435992240906,PLC -> IO,0.5162399999999999
1775736868.51029,145.92060589790344,PLC -> IO,2.0147199999999996
1775736868.640052,146.05036807060242,PLC -> IO,0.53432
1775736868.767806,146.17812204360962,PLC -> IO,1.54352
1775736868.8946016,146.30491757392883,PLC -> IO,1.9609599999999998
1775736869.023816,146.4341320991516,PLC -> IO,1.00768
1775736869.152076,146.56239199638367,PLC -> IO,2.01432
1775736869.2798247,146.69014072418213,PLC -> IO,1.51528
1775736869.4075637,146.81787967681885,PLC -> IO,1.03512
1775736869.5368629,146.9471788406372,PLC -> IO,0.99456
1775736869.6640906,147.07440662384033,PLC -> IO,0.50784
1775736869.792844,147.20316004753113,PLC -> IO,0.52912
1775736869.9212544,147.3315703868866,PLC -> IO,1.8732
1775736870.0483637,147.4586796760559,PLC -> IO,0.50576
1775736870.176119,147.58643507957458,PLC -> IO,0.00688
1775736870.3038602,147.71417617797852,PLC -> IO,0.51352
1775736870.430142,147.84045791625977,PLC -> IO,1.98704
1775736870.5603726,147.97068858146667,PLC -> IO,0.52568
1775736870.687624,148.09793996810913,PLC -> IO,3.5207200000000003
1775736870.8163817,148.22669768333435,PLC -> IO,0.52592
1775736870.9441357,148.35445165634155,PLC -> IO,0.51056
1775736871.0718937,148.4822096824646,PLC -> IO,2.0147199999999996
1775736871.1996548,148.60997080802917,PLC -> IO,1.50816
1775736871.327897,148.73821306228638,PLC -> IO,0.51696
1775736871.455659,148.8659749031067,PLC -> IO,0.98816
1775736871.5824454,148.9927613735199,PLC -> IO,1.45976
1775736871.712662,149.12297797203064,PLC -> IO,0.52784
1775736871.8394315,149.24974751472473,PLC -> IO,0.98704
1775736871.968187,149.37850308418274,PLC -> IO,0.5004000000000001
1775736872.0964282,149.50674414634705,PLC -> IO,2.01856
1775736872.2241817,149.6344976425171,PLC -> IO,0.51472
1775736872.350433,149.7607491016388,PLC -> IO,1.51576
1775736872.4801838,149.89049983024597,PLC -> IO,0.53864
1775736872.607444,150.01776003837585,PLC -> IO,1.0196
1775736872.7366972,150.14701318740845,PLC -> IO,0.034480000000000004
1775736872.8634725,150.27378845214844,PLC -> IO,0.47856
1775736872.9922273,150.4025433063507,PLC -> IO,1.4980799999999999
1775736873.1194813,150.52979731559753,PLC -> IO,2.0096
1775736873.2477064,150.65802240371704,PLC -> IO,0.53016
1775736873.3759892,150.7863051891327,PLC -> IO,0.49295999999999995
1775736873.5037222,150.91403818130493,PLC -> IO,2.04088
1775736873.6324897,151.0428056716919,PLC -> IO,0.5268
1775736873.7597466,151.17006254196167,PLC -> IO,0.48904000000000003
1775736873.887491,151.2978069782257,PLC -> IO,1.0304
1775736874.0157626,151.42607855796814,PLC -> IO,0.48112
1775736874.143995,151.5543110370636,PLC -> IO,0.52944
1775736874.270243,151.68055891990662,PLC -> IO,2.03288
1775736874.4000041,151.81032013893127,PLC -> IO,0.5524800000000001
1775736874.527759,151.9380750656128,PLC -> IO,0.5207999999999999
1775736874.6545727,152.06488871574402,PLC -> IO,1.944
1775736874.7837672,152.19408321380615,PLC -> IO,1.0268
1775736874.9192157,152.3295316696167,PLC -> IO,0.45832
1775736875.0398028,152.4501187801361,PLC -> IO,1.4952800000000002
1775736875.1675205,152.5778365135193,PLC -> IO,1.0496800000000002
1775736875.2958112,152.70612716674805,PLC -> IO,0.47847999999999996
1775736875.4240437,152.8343596458435,PLC -> IO,0.53624
1775736875.5529034,152.96321940422058,PLC -> IO,0.43328
1775736875.679572,153.0898880958557,PLC -> IO,2.9828799999999998
1775736875.8083348,153.2186508178711,PLC -> IO,0.48663999999999996
1775736875.9360826,153.34639859199524,PLC -> IO,0.49047999999999997
1775736876.063813,153.4741289615631,PLC -> IO,1.03112
1775736876.190094,153.60040998458862,PLC -> IO,2.00616
1775736876.319346,153.72966194152832,PLC -> IO,0.97984
1775736876.4475753,153.85789132118225,PLC -> IO,1.03216
1775736876.5763347,153.98665070533752,PLC -> IO,0.5456799999999999
1775736876.703117,154.1134328842163,PLC -> IO,0.97072
1775736876.831872,154.24218797683716,PLC -> IO,1.9886399999999997
1775736876.9596252,154.36994123458862,PLC -> IO,1.4899200000000001
1775736877.0878491,154.49816513061523,PLC -> IO,0.53608
1775736877.215635,154.62595105171204,PLC -> IO,0.96904
1775736877.3438573,154.7541732788086,PLC -> IO,0.5378400000000001
1775736877.4726143,154.88293027877808,PLC -> IO,0.55272
1775736877.599402,155.00971794128418,PLC -> IO,0.9677600000000001
1775736877.7281594,155.13847541809082,PLC -> IO,0.48032
1775736877.8559103,155.2662262916565,PLC -> IO,0.46984000000000004
1775736877.9841337,155.39444971084595,PLC -> IO,0.5339999999999999
1775736878.1104126,155.52072858810425,PLC -> IO,1.50752
1775736878.2401419,155.6504578590393,PLC -> IO,0.55208
1775736878.3678942,155.77821016311646,PLC -> IO,0.5394399999999999
1775736878.4966502,155.90696620941162,PLC -> IO,0.07823999999999999
1775736878.6239033,156.03421926498413,PLC -> IO,0.5425599999999999
1775736878.752192,156.16250801086426,PLC -> IO,1.4847199999999998
1775736878.879454,156.2897698879242,PLC -> IO,1.98936
1775736879.0076654,156.4179813861847,PLC -> IO,0.5424
1775736879.1359537,156.54626965522766,PLC -> IO,0.48024
1775736879.264178,156.67449402809143,PLC -> IO,0.53808
1775736879.392952,156.80326795578003,PLC -> IO,0.036879999999999996
1775736879.519717,156.93003296852112,PLC -> IO,0.47071999999999997
1775736879.6474464,157.05776238441467,PLC -> IO,1.04544
1775736879.7757273,157.1860432624817,PLC -> IO,0.46944
1775736879.9039474,157.31426334381104,PLC -> IO,0.5541600000000001
1775736880.030229,157.44054508209229,PLC -> IO,2.01888
1775736880.1599495,157.57026553153992,PLC -> IO,0.57848
1775736880.2877114,157.69802737236023,PLC -> IO,0.54664
1775736880.4164782,157.82679414749146,PLC -> IO,0.5488799999999999
1775736880.543259,157.95357489585876,PLC -> IO,0.4536
1775736880.6720183,158.08233428001404,PLC -> IO,1.47584
1775736880.7997732,158.21008920669556,PLC -> IO,1.4772800000000001
1775736880.9274747,158.33779072761536,PLC -> IO,1.05992
1775736881.0557837,158.4660997390747,PLC -> IO,0.458
1775736881.1839957,158.59431171417236,PLC -> IO,0.55208
1775736881.312748,158.72306394577026,PLC -> IO,0.56008
1775736881.4395468,158.84986281394958,PLC -> IO,0.4572
1775736881.5682995,158.97861552238464,PLC -> IO,0.4744
1775736881.696058,159.10637402534485,PLC -> IO,0.47096
1775736881.8237653,159.23408126831055,PLC -> IO,1.05024
1775736881.9500432,159.36035919189453,PLC -> IO,2.02048
1775736882.079325,159.48964095115662,PLC -> IO,0.95304
1775736882.2075274,159.6178433895111,PLC -> IO,2.08632
1775736882.3368516,159.74716758728027,PLC -> IO,1.93768
1775736882.4640398,159.87435579299927,PLC -> IO,0.5488799999999999
1775736882.5918431,160.00215911865234,PLC -> IO,1.9687200000000002
1775736882.7195966,160.1299126148224,PLC -> IO,1.47088
1775736882.8478012,160.2581171989441,PLC -> IO,0.5544
1775736882.9756074,160.38592338562012,PLC -> IO,0.94984
1775736883.1038089,160.5141248703003,PLC -> IO,0.5564
1775736883.2325664,160.64288234710693,PLC -> IO,0.5728000000000001
1775736883.359368,160.7696840763092,PLC -> IO,0.9538399999999999
1775736883.4881308,160.89844679832458,PLC -> IO,0.46104
1775736883.6158748,161.02619075775146,PLC -> IO,0.4576
1775736883.744085,161.15440106391907,PLC -> IO,0.55392
1775736883.8703656,161.28068161010742,PLC -> IO,1.52576
1775736884.000094,161.41040992736816,PLC -> IO,0.56344
1775736884.1278462,161.5381622314453,PLC -> IO,0.55944
1775736884.2566013,161.66691732406616,PLC -> IO,0.07279999999999999
1775736884.3834069,161.7937228679657,PLC -> IO,0.44855999999999996
1775736884.5121691,161.92248511314392,PLC -> IO,1.45968
1775736884.640924,162.0512399673462,PLC -> IO,0.4704
1775736884.7676175,162.17793345451355,PLC -> IO,0.55472
1775736884.8959308,162.30624675750732,PLC -> IO,0.45504
1775736885.0241308,162.43444681167603,PLC -> IO,0.55736
1775736885.1528835,162.56319952011108,PLC -> IO,0.07064
1775736885.2796962,162.690012216568,PLC -> IO,0.43704
1775736885.408463,162.81877899169922,PLC -> IO,1.4479199999999999
1775736885.537224,162.94754004478455,PLC -> IO,0.44464
1775736885.6634712,163.07378721237183,PLC -> IO,0.42832
1775736885.7901802,163.20049619674683,PLC -> IO,2.03232
1775736885.9199016,163.33021759986877,PLC -> IO,2.08912
1775736886.0476635,163.4579794406891,PLC -> IO,0.5642400000000001
1775736886.1764314,163.5867474079132,PLC -> IO,0.56136
1775736886.3032362,163.713552236557,PLC -> IO,0.42848
1775736886.4319909,163.8423068523407,PLC -> IO,0.44208000000000003
1775736886.5607464,163.9710624217987,PLC -> IO,0.456
1775736886.6874235,164.0977394580841,PLC -> IO,1.0902399999999999
1775736886.8157542,164.22607016563416,PLC -> IO,0.43879999999999997
1775736886.943947,164.35426306724548,PLC -> IO,0.57448
1775736887.0726995,164.48301553726196,PLC -> IO,0.58664
1775736887.19952,164.60983610153198,PLC -> IO,0.43592000000000003
1775736887.3282785,164.73859453201294,PLC -> IO,0.44832
1775736887.4560294,164.8663454055786,PLC -> IO,0.44704
1775736887.5837164,164.9940323829651,PLC -> IO,1.0694400000000002
1775736887.7104642,165.12078022956848,PLC -> IO,1.5784799999999999
1775736887.841232,165.2515480518341,PLC -> IO,0.5828800000000001
1775736887.9674795,165.37779545783997,PLC -> IO,0.57208
1775736888.0962312,165.5065472126007,PLC -> IO,0.5908000000000001
1775736888.2230537,165.63336968421936,PLC -> IO,0.93928
1775736888.3518143,165.76213026046753,PLC -> IO,1.9496
1775736888.4805708,165.89088678359985,PLC -> IO,0.44288
1775736888.6077526,166.0180685520172,PLC -> IO,0.5675199999999999
1775736888.7355778,166.14589381217957,PLC -> IO,0.9308
1775736888.8637626,166.2740786075592,PLC -> IO,0.57496
1775736888.9925184,166.4028344154358,PLC -> IO,0.58504
1775736889.1193445,166.52966046333313,PLC -> IO,0.93048
1775736889.248101,166.65841698646545,PLC -> IO,0.44192
1775736889.3758538,166.78616976737976,PLC -> IO,0.43023999999999996
1775736889.5040371,166.91435313224792,PLC -> IO,0.57216
1775736889.630317,167.04063296318054,PLC -> IO,1.53896
1775736889.760047,167.17036294937134,PLC -> IO,1.5913599999999999
1775736889.8877985,167.29811453819275,PLC -> IO,3.0810400000000002
1775736890.0165536,167.4268696308136,PLC -> IO,0.09176000000000001
1775736890.1443884,167.55470442771912,PLC -> IO,0.9252
1775736890.2721403,167.6824562549591,PLC -> IO,1.44152
1775736890.4008875,167.81120347976685,PLC -> IO,0.4592
1775736890.5275705,167.93788647651672,PLC -> IO,0.58016
1775736890.6559021,168.0662181377411,PLC -> IO,0.42816000000000004
1775736890.7840822,168.19439816474915,PLC -> IO,0.56952
1775736890.912838,168.32315397262573,PLC -> IO,0.0924
1775736891.0400853,168.45040130615234,PLC -> IO,0.5840799999999999
1775736891.1684344,168.57875037193298,PLC -> IO,1.4292
1775736891.2956762,168.70599222183228,PLC -> IO,0.92216
1775736891.4238458,168.83416175842285,PLC -> IO,0.6081599999999999
1775736891.5522974,168.9626133441925,PLC -> IO,0.34304
1775736891.6803694,169.09068536758423,PLC -> IO,1.5936
1775736891.8076146,169.21793055534363,PLC -> IO,0.58488
1775736891.9363835,169.34669947624207,PLC -> IO,0.5871999999999999
1775736892.0636163,169.47393226623535,PLC -> IO,1.0916000000000001
1775736892.1919622,169.60227823257446,PLC -> IO,0.42496
1775736892.3207176,169.7310335636139,PLC -> IO,0.43792000000000003
1775736892.448484,169.8587999343872,PLC -> IO,0.3988
1775736892.5757265,169.98604249954224,PLC -> IO,0.41968
1775736892.7038968,170.11421275138855,PLC -> IO,0.5972
1775736892.8326468,170.24296283721924,PLC -> IO,0.61144
1775736892.9594944,170.3698103427887,PLC -> IO,0.41376
1775736893.0886788,170.4989948272705,PLC -> IO,2.0732
1775736893.2159956,170.62631154060364,PLC -> IO,0.43528
1775736893.3436687,170.75398468971252,PLC -> IO,1.0893599999999999
1775736893.470449,170.88076496124268,PLC -> IO,1.5640800000000001
1775736893.6001813,171.01049733161926,PLC -> IO,1.6039999999999999
1775736893.7274327,171.13774871826172,PLC -> IO,0.59128
1775736893.8561852,171.2665011882782,PLC -> IO,0.60128
1775736893.9839451,171.39426112174988,PLC -> IO,0.58712
1775736894.1117847,171.52210068702698,PLC -> IO,1.93144
1775736894.2409647,171.6512806415558,PLC -> IO,2.07816
1775736894.3682976,171.7786135673523,PLC -> IO,0.41008
1775736894.495549,171.90586495399475,PLC -> IO,0.9117599999999999
1775736894.623708,172.03402400016785,PLC -> IO,0.5940799999999999
1775736894.7524695,172.16278553009033,PLC -> IO,0.612
1775736894.8793168,172.2896327972412,PLC -> IO,0.91056
1775736895.0080671,172.41838312149048,PLC -> IO,1.9336799999999998
1775736895.135825,172.54614090919495,PLC -> IO,0.4112
1775736895.2639892,172.67430520057678,PLC -> IO,0.59128
1775736895.390269,172.8005850315094,PLC -> IO,1.5589600000000001
1775736895.5199993,172.93031525611877,PLC -> IO,1.60944
1775736895.6483407,173.05865669250488,PLC -> IO,2.92008
1775736895.7765067,173.18682265281677,PLC -> IO,0.11087999999999999
1775736895.9037588,173.31407475471497,PLC -> IO,0.59992
1775736896.0321057,173.4424216747284,PLC -> IO,1.4282400000000002
1775736896.1608655,173.57118153572083,PLC -> IO,0.43352
1775736896.2875228,173.69783878326416,PLC -> IO,0.59976
1775736896.4158714,173.82618737220764,PLC -> IO,0.41800000000000004
1775736896.5440342,173.954350233078,PLC -> IO,0.5963999999999999
1775736896.6727886,174.08310461044312,PLC -> IO,0.11312
1775736896.7996376,174.20995354652405,PLC -> IO,0.40576
1775736896.9283988,174.33871483802795,PLC -> IO,1.4172799999999999
1775736897.0556476,174.46596360206604,PLC -> IO,0.9032
1775736897.1838074,174.59412336349487,PLC -> IO,0.60912
1775736897.3100848,174.7204008102417,PLC -> IO,2.07624
1775736897.440323,174.85063910484314,PLC -> IO,1.61104
1775736897.5691051,174.97942113876343,PLC -> IO,0.20824
1775736897.6963356,175.10665154457092,PLC -> IO,0.60544
1775736897.8240802,175.23439621925354,PLC -> IO,0.59968
1775736897.9519324,175.36224842071533,PLC -> IO,2.9043200000000002
1775736898.080683,175.49099898338318,PLC -> IO,0.42472
1775736898.2073338,175.61764979362488,PLC -> IO,1.1216
1775736898.335698,175.746013879776,PLC -> IO,0.4
1775736898.4638488,175.8741648197174,PLC -> IO,0.60952
1775736898.5925982,176.00291419029236,PLC -> IO,0.6313599999999999
1775736898.7198603,176.13017630577087,PLC -> IO,1.10376
1775736898.8482132,176.25852918624878,PLC -> IO,0.41775999999999996
1775736898.975973,176.38628888130188,PLC -> IO,3.91496
1775736899.103621,176.51393699645996,PLC -> IO,1.10744
1775736899.2298753,176.64019131660461,PLC -> IO,2.10472
1775736899.3601265,176.77044248580933,PLC -> IO,2.14368
1775736899.4888904,176.8992063999176,PLC -> IO,0.63824
1775736899.6161356,177.026451587677,PLC -> IO,0.6284799999999999
1775736899.7438965,177.154212474823,PLC -> IO,0.60712
1775736899.8717558,177.28207182884216,PLC -> IO,1.91328
1775736900.0005124,177.4108283519745,PLC -> IO,0.41152
1775736900.1282704,177.53858637809753,PLC -> IO,0.38944
1775736900.2555134,177.66582942008972,PLC -> IO,0.89952
1775736900.3836668,177.79398274421692,PLC -> IO,0.61328
1775736900.511058,177.9213740825653,PLC -> IO,1.36376
1775736900.63928,178.0495960712433,PLC -> IO,0.89832
1775736900.7680435,178.1783595085144,PLC -> IO,1.90944
1775736900.8957953,178.3061113357544,PLC -> IO,4.4
1775736901.0239425,178.43425846099854,PLC -> IO,0.61032
1775736901.1512232,178.56153917312622,PLC -> IO,0.5820000000000001
1775736901.2799513,178.69026732444763,PLC -> IO,0.62752
1775736901.408318,178.81863403320312,PLC -> IO,0.38583999999999996
1775736901.5411837,178.95149970054626,PLC -> IO,1.48072
1775736901.6637108,179.07402682304382,PLC -> IO,0.61856
1775736901.7920837,179.20239973068237,PLC -> IO,1.40144
1775736901.9208393,179.33115530014038,PLC -> IO,0.41264
1775736902.0480928,179.45840883255005,PLC -> IO,0.8868
1775736902.1758456,179.58616161346436,PLC -> IO,0.3968
1775736902.3039865,179.71430253982544,PLC -> IO,0.61456
1775736902.432741,179.84305691719055,PLC -> IO,0.13296
1775736902.559602,179.96991801261902,PLC -> IO,0.39352000000000004
1775736902.6883702,180.09868621826172,PLC -> IO,1.39808
1775736902.8156188,180.22593474388123,PLC -> IO,1.90248
1775736902.9437559,180.35407185554504,PLC -> IO,0.62648
1775736903.0700378,180.48035383224487,PLC -> IO,2.09432
1775736903.2002778,180.61059379577637,PLC -> IO,1.62624
1775736903.3281362,180.73845219612122,PLC -> IO,0.8893599999999999
1775736903.4562843,180.86660027503967,PLC -> IO,0.628
1775736903.5840316,180.99434757232666,PLC -> IO,0.61208
1775736903.7119045,181.12222051620483,PLC -> IO,0.39232
1775736903.840661,181.25097703933716,PLC -> IO,0.3988
1775736903.9684198,181.37873578071594,PLC -> IO,0.37520000000000003
1775736904.0956686,181.50598454475403,PLC -> IO,0.38104000000000005
1775736904.2238019,181.63411784172058,PLC -> IO,0.65312
1775736904.351676,181.76199197769165,PLC -> IO,0.88112
1775736904.4794436,181.88975954055786,PLC -> IO,0.36976000000000003
1775736904.6081913,182.01850724220276,PLC -> IO,1.3930399999999998
1775736904.735441,182.14575695991516,PLC -> IO,0.89424
1775736904.863574,182.27389001846313,PLC -> IO,0.62816
1775736904.9919536,182.4022696018219,PLC -> IO,0.37648
1775736905.1200864,182.5304024219513,PLC -> IO,1.63448
1775736905.2479653,182.65828132629395,PLC -> IO,0.87624
1775736905.3760955,182.78641152381897,PLC -> IO,0.64112
1775736905.5038486,182.91416454315186,PLC -> IO,0.6184
1775736905.6317272,183.04204320907593,PLC -> IO,1.8932
1775736905.7604773,183.17079329490662,PLC -> IO,0.89808
1775736905.8882406,183.2985565662384,PLC -> IO,0.36536
1775736906.0154915,183.4258074760437,PLC -> IO,0.87368
1775736906.143618,183.55393409729004,PLC -> IO,0.62648
1775736906.272375,183.68269109725952,PLC -> IO,0.64824
1775736906.3992584,183.80957436561584,PLC -> IO,0.87232
1775736906.5280156,183.9383316040039,PLC -> IO,1.8904
1775736906.6557667,184.06608271598816,PLC -> IO,0.37295999999999996
1775736906.7838936,184.19420957565308,PLC -> IO,0.62952
1775736906.9117775,184.3220934867859,PLC -> IO,0.87064
1775736907.0399036,184.45021963119507,PLC -> IO,1.64856
1775736907.168657,184.57897305488586,PLC -> IO,2.13528
1775736907.2955418,184.70585775375366,PLC -> IO,0.86832
1775736907.423664,184.83398008346558,PLC -> IO,0.63552
1775736907.5534375,184.96375346183777,PLC -> IO,28.19032
1775736907.6808076,185.09112358093262,PLC -> IO,0.38952000000000003
1775736907.8080583,185.21837425231934,PLC -> IO,0.8735200000000001
1775736907.9358168,185.34613275527954,PLC -> IO,0.37023999999999996
1775736908.0639389,185.47425484657288,PLC -> IO,0.6335200000000001
1775736908.192692,185.6030080318451,PLC -> IO,0.14615999999999998
1775736908.3199487,185.7302646636963,PLC -> IO,0.6335200000000001
1775736908.4483404,185.8586564064026,PLC -> IO,1.37912
1775736908.5755837,185.98589968681335,PLC -> IO,0.8724
1775736908.703356,186.11367201805115,PLC -> IO,0.35208
1775736908.8321044,186.24242043495178,PLC -> IO,0.36088
1775736908.9603791,186.37069511413574,PLC -> IO,2.34408
1775736909.0881143,186.4984302520752,PLC -> IO,0.86336
1775736909.2153757,186.62569165229797,PLC -> IO,0.86344
1775736909.343984,186.7542998790741,PLC -> IO,0.63872
1775736909.471875,186.88219094276428,PLC -> IO,1.88144
1775736909.599629,187.00994491577148,PLC -> IO,0.36376
1775736909.7283988,187.13871479034424,PLC -> IO,0.34832
1775736909.8556392,187.26595520973206,PLC -> IO,0.36247999999999997
1775736909.9837532,187.3940691947937,PLC -> IO,0.64752
1775736910.1125102,187.52282619476318,PLC -> IO,0.66208
1775736910.2394166,187.64973258972168,PLC -> IO,0.33968
1775736910.3681557,187.77847170829773,PLC -> IO,0.36352
1775736910.4954169,187.90573287010193,PLC -> IO,0.87112
1775736910.6235192,188.0338351726532,PLC -> IO,0.65312
1775736910.7519217,188.16223764419556,PLC -> IO,0.35960000000000003
1775736910.8800387,188.29035472869873,PLC -> IO,1.6604
1775736911.0079367,188.4182527065277,PLC -> IO,0.84984
1775736911.1360478,188.5463638305664,PLC -> IO,0.6602399999999999
1775736911.2638006,188.6741166114807,PLC -> IO,0.64376
1775736911.3916993,188.80201530456543,PLC -> IO,1.86648
1775736911.520455,188.93077087402344,PLC -> IO,0.8728
1775736911.6482117,189.0585277080536,PLC -> IO,0.34456
1775736911.7754636,189.1857795715332,PLC -> IO,0.8546400000000001
1775736911.9035704,189.31388640403748,PLC -> IO,0.65144
1775736912.032322,189.44263792037964,PLC -> IO,0.67352
1775736912.1592295,189.56954550743103,PLC -> IO,0.85328
1775736912.287987,189.69830298423767,PLC -> IO,1.8712799999999998
1775736912.4157379,189.82605385780334,PLC -> IO,0.34712000000000004
1775736912.543846,189.9541618824005,PLC -> IO,0.6493599999999999
1775736912.6717477,190.08206367492676,PLC -> IO,0.85248
1775736912.799848,190.2101640701294,PLC -> IO,0.61232
1775736912.928262,190.33857798576355,PLC -> IO,0.34712000000000004
1775736913.0563624,190.4666783809662,PLC -> IO,0.16815999999999998
1775736913.1836092,190.59392523765564,PLC -> IO,0.6556799999999999
1775736913.3120255,190.7223415374756,PLC -> IO,1.36432
1775736913.4411564,190.8514723777771,PLC -> IO,0.6284799999999999
1775736913.5686412,190.9789571762085,PLC -> IO,0.2436
1775736913.6957905,191.1061065196991,PLC -> IO,0.34768
1775736913.823885,191.23420095443726,PLC -> IO,0.65272
1775736913.952644,191.36296010017395,PLC -> IO,0.17071999999999998
1775736914.0795524,191.48986840248108,PLC -> IO,0.34864
1775736914.2083118,191.61862778663635,PLC -> IO,1.35464
1775736914.3364084,191.74672436714172,PLC -> IO,0.6594399999999999
1775736914.4636605,191.87397646903992,PLC -> IO,0.6688
1775736914.5920756,192.00239157676697,PLC -> IO,0.33399999999999996
1775736914.7183616,192.12867760658264,PLC -> IO,1.8203200000000002
1775736914.8480844,192.25840044021606,PLC -> IO,0.84528
1775736914.9761899,192.38650584220886,PLC -> IO,0.64184
1775736915.103936,192.51425194740295,PLC -> IO,0.65776
1775736915.2318473,192.64216327667236,PLC -> IO,1.8639999999999999
1775736915.3606026,192.7709186077118,PLC -> IO,0.36064
1775736915.4883697,192.89868569374084,PLC -> IO,0.33208
1775736915.6164525,193.02676844596863,PLC -> IO,1.6752
1775736915.7437055,193.15402150154114,PLC -> IO,0.6744
1775736915.8724623,193.28277826309204,PLC -> IO,0.68008
1775736915.9993868,193.40970277786255,PLC -> IO,0.8142400000000001
1775736916.1281347,193.53845071792603,PLC -> IO,0.33656
1775736916.2562432,193.66655921936035,PLC -> IO,0.6444000000000001
1775736916.3834784,193.79379439353943,PLC -> IO,0.66632
1775736916.5118957,193.9222116470337,PLC -> IO,0.33776
1775736916.6399908,194.0503067970276,PLC -> IO,0.18000000000000002
1775736916.7687469,194.17906284332275,PLC -> IO,1.69776
1775736916.8959992,194.30631518363953,PLC -> IO,0.68016
1775736917.023754,194.43406987190247,PLC -> IO,0.64136
1775736917.1516697,194.56198573112488,PLC -> IO,0.63504
1775736917.2812793,194.69159531593323,PLC -> IO,1.65536
1775736917.4081762,194.81849217414856,PLC -> IO,0.33912
1775736917.539576,194.94989204406738,PLC -> IO,1.8364
1775736917.6635225,195.07383847236633,PLC -> IO,3.16616
1775736917.7922783,195.20259428024292,PLC -> IO,0.6884
1775736917.9192007,195.32951664924622,PLC -> IO,0.83528
1775736918.0479572,195.45827317237854,PLC -> IO,1.85224
1775736918.17571,195.58602595329285,PLC -> IO,0.33488
1775736918.303798,195.71411395072937,PLC -> IO,0.66744
1775736918.4317198,195.84203577041626,PLC -> IO,0.83264
1775736918.5598004,195.97011637687683,PLC -> IO,1.69344
1775736918.6882334,196.09854936599731,PLC -> IO,0.328
1775736918.8163145,196.22663044929504,PLC -> IO,0.70072
1775736918.9435675,196.35388350486755,PLC -> IO,0.6756800000000001
1775736919.0719967,196.48231267929077,PLC -> IO,1.34616
1775736919.2011075,196.61142349243164,PLC -> IO,2.1521600000000003
1775736919.3280075,196.7383234500885,PLC -> IO,0.8228000000000001
1775736919.4560905,196.86640644073486,PLC -> IO,1.68832
1775736919.5838363,196.99415230751038,PLC -> IO,1.6970399999999999
1775736919.7125974,197.1229133605957,PLC -> IO,0.1832
1775736919.839853,197.25016903877258,PLC -> IO,2.178
1775736919.968283,197.37859892845154,PLC -> IO,1.34168
1775736920.0963593,197.50667524337769,PLC -> IO,0.67952
1775736920.2236135,197.6339294910431,PLC -> IO,0.69808
1775736920.352046,197.76236200332642,PLC -> IO,0.32264000000000004
1775736920.4801352,197.89045119285583,PLC -> IO,1.6840799999999998
1775736920.6080556,198.01837158203125,PLC -> IO,0.82536
1775736920.7361465,198.14646244049072,PLC -> IO,0.6796000000000001
1775736920.8645582,198.27487421035767,PLC -> IO,0.33288
1775736920.9918184,198.40213441848755,PLC -> IO,1.8423999999999998
1775736921.1205738,198.53088974952698,PLC -> IO,0.34264
1775736921.2483332,198.6586492061615,PLC -> IO,2.8276
1775736921.3764055,198.7867214679718,PLC -> IO,1.70112
1775736921.5036576,198.91397356987,PLC -> IO,0.69264
1775736921.6324136,199.04272961616516,PLC -> IO,0.7
1775736921.759359,199.16967487335205,PLC -> IO,0.7988
1775736921.888099,199.29841494560242,PLC -> IO,1.84648
1775736922.0161984,199.42651438713074,PLC -> IO,0.66048
1775736922.1434295,199.55374550819397,PLC -> IO,0.68632
1775736922.2718668,199.68218278884888,PLC -> IO,4.327680000000001
1775736922.3991227,199.80943870544434,PLC -> IO,0.81944
1775736922.5278802,199.93819618225098,PLC -> IO,0.81912
1775736922.655951,200.0662670135498,PLC -> IO,0.6983999999999999
1775736922.784389,200.19470500946045,PLC -> IO,0.31816
1775736922.9116418,200.32195782661438,PLC -> IO,1.83608
1775736923.0397153,200.45003128051758,PLC -> IO,0.68304
1775736923.1681545,200.57847046852112,PLC -> IO,0.31423999999999996
1775736923.2962215,200.70653748512268,PLC -> IO,1.70848
1775736923.4241643,200.83448028564453,PLC -> IO,0.8168799999999999
1775736923.5516407,200.96195673942566,PLC -> IO,1.2007999999999999
1775736923.679173,201.0894889831543,PLC -> IO,0.8151999999999999
1775736923.8079286,201.2182445526123,PLC -> IO,1.8332000000000002
1775736923.935997,201.34631299972534,PLC -> IO,0.67936
1775736924.0637503,201.4740662574768,PLC -> IO,0.6866399999999999
1775736924.1916912,201.60200715065002,PLC -> IO,0.8125600000000001
1775736924.3194377,201.72975373268127,PLC -> IO,0.32239999999999996
1775736924.4482036,201.85851955413818,PLC -> IO,0.30904
1775736924.5744798,201.98479580879211,PLC -> IO,1.7878399999999999
1775736924.7042084,202.11452436447144,PLC -> IO,0.8183199999999999
1775736924.831969,202.24228501319885,PLC -> IO,1.3260800000000001
1775736924.9607217,202.3710377216339,PLC -> IO,0.33016
1775736925.087972,202.49828791618347,PLC -> IO,0.8096
1775736925.2160428,202.6263587474823,PLC -> IO,4.2164
1775736925.3437953,202.75411128997803,PLC -> IO,0.69184
1775736925.4725428,202.88285875320435,PLC -> IO,0.20824
1775736925.5998044,203.0101203918457,PLC -> IO,0.69168
1775736925.7282486,203.1385645866394,PLC -> IO,1.32152
1775736925.8563118,203.2666277885437,PLC -> IO,0.69752
1775736925.9835646,203.39388060569763,PLC -> IO,0.6996800000000001
1775736926.1120114,203.5223274230957,PLC -> IO,0.30504000000000003
1775736926.2400873,203.6504032611847,PLC -> IO,1.7032
1775736926.368027,203.77834296226501,PLC -> IO,0.8072
1775736926.4960887,203.90640473365784,PLC -> IO,0.7096
1775736926.6245365,204.03485250473022,PLC -> IO,0.30672
1775736926.7517889,204.162104845047,PLC -> IO,1.82336
1775736926.880546,204.29086208343506,PLC -> IO,0.31567999999999996
1775736927.0077987,204.4181146621704,PLC -> IO,0.804
1775736927.1363575,204.54667353630066,PLC -> IO,1.7204
1775736927.2643216,204.67463755607605,PLC -> IO,0.79288
1775736927.3923657,204.80268168449402,PLC -> IO,0.21647999999999998
1775736927.520113,204.930428981781,PLC -> IO,0.21152
1775736927.6480763,205.05839228630066,PLC -> IO,1.8204
1775736927.7761545,205.18647050857544,PLC -> IO,0.67
1775736927.9048805,205.31519651412964,PLC -> IO,3.21384
1775736928.0318391,205.44215512275696,PLC -> IO,0.8032
1775736928.1598945,205.57021045684814,PLC -> IO,1.7116
1775736928.287849,205.69816493988037,PLC -> IO,0.80232
1775736928.4159033,205.82621932029724,PLC -> IO,1.2310400000000001
1775736928.5443313,205.95464730262756,PLC -> IO,0.32808000000000004
1775736928.671615,206.0819308757782,PLC -> IO,1.8085600000000002
1775736928.7996664,206.20998239517212,PLC -> IO,0.7024
1775736928.9281266,206.33844256401062,PLC -> IO,0.29408
1775736929.0561738,206.46648979187012,PLC -> IO,1.72672
1775736929.1841364,206.59445238113403,PLC -> IO,0.79696
1775736929.312183,206.7224988937378,PLC -> IO,0.7255999999999999
1775736929.4399376,206.85025358200073,PLC -> IO,0.7071999999999999
1775736929.5679,206.97821593284607,PLC -> IO,1.81488
1775736929.6959465,207.10626244544983,PLC -> IO,0.70848
1775736929.824409,207.23472499847412,PLC -> IO,0.29624
1775736929.952456,207.36277198791504,PLC -> IO,0.20087999999999998
1775736930.0797071,207.49002313613892,PLC -> IO,1.73032
1775736930.2081745,207.6184904575348,PLC -> IO,0.2904
1775736930.3362198,207.74653577804565,PLC -> IO,0.22544
1775736930.4641848,207.87450075149536,PLC -> IO,1.81248
1775736930.5919404,208.00225639343262,PLC -> IO,1.306
1775736930.7206957,208.13101172447205,PLC -> IO,0.30864
1775736930.847949,208.25826501846313,PLC -> IO,0.78552
1775736930.9759958,208.38631176948547,PLC -> IO,1.7280799999999998
1775736931.1047494,208.51506543159485,PLC -> IO,0.72768
1775736931.232495,208.64281105995178,PLC -> IO,0.23512000000000002
1775736931.3592882,208.7696042060852,PLC -> IO,0.46824
1775736931.4882267,208.89854264259338,PLC -> IO,1.3024799999999999
1775736931.616264,209.02658009529114,PLC -> IO,0.71672
1775736931.7442365,209.1545524597168,PLC -> IO,0.79496
1775736931.8719885,209.28230452537537,PLC -> IO,0.27848
1775736932.0000384,209.41035437583923,PLC -> IO,0.32288
1775736932.1279993,209.5383152961731,PLC -> IO,0.7871199999999999
1775736932.2560427,209.66635870933533,PLC -> IO,0.7096
1775736932.3845026,209.79481863975525,PLC -> IO,1.31128
1775736932.5117602,209.92207622528076,PLC -> IO,1.8042399999999998
1775736932.6397958,210.05011177062988,PLC -> IO,0.72176
1775736932.767768,210.17808389663696,PLC -> IO,0.7903199999999999
1775736932.896309,210.30662488937378,PLC -> IO,0.22048
1775736933.0250635,210.43537950515747,PLC -> IO,1.72328
1775736933.1515343,210.56185030937195,PLC -> IO,0.78368
1775736933.2800653,210.69038128852844,PLC -> IO,0.23816
1775736933.4080477,210.81836366653442,PLC -> IO,1.2908
1775736933.5394206,210.9497365951538,PLC -> IO,1.79648
1775736933.6640575,211.07437348365784,PLC -> IO,0.77512
1775736933.7918098,211.20212578773499,PLC -> IO,0.78368
1775736933.9198475,211.33016347885132,PLC -> IO,1.73664
1775736934.0478194,211.45813536643982,PLC -> IO,0.77656
1775736934.1758564,211.58617234230042,PLC -> IO,0.73656
1775736934.3043067,211.71462273597717,PLC -> IO,0.30488
1775736934.4315794,211.84189534187317,PLC -> IO,1.7979999999999998
1775736934.5596187,211.96993470191956,PLC -> IO,0.72136
1775736934.688098,212.09841394424438,PLC -> IO,0.27504
1775736934.8161192,212.22643518447876,PLC -> IO,1.74576
1775736934.9448845,212.3552005290985,PLC -> IO,0.39671999999999996
1775736935.072136,212.48245191574097,PLC -> IO,0.74368
1775736935.1998916,212.61020755767822,PLC -> IO,0.72344
1775736935.327872,212.73818802833557,PLC -> IO,1.7949599999999999
1775736935.4559007,212.8662166595459,PLC -> IO,0.7244
1775736935.5846567,212.99497270584106,PLC -> IO,2.2302400000000002
1775736935.7116337,213.12194967269897,PLC -> IO,0.7752
1775736935.8396645,213.2499804496765,PLC -> IO,1.74416
1775736935.967415,213.3777310848236,PLC -> IO,0.7312799999999999
1775736936.0961711,213.50648713111877,PLC -> IO,0.27136
1775736936.224151,213.63446688652039,PLC -> IO,1.7995999999999999
1775736936.3519106,213.7622265815735,PLC -> IO,1.28792
1775736936.4806654,213.89098143577576,PLC -> IO,0.29208
1775736936.6079135,214.0182294845581,PLC -> IO,0.7792
1775736936.7359471,214.1462631225586,PLC -> IO,1.7456
1775736936.8637006,214.27401661872864,PLC -> IO,1.74744
1775736936.9924471,214.40276312828064,PLC -> IO,0.25423999999999997
1775736937.1197097,214.5300257205963,PLC -> IO,0.7288
1775736937.248197,214.65851306915283,PLC -> IO,1.28352
1775736937.3754475,214.78576350212097,PLC -> IO,0.7628
1775736937.504207,214.91452288627625,PLC -> IO,0.77664
1775736937.63196,215.04227590560913,PLC -> IO,0.2652
1775736937.7599916,215.170307636261,PLC -> IO,0.23343999999999998
1775736937.8887386,215.29905462265015,PLC -> IO,0.26688
1775736938.0159988,215.42631483078003,PLC -> IO,0.74112
1775736938.1439805,215.55429649353027,PLC -> IO,1.78456
1775736938.271726,215.68204188346863,PLC -> IO,1.79184
1775736938.400488,215.81080389022827,PLC -> IO,0.27928000000000003
1775736938.5277424,215.93805837631226,PLC -> IO,0.76576
1775736938.6562612,216.06657719612122,PLC -> IO,0.22984000000000002
1775736938.7842638,216.19457983970642,PLC -> IO,0.754
1775736938.9122713,216.3225872516632,PLC -> IO,0.7572800000000001
1775736939.039524,216.44984006881714,PLC -> IO,0.74392
1775736939.1680186,216.57833456993103,PLC -> IO,1.77672
1775736939.2960668,216.70638275146484,PLC -> IO,0.70704
1775736939.4240289,216.8343448638916,PLC -> IO,0.7639199999999999
1775736939.5518885,216.96220445632935,PLC -> IO,0.69024
1775736939.6795292,217.08984518051147,PLC -> IO,0.27064
1775736939.8077905,217.218106508255,PLC -> IO,0.75736
1775736939.9363062,217.34662222862244,PLC -> IO,0.24056
1775736940.0642753,217.474591255188,PLC -> IO,0.28936
1775736940.1915557,217.6018717288971,PLC -> IO,1.7788000000000002
1775736940.3203113,217.7306272983551,PLC -> IO,0.7771199999999999
1775736940.4480624,217.85837841033936,PLC -> IO,0.262
1775736940.5760791,217.98639512062073,PLC -> IO,1.76472
1775736940.7031033,218.1134192943573,PLC -> IO,0.23
1775736940.8320882,218.2424042224884,PLC -> IO,0.76368
1775736940.9598439,218.37015986442566,PLC -> IO,0.74256
1775736941.0878432,218.49815917015076,PLC -> IO,1.7759200000000002
1775736941.215853,218.62616896629333,PLC -> IO,0.7434400000000001
1775736941.3443518,218.75466775894165,PLC -> IO,0.2504
1775736941.471604,218.88192009925842,PLC -> IO,0.7572
1775736941.5996153,219.00993132591248,PLC -> IO,1.76368
1775736941.7281184,219.13843441009521,PLC -> IO,0.25183999999999995
1775736941.8561232,219.26643919944763,PLC -> IO,0.26352
1775736941.9841282,219.39444422721863,PLC -> IO,1.7744
1775736942.1118767,219.5221927165985,PLC -> IO,1.77752
1775736942.2406366,219.65095257759094,PLC -> IO,0.27312000000000003
1775736942.3686457,219.77896165847778,PLC -> IO,0.7464000000000001
1775736942.4958994,219.90621542930603,PLC -> IO,1.75872
1775736942.624401,220.0347170829773,PLC -> IO,0.25376
1775736942.7523985,220.16271448135376,PLC -> IO,0.27584000000000003
1775736942.8796618,220.28997778892517,PLC -> IO,0.742
1775736943.0081685,220.4184844493866,PLC -> IO,1.2643199999999999
1775736943.1361625,220.54647850990295,PLC -> IO,0.76176
1775736943.2641783,220.67449426651,PLC -> IO,0.75832
1775736943.3912036,220.80151963233948,PLC -> IO,0.72832
1775736943.519937,220.93025302886963,PLC -> IO,1.7664
1775736943.647941,221.0582571029663,PLC -> IO,0.74896
1775736943.7759461,221.1862621307373,PLC -> IO,0.2944
1775736943.903951,221.31426692008972,PLC -> IO,1.7664
1775736944.0317037,221.44201970100403,PLC -> IO,1.76616
1775736944.160459,221.57077503204346,PLC -> IO,0.25848
1775736944.2877135,221.69802951812744,PLC -> IO,0.74616
1775736944.4162133,221.82652926445007,PLC -> IO,0.25576
1775736944.5432599,221.95357584953308,PLC -> IO,1.71496
1775736944.6714768,222.0817928314209,PLC -> IO,0.74648
1775736944.799978,222.210294008255,PLC -> IO,0.26728
1775736944.9286427,222.33895874023438,PLC -> IO,1.11056
1775736945.056025,222.46634101867676,PLC -> IO,0.7192000000000001
1775736945.184001,222.5943169593811,PLC -> IO,0.74384
1775736945.311752,222.72206807136536,PLC -> IO,0.7459199999999999
1775736945.4397519,222.8500678539276,PLC -> IO,1.77584
1775736945.5693998,222.9797158241272,PLC -> IO,4.11712
1775736945.6962585,223.10657453536987,PLC -> IO,0.2608
1775736945.824276,223.23459196090698,PLC -> IO,1.75768
1775736945.9515262,223.36184215545654,PLC -> IO,1.75968
1775736946.079524,223.48984003067017,PLC -> IO,0.762
1775736946.2080395,223.61835551261902,PLC -> IO,0.23696
1775736946.3360314,223.74634742736816,PLC -> IO,0.44880000000000003
1775736946.4640493,223.87436532974243,PLC -> IO,0.73968
1775736946.5920405,224.00235652923584,PLC -> IO,0.7828
1775736946.719797,224.13011288642883,PLC -> IO,4.26344
1775736946.8478148,224.2581307888031,PLC -> IO,1.75576
1775736946.975806,224.3861219882965,PLC -> IO,0.7624799999999999
1775736947.1043153,224.5146312713623,PLC -> IO,0.24592
1775736947.232316,224.64263200759888,PLC -> IO,0.76592
1775736947.3593562,224.76967215538025,PLC -> IO,0.21184
1775736947.4883156,224.8986315727234,PLC -> IO,2.27664
1775736947.6160755,225.02639150619507,PLC -> IO,0.28264
1775736947.7440996,225.1544156074524,PLC -> IO,1.7543199999999999
1775736947.8728552,225.2831711769104,PLC -> IO,0.75232
1775736948.000607,225.4109230041504,PLC -> IO,0.25392
1775736948.127864,225.53817987442017,PLC -> IO,0.7340800000000001
1775736948.2558515,225.6661674976349,PLC -> IO,1.78368
1775736948.3843722,225.79468822479248,PLC -> IO,0.23472
1775736948.5123525,225.92266845703125,PLC -> IO,0.27432
1775736948.639614,226.0499300956726,PLC -> IO,0.768
1775736948.7681327,226.178448677063,PLC -> IO,1.25312
1775736948.8961136,226.3064296245575,PLC -> IO,0.7816799999999999
1775736949.0241673,226.43448328971863,PLC -> IO,0.72192
1775736949.1521297,226.56244564056396,PLC -> IO,0.76808
1775736949.279889,226.6902050971985,PLC -> IO,0.27096
1775736949.4079123,226.8182282447815,PLC -> IO,0.72984
1775736949.5399058,226.95022177696228,PLC -> IO,5.8047200000000005
1775736949.6639223,227.0742383003235,PLC -> IO,1.74728
1775736949.79267,227.20298600196838,PLC -> IO,0.75192
1775736949.9204304,227.33074641227722,PLC -> IO,0.4004
1775736950.047685,227.4580008983612,PLC -> IO,3.24368
1775736950.1761668,227.5864827632904,PLC -> IO,0.29928000000000005
1775736950.3042061,227.7145221233368,PLC -> IO,0.72752
1775736950.4321756,227.8424916267395,PLC -> IO,1.79752
1775736950.5599306,227.97024655342102,PLC -> IO,0.2792
1775736950.6879625,228.09827852249146,PLC -> IO,1.7415200000000002
1775736950.8159797,228.22629570960999,PLC -> IO,0.73568
1775736950.9439695,228.35428547859192,PLC -> IO,0.7268
1775736951.072451,228.48276710510254,PLC -> IO,0.2752
1775736951.1997032,228.61001920700073,PLC -> IO,2.7976799999999997
1775736951.327734,228.73804998397827,PLC -> IO,0.7260800000000001
1775736951.4562106,228.86652660369873,PLC -> IO,0.29528
1775736951.5842319,228.9945478439331,PLC -> IO,1.7632800000000002
1775736951.7130039,229.12331986427307,PLC -> IO,0.2352
1775736951.8402562,229.25057220458984,PLC -> IO,0.7369600000000001
1775736951.968011,229.37832689285278,PLC -> IO,0.7224
1775736952.0959828,229.50629878044128,PLC -> IO,1.8038399999999999
1775736952.2237403,229.63405632972717,PLC -> IO,1.29984
1775736952.3524954,229.76281142234802,PLC -> IO,1.30016
1775736952.4797492,229.89006519317627,PLC -> IO,0.78064
1775736952.607778,230.01809406280518,PLC -> IO,1.74448
1775736952.7357574,230.14607334136963,PLC -> IO,0.7816000000000001
1775736952.8642943,230.2746102809906,PLC -> IO,0.22
1775736952.9922657,230.40258169174194,PLC -> IO,0.78064
1775736953.1195214,230.52983736991882,PLC -> IO,1.80008
1775736953.248061,230.65837693214417,PLC -> IO,0.21272000000000002
1775736953.3743298,230.78464579582214,PLC -> IO,1.6988
1775736953.50407,230.91438603401184,PLC -> IO,1.7363199999999999
1775736953.632037,231.04235291481018,PLC -> IO,0.78752
1775736953.760579,231.1708950996399,PLC -> IO,0.23495999999999997
1775736953.8878353,231.29815125465393,PLC -> IO,0.71512
1775736954.0158038,231.42611980438232,PLC -> IO,1.80264
1775736954.1443436,231.55465960502625,PLC -> IO,0.2148
1775736954.2723107,231.68262672424316,PLC -> IO,1.82888
1775736954.3995655,231.80988144874573,PLC -> IO,0.78696
1775736954.5293381,231.93965411186218,PLC -> IO,1.2745600000000001
1775736954.6560729,232.06638884544373,PLC -> IO,0.79312
1775736954.7841208,232.19443678855896,PLC -> IO,0.7196
1775736954.9185305,232.32884645462036,PLC -> IO,0.71016
1775736955.0391634,232.44947934150696,PLC -> IO,0.68488
1775736955.1678836,232.57819962501526,PLC -> IO,0.71184
1775736955.295147,232.70546293258667,PLC -> IO,0.70952
1775736955.4238935,232.83420944213867,PLC -> IO,1.72928
1775736955.5533733,232.96368932724,PLC -> IO,12.3264
1775736955.6804025,233.09071850776672,PLC -> IO,0.22712000000000002
1775736955.8076577,233.21797370910645,PLC -> IO,0.70624
1775736955.936118,233.34643387794495,PLC -> IO,1.31208
1775736956.0641785,233.47449445724487,PLC -> IO,0.7083200000000001
1775736956.1921277,233.60244369506836,PLC -> IO,1.81656
1775736956.3198893,233.7302052974701,PLC -> IO,2.7915200000000002
1775736956.447927,233.85824298858643,PLC -> IO,1.73088
1775736956.575939,233.98625493049622,PLC -> IO,3.2732799999999997
1775736956.7036736,234.1139895915985,PLC -> IO,3.3104
1775736956.8324008,234.2427167892456,PLC -> IO,0.29
1775736956.9596555,234.36997151374817,PLC -> IO,1.81392
1775736957.0877054,234.49802136421204,PLC -> IO,0.70704
1775736957.215485,234.62580108642578,PLC -> IO,0.67768
1775736957.3442075,234.7545235157013,PLC -> IO,1.72984
1775736957.4729743,234.88329029083252,PLC -> IO,0.21703999999999998
1775736957.6002023,235.01051831245422,PLC -> IO,0.742
1775736957.727983,235.13829898834229,PLC -> IO,0.7024
1775736957.8559349,235.26625084877014,PLC -> IO,1.822
1775736957.9846945,235.395010471344,PLC -> IO,0.31688
1775736958.1124475,235.52276349067688,PLC -> IO,1.3188
1775736958.2397015,235.6500174999237,PLC -> IO,0.79976
1775736958.3677564,235.77807235717773,PLC -> IO,1.7196
1775736958.4957097,235.90602564811707,PLC -> IO,0.8016
1775736958.6242654,236.0345814228058,PLC -> IO,0.20096
1775736958.752217,236.16253304481506,PLC -> IO,0.80656
1775736958.8809738,236.29128980636597,PLC -> IO,0.31304
1775736959.008226,236.41854190826416,PLC -> IO,0.8073600000000001
1775736959.1353095,236.54562544822693,PLC -> IO,0.67136
1775736959.2640345,236.6743505001068,PLC -> IO,1.724
1775736959.391983,236.80229902267456,PLC -> IO,0.81552
1775736959.5205495,236.93086552619934,PLC -> IO,0.20032
1775736959.6478055,237.0581214427948,PLC -> IO,0.6960799999999999
1775736959.775757,237.18607306480408,PLC -> IO,5.3484
1775736959.9043083,237.3146243095398,PLC -> IO,0.20232
1775736960.032263,237.4425790309906,PLC -> IO,1.8306399999999998
1775736960.1595109,237.56982684135437,PLC -> IO,0.8128799999999999
1775736960.2880762,237.69839215278625,PLC -> IO,1.7272800000000001
1775736960.4160252,237.82634115219116,PLC -> IO,0.812
1775736960.544093,237.95440888404846,PLC -> IO,0.6977599999999999
1775736960.672035,238.08235096931458,PLC -> IO,0.8051999999999999
1775736960.7991333,238.20944929122925,PLC -> IO,0.66712
1775736960.9278548,238.33817076683044,PLC -> IO,0.69184
1775736961.055634,238.46595001220703,PLC -> IO,0.17552
1775736961.1838655,238.59418153762817,PLC -> IO,1.7092800000000001
1775736961.3133256,238.72364163398743,PLC -> IO,1.81016
1775736961.4405818,238.85089778900146,PLC -> IO,2.30744
1775736961.568317,238.97863292694092,PLC -> IO,11.86088
1775736961.6960702,239.10638618469238,PLC -> IO,0.3256
1775736961.8248389,239.23515486717224,PLC -> IO,0.31288000000000005
1775736961.952079,239.36239504814148,PLC -> IO,1.83568
1775736962.08016,239.49047589302063,PLC -> IO,0.68472
1775736962.207904,239.6182200908661,PLC -> IO,1.70592
1775736962.335894,239.7462100982666,PLC -> IO,0.7648
1775736962.4639142,239.87423014640808,PLC -> IO,0.6866399999999999
1775736962.592353,240.00266909599304,PLC -> IO,0.3112
1775736962.7211092,240.1314251422882,PLC -> IO,0.3316
1775736962.8476791,240.2579951286316,PLC -> IO,0.6844
1775736962.9754243,240.38574028015137,PLC -> IO,0.69176
1775736963.1058896,240.5162055492401,PLC -> IO,0.8019999999999999
1775736963.2329464,240.64326238632202,PLC -> IO,0.19712000000000002
1775736963.3601768,240.77049279212952,PLC -> IO,1.72184
1775736963.487954,240.8982698917389,PLC -> IO,0.68376
1775736963.6158872,241.02620315551758,PLC -> IO,1.83608
1775736963.7446458,241.15496182441711,PLC -> IO,3.32552
1775736963.8718972,241.28221321105957,PLC -> IO,1.84104
1775736964.0004716,241.41078758239746,PLC -> IO,0.6816800000000001
1775736964.1277285,241.53804445266724,PLC -> IO,1.69952
1775736964.2556617,241.66597771644592,PLC -> IO,0.8196800000000001
1775736964.3842363,241.7945523262024,PLC -> IO,0.6808
1775736964.5114894,241.9218053817749,PLC -> IO,0.67984
1775736964.6409261,242.0512421131134,PLC -> IO,0.33896000000000004
1775736964.7680027,242.17831873893738,PLC -> IO,0.1764
1775736964.8952808,242.3055968284607,PLC -> IO,0.65144
1775736965.0240126,242.4343285560608,PLC -> IO,0.6792
1775736965.1519413,242.56225728988647,PLC -> IO,0.8277599999999999
1775736965.2805216,242.69083762168884,PLC -> IO,0.17848
1775736965.4077768,242.81809282302856,PLC -> IO,0.67696
1775736965.538179,242.94849491119385,PLC -> IO,1.53528
1775736965.6642852,243.07460117340088,PLC -> IO,0.17776
1775736965.7922153,243.20253133773804,PLC -> IO,1.84968
1775736965.920295,243.3306109905243,PLC -> IO,0.67408
1775736966.0480545,243.4583704471588,PLC -> IO,1.7
1775736966.1759782,243.58629417419434,PLC -> IO,0.83104
1775736966.3040636,243.7143795490265,PLC -> IO,0.66688
1775736966.4319873,243.842303276062,PLC -> IO,0.8252
1775736966.5600731,243.97038912773132,PLC -> IO,0.6810400000000001
1775736966.687827,244.09814310073853,PLC -> IO,0.6728
1775736966.8162684,244.22658443450928,PLC -> IO,0.30472000000000005
1775736966.9455264,244.35584235191345,PLC -> IO,0.90608
1775736967.0725899,244.48290586471558,PLC -> IO,0.6914399999999999
1775736967.2003422,244.61065816879272,PLC -> IO,1.69152
1775736967.3276012,244.7379171848297,PLC -> IO,0.6679999999999999
1775736967.4560223,244.86633825302124,PLC -> IO,1.85368
1775736967.5847902,244.99510622024536,PLC -> IO,0.8540800000000001
1775736967.712032,245.12234807014465,PLC -> IO,1.85472
1775736967.840131,245.25044703483582,PLC -> IO,0.66864
1775736967.9678755,245.37819147109985,PLC -> IO,1.68792
1775736968.0958488,245.50616478919983,PLC -> IO,0.78144
1775736968.2238853,245.63420128822327,PLC -> IO,0.66864
1775736968.352307,245.76262307167053,PLC -> IO,0.33208
1775736968.4810612,245.89137721061707,PLC -> IO,1.37776
1775736968.6076472,246.01796317100525,PLC -> IO,0.6688799999999999
1775736968.7354279,246.1457438468933,PLC -> IO,0.6396000000000001
1775736968.8641496,246.2744655609131,PLC -> IO,1.69328
1775736968.9929178,246.4032337665558,PLC -> IO,0.17808000000000002
1775736969.1201537,246.5304696559906,PLC -> IO,0.6960799999999999
1775736969.2479188,246.65823483467102,PLC -> IO,0.67008
1775736969.3758404,246.78615641593933,PLC -> IO,1.86016
1775736969.5045974,246.9149134159088,PLC -> IO,0.83752
1775736969.632352,247.04266810417175,PLC -> IO,1.35736
1775736969.7604437,247.17075967788696,PLC -> IO,0.66264
1775736969.8876977,247.2980136871338,PLC -> IO,1.68264
1775736970.0161123,247.42642831802368,PLC -> IO,0.34032
1775736970.1442082,247.55452418327332,PLC -> IO,0.162
1775736970.2721155,247.68243145942688,PLC -> IO,0.85064
1775736970.3992414,247.80955743789673,PLC -> IO,1.63608
1775736970.5279748,247.93829083442688,PLC -> IO,0.66
1775736970.6552181,248.06553411483765,PLC -> IO,0.66128
1775736970.783984,248.19429993629456,PLC -> IO,0.65912
1775736970.9117384,248.32205438613892,PLC -> IO,0.1552
1775736971.040493,248.4508090019226,PLC -> IO,0.1532
1775736971.167748,248.57806396484375,PLC -> IO,3.1603999999999997
1775736971.2956605,248.70597648620605,PLC -> IO,1.8608
1775736971.4242573,248.83457326889038,PLC -> IO,0.15864
1775736971.5522738,248.96258974075317,PLC -> IO,1.86568
1775736971.680267,249.0905830860138,PLC -> IO,0.6493599999999999
1775736971.8075197,249.21783566474915,PLC -> IO,0.6559200000000001
1775736971.9359305,249.34624648094177,PLC -> IO,0.85016
1775736972.0640347,249.47435069084167,PLC -> IO,0.648
1775736972.1909647,249.6012806892395,PLC -> IO,1.82584
1775736972.3200445,249.7303605079651,PLC -> IO,0.66272
1775736972.4477983,249.8581142425537,PLC -> IO,0.6508
1775736972.5755765,249.98589253425598,PLC -> IO,0.13727999999999999
1775736972.7038004,250.1141164302826,PLC -> IO,2.2343200000000003
1775736972.832562,250.24287796020508,PLC -> IO,0.6688
1775736972.9620354,250.37235140800476,PLC -> IO,0.78776
1775736973.087563,250.4978790283203,PLC -> IO,0.65832
1775736973.2159746,250.62629055976868,PLC -> IO,0.35087999999999997
1775736973.3447425,250.7550585269928,PLC -> IO,2.84424
1775736973.4719846,250.88230061531067,PLC -> IO,1.89816
1775736973.6001015,251.01041746139526,PLC -> IO,0.65016
1775736973.7278457,251.13816165924072,PLC -> IO,1.66992
1775736973.8558037,251.26611971855164,PLC -> IO,0.79688
1775736973.9838574,251.39417338371277,PLC -> IO,0.64864
1775736974.1116083,251.52192425727844,PLC -> IO,0.64824
1775736974.2410161,251.65133213996887,PLC -> IO,0.36791999999999997
1775736974.3676183,251.77793431282043,PLC -> IO,0.65064
1775736974.4954,251.9057159423828,PLC -> IO,0.6196
1775736974.624148,252.0344638824463,PLC -> IO,1.67248
1775736974.7530472,252.1633632183075,PLC -> IO,2.34336
1775736974.880129,252.2904450893402,PLC -> IO,1.68792
1775736975.007896,252.41821193695068,PLC -> IO,0.6358400000000001
1775736975.1357927,252.54610872268677,PLC -> IO,3.36272
1775736975.2645502,252.6748661994934,PLC -> IO,0.36888
1775736975.3922982,252.80261421203613,PLC -> IO,1.40936
1775736975.520414,252.9307301044464,PLC -> IO,0.64448
1775736975.649325,253.0596408843994,PLC -> IO,0.8477600000000001
1775736975.7760656,253.18638157844543,PLC -> IO,2.866
1775736975.9041786,253.31449460983276,PLC -> IO,0.6421600000000001
1775736976.0320678,253.44238376617432,PLC -> IO,0.87064
1775736976.1608298,253.57114577293396,PLC -> IO,0.37704
1775736976.2885873,253.69890332221985,PLC -> IO,0.36096
1775736976.4152226,253.8255386352539,PLC -> IO,0.60736
1775736976.5439496,253.95426559448242,PLC -> IO,0.64584
1775736976.6727116,254.08302760124207,PLC -> IO,0.6569600000000001
1775736976.8004634,254.21077942848206,PLC -> IO,0.13568
1775736976.9283593,254.33867526054382,PLC -> IO,0.8546400000000001
1775736977.0556128,254.4659287929535,PLC -> IO,1.87896
1775736977.1842287,254.59454464912415,PLC -> IO,0.13264
1775736977.3121188,254.72243475914001,PLC -> IO,1.88064
1775736977.4408758,254.8511917591095,PLC -> IO,1.86944
1775736977.5679877,254.97830367088318,PLC -> IO,0.14104
1775736977.6958818,255.1061978340149,PLC -> IO,0.86992
1775736977.8240058,255.23432183265686,PLC -> IO,0.6299199999999999
1775736977.9518907,255.362206697464,PLC -> IO,0.87008
1775736978.0800169,255.49033284187317,PLC -> IO,0.6424
1775736978.2083967,255.6187126636505,PLC -> IO,0.37416
1775736978.335548,255.74586391448975,PLC -> IO,0.11856
1775736978.4637787,255.87409472465515,PLC -> IO,2.1444
1775736978.5925333,256.00284934043884,PLC -> IO,0.64288
1775736978.7202868,256.1306028366089,PLC -> IO,1.62072
1775736978.8475413,256.25785732269287,PLC -> IO,0.63144
1775736978.9759278,256.38624382019043,PLC -> IO,1.9028800000000001
1775736979.1046948,256.51501083374023,PLC -> IO,0.37
1775736979.231937,256.6422529220581,PLC -> IO,1.9044
1775736979.3600676,256.7703835964203,PLC -> IO,0.6336
1775736979.488821,256.8991370201111,PLC -> IO,0.6728
1775736979.615757,257.0260729789734,PLC -> IO,0.80808
1775736979.743829,257.1541450023651,PLC -> IO,0.62952
1775736979.8722098,257.2825257778168,PLC -> IO,0.37448
1775736980.0003362,257.41065216064453,PLC -> IO,0.62864
1775736980.1282208,257.5385367870331,PLC -> IO,0.882
1775736980.2553704,257.66568636894226,PLC -> IO,0.60144
1775736980.3840983,257.7944142818451,PLC -> IO,1.6540000000000001
1775736980.5128593,257.9231753349304,PLC -> IO,0.13984
1775736980.6401036,258.0504195690155,PLC -> IO,1.66368
1775736980.7684894,258.1788053512573,PLC -> IO,0.37312
1775736980.8951275,258.30544352531433,PLC -> IO,0.64288
1775736981.0245035,258.43481945991516,PLC -> IO,0.90056
1775736981.1522496,258.56256556510925,PLC -> IO,1.41072
1775736981.2803864,258.6907024383545,PLC -> IO,0.62456
1775736981.4076414,258.81795740127563,PLC -> IO,1.66904
1775736981.539509,258.94982504844666,PLC -> IO,0.01752
1775736981.6641498,259.07446575164795,PLC -> IO,0.12472000000000001
1775736981.79202,259.20233607292175,PLC -> IO,0.8896000000000001
1775736981.9207828,259.33109879493713,PLC -> IO,0.3952
1775736982.0485384,259.4588544368744,PLC -> IO,1.41504
1775736982.1751947,259.5855107307434,PLC -> IO,0.58848
1775736982.303924,259.7142400741577,PLC -> IO,1.6521599999999999
1775736982.431799,259.8421149253845,PLC -> IO,0.88504
1775736982.5604372,259.9707531929016,PLC -> IO,1.6293600000000001
1775736982.6883116,260.09862756729126,PLC -> IO,0.90656
1775736982.815565,260.2258810997009,PLC -> IO,1.90056
1775736982.9443154,260.3546314239502,PLC -> IO,0.91264
1775736983.072072,260.48238801956177,PLC -> IO,1.90336
1775736983.2002046,260.6105206012726,PLC -> IO,0.62248
1775736983.3274634,260.737779378891,PLC -> IO,0.6108
1775736983.4558342,260.86615014076233,PLC -> IO,0.38472
1775736983.5839775,260.9942934513092,PLC -> IO,0.60992
1775736983.711844,261.12215995788574,PLC -> IO,0.8892
1775736983.839981,261.25029706954956,PLC -> IO,0.63032
1775736983.96774,261.3780560493469,PLC -> IO,0.60968
1775736984.0955193,261.5058352947235,PLC -> IO,0.09864
1775736984.2237499,261.63406586647034,PLC -> IO,0.6156
1775736984.3525038,261.7628197669983,PLC -> IO,0.64976
1775736984.4802592,261.89057517051697,PLC -> IO,1.6313600000000001
1775736984.608125,262.01844096183777,PLC -> IO,0.9012
1775736984.735875,262.1461908817291,PLC -> IO,1.91528
1775736984.8646452,262.27496123313904,PLC -> IO,0.41848
1775736984.991889,262.40220499038696,PLC -> IO,1.90568
1775736985.1196551,262.5299711227417,PLC -> IO,0.38888
1775736985.2487924,262.65910840034485,PLC -> IO,0.63904
1775736985.3757153,262.7860312461853,PLC -> IO,0.82896
1775736985.5037994,262.91411542892456,PLC -> IO,0.61032
1775736985.6321611,263.0424771308899,PLC -> IO,0.39192
1775736985.7588344,263.169150352478,PLC -> IO,2.08368
1775736985.8865855,263.2969014644623,PLC -> IO,0.6092
1775736986.0153418,263.425657749176,PLC -> IO,0.58248
1775736986.1440792,263.554395198822,PLC -> IO,1.62192
1775736986.272831,263.68314695358276,PLC -> IO,0.14776
1775736986.400078,263.8103940486908,PLC -> IO,0.56072
1775736986.5284467,263.9387626647949,PLC -> IO,0.39472
1775736986.6556962,264.06601214408875,PLC -> IO,0.56528
1775736986.7838485,264.1941645145416,PLC -> IO,0.6010399999999999
1775736986.9122097,264.3225257396698,PLC -> IO,1.4136000000000002
1775736987.0403526,264.4506685733795,PLC -> IO,0.63664
1775736987.1691327,264.5794486999512,PLC -> IO,0.10536
1775736987.2959692,264.706285238266,PLC -> IO,0.39856
1775736987.424123,264.83443903923035,PLC -> IO,0.60304
1775736987.552011,264.962327003479,PLC -> IO,1.0468000000000002
1775736987.6807353,265.09105134010315,PLC -> IO,0.38472
1775736987.8078876,265.2182035446167,PLC -> IO,0.09304
1775736987.9357421,265.3460581302643,PLC -> IO,0.90312
1775736988.0638978,265.47421383857727,PLC -> IO,1.62184
1775736988.192655,265.60297107696533,PLC -> IO,0.62632
1775736988.3204062,265.7307221889496,PLC -> IO,1.61968
1775736988.448263,265.8585789203644,PLC -> IO,0.9084800000000001
1775736988.5760083,265.98632431030273,PLC -> IO,1.42608
1775736988.70327,266.1135859489441,PLC -> IO,1.94048
1775736988.8320243,266.2423403263092,PLC -> IO,0.40240000000000004
1775736988.9601803,266.37049627304077,PLC -> IO,0.6204000000000001
1775736989.0874295,266.497745513916,PLC -> IO,1.6238400000000002
1775736989.2157862,266.6261022090912,PLC -> IO,0.40392
1775736989.3439496,266.7542655467987,PLC -> IO,0.5909599999999999
1775736989.4717963,266.8821122646332,PLC -> IO,0.9004800000000001
1775736989.6005485,267.0108644962311,PLC -> IO,0.92528
1775736989.728309,267.1386249065399,PLC -> IO,0.39856
1775736989.8554897,267.26580572128296,PLC -> IO,0.08024
1775736989.9837213,267.3940372467041,PLC -> IO,0.59568
1775736990.1124692,267.5227851867676,PLC -> IO,0.62952
1775736990.2402306,267.65054655075073,PLC -> IO,1.6122400000000001
1775736990.3680782,267.7783942222595,PLC -> IO,0.9192
1775736990.4958315,267.906147480011,PLC -> IO,1.41896
1775736990.6245975,268.0349135398865,PLC -> IO,0.40959999999999996
1775736990.7518404,268.1621563434601,PLC -> IO,1.9284000000000001
1775736990.8800058,268.2903218269348,PLC -> IO,0.6024
1775736991.0077608,268.41807675361633,PLC -> IO,1.6108
1775736991.1365154,268.5468313694,PLC -> IO,0.58752
1775736991.2637706,268.67408657073975,PLC -> IO,0.59136
1775736991.3921144,268.80243039131165,PLC -> IO,0.41096
1775736991.5195107,268.9298267364502,PLC -> IO,0.768
1775736991.6481223,269.0584383010864,PLC -> IO,1.9597600000000002
1775736991.7753139,269.1856298446655,PLC -> IO,0.56352
1775736991.9040525,269.3143684864044,PLC -> IO,1.59976
1775736992.0328183,269.4431343078613,PLC -> IO,0.0856
1775736992.1600516,269.5703675746918,PLC -> IO,0.6324
1775736992.288399,269.69871497154236,PLC -> IO,1.91336
1775736992.4156485,269.8259644508362,PLC -> IO,1.93384
1775736992.544408,269.95472407341003,PLC -> IO,0.90552
1775736992.672162,270.08247804641724,PLC -> IO,1.43248
1775736992.8003283,270.2106442451477,PLC -> IO,0.5985600000000001
1775736992.9275799,270.33789587020874,PLC -> IO,1.60344
1775736993.056338,270.4666540622711,PLC -> IO,0.59768
1775736993.1840928,270.59440875053406,PLC -> IO,0.6573599999999999
1775736993.3119237,270.7222397327423,PLC -> IO,0.92968
1775736993.4391277,270.8494436740875,PLC -> IO,1.6195199999999998
1775736993.5684373,270.97875332832336,PLC -> IO,1.452
1775736993.6951375,271.10545349121094,PLC -> IO,0.55616
1775736993.8238692,271.23418521881104,PLC -> IO,1.6011199999999999
1775736993.952695,271.3630108833313,PLC -> IO,0.52272
1775736994.07988,271.49019598960876,PLC -> IO,1.05112
1775736994.208215,271.61853098869324,PLC -> IO,0.91864
1775736994.3369403,271.7472562789917,PLC -> IO,0.46552
1775736994.4647226,271.8750386238098,PLC -> IO,1.42304
1775736994.5919766,272.00229263305664,PLC -> IO,0.42152
1775736994.7201517,272.13046765327454,PLC -> IO,0.5731999999999999
1775736994.847406,272.25772190093994,PLC -> IO,0.5786399999999999
1775736994.9761622,272.3864781856537,PLC -> IO,0.57848
1775736995.1039197,272.5142357349396,PLC -> IO,0.60976
1775736995.2317483,272.64206433296204,PLC -> IO,0.9264
1775736995.3599298,272.77024579048157,PLC -> IO,0.6788799999999999
1775736995.4876838,272.89799976348877,PLC -> IO,0.5774400000000001
1775736995.6154609,273.02577686309814,PLC -> IO,0.0612
1775736995.7442703,273.15458631515503,PLC -> IO,1.95064
1775736995.8724701,273.28278613090515,PLC -> IO,0.5688
1775736996.000201,273.4105169773102,PLC -> IO,1.5940800000000002
1775736996.1280305,273.53834652900696,PLC -> IO,0.93824
1775736996.2567785,273.66709446907043,PLC -> IO,0.45056
1775736996.3837113,273.7940273284912,PLC -> IO,0.8340799999999999
1775736996.5117927,273.9221086502075,PLC -> IO,1.9499199999999999
1775736996.6399875,274.0503034591675,PLC -> IO,0.574
1775736996.7687404,274.1790564060211,PLC -> IO,0.58312
1775736996.8965063,274.3068222999573,PLC -> IO,0.54728
1775736997.023742,274.4340579509735,PLC -> IO,0.5996
1775736997.1520658,274.56238174438477,PLC -> IO,0.42551999999999995
1775736997.280815,274.69113087654114,PLC -> IO,0.45352000000000003
1775736997.4075036,274.8178195953369,PLC -> IO,0.5712
1775736997.5383294,274.94864535331726,PLC -> IO,1.04416
1775736997.6640265,275.07434248924255,PLC -> IO,1.5539200000000002
1775736997.7927735,275.2030894756317,PLC -> IO,0.08263999999999999
1775736997.920026,275.33034205436707,PLC -> IO,0.56976
1775736998.0484307,275.45874667167664,PLC -> IO,0.35256000000000004
1775736998.1771064,275.58742237091064,PLC -> IO,0.4472
1775736998.3044076,275.71472358703613,PLC -> IO,0.402
1775736998.4321144,275.8424303531647,PLC -> IO,0.36719999999999997
1775736998.560399,275.97071504592896,PLC -> IO,0.46768
1775736998.6875563,276.09787225723267,PLC -> IO,1.57744
1775736998.8163786,276.2266945838928,PLC -> IO,0.49967999999999996
1775736998.9440646,276.354380607605,PLC -> IO,0.54424
1775736999.0718784,276.48219442367554,PLC -> IO,0.94416
1775736999.2006388,276.6109547615051,PLC -> IO,0.44632
1775736999.3278315,276.7381474971771,PLC -> IO,0.56384
1775736999.4551077,276.8654236793518,PLC -> IO,0.53128
1775736999.5838404,276.9941563606262,PLC -> IO,1.5824
1775736999.712567,277.12288308143616,PLC -> IO,0.60312
1775736999.840351,277.2506670951843,PLC -> IO,0.0892
1775736999.9691052,277.37942123413086,PLC -> IO,0.56264
1775737000.096921,277.50723695755005,PLC -> IO,0.45616
1775737000.2246747,277.6349906921387,PLC -> IO,0.43335999999999997
1775737000.351928,277.76224398612976,PLC -> IO,0.44072
1775737000.4801497,277.89046573638916,PLC -> IO,0.5339999999999999
1775737000.6073713,278.01768732070923,PLC -> IO,0.5656800000000001
1775737000.7361581,278.1464741230011,PLC -> IO,1.03576
1775737000.863892,278.27420806884766,PLC -> IO,0.57136
1775737000.9922447,278.402560710907,PLC -> IO,0.40136
1775737001.1189253,278.52924132347107,PLC -> IO,1.55376
1775737001.2482216,278.6585376262665,PLC -> IO,0.43448
1775737001.3754332,278.7857491970062,PLC -> IO,0.04208
1775737001.503664,278.91398000717163,PLC -> IO,0.5465599999999999
1775737001.6324296,279.04274559020996,PLC -> IO,0.56176
1775737001.7602098,279.17052578926086,PLC -> IO,1.5376
1775737001.888002,279.2983179092407,PLC -> IO,0.93816
1775737002.016738,279.42705392837524,PLC -> IO,0.46248
1775737002.1445038,279.5548198223114,PLC -> IO,0.44632
1775737002.271746,279.6820619106293,PLC -> IO,1.94488
1775737002.399985,279.81030106544495,PLC -> IO,0.528
1775737002.5287051,279.93902111053467,PLC -> IO,0.5708
1775737002.6564522,280.0667681694031,PLC -> IO,0.55208
1775737002.7837133,280.1940293312073,PLC -> IO,0.562
1775737002.9121196,280.3224356174469,PLC -> IO,0.34752
1775737003.0402145,280.4505305290222,PLC -> IO,0.55424
1775737003.167475,280.5777909755707,PLC -> IO,0.62912
1775737003.2952566,280.70557260513306,PLC -> IO,0.5244
1775737003.4249997,280.8353157043457,PLC -> IO,0.53184
1775737003.5528085,280.9631245136261,PLC -> IO,8.47712
1775737003.680088,281.0904040336609,PLC -> IO,1.4701600000000001
1775737003.8083014,281.21861743927,PLC -> IO,0.45312
1775737003.9370587,281.3473746776581,PLC -> IO,0.46608
1775737004.06428,281.47459602355957,PLC -> IO,1.9848000000000001
1775737004.1920428,281.6023588180542,PLC -> IO,1.4944
1775737004.3202825,281.73059844970703,PLC -> IO,0.53648
1775737004.4475276,281.85784363746643,PLC -> IO,1.5584
1775737004.576828,281.9871439933777,PLC -> IO,1.9600799999999998
1775737004.7025294,282.1128454208374,PLC -> IO,0.57904
1775737004.831855,282.24217104911804,PLC -> IO,0.41575999999999996
1775737004.9616096,282.3719255924225,PLC -> IO,0.61264
1775737005.087829,282.4981451034546,PLC -> IO,0.51856
1775737005.215079,282.62539505958557,PLC -> IO,2.0245599999999997
1775737005.3438387,282.7541546821594,PLC -> IO,1.5362399999999998
1775737005.4725683,282.8828842639923,PLC -> IO,0.5608
1775737005.5998468,283.0101628303528,PLC -> IO,1.01728
1775737005.7281353,283.13845133781433,PLC -> IO,0.9411200000000001
1775737005.8568733,283.2671892642975,PLC -> IO,0.47512
1775737005.9835858,283.3939018249512,PLC -> IO,1.04136
1775737006.1119175,283.52223348617554,PLC -> IO,1.43384
1775737006.240107,283.65042304992676,PLC -> IO,1.5476
1775737006.3688533,283.7791693210602,PLC -> IO,0.55936
1775737006.4961364,283.90645241737366,PLC -> IO,0.5088
1775737006.6239223,284.03423833847046,PLC -> IO,0.4808
1775737006.7521193,284.16243529319763,PLC -> IO,0.49823999999999996
1775737006.879871,284.29018688201904,PLC -> IO,1.03824
1775737007.0081646,284.41848063468933,PLC -> IO,0.46255999999999997
1775737007.1354046,284.54572057724,PLC -> IO,0.51176
1775737007.263661,284.67397689819336,PLC -> IO,1.53112
1775737007.392389,284.80270504951477,PLC -> IO,0.55464
1775737007.5197325,284.93004846572876,PLC -> IO,2.9183999999999997
1775737007.647943,285.05825901031494,PLC -> IO,0.96088
1775737007.7766902,285.1870062351227,PLC -> IO,0.4816
1775737007.903928,285.3142440319061,PLC -> IO,0.52744
1775737008.031795,285.4421110153198,PLC -> IO,0.8718400000000001
1775737008.1599379,285.57025384902954,PLC -> IO,0.52728
1775737008.2876866,285.698002576828,PLC -> IO,1.54152
1775737008.416428,285.82674407958984,PLC -> IO,0.53528
1775737008.5432441,285.95356011390686,PLC -> IO,0.52144
1775737008.671982,286.08229804039,PLC -> IO,0.4564
1775737008.8007195,286.211035490036,PLC -> IO,0.49160000000000004
1775737008.9274404,286.33775639533997,PLC -> IO,0.5348799999999999
1775737009.0557299,286.46604585647583,PLC -> IO,0.47296000000000005
1775737009.1839747,286.5942907333374,PLC -> IO,1.51336
1775737009.312716,286.72303199768066,PLC -> IO,0.04464
1775737009.4399571,286.8502731323242,PLC -> IO,0.5424800000000001
1775737009.568255,286.97857093811035,PLC -> IO,13.01072
1775737009.6970108,287.10732674598694,PLC -> IO,0.48536
1775737009.8262362,287.23655223846436,PLC -> IO,0.53016
1775737009.9520109,287.36232686042786,PLC -> IO,1.4908000000000001
1775737010.0807707,287.4910867214203,PLC -> IO,0.47328000000000003
1775737010.207524,287.617840051651,PLC -> IO,1.52128
1775737010.3362467,287.7465627193451,PLC -> IO,0.5336
1775737010.4640064,287.8743224143982,PLC -> IO,1.54656
1775737010.591799,288.0021150112152,PLC -> IO,0.9662400000000001
1775737010.7200162,288.1303322315216,PLC -> IO,0.5271199999999999
1775737010.847781,288.25809693336487,PLC -> IO,0.51888
1775737010.9750514,288.38536739349365,PLC -> IO,0.55968
1775737011.1037989,288.51411485671997,PLC -> IO,0.51016
1775737011.2325394,288.6428554058075,PLC -> IO,0.54192
1775737011.3602912,288.7706072330475,PLC -> IO,0.52512
1775737011.488072,288.89838790893555,PLC -> IO,0.47736
1775737011.6168253,289.02714133262634,PLC -> IO,0.49423999999999996
1775737011.7445796,289.1548955440521,PLC -> IO,0.47807999999999995
1775737011.8718028,289.28211879730225,PLC -> IO,0.50832
1775737012.000059,289.41037487983704,PLC -> IO,0.52968
1775737012.1273453,289.5376613140106,PLC -> IO,2.0196799999999997
1775737012.2560754,289.66639137268066,PLC -> IO,1.0256
1775737012.3843555,289.79467153549194,PLC -> IO,0.4736
1775737012.512108,289.92242407798767,PLC -> IO,0.4808
1775737012.6398437,290.0501596927643,PLC -> IO,1.0179200000000002
1775737012.768117,290.17843294143677,PLC -> IO,0.47472
1775737012.895401,290.30571699142456,PLC -> IO,0.46736
1775737013.0251446,290.43546056747437,PLC -> IO,0.9654400000000001
1775737013.1523628,290.5626788139343,PLC -> IO,0.5330400000000001
1775737013.280115,290.6904308795929,PLC -> IO,0.51872
1775737013.4078865,290.81820249557495,PLC -> IO,0.98872
1775737013.5377378,290.9480538368225,PLC -> IO,4.44464
1775737013.6644082,291.0747241973877,PLC -> IO,0.4844
1775737013.7916613,291.2019772529602,PLC -> IO,0.9767199999999999
1775737013.9199002,291.3302161693573,PLC -> IO,0.51728
1775737014.047655,291.4579710960388,PLC -> IO,1.5254400000000001
1775737014.1763997,291.5867156982422,PLC -> IO,0.51568
1775737014.304171,291.71448707580566,PLC -> IO,0.98528
1775737014.4319227,291.8422386646271,PLC -> IO,0.48696
1775737014.5601642,291.97048020362854,PLC -> IO,0.5144000000000001
1775737014.6879342,292.09825015068054,PLC -> IO,0.99832
1775737014.8156855,292.2260015010834,PLC -> IO,0.4816
1775737014.944433,292.3547489643097,PLC -> IO,0.50928
1775737015.0726874,292.48300337791443,PLC -> IO,0.02056
1775737015.1999485,292.6102645397186,PLC -> IO,0.47928
1775737015.3282073,292.7385232448578,PLC -> IO,0.49
1775737015.456449,292.86676502227783,PLC -> IO,0.5072
1775737015.5827296,292.9930455684662,PLC -> IO,2.9872
1775737015.7119634,293.1222794055939,PLC -> IO,0.49552000000000007
1775737015.8402133,293.2505292892456,PLC -> IO,0.51016
1775737015.9674816,293.3777976036072,PLC -> IO,0.49839999999999995
1775737016.0962234,293.5065393447876,PLC -> IO,0.5026400000000001
1775737016.2244866,293.63480257987976,PLC -> IO,0.48879999999999996
1775737016.3517396,293.76205563545227,PLC -> IO,0.99704
1775737016.479013,293.889328956604,PLC -> IO,1.47592
1775737016.6077375,294.01805353164673,PLC -> IO,0.5152
1775737016.7359974,294.1463134288788,PLC -> IO,1.01104
1775737016.8642545,294.2745704650879,PLC -> IO,0.50192
1775737016.9925041,294.40282011032104,PLC -> IO,0.5296
1775737017.1197643,294.5300803184509,PLC -> IO,1.00448
1775737017.2480192,294.6583352088928,PLC -> IO,1.0
1775737017.3762724,294.78658843040466,PLC -> IO,0.50512
1775737017.5045316,294.914847612381,PLC -> IO,0.49728
1775737017.6317847,295.0421006679535,PLC -> IO,0.49768
1775737017.760037,295.170352935791,PLC -> IO,0.50376
1775737017.887299,295.29761505126953,PLC -> IO,0.99296
1775737018.0160468,295.42636275291443,PLC -> IO,1.00672
1775737018.1438036,295.5541195869446,PLC -> IO,0.5035999999999999
1775737018.2725601,295.6828761100769,PLC -> IO,0.5120800000000001
1775737018.399815,295.81013107299805,PLC -> IO,0.9988
1775737018.5275679,295.93788385391235,PLC -> IO,0.50144
1775737018.655329,296.06564497947693,PLC -> IO,0.48496
1775737018.784577,296.1948928833008,PLC -> IO,0.50144
1775737018.91183,296.3221459388733,PLC -> IO,0.50176
1775737019.040079,296.4503951072693,PLC -> IO,0.49984
1775737019.1683521,296.5786681175232,PLC -> IO,0.4944
1775737019.2961164,296.7064323425293,PLC -> IO,0.47856
1775737019.4243526,296.834668636322,PLC -> IO,0.49768
1775737019.551602,296.96191787719727,PLC -> IO,1.0076
1775737019.679865,297.09018087387085,PLC -> IO,0.9872800000000002
1775737019.8076172,297.217933177948,PLC -> IO,0.49728
1775737019.9368675,297.34718346595764,PLC -> IO,0.16968
1775737020.0641236,297.4744396209717,PLC -> IO,1.004
1775737020.1918747,297.60219073295593,PLC -> IO,0.50608
1775737020.3201354,297.7304513454437,PLC -> IO,0.49544
1775737020.447389,297.8577048778534,PLC -> IO,0.49487999999999993
1775737020.5756378,297.9859538078308,PLC -> IO,0.5072800000000001
1775737020.7039115,298.11422753334045,PLC -> IO,1.47664
1775737020.831647,298.2419629096985,PLC -> IO,1.00504
1775737020.9599216,298.37023758888245,PLC -> IO,0.46440000000000003
1775737021.0881596,298.4984755516052,PLC -> IO,0.5090399999999999
1775737021.215529,298.62584495544434,PLC -> IO,0.88464
1775737021.3441684,298.7544844150543,PLC -> IO,0.51
1775737021.4719224,298.8822383880615,PLC -> IO,1.5264
1775737021.6001847,299.01050066947937,PLC -> IO,0.4912
1775737021.7279315,299.1382474899292,PLC -> IO,0.51104
1775737021.8561945,299.2665104866028,PLC -> IO,0.49047999999999997
1775737021.9839492,299.3942651748657,PLC -> IO,0.48992
1775737022.111692,299.5220079421997,PLC -> IO,1.0160799999999999
1775737022.2399588,299.65027475357056,PLC -> IO,0.48912
1775737022.3682055,299.77852153778076,PLC -> IO,3.0147199999999996
1775737022.495002,299.9053180217743,PLC -> IO,0.45296
1775737022.6242137,300.0345296859741,PLC -> IO,0.51504
1775737022.7519674,300.16228342056274,PLC -> IO,0.50768
1775737022.879247,300.28956294059753,PLC -> IO,0.48856
1775737023.0079699,300.4182858467102,PLC -> IO,0.5221600000000001
1775737023.1362371,300.5465531349182,PLC -> IO,0.49295999999999995
1775737023.2644842,300.674800157547,PLC -> IO,0.51616
1775737023.3917372,300.8020532131195,PLC -> IO,0.51664
1775737023.5200014,300.930317401886,PLC -> IO,0.49160000000000004
1775737023.6482513,301.0585672855377,PLC -> IO,3.0208
1775737023.7760112,301.1863272190094,PLC -> IO,0.49088
1775737023.9042597,301.31457567214966,PLC -> IO,0.51736
1775737024.0320127,301.44232869148254,PLC -> IO,0.51864
1775737024.1587741,301.56909012794495,PLC -> IO,1.49512
1775737024.2880216,301.69833755493164,PLC -> IO,0.51968
1775737024.4153175,301.8256335258484,PLC -> IO,0.4556
1775737024.5445292,301.9548451900482,PLC -> IO,0.52048
1775737024.6717823,302.0820982456207,PLC -> IO,0.52088
1775737024.8000574,302.21037340164185,PLC -> IO,0.48056
1775737024.928304,302.3386199474335,PLC -> IO,1.00408
1775737025.0560672,302.46638321876526,PLC -> IO,0.47992
1775737025.1843126,302.594628572464,PLC -> IO,0.5224799999999999
1775737025.311554,302.7218699455261,PLC -> IO,1.02664
1775737025.440322,302.85063791275024,PLC -> IO,2.0147199999999996
1775737025.5680609,302.97837686538696,PLC -> IO,0.52984
1775737025.6963425,303.1066584587097,PLC -> IO,0.47768
1775737025.824076,303.2343919277191,PLC -> IO,1.02392
1775737025.952355,303.3626708984375,PLC -> IO,0.47432
1775737026.0801067,303.4904227256775,PLC -> IO,0.47632
1775737026.2078362,303.61815214157104,PLC -> IO,3.53192
1775737026.3355901,303.74590611457825,PLC -> IO,3.0339199999999997
1775737026.4643438,303.8746597766876,PLC -> IO,0.5412
1775737026.59263,304.0029458999634,PLC -> IO,0.4748
1775737026.7198927,304.13020873069763,PLC -> IO,0.44808000000000003
1775737026.8481119,304.25842785835266,PLC -> IO,3.0303999999999998
1775737026.976385,304.38670110702515,PLC -> IO,0.48296
1775737027.1041207,304.51443672180176,PLC -> IO,0.52896
1775737027.2324016,304.6427175998688,PLC -> IO,0.4752
1775737027.3601487,304.7704646587372,PLC -> IO,0.4796
1775737027.4878838,304.89819979667664,PLC -> IO,0.53016
1775737027.616159,305.02647495269775,PLC -> IO,0.47816
1775737027.7443912,305.15470719337463,PLC -> IO,0.53112
1775737027.8721757,305.28249168395996,PLC -> IO,0.97408
1775737027.999925,305.4102408885956,PLC -> IO,0.47535999999999995
1775737028.128157,305.5384728908539,PLC -> IO,0.53216
1775737028.2549646,305.66528058052063,PLC -> IO,0.44279999999999997
1775737028.3841658,305.794481754303,PLC -> IO,0.5331999999999999
1775737028.5124533,305.9227693080902,PLC -> IO,0.46848
1775737028.6397069,306.0500228404999,PLC -> IO,0.96648
1775737028.7679298,306.1782457828522,PLC -> IO,0.53344
1775737028.8966823,306.30699825286865,PLC -> IO,0.5348799999999999
1775737029.0244362,306.43475222587585,PLC -> IO,0.5361600000000001
1775737029.152225,306.5625410079956,PLC -> IO,0.96992
1775737029.279979,306.6902949810028,PLC -> IO,0.46888
1775737029.4082034,306.8185193538666,PLC -> IO,0.52824
1775737029.5376024,306.9479184150696,PLC -> IO,3.8776800000000002
1775737029.6642125,307.07452845573425,PLC -> IO,0.52896
1775737029.7904868,307.20080280303955,PLC -> IO,2.01576
1775737029.9212732,307.33158922195435,PLC -> IO,0.4404
1775737030.0479739,307.4582898616791,PLC -> IO,1.5571199999999998
1775737030.175289,307.58560490608215,PLC -> IO,0.43664000000000003
1775737030.3030334,307.7133493423462,PLC -> IO,4.4950399999999995
1775737030.4317346,307.84205055236816,PLC -> IO,0.53984
1775737030.5595148,307.96983075141907,PLC -> IO,0.5139199999999999
1775737030.6877367,308.09805274009705,PLC -> IO,1.0524
1775737030.8160386,308.226354598999,PLC -> IO,0.46096
1775737030.9442651,308.35458111763,PLC -> IO,0.5339200000000001
1775737031.072552,308.4828679561615,PLC -> IO,0.4532
1775737031.1998074,308.6101233959198,PLC -> IO,0.46664
1775737031.3280191,308.7383351325989,PLC -> IO,0.5402399999999999
1775737031.456317,308.866632938385,PLC -> IO,0.4504
1775737031.584028,308.994343996048,PLC -> IO,1.04208
1775737031.712326,309.1226420402527,PLC -> IO,0.44848
1775737031.8385558,309.2488718032837,PLC -> IO,1.9796000000000002
1775737031.9677894,309.3781054019928,PLC -> IO,1.05688
1775737032.0951123,309.505428314209,PLC -> IO,0.42352
1775737032.2242992,309.6346151828766,PLC -> IO,2.0491200000000003
1775737032.3520977,309.7624137401581,PLC -> IO,0.95936
1775737032.479864,309.8901798725128,PLC -> IO,0.426
1775737032.6080642,310.0183801651001,PLC -> IO,0.54696
1775737032.7358706,310.1461865901947,PLC -> IO,0.94952
1775737032.8640661,310.2743821144104,PLC -> IO,0.5548000000000001
1775737032.9923728,310.40268874168396,PLC -> IO,0.4564
1775737033.119629,310.529944896698,PLC -> IO,0.95168
1775737033.2483785,310.6586945056915,PLC -> IO,0.9512
1775737033.3761373,310.7864532470703,PLC -> IO,0.45239999999999997
1775737033.504895,310.91521096229553,PLC -> IO,0.45
1775737033.632147,311.0424630641937,PLC -> IO,0.95512
1775737033.7599013,311.1702172756195,PLC -> IO,0.4512
1775737033.8881023,311.2984182834625,PLC -> IO,0.5503199999999999
1775737034.0149357,311.4252517223358,PLC -> IO,0.42384
1775737034.144118,311.5544340610504,PLC -> IO,0.54968
1775737034.2728674,311.68318343162537,PLC -> IO,2.05384
1775737034.3996782,311.80999422073364,PLC -> IO,0.9468799999999999
1775737034.5278811,311.9381971359253,PLC -> IO,0.5534399999999999
1775737034.6561797,312.06649565696716,PLC -> IO,0.44816
1775737034.7843888,312.19470477104187,PLC -> IO,3.06168
1775737034.919391,312.32970690727234,PLC -> IO,2.2871200000000003
1775737035.039944,312.45025992393494,PLC -> IO,0.45376
1775737035.1681566,312.57847261428833,PLC -> IO,0.5531200000000001
1775737035.2959864,312.7063024044037,PLC -> IO,0.92392
1775737035.4241648,312.8344807624817,PLC -> IO,0.54896
1775737035.5519502,312.96226620674133,PLC -> IO,2.13192
1775737035.6787202,313.0890362262726,PLC -> IO,1.9504
1775737035.8079262,313.2182421684265,PLC -> IO,3.06008
1775737035.9362357,313.346551656723,PLC -> IO,0.44392
1775737036.0639353,313.4742512702942,PLC -> IO,1.05688
1775737036.1922457,313.602561712265,PLC -> IO,0.9556
1775737036.3200002,313.7303161621094,PLC -> IO,0.44264
1775737036.4476957,313.8580117225647,PLC -> IO,1.06464
1775737036.57601,313.9863259792328,PLC -> IO,1.94752
1775737036.7047703,314.1150863170624,PLC -> IO,0.44895999999999997
1775737036.8325233,314.24283933639526,PLC -> IO,0.44096
1775737036.9597857,314.37010169029236,PLC -> IO,0.44064000000000003
1775737037.087972,314.4982879161835,PLC -> IO,0.55448
1775737037.216285,314.62660098075867,PLC -> IO,0.44223999999999997
1775737037.3439806,314.754296541214,PLC -> IO,1.06104
1775737037.4722881,314.88260412216187,PLC -> IO,0.44576
1775737037.6000495,315.010365486145,PLC -> IO,0.43839999999999996
1775737037.7277408,315.1380567550659,PLC -> IO,1.0708
1775737037.8560593,315.26637530326843,PLC -> IO,0.4376
1775737037.9842544,315.394570350647,PLC -> IO,0.57328
1775737038.1120672,315.5223832130432,PLC -> IO,0.94224
1775737038.2392786,315.6495945453644,PLC -> IO,0.55688
1775737038.3680174,315.77833342552185,PLC -> IO,0.56512
1775737038.4958448,315.9061608314514,PLC -> IO,0.9274399999999999
1775737038.6240256,316.0343415737152,PLC -> IO,0.56784
1775737038.7523444,316.1626603603363,PLC -> IO,0.4372
1775737038.8796003,316.28991627693176,PLC -> IO,0.93216
1775737039.0077815,316.4180974960327,PLC -> IO,0.57256
1775737039.1361084,316.5464243888855,PLC -> IO,0.43344
1775737039.2648654,316.675181388855,PLC -> IO,0.43256
1775737039.3921185,316.8024344444275,PLC -> IO,0.92928
1775737039.5188642,316.9291801452637,PLC -> IO,1.4407999999999999
1775737039.6480615,317.05837750434875,PLC -> IO,0.57032
1775737039.7748756,317.18519163131714,PLC -> IO,1.942
1775737039.9040704,317.31438636779785,PLC -> IO,0.5711200000000001
1775737040.032396,317.44271206855774,PLC -> IO,0.43032
1775737040.1596496,317.5699656009674,PLC -> IO,0.9216
1775737040.2878335,317.69814944267273,PLC -> IO,0.5724
1775737040.4161577,317.82647371292114,PLC -> IO,0.4292
1775737040.544339,317.9546549320221,PLC -> IO,0.57536
1775737040.6721678,318.08248376846313,PLC -> IO,0.9319200000000001
1775737040.80035,318.2106659412384,PLC -> IO,2.07976
1775737040.9281065,318.33842253685,PLC -> IO,0.5676
1775737041.055932,318.4662480354309,PLC -> IO,1.93264
1775737041.184117,318.5944330692291,PLC -> IO,0.57392
1775737041.3124385,318.7227544784546,PLC -> IO,0.43295999999999996
1775737041.4396992,318.85001516342163,PLC -> IO,0.92368
1775737041.5679123,318.9782283306122,PLC -> IO,1.55376
1775737041.694732,319.1050479412079,PLC -> IO,1.9
1775737041.8243861,319.2347021102905,PLC -> IO,0.5783999999999999
1775737041.952217,319.3625330924988,PLC -> IO,0.93648
1775737042.0799716,319.49028754234314,PLC -> IO,0.4236
1775737042.2076483,319.6179642677307,PLC -> IO,2.0856
1775737042.3359811,319.746297121048,PLC -> IO,0.42296
1775737042.4641695,319.8744854927063,PLC -> IO,0.57216
1775737042.5924947,320.002810716629,PLC -> IO,0.42192
1775737042.7197568,320.13007283210754,PLC -> IO,0.42168
1775737042.8479238,320.25823974609375,PLC -> IO,0.58088
1775737042.9762506,320.38656663894653,PLC -> IO,0.42656
1775737043.105013,320.51532888412476,PLC -> IO,0.42032
1775737043.2322662,320.64258217811584,PLC -> IO,0.41992
1775737043.3604398,320.77075576782227,PLC -> IO,0.5760799999999999
1775737043.4876933,320.89800930023193,PLC -> IO,0.58304
1775737043.6150234,321.0253393650055,PLC -> IO,1.4257600000000001
1775737043.7442095,321.15452551841736,PLC -> IO,0.5895199999999999
1775737043.8720403,321.28235626220703,PLC -> IO,0.92136
1775737044.0002074,321.4105234146118,PLC -> IO,0.5944
1775737044.1279688,321.53828477859497,PLC -> IO,0.58504
1775737044.256306,321.66662192344666,PLC -> IO,0.4184
1775737044.3839777,321.79429364204407,PLC -> IO,0.58592
1775737044.5123155,321.9226315021515,PLC -> IO,0.41824
1775737044.6404853,322.05080127716064,PLC -> IO,0.58672
1775737044.7677417,322.17805767059326,PLC -> IO,0.5838399999999999
1775737044.8960798,322.30639576911926,PLC -> IO,0.41424
1775737045.0248144,322.4351303577423,PLC -> IO,0.43600000000000005
1775737045.152083,322.56239891052246,PLC -> IO,0.9170400000000001
1775737045.2802572,322.6905732154846,PLC -> IO,0.58896
1775737045.4080138,322.8183298110962,PLC -> IO,0.5892000000000001
1775737045.5383773,322.94869327545166,PLC -> IO,3.12424
1775737045.664023,323.07433891296387,PLC -> IO,0.5900000000000001
1775737045.7923672,323.2026832103729,PLC -> IO,0.40472
1775737045.9196208,323.3299367427826,PLC -> IO,0.9094399999999999
1775737046.047786,323.45810198783875,PLC -> IO,0.59136
1775737046.17613,323.5864460468292,PLC -> IO,0.40248
1775737046.3042934,323.71460938453674,PLC -> IO,0.5923200000000001
1775737046.4310505,323.8413665294647,PLC -> IO,2.0012
1775737046.5602956,323.9706115722656,PLC -> IO,0.59992
1775737046.6880589,324.0983748435974,PLC -> IO,0.5936
1775737046.8158965,324.2262125015259,PLC -> IO,0.9184
1775737046.9440672,324.35438323020935,PLC -> IO,0.59504
1775737047.0724168,324.48273277282715,PLC -> IO,0.40719999999999995
1775737047.1986613,324.60897731781006,PLC -> IO,1.91416
1775737047.327831,324.73814702033997,PLC -> IO,0.5955999999999999
1775737047.454706,324.865021944046,PLC -> IO,1.8784800000000001
1775737047.5843961,324.9947121143341,PLC -> IO,0.5388
1775737047.7121882,325.12250423431396,PLC -> IO,0.91008
1775737047.8403473,325.25066328048706,PLC -> IO,0.59736
1775737047.968114,325.37842988967896,PLC -> IO,0.58936
1775737048.0959783,325.5062942504883,PLC -> IO,0.37807999999999997
1775737048.2241225,325.6344385147095,PLC -> IO,0.59136
1775737048.3524659,325.7627818584442,PLC -> IO,0.39624000000000004
1775737048.4801311,325.89044713974,PLC -> IO,1.0888
1775737048.6078756,326.018191576004,PLC -> IO,0.60048
1775737048.7362278,326.1465437412262,PLC -> IO,0.40432
1775737048.8653853,326.27570128440857,PLC -> IO,0.59392
1775737048.9922376,326.4025535583496,PLC -> IO,0.40096
1775737049.119992,326.53030800819397,PLC -> IO,0.4004
1775737049.2476454,326.6579613685608,PLC -> IO,0.5952000000000001
1775737049.3750272,326.785343170166,PLC -> IO,1.37432
1775737049.504165,326.9144809246063,PLC -> IO,0.60528
1775737049.6320117,327.0423276424408,PLC -> IO,0.9024
1775737049.7601626,327.1704785823822,PLC -> IO,0.61752
1775737049.887921,327.2982370853424,PLC -> IO,0.5972
1775737050.016277,327.42659306526184,PLC -> IO,0.39768
1775737050.1439302,327.5542461872101,PLC -> IO,0.60488
1775737050.27228,327.68259596824646,PLC -> IO,0.40592
1775737050.3995428,327.8098587989807,PLC -> IO,0.89456
1775737050.5276864,327.93800234794617,PLC -> IO,0.61296
1775737050.6560442,328.06636023521423,PLC -> IO,0.40224
1775737050.7842004,328.1945164203644,PLC -> IO,0.58632
1775737050.912061,328.32237696647644,PLC -> IO,0.8912
1775737051.0398102,328.45012617111206,PLC -> IO,0.39943999999999996
1775737051.1679673,328.5782833099365,PLC -> IO,0.6072799999999999
1775737051.2948496,328.70516562461853,PLC -> IO,1.86568
1775737051.4239752,328.8342912197113,PLC -> IO,0.61024
1775737051.552726,328.96304202079773,PLC -> IO,2.14152
1775737051.6804826,329.0907986164093,PLC -> IO,0.61
1775737051.807738,329.2180540561676,PLC -> IO,0.60992
1775737051.9361005,329.3464164733887,PLC -> IO,0.3844
1775737052.0642457,329.4745616912842,PLC -> IO,0.6112799999999999
1775737052.1930044,329.6033203601837,PLC -> IO,0.6116
1775737052.3202488,329.7305648326874,PLC -> IO,0.61792
1775737052.4480114,329.8583273887634,PLC -> IO,0.61248
1775737052.5758755,329.9861915111542,PLC -> IO,0.8916
1775737052.7040133,330.11432933807373,PLC -> IO,0.61336
1775737052.8323882,330.2427041530609,PLC -> IO,0.38816
1775737052.9596415,330.369957447052,PLC -> IO,0.88632
1775737053.0877764,330.4980924129486,PLC -> IO,0.61464
1775737053.2151742,330.62549018859863,PLC -> IO,1.3623999999999998
1775737053.3434057,330.7537217140198,PLC -> IO,0.88496
1775737053.4721544,330.882470369339,PLC -> IO,0.88952
1775737053.6002998,331.0106158256531,PLC -> IO,0.61632
1775737053.7280526,331.1383686065674,PLC -> IO,0.6150399999999999
1775737053.855924,331.2662398815155,PLC -> IO,0.8884799999999999
1775737053.9840744,331.39439034461975,PLC -> IO,0.60992
1775737054.1124372,331.522753238678,PLC -> IO,0.3772
1775737054.2406173,331.65093326568604,PLC -> IO,0.57384
1775737054.3678293,331.77814531326294,PLC -> IO,0.6178400000000001
1775737054.4961991,331.90651512145996,PLC -> IO,0.37576
1775737054.624458,332.0347740650177,PLC -> IO,0.8797600000000001
1775737054.7515888,332.16190481185913,PLC -> IO,0.62008
1775737054.8784893,332.28880524635315,PLC -> IO,1.8488
1775737055.0076003,332.4179162979126,PLC -> IO,0.6184
1775737055.1349976,332.54531359672546,PLC -> IO,1.35632
1775737055.2641199,332.67443585395813,PLC -> IO,0.62168
1775737055.3919833,332.80229926109314,PLC -> IO,0.8832
1775737055.5201194,332.93043541908264,PLC -> IO,3.12504
1775737055.6478734,333.05818939208984,PLC -> IO,3.1255200000000003
1775737055.7757592,333.1860752105713,PLC -> IO,0.86752
1775737055.90388,333.31419587135315,PLC -> IO,1.64672
1775737056.0322583,333.442574262619,PLC -> IO,0.38024
1775737056.16039,333.5707058906555,PLC -> IO,0.618
1775737056.2882676,333.6985836029053,PLC -> IO,0.87832
1775737056.4160225,333.8263385295868,PLC -> IO,0.3764
1775737056.5441527,333.9544687271118,PLC -> IO,0.60408
1775737056.6720324,334.0823483467102,PLC -> IO,0.8790399999999999
1775737056.7988138,334.20912981033325,PLC -> IO,1.348
1775737056.9279187,334.33823466300964,PLC -> IO,0.62024
1775737057.054821,334.4651370048523,PLC -> IO,1.8536
1775737057.1839275,334.59424352645874,PLC -> IO,0.6275999999999999
1775737057.3123102,334.72262620925903,PLC -> IO,0.37344
1775737057.4404352,334.8507511615753,PLC -> IO,0.6288
1775737057.5701938,334.9805097579956,PLC -> IO,1.1583999999999999
1775737057.6960719,335.10638785362244,PLC -> IO,0.37216
1775737057.8226976,335.23301362991333,PLC -> IO,2.1316
1775737057.9520817,335.36239767074585,PLC -> IO,0.8748
1775737058.080207,335.4905230998993,PLC -> IO,3.1387199999999997
1775737058.2079637,335.61827969551086,PLC -> IO,0.63144
1775737058.335846,335.7461619377136,PLC -> IO,0.8735999999999999
1775737058.463974,335.87428998947144,PLC -> IO,0.63096
1775737058.5923526,336.0026686191559,PLC -> IO,0.37616
1775737058.720481,336.1307969093323,PLC -> IO,0.63232
1775737058.8477356,336.25805163383484,PLC -> IO,0.63376
1775737058.9746149,336.3849308490753,PLC -> IO,1.87432
1775737059.104243,336.51455903053284,PLC -> IO,0.6344000000000001
1775737059.2330031,336.64331912994385,PLC -> IO,3.13584
1775737059.3602521,336.7705681324005,PLC -> IO,0.63544
1775737059.4880176,336.8983335494995,PLC -> IO,0.6284
1775737059.6158934,337.02620935440063,PLC -> IO,0.8688800000000001
1775737059.7440267,337.1543426513672,PLC -> IO,0.62912
1775737059.8724086,337.28272461891174,PLC -> IO,0.36256
1775737060.000521,337.41083693504333,PLC -> IO,0.63488
1775737060.127781,337.53809690475464,PLC -> IO,0.63784
1775737060.2556808,337.66599678993225,PLC -> IO,0.85328
1775737060.3852882,337.7956042289734,PLC -> IO,1.6357599999999999
1775737060.5121803,337.92249631881714,PLC -> IO,0.36279999999999996
1775737060.6399348,338.0502507686615,PLC -> IO,0.3624
1775737060.7681897,338.1785056591034,PLC -> IO,0.87648
1775737060.894444,338.30475997924805,PLC -> IO,1.86216
1775737061.024072,338.434387922287,PLC -> IO,0.6404
1775737061.1528187,338.56313467025757,PLC -> IO,2.1681600000000003
1775737061.2790737,338.68938970565796,PLC -> IO,1.64912
1775737061.4078252,338.8181412220001,PLC -> IO,0.6424799999999999
1775737061.5397387,338.95005464553833,PLC -> IO,41.97576
1775737061.6638348,339.07415080070496,PLC -> IO,0.6429600000000001
1775737061.7922297,339.2025456428528,PLC -> IO,0.36112
1775737061.9203432,339.33065915107727,PLC -> IO,0.64288
1775737062.0482326,339.4585485458374,PLC -> IO,0.86568
1775737062.1759949,339.5863108634949,PLC -> IO,0.35648
1775737062.304738,339.71505403518677,PLC -> IO,0.36904
1775737062.4319968,339.8423128128052,PLC -> IO,0.8644
1775737062.5601144,339.9704303741455,PLC -> IO,0.64712
1775737062.687871,340.0981869697571,PLC -> IO,0.64632
1775737062.8147602,340.2250761985779,PLC -> IO,1.86656
1775737062.9438798,340.3541958332062,PLC -> IO,0.64464
1775737063.0722816,340.4825975894928,PLC -> IO,0.3544
1775737063.2003868,340.610702753067,PLC -> IO,0.6485599999999999
1775737063.327643,340.73795890808105,PLC -> IO,2.14888
1775737063.4560432,340.8663592338562,PLC -> IO,0.35304
1775737063.5841503,340.99446630477905,PLC -> IO,0.6820799999999999
1775737063.712909,341.1232249736786,PLC -> IO,0.16264
1775737063.8401594,341.25047540664673,PLC -> IO,0.65016
1775737063.9685664,341.3788824081421,PLC -> IO,0.3524
1775737064.095843,341.50615906715393,PLC -> IO,0.82872
1775737064.2245772,341.6348931789398,PLC -> IO,0.84816
1775737064.3523307,341.76264667510986,PLC -> IO,0.35032
1775737064.4804325,341.890748500824,PLC -> IO,0.6521600000000001
1775737064.607688,342.0180039405823,PLC -> IO,0.65272
1775737064.7345922,342.14490818977356,PLC -> IO,1.84928
1775737064.8641956,342.27451157569885,PLC -> IO,0.64656
1775737064.9929554,342.4032714366913,PLC -> IO,1.68224
1775737065.1201985,342.5305144786835,PLC -> IO,0.6602399999999999
1775737065.2479625,342.658278465271,PLC -> IO,0.65456
1775737065.3758676,342.78618359565735,PLC -> IO,0.8495199999999999
1775737065.503972,342.91428804397583,PLC -> IO,0.65488
1775737065.63238,343.0426959991455,PLC -> IO,0.34608
1775737065.7604723,343.17078828811646,PLC -> IO,0.66168
1775737065.8877594,343.2980754375458,PLC -> IO,0.62376
1775737066.0156522,343.425968170166,PLC -> IO,0.8343200000000001
1775737066.1443992,343.5547151565552,PLC -> IO,0.83656
1775737066.2724955,343.68281149864197,PLC -> IO,2.16664
1775737066.3999062,343.81022214889526,PLC -> IO,0.34343999999999997
1775737066.5274956,343.9378116130829,PLC -> IO,0.66584
1775737066.655909,344.0662250518799,PLC -> IO,0.34944000000000003
1775737066.7840245,344.194340467453,PLC -> IO,0.6596
1775737066.9119258,344.3222417831421,PLC -> IO,0.8384
1775737067.0405226,344.4508385658264,PLC -> IO,0.17087999999999998
1775737067.167779,344.57809495925903,PLC -> IO,0.66016
1775737067.295702,344.7060179710388,PLC -> IO,0.82264
1775737067.4237874,344.834103345871,PLC -> IO,0.66264
1775737067.5525362,344.96285223960876,PLC -> IO,0.66672
1775737067.680294,345.09061002731323,PLC -> IO,0.66328
1775737067.8082108,345.21852684020996,PLC -> IO,0.84024
1775737067.935965,345.34628105163574,PLC -> IO,0.33327999999999997
1775737068.064713,345.4750289916992,PLC -> IO,0.8766400000000001
1775737068.191975,345.60229110717773,PLC -> IO,0.84112
1775737068.3197088,345.7300248146057,PLC -> IO,0.352
1775737068.4478233,345.8581392765045,PLC -> IO,0.66528
1775737068.5747397,345.98505568504333,PLC -> IO,1.83888
1775737068.7044916,346.1148076057434,PLC -> IO,0.84104
1775737068.8322527,346.242568731308,PLC -> IO,0.33544
1775737068.9588392,346.3691551685333,PLC -> IO,0.66696
1775737069.0875952,346.4979112148285,PLC -> IO,0.66232
1775737069.2160146,346.62633061408997,PLC -> IO,0.33399999999999996
1775737069.3441026,346.7544186115265,PLC -> IO,0.66832
1775737069.4720244,346.8823404312134,PLC -> IO,0.8368800000000001
1775737069.6001117,347.01042771339417,PLC -> IO,0.66904
1775737069.7285378,347.13885378837585,PLC -> IO,0.33048
1775737069.8557887,347.26610469818115,PLC -> IO,0.8355199999999999
1775737069.9838774,347.3941934108734,PLC -> IO,0.6701600000000001
1775737070.1122952,347.52261114120483,PLC -> IO,0.33808
1775737070.2385535,347.64886951446533,PLC -> IO,1.8312000000000002
1775737070.3676412,347.777957201004,PLC -> IO,0.67064
1775737070.4945564,347.90487241744995,PLC -> IO,1.83728
1775737070.6241477,348.0344636440277,PLC -> IO,0.6734399999999999
1775737070.7520738,348.162389755249,PLC -> IO,0.834
1775737070.8801568,348.2904727458954,PLC -> IO,0.67328
1775737071.0085886,348.418904542923,PLC -> IO,0.32832
1775737071.1358378,348.5461537837982,PLC -> IO,0.8315199999999999
1775737071.263917,348.6742329597473,PLC -> IO,0.6816
1775737071.3923514,348.8026673793793,PLC -> IO,0.32688
1775737071.5196064,348.9299223423004,PLC -> IO,0.8244800000000001
1775737071.6483614,349.05867743492126,PLC -> IO,0.8244800000000001
1775737071.775616,349.18593192100525,PLC -> IO,0.8228800000000001
1775737071.904371,349.3146870136261,PLC -> IO,0.81856
1775737072.0329604,349.4432764053345,PLC -> IO,2.6818400000000002
1775737072.1602018,349.5705177783966,PLC -> IO,2.18312
1775737072.2874482,349.6977641582489,PLC -> IO,0.6848
1775737072.4148853,349.8252012729645,PLC -> IO,1.3256
1775737072.5439768,349.95429277420044,PLC -> IO,0.67168
1775737072.6718972,350.08221316337585,PLC -> IO,0.81944
1775737072.7996635,350.20997953414917,PLC -> IO,0.81152
1775737072.9277306,350.33804655075073,PLC -> IO,0.67472
1775737073.0556734,350.4659893512726,PLC -> IO,0.8036
1775737073.1837394,350.59405541419983,PLC -> IO,0.68096
1775737073.3121722,350.72248816490173,PLC -> IO,0.32024
1775737073.4402401,350.8505561351776,PLC -> IO,0.68856
1775737073.5681822,350.9784982204437,PLC -> IO,0.8215199999999999
1775737073.6959364,351.1062524318695,PLC -> IO,0.31248000000000004
1775737073.82401,351.2343258857727,PLC -> IO,0.6779200000000001
1775737073.9519465,351.3622624874115,PLC -> IO,0.82216
1775737074.0796857,351.4900016784668,PLC -> IO,0.32824
1775737074.2077756,351.61809158325195,PLC -> IO,0.6842400000000001
1775737074.3347092,351.74502515792847,PLC -> IO,1.8224
1775737074.4637778,351.87409377098083,PLC -> IO,0.6920000000000001
1775737074.5922241,352.00254011154175,PLC -> IO,0.31648
1775737074.7202928,352.13060879707336,PLC -> IO,0.68512
1775737074.8475406,352.25785660743713,PLC -> IO,0.69336
1775737074.9759867,352.38630270957947,PLC -> IO,0.31423999999999996
1775737075.104055,352.5143709182739,PLC -> IO,0.71368
1775737075.2319956,352.64231157302856,PLC -> IO,0.81808
1775737075.360064,352.7703800201416,PLC -> IO,0.68824
1775737075.4885092,352.8988251686096,PLC -> IO,0.31376
1775737075.61576,353.0260760784149,PLC -> IO,0.81664
1775737075.744519,353.15483498573303,PLC -> IO,0.83744
1775737075.8722734,353.2825894355774,PLC -> IO,0.31223999999999996
1775737075.999527,353.40984296798706,PLC -> IO,0.81016
1775737076.1275928,353.5379087924957,PLC -> IO,0.69152
1775737076.2545347,353.6648507118225,PLC -> IO,1.81152
1775737076.3841002,353.7944161891937,PLC -> IO,0.68456
1775737076.5120451,353.9223611354828,PLC -> IO,0.81496
1775737076.640109,354.0504250526428,PLC -> IO,0.6923199999999999
1775737076.7678683,354.17818427085876,PLC -> IO,0.68384
1775737076.8966217,354.30693769454956,PLC -> IO,0.69312
1775737077.0238836,354.4341995716095,PLC -> IO,0.72072
1775737077.1523228,354.56263875961304,PLC -> IO,0.30791999999999997
1775737077.2803822,354.69069814682007,PLC -> IO,0.19736
1775737077.4083326,354.81864857673645,PLC -> IO,0.8056800000000001
1775737077.53642,354.9467360973358,PLC -> IO,1.31288
1775737077.6643424,355.07465839385986,PLC -> IO,0.7979200000000001
1775737077.7920945,355.20241045951843,PLC -> IO,0.81576
1775737077.9183483,355.3286643028259,PLC -> IO,1.8068
1775737078.0479202,355.4582362174988,PLC -> IO,0.18408000000000002
1775737078.1743593,355.58467531204224,PLC -> IO,2.33392
1775737078.303929,355.7142450809479,PLC -> IO,0.6977599999999999
1775737078.4318686,355.8421845436096,PLC -> IO,0.8073600000000001
1775737078.5604274,355.97074341773987,PLC -> IO,0.2092
1775737078.6876829,356.09799885749817,PLC -> IO,0.69896
1775737078.8164363,356.22675228118896,PLC -> IO,0.6944
1775737078.943692,356.35400795936584,PLC -> IO,0.69992
1775737079.0721436,356.4824595451355,PLC -> IO,0.30176
1775737079.2001994,356.61051535606384,PLC -> IO,0.69384
1775737079.3281543,356.7384703159332,PLC -> IO,0.7769600000000001
1775737079.4562082,356.86652421951294,PLC -> IO,0.7016
1775737079.5839622,356.99427819252014,PLC -> IO,0.6968
1775737079.7119179,357.12223386764526,PLC -> IO,0.8031200000000001
1775737079.8396533,357.2499692440033,PLC -> IO,0.31824
1775737079.9677236,357.37803959846497,PLC -> IO,0.70752
1775737080.0946572,357.5049731731415,PLC -> IO,1.8532
1775737080.223308,357.63362407684326,PLC -> IO,0.4288
1775737080.3521955,357.7625114917755,PLC -> IO,0.29064
1775737080.4802444,357.89056038856506,PLC -> IO,0.70496
1775737080.6075,358.01781606674194,PLC -> IO,0.69696
1775737080.7362533,358.14656925201416,PLC -> IO,0.70824
1775737080.8640075,358.27432346343994,PLC -> IO,0.7325600000000001
1775737080.9919672,358.4022831916809,PLC -> IO,0.7988
1775737081.1200173,358.53033328056335,PLC -> IO,0.70624
1775737081.2485068,358.6588227748871,PLC -> IO,0.26824
1775737081.376529,358.7868449687958,PLC -> IO,0.7088
1775737081.5045168,358.9148328304291,PLC -> IO,0.79208
1775737081.6322448,359.04256081581116,PLC -> IO,0.29312
1775737081.7594984,359.1698143482208,PLC -> IO,0.7912
1775737081.8875449,359.2978608608246,PLC -> IO,0.73608
1775737082.014506,359.4248220920563,PLC -> IO,2.34168
1775737082.1447895,359.55510544776917,PLC -> IO,1.77056
1775737082.2720163,359.682332277298,PLC -> IO,0.79608
1775737082.4000616,359.81037759780884,PLC -> IO,0.71128
1775737082.5278196,359.9381356239319,PLC -> IO,0.7074400000000001
1775737082.6565742,360.0668902397156,PLC -> IO,0.20856
1775737082.7838287,360.19414472579956,PLC -> IO,0.7388
1775737082.912287,360.32260298728943,PLC -> IO,0.296
1775737083.0403345,360.4506504535675,PLC -> IO,0.2164
1775737083.1683278,360.5786437988281,PLC -> IO,0.76368
1775737083.2963436,360.7066595554352,PLC -> IO,0.71
1775737083.4243147,360.83463072776794,PLC -> IO,0.81128
1775737083.5520587,360.9623746871948,PLC -> IO,0.83904
1775737083.67982,361.090136051178,PLC -> IO,0.28647999999999996
1775737083.8078725,361.2181885242462,PLC -> IO,0.20312
1775737083.934828,361.345144033432,PLC -> IO,1.81752
1775737084.0638814,361.4741973876953,PLC -> IO,0.71648
1775737084.1918397,361.6021556854248,PLC -> IO,0.7884
1775737084.3203804,361.73069643974304,PLC -> IO,0.22735999999999998
1775737084.4476352,361.8579511642456,PLC -> IO,0.7180799999999999
1775737084.5763886,361.9867045879364,PLC -> IO,0.71944
1775737084.7036417,362.1139576435089,PLC -> IO,0.72136
1775737084.8321478,362.2424638271332,PLC -> IO,0.2524
1775737084.9601517,362.3704676628113,PLC -> IO,2.25168
1775737085.0886636,362.49897956848145,PLC -> IO,0.21552
1775737085.2161608,362.62647676467896,PLC -> IO,0.72048
1775737085.3446362,362.7549521923065,PLC -> IO,0.81048
1775737085.472419,362.8827350139618,PLC -> IO,0.24832
1775737085.5999238,363.01023983955383,PLC -> IO,0.71088
1775737085.7276733,363.13798928260803,PLC -> IO,0.75552
1775737085.8546305,363.2649464607239,PLC -> IO,1.83216
1775737085.9836893,363.3940052986145,PLC -> IO,0.72312
1775737086.112167,363.5224828720093,PLC -> IO,0.27327999999999997
1775737086.2401967,363.6505126953125,PLC -> IO,0.7240000000000001
1775737086.3674533,363.7777693271637,PLC -> IO,0.72336
1775737086.496199,363.9065148830414,PLC -> IO,0.7316
1775737086.6239598,364.0342757701874,PLC -> IO,0.72616
1775737086.7519317,364.1622476577759,PLC -> IO,0.7868
1775737086.8799686,364.2902846336365,PLC -> IO,0.7260800000000001
1775737087.0084782,364.41879415512085,PLC -> IO,0.24919999999999998
1775737087.1364813,364.5467972755432,PLC -> IO,0.7201599999999999
1775737087.2644618,364.67477774620056,PLC -> IO,0.79944
1775737087.392216,364.80253195762634,PLC -> IO,0.27432
1775737087.5194628,364.9297788143158,PLC -> IO,0.7800800000000001
1775737087.6474974,365.0578134059906,PLC -> IO,0.75504
1775737087.7762508,365.1865668296814,PLC -> IO,0.72216
1775737087.9040048,365.3143208026886,PLC -> IO,0.72952
1775737088.0319877,365.44230365753174,PLC -> IO,0.7771199999999999
1775737088.1600137,365.5703296661377,PLC -> IO,0.73032
1775737088.287772,365.6980879306793,PLC -> IO,0.2256
1775737088.4165263,365.82684230804443,PLC -> IO,0.2276
1775737088.5437808,365.9540967941284,PLC -> IO,0.75792
1775737088.6717618,366.0820777416229,PLC -> IO,0.77464
1775737088.800287,366.2106029987335,PLC -> IO,0.7588
1775737088.9282753,366.338591337204,PLC -> IO,0.7676000000000001
1775737089.0562959,366.4666118621826,PLC -> IO,0.7332000000000001
1775737089.1842852,366.5946011543274,PLC -> IO,0.79312
1775737089.312037,366.7223529815674,PLC -> IO,0.78056
1775737089.4397914,366.85010743141174,PLC -> IO,0.26743999999999996
1775737089.5688605,366.97917652130127,PLC -> IO,0.30568
1775737089.694301,367.10461688041687,PLC -> IO,2.29696
1775737089.823834,367.2341499328613,PLC -> IO,0.72936
1775737089.9518113,367.36212730407715,PLC -> IO,2.26976
1775737090.0803268,367.490642786026,PLC -> IO,0.25232
1775737090.2075875,367.61790347099304,PLC -> IO,0.73704
1775737090.3363411,367.7466571331024,PLC -> IO,0.73744
1775737090.4635897,367.8739056587219,PLC -> IO,1.26952
1775737090.5920863,368.002402305603,PLC -> IO,0.26368
1775737090.720105,368.13042092323303,PLC -> IO,0.76424
1775737090.8486354,368.25895142555237,PLC -> IO,0.19896
1775737090.976113,368.3864290714264,PLC -> IO,0.73352
1775737091.1046107,368.5149266719818,PLC -> IO,0.78832
1775737091.2318604,368.6421763896942,PLC -> IO,0.76504
1775737091.3596022,368.7699182033539,PLC -> IO,0.27376
1775737091.4876328,368.89794874191284,PLC -> IO,0.7676000000000001
1775737091.616415,369.0267310142517,PLC -> IO,0.7084
1775737091.7441401,369.15445613861084,PLC -> IO,0.2436
1775737091.8721383,369.28245425224304,PLC -> IO,0.2536
1775737092.000149,369.41046500205994,PLC -> IO,0.7409600000000001
1775737092.1274047,369.5377206802368,PLC -> IO,0.74416
1775737092.2561557,369.6664717197418,PLC -> IO,0.74624
1775737092.383912,369.7942280769348,PLC -> IO,0.77064
1775737092.5119097,369.92222571372986,PLC -> IO,0.76104
1775737092.6399143,370.0502302646637,PLC -> IO,0.77824
1775737092.7684495,370.1787655353546,PLC -> IO,0.23112
1775737092.8964338,370.30674982070923,PLC -> IO,0.7459199999999999
1775737093.024434,370.43475008010864,PLC -> IO,0.7794399999999999
1775737093.1521873,370.5625033378601,PLC -> IO,0.25544
1775737093.2802205,370.69053649902344,PLC -> IO,0.7480800000000001
1775737093.4081905,370.8185064792633,PLC -> IO,0.75976
1775737093.5368493,370.9471652507782,PLC -> IO,0.12936
1775737093.6639574,371.0742733478546,PLC -> IO,0.7416
1775737093.7919855,371.2023015022278,PLC -> IO,0.7312
1775737093.9199672,371.330283164978,PLC -> IO,0.7484
1775737094.0477242,371.45804023742676,PLC -> IO,0.74136
1775737094.1764789,371.58679485321045,PLC -> IO,0.24752
1775737094.30451,371.71482610702515,PLC -> IO,0.72208
1775737094.431728,371.84204387664795,PLC -> IO,0.7598400000000001
1775737094.5595253,371.96984124183655,PLC -> IO,0.714
1775737094.6882732,372.0985891819,PLC -> IO,0.7480800000000001
1775737094.8162482,372.22656416893005,PLC -> IO,0.75224
1775737094.9442565,372.35457253456116,PLC -> IO,0.7478400000000001
1775737095.0720084,372.48232436180115,PLC -> IO,0.7624
1775737095.1997561,372.6100721359253,PLC -> IO,0.2484
1775737095.3277743,372.73809027671814,PLC -> IO,0.78352
1775737095.4557726,372.8660886287689,PLC -> IO,0.7488
1775737095.5837836,372.9940996170044,PLC -> IO,0.75456
1775737095.7117825,373.12209844589233,PLC -> IO,0.7504000000000001
1775737095.8402777,373.25059366226196,PLC -> IO,0.26576
1775737095.9675407,373.3778567314148,PLC -> IO,0.7552
1775737096.0962934,373.50660943984985,PLC -> IO,0.75632
1775737096.2248316,373.6351475715637,PLC -> IO,0.2128
1775737096.3520577,373.7623736858368,PLC -> IO,0.74424
1775737096.4798386,373.89015460014343,PLC -> IO,0.21783999999999998
1775737096.6080675,374.0183835029602,PLC -> IO,0.72472
1775737096.7360654,374.1463813781738,PLC -> IO,0.7584
1775737096.8645847,374.27490067481995,PLC -> IO,0.76656
1775737096.9918318,374.402147769928,PLC -> IO,0.73936
1775737097.1195838,374.52989983558655,PLC -> IO,0.2456
1775737097.247585,374.6579010486603,PLC -> IO,0.7865599999999999
1775737097.374583,374.78489899635315,PLC -> IO,1.75064
1775737097.5040925,374.9144084453583,PLC -> IO,0.26264000000000004
1775737097.6321092,375.04242515563965,PLC -> IO,0.7325600000000001
1775737097.7601016,375.17041754722595,PLC -> IO,0.76192
1775737097.8873572,375.29767322540283,PLC -> IO,3.25776
1775737098.0161033,375.4264192581177,PLC -> IO,0.77016
1775737098.144654,375.55497002601624,PLC -> IO,0.21256
1775737098.271876,375.68219208717346,PLC -> IO,0.74792
1775737098.3996618,375.8099777698517,PLC -> IO,0.20656
1775737098.5284219,375.9387378692627,PLC -> IO,0.21023999999999998
1775737098.6563861,376.06670212745667,PLC -> IO,0.75808
1775737098.7844043,376.1947202682495,PLC -> IO,0.72832
1775737098.9121587,376.3224747180939,PLC -> IO,0.23631999999999997
1775737099.0394053,376.44972133636475,PLC -> IO,0.7412
1775737099.167401,376.57771706581116,PLC -> IO,0.7675200000000001
1775737099.29442,376.704735994339,PLC -> IO,2.2668
1775737099.4232028,376.833518743515,PLC -> IO,0.7068000000000001
1775737099.552667,376.9629828929901,PLC -> IO,1.7988
1775737099.6799185,377.09023451805115,PLC -> IO,0.7707999999999999
1775737099.8076699,377.217985868454,PLC -> IO,0.27280000000000004
1775737099.93896,377.3492760658264,PLC -> IO,3.25016
1775737100.06445,377.47476601600647,PLC -> IO,0.73472
1775737100.1917045,377.60202050209045,PLC -> IO,0.73576
1775737100.3194869,377.72980284690857,PLC -> IO,0.70576
1775737100.4482446,377.8585605621338,PLC -> IO,0.70312
1775737100.575226,377.9855420589447,PLC -> IO,1.74672
1775737100.703982,378.11429810523987,PLC -> IO,0.77144
1775737100.831234,378.2415499687195,PLC -> IO,0.7457600000000001
1775737100.9599636,378.37027955055237,PLC -> IO,0.79984
1775737101.0885284,378.4988443851471,PLC -> IO,0.20288
1775737101.2142434,378.6245594024658,PLC -> IO,2.25928
1775737101.3435366,378.7538526058197,PLC -> IO,0.19512
1775737101.4717538,378.8820698261261,PLC -> IO,0.73232
1775737101.6002367,379.0105526447296,PLC -> IO,0.2852
1775737101.7282672,379.1385831832886,PLC -> IO,0.75176
1775737101.856272,379.266587972641,PLC -> IO,0.74896
1775737101.984277,379.394593000412,PLC -> IO,0.7178399999999999
1775737102.1127574,379.5230734348297,PLC -> IO,0.78136
1775737102.2400088,379.65032482147217,PLC -> IO,4.28616
1775737102.3685782,379.7788941860199,PLC -> IO,0.1728
1775737102.495043,379.9053590297699,PLC -> IO,1.7452800000000002
1775737102.62456,380.03487610816956,PLC -> IO,0.74464
1775737102.7518032,380.16211915016174,PLC -> IO,0.72032
1775737102.8795512,380.28986716270447,PLC -> IO,0.22968000000000002
1775737103.008343,380.4186589717865,PLC -> IO,0.72136
1775737103.1345568,380.5448727607727,PLC -> IO,1.7297600000000002
1775737103.263351,380.6736669540405,PLC -> IO,1.69592
1775737103.3920808,380.802396774292,PLC -> IO,0.7200000000000001
1775737103.5200481,380.9303641319275,PLC -> IO,0.78664
1775737103.6480906,381.0584065914154,PLC -> IO,0.74568
1775737103.776056,381.18637204170227,PLC -> IO,0.78856
1775737103.9046254,381.31494140625,PLC -> IO,0.19344
1775737104.0325756,381.4428915977478,PLC -> IO,0.7825599999999999
1775737104.1596332,381.56994915008545,PLC -> IO,0.18584
1775737104.2883923,381.69870829582214,PLC -> IO,0.1924
1775737104.4163659,381.8266818523407,PLC -> IO,0.7566400000000001
1775737104.5443757,381.9546916484833,PLC -> IO,0.71104
1775737104.67213,382.08244609832764,PLC -> IO,0.21824
1775737104.7991233,382.2094392776489,PLC -> IO,0.26032
1775737104.9281402,382.33845615386963,PLC -> IO,0.71488
1775737105.0543914,382.46470737457275,PLC -> IO,2.24808
1775737105.1831744,382.59349036216736,PLC -> IO,0.68776
1775737105.3119018,382.72221779823303,PLC -> IO,0.72024
1775737105.439871,382.85018706321716,PLC -> IO,0.7872
1775737105.5696504,382.97996640205383,PLC -> IO,11.31456
1775737105.6963835,383.1066994667053,PLC -> IO,0.28448
1775737105.8244529,383.2347688674927,PLC -> IO,0.6842400000000001
1775737105.951676,383.3619918823242,PLC -> IO,0.71664
1775737106.0794609,383.4897768497467,PLC -> IO,0.6832
1775737106.2082157,383.618531703949,PLC -> IO,0.6842400000000001
1775737106.3351784,383.74549436569214,PLC -> IO,1.7580799999999999
1775737106.464199,383.8745150566101,PLC -> IO,1.2408000000000001
1775737106.5919511,384.0022671222687,PLC -> IO,0.71664
1775737106.7189412,384.12925720214844,PLC -> IO,1.7589599999999999
1775737106.8484998,384.25881576538086,PLC -> IO,0.21032
1775737106.9757164,384.38603234291077,PLC -> IO,0.7056
1775737107.1034746,384.5137906074524,PLC -> IO,0.21624000000000002
1775737107.2317252,384.64204120635986,PLC -> IO,0.71248
1775737107.3588245,384.76914048194885,PLC -> IO,1.6686400000000001
1775737107.4882386,384.89855456352234,PLC -> IO,0.73656
1775737107.6150026,385.0253186225891,PLC -> IO,1.99
1775737107.744954,385.1552700996399,PLC -> IO,0.8212
1775737107.8720005,385.2823164463043,PLC -> IO,0.7132799999999999
1775737107.9997811,385.4100971221924,PLC -> IO,0.17992
1775737108.1285505,385.538866519928,PLC -> IO,0.16016000000000002
1775737108.2549956,385.6653115749359,PLC -> IO,1.77128
1775737108.3845332,385.7948491573334,PLC -> IO,0.69136
1775737108.510799,385.9211149215698,PLC -> IO,1.68384
1775737108.6402369,386.0505528450012,PLC -> IO,0.32296
1775737108.7667756,386.17709159851074,PLC -> IO,0.7083200000000001
1775737108.8980713,386.3083872795105,PLC -> IO,0.67688
1775737109.0233223,386.4336383342743,PLC -> IO,0.6749599999999999
1775737109.1527464,386.5630624294281,PLC -> IO,0.30088
1775737109.2800062,386.6903221607208,PLC -> IO,0.8008
1775737109.4080622,386.81837821006775,PLC -> IO,0.72648
1775737109.5359216,386.9462375640869,PLC -> IO,0.73976
1775737109.6637957,387.074111700058,PLC -> IO,0.80208
1775737109.792521,387.20283699035645,PLC -> IO,0.80152
1775737109.9194257,387.3297417163849,PLC -> IO,8.672080000000001
1775737110.0483372,387.4586532115936,PLC -> IO,0.6980000000000001
1775737110.175316,387.58563208580017,PLC -> IO,1.7776
1775737110.303371,387.7136869430542,PLC -> IO,1.67344
1775737110.4306223,387.84093832969666,PLC -> IO,0.70192
1775737110.5600512,387.97036719322205,PLC -> IO,0.8315199999999999
1775737110.6871357,388.09745168685913,PLC -> IO,1.72448
1775737110.8143628,388.2246787548065,PLC -> IO,2.2292
1775737110.9431124,388.35342836380005,PLC -> IO,0.7020000000000001
1775737111.0725744,388.48289036750793,PLC -> IO,0.30088
1775737111.1998234,388.6101393699646,PLC -> IO,3.34024
1775737111.327882,388.7381980419159,PLC -> IO,1.2248
1775737111.456336,388.86665201187134,PLC -> IO,0.30344
1775737111.584424,388.99474000930786,PLC -> IO,0.6653600000000001
1775737111.7123451,389.122661113739,PLC -> IO,0.80784
1775737111.8394322,389.24974822998047,PLC -> IO,0.6642399999999999
1775737111.968187,389.37850308418274,PLC -> IO,0.66624
1775737112.0944474,389.50476336479187,PLC -> IO,0.6561600000000001
1775737112.223195,389.63351106643677,PLC -> IO,38.25824
1775737112.350947,389.76126289367676,PLC -> IO,1.6799199999999999
1775737112.4788928,389.88920879364014,PLC -> IO,0.28664
1775737112.6084719,390.01878786087036,PLC -> IO,0.19064
1775737112.7341864,390.14450240135193,PLC -> IO,2.19456
1775737112.8634791,390.27379512786865,PLC -> IO,0.16344
1775737112.9923875,390.40270352363586,PLC -> IO,0.80776
1775737113.1201425,390.5304584503174,PLC -> IO,0.322
1775737113.24821,390.6585259437561,PLC -> IO,0.71392
1775737113.3761795,390.7864954471588,PLC -> IO,0.7785599999999999
1775737113.5047457,390.915061712265,PLC -> IO,0.16088
1775737113.6326652,391.0429811477661,PLC -> IO,0.30168
1775737113.758938,391.16925406455994,PLC -> IO,0.31607999999999997
1775737113.887006,391.2973220348358,PLC -> IO,1.66032
1775737114.014948,391.42526388168335,PLC -> IO,1.7850400000000002
1775737114.1445045,391.55482053756714,PLC -> IO,35.51328
1775737114.2724361,391.68275213241577,PLC -> IO,0.8154399999999999
1775737114.4001892,391.81050515174866,PLC -> IO,0.31088
1775737114.5282867,391.93860268592834,PLC -> IO,0.6824
1775737114.654506,392.06482195854187,PLC -> IO,1.71864
1775737114.7839496,392.19426560401917,PLC -> IO,0.3196
1775737114.9194002,392.3297162055969,PLC -> IO,5.14576
1775737115.0399566,392.45027256011963,PLC -> IO,0.82104
1775737115.1680267,392.5783426761627,PLC -> IO,0.71528
1775737115.2959678,392.7062838077545,PLC -> IO,0.8196
1775737115.423748,392.8340640068054,PLC -> IO,0.8220000000000001
1775737115.5515046,392.961820602417,PLC -> IO,0.3168
1775737115.679577,393.0898931026459,PLC -> IO,0.15368
1775737115.808302,393.2186179161072,PLC -> IO,0.18744
1775737115.934584,393.344899892807,PLC -> IO,0.68456
1775737116.0643184,393.4746344089508,PLC -> IO,36.76656
1775737116.1922524,393.60256838798523,PLC -> IO,0.82256
1775737116.3200047,393.7303206920624,PLC -> IO,0.8496
1775737116.4481091,393.85842514038086,PLC -> IO,0.67696
1775737116.5758624,393.9861783981323,PLC -> IO,0.1504
1775737116.7046175,394.1149334907532,PLC -> IO,0.15136
1775737116.8325267,394.24284267425537,PLC -> IO,0.31984
1775737116.9597757,394.37009167671204,PLC -> IO,0.8252
1775737117.0878544,394.498170375824,PLC -> IO,1.20488
1775737117.2162883,394.6266043186188,PLC -> IO,0.32248
1775737117.3425744,394.75289034843445,PLC -> IO,5.8028
1775737117.4722984,394.88261437416077,PLC -> IO,0.8260000000000001
1775737117.5994036,395.00971961021423,PLC -> IO,0.6450400000000001
1775737117.7271564,395.13747239112854,PLC -> IO,1.64832
1775737117.85438,395.26469588279724,PLC -> IO,2.21792
1775737117.9841418,395.39445781707764,PLC -> IO,37.26376
1775737118.1109183,395.5212342739105,PLC -> IO,1.66176
1775737118.239143,395.64945888519287,PLC -> IO,0.678
1775737118.3689222,395.77923822402954,PLC -> IO,0.18288000000000001
1775737118.4941578,395.9044737815857,PLC -> IO,2.20208
1775737118.6235955,396.0339114665985,PLC -> IO,0.82472
1775737118.7523425,396.16265845298767,PLC -> IO,5.84096
1775737118.8786027,396.2889187335968,PLC -> IO,2.3489600000000004
1775737119.0081813,396.41849732398987,PLC -> IO,0.69488
1775737119.1361294,396.54644536972046,PLC -> IO,0.8059999999999999
1775737119.264717,396.6750330924988,PLC -> IO,0.14200000000000002
1775737119.3920298,396.80234575271606,PLC -> IO,0.5936
1775737119.5198667,396.9301826953888,PLC -> IO,0.83272
1775737119.6484923,397.0588083267212,PLC -> IO,0.12904
1775737119.7749002,397.1852161884308,PLC -> IO,1.8092
1775737119.9036467,397.3139626979828,PLC -> IO,1.83112
1775737120.0313761,397.44169211387634,PLC -> IO,0.33432
1775737120.159481,397.569797039032,PLC -> IO,0.6604
1775737120.2882571,397.6985731124878,PLC -> IO,0.66432
1775737120.4161456,397.8264615535736,PLC -> IO,0.8600800000000001
1775737120.5432649,397.95358085632324,PLC -> IO,0.6370399999999999
1775737120.672659,398.0829749107361,PLC -> IO,0.33799999999999997
1775737120.7999043,398.21022033691406,PLC -> IO,0.8446400000000001
1775737120.9276915,398.33800745010376,PLC -> IO,0.31328
1775737121.0567586,398.46707463264465,PLC -> IO,1.66888
1775737121.1837003,398.59401631355286,PLC -> IO,0.8128000000000001
1775737121.3124328,398.7227487564087,PLC -> IO,0.8395199999999999
1775737121.438733,398.8490490913391,PLC -> IO,0.81416
1775737121.5668008,398.9771168231964,PLC -> IO,1.64168
1775737121.6952205,399.10553646087646,PLC -> IO,1.8159999999999998
1775737121.8242908,399.2346067428589,PLC -> IO,36.746559999999995
1775737121.950565,399.3608810901642,PLC -> IO,1.63944
1775737122.079956,399.4902720451355,PLC -> IO,0.84224
1775737122.2080543,399.6183702945709,PLC -> IO,0.6779200000000001
1775737122.3364966,399.746812582016,PLC -> IO,0.3388
1775737122.4630551,399.8733711242676,PLC -> IO,0.6639200000000001
1775737122.592472,400.002788066864,PLC -> IO,0.34592
1775737122.718727,400.1290431022644,PLC -> IO,1.84528
1775737122.8478239,400.2581398487091,PLC -> IO,1.6828800000000002
1775737122.9762406,400.3865566253662,PLC -> IO,3.3484000000000003
1775737123.102527,400.51284289360046,PLC -> IO,4.33128
1775737123.2322497,400.6425657272339,PLC -> IO,0.84576
1775737123.3593748,400.7696907520294,PLC -> IO,1.6216
1775737123.4881299,400.89844584465027,PLC -> IO,0.6530400000000001
1775737123.6150014,401.0253174304962,PLC -> IO,1.85592
1775737123.7441134,401.15442943573,PLC -> IO,37.244640000000004
1775737123.8725328,401.28284883499146,PLC -> IO,2.84432
1775737123.9991212,401.40943717956543,PLC -> IO,0.6452800000000001
1775737124.128414,401.53872990608215,PLC -> IO,0.64264
1775737124.2563121,401.6666281223297,PLC -> IO,0.31928
1775737124.383422,401.7937378883362,PLC -> IO,0.11928
1775737124.5116394,401.92195534706116,PLC -> IO,0.65552
1775737124.6400464,402.0503623485565,PLC -> IO,0.36168
1775737124.7681527,402.17846870422363,PLC -> IO,0.6768
1775737124.8960817,402.3063976764679,PLC -> IO,0.8182400000000001
1775737125.0223353,402.4326512813568,PLC -> IO,1.82832
1775737125.1525772,402.56289315223694,PLC -> IO,0.33928
1775737125.279197,402.68951296806335,PLC -> IO,0.62144
1775737125.4079509,402.8182668685913,PLC -> IO,0.62624
1775737125.5358129,402.94612884521484,PLC -> IO,0.54528
1775737125.664447,403.0747630596161,PLC -> IO,36.72904
1775737125.790713,403.2010290622711,PLC -> IO,1.62688
1775737125.918596,403.3289120197296,PLC -> IO,1.85944
1775737126.0473733,403.4576892852783,PLC -> IO,0.85512
1775737126.1760962,403.586412191391,PLC -> IO,0.86072
1775737126.303203,403.7135190963745,PLC -> IO,0.65136
1775737126.4326105,403.8429265022278,PLC -> IO,0.35536
1775737126.561364,403.9716799259186,PLC -> IO,1.8904
1775737126.6879694,404.09828543663025,PLC -> IO,1.6684
1775737126.816376,404.22669196128845,PLC -> IO,0.35416000000000003
1775737126.9426177,404.3529336452484,PLC -> IO,4.391039999999999
1775737127.072386,404.48270201683044,PLC -> IO,0.85768
1775737127.1996355,404.60995149612427,PLC -> IO,0.8853599999999999
1775737127.3283873,404.738703250885,PLC -> IO,3.3696
1775737127.4551737,404.8654897212982,PLC -> IO,1.8340800000000002
1775737127.5842614,404.9945774078369,PLC -> IO,37.231519999999996
1775737127.712157,405.1224730014801,PLC -> IO,0.86064
1775737127.8399086,405.2502245903015,PLC -> IO,0.86112
1775737127.968052,405.3783679008484,PLC -> IO,0.6068
1775737128.096449,405.5067648887634,PLC -> IO,0.35784
1775737128.22306,405.6333758831024,PLC -> IO,0.6116
1775737128.3524234,405.76273941993713,PLC -> IO,0.36608
1775737128.478706,405.8890218734741,PLC -> IO,1.8387200000000001
1775737128.6077971,406.0181131362915,PLC -> IO,1.16672
1775737128.736188,406.1465039253235,PLC -> IO,0.35888000000000003
1775737128.8649466,406.275262594223,PLC -> IO,1.8831200000000001
1775737128.990587,406.4009029865265,PLC -> IO,1.61536
1775737129.1189456,406.5292615890503,PLC -> IO,0.36591999999999997
1775737129.2481015,406.6584174633026,PLC -> IO,0.60824
1775737129.3749878,406.78530383110046,PLC -> IO,1.84184
1775737129.503076,406.91339206695557,PLC -> IO,27.209600000000002
1775737129.630861,407.04117703437805,PLC -> IO,1.6231200000000001
1775737129.760588,407.1709039211273,PLC -> IO,0.63648
1775737129.888383,407.2986989021301,PLC -> IO,0.11008
1775737130.0162647,407.4265806674957,PLC -> IO,0.86928
1775737130.1433527,407.5536687374115,PLC -> IO,0.14768
1775737130.2722483,407.68256425857544,PLC -> IO,0.8680800000000001
1775737130.3999987,407.81031465530396,PLC -> IO,0.38024
1775737130.5281186,407.9384346008301,PLC -> IO,0.6625599999999999
1775737130.656034,408.06634998321533,PLC -> IO,0.844
1775737130.7831593,408.19347524642944,PLC -> IO,1.6044
1775737130.910905,408.3212208747864,PLC -> IO,1.6222400000000001
1775737131.0406425,408.4509584903717,PLC -> IO,0.6312800000000001
1775737131.1679223,408.5782382488251,PLC -> IO,0.60824
1775737131.2948053,408.7051212787628,PLC -> IO,1.84704
1775737131.4244196,408.83473563194275,PLC -> IO,36.708
1775737131.5521634,408.96247935295105,PLC -> IO,0.16184
1775737131.6804285,409.09074449539185,PLC -> IO,0.61976
1775737131.8081737,409.2184896469116,PLC -> IO,0.65264
1775737131.936082,409.3463978767395,PLC -> IO,0.87288
1775737132.0632052,409.473521232605,PLC -> IO,0.60152
1775737132.1925623,409.60287833213806,PLC -> IO,0.37744
1775737132.3206918,409.73100781440735,PLC -> IO,0.6305599999999999
1775737132.4479477,409.8582637310028,PLC -> IO,1.6426399999999999
1775737132.5763285,409.98664450645447,PLC -> IO,0.374
1775737132.703579,410.1138949394226,PLC -> IO,1.8792
1775737132.8317358,410.2420518398285,PLC -> IO,0.6016800000000001
1775737132.960459,410.37077498435974,PLC -> IO,0.6344000000000001
1775737133.0883465,410.49866247177124,PLC -> IO,3.3807199999999997
1775737133.2151256,410.6254415512085,PLC -> IO,0.37448
1775737133.344226,410.7545418739319,PLC -> IO,8.1456
1775737133.470508,410.8808240890503,PLC -> IO,1.6024800000000001
1775737133.5992355,411.00955152511597,PLC -> IO,1.62744
1775737133.7280235,411.13833951950073,PLC -> IO,0.62
1775737133.8564014,411.26671743392944,PLC -> IO,0.3768
1775737133.983624,411.3939399719238,PLC -> IO,0.37607999999999997
1775737134.1123827,411.52269864082336,PLC -> IO,0.37832000000000005
1775737134.238685,411.6490008831024,PLC -> IO,1.8304
1775737134.3677619,411.77807784080505,PLC -> IO,0.63232
1775737134.4961455,411.90646147727966,PLC -> IO,0.37944
1775737134.624899,412.03521490097046,PLC -> IO,1.9030399999999998
1775737134.7505584,412.16087436676025,PLC -> IO,0.6207199999999999
1775737134.8802934,412.2906093597412,PLC -> IO,0.61464
1775737135.008662,412.41897797584534,PLC -> IO,1.88672
1775737135.1349404,412.5452563762665,PLC -> IO,1.8529600000000002
1775737135.2640562,412.6743721961975,PLC -> IO,37.20776
1775737135.3924365,412.802752494812,PLC -> IO,1.88048
1775737135.5187025,412.92901849746704,PLC -> IO,1.8564
1775737135.6483567,413.0586726665497,PLC -> IO,0.08192
1775737135.776217,413.18653297424316,PLC -> IO,0.88192
1775737135.903365,413.3136808872223,PLC -> IO,0.08784
1775737136.0321977,413.4425137042999,PLC -> IO,3.3924
1775737136.158487,413.5688030719757,PLC -> IO,4.35656
1775737136.2880957,413.69841170310974,PLC -> IO,0.62432
1775737136.4159603,413.82627630233765,PLC -> IO,0.8893599999999999
1775737136.5447161,413.95503211021423,PLC -> IO,1.9082400000000002
1775737136.6708827,414.0811986923218,PLC -> IO,1.60032
1775737136.7987475,414.20906352996826,PLC -> IO,0.3932
1775737136.9278936,414.33820962905884,PLC -> IO,0.5940799999999999
1775737137.0552611,414.4655771255493,PLC -> IO,1.36248
1775737137.1843832,414.5946991443634,PLC -> IO,36.6968
1775737137.310656,414.7209720611572,PLC -> IO,1.5888
1775737137.4404,414.8507158756256,PLC -> IO,0.59824
1775737137.570273,414.98058891296387,PLC -> IO,11.024320000000001
1775737137.696008,415.10632395744324,PLC -> IO,0.91832
1775737137.8231459,415.23346185684204,PLC -> IO,0.61336
1775737137.9504287,415.36074471473694,PLC -> IO,2.08656
1775737138.0797682,415.49008417129517,PLC -> IO,0.89584
1775737138.2079124,415.61822843551636,PLC -> IO,0.612
1775737138.3362808,415.7465968132019,PLC -> IO,1.41048
1775737138.4650369,415.87535285949707,PLC -> IO,1.91456
1775737138.5907063,416.0010223388672,PLC -> IO,1.58104
1775737138.7185657,416.12888169288635,PLC -> IO,1.8716
1775737138.8467152,416.2570312023163,PLC -> IO,2.08216
1775737138.976053,416.38636898994446,PLC -> IO,0.39511999999999997
1775737139.1042042,416.51452016830444,PLC -> IO,37.203680000000006
1775737139.2304795,416.64079546928406,PLC -> IO,2.08096
1775737139.359212,416.7695279121399,PLC -> IO,2.1069600000000004
1775737139.4886215,416.8989374637604,PLC -> IO,1.86592
1775737139.616354,417.02666997909546,PLC -> IO,0.39511999999999997
1775737139.7435765,417.15389251708984,PLC -> IO,0.9266399999999999
1775737139.872336,417.2826519012451,PLC -> IO,0.8930400000000001
1775737139.9985766,417.40889263153076,PLC -> IO,1.9344
1775737140.1277401,417.5380561351776,PLC -> IO,0.60528
1775737140.256098,417.6664140224457,PLC -> IO,0.39848
1775737140.3848445,417.7951605319977,PLC -> IO,1.92776
1775737140.5105295,417.92084550857544,PLC -> IO,1.57744
1775737140.6402636,418.0505795478821,PLC -> IO,0.59704
1775737140.768044,418.17835998535156,PLC -> IO,0.56616
1775737140.8957953,418.3061113357544,PLC -> IO,0.5769599999999999
1775737141.0255282,418.43584418296814,PLC -> IO,35.68728
1775737141.150804,418.56112003326416,PLC -> IO,0.56856
1775737141.280537,418.6908528804779,PLC -> IO,0.59928
1775737141.4089139,418.8192298412323,PLC -> IO,2.87824
1775737141.5352747,418.9455907344818,PLC -> IO,0.26224000000000003
1775737141.663336,419.0736520290375,PLC -> IO,0.11312
1775737141.7921453,419.2024612426758,PLC -> IO,0.91408
1775737141.9189298,419.32924580574036,PLC -> IO,1.38488
1775737142.0486596,419.4589755535126,PLC -> IO,0.40944
1775737142.1749039,419.5852198600769,PLC -> IO,1.9181599999999999
1775737142.303693,419.71400904655457,PLC -> IO,0.382
1775737142.4303646,419.84068059921265,PLC -> IO,2.06976
1775737142.5605853,419.97090125083923,PLC -> IO,0.5892000000000001
1775737142.687865,420.0981810092926,PLC -> IO,0.578
1775737142.8152134,420.22552943229675,PLC -> IO,3.8892
1775737142.9443614,420.35467743873596,PLC -> IO,36.66576
1775737143.0706275,420.480943441391,PLC -> IO,1.5707200000000001
1775737143.199975,420.6102910041809,PLC -> IO,0.39624000000000004
1775737143.3271973,420.7375133037567,PLC -> IO,2.93512
1775737143.4559865,420.8663024902344,PLC -> IO,0.91104
1775737143.583705,420.9940209388733,PLC -> IO,0.41456000000000004
1775737143.7124677,421.1227836608887,PLC -> IO,0.4124
1775737143.838746,421.2490620613098,PLC -> IO,4.39592
1775737143.9684708,421.37878680229187,PLC -> IO,0.89456
1775737144.0962334,421.5065493583679,PLC -> IO,0.41112
1775737144.2249892,421.6353051662445,PLC -> IO,1.9346400000000001
1775737144.3506434,421.76095938682556,PLC -> IO,1.5920800000000002
1775737144.4785173,421.88883328437805,PLC -> IO,1.89152
1775737144.6081922,422.0185081958771,PLC -> IO,0.5576
1775737144.7359984,422.1463143825531,PLC -> IO,0.9216
1775737144.8641756,422.2744915485382,PLC -> IO,37.18408
1775737144.9910388,422.4013547897339,PLC -> IO,2.8952
1775737145.120684,422.5309998989105,PLC -> IO,0.5883200000000001
1775737145.2475462,422.6578621864319,PLC -> IO,6.9298399999999996
1775737145.3763063,422.7866222858429,PLC -> IO,0.4156
1775737145.5035288,422.9138448238373,PLC -> IO,1.9144800000000002
1775737145.6322875,423.0426034927368,PLC -> IO,0.41616
1775737145.7600412,423.17035722732544,PLC -> IO,0.40991999999999995
1775737145.886736,423.2970519065857,PLC -> IO,2.06128
1775737146.0160503,423.4263663291931,PLC -> IO,0.41744
1775737146.144804,423.5551199913025,PLC -> IO,1.93304
1775737146.2705011,423.6808171272278,PLC -> IO,2.05776
1775737146.4002347,423.81055068969727,PLC -> IO,0.57808
1775737146.52799,423.93830609321594,PLC -> IO,0.5768
1775737146.6548452,424.06516122817993,PLC -> IO,1.8977600000000001
1775737146.7839992,424.1943151950836,PLC -> IO,0.57672
1775737146.9107752,424.32109117507935,PLC -> IO,2.5676
1775737147.039007,424.44932293891907,PLC -> IO,0.5760000000000001
1775737147.1688673,424.57918334007263,PLC -> IO,0.14624
1775737147.296122,424.7064380645752,PLC -> IO,0.92616
1775737147.4233263,424.833642244339,PLC -> IO,0.03096
1775737147.5520551,424.96237111091614,PLC -> IO,0.04944
1775737147.6788814,425.08919739723206,PLC -> IO,1.41176
1775737147.808612,425.2189280986786,PLC -> IO,0.4284
1775737147.9358652,425.3461811542511,PLC -> IO,0.9272
1775737148.064621,425.4749369621277,PLC -> IO,1.9464000000000001
1775737148.190302,425.6006178855896,PLC -> IO,2.0849599999999997
1775737148.319629,425.7299449443817,PLC -> IO,3.43512
1775737148.4478364,425.85815238952637,PLC -> IO,0.55952
1775737148.5751634,425.9854793548584,PLC -> IO,1.3972
1775737148.7039194,426.11423540115356,PLC -> IO,0.44079999999999997
1775737148.8305986,426.2409145832062,PLC -> IO,0.5728000000000001
1775737148.959334,426.36964988708496,PLC -> IO,1.57176
1775737149.0886834,426.4989993572235,PLC -> IO,1.42416
1775737149.2159388,426.6262547969818,PLC -> IO,0.93
1775737149.343122,426.75343799591064,PLC -> IO,0.5419999999999999
1775737149.4724212,426.882737159729,PLC -> IO,0.4304
1775737149.598671,427.00898694992065,PLC -> IO,0.46088
1775737149.728429,427.1387450695038,PLC -> IO,0.91712
1775737149.8547065,427.2650225162506,PLC -> IO,2.91136
1775737149.9849417,427.3952577114105,PLC -> IO,1.94576
1775737150.1121948,427.52251076698303,PLC -> IO,0.44736
1775737150.2399418,427.65025782585144,PLC -> IO,0.43824
1775737150.3681302,427.77844619750977,PLC -> IO,0.5728000000000001
1775737150.494983,427.90529894828796,PLC -> IO,1.9104
1775737150.6241744,428.03449034690857,PLC -> IO,37.137671999999995
1775737150.750991,428.1613070964813,PLC -> IO,0.9101600000000001
1775737150.8787427,428.28905868530273,PLC -> IO,3.9165600000000005
1775737151.0074985,428.4178144931793,PLC -> IO,2.94144
1775737151.135663,428.54597902297974,PLC -> IO,0.5955999999999999
1775737151.2629454,428.6732614040375,PLC -> IO,0.53584
1775737151.3922398,428.80255579948425,PLC -> IO,0.43520000000000003
1775737151.5185165,428.92883253097534,PLC -> IO,1.9128
1775737151.6487472,429.05906319618225,PLC -> IO,0.44111999999999996
1775737151.776003,429.18631887435913,PLC -> IO,0.43896
1775737151.9047563,429.3150722980499,PLC -> IO,1.96152
1775737152.0325103,429.44282627105713,PLC -> IO,1.45232
1775737152.1597633,429.57007932662964,PLC -> IO,1.94576
1775737152.2879868,429.6983027458191,PLC -> IO,0.55816
1775737152.4147978,429.82511377334595,PLC -> IO,1.9098400000000002
1775737152.5439706,429.9542865753174,PLC -> IO,37.14968
1775737152.6722872,430.08260321617126,PLC -> IO,0.43712
1775737152.8004718,430.2107877731323,PLC -> IO,0.56912
1775737152.9288187,430.33913469314575,PLC -> IO,1.44624
1775737153.0560744,430.46639037132263,PLC -> IO,0.4416
1775737153.183279,430.5935950279236,PLC -> IO,0.0312
1775737153.312057,430.722373008728,PLC -> IO,0.94496
1775737153.4388337,430.8491497039795,PLC -> IO,1.43056
1775737153.5680363,430.9783523082733,PLC -> IO,1.54752
1775737153.6958175,431.10613346099854,PLC -> IO,0.94616
1775737153.8245735,431.2348895072937,PLC -> IO,1.9660799999999998
1775737153.951798,431.3621139526367,PLC -> IO,0.54128
1775737154.0795805,431.4898965358734,PLC -> IO,3.45504
1775737154.2078078,431.61812376976013,PLC -> IO,0.54064
1775737154.3351183,431.7454342842102,PLC -> IO,1.44592
1775737154.4642973,431.8746132850647,PLC -> IO,36.64096
1775737154.592102,432.00241804122925,PLC -> IO,0.94928
1775737154.720314,432.1306300163269,PLC -> IO,0.54152
1775737154.848636,432.2589519023895,PLC -> IO,1.43688
1775737154.9753501,432.38566613197327,PLC -> IO,0.99208
1775737155.1036167,432.51393270492554,PLC -> IO,0.45232
1775737155.232374,432.6426899433136,PLC -> IO,0.44848
1775737155.3586166,432.7689325809479,PLC -> IO,1.96064
1775737155.487406,432.8977220058441,PLC -> IO,1.91784
1775737155.6165872,433.0269031524658,PLC -> IO,2.0474400000000004
1775737155.743415,433.1537311077118,PLC -> IO,3.4505600000000003
1775737155.872147,433.28246307373047,PLC -> IO,2.95152
1775737155.9998944,433.41021037101746,PLC -> IO,0.4844
1775737156.128135,433.5384509563446,PLC -> IO,0.51968
1775737156.2549355,433.665251493454,PLC -> IO,1.92248
1775737156.3841183,433.79443430900574,PLC -> IO,0.5384800000000001
1775737156.5124176,433.92273354530334,PLC -> IO,0.4572
1775737156.6391194,434.049435377121,PLC -> IO,2.05688
1775737156.7684207,434.17873668670654,PLC -> IO,0.46376
1775737156.895136,434.3054521083832,PLC -> IO,1.07496
1775737157.022917,434.4332330226898,PLC -> IO,0.5167200000000001
1775737157.152187,434.5625030994415,PLC -> IO,0.45928
1775737157.278468,434.68878388404846,PLC -> IO,1.9336799999999998
1775737157.4086998,434.81901574134827,PLC -> IO,0.46
1775737157.5379424,434.9482583999634,PLC -> IO,23.07904
1775737157.663733,435.0740489959717,PLC -> IO,2.95344
1775737157.7919574,435.20227336883545,PLC -> IO,1.98504
1775737157.921221,435.3315370082855,PLC -> IO,1.4587999999999999
1775737158.0479581,435.45827412605286,PLC -> IO,0.5136000000000001
1775737158.174716,435.5850319862366,PLC -> IO,1.9707999999999999
1775737158.303935,435.71425104141235,PLC -> IO,1.04928
1775737158.4322386,435.8425545692444,PLC -> IO,0.45704
1775737158.5584788,435.96879482269287,PLC -> IO,1.9712000000000003
1775737158.6872797,436.0975956916809,PLC -> IO,2.94224
1775737158.8154852,436.22580122947693,PLC -> IO,0.54152
1775737158.9427378,436.3530538082123,PLC -> IO,0.5176000000000001
1775737159.0720103,436.4823262691498,PLC -> IO,0.96304
1775737159.1988125,436.6091284751892,PLC -> IO,1.41568
1775737159.3285165,436.7388324737549,PLC -> IO,0.46768
1775737159.4557724,436.86608839035034,PLC -> IO,0.9652000000000001
1775737159.583991,436.9943070411682,PLC -> IO,0.52792
1775737159.7117693,437.1220853328705,PLC -> IO,0.5224
1775737159.8400629,437.2503788471222,PLC -> IO,0.43656
1775737159.9667773,437.3770933151245,PLC -> IO,1.5244799999999998
1775737160.0950706,437.50538659095764,PLC -> IO,1.43176
1775737160.2242763,437.634592294693,PLC -> IO,1.55752
1775737160.3520546,437.76237058639526,PLC -> IO,0.9680799999999999
1775737160.4802787,437.89059472084045,PLC -> IO,0.5292
1775737160.6085882,438.01890420913696,PLC -> IO,1.4626400000000002
1775737160.7352934,438.1456093788147,PLC -> IO,0.5216
1775737160.8630648,438.2733807563782,PLC -> IO,0.50424
1775737160.9923253,438.4026412963867,PLC -> IO,1.9744799999999998
1775737161.1205752,438.53089118003845,PLC -> IO,0.02208
1775737161.248334,438.65864992141724,PLC -> IO,0.47008
1775737161.3760881,438.786404132843,PLC -> IO,0.47136
1775737161.5048397,438.9151556491852,PLC -> IO,0.59712
1775737161.6320996,439.0424156188965,PLC -> IO,3.4748
1775737161.7598536,439.1701695919037,PLC -> IO,0.4708
1775737161.8881063,439.29842233657837,PLC -> IO,0.50064
1775737162.0148878,439.4252038002014,PLC -> IO,1.9483199999999998
1775737162.1428654,439.5531814098358,PLC -> IO,1.75056
1775737162.2728724,439.6831884384155,PLC -> IO,28.07432
1775737162.3990974,439.80941343307495,PLC -> IO,2.03112
1775737162.5284054,439.93872141838074,PLC -> IO,0.44456
1775737162.6556058,440.06592178344727,PLC -> IO,0.55608
1775737162.7828884,440.1932044029236,PLC -> IO,0.49776
1775737162.9121447,440.3224606513977,PLC -> IO,0.9763200000000001
1775737163.0384457,440.44876170158386,PLC -> IO,1.92648
1775737163.168653,440.57896900177,PLC -> IO,0.47800000000000004
1775737163.29638,440.7066960334778,PLC -> IO,1.02296
1775737163.4246612,440.8349771499634,PLC -> IO,1.99776
1775737163.550974,440.9612898826599,PLC -> IO,0.9767199999999999
1775737163.6801488,441.09046483039856,PLC -> IO,0.5212800000000001
1775737163.8079295,441.2182455062866,PLC -> IO,0.49463999999999997
1775737163.9347026,441.3450186252594,PLC -> IO,1.9546400000000002
1775737164.063913,441.47422909736633,PLC -> IO,1.02352
1775737164.1921914,441.602507352829,PLC -> IO,0.47575999999999996
1775737164.3184655,441.7287814617157,PLC -> IO,1.9555200000000001
1775737164.4487236,441.8590395450592,PLC -> IO,1.47672
1775737164.5754304,441.985746383667,PLC -> IO,0.5488799999999999
1775737164.7042236,442.1145396232605,PLC -> IO,0.4824
1775737164.8319616,442.2422776222229,PLC -> IO,0.98288
1775737164.9601996,442.3705155849457,PLC -> IO,0.532
1775737165.0879526,442.49826860427856,PLC -> IO,0.52944
1775737165.2167065,442.6270225048065,PLC -> IO,0.5312
1775737165.3444781,442.7547941207886,PLC -> IO,2.00312
1775737165.4717407,442.88205671310425,PLC -> IO,0.50336
1775737165.5994852,443.0098011493683,PLC -> IO,0.98544
1775737165.727251,443.13756704330444,PLC -> IO,1.9876
1775737165.8550231,443.26533913612366,PLC -> IO,1.4574399999999998
1775737165.984246,443.3945620059967,PLC -> IO,0.50528
1775737166.1110287,443.52134466171265,PLC -> IO,1.96488
1775737166.2387855,443.6491014957428,PLC -> IO,1.47152
1775737166.3690634,443.77937936782837,PLC -> IO,0.9520000000000001
1775737166.4952648,443.90558075904846,PLC -> IO,1.0176
1775737166.6230361,444.03335213661194,PLC -> IO,0.48519999999999996
1775737166.7522535,444.16256952285767,PLC -> IO,0.50704
1775737166.8800216,444.29033756256104,PLC -> IO,1.0143199999999999
1775737167.0082865,444.41860246658325,PLC -> IO,0.48856
1775737167.136523,444.54683899879456,PLC -> IO,0.52192
1775737167.264799,444.67511510849,PLC -> IO,2.00944
1775737167.3915641,444.8018801212311,PLC -> IO,0.48776
1775737167.5202944,444.9306104183197,PLC -> IO,0.51448
1775737167.646572,445.0568881034851,PLC -> IO,1.9872800000000002
1775737167.7748404,445.18515634536743,PLC -> IO,1.9672
1775737167.904061,445.31437706947327,PLC -> IO,3.0149600000000003
1775737168.0323224,445.4426383972168,PLC -> IO,0.49591999999999997
1775737168.160071,445.5703868865967,PLC -> IO,1.01016
1775737168.2883835,445.6986994743347,PLC -> IO,0.44383999999999996
1775737168.4161146,445.8264305591583,PLC -> IO,0.46472
1775737168.5433385,445.9536545276642,PLC -> IO,0.4968
1775737168.672098,446.08241391181946,PLC -> IO,0.49104
1775737168.8003378,446.21065378189087,PLC -> IO,2.01576
1775737168.9286046,446.3389205932617,PLC -> IO,0.49784000000000006
1775737169.0563536,446.46666955947876,PLC -> IO,1.0070400000000002
1775737169.1846135,446.5949294567108,PLC -> IO,2.01152
1775737169.3123677,446.7226836681366,PLC -> IO,1.5176
1775737169.4401202,446.8504362106323,PLC -> IO,1.00728
1775737169.5674028,446.97771883010864,PLC -> IO,1.4738399999999998
1775737169.694655,447.10497093200684,PLC -> IO,1.97352
1775737169.823411,447.233726978302,PLC -> IO,0.46776
1775737169.9537866,447.364102602005,PLC -> IO,27.4392
1775737170.0803928,447.4907088279724,PLC -> IO,0.49856
1775737170.208676,447.6189920902252,PLC -> IO,1.48888
1775737170.3354008,447.74571681022644,PLC -> IO,0.5308799999999999
1775737170.46365,447.87396597862244,PLC -> IO,0.51112
1775737170.5924127,448.0027287006378,PLC -> IO,0.49832
1775737170.719693,448.13000893592834,PLC -> IO,0.47800000000000004
1775737170.848415,448.2587308883667,PLC -> IO,0.51112
1775737170.9771893,448.38750529289246,PLC -> IO,0.50104
1775737171.103961,448.51427698135376,PLC -> IO,0.46968
1775737171.231712,448.642028093338,PLC -> IO,0.47928
1775737171.3604422,448.77075815200806,PLC -> IO,0.50128
1775737171.4882057,448.8985216617584,PLC -> IO,1.0043199999999999
1775737171.6149757,449.0252916812897,PLC -> IO,1.4764000000000002
1775737171.7442179,449.1545338630676,PLC -> IO,0.48584000000000005
1775737171.8719535,449.28226947784424,PLC -> IO,1.01192
1775737172.0002282,449.4105441570282,PLC -> IO,0.48464
1775737172.1284666,449.53878259658813,PLC -> IO,4.030320000000001
1775737172.2552361,449.6655521392822,PLC -> IO,0.97128
1775737172.3834739,449.7937898635864,PLC -> IO,0.50928
1775737172.512209,449.92252492904663,PLC -> IO,0.52816
1775737172.639993,450.0503089427948,PLC -> IO,0.9885600000000001
1775737172.7677448,450.1780607700348,PLC -> IO,0.49487999999999993
1775737172.8965013,450.3068172931671,PLC -> IO,0.49607999999999997
1775737173.0247447,450.4350607395172,PLC -> IO,2.02928
1775737173.1515355,450.56185150146484,PLC -> IO,0.46888
1775737173.2802427,450.6905586719513,PLC -> IO,0.51784
1775737173.4085066,450.8188226222992,PLC -> IO,0.51104
1775737173.534793,450.94510889053345,PLC -> IO,29.564880000000002
1775737173.6640255,451.07434153556824,PLC -> IO,0.48840000000000006
1775737173.7922747,451.20259070396423,PLC -> IO,0.51408
1775737173.9200423,451.33035826683044,PLC -> IO,0.992
1775737174.0482771,451.4585931301117,PLC -> IO,0.5216799999999999
1775737174.1750512,451.5853672027588,PLC -> IO,1.01584
1775737174.3038068,451.7141227722168,PLC -> IO,0.9897599999999999
1775737174.4320426,451.84235858917236,PLC -> IO,0.51784
1775737174.560315,451.97063088417053,PLC -> IO,0.49063999999999997
1775737174.688557,452.09887290000916,PLC -> IO,0.5168
1775737174.816325,452.2266409397125,PLC -> IO,0.9822399999999999
1775737174.944566,452.35488200187683,PLC -> IO,0.16032000000000002
1775737175.0719228,452.48223876953125,PLC -> IO,0.3972
1775737175.20108,452.61139607429504,PLC -> IO,1.5141600000000002
1775737175.328329,452.7386450767517,PLC -> IO,0.5199999999999999
1775737175.4561217,452.8664376735687,PLC -> IO,0.47824
1775737175.5828803,452.9931962490082,PLC -> IO,1.9612800000000001
1775737175.7116342,453.12195014953613,PLC -> IO,0.46192
1775737175.8403642,453.2506802082062,PLC -> IO,0.4864
1775737175.9686294,453.378945350647,PLC -> IO,1.51376
1775737176.0953982,453.5057141780853,PLC -> IO,0.48591999999999996
1775737176.2236092,453.63392519950867,PLC -> IO,1.52624
1775737176.352365,453.76268100738525,PLC -> IO,0.5224
1775737176.4801426,453.8904585838318,PLC -> IO,0.98984
1775737176.6078954,454.0182113647461,PLC -> IO,0.47872000000000003
1775737176.7366493,454.14696526527405,PLC -> IO,0.49264
1775737176.8634076,454.2737236022949,PLC -> IO,3.00984
1775737176.9916835,454.4019994735718,PLC -> IO,0.46552
1775737177.1189404,454.52925634384155,PLC -> IO,1.9561600000000001
1775737177.2481582,454.65847420692444,PLC -> IO,1.01656
1775737177.374928,454.7852439880371,PLC -> IO,1.49632
1775737177.5041895,454.91450548171997,PLC -> IO,0.46672
1775737177.6314576,455.04177355766296,PLC -> IO,0.45416
1775737177.7591975,455.169513463974,PLC -> IO,1.46752
1775737177.8884194,455.29873538017273,PLC -> IO,4.04816
1775737178.0152075,455.425523519516,PLC -> IO,0.46472
1775737178.1434262,455.55374217033386,PLC -> IO,2.02888
1775737178.272168,455.6824839115143,PLC -> IO,0.54048
1775737178.3999643,455.81028032302856,PLC -> IO,0.9764799999999999
1775737178.5281937,455.9385097026825,PLC -> IO,3.55776
1775737178.6564727,456.0667886734009,PLC -> IO,0.47704
1775737178.7832246,456.1935405731201,PLC -> IO,3.5265600000000004
1775737178.9114738,456.3217897415161,PLC -> IO,0.48319999999999996
1775737179.0402162,456.45053219795227,PLC -> IO,0.49672
1775737179.1684651,456.5787811279297,PLC -> IO,0.5308
1775737179.2947452,456.7050611972809,PLC -> IO,1.99848
1775737179.4244733,456.83478927612305,PLC -> IO,0.53352
1775737179.5517516,456.96206760406494,PLC -> IO,0.47575999999999996
1775737179.6795068,457.08982276916504,PLC -> IO,0.50704
1775737179.8082626,457.2185785770416,PLC -> IO,0.50752
1775737179.9350216,457.34533762931824,PLC -> IO,1.96648
1775737180.0632434,457.47355937957764,PLC -> IO,2.03504
1775737180.1915562,457.60187220573425,PLC -> IO,0.44583999999999996
1775737180.3193107,457.7296266555786,PLC -> IO,1.4412800000000001
1775737180.4485095,457.85882544517517,PLC -> IO,0.53592
1775737180.576297,457.986613035202,PLC -> IO,0.96824
1775737180.7030785,458.1133944988251,PLC -> IO,1.43312
1775737180.8322723,458.24258828163147,PLC -> IO,1.55552
1775737180.9610324,458.3713483810425,PLC -> IO,0.5336
1775737181.0883076,458.49862360954285,PLC -> IO,0.5049600000000001
1775737181.2145598,458.6248757839203,PLC -> IO,2.01152
1775737181.3453536,458.75566959381104,PLC -> IO,1.9427999999999999
1775737181.4720495,458.8823654651642,PLC -> IO,0.52504
1775737181.5988352,459.00915122032166,PLC -> IO,1.9677599999999997
1775737181.7285476,459.1388635635376,PLC -> IO,1.5668
1775737181.8553433,459.2656593322754,PLC -> IO,0.49319999999999997
1775737181.9841049,459.3944208621979,PLC -> IO,0.45872
1775737182.1118124,459.52212834358215,PLC -> IO,1.04664
1775737182.2401137,459.650429725647,PLC -> IO,0.97152
1775737182.3678668,459.77818274497986,PLC -> IO,0.46072
1775737182.4970875,459.9074034690857,PLC -> IO,0.5541600000000001
1775737182.624839,460.0351550579071,PLC -> IO,0.53888
1775737182.752101,460.16241693496704,PLC -> IO,1.5808
1775737182.880385,460.2907009124756,PLC -> IO,0.46327999999999997
1775737183.0085995,460.4189155101776,PLC -> IO,0.5531200000000001
1775737183.1358824,460.5461983680725,PLC -> IO,0.5122399999999999
1775737183.2641866,460.6745026111603,PLC -> IO,0.42184
1775737183.3918643,460.80218029022217,PLC -> IO,4.5648
1775737183.5201643,460.9304802417755,PLC -> IO,0.45431999999999995
1775737183.6483717,461.05868768692017,PLC -> IO,1.5647199999999999
1775737183.775172,461.18548798561096,PLC -> IO,0.97952
1775737183.9033766,461.31369256973267,PLC -> IO,1.5514400000000002
1775737184.03212,461.44243597984314,PLC -> IO,0.56088
1775737184.1599178,461.5702338218689,PLC -> IO,0.5096
1775737184.2881432,461.698459148407,PLC -> IO,2.05312
1775737184.4169037,461.82721972465515,PLC -> IO,0.5588000000000001
1775737184.5446563,461.9549722671509,PLC -> IO,0.5336
1775737184.6719024,462.0822184085846,PLC -> IO,1.05496
1775737184.8001933,462.21050930023193,PLC -> IO,0.47208
1775737184.9274411,462.3377571105957,PLC -> IO,1.51944
1775737185.0534692,462.4637851715088,PLC -> IO,2.7515199999999997
1775737185.1844258,462.59474182128906,PLC -> IO,0.5524800000000001
1775737185.3121798,462.72249579429626,PLC -> IO,0.5451199999999999
1775737185.4389832,462.8492991924286,PLC -> IO,1.94984
1775737185.5677328,462.9780488014221,PLC -> IO,13.000960000000001
1775737185.694993,463.105309009552,PLC -> IO,0.9456
1775737185.8247013,463.2350172996521,PLC -> IO,0.54952
1775737185.9519544,463.3622703552246,PLC -> IO,0.5468
1775737186.080258,463.49057388305664,PLC -> IO,0.44568
1775737186.2080412,463.6183571815491,PLC -> IO,0.42072000000000004
1775737186.3372178,463.7475337982178,PLC -> IO,0.57168
1775737186.464464,463.8747799396515,PLC -> IO,0.56264
1775737186.5922248,464.0025408267975,PLC -> IO,0.55616
1775737186.7200346,464.1303505897522,PLC -> IO,0.94864
1775737186.8482273,464.25854325294495,PLC -> IO,0.5637599999999999
1775737186.974512,464.3848280906677,PLC -> IO,2.03144
1775737187.1047463,464.5150623321533,PLC -> IO,0.5528
1775737187.2319942,464.6423101425171,PLC -> IO,0.55848
1775737187.3607557,464.7710716724396,PLC -> IO,2.05896
1775737187.488507,464.8988230228424,PLC -> IO,1.57896
1775737187.615789,465.026104927063,PLC -> IO,0.5212
1775737187.743514,465.1538300514221,PLC -> IO,1.56352
1775737187.8717656,465.2820816040039,PLC -> IO,1.06464
1775737188.0000784,465.4103944301605,PLC -> IO,0.95936
1775737188.128279,465.5385949611664,PLC -> IO,0.56216
1775737188.2570398,465.66735577583313,PLC -> IO,0.57072
1775737188.3847916,465.7951076030731,PLC -> IO,0.55184
1775737188.5120537,465.92236971855164,PLC -> IO,0.54832
1775737188.6403563,466.05067229270935,PLC -> IO,0.43752
1775737188.768553,466.17886900901794,PLC -> IO,0.5691999999999999
1775737188.8948328,466.30514883995056,PLC -> IO,1.53336
1775737189.0241597,466.4344756603241,PLC -> IO,0.39448
1775737189.1518166,466.5621325969696,PLC -> IO,1.06296
1775737189.2801418,466.69045782089233,PLC -> IO,0.42832
1775737189.4083173,466.8186333179474,PLC -> IO,1.5906399999999998
1775737189.541097,466.9514129161835,PLC -> IO,36.65512
1775737189.6633258,467.0736417770386,PLC -> IO,2.07192
1775737189.7920785,467.20239448547363,PLC -> IO,0.57536
1775737189.9200296,467.33034563064575,PLC -> IO,1.37792
1775737190.0480733,467.45838928222656,PLC -> IO,1.0972
1775737190.1748772,467.58519315719604,PLC -> IO,1.53416
1775737190.3046088,467.7149248123169,PLC -> IO,0.56072
1775737190.4318616,467.8421776294708,PLC -> IO,2.08568
1775737190.5601678,467.9704837799072,PLC -> IO,0.45
1775737190.6883693,468.0986852645874,PLC -> IO,0.5696
1775737190.81465,468.22496604919434,PLC -> IO,1.54104
1775737190.9443781,468.3546941280365,PLC -> IO,0.57032
1775737191.072132,468.4824481010437,PLC -> IO,0.57096
1775737191.1999567,468.6102726459503,PLC -> IO,0.93408
1775737191.3277748,468.7380907535553,PLC -> IO,0.36656
1775737191.4549644,468.86528038978577,PLC -> IO,0.9597600000000001
1775737191.5831482,468.9934642314911,PLC -> IO,2.07296
1775737191.711907,469.1222229003906,PLC -> IO,0.56776
1775737191.8402224,469.2505383491516,PLC -> IO,1.4587999999999999
1775737191.9684153,469.37873125076294,PLC -> IO,0.57304
1775737192.0971704,469.5074863433838,PLC -> IO,0.59056
1775737192.2244232,469.6347391605377,PLC -> IO,0.56784
1775737192.3521774,469.7624933719635,PLC -> IO,1.59352
1775737192.480006,469.89032196998596,PLC -> IO,0.93128
1775737192.6081862,470.0185022354126,PLC -> IO,0.56912
1775737192.736514,470.1468300819397,PLC -> IO,1.4480000000000002
1775737192.864699,470.27501487731934,PLC -> IO,0.57168
1775737192.9919534,470.4022693634033,PLC -> IO,0.5706399999999999
1775737193.1187775,470.529093503952,PLC -> IO,1.93144
1775737193.2484593,470.65877532958984,PLC -> IO,2.59984
1775737193.3752873,470.7856032848358,PLC -> IO,0.45408
1775737193.5034664,470.91378235816956,PLC -> IO,0.5804
1775737193.6317239,471.0420398712158,PLC -> IO,1.07776
1775737193.7600567,471.1703727245331,PLC -> IO,0.9333600000000001
1775737193.888254,471.29856991767883,PLC -> IO,0.5576
1775737194.017,471.4273159503937,PLC -> IO,0.5814400000000001
1775737194.1428447,471.55316066741943,PLC -> IO,1.8992
1775737194.2710302,471.6813461780548,PLC -> IO,2.55728
1775737194.4003277,471.8106436729431,PLC -> IO,0.42536
1775737194.5285053,471.9388213157654,PLC -> IO,0.59056
1775737194.6547854,472.0651013851166,PLC -> IO,1.54544
1775737194.7845135,472.19482946395874,PLC -> IO,0.5932
1775737194.9185393,472.3288552761078,PLC -> IO,58.87232
1775737195.0401137,472.45042967796326,PLC -> IO,0.9218400000000001
1775737195.1682775,472.57859349250793,PLC -> IO,1.60184
1775737195.2951217,472.7054376602173,PLC -> IO,0.90752
1775737195.4232836,472.83359956741333,PLC -> IO,2.08664
1775737195.5530283,472.96334433555603,PLC -> IO,35.68616
1775737195.6798787,473.09019470214844,PLC -> IO,0.91952
1775737195.8080316,473.2183475494385,PLC -> IO,1.1132799999999998
1775737195.9368002,473.34711623191833,PLC -> IO,0.60512
1775737196.0645614,473.4748773574829,PLC -> IO,3.11496
1775737196.1918142,473.60213017463684,PLC -> IO,0.58264
1775737196.3201425,473.7304584980011,PLC -> IO,0.42175999999999997
1775737196.448321,473.8586370944977,PLC -> IO,3.08472
1775737196.5746024,473.9849183559418,PLC -> IO,1.5368000000000002
1775737196.7033217,474.11363768577576,PLC -> IO,0.6235200000000001
1775737196.8320847,474.2424006462097,PLC -> IO,4.62432
1775737196.959928,474.3702440261841,PLC -> IO,0.91528
1775737197.0881069,474.49842286109924,PLC -> IO,0.5776
1775737197.2149358,474.62525177001953,PLC -> IO,0.9408
1775737197.3431005,474.7534165382385,PLC -> IO,2.1058399999999997
1775737197.471858,474.88217401504517,PLC -> IO,0.58808
1775737197.6002007,475.01051664352417,PLC -> IO,0.41463999999999995
1775737197.728986,475.13930201530457,PLC -> IO,0.39399999999999996
1775737197.8571227,475.2674386501312,PLC -> IO,0.60952
1775737197.9843757,475.39469170570374,PLC -> IO,0.59448
1775737198.1113837,475.52169966697693,PLC -> IO,0.7440800000000001
1775737198.2399774,475.6502933502197,PLC -> IO,0.9104
1775737198.3681397,475.77845573425293,PLC -> IO,0.59392
1775737198.494383,475.90469908714294,PLC -> IO,2.0956799999999998
1775737198.6246512,476.0349671840668,PLC -> IO,0.5916
1775737198.7524955,476.16281151771545,PLC -> IO,0.9092800000000001
1775737198.8787425,476.28905844688416,PLC -> IO,1.91792
1775737199.0075033,476.4178192615509,PLC -> IO,0.9086399999999999
1775737199.1362598,476.5465757846832,PLC -> IO,0.90808
1775737199.263419,476.67373490333557,PLC -> IO,1.59456
1775737199.392175,476.80249094963074,PLC -> IO,0.59824
1775737199.520028,476.93034410476685,PLC -> IO,1.9336
1775737199.648783,477.0590989589691,PLC -> IO,0.41936
1775737199.7769513,477.1872673034668,PLC -> IO,0.602
1775737199.9046912,477.31500720977783,PLC -> IO,0.598
1775737200.0319586,477.4422745704651,PLC -> IO,0.5871999999999999
1775737200.160299,477.5706150531769,PLC -> IO,0.40632
1775737200.2879674,477.6982834339142,PLC -> IO,1.09272
1775737200.416309,477.8266251087189,PLC -> IO,1.92304
1775737200.544466,477.95478200912476,PLC -> IO,0.61104
1775737200.6717145,478.08203053474426,PLC -> IO,1.10096
1775737200.799083,478.20939898490906,PLC -> IO,1.9048800000000001
1775737200.9282324,478.33854842185974,PLC -> IO,1.61568
1775737201.0559819,478.46629786491394,PLC -> IO,0.60488
1775737201.183236,478.59355187416077,PLC -> IO,2.10816
1775737201.3119895,478.72230553627014,PLC -> IO,0.60712
1775737201.4403484,478.8506643772125,PLC -> IO,0.39528
1775737201.5695238,478.97983980178833,PLC -> IO,8.12528
1775737201.6967597,479.10707569122314,PLC -> IO,0.61712
1775737201.8245137,479.23482966423035,PLC -> IO,0.60472
1775737201.9513927,479.36170864105225,PLC -> IO,0.37416
1775737202.0811179,479.49143385887146,PLC -> IO,0.9052
1775737202.2082741,479.61859011650085,PLC -> IO,0.6006400000000001
1775737202.3380485,479.74836444854736,PLC -> IO,0.59152
1775737202.4642763,479.87459230422974,PLC -> IO,0.6152799999999999
1775737202.592037,480.00235295295715,PLC -> IO,0.602
1775737202.7207966,480.131112575531,PLC -> IO,0.6032000000000001
1775737202.8480394,480.2583553791046,PLC -> IO,1.6347200000000002
1775737202.9758291,480.3861451148987,PLC -> IO,0.57752
1775737203.103053,480.51336908340454,PLC -> IO,2.1110399999999996
1775737203.2324173,480.642733335495,PLC -> IO,0.88784
1775737203.3601744,480.7704904079437,PLC -> IO,1.41168
1775737203.4883192,480.8986351490021,PLC -> IO,0.61168
1775737203.6170762,481.02739214897156,PLC -> IO,0.12464
1775737203.7443283,481.15464425086975,PLC -> IO,0.6100800000000001
1775737203.872077,481.2823929786682,PLC -> IO,0.61824
1775737204.000841,481.4111568927765,PLC -> IO,1.61024
1775737204.128092,481.53840804100037,PLC -> IO,0.61384
1775737204.255841,481.6661570072174,PLC -> IO,0.61608
1775737204.3827374,481.7930533885956,PLC -> IO,1.8638400000000002
1775737204.5118556,481.9221715927124,PLC -> IO,0.6112799999999999
1775737204.640221,482.050537109375,PLC -> IO,0.38232
1775737204.7668974,482.17721343040466,PLC -> IO,3.1027199999999997
1775737204.895646,482.3059620857239,PLC -> IO,0.58496
1775737205.0233712,482.433687210083,PLC -> IO,1.6212
1775737205.1521273,482.5624432563782,PLC -> IO,0.61728
1775737205.2799995,482.6903154850006,PLC -> IO,0.8952
1775737205.4081361,482.81845211982727,PLC -> IO,0.61808
1775737205.5365326,482.94684863090515,PLC -> IO,24.43584
1775737205.6646488,483.074964761734,PLC -> IO,0.61384
1775737205.7916007,483.2019166946411,PLC -> IO,2.80368
1775737205.9206588,483.330974817276,PLC -> IO,0.61376
1775737206.0484092,483.4587252140045,PLC -> IO,0.11664
1775737206.1762812,483.5865972042084,PLC -> IO,1.9024
1775737206.3044186,483.71473455429077,PLC -> IO,0.6297600000000001
1775737206.4321723,483.8424882888794,PLC -> IO,0.61472
1775737206.5600562,483.9703722000122,PLC -> IO,0.88408
1775737206.6881816,484.09849762916565,PLC -> IO,1.6404
1775737206.815992,484.2263081073761,PLC -> IO,0.5565599999999999
1775737206.9453125,484.355628490448,PLC -> IO,0.39992
1775737207.071945,484.4822609424591,PLC -> IO,0.62064
1775737207.201315,484.61163091659546,PLC -> IO,0.40640000000000004
1775737207.3279436,484.7382595539093,PLC -> IO,1.14544
1775737207.456712,484.8670279979706,PLC -> IO,0.63616
1775737207.5851252,484.995441198349,PLC -> IO,0.34264
1775737207.711719,485.1220350265503,PLC -> IO,0.62056
1775737207.8400915,485.2504074573517,PLC -> IO,0.38343999999999995
1775737207.9682274,485.3785433769226,PLC -> IO,3.12808
1775737208.0960896,485.5064055919647,PLC -> IO,1.9112
1775737208.2242355,485.63455152511597,PLC -> IO,0.62832
1775737208.3519895,485.76230549812317,PLC -> IO,0.62776
1775737208.4788687,485.88918471336365,PLC -> IO,1.87944
1775737208.6079986,486.01831459999084,PLC -> IO,2.1453599999999997
1775737208.73638,486.14669609069824,PLC -> IO,0.37704
1775737208.8630054,486.273321390152,PLC -> IO,0.6226400000000001
1775737208.991764,486.4020800590515,PLC -> IO,0.62464
1775737209.1211452,486.5314612388611,PLC -> IO,0.9092
1775737209.2488956,486.6592116355896,PLC -> IO,31.96968
1775737209.3770275,486.7873435020447,PLC -> IO,0.14496
1775737209.5042806,486.9145965576172,PLC -> IO,0.6315999999999999
1775737209.6311874,487.04150342941284,PLC -> IO,0.8472799999999999
1775737209.7607932,487.1711091995239,PLC -> IO,1.6292
1775737209.8880692,487.29838514328003,PLC -> IO,0.60208
1775737210.0164282,487.426744222641,PLC -> IO,1.39472
1775737210.1445494,487.55486536026,PLC -> IO,3.1427199999999997
1775737210.2718108,487.6821267604828,PLC -> IO,0.62736
1775737210.4005654,487.8108813762665,PLC -> IO,0.62944
1775737210.5283108,487.93862676620483,PLC -> IO,1.6616
1775737210.6555986,488.0659146308899,PLC -> IO,0.59696
1775737210.7833238,488.193639755249,PLC -> IO,0.6372
1775737210.912073,488.3223888874054,PLC -> IO,0.6432
1775737211.0399642,488.45028018951416,PLC -> IO,1.9014399999999998
1775737211.1680896,488.5784056186676,PLC -> IO,0.63608
1775737211.2968495,488.70716547966003,PLC -> IO,0.6464799999999999
1775737211.425228,488.8355441093445,PLC -> IO,1.8756000000000002
1775737211.551572,488.9618880748749,PLC -> IO,1.776
1775737211.6806104,489.0909264087677,PLC -> IO,0.64808
1775737211.8083613,489.2186772823334,PLC -> IO,0.64848
1775737211.9362528,489.3465688228607,PLC -> IO,1.89136
1775737212.0640445,489.4743604660034,PLC -> IO,0.32648
1775737212.1921248,489.6024408340454,PLC -> IO,0.64048
1775737212.3200276,489.730343580246,PLC -> IO,0.8592
1775737212.4497936,489.8601095676422,PLC -> IO,0.84768
1775737212.575926,489.98624205589294,PLC -> IO,0.62736
1775737212.704136,490.1144518852234,PLC -> IO,0.64896
1775737212.8318975,490.2422134876251,PLC -> IO,0.63928
1775737212.9606555,490.3709714412689,PLC -> IO,0.63776
1775737213.0884001,490.49871611595154,PLC -> IO,0.13968
1775737213.2171638,490.62747979164124,PLC -> IO,0.15576
1775737213.3444185,490.7547345161438,PLC -> IO,0.64832
1775737213.471302,490.8816180229187,PLC -> IO,0.36256
1775737213.600066,491.010381937027,PLC -> IO,0.36152
1775737213.728173,491.13848900794983,PLC -> IO,0.6462399999999999
1775737213.8560643,491.2663803100586,PLC -> IO,1.88904
1775737213.984188,491.394504070282,PLC -> IO,0.6472
1775737214.1119368,491.52225279808044,PLC -> IO,0.6450400000000001
1775737214.2398422,491.6501581668854,PLC -> IO,0.85848
1775737214.3679519,491.7782678604126,PLC -> IO,2.16336
1775737214.4963505,491.9066665172577,PLC -> IO,0.35184000000000004
1775737214.622958,492.033273935318,PLC -> IO,0.64944
1775737214.7517166,492.16203260421753,PLC -> IO,0.6436000000000001
1775737214.8811193,492.2914352416992,PLC -> IO,0.86344
1775737215.008224,492.4185400009155,PLC -> IO,0.64704
1775737215.13698,492.5472960472107,PLC -> IO,0.16384
1775737215.264233,492.6745491027832,PLC -> IO,0.64352
1775737215.3911588,492.8014748096466,PLC -> IO,0.82768
1775737215.5207465,492.9310624599457,PLC -> IO,0.6453599999999999
1775737215.6479962,493.0583121776581,PLC -> IO,0.65184
1775737215.7763996,493.18671560287476,PLC -> IO,1.3748
1775737215.9045088,493.3148248195648,PLC -> IO,0.6472
1775737216.0317633,493.4420793056488,PLC -> IO,0.6472
1775737216.1586637,493.5689797401428,PLC -> IO,1.85408
1775737216.2882688,493.69858479499817,PLC -> IO,1.67424
1775737216.416174,493.8264899253845,PLC -> IO,0.85216
1775737216.5432763,493.95359230041504,PLC -> IO,1.65816
1775737216.672032,494.0823481082916,PLC -> IO,0.65512
1775737216.7989664,494.2092823982239,PLC -> IO,1.83304
1775737216.9280422,494.3383581638336,PLC -> IO,0.65496
1775737217.0568087,494.46712470054626,PLC -> IO,0.65872
1775737217.1845512,494.59486722946167,PLC -> IO,2.69232
1775737217.3118134,494.7221293449402,PLC -> IO,0.63872
1775737217.4402132,494.8505291938782,PLC -> IO,0.34952
1775737217.5668511,494.9771671295166,PLC -> IO,2.11752
1775737217.6962233,495.10653924942017,PLC -> IO,1.86552
1775737217.8243234,495.2346394062042,PLC -> IO,0.66896
1775737217.9520774,495.3623933792114,PLC -> IO,3.6748800000000004
1775737218.079999,495.49031496047974,PLC -> IO,0.33312
1775737218.2080863,495.6184022426605,PLC -> IO,1.67856
1775737218.3364992,495.74681520462036,PLC -> IO,0.35503999999999997
1775737218.4651136,495.87542963027954,PLC -> IO,0.14112
1775737218.5918558,496.00217175483704,PLC -> IO,0.65256
1775737218.720609,496.13092494010925,PLC -> IO,1.6577600000000001
1775737218.8483593,496.25867533683777,PLC -> IO,0.15864
1775737218.9771154,496.38743138313293,PLC -> IO,0.17656
1775737219.1043708,496.51468682289124,PLC -> IO,0.66992
1775737219.2313063,496.6416223049164,PLC -> IO,1.81816
1775737219.3600404,496.77035641670227,PLC -> IO,0.3396
1775737219.4881315,496.8984475135803,PLC -> IO,0.6644
1775737219.616039,497.02635502815247,PLC -> IO,1.86776
1775737219.7441404,497.1544563770294,PLC -> IO,0.6652
1775737219.8715844,497.2819004058838,PLC -> IO,1.31152
1775737219.9998136,497.41012954711914,PLC -> IO,0.8344
1775737220.1284344,497.53875041007996,PLC -> IO,1.65192
1775737220.2566621,497.66697812080383,PLC -> IO,50.7944
1775737220.3850791,497.7953951358795,PLC -> IO,0.34848
1775737220.5116692,497.92198514938354,PLC -> IO,0.6625599999999999
1775737220.640425,498.05074095726013,PLC -> IO,0.6632
1775737220.76817,498.1784861087799,PLC -> IO,0.6752
1775737220.8969326,498.3072485923767,PLC -> IO,0.18184
1775737221.0241857,498.4345016479492,PLC -> IO,0.6695199999999999
1775737221.151097,498.5614130496979,PLC -> IO,0.83568
1775737221.2798638,498.6901798248291,PLC -> IO,0.8343200000000001
1775737221.4079485,498.8182644844055,PLC -> IO,0.67064
1775737221.538234,498.9485499858856,PLC -> IO,25.729680000000002
1775737221.6644611,499.07477712631226,PLC -> IO,0.6664
1775737221.791709,499.202024936676,PLC -> IO,0.66528
1775737221.9201355,499.3304514884949,PLC -> IO,0.3356
1775737222.0482216,499.45853757858276,PLC -> IO,1.69272
1775737222.1761394,499.5864553451538,PLC -> IO,0.8356
1775737222.3049057,499.7152216434479,PLC -> IO,0.34584
1775737222.4319873,499.842303276062,PLC -> IO,0.67152
1775737222.5607352,499.9710512161255,PLC -> IO,0.6705599999999999
1775737222.6886685,500.0989844799042,PLC -> IO,0.83072
1775737222.816762,500.227077960968,PLC -> IO,0.67672
1775737222.9444993,500.3548152446747,PLC -> IO,0.70328
1775737223.0717688,500.48208475112915,PLC -> IO,0.6613600000000001
1775737223.200184,500.6105000972748,PLC -> IO,0.33104
1775737223.328261,500.7385768890381,PLC -> IO,0.6928000000000001
1775737223.4561946,500.86651062965393,PLC -> IO,1.84648
1775737223.584269,500.99458503723145,PLC -> IO,3.1871199999999997
1775737223.7120297,501.12234568595886,PLC -> IO,0.67832
1775737223.8389688,501.2492847442627,PLC -> IO,1.82896
1775737223.9687178,501.3790338039398,PLC -> IO,0.8205600000000001
1775737224.0964696,501.5067856311798,PLC -> IO,0.33704
1775737224.224722,501.63503789901733,PLC -> IO,0.84792
1775737224.3518054,501.7621214389801,PLC -> IO,0.6741600000000001
1775737224.4805603,501.8908762931824,PLC -> IO,0.6756800000000001
1775737224.608312,502.0186278820038,PLC -> IO,0.1708
1775737224.7347445,502.1450605392456,PLC -> IO,2.31656
1775737224.864321,502.27463698387146,PLC -> IO,0.69128
1775737224.9912782,502.4015941619873,PLC -> IO,0.79672
1775737225.1200147,502.530330657959,PLC -> IO,0.31864000000000003
1775737225.2480838,502.65839982032776,PLC -> IO,0.68328
1775737225.3760061,502.7863221168518,PLC -> IO,0.86112
1775737225.504093,502.91440892219543,PLC -> IO,0.68416
1775737225.6315227,503.04183864593506,PLC -> IO,0.32432
1775737225.759785,503.1701009273529,PLC -> IO,0.8205600000000001
1775737225.887856,503.2981719970703,PLC -> IO,1.70376
1775737226.0162864,503.4266023635864,PLC -> IO,0.32815999999999995
1775737226.1450496,503.55536556243896,PLC -> IO,0.33736
1775737226.2716224,503.6819384098053,PLC -> IO,0.6805599999999999
1775737226.4003775,503.81069350242615,PLC -> IO,0.67528
1775737226.5288174,503.9391334056854,PLC -> IO,0.3136
1775737226.6568851,504.0672011375427,PLC -> IO,0.20064
1775737226.784138,504.19445395469666,PLC -> IO,0.68632
1775737226.911162,504.32147789001465,PLC -> IO,0.73016
1775737227.0406506,504.4509665966034,PLC -> IO,0.68416
1775737227.167902,504.57821798324585,PLC -> IO,0.68856
1775737227.2963426,504.70665860176086,PLC -> IO,1.83392
1775737227.4244137,504.83472967147827,PLC -> IO,0.68632
1775737227.5514843,504.96180033683777,PLC -> IO,0.18359999999999999
1775737227.6801069,505.09042286872864,PLC -> IO,0.31576
1775737227.809176,505.21949195861816,PLC -> IO,0.70968
1775737227.9361176,505.34643363952637,PLC -> IO,0.81248
1775737228.0648732,505.4751892089844,PLC -> IO,0.32832
1775737228.1919372,505.60225319862366,PLC -> IO,0.69304
1775737228.320698,505.7310140132904,PLC -> IO,1.6874399999999998
1775737228.44864,505.8589560985565,PLC -> IO,0.81176
1775737228.5767138,505.9870297908783,PLC -> IO,0.69752
1775737228.7036753,506.11399126052856,PLC -> IO,0.80992
1775737228.831393,506.24170899391174,PLC -> IO,0.32808000000000004
1775737228.9601562,506.3704721927643,PLC -> IO,0.3116
1775737229.0882192,506.49853515625,PLC -> IO,3.1983200000000003
1775737229.216159,506.6264750957489,PLC -> IO,1.83536
1775737229.3442283,506.7545442581177,PLC -> IO,0.70576
1775737229.4719822,506.8822982311249,PLC -> IO,0.6972
1775737229.5989666,507.00928258895874,PLC -> IO,1.7836
1775737229.7279923,507.13830828666687,PLC -> IO,1.7154399999999999
1775737229.8559518,507.26626777648926,PLC -> IO,0.8074399999999999
1775737229.9847002,507.3950161933899,PLC -> IO,0.82216
1775737230.1117613,507.5220773220062,PLC -> IO,0.68984
1775737230.2412007,507.6515166759491,PLC -> IO,0.33055999999999996
1775737230.367766,507.7780818939209,PLC -> IO,0.6977599999999999
1775737230.4970136,507.9073295593262,PLC -> IO,0.22032000000000002
1775737230.6242733,508.0345892906189,PLC -> IO,0.70184
1775737230.7530293,508.16334533691406,PLC -> IO,0.26536000000000004
1775737230.8809893,508.2913053035736,PLC -> IO,0.7899200000000001
1775737231.0080364,508.4183523654938,PLC -> IO,0.7023199999999999
1775737231.135989,508.54630494117737,PLC -> IO,1.82192
1775737231.264549,508.6748650074005,PLC -> IO,0.1996
1775737231.3917994,508.80211544036865,PLC -> IO,4.2016
1775737231.5187542,508.9290702342987,PLC -> IO,1.8047199999999999
1775737231.649314,509.0596299171448,PLC -> IO,0.21736
1775737231.7762647,509.186580657959,PLC -> IO,0.30224
1775737231.9050212,509.3153371810913,PLC -> IO,0.31152
1775737232.031574,509.441890001297,PLC -> IO,2.20696
1775737232.160029,509.57034492492676,PLC -> IO,0.30088
1775737232.2887878,509.6991038322449,PLC -> IO,0.2904
1775737232.4160388,509.82635474205017,PLC -> IO,0.79968
1775737232.5440905,509.95440649986267,PLC -> IO,0.70736
1775737232.6725454,510.08286142349243,PLC -> IO,1.79968
1775737232.7998025,510.2101185321808,PLC -> IO,0.8004
1775737232.9278545,510.33817052841187,PLC -> IO,0.70768
1775737233.056307,510.46662306785583,PLC -> IO,1.81496
1775737233.184366,510.5946819782257,PLC -> IO,0.70536
1775737233.3123238,510.72263979911804,PLC -> IO,0.7956000000000001
1775737233.440073,510.85038900375366,PLC -> IO,0.30008
1775737233.5673318,510.97764778137207,PLC -> IO,1.7975999999999999
1775737233.696088,511.1064040660858,PLC -> IO,0.7876
1775737233.8248482,511.2351641654968,PLC -> IO,0.30592
1775737233.9526017,511.36291766166687,PLC -> IO,0.29
1775737234.0813556,511.4916715621948,PLC -> IO,0.31423999999999996
1775737234.2086112,511.6189272403717,PLC -> IO,0.79296
1775737234.3366663,511.7469823360443,PLC -> IO,0.71632
1775737234.464406,511.87472200393677,PLC -> IO,0.71368
1775737234.5931647,512.0034806728363,PLC -> IO,0.22696
1775737234.7201276,512.130443572998,PLC -> IO,0.29359999999999997
1775737234.848888,512.2592039108276,PLC -> IO,0.28815999999999997
1775737234.9761384,512.3864543437958,PLC -> IO,0.7893600000000001
1775737235.1041834,512.5144994258881,PLC -> IO,0.722
1775737235.2326508,512.6429667472839,PLC -> IO,0.27904
1775737235.3599136,512.7702295780182,PLC -> IO,0.78904
1775737235.4886608,512.8989768028259,PLC -> IO,0.7884800000000001
1775737235.6159232,513.026239156723,PLC -> IO,0.78928
1775737235.7446706,513.1549866199493,PLC -> IO,0.8041600000000001
1775737235.8714468,513.2817628383636,PLC -> IO,0.2992
1775737236.0004654,513.4107813835144,PLC -> IO,0.71352
1775737236.1284332,513.5387492179871,PLC -> IO,0.7864
1775737236.2569728,513.6672887802124,PLC -> IO,0.23240000000000002
1775737236.3842258,513.7945418357849,PLC -> IO,0.72928
1775737236.5129817,513.9232976436615,PLC -> IO,1.732
1775737236.640713,514.0510289669037,PLC -> IO,0.25048
1775737236.7679896,514.1783056259155,PLC -> IO,0.72032
1775737236.8959556,514.3062715530396,PLC -> IO,1.8075999999999999
1775737237.0244946,514.4348106384277,PLC -> IO,0.22632
1775737237.1524718,514.562787771225,PLC -> IO,0.78552
1775737237.2797222,514.6900382041931,PLC -> IO,0.7892
1775737237.4092596,514.819575548172,PLC -> IO,0.24288
1775737237.5387368,514.949052810669,PLC -> IO,1.80456
1775737237.6640751,515.0743911266327,PLC -> IO,0.91728
1775737237.792246,515.2025620937347,PLC -> IO,0.78088
1775737237.9202836,515.3305995464325,PLC -> IO,0.7170399999999999
1775737238.0487595,515.4590754508972,PLC -> IO,0.2696
1775737238.17679,515.5871059894562,PLC -> IO,1.74464
1775737238.3040428,515.7143588066101,PLC -> IO,1.74488
1775737238.432799,515.8431150913239,PLC -> IO,0.74328
1775737238.5597773,515.9700932502747,PLC -> IO,0.77832
1775737238.6885335,516.0988495349884,PLC -> IO,0.778
1775737238.8162854,516.2266013622284,PLC -> IO,1.7900800000000001
1775737238.9443185,516.3546345233917,PLC -> IO,0.7490399999999999
1775737239.0722952,516.4826111793518,PLC -> IO,0.77672
1775737239.1985757,516.6088917255402,PLC -> IO,1.7451999999999999
1775737239.329082,516.7393980026245,PLC -> IO,0.7409600000000001
1775737239.4560597,516.8663756847382,PLC -> IO,0.7752800000000001
1775737239.5848117,516.9951276779175,PLC -> IO,0.7996
1775737239.712573,517.1228890419006,PLC -> IO,0.27055999999999997
1775737239.840602,517.2509179115295,PLC -> IO,0.72488
1775737239.9685829,517.378898859024,PLC -> IO,0.77008
1775737240.096611,517.5069270133972,PLC -> IO,0.7421599999999999
1775737240.2243612,517.6346771717072,PLC -> IO,1.25104
1775737240.3513358,517.7616517543793,PLC -> IO,1.7788000000000002
1775737240.480099,517.8904149532318,PLC -> IO,0.27192
1775737240.6081266,518.0184426307678,PLC -> IO,0.73288
1775737240.736103,518.1464190483093,PLC -> IO,1.8094400000000002
1775737240.8641331,518.2744491100311,PLC -> IO,0.7435999999999999
1775737240.9936242,518.4039402008057,PLC -> IO,26.83872
1775737241.1198795,518.5301954746246,PLC -> IO,0.7764
1775737241.2486322,518.6589481830597,PLC -> IO,0.76968
1775737241.3758955,518.7862114906311,PLC -> IO,0.7685599999999999
1775737241.50464,518.9149560928345,PLC -> IO,0.7871199999999999
1775737241.6323938,519.0427098274231,PLC -> IO,0.76832
1775737241.7604177,519.1707336902618,PLC -> IO,0.7258399999999999
1775737241.888404,519.2987198829651,PLC -> IO,0.76744
1775737242.0169263,519.4272422790527,PLC -> IO,1.2524000000000002
1775737242.1441782,519.5544941425323,PLC -> IO,0.7482399999999999
1775737242.2729342,519.6832501888275,PLC -> IO,0.7567200000000001
1775737242.3999345,519.8102505207062,PLC -> IO,0.73664
1775737242.5279424,519.9382584095001,PLC -> IO,0.73912
1775737242.6574347,520.0677506923676,PLC -> IO,0.28088
1775737242.7844539,520.194769859314,PLC -> IO,0.23848
1775737242.9124434,520.3227593898773,PLC -> IO,27.83688
1775737243.040463,520.4507789611816,PLC -> IO,3.24432
1775737243.16922,520.5795359611511,PLC -> IO,0.24896000000000001
1775737243.2969704,520.7072863578796,PLC -> IO,0.2392
1775737243.424965,520.8352808952332,PLC -> IO,0.27944
1775737243.552217,520.9625329971313,PLC -> IO,0.7624
1775737243.6802359,521.0905518531799,PLC -> IO,0.7380000000000001
1775737243.808724,521.2190399169922,PLC -> IO,0.26448
1775737243.9367423,521.3470582962036,PLC -> IO,1.7640799999999999
1775737244.0639954,521.4743113517761,PLC -> IO,0.74536
1775737244.192751,521.6030669212341,PLC -> IO,0.75576
1775737244.3197486,521.7300646305084,PLC -> IO,0.7604000000000001
1775737244.4477584,521.858074426651,PLC -> IO,0.74648
1775737244.576517,521.9868330955505,PLC -> IO,0.7427199999999999
1775737244.7035394,522.1138553619385,PLC -> IO,1.73312
1775737244.8322668,522.2425827980042,PLC -> IO,0.75784
1775737244.9585156,522.3688316345215,PLC -> IO,1.7644
1775737245.0890267,522.4993426799774,PLC -> IO,0.7728
1775737245.2160308,522.6263468265533,PLC -> IO,0.7575999999999999
1775737245.344783,522.7550990581512,PLC -> IO,0.7807200000000001
1775737245.4725444,522.8828604221344,PLC -> IO,0.24528
1775737245.6012914,523.0116074085236,PLC -> IO,0.28919999999999996
1775737245.7285542,523.1388702392578,PLC -> IO,0.74896
1775737245.8565636,523.2668795585632,PLC -> IO,0.26408
1775737245.9835842,523.3939001560211,PLC -> IO,0.73216
1775737246.1113403,523.5216562747955,PLC -> IO,1.72232
1775737246.240325,523.650640964508,PLC -> IO,0.74736
1775737246.3680775,523.7783935070038,PLC -> IO,0.75344
1775737246.4960804,523.9063963890076,PLC -> IO,1.76552
1775737246.6240857,524.0344016551971,PLC -> IO,0.75592
1775737246.7520902,524.162406206131,PLC -> IO,0.75152
1775737246.8798563,524.2901723384857,PLC -> IO,0.74504
1775737247.007161,524.4174768924713,PLC -> IO,2.1934400000000003
1775737247.134892,524.5452079772949,PLC -> IO,1.72464
1775737247.2646134,524.6749293804169,PLC -> IO,0.75928
1775737247.3923585,524.8026745319366,PLC -> IO,0.75608
1775737247.5193956,524.9297115802765,PLC -> IO,1.72608
1775737247.6481216,525.0584375858307,PLC -> IO,1.7616
1775737247.7768779,525.1871938705444,PLC -> IO,1.77576
1775737247.9041238,525.3144397735596,PLC -> IO,0.77368
1775737248.0311315,525.4414474964142,PLC -> IO,1.75512
1775737248.1606264,525.570942401886,PLC -> IO,0.28152
1775737248.287887,525.698203086853,PLC -> IO,0.76592
1775737248.4174066,525.8277225494385,PLC -> IO,0.26392
1775737248.5444062,525.9547221660614,PLC -> IO,0.25648
1775737248.6731572,526.0834732055664,PLC -> IO,0.26048
1775737248.8004155,526.2107315063477,PLC -> IO,0.75568
1775737248.9291723,526.3394882678986,PLC -> IO,0.27304
1775737249.056916,526.4672319889069,PLC -> IO,0.26496000000000003
1775737249.1849368,526.5952527523041,PLC -> IO,0.26008
1775737249.3121889,526.7225048542023,PLC -> IO,0.74312
1775737249.440679,526.8509950637817,PLC -> IO,0.26616
1775737249.5679393,526.9782552719116,PLC -> IO,0.76288
1775737249.696688,527.1070039272308,PLC -> IO,1.78904
1775737249.8239477,527.2342636585236,PLC -> IO,0.7652
1775737249.9509873,527.3613033294678,PLC -> IO,1.71664
1775737250.0804615,527.4907774925232,PLC -> IO,38.361520000000006
1775737250.207711,527.618026971817,PLC -> IO,0.76568
1775737250.3372338,527.7475497722626,PLC -> IO,1.7381600000000001
1775737250.4642236,527.8745396137238,PLC -> IO,0.76112
1775737250.5922382,528.0025541782379,PLC -> IO,0.73888
1775737250.7225,528.1328160762787,PLC -> IO,0.23576
1775737250.8482585,528.2585744857788,PLC -> IO,0.72752
1775737250.9767401,528.3870561122894,PLC -> IO,0.7688
1775737251.1047614,528.5150773525238,PLC -> IO,0.75512
1775737251.232509,528.6428248882294,PLC -> IO,0.24008
1775737251.360507,528.7708230018616,PLC -> IO,0.7627200000000001
1775737251.4885266,528.8988425731659,PLC -> IO,0.7350399999999999
1775737251.6165168,529.026832818985,PLC -> IO,4.29008
1775737251.7442687,529.154584646225,PLC -> IO,0.79216
1775737251.873022,529.2833380699158,PLC -> IO,0.27784000000000003
1775737252.0002775,529.4105935096741,PLC -> IO,0.7662399999999999
1775737252.1280298,529.5383458137512,PLC -> IO,0.7724
1775737252.2570539,529.6673698425293,PLC -> IO,0.74976
1775737252.384038,529.7943539619446,PLC -> IO,0.77488
1775737252.512064,529.9223799705505,PLC -> IO,0.73
1775737252.640557,530.050873041153,PLC -> IO,0.27232
1775737252.7685726,530.1788885593414,PLC -> IO,0.7352
1775737252.8965664,530.3068823814392,PLC -> IO,0.76496
1775737253.024586,530.4349019527435,PLC -> IO,0.74616
1775737253.1523368,530.5626528263092,PLC -> IO,0.73024
1775737253.2810931,530.691409111023,PLC -> IO,0.24904
1775737253.4083467,530.8186626434326,PLC -> IO,0.72952
1775737253.5369375,530.9472534656525,PLC -> IO,0.69544
1775737253.6640832,531.0743992328644,PLC -> IO,0.786
1775737253.7911353,531.2014513015747,PLC -> IO,1.7484
1775737253.9205835,531.330899477005,PLC -> IO,0.28904
1775737254.0478463,531.4581623077393,PLC -> IO,0.77808
1775737254.1756048,531.5859208106995,PLC -> IO,1.77424
1775737254.3046272,531.7149431705475,PLC -> IO,0.73352
1775737254.4323862,531.8427021503448,PLC -> IO,0.7286400000000001
1775737254.5596695,531.9699854850769,PLC -> IO,0.69848
1775737254.6881216,532.0984375476837,PLC -> IO,1.29616
1775737254.8171523,532.227468252182,PLC -> IO,2.23144
1775737254.9449065,532.3552224636078,PLC -> IO,0.23608
1775737255.0721533,532.4824693202972,PLC -> IO,0.7310399999999999
1775737255.2006383,532.610954284668,PLC -> IO,0.27831999999999996
1775737255.3286746,532.7389905452728,PLC -> IO,0.7163999999999999
1775737255.4566474,532.8669633865356,PLC -> IO,2.8145599999999997
1775737255.584404,532.9947199821472,PLC -> IO,0.27968
1775737255.7126565,533.1229724884033,PLC -> IO,0.79304
1775737255.840413,533.2507290840149,PLC -> IO,0.77864
1775737255.968448,533.3787639141083,PLC -> IO,1.7336
1775737256.096422,533.506737947464,PLC -> IO,0.7728
1775737256.2241762,533.6344921588898,PLC -> IO,0.78096
1775737256.3522096,533.7625255584717,PLC -> IO,0.71304
1775737256.4799838,533.8902997970581,PLC -> IO,0.20207999999999998
1775737256.6089385,534.0192544460297,PLC -> IO,0.80304
1775737256.7366874,534.1470034122467,PLC -> IO,0.79288
1775737256.8639455,534.2742614746094,PLC -> IO,0.7847200000000001
1775737256.9924872,534.4028031826019,PLC -> IO,0.21431999999999998
1775737257.1204536,534.5307695865631,PLC -> IO,0.7870400000000001
1775737257.248497,534.6588129997253,PLC -> IO,0.7170399999999999
1775737257.3764684,534.7867844104767,PLC -> IO,0.79976
1775737257.5042143,534.9145302772522,PLC -> IO,0.7911199999999999
1775737257.6329746,535.0432906150818,PLC -> IO,0.30264
1775737257.7602274,535.1705434322357,PLC -> IO,0.78096
1775737257.8879817,535.2982976436615,PLC -> IO,0.28815999999999997
1775737258.0170252,535.4273412227631,PLC -> IO,0.73424
1775737258.1447766,535.5550925731659,PLC -> IO,0.71904
1775737258.272033,535.6823489665985,PLC -> IO,28.28736
1775737258.4005122,535.8108282089233,PLC -> IO,0.2888
1775737258.5292532,535.939569234848,PLC -> IO,0.3056
1775737258.655809,536.0661249160767,PLC -> IO,0.71248
1775737258.7845562,536.1948721408844,PLC -> IO,1.73032
1775737258.9123082,536.322624206543,PLC -> IO,0.70624
1775737259.0402753,536.4505913257599,PLC -> IO,0.7893600000000001
1775737259.168318,536.5786340236664,PLC -> IO,0.71152
1775737259.2967758,536.7070918083191,PLC -> IO,1.82064
1775737259.42554,536.835855960846,PLC -> IO,1.33896
1775737259.551167,536.961483001709,PLC -> IO,1.6179199999999998
1775737259.680539,537.090854883194,PLC -> IO,41.91152
1775737259.8085957,537.2189116477966,PLC -> IO,0.70856
1775737259.9358518,537.3461678028107,PLC -> IO,0.6811999999999999
1775737260.0646057,537.4749217033386,PLC -> IO,0.7076
1775737260.1923575,537.6026735305786,PLC -> IO,0.70984
1775737260.3203213,537.7306373119354,PLC -> IO,0.78576
1775737260.4480987,537.8584146499634,PLC -> IO,1.28704
1775737260.5768278,537.9871437549591,PLC -> IO,0.29688000000000003
1775737260.704881,538.1151969432831,PLC -> IO,0.21839999999999998
1775737260.8321316,538.2424476146698,PLC -> IO,0.70776
1775737260.9608881,538.3712041378021,PLC -> IO,0.72112
1775737261.088646,538.4989619255066,PLC -> IO,0.70336
1775737261.216601,538.626916885376,PLC -> IO,1.81904
1775737261.3453584,538.7556743621826,PLC -> IO,0.32448
1775737261.4709303,538.8812463283539,PLC -> IO,2.1821599999999997
1775737261.6003654,539.0106813907623,PLC -> IO,0.79784
1775737261.7281203,539.1384363174438,PLC -> IO,0.2988
1775737261.8571663,539.2674822807312,PLC -> IO,0.72504
1775737261.9849284,539.3952443599701,PLC -> IO,1.7024
1775737262.112181,539.5224969387054,PLC -> IO,0.70096
1775737262.2399285,539.650244474411,PLC -> IO,0.20887999999999998
1775737262.3681908,539.7785067558289,PLC -> IO,0.70104
1775737262.496645,539.9069609642029,PLC -> IO,9.31976
1775737262.6247,540.0350160598755,PLC -> IO,1.7232
1775737262.7524588,540.1627748012543,PLC -> IO,0.1952
1775737262.8804128,540.2907288074493,PLC -> IO,0.79968
1775737263.0084684,540.4187843799591,PLC -> IO,0.69808
1775737263.136421,540.5467369556427,PLC -> IO,1.8207200000000001
1775737263.264977,540.67529296875,PLC -> IO,0.19872
1775737263.392927,540.8032429218292,PLC -> IO,0.32168
1775737263.5201836,540.9304995536804,PLC -> IO,3.3116
1775737263.647934,541.0582499504089,PLC -> IO,0.30616
1775737263.7769966,541.1873126029968,PLC -> IO,0.71192
1775737263.904755,541.315071105957,PLC -> IO,0.70264
1775737264.0320053,541.4423213005066,PLC -> IO,0.69368
1775737264.1604645,541.5707805156708,PLC -> IO,0.30776000000000003
1775737264.2892118,541.6995277404785,PLC -> IO,0.31776
1775737264.4157803,541.8260962963104,PLC -> IO,0.69448
1775737264.5445278,541.9548437595367,PLC -> IO,1.7112
1775737264.6722744,542.082590341568,PLC -> IO,0.6977599999999999
1775737264.799252,542.2095680236816,PLC -> IO,4.29144
1775737264.9279792,542.3382952213287,PLC -> IO,0.31023999999999996
1775737265.0567353,542.4670512676239,PLC -> IO,1.83256
1775737265.185489,542.5958049297333,PLC -> IO,1.8172799999999998
1775737265.3130722,542.7233881950378,PLC -> IO,1.1775200000000001
1775737265.4404936,542.8508095741272,PLC -> IO,0.32864
1775737265.5685673,542.978883266449,PLC -> IO,0.6904800000000001
1775737265.697321,543.1076369285583,PLC -> IO,0.18375999999999998
1775737265.8245778,543.2348937988281,PLC -> IO,0.6810400000000001
1775737265.952329,543.3626449108124,PLC -> IO,0.69088
1775737266.0802736,543.4905896186829,PLC -> IO,0.80488
1775737266.209022,543.6193380355835,PLC -> IO,0.3352
1775737266.3367803,543.7470963001251,PLC -> IO,0.31576
1775737266.4658237,543.8761396408081,PLC -> IO,0.73216
1775737266.5921032,544.0024192333221,PLC -> IO,0.67928
1775737266.7205434,544.130859375,PLC -> IO,0.31624
1775737266.8486094,544.2589254379272,PLC -> IO,0.6923199999999999
1775737266.9765482,544.3868641853333,PLC -> IO,1.8436
1775737267.1046264,544.514942407608,PLC -> IO,0.68448
1775737267.233065,544.6433808803558,PLC -> IO,0.33432
1775737267.360311,544.7706270217896,PLC -> IO,0.82352
1775737267.4883916,544.8987076282501,PLC -> IO,0.6824
1775737267.6161425,545.0264585018158,PLC -> IO,1.69536
1775737267.744912,545.1552278995514,PLC -> IO,0.17104
1775737267.8721523,545.2824683189392,PLC -> IO,0.6819999999999999
1775737268.0000832,545.4103991985321,PLC -> IO,0.82568
1775737268.1288443,545.5391602516174,PLC -> IO,1.84272
1775737268.254941,545.6652569770813,PLC -> IO,1.6563999999999999
1775737268.3846757,545.7949917316437,PLC -> IO,1.69352
1775737268.5124302,545.922746181488,PLC -> IO,0.1764
1775737268.641184,546.051500082016,PLC -> IO,0.19896
1775737268.76844,546.1787559986115,PLC -> IO,0.6732
1775737268.8963735,546.3066895008087,PLC -> IO,1.83192
1775737269.0244508,546.4347667694092,PLC -> IO,0.67728
1775737269.1528745,546.5631904602051,PLC -> IO,0.86064
1775737269.280136,546.6904520988464,PLC -> IO,46.940000000000005
1775737269.4082115,546.8185274600983,PLC -> IO,0.67704
1775737269.5374649,546.9477808475494,PLC -> IO,0.7096
1775737269.6647265,547.0750424861908,PLC -> IO,0.70224
1775737269.791976,547.2022919654846,PLC -> IO,0.6688
1775737269.9207363,547.3310523033142,PLC -> IO,55.79736
1775737270.0491643,547.4594802856445,PLC -> IO,0.34352
1775737270.1764266,547.5867426395416,PLC -> IO,50.449679999999994
1775737270.304494,547.7148098945618,PLC -> IO,1.6971200000000002
1775737270.432251,547.8425669670105,PLC -> IO,0.67616
1775737270.5601802,547.9704961776733,PLC -> IO,0.82728
1775737270.688255,548.098571062088,PLC -> IO,0.6811200000000001
1775737270.8166885,548.2270045280457,PLC -> IO,3.8545599999999998
1775737270.9438086,548.354124546051,PLC -> IO,1.6426399999999999
1775737271.0726967,548.483012676239,PLC -> IO,0.34704
1775737271.2004492,548.6107652187347,PLC -> IO,0.34432
1775737271.3285396,548.738855600357,PLC -> IO,0.67064
1775737271.457463,548.8677790164948,PLC -> IO,0.83088
1775737271.5845485,548.9948644638062,PLC -> IO,0.66984
1775737271.7129722,549.123288154602,PLC -> IO,0.33008
1775737271.8402255,549.2505414485931,PLC -> IO,0.8315199999999999
1775737271.9689822,549.379298210144,PLC -> IO,0.34632
1775737272.0945907,549.5049066543579,PLC -> IO,2.14224
1775737272.2248058,549.6351218223572,PLC -> IO,1.70128
1775737272.352742,549.7630579471588,PLC -> IO,0.83824
1775737272.4804966,549.8908126354218,PLC -> IO,0.33568
1775737272.6085877,550.0189037322998,PLC -> IO,0.66648
1775737272.7365048,550.1468207836151,PLC -> IO,1.85192
1775737272.8645978,550.2749137878418,PLC -> IO,0.66552
1775737272.9930174,550.4033334255219,PLC -> IO,0.35312
1775737273.1202717,550.5305876731873,PLC -> IO,0.3292
1775737273.248362,550.6586780548096,PLC -> IO,0.66448
1775737273.377117,550.7874329090118,PLC -> IO,0.67936
1775737273.5048635,550.9151794910431,PLC -> IO,0.6703199999999999
1775737273.632788,551.0431039333344,PLC -> IO,0.8416
1775737273.760541,551.1708569526672,PLC -> IO,0.33255999999999997
1775737273.8887954,551.299111366272,PLC -> IO,1.86312
1775737274.0149126,551.4252285957336,PLC -> IO,1.63832
1775737274.1446471,551.5549631118774,PLC -> IO,1.68128
1775737274.272559,551.682874917984,PLC -> IO,0.84552
1775737274.400317,551.810632944107,PLC -> IO,0.34
1775737274.5284114,551.9387273788452,PLC -> IO,0.6611199999999999
1775737274.656326,552.0666420459747,PLC -> IO,1.8577599999999999
1775737274.7844222,552.194738149643,PLC -> IO,0.6584800000000001
1775737274.9201891,552.3305051326752,PLC -> IO,3.68144
1775737275.0390458,552.4493618011475,PLC -> IO,1.88368
1775737275.168183,552.5784990787506,PLC -> IO,0.65896
1775737275.295122,552.7054378986359,PLC -> IO,1.81736
1775737275.4246988,552.8350148200989,PLC -> IO,0.6569600000000001
1775737275.5526066,552.9629225730896,PLC -> IO,3.34864
1775737275.6797397,553.0900557041168,PLC -> IO,0.6282399999999999
1775737275.809114,553.2194299697876,PLC -> IO,0.36512
1775737275.936376,553.3466920852661,PLC -> IO,0.8395199999999999
1775737276.0644705,553.4747865200043,PLC -> IO,1.66688
1775737276.192877,553.6031930446625,PLC -> IO,0.34728
1775737276.320979,553.7312951087952,PLC -> IO,0.17304
1775737276.4482324,553.8585484027863,PLC -> IO,0.64696
1775737276.5766401,553.9869561195374,PLC -> IO,1.3679199999999998
1775737276.704754,554.115070104599,PLC -> IO,0.6524
1775737276.8326433,554.2429592609406,PLC -> IO,0.37184
1775737276.9604049,554.3707208633423,PLC -> IO,0.35328
1775737277.088511,554.4988269805908,PLC -> IO,0.6508
1775737277.2172663,554.6275823116302,PLC -> IO,0.14792
1775737277.3445132,554.7548291683197,PLC -> IO,0.6576000000000001
1775737277.4729247,554.8832406997681,PLC -> IO,0.35
1775737277.6001778,555.0104937553406,PLC -> IO,0.8436
1775737277.7289348,555.1392507553101,PLC -> IO,0.36544000000000004
1775737277.8566852,555.2670011520386,PLC -> IO,0.3528
1775737277.9847732,555.3950891494751,PLC -> IO,1.68672
1775737278.1126943,555.5230102539062,PLC -> IO,0.8572000000000001
1775737278.2404482,555.6507642269135,PLC -> IO,2.86152
1775737278.3692076,555.7795236110687,PLC -> IO,1.8539999999999999
1775737278.4964573,555.9067733287811,PLC -> IO,1.87688
1775737278.6245701,556.0348861217499,PLC -> IO,0.63888
1775737278.75297,556.1632859706879,PLC -> IO,0.37208
1775737278.8802238,556.2905397415161,PLC -> IO,0.85368
1775737279.0083334,556.4186494350433,PLC -> IO,0.63872
1775737279.1370885,556.5474045276642,PLC -> IO,0.6604
1775737279.2643435,556.6746594905853,PLC -> IO,1.14392
1775737279.3927343,556.8030502796173,PLC -> IO,0.86648
1775737279.5204935,556.9308094978333,PLC -> IO,0.35816
1775737279.647751,557.0580670833588,PLC -> IO,1.86928
1775737279.7765036,557.1868195533752,PLC -> IO,0.8616
1775737279.9046185,557.3149344921112,PLC -> IO,1.6624
1775737280.0325115,557.44282746315,PLC -> IO,0.8644
1775737280.1602695,557.5705854892731,PLC -> IO,0.3588
1775737280.2883828,557.698698759079,PLC -> IO,0.6412
1775737280.4162796,557.8265955448151,PLC -> IO,4.38464
1775737280.545033,557.9553489685059,PLC -> IO,0.37784
1775737280.6727846,558.0831005573273,PLC -> IO,0.37928
1775737280.8000402,558.2103562355042,PLC -> IO,0.8540000000000001
1775737280.9281545,558.3384704589844,PLC -> IO,2.15456
1775737281.0569108,558.4672267436981,PLC -> IO,0.65512
1775737281.1846633,558.5949792861938,PLC -> IO,0.652
1775737281.3125565,558.7228724956512,PLC -> IO,0.8678400000000001
1775737281.4403222,558.8506381511688,PLC -> IO,0.35703999999999997
1775737281.56907,558.9793860912323,PLC -> IO,0.36392
1775737281.696331,559.1066470146179,PLC -> IO,3.3713599999999997
1775737281.824436,559.2347519397736,PLC -> IO,1.66064
1775737281.9528296,559.3631455898285,PLC -> IO,0.36872
1775737282.0809505,559.4912664890289,PLC -> IO,0.63608
1775737282.2082038,559.61851978302,PLC -> IO,0.63488
1775737282.3365927,559.7469086647034,PLC -> IO,1.3868
1775737282.4653795,559.8756954669952,PLC -> IO,0.34864
1775737282.5926018,560.002917766571,PLC -> IO,0.38736
1775737282.7203603,560.1306762695312,PLC -> IO,0.37335999999999997
1775737282.8484814,560.2587974071503,PLC -> IO,0.6327200000000001
1775737282.9772363,560.3875522613525,PLC -> IO,0.13928000000000001
1775737283.1044915,560.5148074626923,PLC -> IO,0.63192
1775737283.2328773,560.6431932449341,PLC -> IO,0.36784
1775737283.3601303,560.7704463005066,PLC -> IO,0.8692
1775737283.4888864,560.8992023468018,PLC -> IO,0.38592
1775737283.6166387,561.0269546508789,PLC -> IO,0.3708
1775737283.744754,561.155070066452,PLC -> IO,1.65832
1775737283.873517,561.283833026886,PLC -> IO,1.63736
1775737284.0007508,561.4110667705536,PLC -> IO,0.6684
1775737284.1285307,561.5388467311859,PLC -> IO,0.62952
1775737284.25641,561.6667258739471,PLC -> IO,1.8905599999999998
1775737284.3845417,561.7948577404022,PLC -> IO,0.6267199999999999
1775737284.5129225,561.9232385158539,PLC -> IO,0.39096
1775737284.6401753,562.0504913330078,PLC -> IO,0.8735999999999999
1775737284.768305,562.1786210536957,PLC -> IO,0.6272800000000001
1775737284.8961818,562.3064978122711,PLC -> IO,0.87016
1775737285.0248141,562.4351301193237,PLC -> IO,0.62472
1775737285.1535723,562.5638883113861,PLC -> IO,26.7024
1775737285.2804458,562.6907618045807,PLC -> IO,0.3772
1775737285.4092045,562.8195204734802,PLC -> IO,0.39392000000000005
1775737285.537066,562.9473819732666,PLC -> IO,1.2820799999999999
1775737285.66459,563.074905872345,PLC -> IO,1.63744
1775737285.7929676,563.2032835483551,PLC -> IO,0.37896
1775737285.920222,563.3305380344391,PLC -> IO,0.37272
1775737286.0483541,563.4586701393127,PLC -> IO,0.6155200000000001
1775737286.1762319,563.5865478515625,PLC -> IO,1.8955199999999999
1775737286.3043642,563.7146801948547,PLC -> IO,0.6213599999999999
1775737286.4327302,563.8430461883545,PLC -> IO,0.38783999999999996
1775737286.5599926,563.9703085422516,PLC -> IO,0.87984
1775737286.6881268,564.0984427928925,PLC -> IO,0.61928
1775737286.816882,564.2271978855133,PLC -> IO,0.63072
1775737286.9446409,564.3549568653107,PLC -> IO,0.6267999999999999
1775737287.072509,564.4828250408173,PLC -> IO,0.8875200000000001
1775737287.2002692,564.6105852127075,PLC -> IO,0.38136000000000003
1775737287.3290226,564.7393386363983,PLC -> IO,0.39248
1775737287.4562836,564.8665995597839,PLC -> IO,0.93648
1775737287.5844076,564.9947235584259,PLC -> IO,2.14
1775737287.7127821,565.1230981349945,PLC -> IO,0.38448
1775737287.8409216,565.2512376308441,PLC -> IO,0.6164000000000001
1775737287.9681752,565.3784911632538,PLC -> IO,0.61688
1775737288.096545,565.5068609714508,PLC -> IO,1.40496
1775737288.2253106,565.6356265544891,PLC -> IO,0.38992
1775737288.352554,565.7628700733185,PLC -> IO,0.40368000000000004
1775737288.4803138,565.8906297683716,PLC -> IO,0.39399999999999996
1775737288.6084528,566.018768787384,PLC -> IO,0.61384
1775737288.7372077,566.1475236415863,PLC -> IO,0.1224
1775737288.8644626,566.2747786045074,PLC -> IO,0.61312
1775737288.9922147,566.402530670166,PLC -> IO,0.61256
1775737289.1200838,566.5303997993469,PLC -> IO,0.88736
1775737289.248839,566.6591548919678,PLC -> IO,1.90752
1775737289.3765903,566.7869062423706,PLC -> IO,0.38472
1775737289.5047286,566.9150445461273,PLC -> IO,1.6360000000000001
1775737289.6326,567.042916059494,PLC -> IO,0.89432
1775737289.7613554,567.1716713905334,PLC -> IO,0.89536
1775737289.888503,567.298819065094,PLC -> IO,0.602
1775737290.0157475,567.4260635375977,PLC -> IO,0.6156
1775737290.1445122,567.5548281669617,PLC -> IO,0.6088
1775737290.272875,567.6831910610199,PLC -> IO,0.4108
1775737290.4016283,567.8119442462921,PLC -> IO,43.995520000000006
1775737290.5282764,567.9385924339294,PLC -> IO,0.6084
1775737290.6570303,568.0673463344574,PLC -> IO,0.6235200000000001
1775737290.7847836,568.1950995922089,PLC -> IO,0.60784
1775737290.9126444,568.3229603767395,PLC -> IO,0.3956
1775737291.0403984,568.4507143497467,PLC -> IO,0.39624000000000004
1775737291.168048,568.5783638954163,PLC -> IO,1.11
1775737291.2964075,568.7067234516144,PLC -> IO,0.3968
1775737291.4245622,568.834878206253,PLC -> IO,1.62352
1775737291.5518122,568.962128162384,PLC -> IO,1.1077599999999999
1775737291.680566,569.090882062912,PLC -> IO,1.10144
1775737291.808929,569.2192449569702,PLC -> IO,1.89904
1775737291.9366806,569.3469965457916,PLC -> IO,1.4182400000000002
1775737292.0643287,569.4746446609497,PLC -> IO,0.60248
1775737292.1926894,569.6030054092407,PLC -> IO,0.4164
1775737292.319946,569.7302620410919,PLC -> IO,3.40632
1775737292.4480972,569.8584132194519,PLC -> IO,0.5945600000000001
1775737292.5768538,569.9871697425842,PLC -> IO,0.61728
1775737292.7036438,570.1139597892761,PLC -> IO,1.5760800000000001
1775737292.833368,570.243684053421,PLC -> IO,1.5952
1775737292.960622,570.3709380626678,PLC -> IO,0.60744
1775737293.0889742,570.49929022789,PLC -> IO,1.4207200000000002
1775737293.2162318,570.6265478134155,PLC -> IO,0.89704
1775737293.344385,570.7547008991241,PLC -> IO,2.1152800000000003
1775737293.472049,570.882364988327,PLC -> IO,0.6881600000000001
1775737293.600893,571.0112090110779,PLC -> IO,0.6000800000000001
1775737293.7281413,571.1384572982788,PLC -> IO,1.14072
1775737293.8564975,571.2668135166168,PLC -> IO,1.42384
1775737293.9852655,571.3955814838409,PLC -> IO,0.40624
1775737294.1125066,571.5228226184845,PLC -> IO,0.42247999999999997
1775737294.240271,571.6505870819092,PLC -> IO,0.40808
1775737294.3684244,571.7787404060364,PLC -> IO,0.59584
1775737294.4971783,571.9074943065643,PLC -> IO,0.10744000000000001
1775737294.624435,572.0347509384155,PLC -> IO,0.5932799999999999
1775737294.7527797,572.1630957126617,PLC -> IO,0.40824
1775737294.8794684,572.2897844314575,PLC -> IO,0.56784
1775737295.0087862,572.419102191925,PLC -> IO,0.42808
1775737295.1365428,572.5468587875366,PLC -> IO,0.41056000000000004
1775737295.2647033,572.6750192642212,PLC -> IO,1.6148
1775737295.3925447,572.8028607368469,PLC -> IO,0.9208000000000001
1775737295.5207014,572.9310173988342,PLC -> IO,0.6064
1775737295.6484735,573.0587894916534,PLC -> IO,0.5908000000000001
1775737295.7757661,573.1860821247101,PLC -> IO,0.54952
1775737295.9044836,573.3147995471954,PLC -> IO,0.58968
1775737296.0328274,573.4431433677673,PLC -> IO,0.42976000000000003
1775737296.160985,573.571300983429,PLC -> IO,0.59592
1775737296.2882476,573.6985635757446,PLC -> IO,0.5888
1775737296.4170017,573.8273177146912,PLC -> IO,0.6055200000000001
1775737296.5447624,573.9550783634186,PLC -> IO,0.5815199999999999
1775737296.672597,574.0829129219055,PLC -> IO,0.91856
1775737296.800766,574.2110819816589,PLC -> IO,0.5869599999999999
1775737296.9280195,574.3383355140686,PLC -> IO,1.09088
1775737297.05636,574.4666759967804,PLC -> IO,0.41575999999999996
1775737297.1845336,574.5948495864868,PLC -> IO,1.60472
1775737297.3128724,574.7231884002686,PLC -> IO,0.41624
1775737297.4405427,574.8508586883545,PLC -> IO,1.0832000000000002
1775737297.5682971,574.9786131381989,PLC -> IO,0.6127199999999999
1775737297.6966262,575.1069421768188,PLC -> IO,1.4432
1775737297.824301,575.2346169948578,PLC -> IO,1.08792
1775737297.952642,575.3629579544067,PLC -> IO,0.43528
1775737298.0808153,575.4911313056946,PLC -> IO,0.57688
1775737298.2080686,575.6183845996857,PLC -> IO,1.08736
1775737298.3368258,575.7471418380737,PLC -> IO,0.6232800000000001
1775737298.4645834,575.8748993873596,PLC -> IO,0.59264
1775737298.5924141,576.0027301311493,PLC -> IO,0.9244
1775737298.7205908,576.1309068202972,PLC -> IO,0.59208
1775737298.8489199,576.2592358589172,PLC -> IO,0.44496
1775737298.9761887,576.386504650116,PLC -> IO,0.9125599999999999
1775737299.1043563,576.5146722793579,PLC -> IO,0.5788800000000001
1775737299.232683,576.6429989337921,PLC -> IO,0.42279999999999995
1775737299.3599427,576.7702586650848,PLC -> IO,0.92176
1775737299.4881213,576.8984372615814,PLC -> IO,0.5746399999999999
1775737299.6158988,577.026214838028,PLC -> IO,0.55224
1775737299.7446404,577.1549563407898,PLC -> IO,0.5776
1775737299.8724592,577.2827751636505,PLC -> IO,0.44232
1775737300.000225,577.4105410575867,PLC -> IO,0.42504000000000003
1775737300.1283958,577.5387117862701,PLC -> IO,0.57688
1775737300.2571428,577.6674587726593,PLC -> IO,0.09144000000000001
1775737300.3844066,577.7947225570679,PLC -> IO,0.57424
1775737300.5127323,577.9230482578278,PLC -> IO,0.42719999999999997
1775737300.640914,578.0512299537659,PLC -> IO,0.5676
1775737300.7687447,578.1790606975555,PLC -> IO,1.9504
1775737300.8964953,578.3068113327026,PLC -> IO,0.4284
1775737301.0246782,578.4349942207336,PLC -> IO,1.58616
1775737301.1525042,578.5628201961517,PLC -> IO,0.93296
1775737301.2806733,578.6909892559052,PLC -> IO,0.58808
1775737301.408445,578.8187608718872,PLC -> IO,0.56496
1775737301.5362673,578.9465832710266,PLC -> IO,1.9456
1775737301.665026,579.0753419399261,PLC -> IO,0.44488
1775737301.79278,579.2030959129333,PLC -> IO,0.44784
1775737301.920034,579.3303499221802,PLC -> IO,0.92488
1775737302.048219,579.4585349559784,PLC -> IO,0.5698399999999999
1775737302.1769738,579.5872898101807,PLC -> IO,0.5848
1775737302.3047254,579.7150413990021,PLC -> IO,0.5708
1775737302.4325504,579.8428664207458,PLC -> IO,0.43248000000000003
1775737302.5603034,579.9706194400787,PLC -> IO,1.43584
1775737302.6892986,580.0996146202087,PLC -> IO,1.21616
1775737302.8163133,580.2266292572021,PLC -> IO,0.43392000000000003
1775737302.9445043,580.3548202514648,PLC -> IO,1.5868
1775737303.072825,580.4831409454346,PLC -> IO,0.43648
1775737303.200514,580.6108300685883,PLC -> IO,1.0644
1775737303.3282685,580.7385845184326,PLC -> IO,0.56648
1775737303.4565854,580.8669013977051,PLC -> IO,1.45536
1775737303.5842772,580.9945931434631,PLC -> IO,1.0642399999999999
1775737303.7125876,581.122903585434,PLC -> IO,0.44456
1775737303.8403485,581.25066447258,PLC -> IO,0.43824
1775737303.9680402,581.378356218338,PLC -> IO,3.57024
1775737304.0967991,581.5071151256561,PLC -> IO,0.57008
1775737304.2245533,581.6348693370819,PLC -> IO,0.5716
1775737304.3523664,581.7626824378967,PLC -> IO,0.9408
1775737304.4805624,581.8908784389496,PLC -> IO,0.56584
1775737304.608879,582.0191950798035,PLC -> IO,1.45896
1775737304.736141,582.1464569568634,PLC -> IO,0.9316800000000001
1775737304.8643277,582.2746436595917,PLC -> IO,0.55352
1775737304.9926395,582.402955532074,PLC -> IO,0.44192
1775737305.1208358,582.5311517715454,PLC -> IO,0.56064
1775737305.2480893,582.6584053039551,PLC -> IO,0.5592
1775737305.3764026,582.7867186069489,PLC -> IO,1.46248
1775737305.5046117,582.9149277210236,PLC -> IO,0.5588000000000001
1775737305.6324127,583.0427286624908,PLC -> IO,0.45272
1775737305.7611797,583.1714956760406,PLC -> IO,45.5552
1775737305.8889174,583.2992334365845,PLC -> IO,0.45272
1775737306.0171144,583.4274303913116,PLC -> IO,0.07959999999999999
1775737306.1449332,583.5552492141724,PLC -> IO,1.94608
1775737306.2726812,583.6829972267151,PLC -> IO,0.45048
1775737306.4014406,583.8117566108704,PLC -> IO,0.43976
1775737306.5286963,583.9390122890472,PLC -> IO,1.9727199999999998
1775737306.656441,584.0667569637299,PLC -> IO,0.45416
1775737306.7846532,584.1949691772461,PLC -> IO,1.57
1775737306.9124568,584.3227727413177,PLC -> IO,0.95192
1775737307.0406508,584.450966835022,PLC -> IO,0.57328
1775737307.1689703,584.5792863368988,PLC -> IO,0.44816
1775737307.2962198,584.7065358161926,PLC -> IO,1.97144
1775737307.4249716,584.8352875709534,PLC -> IO,0.9561599999999999
1775737307.5522673,584.9625833034515,PLC -> IO,0.46504
1775737307.6799862,585.0903022289276,PLC -> IO,0.94152
1775737307.8087413,585.2190573215485,PLC -> IO,0.94968
1775737307.9369454,585.347261428833,PLC -> IO,0.56592
1775737308.064692,585.4750080108643,PLC -> IO,0.55768
1775737308.1925018,585.602817773819,PLC -> IO,0.45248
1775737308.3207088,585.7310247421265,PLC -> IO,0.5492
1775737308.4490125,585.8593285083771,PLC -> IO,1.47368
1775737308.5752902,585.9856061935425,PLC -> IO,1.4294399999999998
1775737308.704049,586.1143651008606,PLC -> IO,0.42648
1775737308.8327775,586.2430934906006,PLC -> IO,0.45456
1775737308.9604855,586.370801448822,PLC -> IO,1.04544
1775737309.0882409,586.4985568523407,PLC -> IO,0.5456000000000001
1775737309.216539,586.6268548965454,PLC -> IO,1.4734399999999999
1775737309.345294,586.7556099891663,PLC -> IO,0.45632
1775737309.471747,586.8820629119873,PLC -> IO,0.8
1775737309.5998025,587.0101184844971,PLC -> IO,0.95544
1775737309.7290552,587.1393711566925,PLC -> IO,1.4572
1775737309.8567681,587.2670841217041,PLC -> IO,0.56032
1775737309.9845273,587.39484333992,PLC -> IO,0.54264
1775737310.1128225,587.5231385231018,PLC -> IO,0.4588
1775737310.2405365,587.6508524417877,PLC -> IO,0.55016
1775737310.3688326,587.7791485786438,PLC -> IO,1.47712
1775737310.496094,587.9064099788666,PLC -> IO,0.9424
1775737310.6243,588.0346159934998,PLC -> IO,0.54064
1775737310.752592,588.16290807724,PLC -> IO,0.46104
1775737310.8788729,588.2891888618469,PLC -> IO,1.93408
1775737311.008601,588.4189169406891,PLC -> IO,0.9744
1775737311.1363552,588.5466711521149,PLC -> IO,1.4815200000000002
1775737311.265142,588.6754579544067,PLC -> IO,0.44336000000000003
1775737311.3923643,588.8026802539825,PLC -> IO,0.47928
1775737311.5201302,588.9304461479187,PLC -> IO,2.9563200000000003
1775737311.6483386,589.0586545467377,PLC -> IO,0.53824
1775737311.7770865,589.1874024868011,PLC -> IO,0.06624000000000001
1775737311.9043484,589.3146643638611,PLC -> IO,0.53048
1775737312.0321004,589.4424164295197,PLC -> IO,0.53688
1775737312.1608498,589.5711658000946,PLC -> IO,0.5434399999999999
1775737312.2886393,589.6989552974701,PLC -> IO,2.00512
1775737312.4164011,589.8267171382904,PLC -> IO,0.4656
1775737312.5461745,589.9564905166626,PLC -> IO,0.9513600000000001
1775737312.6718745,590.0821905136108,PLC -> IO,0.52792
1775737312.8006253,590.2109413146973,PLC -> IO,0.5399200000000001
1775737312.9283879,590.3387038707733,PLC -> IO,2.0625600000000004
1775737313.0561671,590.4664831161499,PLC -> IO,2.9976
1775737313.184931,590.5952470302582,PLC -> IO,0.96824
1775737313.3126848,590.7230007648468,PLC -> IO,1.48768
1775737313.440906,590.851222038269,PLC -> IO,0.52536
1775737313.5681622,590.9784781932831,PLC -> IO,0.53008
1775737313.6969159,591.1072318553925,PLC -> IO,0.5502400000000001
1775737313.824166,591.234482049942,PLC -> IO,1.03528
1775737313.9515061,591.3618221282959,PLC -> IO,1.41976
1775737314.0812113,591.4915273189545,PLC -> IO,0.47096
1775737314.208967,591.6192829608917,PLC -> IO,0.46976
1775737314.3362174,591.7465333938599,PLC -> IO,0.47368
1775737314.464447,591.8747630119324,PLC -> IO,1.5495999999999999
1775737314.59273,592.0030460357666,PLC -> IO,0.47352
1775737314.719009,592.1293249130249,PLC -> IO,1.4479199999999999
1775737314.848739,592.2590548992157,PLC -> IO,0.47424
1775737314.9764915,592.3868074417114,PLC -> IO,1.4864
1775737315.1052465,592.5155625343323,PLC -> IO,0.47512
1775737315.2319994,592.6423153877258,PLC -> IO,0.49312
1775737315.3607275,592.7710435390472,PLC -> IO,0.52792
1775737315.487984,592.8982999324799,PLC -> IO,1.0296800000000002
1775737315.6167395,593.0270555019379,PLC -> IO,0.54232
1775737315.744498,593.1548140048981,PLC -> IO,0.52456
1775737315.872775,593.2830910682678,PLC -> IO,0.47864
1775737316.0005078,593.4108238220215,PLC -> IO,1.0207199999999998
1775737316.128785,593.5391008853912,PLC -> IO,1.4960799999999999
1775737316.2565355,593.6668515205383,PLC -> IO,0.47216
1775737316.3842714,593.7945873737335,PLC -> IO,2.03856
1775737316.5125446,593.922860622406,PLC -> IO,0.47984
1775737316.6407738,594.0510897636414,PLC -> IO,0.5267200000000001
1775737316.7680323,594.1783483028412,PLC -> IO,1.0616
1775737316.8963077,594.3066236972809,PLC -> IO,1.49944
1775737317.024556,594.4348719120026,PLC -> IO,0.51952
1775737317.1523166,594.56263256073,PLC -> IO,51.11256
1775737317.2805645,594.6908805370331,PLC -> IO,0.52096
1775737317.4083095,594.8186254501343,PLC -> IO,0.51976
1775737317.536091,594.9464070796967,PLC -> IO,0.966
1775737317.6643198,595.0746357440948,PLC -> IO,0.51832
1775737317.7925897,595.2029056549072,PLC -> IO,0.48424
1775737317.9198463,595.3301622867584,PLC -> IO,0.97512
1775737318.0485988,595.4589147567749,PLC -> IO,2.01608
1775737318.1763527,595.5866687297821,PLC -> IO,13.01376
1775737318.304599,595.7149150371552,PLC -> IO,1.53064
1775737318.4323628,595.8426787853241,PLC -> IO,0.9886400000000001
1775737318.5606,595.9709160327911,PLC -> IO,0.51784
1775737318.6878567,596.0981726646423,PLC -> IO,1.08984
1775737318.8161256,596.2264416217804,PLC -> IO,2.00848
1775737318.9443693,596.3546853065491,PLC -> IO,0.5141600000000001
1775737319.07215,596.4824659824371,PLC -> IO,0.48752
1775737319.1998904,596.6102063655853,PLC -> IO,0.9872
1775737319.3281345,596.7384505271912,PLC -> IO,0.5128
1775737319.4568875,596.8672034740448,PLC -> IO,0.52208
1775737319.5841365,596.9944524765015,PLC -> IO,1.0174400000000001
1775737319.7124,597.1227159500122,PLC -> IO,0.49720000000000003
1775737319.8406525,597.2509684562683,PLC -> IO,0.51024
1775737319.9689205,597.379236459732,PLC -> IO,0.27304
1775737320.09617,597.5064859390259,PLC -> IO,0.49104
1775737320.2244194,597.6347353458405,PLC -> IO,1.5288000000000002
1775737320.3526826,597.7629985809326,PLC -> IO,0.48736
1775737320.4804285,597.8907444477081,PLC -> IO,1.00856
1775737320.6086915,598.0190074443817,PLC -> IO,0.49335999999999997
1775737320.7364428,598.1467587947845,PLC -> IO,1.50632
1775737320.8636985,598.2740144729614,PLC -> IO,0.49416
1775737320.9919703,598.4022862911224,PLC -> IO,0.4816
1775737321.120701,598.5310170650482,PLC -> IO,0.50792
1775737321.2479546,598.6582705974579,PLC -> IO,1.0048
1775737321.3767118,598.787027835846,PLC -> IO,0.5216
1775737321.5044692,598.9147851467133,PLC -> IO,0.5059199999999999
1775737321.6327286,599.0430445671082,PLC -> IO,0.49576000000000003
1775737321.7595036,599.1698195934296,PLC -> IO,1.97752
1775737321.8887298,599.2990458011627,PLC -> IO,1.5164
1775737322.016986,599.4273018836975,PLC -> IO,0.50504
1775737322.144242,599.5545580387115,PLC -> IO,2.0205599999999997
1775737322.2724903,599.6828062534332,PLC -> IO,0.50624
1775737322.3997526,599.8100686073303,PLC -> IO,0.9975999999999999
1775737322.528507,599.9388229846954,PLC -> IO,1.0111199999999998
1775737322.6567626,600.0670785903931,PLC -> IO,0.49255999999999994
1775737322.785028,600.1953439712524,PLC -> IO,0.51528
1775737322.9117944,600.322110414505,PLC -> IO,2.98232
1775737323.040536,600.4508519172668,PLC -> IO,0.496
1775737323.1682816,600.5785975456238,PLC -> IO,0.5012000000000001
1775737323.2960443,600.7063603401184,PLC -> IO,0.9911200000000001
1775737323.4242923,600.8346083164215,PLC -> IO,0.49856
1775737323.5525422,600.9628582000732,PLC -> IO,0.49607999999999997
1775737323.6807995,601.0911154747009,PLC -> IO,0.4996
1775737323.808551,601.2188670635223,PLC -> IO,2.0352
1775737323.9368105,601.3471264839172,PLC -> IO,0.49672
1775737324.0645754,601.4748914241791,PLC -> IO,1.5065600000000001
1775737324.1923144,601.6026303768158,PLC -> IO,1.00856
1775737324.3210702,601.7313861846924,PLC -> IO,2.00856
1775737324.4488268,601.859142780304,PLC -> IO,0.50608
1775737324.5775838,601.9878997802734,PLC -> IO,0.5228
1775737324.7043407,602.1146566867828,PLC -> IO,0.49512000000000006
1775737324.8321216,602.2424376010895,PLC -> IO,0.46848
1775737324.9613433,602.3716592788696,PLC -> IO,45.13328
1775737325.088099,602.4984149932861,PLC -> IO,0.49992000000000003
1775737325.2168589,602.6271748542786,PLC -> IO,0.504
1775737325.3441148,602.754430770874,PLC -> IO,0.9915200000000001
1775737325.4723594,602.882675409317,PLC -> IO,0.50832
1775737325.5996475,603.0099635124207,PLC -> IO,0.46584000000000003
1775737325.728873,603.1391890048981,PLC -> IO,1.52752
1775737325.856633,603.2669489383698,PLC -> IO,0.99504
1775737325.9858994,603.3962154388428,PLC -> IO,0.9888
1775737326.112635,603.52295088768,PLC -> IO,0.51144
1775737326.2403998,603.6507158279419,PLC -> IO,0.9885600000000001
1775737326.368645,603.778960943222,PLC -> IO,0.5044799999999999
1775737326.4963956,603.9067115783691,PLC -> IO,1.5312
1775737326.624165,604.034481048584,PLC -> IO,0.98632
1775737326.7524045,604.1627204418182,PLC -> IO,1.532
1775737326.8801594,604.2904753684998,PLC -> IO,0.5130399999999999
1775737327.007926,604.4182419776917,PLC -> IO,0.99256
1775737327.1366832,604.5469992160797,PLC -> IO,0.52888
1775737327.264441,604.6747570037842,PLC -> IO,0.48663999999999996
1775737327.3921766,604.8024926185608,PLC -> IO,1.01904
1775737327.5199356,604.9302515983582,PLC -> IO,2.01416
1775737327.6486893,605.0590052604675,PLC -> IO,1.52808
1775737327.7769585,605.1872744560242,PLC -> IO,0.48408
1775737327.9042134,605.3145294189453,PLC -> IO,1.9947200000000003
1775737328.0324507,605.4427666664124,PLC -> IO,0.51168
1775737328.1612055,605.5715215206146,PLC -> IO,2.02392
1775737328.2879763,605.6982922554016,PLC -> IO,0.98808
1775737328.4172156,605.8275315761566,PLC -> IO,0.5276000000000001
1775737328.5444977,605.9548137187958,PLC -> IO,0.4828
1775737328.671766,606.0820820331573,PLC -> IO,0.44880000000000003
1775737328.8005075,606.2108235359192,PLC -> IO,0.47944
1775737328.928253,606.3385689258575,PLC -> IO,0.48224
1775737329.0559916,606.4663076400757,PLC -> IO,1.0151999999999999
1775737329.1842637,606.5945796966553,PLC -> IO,0.4796
1775737329.3124948,606.7228107452393,PLC -> IO,0.522
1775737329.4397435,606.8500595092773,PLC -> IO,2.0295199999999998
1775737329.5685046,606.9788205623627,PLC -> IO,3.0716799999999997
1775737329.696781,607.1070969104767,PLC -> IO,0.47888
1775737329.8245482,607.2348642349243,PLC -> IO,1.46112
1775737329.9522667,607.3625826835632,PLC -> IO,1.02768
1775737330.080542,607.4908580780029,PLC -> IO,0.49136
1775737330.2087793,607.61909532547,PLC -> IO,0.52496
1775737330.3375351,607.7478511333466,PLC -> IO,0.5404
1775737330.4643054,607.8746213912964,PLC -> IO,0.47624
1775737330.592093,608.0024089813232,PLC -> IO,0.44952000000000003
1775737330.7208831,608.1311991214752,PLC -> IO,0.4136
1775737330.848069,608.2583849430084,PLC -> IO,0.47728000000000004
1775737330.9768312,608.3871471881866,PLC -> IO,0.49008000000000007
1775737331.104086,608.5144019126892,PLC -> IO,0.97312
1775737331.232306,608.6426219940186,PLC -> IO,0.53416
1775737331.3605945,608.7709105014801,PLC -> IO,0.47575999999999996
1775737331.488822,608.8991379737854,PLC -> IO,1.5509600000000001
1775737331.6175787,609.0278947353363,PLC -> IO,49.159192
1775737331.7443564,609.1546723842621,PLC -> IO,1.49304
1775737331.8725874,609.2829034328461,PLC -> IO,0.53048
1775737332.0003712,609.4106872081757,PLC -> IO,0.9696
1775737332.1285975,609.5389134883881,PLC -> IO,0.52432
1775737332.25735,609.6676659584045,PLC -> IO,0.5479999999999999
1775737332.3841357,609.794451713562,PLC -> IO,0.9683200000000001
1775737332.512357,609.9226729869843,PLC -> IO,1.5508799999999998
1775737332.6406448,610.0509607791901,PLC -> IO,0.46816
1775737332.7678974,610.1782133579254,PLC -> IO,0.97472
1775737332.896654,610.3069698810577,PLC -> IO,0.48456
1775737333.024413,610.4347290992737,PLC -> IO,0.4668
1775737333.1526327,610.5629487037659,PLC -> IO,0.53456
1775737333.2804222,610.6907382011414,PLC -> IO,0.96488
1775737333.4086416,610.818957567215,PLC -> IO,1.5538399999999999
1775737333.536393,610.9467089176178,PLC -> IO,1.5543200000000001
1775737333.664185,611.0745010375977,PLC -> IO,1.9834399999999999
1775737333.792402,611.2027180194855,PLC -> IO,3.0405599999999997
1775737333.9206932,611.3310091495514,PLC -> IO,0.458
1775737334.0489237,611.4592397212982,PLC -> IO,0.53768
1775737334.1776717,611.5879876613617,PLC -> IO,0.04888
1775737334.304469,611.7147850990295,PLC -> IO,0.46408
1775737334.4317374,611.8420534133911,PLC -> IO,0.43696
1775737334.560479,611.970794916153,PLC -> IO,0.9523199999999999
1775737334.688251,612.0985670089722,PLC -> IO,0.44456
1775737334.8159502,612.2262661457062,PLC -> IO,1.02816
1775737334.9442275,612.3545434474945,PLC -> IO,0.46832
1775737335.0724473,612.4827632904053,PLC -> IO,0.54184
1775737335.2012033,612.6115193367004,PLC -> IO,0.54136
1775737335.328457,612.7387731075287,PLC -> IO,2.07216
1775737335.4567525,612.867068529129,PLC -> IO,0.45976
1775737335.5845196,612.9948356151581,PLC -> IO,1.44512
1775737335.7122126,613.122528553009,PLC -> IO,1.0533599999999999
1775737335.8405163,613.2508323192596,PLC -> IO,0.46136
1775737335.96876,613.3790760040283,PLC -> IO,0.5156
1775737336.097481,613.5077970027924,PLC -> IO,1.55072
1775737336.2242777,613.6345937252045,PLC -> IO,0.46312000000000003
1775737336.3520644,613.762380361557,PLC -> IO,0.43048000000000003
1775737336.4802935,613.8906095027924,PLC -> IO,0.94896
1775737336.6080413,614.0183572769165,PLC -> IO,0.46264
1775737336.7368028,614.147118806839,PLC -> IO,0.47096
1775737336.8640578,614.2743737697601,PLC -> IO,0.94864
1775737336.9922671,614.4025831222534,PLC -> IO,0.54464
1775737337.1210213,614.5313372612,PLC -> IO,3.0544000000000002
1775737337.2487702,614.659086227417,PLC -> IO,1.57336
1775737337.376577,614.7868928909302,PLC -> IO,0.9561599999999999
1775737337.504333,614.9146490097046,PLC -> IO,1.47152
1775737337.632541,615.0428569316864,PLC -> IO,0.5484
1775737337.759821,615.1701369285583,PLC -> IO,0.52192
1775737337.8880913,615.2984073162079,PLC -> IO,0.45776
1775737338.0173035,615.4276194572449,PLC -> IO,0.5660799999999999
1775737338.144107,615.5544230937958,PLC -> IO,0.94936
1775737338.2723095,615.6826255321503,PLC -> IO,1.57088
1775737338.4006155,615.8109314441681,PLC -> IO,0.45016
1775737338.5278687,615.9381847381592,PLC -> IO,0.95576
1775737338.6566253,616.0669412612915,PLC -> IO,0.46568
1775737338.7848325,616.1951484680176,PLC -> IO,0.55424
1775737338.912585,616.3229010105133,PLC -> IO,0.55368
1775737339.0413387,616.4516546726227,PLC -> IO,1.556
1775737339.168595,616.5789110660553,PLC -> IO,1.57176
1775737339.2968936,616.7072095870972,PLC -> IO,0.45399999999999996
1775737339.42612,616.8364360332489,PLC -> IO,40.652559999999994
1775737339.552348,616.9626638889313,PLC -> IO,0.5574399999999999
1775737339.6806645,617.0909805297852,PLC -> IO,0.44688
1775737339.8088763,617.2191922664642,PLC -> IO,0.5488799999999999
1775737339.937623,617.3479390144348,PLC -> IO,0.07096
1775737340.0644405,617.4747564792633,PLC -> IO,0.46192
1775737340.1917088,617.6020247936249,PLC -> IO,0.92144
1775737340.3204436,617.7307596206665,PLC -> IO,0.94104
1775737340.448196,617.8585119247437,PLC -> IO,0.44336000000000003
1775737340.5769508,617.9872667789459,PLC -> IO,0.4584
1775737340.7056992,618.1160151958466,PLC -> IO,0.45208
1775737340.8324032,618.2427191734314,PLC -> IO,0.5564
1775737340.9611557,618.3714716434479,PLC -> IO,0.56032
1775737341.0884087,618.4987246990204,PLC -> IO,2.09288
1775737341.216724,618.6270399093628,PLC -> IO,0.44192
1775737341.3454924,618.7558083534241,PLC -> IO,0.43063999999999997
1775737341.4721718,618.8824877738953,PLC -> IO,1.06648
1775737341.6004906,619.0108065605164,PLC -> IO,0.43848
1775737341.7286785,619.1389944553375,PLC -> IO,0.56872
1775737341.8564968,619.2668128013611,PLC -> IO,1.94576
1775737341.9846933,619.3950092792511,PLC -> IO,0.55784
1775737342.1124406,619.5227565765381,PLC -> IO,1.58928
1775737342.240265,619.6505808830261,PLC -> IO,0.93592
1775737342.3680127,619.7783286571503,PLC -> IO,0.44488
1775737342.4967732,619.9070892333984,PLC -> IO,0.44616
1775737342.6249638,620.035279750824,PLC -> IO,0.56672
1775737342.7522168,620.1625328063965,PLC -> IO,0.56624
1775737342.881568,620.2918839454651,PLC -> IO,1.9082400000000002
1775737343.0087295,620.4190454483032,PLC -> IO,1.58552
1775737343.1374853,620.5478012561798,PLC -> IO,0.56864
1775737343.2653062,620.6756222248077,PLC -> IO,0.44383999999999996
1775737343.3924925,620.8028085231781,PLC -> IO,0.56824
1775737343.5203145,620.9306304454803,PLC -> IO,0.93248
1775737343.6485016,621.0588176250458,PLC -> IO,0.56232
1775737343.777255,621.1875710487366,PLC -> IO,0.5868800000000001
1775737343.905002,621.315318107605,PLC -> IO,0.57688
1775737344.033851,621.4441668987274,PLC -> IO,0.91856
1775737344.1605868,621.5709028244019,PLC -> IO,0.4312
1775737344.2878413,621.6981573104858,PLC -> IO,0.93472
1775737344.4165988,621.8269147872925,PLC -> IO,0.4456
1775737344.5447853,621.9551012516022,PLC -> IO,0.56808
1775737344.6725376,622.0828535556793,PLC -> IO,0.57272
1775737344.8003652,622.2106812000275,PLC -> IO,0.9259999999999999
1775737344.9285467,622.338862657547,PLC -> IO,1.59256
1775737345.0568721,622.4671881198883,PLC -> IO,0.42128
1775737345.1845558,622.5948717594147,PLC -> IO,1.07056
1775737345.3123004,622.7226164340973,PLC -> IO,0.58088
1775737345.4400876,622.850403547287,PLC -> IO,0.5496
1775737345.568857,622.9791729450226,PLC -> IO,0.53952
1775737345.6956706,623.1059865951538,PLC -> IO,1.90528
1775737345.8244133,623.2347292900085,PLC -> IO,0.42447999999999997
1775737345.9516804,623.3619964122772,PLC -> IO,0.89552
1775737346.0804222,623.4907381534576,PLC -> IO,0.91504
1775737346.207616,623.6179320812225,PLC -> IO,1.55264
1775737346.3369224,623.7472383975983,PLC -> IO,1.43456
1775737346.4650993,623.8754153251648,PLC -> IO,1.5804
1775737346.5923524,624.0026683807373,PLC -> IO,0.57872
1775737346.7211041,624.131420135498,PLC -> IO,0.58344
1775737346.8483613,624.2586772441864,PLC -> IO,0.57304
1775737346.9766963,624.3870122432709,PLC -> IO,0.42047999999999996
1775737347.1054633,624.5157792568207,PLC -> IO,0.40887999999999997
1775737347.2321253,624.6424412727356,PLC -> IO,0.5748800000000001
1775737347.3604717,624.7707877159119,PLC -> IO,0.38583999999999996
1775737347.48863,624.8989460468292,PLC -> IO,0.5895199999999999
1775737347.6154976,625.0258135795593,PLC -> IO,1.89632
1775737347.7446392,625.1549551486969,PLC -> IO,0.58944
1775737347.8724,625.2827160358429,PLC -> IO,1.5920800000000002
1775737348.0002365,625.4105525016785,PLC -> IO,0.9170400000000001
1775737348.128403,625.5387189388275,PLC -> IO,3.0947999999999998
1775737348.2567449,625.6670608520508,PLC -> IO,0.434
1775737348.3849165,625.7952325344086,PLC -> IO,0.5846399999999999
1775737348.5121627,625.9224786758423,PLC -> IO,0.59208
1775737348.640925,626.0512409210205,PLC -> IO,0.58712
1775737348.768683,626.1789989471436,PLC -> IO,1.60344
1775737348.8965187,626.3068346977234,PLC -> IO,0.91416
1775737349.0252788,626.4355947971344,PLC -> IO,0.43063999999999997
1775737349.1524425,626.5627584457397,PLC -> IO,0.58992
1775737349.2802858,626.6906018257141,PLC -> IO,0.9068
1775737349.4084516,626.8187675476074,PLC -> IO,3.0875999999999997
1775737349.5377016,626.9480175971985,PLC -> IO,0.21848
1775737349.664964,627.0752799510956,PLC -> IO,0.58648
1775737349.7922173,627.2025332450867,PLC -> IO,1.60528
1775737349.9212153,627.3315312862396,PLC -> IO,0.92688
1775737350.0487287,627.4590446949005,PLC -> IO,0.5886399999999999
1775737350.1765692,627.5868852138519,PLC -> IO,0.4268
1775737350.3047378,627.7150537967682,PLC -> IO,0.5896
1775737350.432491,627.8428070545197,PLC -> IO,3.0930400000000002
1775737350.5612435,627.9715595245361,PLC -> IO,0.59192
1775737350.6884992,628.098815202713,PLC -> IO,0.59224
1775737350.816846,628.2271618843079,PLC -> IO,0.40759999999999996
1775737350.9456024,628.3559184074402,PLC -> IO,0.42264
1775737351.0722597,628.4825756549835,PLC -> IO,0.5908000000000001
1775737351.2006078,628.6109237670898,PLC -> IO,0.40792
1775737351.328782,628.739098072052,PLC -> IO,0.58728
1775737351.4575284,628.8678443431854,PLC -> IO,0.10088
1775737351.5847902,628.9951062202454,PLC -> IO,0.59528
1775737351.7125354,629.1228513717651,PLC -> IO,1.6072
1775737351.8403945,629.2507104873657,PLC -> IO,0.8944
1775737351.9685454,629.3788614273071,PLC -> IO,0.5955199999999999
1775737352.096886,629.5072019100189,PLC -> IO,0.42808
1775737352.2245529,629.6348688602448,PLC -> IO,1.0972
1775737352.3523047,629.7626206874847,PLC -> IO,0.5978399999999999
1775737352.480657,629.8909730911255,PLC -> IO,0.40464
1775737352.6083138,630.0186297893524,PLC -> IO,2.13
1775737352.7366679,630.1469838619232,PLC -> IO,0.40192
1775737352.8654351,630.2757511138916,PLC -> IO,0.39936000000000005
1775737352.9920769,630.4023928642273,PLC -> IO,0.6
1775737353.119843,630.530158996582,PLC -> IO,0.60024
1775737353.2485895,630.658905506134,PLC -> IO,0.59832
1775737353.3754702,630.785786151886,PLC -> IO,1.87536
1775737353.5045986,630.9149146080017,PLC -> IO,0.59896
1775737353.6323535,631.0426695346832,PLC -> IO,1.61944
1775737353.7601986,631.1705145835876,PLC -> IO,0.90728
1775737353.8883615,631.298677444458,PLC -> IO,0.60384
1775737354.0167162,631.4270322322845,PLC -> IO,1.92152
1775737354.1448689,631.555184841156,PLC -> IO,0.59696
1775737354.2721221,631.6824381351471,PLC -> IO,0.60408
1775737354.4004805,631.8107964992523,PLC -> IO,0.39736
1775737354.5286355,631.9389514923096,PLC -> IO,1.6166399999999999
1775737354.6573906,632.0677065849304,PLC -> IO,41.73088
1775737354.7852495,632.1955654621124,PLC -> IO,0.41256000000000004
1775737354.918053,632.3283689022064,PLC -> IO,3.46544
1775737355.0402582,632.4505741596222,PLC -> IO,0.8928
1775737355.1684008,632.5787167549133,PLC -> IO,0.61248
1775737355.2971601,632.7074761390686,PLC -> IO,0.61712
1775737355.4240224,632.83433842659,PLC -> IO,0.8916799999999999
1775737355.5517666,632.9620826244354,PLC -> IO,1.906
1775737355.6805325,633.0908484458923,PLC -> IO,0.3916
1775737355.8086743,633.2189903259277,PLC -> IO,0.612
1775737355.9365366,633.3468525409698,PLC -> IO,0.43839999999999996
1775737356.06469,633.4750061035156,PLC -> IO,0.60616
1775737356.192436,633.6027519702911,PLC -> IO,0.6173599999999999
1775737356.3203068,633.7306227684021,PLC -> IO,0.8904
1775737356.4484518,633.858767747879,PLC -> IO,3.13016
1775737356.576816,633.9871320724487,PLC -> IO,0.3824
1775737356.704071,634.1143870353699,PLC -> IO,1.9063999999999999
1775737356.8322132,634.2425291538239,PLC -> IO,0.6116
1775737356.9605792,634.3708951473236,PLC -> IO,0.38392
1775737357.0887341,634.4990501403809,PLC -> IO,0.60656
1775737357.2174819,634.6277978420258,PLC -> IO,0.12575999999999998
1775737357.344736,634.7550520896912,PLC -> IO,0.61344
1775737357.4734898,634.8838057518005,PLC -> IO,0.63112
1775737357.6004274,635.0107433795929,PLC -> IO,0.8071200000000001
1775737357.7284977,635.1388137340546,PLC -> IO,0.61544
1775737357.8568642,635.2671802043915,PLC -> IO,1.4044
1775737357.9841204,635.3944363594055,PLC -> IO,0.8772
1775737358.112874,635.5231900215149,PLC -> IO,0.89816
1775737358.2410133,635.6513292789459,PLC -> IO,3.12576
1775737358.3687696,635.7790856361389,PLC -> IO,1.1260000000000001
1775737358.4966385,635.9069545269012,PLC -> IO,0.38392
1775737358.6254077,636.0357236862183,PLC -> IO,0.3824
1775737358.7526414,636.1629574298859,PLC -> IO,0.88664
1775737358.8804147,636.290730714798,PLC -> IO,0.35744
1775737359.008542,636.4188580513,PLC -> IO,0.6196
1775737359.1364157,636.546731710434,PLC -> IO,0.87688
1775737359.264551,636.6748669147491,PLC -> IO,0.62064
1775737359.393307,636.8036229610443,PLC -> IO,0.63488
1775737359.5201795,636.9304955005646,PLC -> IO,0.8730399999999999
1775737359.6473384,637.0576543807983,PLC -> IO,1.5974400000000002
1775737359.7766912,637.187007188797,PLC -> IO,0.38583999999999996
1775737359.9048216,637.3151376247406,PLC -> IO,0.62312
1775737360.0326977,637.4430136680603,PLC -> IO,0.88328
1775737360.1604452,637.5707612037659,PLC -> IO,0.38536000000000004
1775737360.288587,637.6989030838013,PLC -> IO,1.6432
1775737360.416462,637.8267779350281,PLC -> IO,0.8820800000000001
1775737360.545221,637.9555370807648,PLC -> IO,0.892
1775737360.6729753,638.0832912921906,PLC -> IO,0.3768
1775737360.8002288,638.2105448246002,PLC -> IO,0.8748
1775737360.92836,638.3386759757996,PLC -> IO,0.6261599999999999
1775737361.0571127,638.4674286842346,PLC -> IO,0.6428
1775737361.1848667,638.5951826572418,PLC -> IO,0.6267999999999999
1775737361.313625,638.7239410877228,PLC -> IO,0.14016
1775737361.4405024,638.8508183956146,PLC -> IO,0.37328
1775737361.567154,638.9774699211121,PLC -> IO,7.1171999999999995
1775737361.6965113,639.1068272590637,PLC -> IO,0.38976
1775737361.82464,639.2349560260773,PLC -> IO,0.63016
1775737361.9523954,639.362711429596,PLC -> IO,0.62928
1775737362.080279,639.4905951023102,PLC -> IO,0.87312
1775737362.2084038,639.6187198162079,PLC -> IO,1.64232
1775737362.3367865,639.7471024990082,PLC -> IO,0.37128
1775737362.4655428,639.8758587837219,PLC -> IO,0.38728
1775737362.5927904,640.0031063556671,PLC -> IO,0.88888
1775737362.719946,640.1302618980408,PLC -> IO,0.60472
1775737362.8486865,640.2590024471283,PLC -> IO,0.62464
1775737362.9774334,640.3877494335175,PLC -> IO,0.14144
1775737363.1043189,640.514634847641,PLC -> IO,0.37648
1775737363.2334433,640.6437592506409,PLC -> IO,0.6492
1775737363.3603365,640.7706525325775,PLC -> IO,0.85736
1775737363.4884427,640.898758649826,PLC -> IO,0.64208
1775737363.6168358,641.0271518230438,PLC -> IO,0.3844
1775737363.744957,641.1552729606628,PLC -> IO,0.6353599999999999
1775737363.8728456,641.2831616401672,PLC -> IO,0.87912
1775737364.0006,641.4109160900116,PLC -> IO,0.36544000000000004
1775737364.1287322,641.5390481948853,PLC -> IO,0.12423999999999999
1775737364.25661,641.666925907135,PLC -> IO,0.86864
1775737364.3853781,641.7956941127777,PLC -> IO,0.3676
1775737364.5126197,641.9229357242584,PLC -> IO,0.8650399999999999
1775737364.6403873,642.0507032871246,PLC -> IO,0.85432
1775737364.7684956,642.1788115501404,PLC -> IO,0.63776
1775737364.8972504,642.3075664043427,PLC -> IO,0.65296
1775737365.0244985,642.434814453125,PLC -> IO,0.64576
1775737365.1532595,642.5635755062103,PLC -> IO,0.65376
1775737365.280151,642.6904668807983,PLC -> IO,0.8609600000000001
1775737365.4082646,642.8185806274414,PLC -> IO,0.64016
1775737365.5367668,642.9470827579498,PLC -> IO,1.37904
1775737365.6639152,643.0742311477661,PLC -> IO,0.852
1775737365.7926693,643.2029852867126,PLC -> IO,0.86328
1775737365.919448,643.3297638893127,PLC -> IO,1.33616
1775737366.048533,643.4588489532471,PLC -> IO,1.66128
1775737366.1764343,643.5867502689362,PLC -> IO,0.8612799999999999
1775737366.3051925,643.7155084609985,PLC -> IO,0.8730399999999999
1775737366.43294,643.8432559967041,PLC -> IO,0.3588
1775737366.5602002,643.970516204834,PLC -> IO,1.87432
1775737366.6883125,644.0986285209656,PLC -> IO,0.64424
1775737366.8170617,644.227377653122,PLC -> IO,0.66016
1775737366.9448218,644.3551378250122,PLC -> IO,3.15072
1775737367.0735776,644.4838936328888,PLC -> IO,0.15912
1775737367.2004728,644.6107888221741,PLC -> IO,0.35256000000000004
1775737367.3285844,644.7389004230499,PLC -> IO,0.64848
1775737367.456483,644.8667988777161,PLC -> IO,1.8764
1775737367.5842397,644.9945557117462,PLC -> IO,0.35503999999999997
1775737367.7129962,645.1233122348785,PLC -> IO,0.35359999999999997
1775737367.8402479,645.2505638599396,PLC -> IO,0.8463999999999999
1775737367.9683578,645.3786737918854,PLC -> IO,1.6666400000000001
1775737368.0967581,645.5070741176605,PLC -> IO,0.35216000000000003
1775737368.2255151,645.63583111763,PLC -> IO,0.36544000000000004
1775737368.3527677,645.7630836963654,PLC -> IO,0.8640800000000001
1775737368.4815242,645.8918402194977,PLC -> IO,0.3684
1775737368.608639,646.0189549922943,PLC -> IO,0.6439199999999999
1775737368.7373857,646.1477017402649,PLC -> IO,0.16568
1775737368.8642852,646.2746012210846,PLC -> IO,0.38056
1775737368.9915662,646.4018821716309,PLC -> IO,1.82176
1775737369.1211472,646.5314631462097,PLC -> IO,0.6521600000000001
1775737369.2484019,646.6587178707123,PLC -> IO,0.64664
1775737369.3768082,646.7871241569519,PLC -> IO,1.36568
1775737369.5040631,646.914379119873,PLC -> IO,0.84608
1775737369.632817,647.043133020401,PLC -> IO,0.34143999999999997
1775737369.7609184,647.171234369278,PLC -> IO,0.6552
1775737369.8886845,647.2990005016327,PLC -> IO,0.13663999999999998
1775737370.0165813,647.4268972873688,PLC -> IO,0.34704
1775737370.1453497,647.55566573143,PLC -> IO,0.35159999999999997
1775737370.2725914,647.6829073429108,PLC -> IO,0.8487199999999999
1775737370.4013598,647.811675786972,PLC -> IO,0.33943999999999996
1775737370.5284479,647.9387638568878,PLC -> IO,0.65768
1775737370.6563778,648.0666937828064,PLC -> IO,0.8252
1775737370.784456,648.1947720050812,PLC -> IO,0.65864
1775737370.913212,648.3235280513763,PLC -> IO,0.6726399999999999
1775737371.0409634,648.4512794017792,PLC -> IO,0.65256
1775737371.1682148,648.5785307884216,PLC -> IO,0.6613600000000001
1775737371.2966306,648.7069466114044,PLC -> IO,0.34192
1775737371.4247265,648.835042476654,PLC -> IO,0.66216
1775737371.5526407,648.9629566669464,PLC -> IO,0.8772800000000001
1775737371.6807365,649.091052532196,PLC -> IO,3.1680800000000002
1775737371.8084922,649.2188081741333,PLC -> IO,1.68024
1775737371.9364057,649.3467216491699,PLC -> IO,0.84224
1775737372.064501,649.4748170375824,PLC -> IO,0.66272
1775737372.1929183,649.6032342910767,PLC -> IO,0.33216
1775737372.3210096,649.7313256263733,PLC -> IO,0.6625599999999999
1775737372.4482641,649.8585801124573,PLC -> IO,0.6639200000000001
1775737372.5770178,649.9873337745667,PLC -> IO,0.68176
1775737372.7039335,650.1142494678497,PLC -> IO,0.83816
1775737372.8317168,650.2420327663422,PLC -> IO,1.8142399999999999
1775737372.9607801,650.3710961341858,PLC -> IO,0.6688
1775737373.0885372,650.4988532066345,PLC -> IO,0.65768
1775737373.2164564,650.626772403717,PLC -> IO,1.85552
1775737373.3445425,650.7548584938049,PLC -> IO,0.66808
1775737373.4729607,650.8832767009735,PLC -> IO,0.3424
1775737373.6010537,651.0113697052002,PLC -> IO,0.66776
1775737373.7283094,651.1386253833771,PLC -> IO,1.68064
1775737373.8567295,651.2670454978943,PLC -> IO,0.33336
1775737373.9845374,651.3948533535004,PLC -> IO,0.94848
1775737374.1120698,651.5223858356476,PLC -> IO,0.6625599999999999
1775737374.2414966,651.6518125534058,PLC -> IO,0.3476
1775737374.3685923,651.7789082527161,PLC -> IO,0.66192
1775737374.4973385,651.9076545238495,PLC -> IO,0.17656
1775737374.6246002,652.0349161624908,PLC -> IO,0.66464
1775737374.7533474,652.1636633872986,PLC -> IO,0.68808
1775737374.8810997,652.2914156913757,PLC -> IO,3.18768
1775737375.0083544,652.4186704158783,PLC -> IO,0.67232
1775737375.136779,652.5470950603485,PLC -> IO,1.3472
1775737375.264862,652.6751780509949,PLC -> IO,0.6664
1775737375.3927886,652.8031046390533,PLC -> IO,0.84136
1775737375.5208719,652.9311878681183,PLC -> IO,0.67312
1775737375.6486368,653.0589528083801,PLC -> IO,0.1616
1775737375.7765536,653.1868696212769,PLC -> IO,0.82984
1775737375.9053211,653.3156371116638,PLC -> IO,0.33584
1775737376.0325627,653.4428787231445,PLC -> IO,0.83064
1775737376.1613312,653.5716471672058,PLC -> IO,0.83128
1775737376.2883995,653.6987154483795,PLC -> IO,0.67752
1775737376.416339,653.8266549110413,PLC -> IO,0.81648
1775737376.5449066,653.9552226066589,PLC -> IO,0.17951999999999999
1775737376.6731637,654.083479642868,PLC -> IO,0.6928000000000001
1775737376.800916,654.2112319469452,PLC -> IO,0.67824
1775737376.9281716,654.3384876251221,PLC -> IO,0.67952
1775737377.0566022,654.4669182300568,PLC -> IO,0.32288
1775737377.18468,654.5949959754944,PLC -> IO,0.6568
1775737377.3126051,654.7229211330414,PLC -> IO,0.83248
1775737377.4413695,654.8516855239868,PLC -> IO,1.82616
1775737377.5684457,654.9787616729736,PLC -> IO,1.6911999999999998
1775737377.6963763,655.106692314148,PLC -> IO,0.81744
1775737377.8244538,655.234769821167,PLC -> IO,0.68264
1775737377.952883,655.3631989955902,PLC -> IO,0.3268
1775737378.0816438,655.491959810257,PLC -> IO,0.32992
1775737378.2082167,655.6185326576233,PLC -> IO,0.6828799999999999
1775737378.33697,655.7472860813141,PLC -> IO,0.69392
1775737378.4647174,655.8750333786011,PLC -> IO,0.69056
1775737378.5916858,656.0020017623901,PLC -> IO,0.29144000000000003
1775737378.7204158,656.1307318210602,PLC -> IO,0.31824
1775737378.8484898,656.2588057518005,PLC -> IO,0.6850400000000001
1775737378.9764266,656.3867425918579,PLC -> IO,1.8376
1775737379.1045003,656.5148162841797,PLC -> IO,0.6843199999999999
1775737379.232939,656.6432549953461,PLC -> IO,0.31672
1775737379.3610063,656.7713222503662,PLC -> IO,0.20615999999999998
1775737379.488262,656.8985779285431,PLC -> IO,1.70632
1775737379.616701,657.027016878128,PLC -> IO,0.31695999999999996
1775737379.7454574,657.1557734012604,PLC -> IO,0.33048
1775737379.8727107,657.2830266952515,PLC -> IO,0.81696
1775737380.0004652,657.4107811450958,PLC -> IO,1.3316000000000001
1775737380.1285439,657.5388598442078,PLC -> IO,0.1708
1775737380.257291,657.6676070690155,PLC -> IO,0.2024
1775737380.3845544,657.7948703765869,PLC -> IO,0.68096
1775737380.5133,657.9236159324646,PLC -> IO,3.20936
1775737380.6410515,658.051367521286,PLC -> IO,0.69168
1775737380.768308,658.1786239147186,PLC -> IO,0.69032
1775737380.8967497,658.3070657253265,PLC -> IO,1.32904
1775737381.0248077,658.4351236820221,PLC -> IO,0.20056
1775737381.15276,658.5630760192871,PLC -> IO,0.81928
1775737381.2800171,658.6903331279755,PLC -> IO,0.8073600000000001
1775737381.4085844,658.818900346756,PLC -> IO,0.18567999999999998
1775737381.5374436,658.9477596282959,PLC -> IO,50.27808
1775737381.6652858,659.0756018161774,PLC -> IO,0.31967999999999996
1775737381.792535,659.2028510570526,PLC -> IO,0.8099999999999999
1775737381.9213026,659.3316185474396,PLC -> IO,0.81336
1775737382.0483453,659.4586613178253,PLC -> IO,3.198
1775737382.1771054,659.5874214172363,PLC -> IO,0.7132799999999999
1775737382.3048596,659.7151756286621,PLC -> IO,0.19784
1775737382.433619,659.8439350128174,PLC -> IO,0.20872
1775737382.5608687,659.9711847305298,PLC -> IO,0.6972
1775737382.6886225,660.0989384651184,PLC -> IO,0.19672
1775737382.8165736,660.2268896102905,PLC -> IO,1.81928
1775737382.9446316,660.3549475669861,PLC -> IO,0.6796000000000001
1775737383.0725837,660.4828996658325,PLC -> IO,0.8074399999999999
1775737383.2006338,660.610949754715,PLC -> IO,0.7240000000000001
1775737383.3283973,660.7387132644653,PLC -> IO,1.71896
1775737383.456341,660.8666570186615,PLC -> IO,0.8123199999999999
1775737383.5844073,660.9947233200073,PLC -> IO,43.31472
1775737383.7128613,661.1231772899628,PLC -> IO,0.30096
1775737383.8416162,661.251932144165,PLC -> IO,0.3092
1775737383.9681702,661.3784861564636,PLC -> IO,0.70096
1775737384.0969229,661.5072388648987,PLC -> IO,0.71176
1775737384.22467,661.6349859237671,PLC -> IO,0.70944
1775737384.3534353,661.7637512683868,PLC -> IO,0.21608
1775737384.4803832,661.8906991481781,PLC -> IO,0.3036
1775737384.6084356,662.0187516212463,PLC -> IO,0.71064
1775737384.736397,662.1467130184174,PLC -> IO,1.8172
1775737384.8644528,662.2747688293457,PLC -> IO,0.69664
1775737384.9929116,662.4032275676727,PLC -> IO,0.29336
1775737385.1209598,662.5312757492065,PLC -> IO,0.22408
1775737385.2482147,662.6585307121277,PLC -> IO,1.71744
1775737385.3767362,662.787052154541,PLC -> IO,0.23168
1775737385.5054288,662.9157447814941,PLC -> IO,0.3116
1775737385.6326823,663.0429983139038,PLC -> IO,0.80048
1775737385.7614386,663.1717545986176,PLC -> IO,0.31072
1775737385.8884964,663.2988123893738,PLC -> IO,0.69488
1775737386.0172434,663.4275593757629,PLC -> IO,0.22144
1775737386.1445055,663.5548214912415,PLC -> IO,0.70144
1775737386.2732534,663.6835694313049,PLC -> IO,0.7244
1775737386.401004,663.811320066452,PLC -> IO,0.2128
1775737386.5282595,663.9385755062103,PLC -> IO,0.7112
1775737386.656232,664.0665481090546,PLC -> IO,1.7992
1775737386.7847679,664.1950838565826,PLC -> IO,0.21176
1775737386.9127314,664.3230473995209,PLC -> IO,0.80296
1775737387.0399885,664.4503045082092,PLC -> IO,0.78752
1775737387.1685429,664.5788588523865,PLC -> IO,0.19856
1775737387.2972884,664.7076044082642,PLC -> IO,50.33519999999999
1775737387.4252632,664.8355791568756,PLC -> IO,0.30464
1775737387.5525057,664.9628217220306,PLC -> IO,0.7919999999999999
1775737387.68105,665.0913660526276,PLC -> IO,0.22488
1775737387.8090193,665.2193353176117,PLC -> IO,0.28728
1775737387.9370582,665.3473742008209,PLC -> IO,0.72448
1775737388.0648122,665.4751281738281,PLC -> IO,0.21680000000000002
1775737388.1935697,665.6038856506348,PLC -> IO,0.23064
1775737388.320822,665.7311379909515,PLC -> IO,0.71024
1775737388.447101,665.8574171066284,PLC -> IO,1.69224
1775737388.576546,665.9868619441986,PLC -> IO,1.8060800000000001
1775737388.7045844,666.1149003505707,PLC -> IO,0.7038399999999999
1775737388.832555,666.2428710460663,PLC -> IO,0.78864
1775737388.9610968,666.3714127540588,PLC -> IO,0.21511999999999998
1775737389.0898502,666.5001661777496,PLC -> IO,0.2376
1775737389.2163193,666.6266353130341,PLC -> IO,0.7864
1775737389.344359,666.754674911499,PLC -> IO,0.7196
1775737389.4728322,666.8831481933594,PLC -> IO,0.28343999999999997
1775737389.6015866,667.0119025707245,PLC -> IO,0.298
1775737389.7288435,667.1391594409943,PLC -> IO,0.77872
1775737389.8568752,667.2671911716461,PLC -> IO,0.73768
1775737389.9846303,667.3949463367462,PLC -> IO,0.72072
1775737390.1133811,667.5236971378326,PLC -> IO,0.24176
1775737390.2406383,667.650954246521,PLC -> IO,0.726
1775737390.3691154,667.7794313430786,PLC -> IO,0.28256
1775737390.4963686,667.9066846370697,PLC -> IO,1.79392
1775737390.6244054,668.0347213745117,PLC -> IO,0.7224
1775737390.7528822,668.1631982326508,PLC -> IO,0.27768
1775737390.8791623,668.289478302002,PLC -> IO,1.74304
1775737391.0081666,668.418482542038,PLC -> IO,1.74392
1775737391.136637,668.5469529628754,PLC -> IO,0.28336
1775737391.2654002,668.6757161617279,PLC -> IO,0.28575999999999996
1775737391.3926547,668.8029706478119,PLC -> IO,0.7772
1775737391.5217028,668.9320187568665,PLC -> IO,0.72288
1775737391.649451,669.0597670078278,PLC -> IO,2.2184
1775737391.7771962,669.1875121593475,PLC -> IO,0.2336
1775737391.9044507,669.3147666454315,PLC -> IO,0.72768
1775737392.0314531,669.4417691230774,PLC -> IO,1.7528000000000001
1775737392.1601813,669.5704972743988,PLC -> IO,0.7752800000000001
1775737392.2889414,669.6992573738098,PLC -> IO,0.76432
1775737392.4162037,669.8265197277069,PLC -> IO,1.78016
1775737392.5447197,669.9550356864929,PLC -> IO,0.22536
1775737392.672704,670.0830199718475,PLC -> IO,0.7776000000000001
1775737392.8007286,670.211044549942,PLC -> IO,0.7310399999999999
1775737392.9284945,670.3388104438782,PLC -> IO,1.2368800000000002
1775737393.0564673,670.466783285141,PLC -> IO,3.2694400000000003
1775737393.1852362,670.5955522060394,PLC -> IO,0.28672000000000003
1775737393.3124774,670.722793340683,PLC -> IO,0.77288
1775737393.4412453,670.8515613079071,PLC -> IO,0.7676799999999999
1775737393.5682855,670.9786014556885,PLC -> IO,0.70528
1775737393.6970055,671.1073215007782,PLC -> IO,0.75632
1775737393.8247647,671.2350807189941,PLC -> IO,0.23664000000000002
1775737393.953498,671.3638138771057,PLC -> IO,2.78104
1775737394.0800083,671.4903242588043,PLC -> IO,0.76192
1775737394.2087572,671.6190731525421,PLC -> IO,0.77256
1775737394.3365176,671.746833562851,PLC -> IO,1.7871199999999998
1775737394.464568,671.874883890152,PLC -> IO,0.6952
1775737394.5925198,672.0028357505798,PLC -> IO,0.7756
1775737394.7210503,672.1313662528992,PLC -> IO,0.22624
1775737394.8492975,672.2596135139465,PLC -> IO,0.76088
1775737394.9753165,672.3856325149536,PLC -> IO,1.7418399999999998
1775737395.1043112,672.5146272182465,PLC -> IO,0.73848
1775737395.232804,672.6431200504303,PLC -> IO,0.26408
1775737395.3615582,672.7718741893768,PLC -> IO,0.27912
1775737395.488815,672.8991310596466,PLC -> IO,0.75976
1775737395.616828,673.0271439552307,PLC -> IO,0.75648
1775737395.7445817,673.1548976898193,PLC -> IO,0.74064
1775737395.8733413,673.2836573123932,PLC -> IO,0.25304
1775737396.000325,673.4106409549713,PLC -> IO,0.26583999999999997
1775737396.1283476,673.5386636257172,PLC -> IO,11.76456
1775737396.2563403,673.666656255722,PLC -> IO,1.7748
1775737396.384357,673.7946729660034,PLC -> IO,2.2358399999999996
1775737396.51235,673.9226660728455,PLC -> IO,0.7624799999999999
1775737396.640857,674.0511729717255,PLC -> IO,0.26928
1775737396.769621,674.1799368858337,PLC -> IO,0.26104
1775737396.8966153,674.3069312572479,PLC -> IO,0.2576
1775737397.0253718,674.4356877803802,PLC -> IO,0.26672
1775737397.1526253,674.5629413127899,PLC -> IO,0.76176
1775737397.2813826,674.691698551178,PLC -> IO,0.27272
1775737397.40914,674.8194561004639,PLC -> IO,0.24647999999999998
1775737397.537146,674.9474620819092,PLC -> IO,0.36952
1775737397.6644201,675.0747361183167,PLC -> IO,0.72984
1775737397.7924004,675.2027163505554,PLC -> IO,0.7572800000000001
1775737397.9209125,675.3312284946442,PLC -> IO,0.2472
1775737398.0489078,675.4592237472534,PLC -> IO,0.75048
1775737398.1761684,675.5864844322205,PLC -> IO,1.76744
1775737398.304672,675.7149879932404,PLC -> IO,2.75296
1775737398.4326677,675.8429837226868,PLC -> IO,0.76648
1775737398.560681,675.970997095108,PLC -> IO,0.74984
1775737398.6891968,676.0995128154755,PLC -> IO,0.25208
1775737398.816439,676.2267549037933,PLC -> IO,0.748
1775737398.9452066,676.3555226325989,PLC -> IO,0.26792
1775737399.0724487,676.4827647209167,PLC -> IO,0.7549600000000001
1775737399.201217,676.6115329265594,PLC -> IO,0.7488800000000001
1775737399.3289626,676.7392785549164,PLC -> IO,0.74768
1775737399.4569633,676.867279291153,PLC -> IO,0.28008
1775737399.5847182,676.9950342178345,PLC -> IO,0.25376
1775737399.7134562,677.1237721443176,PLC -> IO,0.28600000000000003
1775737399.8399808,677.250296831131,PLC -> IO,0.74544
1775737399.9694836,677.3797996044159,PLC -> IO,25.830160000000003
1775737400.09749,677.5078060626984,PLC -> IO,0.7672
1775737400.2244892,677.6348052024841,PLC -> IO,0.73888
1775737400.352498,677.7628140449524,PLC -> IO,0.74984
1775737400.478779,677.8890950679779,PLC -> IO,2.2236000000000002
1775737400.608255,678.0185708999634,PLC -> IO,1.77488
1775737400.7352862,678.1456022262573,PLC -> IO,1.72432
1775737400.8647888,678.2751047611237,PLC -> IO,0.23256000000000002
1775737400.9927766,678.403092622757,PLC -> IO,0.74168
1775737401.1215296,678.5318455696106,PLC -> IO,0.2612
1775737401.2487855,678.659101486206,PLC -> IO,0.74184
1775737401.3767803,678.7870962619781,PLC -> IO,1.7784
1775737401.5045345,678.9148504734039,PLC -> IO,0.75944
1775737401.6332939,679.0436098575592,PLC -> IO,0.27184
1775737401.7605429,679.1708588600159,PLC -> IO,0.76072
1775737401.887326,679.297641992569,PLC -> IO,27.78384
1775737402.0178173,679.4281332492828,PLC -> IO,0.25720000000000004
1775737402.144309,679.5546250343323,PLC -> IO,0.76152
1775737402.272818,679.6831340789795,PLC -> IO,0.24776000000000004
1775737402.4008164,679.8111324310303,PLC -> IO,0.27784000000000003
1775737402.5295749,679.9398908615112,PLC -> IO,0.27928000000000003
1775737402.6565824,680.0668983459473,PLC -> IO,0.2456
1775737402.7853432,680.195659160614,PLC -> IO,0.25824
1775737402.912599,680.3229150772095,PLC -> IO,0.73776
1775737403.041354,680.4516699314117,PLC -> IO,0.25288
1775737403.1691115,680.5794274806976,PLC -> IO,0.23792
1775737403.297101,680.707417011261,PLC -> IO,0.26184
1775737403.4243631,680.8346791267395,PLC -> IO,0.75824
1775737403.5514224,680.9617383480072,PLC -> IO,1.6876
1775737403.6801302,681.0904462337494,PLC -> IO,0.73248
1775737403.8071415,681.2174575328827,PLC -> IO,1.7428000000000001
1775737403.937638,681.3479540348053,PLC -> IO,0.2508
1775737404.0646248,681.474940776825,PLC -> IO,0.26936
1775737404.192647,681.6029629707336,PLC -> IO,0.74544
1775737404.319902,681.7302179336548,PLC -> IO,0.7325600000000001
1775737404.4486558,681.8589718341827,PLC -> IO,0.7457600000000001
1775737404.5764112,681.9867272377014,PLC -> IO,0.7350399999999999
1775737404.7051713,682.1154873371124,PLC -> IO,0.25568
1775737404.8324227,682.2427387237549,PLC -> IO,0.73352
1775737404.9611852,682.3715012073517,PLC -> IO,0.7398399999999999
1775737405.0889318,682.4992477893829,PLC -> IO,0.7308800000000001
1775737405.2169156,682.6272315979004,PLC -> IO,1.79272
1775737405.344663,682.7549788951874,PLC -> IO,0.2804
1775737405.4734125,682.8837285041809,PLC -> IO,0.30112
1775737405.5999959,683.0103118419647,PLC -> IO,0.67776
1775737405.7287061,683.1390221118927,PLC -> IO,0.72856
1775737405.8574617,683.2677776813507,PLC -> IO,1.73376
1775737405.9844358,683.3947517871857,PLC -> IO,0.77688
1775737406.1124694,683.5227854251862,PLC -> IO,0.7310399999999999
1775737406.2409544,683.6512703895569,PLC -> IO,0.27368
1775737406.3697019,683.7800178527832,PLC -> IO,0.29935999999999996
1775737406.4962273,683.9065432548523,PLC -> IO,0.73608
1775737406.6249928,684.0353088378906,PLC -> IO,0.7404799999999999
1775737406.752747,684.1630630493164,PLC -> IO,0.71696
1775737406.8814952,684.2918112277985,PLC -> IO,0.248
1775737407.008757,684.4190731048584,PLC -> IO,0.7228
1775737407.1372297,684.547545671463,PLC -> IO,1.2996800000000002
1775737407.264487,684.67480301857,PLC -> IO,0.77832
1775737407.3932455,684.8035614490509,PLC -> IO,0.29256
1775737407.52049,684.9308059215546,PLC -> IO,0.69392
1775737407.6472785,685.057594537735,PLC -> IO,1.7536800000000001
1775737407.7777886,685.1881046295166,PLC -> IO,0.23312
1775737407.9042616,685.3145775794983,PLC -> IO,0.78048
1775737408.0327973,685.4431133270264,PLC -> IO,0.2212
1775737408.1590743,685.569390296936,PLC -> IO,1.68784
1775737408.2880244,685.6983404159546,PLC -> IO,1.80024
1775737408.416778,685.827094078064,PLC -> IO,0.78208
1775737408.5453088,685.9556248188019,PLC -> IO,0.23488
1775737408.672569,686.0828850269318,PLC -> IO,0.72392
1775737408.8013246,686.2116405963898,PLC -> IO,0.23488
1775737408.9290762,686.3393921852112,PLC -> IO,0.21824
1775737409.0570538,686.4673697948456,PLC -> IO,0.28071999999999997
1775737409.1843166,686.5946326255798,PLC -> IO,0.77728
1775737409.3113334,686.7216494083405,PLC -> IO,1.7224
1775737409.440814,686.8511300086975,PLC -> IO,2.7896
1775737409.5695634,686.9798793792725,PLC -> IO,25.836000000000002
1775737409.6976104,687.1079263687134,PLC -> IO,0.23112
1775737409.824578,687.2348940372467,PLC -> IO,0.2884
1775737409.9526176,687.3629336357117,PLC -> IO,0.72736
1775737410.0798736,687.4901895523071,PLC -> IO,0.71272
1775737410.208352,687.6186680793762,PLC -> IO,1.8064
1775737410.3363757,687.7466917037964,PLC -> IO,0.72392
1775737410.4651496,687.875465631485,PLC -> IO,0.23071999999999998
1775737410.5923917,688.0027077198029,PLC -> IO,0.71624
1775737410.7211525,688.1314685344696,PLC -> IO,0.72504
1775737410.8489265,688.2592425346375,PLC -> IO,0.68872
1775737410.976869,688.3871850967407,PLC -> IO,1.80904
1775737411.1046154,688.5149314403534,PLC -> IO,0.29896
1775737411.2333677,688.6436836719513,PLC -> IO,0.31752
1775737411.3606315,688.7709474563599,PLC -> IO,0.79184
1775737411.4868765,688.8971924781799,PLC -> IO,1.8012
1775737411.616431,689.0267469882965,PLC -> IO,1.73224
1775737411.7443893,689.154705286026,PLC -> IO,0.79504
1775737411.8724408,689.2827568054199,PLC -> IO,0.71208
1775737412.000907,689.4112229347229,PLC -> IO,0.27808
1775737412.1296544,689.5399703979492,PLC -> IO,0.3192
1775737412.2561822,689.6664981842041,PLC -> IO,0.73368
1775737412.3849642,689.7952802181244,PLC -> IO,0.7216
1775737412.5127187,689.9230346679688,PLC -> IO,0.69816
1775737412.6414735,690.051789522171,PLC -> IO,0.22232
1775737412.7687285,690.1790444850922,PLC -> IO,0.70488
1775737412.8950064,690.3053224086761,PLC -> IO,2.17584
1775737413.0244396,690.434755563736,PLC -> IO,0.79728
1775737413.153198,690.5635139942169,PLC -> IO,0.30384
1775737413.2804425,690.6907584667206,PLC -> IO,0.80504
1775737413.4090037,690.8193197250366,PLC -> IO,0.20336
1775737413.5378678,690.9481837749481,PLC -> IO,0.5868800000000001
1775737413.6642115,691.0745275020599,PLC -> IO,0.8019999999999999
1775737413.7927632,691.2030792236328,PLC -> IO,0.20704
1775737413.9200454,691.330361366272,PLC -> IO,0.67208
1775737414.0494776,691.4597935676575,PLC -> IO,0.31872
1775737414.1765296,691.5868456363678,PLC -> IO,0.20087999999999998
1775737414.3047876,691.7151036262512,PLC -> IO,0.70856
1775737414.4325407,691.8428566455841,PLC -> IO,0.70504
1775737414.559518,691.9698340892792,PLC -> IO,1.77808
1775737414.688549,692.098865032196,PLC -> IO,0.69792
1775737414.817006,692.227322101593,PLC -> IO,0.29960000000000003
1775737414.9442606,692.354576587677,PLC -> IO,0.79696
1775737415.0713654,692.4816813468933,PLC -> IO,1.6508
1775737415.2007694,692.6110854148865,PLC -> IO,0.30479999999999996
1775737415.3270469,692.7373628616333,PLC -> IO,1.7812800000000002
1775737415.457581,692.8678970336914,PLC -> IO,0.2156
1775737415.5845306,692.9948465824127,PLC -> IO,0.3012
1775737415.712589,693.1229050159454,PLC -> IO,0.70848
1775737415.8405387,693.2508547306061,PLC -> IO,0.80752
1775737415.9683049,693.3786208629608,PLC -> IO,1.8252
1775737416.0963533,693.5066692829132,PLC -> IO,0.69816
1775737416.225333,693.6356489658356,PLC -> IO,41.894800000000004
1775737416.352363,693.7626791000366,PLC -> IO,0.69736
1775737416.4811318,693.8914477825165,PLC -> IO,0.6983999999999999
1775737416.6088765,694.0191924571991,PLC -> IO,0.69136
1775737416.7351637,694.1454796791077,PLC -> IO,1.65816
1775737416.8648863,694.2752022743225,PLC -> IO,0.69136
1775737416.9933233,694.4036393165588,PLC -> IO,0.32744
1775737417.1205838,694.5308997631073,PLC -> IO,3.3192
1775737417.2468615,694.6571774482727,PLC -> IO,1.78672
1775737417.3773978,694.787713766098,PLC -> IO,0.7180799999999999
1775737417.5043476,694.9146635532379,PLC -> IO,0.8140000000000001
1775737417.6324081,695.0427241325378,PLC -> IO,0.69728
1775737417.7601864,695.1705024242401,PLC -> IO,0.67296
1775737417.8896139,695.299929857254,PLC -> IO,0.33032
1775737418.016154,695.426470041275,PLC -> IO,0.7155199999999999
1775737418.1449366,695.5552525520325,PLC -> IO,1.70376
1775737418.272691,695.6830070018768,PLC -> IO,0.68496
1775737418.4016473,695.8119633197784,PLC -> IO,2.30416
1775737418.5287,695.9390161037445,PLC -> IO,0.68592
1775737418.6571417,696.0674576759338,PLC -> IO,1.33056
1775737418.7852092,696.1955251693726,PLC -> IO,0.68848
1775737418.9131505,696.3234665393829,PLC -> IO,0.32896
1775737419.0409057,696.451221704483,PLC -> IO,0.31264
1775737419.1671844,696.5775003433228,PLC -> IO,1.79072
1775737419.2977326,696.708048582077,PLC -> IO,0.1996
1775737419.4246583,696.8349742889404,PLC -> IO,0.3276
1775737419.5527396,696.9630556106567,PLC -> IO,0.7144
1775737419.680675,697.0909910202026,PLC -> IO,0.81312
1775737419.8094301,697.2197461128235,PLC -> IO,0.3376
1775737419.936502,697.3468179702759,PLC -> IO,0.1812
1775737420.065257,697.4755730628967,PLC -> IO,0.182
1775737420.1931903,697.6035063266754,PLC -> IO,1.82832
1775737420.3204472,697.7307631969452,PLC -> IO,0.82032
1775737420.4485219,697.8588378429413,PLC -> IO,0.68456
1775737420.576952,697.9872679710388,PLC -> IO,0.32632
1775737420.7042131,698.114529132843,PLC -> IO,0.82256
1775737420.8322783,698.242594242096,PLC -> IO,0.6904800000000001
1775737420.9607124,698.3710284233093,PLC -> IO,0.33327999999999997
1775737421.086999,698.4973149299622,PLC -> IO,1.80064
1775737421.2160468,698.6263628005981,PLC -> IO,2.2124800000000002
1775737421.3444824,698.754798412323,PLC -> IO,0.326
1775737421.4732506,698.8835666179657,PLC -> IO,2.84448
1775737421.6004844,699.0108003616333,PLC -> IO,0.83232
1775737421.729259,699.1395750045776,PLC -> IO,0.33048
1775737421.857004,699.2673199176788,PLC -> IO,0.316
1775737421.9850924,699.3954083919525,PLC -> IO,1.6790399999999999
1775737422.112337,699.5226531028748,PLC -> IO,0.67592
1775737422.241094,699.6514101028442,PLC -> IO,0.68872
1775737422.3688455,699.7791614532471,PLC -> IO,0.6749599999999999
1775737422.4967735,699.907089471817,PLC -> IO,1.84928
1775737422.624858,700.0351738929749,PLC -> IO,0.67256
1775737422.7532718,700.163587808609,PLC -> IO,0.35608
1775737422.8805363,700.2908523082733,PLC -> IO,0.83072
1775737423.0086195,700.4189355373383,PLC -> IO,0.6705599999999999
1775737423.137376,700.5476920604706,PLC -> IO,0.6924
1775737423.2643182,700.6746342182159,PLC -> IO,0.8176
1775737423.3923848,700.8027007579803,PLC -> IO,0.67328
1775737423.5211346,700.9314506053925,PLC -> IO,0.6988800000000001
1775737423.6495655,701.0598814487457,PLC -> IO,0.34959999999999997
1775737423.776133,701.1864490509033,PLC -> IO,0.68216
1775737423.9049003,701.3152163028717,PLC -> IO,1.69272
1775737424.0326624,701.4429783821106,PLC -> IO,0.66608
1775737424.1614156,701.5717315673828,PLC -> IO,0.18239999999999998
1775737424.2886648,701.698980808258,PLC -> IO,0.67384
1775737424.4170952,701.8274111747742,PLC -> IO,1.34856
1775737424.5451806,701.9554965496063,PLC -> IO,0.66752
1775737424.6714244,702.0817403793335,PLC -> IO,1.67888
1775737424.800857,702.2111730575562,PLC -> IO,0.33248
1775737424.9281034,702.3384194374084,PLC -> IO,1.49496
1775737425.0571995,702.4675154685974,PLC -> IO,0.6850400000000001
1775737425.1846178,702.5949337482452,PLC -> IO,0.33992
1775737425.3127108,702.7230267524719,PLC -> IO,0.15768
1775737425.4399908,702.8503067493439,PLC -> IO,0.63696
1775737425.5687208,702.9790368080139,PLC -> IO,0.66288
1775737425.6964667,703.1067826747894,PLC -> IO,0.16896
1775737425.8247316,703.2350475788116,PLC -> IO,0.66016
1775737425.9524827,703.3627986907959,PLC -> IO,2.95048
1775737426.0794241,703.4897401332855,PLC -> IO,1.8079999999999998
1775737426.2084923,703.6188082695007,PLC -> IO,0.6664
1775737426.336911,703.7472269535065,PLC -> IO,0.33871999999999997
1775737426.4650006,703.875316619873,PLC -> IO,0.6642399999999999
1775737426.5912812,704.0015971660614,PLC -> IO,1.6392799999999998
1775737426.7210171,704.1313331127167,PLC -> IO,1.6691200000000002
1775737426.848452,704.258768081665,PLC -> IO,0.31888
1775737426.977525,704.3878409862518,PLC -> IO,0.68672
1775737427.104428,704.5147440433502,PLC -> IO,0.35191999999999996
1775737427.2325318,704.642847776413,PLC -> IO,0.67144
1775737427.3603127,704.7706286907196,PLC -> IO,0.13119999999999998
1775737427.489211,704.8995270729065,PLC -> IO,0.86256
1775737427.6169565,705.0272724628448,PLC -> IO,0.34168000000000004
1775737427.7450645,705.155380487442,PLC -> IO,1.66384
1775737427.872306,705.2826220989227,PLC -> IO,0.66048
1775737428.0010738,705.4113898277283,PLC -> IO,0.66384
1775737428.1288204,705.5391364097595,PLC -> IO,0.65256
1775737428.258592,705.6689078807831,PLC -> IO,0.64456
1775737428.3848293,705.7951452732086,PLC -> IO,0.65376
1775737428.5132346,705.9235506057739,PLC -> IO,0.35824
1775737428.6413386,706.0516545772552,PLC -> IO,1.674392
1775737428.7685912,706.1789071559906,PLC -> IO,0.64056
1775737428.8973405,706.3076565265656,PLC -> IO,0.67256
1775737429.024229,706.4345450401306,PLC -> IO,0.8808
1775737429.1523552,706.5626711845398,PLC -> IO,0.65528
1775737429.2801034,706.6904194355011,PLC -> IO,0.6544
1775737429.409518,706.8198339939117,PLC -> IO,0.3692
1775737429.5373795,706.9476954936981,PLC -> IO,3.7688
1775737429.6649413,707.0752573013306,PLC -> IO,1.60528
1775737429.792634,707.2029500007629,PLC -> IO,0.6472
1775737429.9220562,707.3323721885681,PLC -> IO,0.016079999999999997
1775737430.0486429,707.458958864212,PLC -> IO,0.6452
1775737430.1770477,707.5873637199402,PLC -> IO,1.36744
1775737430.3051739,707.7154898643494,PLC -> IO,0.62888
1775737430.433049,707.8433649539948,PLC -> IO,0.37767999999999996
1775737430.561161,707.9714770317078,PLC -> IO,1.6686400000000001
1775737430.6880891,708.098405122757,PLC -> IO,1.82152
1775737430.8176744,708.2279903888702,PLC -> IO,0.16368
1775737430.944929,708.3552448749542,PLC -> IO,0.64336
1775737431.0726764,708.4829924106598,PLC -> IO,0.64976
1775737431.2014363,708.6117522716522,PLC -> IO,18.19744
1775737431.3293362,708.7396521568298,PLC -> IO,0.37448
1775737431.4559457,708.8662617206573,PLC -> IO,1.14744
1775737431.5888703,708.9991862773895,PLC -> IO,38.448080000000004
1775737431.712454,709.1227700710297,PLC -> IO,0.64832
1775737431.8403523,709.2506682872772,PLC -> IO,3.36568
1775737431.968464,709.3787798881531,PLC -> IO,0.64832
1775737432.096864,709.5071799755096,PLC -> IO,0.3572
1775737432.2249796,709.6352956295013,PLC -> IO,0.63776
1775737432.3512526,709.7615685462952,PLC -> IO,1.6204800000000001
1775737432.4809885,709.8913044929504,PLC -> IO,0.6388
1775737432.6084046,710.018720626831,PLC -> IO,0.3368
1775737432.7366333,710.1469492912292,PLC -> IO,0.86304
1775737432.8647513,710.2750673294067,PLC -> IO,0.638
1775737432.9925032,710.4028191566467,PLC -> IO,0.64912
1775737433.120251,710.5305669307709,PLC -> IO,0.1464
1775737433.2491615,710.6594774723053,PLC -> IO,0.37120000000000003
1775737433.3762686,710.7865846157074,PLC -> IO,0.64056
1775737433.5050302,710.9153461456299,PLC -> IO,1.65064
1775737433.632919,711.0432350635529,PLC -> IO,0.864
1775737433.7610385,711.1713545322418,PLC -> IO,0.64928
1775737433.8884509,711.2987668514252,PLC -> IO,0.34088
1775737434.0166786,711.426994562149,PLC -> IO,1.8847200000000002
1775737434.1448007,711.5551166534424,PLC -> IO,0.6339199999999999
1775737434.273191,711.6835069656372,PLC -> IO,0.38
1775737434.401309,711.8116250038147,PLC -> IO,1.65632
1775737434.5282142,711.9385302066803,PLC -> IO,0.34912000000000004
1775737434.6573188,712.0676348209381,PLC -> IO,0.65368
1775737434.7850847,712.1954007148743,PLC -> IO,0.62632
1775737434.918332,712.3286480903625,PLC -> IO,6.168
1775737435.040111,712.4504270553589,PLC -> IO,0.6060800000000001
1775737435.1694639,712.5797798633575,PLC -> IO,0.39472
1775737435.2960825,712.7063984870911,PLC -> IO,0.64376
1775737435.4248502,712.8351662158966,PLC -> IO,1.6488
1775737435.5525978,712.9629137516022,PLC -> IO,0.63592
1775737435.6813593,713.0916752815247,PLC -> IO,0.14576
1775737435.8086145,713.2189304828644,PLC -> IO,0.62144
1775737435.9370003,713.3473162651062,PLC -> IO,1.3864
1775737436.0651226,713.4754385948181,PLC -> IO,3.13584
1775737436.1930032,713.6033191680908,PLC -> IO,1.3944
1775737436.3227828,713.7330987453461,PLC -> IO,44.475519999999996
1775737436.4480417,713.858357667923,PLC -> IO,0.8477600000000001
1775737436.577646,713.9879620075226,PLC -> IO,0.13776000000000002
1775737436.7048993,714.1152153015137,PLC -> IO,0.62536
1775737436.8326547,714.2429707050323,PLC -> IO,0.62408
1775737436.9599335,714.3702495098114,PLC -> IO,0.59136
1775737437.0886638,714.4989798069,PLC -> IO,0.6249600000000001
1775737437.2159173,714.6262333393097,PLC -> IO,1.12944
1775737437.344669,714.7549850940704,PLC -> IO,2.14776
1775737437.473055,714.8833708763123,PLC -> IO,0.37335999999999997
1775737437.6008008,715.0111167430878,PLC -> IO,0.37432
1775737437.7284353,715.1387512683868,PLC -> IO,0.6296
1775737437.8568165,715.2671325206757,PLC -> IO,0.37535999999999997
1775737437.984943,715.3952589035034,PLC -> IO,0.62016
1775737438.1112235,715.5215394496918,PLC -> IO,1.6020800000000002
1775737438.2409601,715.6512761116028,PLC -> IO,0.61984
1775737438.3687062,715.7790222167969,PLC -> IO,0.62776
1775737438.4965858,715.9069018363953,PLC -> IO,0.882
1775737438.624724,716.0350399017334,PLC -> IO,0.6181599999999999
1775737438.7524748,716.1627907752991,PLC -> IO,0.63288
1775737438.881231,716.2915470600128,PLC -> IO,18.17312
1775737439.0091166,716.4194326400757,PLC -> IO,0.386
1775737439.13624,716.5465559959412,PLC -> IO,0.61456
1775737439.265007,716.675323009491,PLC -> IO,1.62632
1775737439.3928707,716.8031866550446,PLC -> IO,0.884
1775737439.5216608,716.9319767951965,PLC -> IO,3.38368
1775737439.649378,717.0596940517426,PLC -> IO,0.3872
1775737439.7766242,717.1869401931763,PLC -> IO,1.91136
1775737439.9047718,717.3150877952576,PLC -> IO,0.61544
1775737440.0331466,717.4434626102448,PLC -> IO,1.39784
1775737440.1612806,717.571596622467,PLC -> IO,1.63744
1775737440.2881699,717.6984858512878,PLC -> IO,0.36504000000000003
1775737440.4172904,717.8276064395905,PLC -> IO,0.6348
1775737440.5450568,717.9553728103638,PLC -> IO,0.59904
1775737440.6722982,718.0826141834259,PLC -> IO,0.6184
1775737440.8000844,718.2104003429413,PLC -> IO,0.5853600000000001
1775737440.9294164,718.3397324085236,PLC -> IO,0.41472
1775737441.056057,718.4663729667664,PLC -> IO,0.62192
1775737441.1848164,718.5951323509216,PLC -> IO,1.6352
1775737441.3131795,718.7234954833984,PLC -> IO,0.39848
1775737441.441331,718.851646900177,PLC -> IO,0.1268
1775737441.5682206,718.978536605835,PLC -> IO,0.36519999999999997
1775737441.6969519,719.1072678565979,PLC -> IO,1.39952
1775737441.8250942,719.2354102134705,PLC -> IO,0.61456
1775737441.952954,719.3632700443268,PLC -> IO,1.91744
1775737442.081098,719.4914140701294,PLC -> IO,1.6372
1775737442.2079942,719.618310213089,PLC -> IO,0.8668
1775737442.3376174,719.7479333877563,PLC -> IO,0.12064
1775737442.464864,719.8751800060272,PLC -> IO,0.61432
1775737442.5932314,720.0035474300385,PLC -> IO,1.41496
1775737442.7204776,720.1307935714722,PLC -> IO,0.40328
1775737442.8486352,720.2589511871338,PLC -> IO,0.6052
1775737442.9769979,720.3873138427734,PLC -> IO,0.39120000000000005
1775737443.104645,720.5149610042572,PLC -> IO,2.11952
1775737443.2330074,720.6433234214783,PLC -> IO,0.39248
1775737443.3611534,720.7714693546295,PLC -> IO,0.62504
1775737443.4884067,720.8987226486206,PLC -> IO,1.1008
1775737443.61677,721.027086019516,PLC -> IO,1.9147999999999998
1775737443.7449226,721.1552386283875,PLC -> IO,0.5931200000000001
1775737443.8711956,721.2815115451813,PLC -> IO,1.58256
1775737444.0009315,721.4112474918365,PLC -> IO,0.59992
1775737444.1282775,721.5385935306549,PLC -> IO,0.40096
1775737444.256541,721.6668570041656,PLC -> IO,0.89728
1775737444.3846943,721.7950103282928,PLC -> IO,0.60024
1775737444.5130548,721.9233708381653,PLC -> IO,1.40512
1775737444.6403024,722.0506184101105,PLC -> IO,0.90112
1775737444.76907,722.1793859004974,PLC -> IO,0.40447999999999995
1775737444.8968074,722.3071234226227,PLC -> IO,0.39824
1775737445.0249786,722.4352946281433,PLC -> IO,1.60744
1775737445.1522205,722.5625364780426,PLC -> IO,0.60264
1775737445.281594,722.6919100284576,PLC -> IO,1.88832
1775737445.4087338,722.8190498352051,PLC -> IO,0.5968
1775737445.5366197,722.9469356536865,PLC -> IO,0.5843200000000001
1775737445.6647437,723.0750596523285,PLC -> IO,0.59592
1775737445.7931015,723.2034175395966,PLC -> IO,1.41544
1775737445.921245,723.331561088562,PLC -> IO,1.6264
1775737446.048508,723.4588239192963,PLC -> IO,0.5914400000000001
1775737446.1772618,723.5875778198242,PLC -> IO,0.6158399999999999
1775737446.3050213,723.7153372764587,PLC -> IO,0.59128
1775737446.4328692,723.8431851863861,PLC -> IO,1.9253600000000002
1775737446.5606225,723.9709384441376,PLC -> IO,1.42688
1775737446.6887832,724.0990991592407,PLC -> IO,0.59248
1775737446.8166313,724.2269473075867,PLC -> IO,0.9056799999999999
1775737446.944794,724.3551099300385,PLC -> IO,1.60936
1775737447.0725458,724.4828617572784,PLC -> IO,0.59392
1775737447.2013013,724.6116173267365,PLC -> IO,0.596
1775737447.3285573,724.7388732433319,PLC -> IO,0.5904
1775737447.4569044,724.8672204017639,PLC -> IO,1.4252
1775737447.5850666,724.9953825473785,PLC -> IO,0.5948
1775737447.7129133,725.123229265213,PLC -> IO,1.9295200000000001
1775737447.8410754,725.2513914108276,PLC -> IO,1.61248
1775737447.9679468,725.378262758255,PLC -> IO,0.8852000000000001
1775737448.09759,725.507905960083,PLC -> IO,0.10496
1775737448.2248433,725.6351592540741,PLC -> IO,0.5874400000000001
1775737448.353184,725.7634999752045,PLC -> IO,1.4332
1775737448.4804394,725.8907554149628,PLC -> IO,0.41272
1775737448.6086066,726.0189225673676,PLC -> IO,0.58632
1775737448.7369504,726.1472663879395,PLC -> IO,0.40415999999999996
1775737448.864616,726.2749319076538,PLC -> IO,2.10888
1775737448.9923685,726.4026844501495,PLC -> IO,0.59152
1775737449.1211197,726.5314357280731,PLC -> IO,0.6112799999999999
1775737449.2483792,726.6586952209473,PLC -> IO,1.0868
1775737449.3767226,726.787038564682,PLC -> IO,0.41303999999999996
1775737449.5048916,726.9152076244354,PLC -> IO,0.58336
1775737449.6321425,727.0424585342407,PLC -> IO,0.58808
1775737449.7609031,727.1712191104889,PLC -> IO,0.58104
1775737449.8882632,727.2985792160034,PLC -> IO,0.39368
1775737450.0164852,727.4268012046814,PLC -> IO,0.92464
1775737450.1446588,727.5549747943878,PLC -> IO,0.58824
1775737450.273013,727.6833291053772,PLC -> IO,1.42488
1775737450.3997009,727.8100168704987,PLC -> IO,0.54752
1775737450.5290227,727.939338684082,PLC -> IO,0.41744
1775737450.656767,728.0670828819275,PLC -> IO,0.41728000000000004
1775737450.7849498,728.1952657699585,PLC -> IO,1.58184
1775737450.9127758,728.3230917453766,PLC -> IO,0.92168
1775737451.0409606,728.4512765407562,PLC -> IO,0.5852
1775737451.1687055,728.5790214538574,PLC -> IO,0.5708799999999999
1775737451.2965355,728.7068514823914,PLC -> IO,1.94296
1775737451.424716,728.8350319862366,PLC -> IO,0.57712
1775737451.5530565,728.9633724689484,PLC -> IO,1.43344
1775737451.681226,729.0915420055389,PLC -> IO,1.59712
1775737451.8084795,729.2187955379486,PLC -> IO,1.5849600000000001
1775737451.9372344,729.3475503921509,PLC -> IO,0.5968
1775737452.0649998,729.4753158092499,PLC -> IO,0.56648
1775737452.192814,729.6031301021576,PLC -> IO,1.95112
1775737452.320575,729.7308909893036,PLC -> IO,0.432
1775737452.4493284,729.8596444129944,PLC -> IO,0.44568
1775737452.5765796,729.9868955612183,PLC -> IO,0.92296
1775737452.7047644,730.1150803565979,PLC -> IO,1.59128
1775737452.8330915,730.2434074878693,PLC -> IO,0.42696
1775737452.9612677,730.37158370018,PLC -> IO,0.08824
1775737453.0885298,730.4988458156586,PLC -> IO,0.5715199999999999
1775737453.2168553,730.6271712779999,PLC -> IO,1.44584
1775737453.3450372,730.7553532123566,PLC -> IO,0.58728
1775737453.472866,730.8831820487976,PLC -> IO,1.94856
1775737453.601041,731.0113570690155,PLC -> IO,1.59256
1775737453.7279003,731.1382162570953,PLC -> IO,0.40104
1775737453.8570569,731.2673728466034,PLC -> IO,0.59056
1775737453.9848113,731.3951272964478,PLC -> IO,0.5643999999999999
1775737454.1120648,731.5223808288574,PLC -> IO,1.07176
1775737454.241896,731.6522119045258,PLC -> IO,1.4336799999999998
1775737454.3685782,731.7788941860199,PLC -> IO,0.56136
1775737454.4963984,731.9067144393921,PLC -> IO,0.93344
1775737454.624588,732.0349040031433,PLC -> IO,2.08856
1775737454.752906,732.1632220745087,PLC -> IO,0.43600000000000005
1775737454.8826864,732.2930023670197,PLC -> IO,0.91848
1775737455.0083497,732.4186656475067,PLC -> IO,1.0688799999999998
1775737455.136674,732.5469899177551,PLC -> IO,1.94752
1775737455.265427,732.6757431030273,PLC -> IO,1.93864
1775737455.3931825,732.803498506546,PLC -> IO,0.45431999999999995
1775737455.5216327,732.9319486618042,PLC -> IO,0.7612
1775737455.648215,733.0585310459137,PLC -> IO,0.41248
1775737455.7764437,733.1867597103119,PLC -> IO,0.93768
1775737455.9046373,733.314953327179,PLC -> IO,0.56216
1775737456.0329664,733.443282365799,PLC -> IO,1.44424
1775737456.1611457,733.5714616775513,PLC -> IO,0.56664
1775737456.2889743,733.6992902755737,PLC -> IO,1.9581600000000001
1775737456.4167192,733.8270351886749,PLC -> IO,2.9438400000000002
1775737456.5449224,733.9552383422852,PLC -> IO,1.56864
1775737456.6721642,734.0824801921844,PLC -> IO,0.56496
1775737456.8009262,734.2112421989441,PLC -> IO,0.5556800000000001
1775737456.9286768,734.3389928340912,PLC -> IO,0.5588000000000001
1775737457.0564888,734.4668047428131,PLC -> IO,1.9604000000000001
1775737457.1846807,734.5949966907501,PLC -> IO,0.56496
1775737457.3109734,734.721289396286,PLC -> IO,2.03736
1775737457.441195,734.8515110015869,PLC -> IO,1.5806399999999998
1775737457.568037,734.978353023529,PLC -> IO,1.9264
1775737457.6972058,735.1075217723846,PLC -> IO,0.57704
1775737457.8249652,735.2352812290192,PLC -> IO,0.5534399999999999
1775737457.9527733,735.3630893230438,PLC -> IO,1.9632
1775737458.0800054,735.4903213977814,PLC -> IO,1.5240799999999999
1775737458.209281,735.6195969581604,PLC -> IO,0.46368
1775737458.3365371,735.7468531131744,PLC -> IO,0.94392
1775737458.464736,735.8750519752502,PLC -> IO,1.5732000000000002
1775737458.593044,736.0033600330353,PLC -> IO,0.446
1775737458.7193213,736.1296372413635,PLC -> IO,1.92304
1775737458.8485012,736.2588171958923,PLC -> IO,0.5516
1775737458.9768105,736.3871264457703,PLC -> IO,1.46312
1775737459.1050086,736.5153245925903,PLC -> IO,0.55696
1775737459.2328186,736.6431345939636,PLC -> IO,1.96752
1775737459.3610184,736.7713344097137,PLC -> IO,1.57448
1775737459.4878528,736.8981688022614,PLC -> IO,0.42007999999999995
1775737459.6170282,737.0273442268372,PLC -> IO,0.57256
1775737459.7447853,737.1551012992859,PLC -> IO,0.54968
1775737459.873089,737.2834050655365,PLC -> IO,0.45264
1775737459.9998143,737.4101302623749,PLC -> IO,2.03344
1775737460.129099,737.5394148826599,PLC -> IO,1.4719200000000001
1775737460.2568474,737.6671633720398,PLC -> IO,0.45616
1775737460.3845596,737.7948756217957,PLC -> IO,2.06936
1775737460.5123115,737.9226274490356,PLC -> IO,0.55216
1775737460.6410687,738.0513846874237,PLC -> IO,0.54664
1775737460.7683213,738.1786372661591,PLC -> IO,1.0508
1775737460.8966267,738.3069427013397,PLC -> IO,4.49208
1775737461.024828,738.4351439476013,PLC -> IO,0.5453600000000001
1775737461.15111,738.5614259243011,PLC -> IO,2.0242400000000003
1775737461.280847,738.6911630630493,PLC -> IO,2.07408
1775737461.4081342,738.8184502124786,PLC -> IO,0.45792
1775737461.5374606,738.947776556015,PLC -> IO,0.4772
1775737461.664602,739.0749180316925,PLC -> IO,0.54336
1775737461.7929184,739.2032344341278,PLC -> IO,1.4635200000000002
1775737461.921117,739.331433057785,PLC -> IO,0.54864
1775737462.04892,739.459235906601,PLC -> IO,1.97688
1775737462.1766717,739.5869877338409,PLC -> IO,0.45528
1775737462.304893,739.7152090072632,PLC -> IO,1.55072
1775737462.4321358,739.8424518108368,PLC -> IO,0.5392
1775737462.5609028,739.9712188243866,PLC -> IO,0.5316000000000001
1775737462.6891882,740.0995042324066,PLC -> IO,0.462
1775737462.8164363,740.226752281189,PLC -> IO,1.9844
1775737462.9446588,740.3549747467041,PLC -> IO,0.5384800000000001
1775737463.0709453,740.4812612533569,PLC -> IO,2.01904
1775737463.2011666,740.6114826202393,PLC -> IO,1.55504
1775737463.3279922,740.7383081912994,PLC -> IO,0.42768
1775737463.4571762,740.8674921989441,PLC -> IO,0.55912
1775737463.5844307,740.9947466850281,PLC -> IO,1.0405600000000002
1775737463.7127259,741.1230418682098,PLC -> IO,1.9821600000000001
1775737463.8409526,741.2512686252594,PLC -> IO,0.52256
1775737463.9692335,741.3795495033264,PLC -> IO,1.48456
1775737464.096489,741.5068049430847,PLC -> IO,0.95656
1775737464.2247083,741.6350243091583,PLC -> IO,1.54656
1775737464.3529966,741.7633125782013,PLC -> IO,0.46487999999999996
1775737464.481209,741.8915250301361,PLC -> IO,0.546
1775737464.6084719,742.0187878608704,PLC -> IO,0.52688
1775737464.7362509,742.1465668678284,PLC -> IO,0.51216
1775737464.864975,742.2752909660339,PLC -> IO,0.54416
1775737464.991258,742.4015738964081,PLC -> IO,1.5131999999999999
1775737465.12099,742.5313060283661,PLC -> IO,1.55568
1775737465.2478046,742.6581206321716,PLC -> IO,1.94536
1775737465.3770008,742.7873167991638,PLC -> IO,0.55264
1775737465.504757,742.9150729179382,PLC -> IO,0.5308
1775737465.6330416,743.0433576107025,PLC -> IO,1.49016
1775737465.7597911,743.170107126236,PLC -> IO,2.00904
1775737465.8890517,743.2993676662445,PLC -> IO,1.9824
1775737466.016808,743.4271240234375,PLC -> IO,0.46687999999999996
1775737466.144531,743.5548470020294,PLC -> IO,2.0507199999999997
1775737466.2728164,743.6831324100494,PLC -> IO,0.4616
1775737466.4010403,743.811356306076,PLC -> IO,1.5504799999999999
1775737466.5282936,743.9386096000671,PLC -> IO,1.03088
1775737466.6565793,744.0668952465057,PLC -> IO,1.98688
1775737466.7848063,744.1951222419739,PLC -> IO,0.52656
1775737466.913087,744.3234028816223,PLC -> IO,1.49408
1775737467.0408185,744.4511344432831,PLC -> IO,2.05512
1775737467.168121,744.57843708992,PLC -> IO,1.45144
1775737467.2973244,744.7076404094696,PLC -> IO,0.5559999999999999
1775737467.4245803,744.8348963260651,PLC -> IO,1.02808
1775737467.5523322,744.962648153305,PLC -> IO,0.5708
1775737467.6816185,745.0919344425201,PLC -> IO,0.4896
1775737467.8093688,745.2196848392487,PLC -> IO,1.5056
1775737467.9366243,745.346940279007,PLC -> IO,0.4744
1775737468.064857,745.475172996521,PLC -> IO,1.53936
1775737468.1921072,745.6024231910706,PLC -> IO,0.5272
1775737468.3208737,745.7311897277832,PLC -> IO,0.51408
1775737468.449141,745.8594570159912,PLC -> IO,0.48104
1775737468.5763938,745.9867098331451,PLC -> IO,1.9981600000000002
1775737468.7046247,746.1149406433105,PLC -> IO,0.5254399999999999
1775737468.832917,746.2432329654694,PLC -> IO,1.48592
1775737468.961138,746.371454000473,PLC -> IO,1.54288
1775737469.0879476,746.4982635974884,PLC -> IO,1.9516799999999999
1775737469.2171478,746.6274638175964,PLC -> IO,0.5401600000000001
1775737469.3449152,746.7552311420441,PLC -> IO,0.50784
1775737469.4726796,746.8829956054688,PLC -> IO,1.9943199999999999
1775737469.600924,747.0112400054932,PLC -> IO,0.50792
1775737469.729186,747.1395020484924,PLC -> IO,1.5035999999999998
1775737469.8564415,747.2667574882507,PLC -> IO,0.9814400000000001
1775737469.98468,747.3949959278107,PLC -> IO,1.52768
1775737470.112949,747.5232648849487,PLC -> IO,0.4772
1775737470.2411873,747.6515033245087,PLC -> IO,1.53864
1775737470.3689513,747.7792673110962,PLC -> IO,0.97256
1775737470.4967148,747.9070308208466,PLC -> IO,1.49664
1775737470.6244543,748.0347702503204,PLC -> IO,3.5197599999999998
1775737470.7527187,748.1630346775055,PLC -> IO,0.48848
1775737470.8809547,748.2912707328796,PLC -> IO,1.54352
1775737471.0077546,748.4180705547333,PLC -> IO,1.96592
1775737471.1369724,748.5472884178162,PLC -> IO,0.52688
1775737471.2647283,748.675044298172,PLC -> IO,0.51528
1775737471.3929942,748.8033101558685,PLC -> IO,1.50864
1775737471.5207384,748.931054353714,PLC -> IO,2.02904
1775737471.6490033,749.0593192577362,PLC -> IO,0.49224
1775737471.776754,749.1870698928833,PLC -> IO,0.49344000000000005
1775737471.9045026,749.3148186206818,PLC -> IO,2.0316
1775737472.032769,749.4430849552155,PLC -> IO,0.48744
1775737472.1610107,749.5713267326355,PLC -> IO,0.50736
1775737472.2892773,749.6995933055878,PLC -> IO,0.49352
1775737472.4165328,749.8268487453461,PLC -> IO,1.50632
1775737472.5447776,749.9550936222076,PLC -> IO,0.5008
1775737472.671053,750.0813689231873,PLC -> IO,1.98648
1775737472.8007884,750.2111043930054,PLC -> IO,2.03696
1775737472.929044,750.339359998703,PLC -> IO,0.494
1775737473.0572958,750.4676117897034,PLC -> IO,0.53664
1775737473.1845517,750.5948677062988,PLC -> IO,1.0092
1775737473.3128085,750.7231245040894,PLC -> IO,4.01784
1775737473.439587,750.8499031066895,PLC -> IO,1.9839200000000001
1775737473.5693154,750.9796314239502,PLC -> IO,1.51656
1775737473.6965744,751.1068904399872,PLC -> IO,0.49808
1775737473.824826,751.235141992569,PLC -> IO,1.5254400000000001
1775737473.9520736,751.3623895645142,PLC -> IO,0.50576
1775737474.0808442,751.4911601543427,PLC -> IO,0.4964
1775737474.2090933,751.6194093227386,PLC -> IO,0.5
1775737474.3363397,751.7466557025909,PLC -> IO,2.0170399999999997
1775737474.4646013,751.874917268753,PLC -> IO,0.50144
1775737474.5928693,752.0031852722168,PLC -> IO,1.50512
1775737474.7211096,752.1314256191254,PLC -> IO,1.518
1775737474.8479018,752.2582178115845,PLC -> IO,1.97592
1775737474.9771218,752.3874378204346,PLC -> IO,0.51864
1775737475.1048763,752.5151922702789,PLC -> IO,0.49927999999999995
1775737475.2326322,752.6429481506348,PLC -> IO,2.02
1775737475.3608954,752.7712113857269,PLC -> IO,0.48919999999999997
1775737475.4891386,752.8994545936584,PLC -> IO,1.5224
1775737475.6163943,753.0267102718353,PLC -> IO,1.0002399999999998
1775737475.7446446,753.1549606323242,PLC -> IO,1.52144
1775737475.8729026,753.2832186222076,PLC -> IO,0.5028
1775737475.9991791,753.4094951152802,PLC -> IO,1.97984
1775737476.1289108,753.539226770401,PLC -> IO,0.50608
1775737476.2566671,753.666983127594,PLC -> IO,1.5198399999999999
1775737476.3849254,753.795241355896,PLC -> IO,0.49879999999999997
1775737476.5126762,753.9229922294617,PLC -> IO,0.50224
1775737476.640933,754.0512490272522,PLC -> IO,1.5178399999999999
1775737476.7677097,754.1780257225037,PLC -> IO,1.9822400000000002
1775737476.8969438,754.3072597980499,PLC -> IO,0.51384
1775737477.0247009,754.4350168704987,PLC -> IO,0.49288
1775737477.152947,754.5632629394531,PLC -> IO,1.5278399999999999
1775737477.2807097,754.6910257339478,PLC -> IO,0.9957600000000001
1775737477.4089553,754.8192713260651,PLC -> IO,0.51096
1775737477.536829,754.947144985199,PLC -> IO,44.566
1775737477.664474,755.0747900009155,PLC -> IO,2.0136
1775737477.7927215,755.2030375003815,PLC -> IO,0.49967999999999996
1775737477.9209824,755.3312983512878,PLC -> IO,0.49504
1775737478.049229,755.4595448970795,PLC -> IO,3.0158400000000003
1775737478.1764853,755.5868012905121,PLC -> IO,1.51952
1775737478.3047493,755.71506524086,PLC -> IO,0.48879999999999996
1775737478.432992,755.8433079719543,PLC -> IO,1.5320799999999999
1775737478.5607538,755.9710698127747,PLC -> IO,2.02392
1775737478.6890008,756.0993168354034,PLC -> IO,0.51464
1775737478.8172674,756.2275834083557,PLC -> IO,0.51856
1775737478.944523,756.3548390865326,PLC -> IO,0.9904000000000001
1775737479.0727754,756.4830913543701,PLC -> IO,1.52016
1775737479.20354,756.6138560771942,PLC -> IO,0.4848
1775737479.3287857,756.7391016483307,PLC -> IO,2.0332000000000003
1775737479.4565296,756.8668456077576,PLC -> IO,0.512
1775737479.5863016,756.9966175556183,PLC -> IO,40.61848
1775737479.713037,757.1233530044556,PLC -> IO,0.518
1775737479.8408175,757.251133441925,PLC -> IO,0.98816
1775737479.9680724,757.3783884048462,PLC -> IO,1.4856800000000001
1775737480.0962992,757.5066151618958,PLC -> IO,2.03696
1775737480.2245736,757.6348896026611,PLC -> IO,0.47456000000000004
1775737480.352821,757.7631371021271,PLC -> IO,1.52384
1775737480.481081,757.8913969993591,PLC -> IO,0.4876
1775737480.6088302,758.0191462039948,PLC -> IO,1.0189599999999999
1775737480.7370944,758.1474103927612,PLC -> IO,0.49879999999999997
1775737480.8648546,758.2751705646515,PLC -> IO,0.47352
1775737480.9925847,758.4029006958008,PLC -> IO,2.03784
1775737481.1213381,758.5316541194916,PLC -> IO,0.56496
1775737481.2490911,758.6594071388245,PLC -> IO,1.54224
1775737481.3763468,758.7866628170013,PLC -> IO,0.53112
1775737481.504622,758.9149379730225,PLC -> IO,0.47824
1775737481.6328552,759.0431711673737,PLC -> IO,0.52072
1775737481.7606318,759.1709477901459,PLC -> IO,0.9809599999999999
1775737481.8888633,759.299179315567,PLC -> IO,0.5233599999999999
1775737482.0166173,759.4269332885742,PLC -> IO,1.54136
1775737482.144396,759.5547120571136,PLC -> IO,0.98072
1775737482.2721744,759.6824903488159,PLC -> IO,0.45544
1775737482.4009001,759.8112161159515,PLC -> IO,1.50304
1775737482.5281606,759.9384765625,PLC -> IO,1.50376
1775737482.6569145,760.067230463028,PLC -> IO,0.49591999999999997
1775737482.7846644,760.1949803829193,PLC -> IO,0.48432
1775737482.9139023,760.3242182731628,PLC -> IO,0.54376
1775737483.040682,760.4509980678558,PLC -> IO,0.97576
1775737483.1689084,760.5792243480682,PLC -> IO,2.04616
1775737483.296665,760.7069809436798,PLC -> IO,0.5244800000000001
1775737483.4244454,760.8347613811493,PLC -> IO,1.99488
1775737483.552674,760.9629900455475,PLC -> IO,0.5254399999999999
1775737483.6809547,761.0912706851959,PLC -> IO,1.4936
1775737483.8091815,761.2194974422455,PLC -> IO,0.53152
1775737483.9364376,761.3467535972595,PLC -> IO,1.54448
1775737484.0647206,761.4750366210938,PLC -> IO,0.4708
1775737484.1929445,761.6032605171204,PLC -> IO,1.55168
1775737484.3207304,761.7310464382172,PLC -> IO,1.9922400000000002
1775737484.4479778,761.8582937717438,PLC -> IO,6.5192000000000005
1775737484.5777385,761.9880545139313,PLC -> IO,2.00944
1775737484.704495,762.1148109436035,PLC -> IO,0.9712
1775737484.8327205,762.2430365085602,PLC -> IO,0.46687999999999996
1775737484.960468,762.3707840442657,PLC -> IO,0.53512
1775737485.0892274,762.499543428421,PLC -> IO,1.5544
1775737485.2170131,762.6273291110992,PLC -> IO,0.9703999999999999
1775737485.3447723,762.7550883293152,PLC -> IO,1.47464
1775737485.4729898,762.8833057880402,PLC -> IO,0.53768
1775737485.6007814,763.0110974311829,PLC -> IO,0.45648
1775737485.7289996,763.1393156051636,PLC -> IO,0.53672
1775737485.8573143,763.2676303386688,PLC -> IO,0.45199999999999996
1775737485.984545,763.3948609828949,PLC -> IO,0.45568
1775737486.1127737,763.5230896472931,PLC -> IO,1.5429599999999999
1775737486.2410474,763.6513633728027,PLC -> IO,0.47384
1775737486.3677747,763.7780907154083,PLC -> IO,2.0431999999999997
1775737486.4970632,763.9073791503906,PLC -> IO,0.46599999999999997
1775737486.6248226,764.0351386070251,PLC -> IO,0.458
1775737486.7525296,764.1628456115723,PLC -> IO,1.56096
1775737486.8798628,764.2901787757874,PLC -> IO,1.42776
1775737487.0090437,764.4193596839905,PLC -> IO,1.56032
1775737487.1373384,764.5476543903351,PLC -> IO,0.43535999999999997
1775737487.2645934,764.6749093532562,PLC -> IO,1.9813600000000002
1775737487.3928092,764.8031251430511,PLC -> IO,0.53816
1775737487.5221233,764.93243932724,PLC -> IO,0.4576
1775737487.6488159,765.059131860733,PLC -> IO,0.53552
1775737487.7775676,765.1878836154938,PLC -> IO,0.56344
1775737487.9043677,765.314683675766,PLC -> IO,0.96072
1775737488.0325823,765.442898273468,PLC -> IO,0.5392
1775737488.1608763,765.5711922645569,PLC -> IO,1.4726400000000002
1775737488.288113,765.698429107666,PLC -> IO,1.52272
1775737488.4168859,765.8272018432617,PLC -> IO,1.97744
1775737488.5446432,765.954959154129,PLC -> IO,0.44895999999999997
1775737488.6728528,766.0831687450409,PLC -> IO,4.06728
1775737488.7996778,766.2099938392639,PLC -> IO,1.9300000000000002
1775737488.928854,766.3391699790955,PLC -> IO,1.5744
1775737489.0571542,766.4674701690674,PLC -> IO,0.46296
1775737489.184417,766.5947329998016,PLC -> IO,1.97568
1775737489.3126266,766.7229425907135,PLC -> IO,0.54432
1775737489.4409194,766.8512353897095,PLC -> IO,1.4816
1775737489.5676267,766.9779427051544,PLC -> IO,2.0575200000000002
1775737489.6963897,767.1067056655884,PLC -> IO,1.5571199999999998
1775737489.8246922,767.2350082397461,PLC -> IO,0.45184
1775737489.952897,767.3632130622864,PLC -> IO,4.0724
1775737490.080703,767.4910190105438,PLC -> IO,1.97248
1775737490.2079306,767.6182465553284,PLC -> IO,1.528
1775737490.3372102,767.7475261688232,PLC -> IO,1.48272
1775737490.4644663,767.8747823238373,PLC -> IO,0.95336
1775737490.592673,768.0029890537262,PLC -> IO,1.56664
1775737490.7209747,768.1312906742096,PLC -> IO,0.45312
1775737490.8486896,768.2590055465698,PLC -> IO,1.03856
1775737490.9769845,768.387300491333,PLC -> IO,0.9515199999999999
1775737491.104743,768.5150589942932,PLC -> IO,1.4584000000000001
1775737491.2329423,768.6432583332062,PLC -> IO,0.54976
1775737491.3607528,768.7710688114166,PLC -> IO,1.97544
1775737491.4889452,768.8992612361908,PLC -> IO,0.56264
1775737491.6167173,769.02703332901,PLC -> IO,1.56064
1775737491.7445164,769.1548323631287,PLC -> IO,0.43704
1775737491.872726,769.2830419540405,PLC -> IO,1.5628
1775737492.001024,769.4113399982452,PLC -> IO,1.4672800000000001
1775737492.1277273,769.5380432605743,PLC -> IO,1.55208
1775737492.2570338,769.6673498153687,PLC -> IO,0.448
1775737492.384801,769.7951169013977,PLC -> IO,0.4324
1775737492.5139825,769.9242985248566,PLC -> IO,0.07952
1775737492.64081,770.0511260032654,PLC -> IO,0.43312
1775737492.7689972,770.1793131828308,PLC -> IO,1.57824
1775737492.896814,770.3071300983429,PLC -> IO,0.91616
1775737493.0246105,770.4349265098572,PLC -> IO,0.39496000000000003
1775737493.1527598,770.5630757808685,PLC -> IO,0.55912
1775737493.2805681,770.6908841133118,PLC -> IO,1.964
1775737493.4087684,770.819084405899,PLC -> IO,0.5604
1775737493.5380185,770.9483344554901,PLC -> IO,2.58376
1775737493.6643364,771.0746524333954,PLC -> IO,0.94448
1775737493.7925348,771.202850818634,PLC -> IO,0.55808
1775737493.9208403,771.3311562538147,PLC -> IO,1.96072
1775737494.0480657,771.458381652832,PLC -> IO,0.03608
1775737494.1768582,771.5871741771698,PLC -> IO,1.95752
1775737494.304609,771.7149250507355,PLC -> IO,0.43464
1775737494.4328053,771.8431212902069,PLC -> IO,1.58376
1775737494.5640664,771.9743824005127,PLC -> IO,0.5656800000000001
1775737494.6888068,772.09912276268,PLC -> IO,0.574
1775737494.8171325,772.2274484634399,PLC -> IO,0.43968
1775737494.9443882,772.3547041416168,PLC -> IO,1.95632
1775737495.07258,772.4828960895538,PLC -> IO,0.5556
1775737495.2008977,772.611213684082,PLC -> IO,0.43696
1775737495.3290865,772.7394025325775,PLC -> IO,0.57
1775737495.4578426,772.8681585788727,PLC -> IO,0.07568
1775737495.5846636,772.9949796199799,PLC -> IO,0.43304
1775737495.7128496,773.1231656074524,PLC -> IO,1.58208
1775737495.8406744,773.2509903907776,PLC -> IO,1.9536000000000002
1775737495.967883,773.3781991004944,PLC -> IO,1.54688
1775737496.0971818,773.5074977874756,PLC -> IO,1.46288
1775737496.2244377,773.634753704071,PLC -> IO,0.93448
1775737496.3526258,773.7629418373108,PLC -> IO,1.5852799999999998
1775737496.479473,773.8897891044617,PLC -> IO,1.9072
1775737496.6091316,774.0194475650787,PLC -> IO,1.59344
1775737496.736388,774.1467039585114,PLC -> IO,0.5680000000000001
1775737496.8657165,774.2760324478149,PLC -> IO,0.44368
1775737496.992895,774.4032108783722,PLC -> IO,0.57544
1775737497.1207242,774.5310401916504,PLC -> IO,0.4256
1775737497.2484772,774.6587932109833,PLC -> IO,0.42648
1775737497.3776698,774.7879858016968,PLC -> IO,0.57984
1775737497.5054164,774.915732383728,PLC -> IO,0.56384
1775737497.6326787,775.0429947376251,PLC -> IO,1.58176
1775737497.7609885,775.1713044643402,PLC -> IO,1.4552
1775737497.887713,775.2980289459229,PLC -> IO,0.53576
1775737498.0174515,775.4277675151825,PLC -> IO,2.0612
1775737498.1447673,775.5550832748413,PLC -> IO,0.41848
1775737498.2724416,775.6827576160431,PLC -> IO,2.09648
1775737498.4011948,775.8115108013153,PLC -> IO,1.6068
1775737498.52895,775.9392659664154,PLC -> IO,1.5902399999999999
1775737498.6567914,776.0671074390411,PLC -> IO,0.90144
1775737498.7845373,776.1948533058167,PLC -> IO,0.42064
1775737498.912688,776.3230040073395,PLC -> IO,0.60224
1775737499.0405464,776.4508624076843,PLC -> IO,0.92504
1775737499.1682982,776.5786142349243,PLC -> IO,0.42368
1775737499.2974796,776.7077956199646,PLC -> IO,0.59448
1775737499.4252336,776.8355495929718,PLC -> IO,0.56512
1775737499.5524867,776.9628026485443,PLC -> IO,1.5961599999999998
1775737499.6808214,777.0911374092102,PLC -> IO,1.9388
1775737499.8080184,777.2183344364166,PLC -> IO,1.55952
1775737499.9368246,777.3471405506134,PLC -> IO,0.94208
1775737500.0650032,777.47531914711,PLC -> IO,0.58472
1775737500.1927512,777.6030671596527,PLC -> IO,0.59048
1775737500.3205888,777.7309048175812,PLC -> IO,0.9276
1775737500.448766,777.8590819835663,PLC -> IO,1.60536
1775737500.576427,777.9867429733276,PLC -> IO,0.6779200000000001
1775737500.70586,778.1161758899689,PLC -> IO,0.43712
1775737500.8325326,778.2428486347198,PLC -> IO,0.5836800000000001
1775737500.9608684,778.3711843490601,PLC -> IO,1.43112
1775737501.0881226,778.4984385967255,PLC -> IO,0.9165599999999999
1775737501.2162948,778.6266107559204,PLC -> IO,1.60176
1775737501.345044,778.7553598880768,PLC -> IO,0.5931200000000001
1775737501.472803,778.8831191062927,PLC -> IO,0.5883200000000001
1775737501.600646,779.0109620094299,PLC -> IO,1.92784
1775737501.7288113,779.1391272544861,PLC -> IO,0.59104
1775737501.8571482,779.2674641609192,PLC -> IO,1.44144
1775737501.985318,779.3956339359283,PLC -> IO,0.59176
1775737502.1125784,779.5228943824768,PLC -> IO,1.6032
1775737502.2413328,779.6516487598419,PLC -> IO,0.58088
1775737502.3690774,779.7793934345245,PLC -> IO,1.61904
1775737502.4969275,779.9072434902191,PLC -> IO,0.91288
1775737502.625686,780.0360019207001,PLC -> IO,0.42672
1775737502.7528405,780.1631565093994,PLC -> IO,0.5987199999999999
1775737502.8801267,780.2904427051544,PLC -> IO,0.56744
1775737503.0088563,780.4191722869873,PLC -> IO,0.5944
1775737503.137618,780.5479340553284,PLC -> IO,0.6056
1775737503.2653704,780.6756863594055,PLC -> IO,1.6072
1775737503.3926287,780.8029446601868,PLC -> IO,1.60544
1775737503.5219893,780.9323053359985,PLC -> IO,0.91976
1775737503.6476648,781.0579807758331,PLC -> IO,2.0676
1775737503.7769768,781.1872928142548,PLC -> IO,1.92112
1775737503.9051385,781.3154544830322,PLC -> IO,0.60624
1775737504.0328925,781.4432084560394,PLC -> IO,1.61696
1775737504.1597774,781.5700933933258,PLC -> IO,1.3657599999999999
1775737504.2889023,781.6992182731628,PLC -> IO,1.6092000000000002
1775737504.4167628,781.8270788192749,PLC -> IO,0.8870399999999999
1775737504.5455108,781.9558267593384,PLC -> IO,0.41128
1775737504.6726465,782.08296251297,PLC -> IO,0.60936
1775737504.8005178,782.2108337879181,PLC -> IO,1.9236
1775737504.9286737,782.3389897346497,PLC -> IO,0.59808
1775737505.0574322,782.4677481651306,PLC -> IO,0.6124
1775737505.1851861,782.5955021381378,PLC -> IO,0.58736
1775737505.3124392,782.7227551937103,PLC -> IO,0.5968800000000001
1775737505.4407685,782.8510844707489,PLC -> IO,1.9444
1775737505.567972,782.978287935257,PLC -> IO,1.5748
1775737505.6968012,783.1071171760559,PLC -> IO,1.91984
1775737505.8249555,783.2352714538574,PLC -> IO,0.60472
1775737505.9537117,783.3640277385712,PLC -> IO,0.6204000000000001
1775737506.0814693,783.491785287857,PLC -> IO,0.59152
1775737506.2087188,783.6190347671509,PLC -> IO,1.62328
1775737506.3370764,783.7473924160004,PLC -> IO,0.4008
1775737506.4658246,783.8761405944824,PLC -> IO,0.42504000000000003
1775737506.5924828,784.0027987957001,PLC -> IO,0.60264
1775737506.7208397,784.1311557292938,PLC -> IO,0.39232
1775737506.8489943,784.2593102455139,PLC -> IO,0.59848
1775737506.9777477,784.3880636692047,PLC -> IO,0.12128
1775737507.104994,784.515310049057,PLC -> IO,0.61456
1775737507.232756,784.6430718898773,PLC -> IO,1.62568
1775737507.3606164,784.7709324359894,PLC -> IO,1.9166400000000001
1775737507.4877567,784.898072719574,PLC -> IO,1.6172
1775737507.6171248,785.0274407863617,PLC -> IO,1.41744
1775737507.7438788,785.1541948318481,PLC -> IO,2.0024
1775737507.872532,785.2828478813171,PLC -> IO,1.6212
1775737508.00089,785.4112060070038,PLC -> IO,0.39544
1775737508.129037,785.5393528938293,PLC -> IO,1.63192
1775737508.2568989,785.6672148704529,PLC -> IO,0.89384
1775737508.3846574,785.7949733734131,PLC -> IO,1.408
1775737508.512793,785.9231090545654,PLC -> IO,0.61912
1775737508.6406682,786.0509841442108,PLC -> IO,0.89912
1775737508.7688088,786.1791248321533,PLC -> IO,0.61328
1775737508.8957195,786.3060355186462,PLC -> IO,1.8502399999999999
1775737509.0253224,786.4356384277344,PLC -> IO,0.60808
1775737509.1525838,786.5628998279572,PLC -> IO,1.61944
1775737509.2809324,786.6912484169006,PLC -> IO,1.4096
1775737509.4076173,786.8179333209991,PLC -> IO,2.08888
1775737509.5369415,786.9472575187683,PLC -> IO,1.9098400000000002
1775737509.6657162,787.0760321617126,PLC -> IO,0.88808
1775737509.7928452,787.203161239624,PLC -> IO,0.11392
1775737509.9217613,787.3320772647858,PLC -> IO,0.49272
1775737510.0488522,787.4591681957245,PLC -> IO,1.63784
1775737510.1767344,787.5870504379272,PLC -> IO,0.87104
1775737510.3048632,787.7151792049408,PLC -> IO,0.6115200000000001
1775737510.432602,787.8429179191589,PLC -> IO,0.63232
1775737510.5604892,787.9708051681519,PLC -> IO,0.8864
1775737510.6886287,788.0989446640015,PLC -> IO,0.6076
1775737510.8163836,788.226699590683,PLC -> IO,1.6324
1775737510.9451387,788.3554546833038,PLC -> IO,0.6095999999999999
1775737511.0720263,788.4823422431946,PLC -> IO,0.36544000000000004
1775737511.2007432,788.6110591888428,PLC -> IO,0.40472
1775737511.3279245,788.738240480423,PLC -> IO,1.59632
1775737511.4567733,788.8670892715454,PLC -> IO,1.90032
1775737511.5849082,788.995224237442,PLC -> IO,0.62344
1775737511.7126622,789.1229782104492,PLC -> IO,0.61776
1775737511.8414218,789.2517378330231,PLC -> IO,3.1248
1775737511.9686723,789.3789882659912,PLC -> IO,1.6412
1775737512.0970473,789.507363319397,PLC -> IO,0.3824
1775737512.2243037,789.6346197128296,PLC -> IO,1.8983999999999999
1775737512.3524368,789.7627527713776,PLC -> IO,0.61992
1775737512.4808114,789.8911273479462,PLC -> IO,0.38256
1775737512.6089444,790.0192604064941,PLC -> IO,0.626
1775737512.7377002,790.1480162143707,PLC -> IO,0.14024
1775737512.864578,790.2748939990997,PLC -> IO,1.8808799999999999
1775737512.9927084,790.4030244350433,PLC -> IO,0.62608
1775737513.1205812,790.5308971405029,PLC -> IO,1.9055199999999999
1775737513.2477407,790.6580567359924,PLC -> IO,1.6045600000000002
1775737513.3770971,790.7874131202698,PLC -> IO,1.3977600000000001
1775737513.505229,790.9155449867249,PLC -> IO,0.6168
1775737513.6324844,791.0428004264832,PLC -> IO,1.64008
1775737513.7608554,791.1711714267731,PLC -> IO,0.38264000000000004
1775737513.8889894,791.2993054389954,PLC -> IO,1.65096
1775737514.0168705,791.4271864891052,PLC -> IO,0.8749600000000001
1775737514.1456308,791.5559468269348,PLC -> IO,0.38632
1775737514.2727535,791.6830694675446,PLC -> IO,0.6304000000000001
1775737514.4006398,791.8109557628632,PLC -> IO,0.88072
1775737514.5287616,791.9390776157379,PLC -> IO,0.6330399999999999
1775737514.657529,792.0678451061249,PLC -> IO,0.6348
1775737514.7852752,792.195591211319,PLC -> IO,0.62688
1775737514.9201627,792.3304786682129,PLC -> IO,0.03952
1775737515.0409107,792.4512267112732,PLC -> IO,1.39072
1775737515.1675367,792.5778527259827,PLC -> IO,2.14104
1775737515.296913,792.7072288990021,PLC -> IO,1.3975199999999999
1775737515.4256878,792.836003780365,PLC -> IO,0.87168
1775737515.5528305,792.9631464481354,PLC -> IO,0.09408
1775737515.679721,793.0900371074677,PLC -> IO,1.84104
1775737515.8088,793.2191159725189,PLC -> IO,1.66152
1775737515.9367058,793.347021818161,PLC -> IO,0.85544
1775737516.0648167,793.4751327037811,PLC -> IO,0.63632
1775737516.1925507,793.6028666496277,PLC -> IO,0.65504
1775737516.3204608,793.7307767868042,PLC -> IO,0.86744
1775737516.44858,793.8588960170746,PLC -> IO,0.63456
1775737516.5773313,793.9876472949982,PLC -> IO,0.6561600000000001
1775737516.7050912,794.1154072284698,PLC -> IO,0.63072
1775737516.8345017,794.2448177337646,PLC -> IO,2.85264
1775737516.9594035,794.3697195053101,PLC -> IO,1.69008
1775737517.087877,794.498193025589,PLC -> IO,1.61528
1775737517.2167437,794.6270596981049,PLC -> IO,1.88344
1775737517.344854,794.7551701068878,PLC -> IO,0.6422399999999999
1775737517.472615,794.8829309940338,PLC -> IO,0.6427200000000001
1775737517.6005049,795.0108208656311,PLC -> IO,0.86328
1775737517.7286248,795.1389408111572,PLC -> IO,2.68032
1775737517.8570185,795.2673344612122,PLC -> IO,0.364
1775737517.985769,795.39608502388,PLC -> IO,2.88144
1775737518.1130283,795.5233442783356,PLC -> IO,0.8617600000000001
1775737518.2407827,795.6510987281799,PLC -> IO,0.36368
1775737518.368891,795.7792069911957,PLC -> IO,0.64408
1775737518.497653,795.9079689979553,PLC -> IO,0.15896000000000002
1775737518.6249058,796.0352218151093,PLC -> IO,0.64656
1775737518.7536552,796.1639711856842,PLC -> IO,0.6692
1775737518.8824394,796.2927553653717,PLC -> IO,0.62256
1775737519.0076933,796.4180092811584,PLC -> IO,1.62248
1775737519.1370687,796.5473847389221,PLC -> IO,1.37192
1775737519.2651815,796.6754975318909,PLC -> IO,0.64264
1775737519.3930776,796.8033936023712,PLC -> IO,0.8584
1775737519.5211847,796.9315006732941,PLC -> IO,0.66872
1775737519.648942,797.0592579841614,PLC -> IO,0.30168
1775737519.7768428,797.1871588230133,PLC -> IO,0.8500800000000001
1775737519.9056025,797.3159184455872,PLC -> IO,0.36712
1775737520.0333555,797.44367146492,PLC -> IO,0.35272
1775737520.1606083,797.570924282074,PLC -> IO,3.3588
1775737520.2887142,797.6990301609039,PLC -> IO,0.6521600000000001
1775737520.415652,797.8259680271149,PLC -> IO,1.8296000000000001
1775737520.544373,797.9546890258789,PLC -> IO,0.8546400000000001
1775737520.6721513,798.0824673175812,PLC -> IO,0.33832
1775737520.8008823,798.2111983299255,PLC -> IO,1.37176
1775737520.9275224,798.3378384113312,PLC -> IO,1.61528
1775737521.0568914,798.4672074317932,PLC -> IO,1.87024
1775737521.1856592,798.5959751605988,PLC -> IO,0.85288
1775737521.312901,798.723217010498,PLC -> IO,0.85208
1775737521.4415176,798.8518335819244,PLC -> IO,0.15232
1775737521.5687592,798.9790751934052,PLC -> IO,1.6736
1775737521.6966772,799.1069931983948,PLC -> IO,0.83944
1775737521.8244157,799.2347316741943,PLC -> IO,1.8756000000000002
1775737521.9531772,799.3634932041168,PLC -> IO,0.33631999999999995
1775737522.0804331,799.4907491207123,PLC -> IO,0.8477600000000001
1775737522.209035,799.6193509101868,PLC -> IO,0.1444
1775737522.3372908,799.747606754303,PLC -> IO,0.66824
1775737522.465045,799.8753609657288,PLC -> IO,0.6516799999999999
1775737522.5919473,800.0022633075714,PLC -> IO,1.84992
1775737522.7206945,800.1310105323792,PLC -> IO,1.3768
1775737522.8478289,800.2581448554993,PLC -> IO,1.63248
1775737522.9766917,800.3870077133179,PLC -> IO,1.88784
1775737523.1048133,800.515129327774,PLC -> IO,0.65864
1775737523.2332292,800.6435451507568,PLC -> IO,0.3404
1775737523.361326,800.7716419696808,PLC -> IO,0.6561600000000001
1775737523.4885774,800.8988933563232,PLC -> IO,1.6791200000000002
1775737523.6169899,801.0273058414459,PLC -> IO,0.34600000000000003
1775737523.7457473,801.1560633182526,PLC -> IO,0.36024
1775737523.8730006,801.2833166122437,PLC -> IO,0.84176
1775737524.000754,801.4110701084137,PLC -> IO,0.34392
1775737524.1288505,801.5391664505005,PLC -> IO,0.6628
1775737524.2576056,801.6679215431213,PLC -> IO,0.17696
1775737524.384861,801.7951769828796,PLC -> IO,1.68136
1775737524.5126126,801.922928571701,PLC -> IO,1.68328
1775737524.6405241,802.050840139389,PLC -> IO,4.371272
1775737524.767647,802.1779630184174,PLC -> IO,1.6404
1775737524.8970401,802.3073561191559,PLC -> IO,1.35992
1775737525.0242963,802.4346122741699,PLC -> IO,0.838
1775737525.153049,802.563364982605,PLC -> IO,0.83808
1775737525.2811413,802.6914572715759,PLC -> IO,0.6642399999999999
1775737525.4088945,802.8192105293274,PLC -> IO,1.68264
1775737525.536816,802.9471318721771,PLC -> IO,1.84808
1775737525.6655715,803.0758874416351,PLC -> IO,0.35159999999999997
1775737525.793327,803.2036430835724,PLC -> IO,0.33264
1775737525.920582,803.3308980464935,PLC -> IO,0.84344
1775737526.048667,803.4589829444885,PLC -> IO,0.6639200000000001
1775737526.1774352,803.5877511501312,PLC -> IO,0.6726399999999999
1775737526.3051772,803.7154932022095,PLC -> IO,0.6671999999999999
1775737526.4320898,803.842405796051,PLC -> IO,0.35159999999999997
1775737526.5603545,803.9706704616547,PLC -> IO,1.85232
1775737526.6889398,804.0992558002472,PLC -> IO,0.16856
1775737526.816856,804.2271718978882,PLC -> IO,1.8591199999999999
1775737526.944116,804.3544321060181,PLC -> IO,0.83256
1775737527.073705,804.48402094841,PLC -> IO,1.6752799999999999
1775737527.2014709,804.6117868423462,PLC -> IO,1.66176
1775737527.328713,804.7390289306641,PLC -> IO,1.69264
1775737527.4566488,804.8669648170471,PLC -> IO,0.81584
1775737527.586243,804.9965589046478,PLC -> IO,40.26888
1775737527.7131479,805.1234638690948,PLC -> IO,0.33864
1775737527.8404038,805.2507197856903,PLC -> IO,0.83072
1775737527.9689884,805.3793044090271,PLC -> IO,0.16928
1775737528.097739,805.508054971695,PLC -> IO,0.19256
1775737528.2249966,805.6353125572205,PLC -> IO,0.67552
1775737528.35375,805.7640659809113,PLC -> IO,0.19032000000000002
1775737528.4806628,805.8909788131714,PLC -> IO,0.34168000000000004
1775737528.6077814,806.0180974006653,PLC -> IO,1.65408
1775737528.7366664,806.1469824314117,PLC -> IO,1.86448
1775737528.8644364,806.2747523784637,PLC -> IO,0.32968000000000003
1775737528.9931998,806.4035158157349,PLC -> IO,0.32311999999999996
1775737529.1212795,806.5315954685211,PLC -> IO,0.6741600000000001
1775737529.2485223,806.6588382720947,PLC -> IO,1.70664
1775737529.3769624,806.7872784137726,PLC -> IO,0.32488
1775737529.505718,806.9160339832306,PLC -> IO,0.34208
1775737529.6329713,807.0432872772217,PLC -> IO,0.8248
1775737529.7610507,807.1713666915894,PLC -> IO,0.67704
1775737529.888802,807.2991180419922,PLC -> IO,0.68368
1775737530.0175583,807.4278743267059,PLC -> IO,0.19584
1775737530.144812,807.5551280975342,PLC -> IO,3.18504
1775737530.2735682,807.6838841438293,PLC -> IO,0.69264
1775737530.4020038,807.8123197555542,PLC -> IO,0.33968
1775737530.5275986,807.9379146099091,PLC -> IO,1.6611200000000002
1775737530.657004,808.0673201084137,PLC -> IO,1.34856
1775737530.7842665,808.1945824623108,PLC -> IO,1.82304
1775737530.9130206,808.3233366012573,PLC -> IO,0.8204
1775737531.041096,808.4514119625092,PLC -> IO,0.6811999999999999
1775737531.1688473,808.579163312912,PLC -> IO,1.7067199999999998
1775737531.296786,808.707102060318,PLC -> IO,0.8176
1775737531.4255464,808.8358623981476,PLC -> IO,0.32239999999999996
1775737531.5532985,808.9636144638062,PLC -> IO,0.31376
1775737531.6805534,809.0908694267273,PLC -> IO,0.8244
1775737531.8086193,809.218935251236,PLC -> IO,0.68888
1775737531.9373877,809.3477036952972,PLC -> IO,0.69184
1775737532.0651329,809.475448846817,PLC -> IO,0.68376
1775737532.1920943,809.6024103164673,PLC -> IO,0.29960000000000003
1775737532.3218195,809.7321355342865,PLC -> IO,0.33976
1775737532.449081,809.8593969345093,PLC -> IO,0.8299200000000001
1775737532.5768354,809.9871513843536,PLC -> IO,1.8324
1775737532.704904,810.1152200698853,PLC -> IO,0.69128
1775737532.8328443,810.2431602478027,PLC -> IO,0.81328
1775737532.9614234,810.3717393875122,PLC -> IO,0.1888
1775737533.0886652,810.4989812374115,PLC -> IO,1.7116799999999999
1775737533.2166204,810.6269364356995,PLC -> IO,0.8074399999999999
1775737533.3453674,810.7556834220886,PLC -> IO,0.82808
1775737533.4731193,810.8834352493286,PLC -> IO,0.30544
1775737533.601186,811.0115020275116,PLC -> IO,0.69056
1775737533.728941,811.1392569541931,PLC -> IO,0.18919999999999998
1775737533.8576934,811.2680094242096,PLC -> IO,0.20872
1775737533.984949,811.3952651023865,PLC -> IO,0.6963199999999999
1775737534.1127005,811.5230164527893,PLC -> IO,3.7163999999999997
1775737534.240965,811.6512808799744,PLC -> IO,0.67752
1775737534.3694072,811.7797231674194,PLC -> IO,0.32176
1775737534.4966426,811.9069585800171,PLC -> IO,1.84128
1775737534.6254168,812.0357327461243,PLC -> IO,1.80264
1775737534.7531722,812.163488149643,PLC -> IO,0.3024
1775737534.881232,812.2915480136871,PLC -> IO,0.212
1775737535.0084817,812.4187977313995,PLC -> IO,1.71784
1775737535.136933,812.5472490787506,PLC -> IO,0.3004
1775737535.2656896,812.6760056018829,PLC -> IO,0.32311999999999996
1775737535.3929436,812.8032596111298,PLC -> IO,0.8048000000000001
1775737535.525809,812.9361250400543,PLC -> IO,1.33008
1775737535.6487548,813.0590708255768,PLC -> IO,0.70144
1775737535.777504,813.1878199577332,PLC -> IO,0.2216
1775737535.9047637,813.3150796890259,PLC -> IO,0.70336
1775737536.0317423,813.4420583248138,PLC -> IO,0.7762399999999999
1775737536.1604671,813.5707831382751,PLC -> IO,1.8264
1775737536.2892303,813.6995463371277,PLC -> IO,0.8183199999999999
1775737536.4169822,813.8272981643677,PLC -> IO,1.32288
1775737536.545733,813.9560489654541,PLC -> IO,0.30936
1775737536.6729932,814.083309173584,PLC -> IO,0.8005599999999999
1775737536.8010485,814.2113645076752,PLC -> IO,0.6996800000000001
1775737536.9287999,814.339115858078,PLC -> IO,1.7256
1775737537.0567565,814.4670724868774,PLC -> IO,0.79928
1775737537.185518,814.5958340167999,PLC -> IO,0.31264
1775737537.313566,814.7238819599152,PLC -> IO,8.21936
1775737537.4413304,814.8516464233398,PLC -> IO,0.69336
1775737537.568572,814.9788880348206,PLC -> IO,0.70096
1775737537.6965349,815.106850862503,PLC -> IO,0.80608
1775737537.8250854,815.235401391983,PLC -> IO,0.20424
1775737537.952067,815.362382888794,PLC -> IO,4.28768
1775737538.0817988,815.4921147823334,PLC -> IO,0.31312
1775737538.2090514,815.6193673610687,PLC -> IO,0.812
1775737538.336806,815.7471220493317,PLC -> IO,1.81432
1775737538.464855,815.8751709461212,PLC -> IO,0.71912
1775737538.5928166,816.0031325817108,PLC -> IO,0.7934399999999999
1775737538.721376,816.1316919326782,PLC -> IO,0.22712000000000002
1775737538.848617,816.2589330673218,PLC -> IO,1.7305599999999999
1775737538.9765847,816.3869006633759,PLC -> IO,0.7988
1775737539.1053398,816.5156557559967,PLC -> IO,3.31056
1775737539.2330918,816.6434078216553,PLC -> IO,0.28887999999999997
1775737539.3611386,816.7714545726776,PLC -> IO,0.7036
1775737539.4888911,816.8992071151733,PLC -> IO,0.20952
1775737539.6176472,817.0279631614685,PLC -> IO,0.21975999999999998
1775737539.7449017,817.1552176475525,PLC -> IO,0.71928
1775737539.8718903,817.2822062969208,PLC -> IO,1.76744
1775737540.001619,817.4119350910187,PLC -> IO,0.8084
1775737540.1293786,817.5396945476532,PLC -> IO,0.29616000000000003
1775737540.2566173,817.666933298111,PLC -> IO,1.8194400000000002
1775737540.3851748,817.7954907417297,PLC -> IO,0.21448
1775737540.5131428,817.923458814621,PLC -> IO,0.27768
1775737540.6411848,818.0515007972717,PLC -> IO,1.7303119999999999
1775737540.7694554,818.1797714233398,PLC -> IO,0.7086399999999999
1775737540.8969054,818.3072214126587,PLC -> IO,0.28056000000000003
1775737541.025662,818.435977935791,PLC -> IO,0.3032
1775737541.1529124,818.5632283687592,PLC -> IO,0.78792
1775737541.28095,818.6912660598755,PLC -> IO,0.72072
1775737541.4087074,818.8190233707428,PLC -> IO,0.72056
1775737541.5374565,818.9477725028992,PLC -> IO,0.34904
1775737541.6647162,819.0750322341919,PLC -> IO,0.72128
1775737541.7924714,819.202787399292,PLC -> IO,1.7389599999999998
1775737541.921946,819.3322620391846,PLC -> IO,0.29863999999999996
1775737542.049203,819.4595189094543,PLC -> IO,0.79856
1775737542.1769547,819.5872707366943,PLC -> IO,1.80008
1775737542.3057103,819.7160263061523,PLC -> IO,0.27688
1775737542.4329631,819.8432791233063,PLC -> IO,0.7832
1775737542.561001,819.9713170528412,PLC -> IO,1.73752
1775737542.688745,820.0990610122681,PLC -> IO,0.22848000000000002
1775737542.8175085,820.2278244495392,PLC -> IO,1.7204
1775737542.9454885,820.3558044433594,PLC -> IO,0.2924
1775737543.0732415,820.4835574626923,PLC -> IO,0.27008000000000004
1775737543.2004921,820.610808134079,PLC -> IO,0.79088
1775737543.3285246,820.7388405799866,PLC -> IO,0.7277600000000001
1775737543.4565063,820.8668222427368,PLC -> IO,0.77912
1775737543.585038,820.995353937149,PLC -> IO,0.22327999999999998
1775737543.7120373,821.1223533153534,PLC -> IO,1.74728
1775737543.8417685,821.2520844936371,PLC -> IO,0.29608
1775737543.9690228,821.3793387413025,PLC -> IO,0.79304
1775737544.0967774,821.5070934295654,PLC -> IO,1.78992
1775737544.2248075,821.6351234912872,PLC -> IO,0.73592
1775737544.3527882,821.7631042003632,PLC -> IO,0.7744
1775737544.4813216,821.8916375637054,PLC -> IO,0.2344
1775737544.6085696,822.0188856124878,PLC -> IO,1.74936
1775737544.736563,822.1468789577484,PLC -> IO,0.7756
1775737544.8653104,822.2756264209747,PLC -> IO,0.7844
1775737544.9930582,822.4033741950989,PLC -> IO,0.27808
1775737545.1218197,822.5321357250214,PLC -> IO,0.772
1775737545.2488427,822.659158706665,PLC -> IO,0.22944
1775737545.3775997,822.7879157066345,PLC -> IO,0.24536000000000002
1775737545.5048542,822.9151701927185,PLC -> IO,1.75752
1775737545.6336076,823.0439236164093,PLC -> IO,0.24816
1775737545.7615936,823.171909570694,PLC -> IO,1.7989600000000001
1775737545.88764,823.2979559898376,PLC -> IO,1.70984
1775737546.016592,823.4269080162048,PLC -> IO,1.7979999999999998
1775737546.1451273,823.5554432868958,PLC -> IO,0.23343999999999998
1775737546.2731147,823.6834306716919,PLC -> IO,0.76872
1775737546.4011366,823.811452627182,PLC -> IO,0.73168
1775737546.5288913,823.939207315445,PLC -> IO,1.25104
1775737546.6568692,824.0671851634979,PLC -> IO,0.27624000000000004
1775737546.7856336,824.1959495544434,PLC -> IO,0.28415999999999997
1775737546.912886,824.3232018947601,PLC -> IO,0.76712
1775737547.0409093,824.4512252807617,PLC -> IO,0.7277600000000001
1775737547.1686609,824.5789768695831,PLC -> IO,0.73848
1775737547.297416,824.707731962204,PLC -> IO,0.2536
1775737547.424669,824.8349850177765,PLC -> IO,0.73424
1775737547.5539613,824.964277267456,PLC -> IO,0.22072
1775737547.6819108,825.0922267436981,PLC -> IO,0.29168
1775737547.8084319,825.2187478542328,PLC -> IO,0.74144
1775737547.9369264,825.3472423553467,PLC -> IO,1.78104
1775737548.0649445,825.4752604961395,PLC -> IO,0.73032
1775737548.1929352,825.6032512187958,PLC -> IO,0.76384
1775737548.3209546,825.7312705516815,PLC -> IO,0.7369600000000001
1775737548.448705,825.85902094841,PLC -> IO,0.24104
1775737548.5767004,825.9870164394379,PLC -> IO,0.76064
1775737548.7054574,826.1157734394073,PLC -> IO,0.27504
1775737548.8327093,826.243025302887,PLC -> IO,0.76168
1775737548.9612355,826.3715515136719,PLC -> IO,0.23416
1775737549.0892239,826.4995398521423,PLC -> IO,1.7608000000000001
1775737549.2164752,826.6267912387848,PLC -> IO,0.76944
1775737549.3449905,826.7553064823151,PLC -> IO,0.242
1775737549.4737434,826.8840594291687,PLC -> IO,0.25256
1775737549.6017418,827.0120577812195,PLC -> IO,0.2752
1775737549.7297685,827.1400845050812,PLC -> IO,25.7852
1775737549.8567488,827.2670648097992,PLC -> IO,1.77568
1775737549.984755,827.3950710296631,PLC -> IO,0.7620800000000001
1775737550.1127586,827.5230746269226,PLC -> IO,0.75744
1775737550.2412813,827.6515972614288,PLC -> IO,0.24647999999999998
1775737550.3685155,827.7788314819336,PLC -> IO,1.77512
1775737550.4965346,827.9068505764008,PLC -> IO,0.7566400000000001
1775737550.625282,828.0355980396271,PLC -> IO,0.7721600000000001
1775737550.7530348,828.1633508205414,PLC -> IO,0.74664
1775737550.8800683,828.2903842926025,PLC -> IO,1.71776
1775737551.0087953,828.419111251831,PLC -> IO,0.25096
1775737551.1375453,828.5478613376617,PLC -> IO,0.27127999999999997
1775737551.264808,828.6751239299774,PLC -> IO,0.75192
1775737551.3925583,828.8028743267059,PLC -> IO,1.26904
1775737551.5255582,828.9358742237091,PLC -> IO,15.82248
1775737551.6493216,829.0596375465393,PLC -> IO,0.26432
1775737551.7765636,829.1868796348572,PLC -> IO,1.77216
1775737551.9053254,829.3156414031982,PLC -> IO,0.75648
1775737552.0330868,829.4434027671814,PLC -> IO,0.7492
1775737552.161084,829.5713999271393,PLC -> IO,0.75576
1775737552.289846,829.7001619338989,PLC -> IO,0.268
1775737552.4168477,829.8271636962891,PLC -> IO,0.74976
1775737552.545605,829.9559209346771,PLC -> IO,0.25864
1775737552.6728582,830.0831742286682,PLC -> IO,0.74728
1775737552.7998855,830.2102015018463,PLC -> IO,1.72832
1775737552.9286113,830.3389272689819,PLC -> IO,0.75944
1775737553.057368,830.4676840305328,PLC -> IO,0.27312000000000003
1775737553.1846216,830.5949375629425,PLC -> IO,0.76008
1775737553.3133707,830.7236866950989,PLC -> IO,0.75944
1775737553.441889,830.8522050380707,PLC -> IO,0.266
1775737553.5683787,830.9786946773529,PLC -> IO,27.34304
1775737553.6968977,831.1072137355804,PLC -> IO,0.24528
1775737553.8256543,831.2359702587128,PLC -> IO,0.2448
1775737553.9529,831.3632159233093,PLC -> IO,0.74328
1775737554.080907,831.4912230968475,PLC -> IO,0.7724799999999999
1775737554.2096596,831.619975566864,PLC -> IO,0.7804
1775737554.3366652,831.7469811439514,PLC -> IO,0.74328
1775737554.4654315,831.8757474422455,PLC -> IO,0.7664
1775737554.5934236,832.0037395954132,PLC -> IO,33.358
1775737554.721432,832.1317479610443,PLC -> IO,2.24376
1775737554.8484297,832.2587456703186,PLC -> IO,0.76576
1775737554.9764476,832.3867635726929,PLC -> IO,0.74976
1775737555.1049423,832.5152583122253,PLC -> IO,0.25472
1775737555.2319806,832.6422965526581,PLC -> IO,1.71624
1775737555.3617125,832.7720284461975,PLC -> IO,0.25727999999999995
1775737555.48896,832.8992760181427,PLC -> IO,0.7612
1775737555.6167204,833.0270364284515,PLC -> IO,1.75688
1775737555.7447126,833.1550285816193,PLC -> IO,0.76872
1775737555.8724668,833.282782793045,PLC -> IO,0.2636
1775737555.9995222,833.4098381996155,PLC -> IO,1.71144
1775737556.128475,833.5387909412384,PLC -> IO,1.78816
1775737556.2565062,833.6668221950531,PLC -> IO,0.73664
1775737556.3852534,833.7955694198608,PLC -> IO,0.7532800000000001
1775737556.5130055,833.9233214855194,PLC -> IO,0.7294400000000001
1775737556.6409965,834.0513124465942,PLC -> IO,0.7664
1775737556.7690153,834.1793313026428,PLC -> IO,0.73464
1775737556.897497,834.3078129291534,PLC -> IO,0.29112000000000005
1775737557.0247593,834.4350752830505,PLC -> IO,0.77864
1775737557.153513,834.5638289451599,PLC -> IO,0.28600000000000003
1775737557.28228,834.6925959587097,PLC -> IO,0.76
1775737557.409293,834.8196089267731,PLC -> IO,0.24528
1775737557.5371456,834.947461605072,PLC -> IO,1.62912
1775737557.665303,835.0756189823151,PLC -> IO,0.7316
1775737557.7930582,835.2033741474152,PLC -> IO,0.7312799999999999
1775737557.9193351,835.3296511173248,PLC -> IO,1.70064
1775737558.0497975,835.4601135253906,PLC -> IO,0.28800000000000003
1775737558.1768122,835.587128162384,PLC -> IO,0.7367199999999999
1775737558.3055766,835.7158925533295,PLC -> IO,0.24136000000000002
1775737558.4328299,835.8431458473206,PLC -> IO,0.72912
1775737558.561312,835.9716279506683,PLC -> IO,0.26648
1775737558.688558,836.098874092102,PLC -> IO,0.7842399999999999
1775737558.817321,836.227637052536,PLC -> IO,0.29064
1775737558.944575,836.3548910617828,PLC -> IO,0.77808
1775737559.0733242,836.4836401939392,PLC -> IO,0.80176
1775737559.2010868,836.6114027500153,PLC -> IO,0.27544
1775737559.3283372,836.7386531829834,PLC -> IO,0.7793599999999999
1775737559.4568694,836.8671853542328,PLC -> IO,0.21968000000000001
1775737559.585626,836.9959418773651,PLC -> IO,0.22656
1775737559.7128782,837.1231942176819,PLC -> IO,0.71912
1775737559.8391585,837.2494745254517,PLC -> IO,1.7001600000000001
1775737559.9696121,837.37992811203,PLC -> IO,0.7911199999999999
1775737560.0966434,837.506959438324,PLC -> IO,0.72368
1775737560.2254024,837.6357183456421,PLC -> IO,0.7488800000000001
1775737560.3526456,837.7629616260529,PLC -> IO,0.7295999999999999
1775737560.4811332,837.891449213028,PLC -> IO,0.27968
1775737560.6083822,838.0186982154846,PLC -> IO,1.78544
1775737560.735446,838.1457619667053,PLC -> IO,1.70488
1775737560.8648956,838.2752115726471,PLC -> IO,0.28016
1775737560.9936483,838.4039642810822,PLC -> IO,0.29775999999999997
1775737561.121684,838.5320000648499,PLC -> IO,0.23824
1775737561.2489383,838.6592543125153,PLC -> IO,0.7363200000000001
1775737561.3766925,838.787008523941,PLC -> IO,1.7381600000000001
1775737561.5046644,838.9149804115295,PLC -> IO,0.79544
1775737561.6327019,839.0430178642273,PLC -> IO,0.71864
1775737561.7594922,839.1698081493378,PLC -> IO,1.69408
1775737561.889934,839.3002500534058,PLC -> IO,0.29376
1775737562.0164776,839.4267935752869,PLC -> IO,0.71864
1775737562.145225,839.5555410385132,PLC -> IO,0.7332000000000001
1775737562.2729702,839.683286190033,PLC -> IO,0.7232799999999999
1775737562.4009466,839.8112626075745,PLC -> IO,0.78776
1775737562.528988,839.9393038749695,PLC -> IO,0.7180799999999999
1775737562.6552358,840.0655517578125,PLC -> IO,2.2232
1775737562.784712,840.1950280666351,PLC -> IO,3.2906400000000002
1775737562.9117756,840.3220915794373,PLC -> IO,1.69008
1775737563.041518,840.4518339633942,PLC -> IO,0.7206400000000001
1775737563.1692646,840.5795805454254,PLC -> IO,0.22719999999999999
1775737563.296516,840.7068319320679,PLC -> IO,1.7309599999999998
1775737563.4252744,840.8355903625488,PLC -> IO,0.7128
1775737563.5537739,840.9640898704529,PLC -> IO,9.30128
1775737563.6793075,841.0896234512329,PLC -> IO,1.68768
1775737563.80975,841.2200660705566,PLC -> IO,0.30696
1775737563.9367838,841.3470997810364,PLC -> IO,0.7177600000000001
1775737564.065547,841.4758629798889,PLC -> IO,0.22848000000000002
1775737564.1928015,841.6031174659729,PLC -> IO,0.71024
1775737564.3212657,841.7315816879272,PLC -> IO,0.29463999999999996
1775737564.4485176,841.8588335514069,PLC -> IO,0.7962400000000001
1775737564.5772736,841.987589597702,PLC -> IO,1.81504
1775737564.7050304,842.1153464317322,PLC -> IO,0.28815999999999997
1775737564.8316,842.2419159412384,PLC -> IO,2.1872
1775737564.9603317,842.3706476688385,PLC -> IO,1.70296
1775737565.0882924,842.4986083507538,PLC -> IO,0.7957599999999999
1775737565.21684,842.6271560192108,PLC -> IO,0.20584
1775737565.3455973,842.7559132575989,PLC -> IO,0.20112
1775737565.472844,842.8831598758698,PLC -> IO,0.7128
1775737565.6008046,843.011120557785,PLC -> IO,0.8182400000000001
1775737565.7288527,843.1391687393188,PLC -> IO,0.712
1775737565.856614,843.266930103302,PLC -> IO,0.70472
1775737565.984566,843.3948819637299,PLC -> IO,0.8076
1775737566.112617,843.5229330062866,PLC -> IO,0.71168
1775737566.2413845,843.6517004966736,PLC -> IO,0.70336
1775737566.3683298,843.7786457538605,PLC -> IO,0.8076
1775737566.4971032,843.9074192047119,PLC -> IO,1.80216
1775737566.6248484,844.0351643562317,PLC -> IO,1.31824
1775737566.753594,844.1639099121094,PLC -> IO,0.32344
1775737566.881655,844.2919709682465,PLC -> IO,0.21984
1775737567.008909,844.4192249774933,PLC -> IO,1.7191999999999998
1775737567.1376665,844.5479824542999,PLC -> IO,0.70992
1775737567.264618,844.6749339103699,PLC -> IO,0.81352
1775737567.3926735,844.8029894828796,PLC -> IO,0.6996800000000001
1775737567.5252542,844.9355702400208,PLC -> IO,1.2135200000000002
1775737567.6498866,845.0602025985718,PLC -> IO,0.31944
1775737567.7764432,845.1867592334747,PLC -> IO,0.7055199999999999
1775737567.9051967,845.3155126571655,PLC -> IO,0.71432
1775737568.0329485,845.4432644844055,PLC -> IO,0.6976
1775737568.1608949,845.571210861206,PLC -> IO,0.8032
1775737568.288654,845.698970079422,PLC -> IO,0.30528
1775737568.41741,845.8277258872986,PLC -> IO,1.3232000000000002
1775737568.544657,845.9549729824066,PLC -> IO,0.81896
1775737568.6734183,846.0837342739105,PLC -> IO,0.32288
1775737568.8004901,846.2108061313629,PLC -> IO,1.67672
1775737568.9292302,846.3395462036133,PLC -> IO,0.20736
1775737569.0564907,846.4668066501617,PLC -> IO,1.7088800000000002
1775737569.1849377,846.5952537059784,PLC -> IO,0.30824
1775737569.3129978,846.7233138084412,PLC -> IO,0.68912
1775737569.4409478,846.8512637615204,PLC -> IO,1.82592
1775737569.569697,846.9800128936768,PLC -> IO,0.33192
1775737569.696762,847.1070780754089,PLC -> IO,0.69192
1775737569.8255186,847.2358345985413,PLC -> IO,0.2096
1775737569.9527662,847.3630821704865,PLC -> IO,0.69712
1775737570.0812182,847.4915342330933,PLC -> IO,0.31128
1775737570.2084703,847.6187863349915,PLC -> IO,0.8151200000000001
1775737570.3372264,847.7475423812866,PLC -> IO,1.32528
1775737570.464983,847.8752989768982,PLC -> IO,0.312
1775737570.5937397,848.0040557384491,PLC -> IO,0.32896
1775737570.7203033,848.1306192874908,PLC -> IO,1.7080000000000002
1775737570.8482423,848.2585582733154,PLC -> IO,0.84368
1775737570.9768116,848.3871276378632,PLC -> IO,0.18928
1775737571.104755,848.5150709152222,PLC -> IO,0.3156
1775737571.2328224,848.6431384086609,PLC -> IO,0.68696
1775737571.3591018,848.7694177627563,PLC -> IO,1.66224
1775737571.4885154,848.8988313674927,PLC -> IO,0.31592000000000003
1775737571.6165857,849.0269017219543,PLC -> IO,0.68576
1775737571.7445254,849.1548414230347,PLC -> IO,0.82032
1775737571.8725965,849.2829124927521,PLC -> IO,0.6848
1775737572.0010383,849.41135430336,PLC -> IO,0.31760000000000005
1775737572.1282876,849.5386035442352,PLC -> IO,0.82144
1775737572.2570474,849.6673634052277,PLC -> IO,1.83472
1775737572.384801,849.7951169013977,PLC -> IO,0.3136
1775737572.511895,849.922210931778,PLC -> IO,1.65952
1775737572.6416273,850.0519433021545,PLC -> IO,0.2004
1775737572.768874,850.1791899204254,PLC -> IO,0.70504
1775737572.8976378,850.3079538345337,PLC -> IO,0.6965600000000001
1775737573.0245695,850.4348855018616,PLC -> IO,0.83424
1775737573.152638,850.5629539489746,PLC -> IO,0.68768
1775737573.2804372,850.6907532215118,PLC -> IO,0.65512
1775737573.4098382,850.8201541900635,PLC -> IO,0.33856
1775737573.5382264,850.9485423564911,PLC -> IO,48.378
1775737573.665168,851.0754840373993,PLC -> IO,0.69544
1775737573.79292,851.2032361030579,PLC -> IO,0.67952
1775737573.9208553,851.3311712741852,PLC -> IO,0.8212
1775737574.0486057,851.4589216709137,PLC -> IO,2.8420799999999997
1775737574.1752086,851.585524559021,PLC -> IO,2.1530400000000003
1775737574.3046148,851.7149307727814,PLC -> IO,0.83544
1775737574.4333718,851.8436877727509,PLC -> IO,0.34343999999999997
1775737574.56146,851.971776008606,PLC -> IO,0.6613600000000001
1775737574.6883776,852.0986936092377,PLC -> IO,0.83
1775737574.8179545,852.2282705307007,PLC -> IO,0.1976
1775737574.9448903,852.3552062511444,PLC -> IO,0.32728
1775737575.0729694,852.4832854270935,PLC -> IO,0.6779200000000001
1775737575.2008924,852.6112084388733,PLC -> IO,0.83424
1775737575.3296554,852.7399713993073,PLC -> IO,0.34576
1775737575.4567337,852.8670496940613,PLC -> IO,0.67312
1775737575.5854902,852.9958062171936,PLC -> IO,0.19096
1775737575.7127438,853.1230597496033,PLC -> IO,0.67312
1775737575.840665,853.250981092453,PLC -> IO,0.83448
1775737575.9684253,853.3787412643433,PLC -> IO,0.83168
1775737576.0955322,853.5058481693268,PLC -> IO,1.6476
1775737576.224426,853.6347420215607,PLC -> IO,0.83576
1775737576.3536913,853.7640073299408,PLC -> IO,0.34912000000000004
1775737576.4817762,853.8920922279358,PLC -> IO,0.1868
1775737576.609712,854.0200278759003,PLC -> IO,13.34136
1775737576.7369545,854.1472704410553,PLC -> IO,0.83064
1775737576.8647084,854.2750244140625,PLC -> IO,0.83112
1775737576.992787,854.4031028747559,PLC -> IO,0.66712
1775737577.1207166,854.5310325622559,PLC -> IO,0.83632
1775737577.2488053,854.6591212749481,PLC -> IO,0.66552
1775737577.3765574,854.7868733406067,PLC -> IO,0.66032
1775737577.504477,854.9147930145264,PLC -> IO,0.8401599999999999
1775737577.632566,855.0428819656372,PLC -> IO,0.6602399999999999
1775737577.761326,855.1716420650482,PLC -> IO,0.66696
1775737577.888241,855.2985570430756,PLC -> IO,0.8395199999999999
1775737578.0169942,855.4273102283478,PLC -> IO,1.85856
1775737578.1447525,855.5550684928894,PLC -> IO,0.33871999999999997
1775737578.2718675,855.6821835041046,PLC -> IO,1.63816
1775737578.4015987,855.8119146823883,PLC -> IO,0.17464
1775737578.5288522,855.939168214798,PLC -> IO,0.6802400000000001
1775737578.6576095,856.067925453186,PLC -> IO,0.678
1775737578.784517,856.1948330402374,PLC -> IO,0.8508800000000001
1775737578.9126165,856.3229324817657,PLC -> IO,0.66192
1775737579.0410447,856.4513607025146,PLC -> IO,0.3396
1775737579.1697848,856.580100774765,PLC -> IO,0.36352
1775737579.2963936,856.7067096233368,PLC -> IO,0.6594399999999999
1775737579.4251337,856.8354496955872,PLC -> IO,0.68248
1775737579.5529544,856.9632704257965,PLC -> IO,0.6596
1775737579.6808078,857.0911238193512,PLC -> IO,0.83336
1775737579.8085515,857.2188675403595,PLC -> IO,0.35008
1775737579.9351828,857.3454988002777,PLC -> IO,2.13152
1775737580.0645673,857.4748833179474,PLC -> IO,0.85696
1775737580.1916902,857.6020061969757,PLC -> IO,1.6364800000000002
1775737580.3214517,857.731767654419,PLC -> IO,0.6261599999999999
1775737580.4492242,857.8595402240753,PLC -> IO,0.12704000000000001
1775737580.5764403,857.9867563247681,PLC -> IO,1.666
1775737580.7048428,858.1151587963104,PLC -> IO,0.34632
1775737580.8329341,858.243250131607,PLC -> IO,0.6656799999999999
1775737580.960852,858.3711678981781,PLC -> IO,0.8454400000000001
1775737581.089608,858.4999239444733,PLC -> IO,0.36472000000000004
1775737581.2166986,858.6270146369934,PLC -> IO,0.6608
1775737581.3454642,858.7557802200317,PLC -> IO,0.17008
1775737581.4727151,858.883031129837,PLC -> IO,0.65424
1775737581.600624,859.0109400749207,PLC -> IO,25.93128
1775737581.7283754,859.1386914253235,PLC -> IO,0.85304
1775737581.857131,859.2674469947815,PLC -> IO,1.8656
1775737581.984889,859.3952050209045,PLC -> IO,0.34944000000000003
1775737582.1124895,859.5228054523468,PLC -> IO,1.1556
1775737582.2417476,859.6520636081696,PLC -> IO,0.16792
1775737582.3690028,859.7793188095093,PLC -> IO,0.66672
1775737582.4977567,859.9080727100372,PLC -> IO,0.6671999999999999
1775737582.6246612,860.0349771976471,PLC -> IO,0.35144000000000003
1775737582.7527654,860.163081407547,PLC -> IO,0.64808
1775737582.8811677,860.2914836406708,PLC -> IO,0.35424
1775737583.0087745,860.4190905094147,PLC -> IO,0.64808
1775737583.1365287,860.5468447208405,PLC -> IO,0.64864
1775737583.2644305,860.6747465133667,PLC -> IO,0.8503999999999999
1775737583.3931859,860.8035018444061,PLC -> IO,22.426080000000002
1775737583.525423,860.9357390403748,PLC -> IO,59.70008
1775737583.6490521,861.0593681335449,PLC -> IO,0.64656
1775737583.7769535,861.187269449234,PLC -> IO,1.8708799999999999
1775737583.9047053,861.315021276474,PLC -> IO,0.35072
1775737584.0318391,861.442155122757,PLC -> IO,1.6196
1775737584.1607294,861.5710453987122,PLC -> IO,0.8408
1775737584.2888186,861.6991345882416,PLC -> IO,0.66648
1775737584.4175801,861.8278961181641,PLC -> IO,0.66088
1775737584.544468,861.9547839164734,PLC -> IO,0.87144
1775737584.6725821,862.0828981399536,PLC -> IO,0.64872
1775737584.8009965,862.2113125324249,PLC -> IO,0.35952
1775737584.9291012,862.339417219162,PLC -> IO,0.642
1775737585.057006,862.4673218727112,PLC -> IO,1.84552
1775737585.1851122,862.5954282283783,PLC -> IO,0.65656
1775737585.3135037,862.723819732666,PLC -> IO,32.948
1775737585.4407604,862.8510763645172,PLC -> IO,0.8523200000000001
1775737585.5688732,862.979189157486,PLC -> IO,0.64072
1775737585.6972668,863.1075828075409,PLC -> IO,1.37408
1775737585.8253958,863.235711812973,PLC -> IO,0.6256
1775737585.953276,863.3635919094086,PLC -> IO,0.38088
1775737586.0814016,863.4917175769806,PLC -> IO,0.6341600000000001
1775737586.2091503,863.619466304779,PLC -> IO,0.1512
1775737586.3379047,863.7482206821442,PLC -> IO,0.15312
1775737586.4647956,863.875111579895,PLC -> IO,0.36519999999999997
1775737586.5929134,864.0032293796539,PLC -> IO,0.6389600000000001
1775737586.7208056,864.131121635437,PLC -> IO,3.37184
1775737586.8495605,864.2598764896393,PLC -> IO,0.38024
1775737586.9761758,864.3864917755127,PLC -> IO,1.13608
1775737587.1054356,864.5157516002655,PLC -> IO,1.65088
1775737587.2326877,864.6430037021637,PLC -> IO,0.6344000000000001
1775737587.361075,864.771390914917,PLC -> IO,0.36816000000000004
1775737587.4883282,864.8986442089081,PLC -> IO,0.87208
1775737587.617084,865.0274000167847,PLC -> IO,1.89088
1775737587.7458367,865.1561527252197,PLC -> IO,0.38592
1775737587.8714862,865.2818021774292,PLC -> IO,2.11144
1775737588.0017183,865.4120342731476,PLC -> IO,0.14992
1775737588.1289692,865.5392851829529,PLC -> IO,3.1484799999999997
1775737588.257729,865.6680450439453,PLC -> IO,0.6464799999999999
1775737588.3846135,865.7949295043945,PLC -> IO,0.37152
1775737588.5127292,865.9230451583862,PLC -> IO,0.638
1775737588.640622,866.0509378910065,PLC -> IO,0.87064
1775737588.7687461,866.179062128067,PLC -> IO,1.1340000000000001
1775737588.8965013,866.3068172931671,PLC -> IO,0.62272
1775737589.0252602,866.4355762004852,PLC -> IO,1.6473600000000002
1775737589.1525102,866.5628261566162,PLC -> IO,0.62792
1775737589.2808971,866.6912131309509,PLC -> IO,0.37223999999999996
1775737589.4081452,866.8184611797333,PLC -> IO,0.87936
1775737589.5369053,866.9472212791443,PLC -> IO,1.9925599999999999
1775737589.6650333,867.0753493309021,PLC -> IO,0.6264000000000001
1775737589.7918098,867.202125787735,PLC -> IO,1.6024800000000001
1775737589.920667,867.3309829235077,PLC -> IO,1.37352
1775737590.0487962,867.4591121673584,PLC -> IO,0.64056
1775737590.1775525,867.5878684520721,PLC -> IO,0.64016
1775737590.3044205,867.7147364616394,PLC -> IO,0.88904
1775737590.4325597,867.8428757190704,PLC -> IO,0.62464
1775737590.5609488,867.9712648391724,PLC -> IO,0.37872
1775737590.6890705,868.0993864536285,PLC -> IO,0.62296
1775737590.8163328,868.2266488075256,PLC -> IO,0.62272
1775737590.945083,868.3553988933563,PLC -> IO,1.6412799999999999
1775737591.0728347,868.4831507205963,PLC -> IO,0.6158399999999999
1775737591.2007122,868.6110281944275,PLC -> IO,0.87952
1775737591.3284636,868.7387795448303,PLC -> IO,0.38216
1775737591.4572127,868.8675286769867,PLC -> IO,1.40688
1775737591.585978,868.9962940216064,PLC -> IO,0.38456
1775737591.7116334,869.1219494342804,PLC -> IO,1.59608
1775737591.8413782,869.2516942024231,PLC -> IO,0.61296
1775737591.9691172,869.3794331550598,PLC -> IO,0.13672
1775737592.096385,869.5067009925842,PLC -> IO,0.56696
1775737592.2247488,869.6350648403168,PLC -> IO,0.38343999999999995
1775737592.352382,869.7626979351044,PLC -> IO,1.1222400000000001
1775737592.4807572,869.8910732269287,PLC -> IO,0.88432
1775737592.6085112,870.0188271999359,PLC -> IO,1.4012
1775737592.7372656,870.147581577301,PLC -> IO,0.38496
1775737592.865382,870.2756979465485,PLC -> IO,1.6527200000000002
1775737592.992659,870.4029750823975,PLC -> IO,0.61448
1775737593.1213994,870.5317153930664,PLC -> IO,0.63008
1775737593.2482748,870.6585907936096,PLC -> IO,0.89704
1775737593.3770375,870.787353515625,PLC -> IO,1.90888
1775737593.5051825,870.9154984951019,PLC -> IO,0.61288
1775737593.6324334,871.0427494049072,PLC -> IO,1.1158400000000002
1775737593.7611914,871.171507358551,PLC -> IO,0.62936
1775737593.8895757,871.2998917102814,PLC -> IO,25.9464
1775737594.0176947,871.4280107021332,PLC -> IO,0.6344799999999999
1775737594.1445653,871.5548813343048,PLC -> IO,0.39127999999999996
1775737594.2733188,871.6836347579956,PLC -> IO,0.39168
1775737594.4010737,871.8113896846771,PLC -> IO,1.40208
1775737594.5287175,871.9390335083008,PLC -> IO,1.116
1775737594.6570842,872.0674002170563,PLC -> IO,0.39048
1775737594.7852318,872.1955478191376,PLC -> IO,1.6283999999999998
1775737594.9197793,872.3300952911377,PLC -> IO,31.342080000000003
1775737595.0398815,872.4501974582672,PLC -> IO,1.35928
1775737595.1689951,872.579311132431,PLC -> IO,0.6092
1775737595.2968578,872.7071738243103,PLC -> IO,1.91056
1775737595.4250062,872.8353221416473,PLC -> IO,0.6063200000000001
1775737595.5533967,872.9637126922607,PLC -> IO,0.37872
1775737595.6806204,873.090936422348,PLC -> IO,0.8931199999999999
1775737595.8083642,873.2186801433563,PLC -> IO,26.962880000000002
1775737595.9381454,873.3484613895416,PLC -> IO,16.94176
1775737596.06438,873.4746959209442,PLC -> IO,0.90176
1775737596.193137,873.6034529209137,PLC -> IO,1.9124
1775737596.3209023,873.7312183380127,PLC -> IO,0.40768
1775737596.4496486,873.8599646091461,PLC -> IO,0.4144
1775737596.576904,873.9872200489044,PLC -> IO,0.8944
1775737596.7050545,874.1153705120087,PLC -> IO,0.61944
1775737596.83341,874.2437260150909,PLC -> IO,0.39928
1775737596.9606647,874.3709807395935,PLC -> IO,25.48336
1775737597.0888162,874.4991321563721,PLC -> IO,3.11824
1775737597.2171721,874.6274881362915,PLC -> IO,1.41896
1775737597.3453398,874.7556557655334,PLC -> IO,0.5909599999999999
1775737597.473182,874.8834979534149,PLC -> IO,0.41768000000000005
1775737597.6013489,875.0116648674011,PLC -> IO,0.5912
1775737597.7282145,875.1385304927826,PLC -> IO,0.87928
1775737597.8578486,875.2681646347046,PLC -> IO,0.09304
1775737597.984699,875.395015001297,PLC -> IO,0.40568
1775737598.113455,875.5237710475922,PLC -> IO,1.42088
1775737598.2407072,875.6510231494904,PLC -> IO,0.9047999999999999
1775737598.369459,875.7797749042511,PLC -> IO,0.42496
1775737598.496621,875.9069368839264,PLC -> IO,0.59976
1775737598.6253536,876.0356695652008,PLC -> IO,1.63912
1775737598.7532263,876.1635422706604,PLC -> IO,0.9716800000000001
1775737598.8813865,876.2917025089264,PLC -> IO,0.5955999999999999
1775737599.0091374,876.4194533824921,PLC -> IO,0.60144
1775737599.1369903,876.5473062992096,PLC -> IO,1.92872
1775737599.2651532,876.67546916008,PLC -> IO,0.59576
1775737599.3924038,876.8027198314667,PLC -> IO,1.0978400000000001
1775737599.5252874,876.9356033802032,PLC -> IO,26.54712
1775737599.6485362,877.0588521957397,PLC -> IO,0.38216
1775737599.776172,877.1864879131317,PLC -> IO,2.10976
1775737599.904518,877.3148338794708,PLC -> IO,0.40936
1775737600.0326593,877.4429752826691,PLC -> IO,0.612
1775737600.1610255,877.5713415145874,PLC -> IO,0.40976
1775737600.2886899,877.6990058422089,PLC -> IO,1.09504
1775737600.4164367,877.8267526626587,PLC -> IO,0.5987199999999999
1775737600.5452025,877.9555184841156,PLC -> IO,1.61032
1775737600.673547,878.0838630199432,PLC -> IO,0.41192
1775737600.8012064,878.2115223407745,PLC -> IO,0.598
1775737600.9289677,878.3392837047577,PLC -> IO,0.58416
1775737601.0568104,878.4671263694763,PLC -> IO,1.928
1775737601.1849768,878.5952928066254,PLC -> IO,0.58816
1775737601.3117528,878.7220687866211,PLC -> IO,1.55688
1775737601.440573,878.850888967514,PLC -> IO,0.91272
1775737601.5687408,878.9790568351746,PLC -> IO,2.1343199999999998
1775737601.6974947,879.1078107357025,PLC -> IO,0.6032000000000001
1775737601.8243325,879.2346484661102,PLC -> IO,0.92064
1775737601.9530818,879.3633978366852,PLC -> IO,1.9458399999999998
1775737602.0808551,879.4911711215973,PLC -> IO,0.40887999999999997
1775737602.2096012,879.6199171543121,PLC -> IO,0.44336000000000003
1775737602.3362784,879.7465944290161,PLC -> IO,0.58424
1775737602.4650192,879.8753352165222,PLC -> IO,0.59112
1775737602.5933626,880.003678560257,PLC -> IO,0.41816
1775737602.7206113,880.130927324295,PLC -> IO,0.92384
1775737602.8487804,880.2590963840485,PLC -> IO,0.5904
1775737602.9771247,880.3874406814575,PLC -> IO,1.43792
1775737603.1053112,880.5156271457672,PLC -> IO,0.5720000000000001
1775737603.231544,880.6418600082397,PLC -> IO,1.59056
1775737603.3613203,880.7716362476349,PLC -> IO,0.58232
1775737603.488134,880.8984498977661,PLC -> IO,0.9316
1775737603.6163282,881.0266442298889,PLC -> IO,1.57176
1775737603.7450762,881.1553921699524,PLC -> IO,0.5731999999999999
1775737603.8734102,881.2837262153625,PLC -> IO,1.4404000000000001
1775737604.0006623,881.4109783172607,PLC -> IO,0.9211199999999999
1775737604.1294184,881.5397343635559,PLC -> IO,0.4396
1775737604.2565923,881.6669082641602,PLC -> IO,0.57736
1775737604.3853316,881.7956476211548,PLC -> IO,1.61352
1775737604.513173,881.9234890937805,PLC -> IO,0.93384
1775737604.6419349,882.0522508621216,PLC -> IO,0.928392
1775737604.7686112,882.1789271831512,PLC -> IO,1.08016
1775737604.896935,882.3072509765625,PLC -> IO,2.95744
1775737605.0251236,882.4354395866394,PLC -> IO,0.5769599999999999
1775737605.1534228,882.563738822937,PLC -> IO,0.031760000000000004
1775737605.2811344,882.6914503574371,PLC -> IO,0.5923999999999999
1775737605.4084878,882.8188037872314,PLC -> IO,0.40192
1775737605.5357418,882.9460577964783,PLC -> IO,2.00944
1775737605.6644704,883.0747864246368,PLC -> IO,0.42823999999999995
1775737605.7926507,883.2029666900635,PLC -> IO,0.57432
1775737605.920979,883.3312950134277,PLC -> IO,0.42823999999999995
1775737606.0486615,883.4589774608612,PLC -> IO,1.06824
1775737606.176987,883.5873029232025,PLC -> IO,0.43088000000000004
1775737606.3051715,883.7154874801636,PLC -> IO,1.5939999999999999
1775737606.432997,883.8433129787445,PLC -> IO,0.93344
1775737606.562253,883.9725689888,PLC -> IO,1.4356799999999998
1775737606.6889384,884.0992543697357,PLC -> IO,0.5704
1775737606.81726,884.2275760173798,PLC -> IO,1.45056
1775737606.9449482,884.3552641868591,PLC -> IO,1.0688
1775737607.0716913,884.4820072650909,PLC -> IO,4.08776
1775737607.2005248,884.6108407974243,PLC -> IO,1.93456
1775737607.3283026,884.7386186122894,PLC -> IO,0.40832
1775737607.4574594,884.8677754402161,PLC -> IO,0.59112
1775737607.5852246,884.9955406188965,PLC -> IO,0.57664
1775737607.713042,885.1233580112457,PLC -> IO,1.95096
1775737607.8408067,885.251122713089,PLC -> IO,2.92976
1775737607.9695537,885.3798696994781,PLC -> IO,0.45224000000000003
1775737608.0968168,885.507132768631,PLC -> IO,0.92472
1775737608.2249975,885.6353135108948,PLC -> IO,2.08312
1775737608.3533144,885.7636303901672,PLC -> IO,0.43792000000000003
1775737608.4815066,885.8918225765228,PLC -> IO,0.5636
1775737608.6087592,886.0190751552582,PLC -> IO,0.5640000000000001
1775737608.7370782,886.1473941802979,PLC -> IO,1.4558399999999998
1775737608.8658447,886.2761607170105,PLC -> IO,0.45496000000000003
1775737608.9930863,886.4034023284912,PLC -> IO,0.45743999999999996
1775737609.1218581,886.5321741104126,PLC -> IO,1.92096
1775737609.248624,886.658940076828,PLC -> IO,0.4128
1775737609.377791,886.788106918335,PLC -> IO,0.06584000000000001
1775737609.504606,886.9149219989777,PLC -> IO,0.43496
1775737609.633362,887.0436780452728,PLC -> IO,1.45808
1775737609.7606149,887.1709308624268,PLC -> IO,0.9350400000000001
1775737609.8893719,887.2996878623962,PLC -> IO,0.45511999999999997
1775737610.0171235,887.4274394512177,PLC -> IO,0.44144
1775737610.1453094,887.5556254386902,PLC -> IO,1.5874400000000002
1775737610.2731314,887.6834473609924,PLC -> IO,9.46232
1775737610.4008796,887.8111956119537,PLC -> IO,0.45248
1775737610.5285828,887.9388988018036,PLC -> IO,1.0623200000000002
1775737610.6568947,888.0672106742859,PLC -> IO,0.44551999999999997
1775737610.7850971,888.1954131126404,PLC -> IO,0.55592
1775737610.9123397,888.3226556777954,PLC -> IO,1.06736
1775737611.041106,888.4514219760895,PLC -> IO,0.57264
1775737611.168409,888.5787250995636,PLC -> IO,0.45127999999999996
1775737611.2976084,888.7079243659973,PLC -> IO,0.5783999999999999
1775737611.424424,888.8347399234772,PLC -> IO,0.44736
1775737611.5531764,888.9634923934937,PLC -> IO,3.4485599999999996
1775737611.6809306,889.0912466049194,PLC -> IO,1.46648
1775737611.8096893,889.220005273819,PLC -> IO,0.46568
1775737611.9369407,889.3472566604614,PLC -> IO,0.44880000000000003
1775737612.0651455,889.4754614830017,PLC -> IO,1.5735199999999998
1775737612.1934454,889.603761434555,PLC -> IO,0.4564
1775737612.3211553,889.7314713001251,PLC -> IO,1.0504
1775737612.4489107,889.8592267036438,PLC -> IO,0.55144
1775737612.5772069,889.9875228404999,PLC -> IO,1.47624
1775737612.7049198,890.1152358055115,PLC -> IO,1.0489600000000001
1775737612.8332217,890.2435376644135,PLC -> IO,0.46824
1775737612.961428,890.3717439174652,PLC -> IO,0.55944
1775737613.088256,890.4985718727112,PLC -> IO,0.42632
1775737613.2174377,890.6277537345886,PLC -> IO,0.56632
1775737613.3447452,890.7550611495972,PLC -> IO,0.45104
1775737613.4729939,890.883309841156,PLC -> IO,1.97576
1775737613.6007605,891.0110764503479,PLC -> IO,0.44664
1775737613.7295074,891.1398234367371,PLC -> IO,0.47112
1775737613.8567684,891.2670843601227,PLC -> IO,0.94456
1775737613.9844952,891.3948111534119,PLC -> IO,0.46704
1775737614.113267,891.5235829353333,PLC -> IO,0.45592
1775737614.2405233,891.6508393287659,PLC -> IO,0.95488
1775737614.3687239,891.7790398597717,PLC -> IO,0.546
1775737614.49703,891.9073460102081,PLC -> IO,1.47568
1775737614.6252532,892.035569190979,PLC -> IO,0.5448000000000001
1775737614.753039,892.1633548736572,PLC -> IO,0.47544
1775737614.8812642,892.2915802001953,PLC -> IO,0.55072
1775737615.008576,892.4188919067383,PLC -> IO,0.43256
1775737615.1377554,892.5480713844299,PLC -> IO,0.56592
1775737615.2645586,892.6748745441437,PLC -> IO,0.45968000000000003
1775737615.3933153,892.8036313056946,PLC -> IO,1.47608
1775737615.5245688,892.9348847866058,PLC -> IO,1.61264
1775737615.6493235,893.0596394538879,PLC -> IO,0.47488
1775737615.7770777,893.1873936653137,PLC -> IO,0.45208
1775737615.9052842,893.3156001567841,PLC -> IO,1.56528
1775737616.0340507,893.4443666934967,PLC -> IO,1.55552
1775737616.1608381,893.5711541175842,PLC -> IO,0.434
1775737616.2885542,893.6988701820374,PLC -> IO,1.0425600000000002
1775737616.416847,893.8271629810333,PLC -> IO,0.46304
1775737616.5450685,893.9553844928741,PLC -> IO,0.53792
1775737616.6728494,894.0831654071808,PLC -> IO,0.5043200000000001
1775737616.8010776,894.2113935947418,PLC -> IO,2.05408
1775737616.9283931,894.338709115982,PLC -> IO,0.43879999999999997
1775737617.0575867,894.4679026603699,PLC -> IO,0.55176
1775737617.1848428,894.5951588153839,PLC -> IO,1.03424
1775737617.3131304,894.7234463691711,PLC -> IO,0.46544
1775737617.4408832,894.8511991500854,PLC -> IO,1.4852
1775737617.5686035,894.978919506073,PLC -> IO,1.03832
1775737617.6968863,895.1072022914886,PLC -> IO,0.47456000000000004
1775737617.8251112,895.2354271411896,PLC -> IO,1.5604799999999999
1775737617.9534047,895.3637206554413,PLC -> IO,0.46872
1775737618.081127,895.4914429187775,PLC -> IO,1.03152
1775737618.2088754,895.6191914081573,PLC -> IO,0.53856
1775737618.3371663,895.7474822998047,PLC -> IO,1.48832
1775737618.4648912,895.8752071857452,PLC -> IO,1.02424
1775737618.5916343,896.001950263977,PLC -> IO,1.54016
1775737618.7213993,896.131715297699,PLC -> IO,1.54936
1775737618.8482087,896.2585246562958,PLC -> IO,0.4452
1775737618.9774084,896.3877243995667,PLC -> IO,0.54832
1775737619.104703,896.5150189399719,PLC -> IO,0.46504
1775737619.23345,896.6437659263611,PLC -> IO,1.49112
1775737619.3627038,896.7730197906494,PLC -> IO,4.0200000000000005
1775737619.48946,896.8997759819031,PLC -> IO,0.49008000000000007
1775737619.6167219,897.027037858963,PLC -> IO,0.96256
1775737619.7449405,897.1552565097809,PLC -> IO,0.52752
1775737619.8732195,897.2835354804993,PLC -> IO,0.47488
1775737620.0014424,897.4117584228516,PLC -> IO,0.53408
1775737620.128703,897.5390191078186,PLC -> IO,0.5262399999999999
1775737620.2569826,897.6672985553741,PLC -> IO,1.49448
1775737620.385218,897.7955338954926,PLC -> IO,0.5325599999999999
1775737620.5129917,897.9233076572418,PLC -> IO,0.49335999999999997
1775737620.6412358,898.0515518188477,PLC -> IO,0.5394399999999999
1775737620.7685294,898.1788454055786,PLC -> IO,0.45048
1775737620.897734,898.3080499172211,PLC -> IO,0.03344
1775737621.0245042,898.4348201751709,PLC -> IO,0.48576
1775737621.1532645,898.5635805130005,PLC -> IO,1.49848
1775737621.2820215,898.69233751297,PLC -> IO,0.49584
1775737621.4086,898.8189160823822,PLC -> IO,0.67096
1775737621.5364993,898.9468152523041,PLC -> IO,1.65432
1775737621.6652577,899.075573682785,PLC -> IO,0.2408
1775737621.7930377,899.2033536434174,PLC -> IO,0.9848000000000001
1775737621.9212654,899.3315813541412,PLC -> IO,0.52824
1775737622.0485258,899.4588418006897,PLC -> IO,1.0168
1775737622.1767998,899.5871157646179,PLC -> IO,0.484
1775737622.3055582,899.7158741950989,PLC -> IO,1.97752
1775737622.432291,899.8426070213318,PLC -> IO,1.02232
1775737622.561049,899.9713649749756,PLC -> IO,2.03608
1775737622.6888015,900.0991175174713,PLC -> IO,0.5198400000000001
1775737622.8175573,900.2278733253479,PLC -> IO,0.52704
1775737622.9443293,900.3546452522278,PLC -> IO,0.48504
1775737623.073083,900.4833989143372,PLC -> IO,2.00728
1775737623.2006743,900.6109902858734,PLC -> IO,1.64944
1775737623.3295934,900.7399094104767,PLC -> IO,0.0009599999999999999
1775737623.4568448,900.8671607971191,PLC -> IO,0.48752
1775737623.5850868,900.9954028129578,PLC -> IO,1.53728
1775737623.7133584,901.1236743927002,PLC -> IO,0.48663999999999996
1775737623.841096,901.2514119148254,PLC -> IO,0.53456
1775737623.9688528,901.3791687488556,PLC -> IO,0.5136000000000001
1775737624.0971189,901.5074348449707,PLC -> IO,1.50712
1775737624.2253764,901.635692358017,PLC -> IO,1.9895199999999997
1775737624.3511074,901.7614233493805,PLC -> IO,2.0196799999999997
1775737624.481371,901.8916869163513,PLC -> IO,1.5304
1775737624.6081603,902.0184762477875,PLC -> IO,0.46512000000000003
1775737624.737375,902.1476910114288,PLC -> IO,0.53432
1775737624.8651395,902.2754554748535,PLC -> IO,0.51896
1775737624.992899,902.403214931488,PLC -> IO,2.01368
1775737625.1221519,902.532467842102,PLC -> IO,0.02336
1775737625.2494125,902.6597285270691,PLC -> IO,0.5088
1775737625.3766747,902.7869906425476,PLC -> IO,0.982
1775737625.5049052,902.9152212142944,PLC -> IO,0.51024
1775737625.633172,903.0434880256653,PLC -> IO,0.49383999999999995
1775737625.7614202,903.171736240387,PLC -> IO,0.5058400000000001
1775737625.8886738,903.2989897727966,PLC -> IO,0.50832
1775737626.016936,903.4272520542145,PLC -> IO,1.51504
1775737626.1451879,903.5555038452148,PLC -> IO,0.50832
1775737626.2714658,903.6817817687988,PLC -> IO,1.47824
1775737626.4012036,903.8115196228027,PLC -> IO,1.52232
1775737626.5284758,903.9387917518616,PLC -> IO,1.4712
1775737626.6577063,904.0680222511292,PLC -> IO,0.52032
1775737626.7849622,904.1952781677246,PLC -> IO,0.50088
1775737626.9132197,904.3235356807709,PLC -> IO,1.5072
1775737627.0409713,904.4512872695923,PLC -> IO,1.00304
1775737627.1692297,904.5795457363129,PLC -> IO,2.03736
1775737627.2969804,904.70729637146,PLC -> IO,0.5027200000000001
1775737627.4247363,904.8350522518158,PLC -> IO,2.01832
1775737627.5529892,904.9633052349091,PLC -> IO,0.50008
1775737627.6812303,905.0915462970734,PLC -> IO,0.5158400000000001
1775737627.8084981,905.2188141345978,PLC -> IO,1.00328
1775737627.9367504,905.3470664024353,PLC -> IO,0.50472
1775737628.0650108,905.4753267765045,PLC -> IO,0.50008
1775737628.1912858,905.6016018390656,PLC -> IO,2.0244
1775737628.3210206,905.7313365936279,PLC -> IO,2.0103999999999997
1775737628.4482982,905.8586142063141,PLC -> IO,0.47775999999999996
1775737628.577523,905.9878389835358,PLC -> IO,0.5232
1775737628.7047849,906.1151008605957,PLC -> IO,0.99904
1775737628.8330379,906.243353843689,PLC -> IO,2.02272
1775737628.9617903,906.3721063137054,PLC -> IO,0.5153599999999999
1775737629.08954,906.4998559951782,PLC -> IO,1.53144
1775737629.2167976,906.6271135807037,PLC -> IO,0.50544
1775737629.345058,906.755373954773,PLC -> IO,1.5188000000000001
1775737629.473311,906.8836269378662,PLC -> IO,0.5056
1775737629.6020637,907.0123796463013,PLC -> IO,24.09224
1775737629.7288244,907.1391403675079,PLC -> IO,0.49472000000000005
1775737629.8570704,907.2673864364624,PLC -> IO,1.52616
1775737629.9858274,907.3961434364319,PLC -> IO,0.01832
1775737630.1130805,907.5233964920044,PLC -> IO,0.524
1775737630.2413435,907.651659488678,PLC -> IO,1.51056
1775737630.368113,907.7784290313721,PLC -> IO,1.9830400000000001
1775737630.4973524,907.9076683521271,PLC -> IO,0.50952
1775737630.6251109,908.0354268550873,PLC -> IO,0.50024
1775737630.7533553,908.1636712551117,PLC -> IO,1.52304
1775737630.8811216,908.291437625885,PLC -> IO,0.9801600000000001
1775737631.0093644,908.4196803569794,PLC -> IO,1.52976
1775737631.1371167,908.5474326610565,PLC -> IO,0.51104
1775737631.2648835,908.675199508667,PLC -> IO,0.48384
1775737631.3936384,908.8039543628693,PLC -> IO,0.50416
1775737631.5259035,908.9362194538116,PLC -> IO,58.615680000000005
1775737631.6486452,909.0589611530304,PLC -> IO,0.48928000000000005
1775737631.7768888,909.1872048377991,PLC -> IO,1.53136
1775737631.9051688,909.3154847621918,PLC -> IO,0.48008
1775737632.0328968,909.4432127475739,PLC -> IO,0.53232
1775737632.1611776,909.5714936256409,PLC -> IO,0.48663999999999996
1775737632.2884016,909.6987175941467,PLC -> IO,1.52352
1775737632.4181802,909.8284962177277,PLC -> IO,2.01376
1775737632.544934,909.9552500247955,PLC -> IO,0.48448
1775737632.6721966,910.0825126171112,PLC -> IO,0.96632
1775737632.8004265,910.2107424736023,PLC -> IO,0.51
1775737632.9291823,910.3394982814789,PLC -> IO,0.51696
1775737633.056926,910.4672420024872,PLC -> IO,0.52608
1775737633.1847003,910.5950162410736,PLC -> IO,2.5205599999999997
1775737633.313461,910.7237770557404,PLC -> IO,0.49927999999999995
1775737633.4412055,910.8515214920044,PLC -> IO,0.48663999999999996
1775737633.569453,910.9797689914703,PLC -> IO,0.52136
1775737633.6966999,911.1070158481598,PLC -> IO,1.54616
1775737633.8249807,911.2352967262268,PLC -> IO,0.48016
1775737633.951258,911.361573934555,PLC -> IO,1.9604800000000002
1775737634.0809922,911.4913082122803,PLC -> IO,1.99144
1775737634.208251,911.6185669898987,PLC -> IO,1.49848
1775737634.336978,911.7472939491272,PLC -> IO,0.5233599999999999
1775737634.4647565,911.875072479248,PLC -> IO,0.9708
1775737634.5925083,912.002824306488,PLC -> IO,0.47968
1775737634.721744,912.1320600509644,PLC -> IO,0.5228
1775737634.8494928,912.2598087787628,PLC -> IO,1.5433599999999998
1775737634.9767501,912.3870661258698,PLC -> IO,0.52552
1775737635.1050317,912.5153477191925,PLC -> IO,1.49688
1775737635.233788,912.6441040039062,PLC -> IO,0.49392
1775737635.3610423,912.7713582515717,PLC -> IO,0.97376
1775737635.4892716,912.8995876312256,PLC -> IO,0.52704
1775737635.6170232,913.027339220047,PLC -> IO,1.5449599999999999
1775737635.7448058,913.1551218032837,PLC -> IO,0.97448
1775737635.8730333,913.283349275589,PLC -> IO,0.54296
1775737636.001315,913.4116311073303,PLC -> IO,1.4914399999999999
1775737636.1280656,913.5383815765381,PLC -> IO,2.0100000000000002
1775737636.2567952,913.667111158371,PLC -> IO,0.52864
1775737636.3850825,913.7953984737396,PLC -> IO,0.48112
1775737636.5123317,913.9226477146149,PLC -> IO,0.97696
1775737636.6420612,914.0523772239685,PLC -> IO,0.05024
1775737636.769317,914.1796329021454,PLC -> IO,1.5487199999999999
1775737636.8970683,914.3073842525482,PLC -> IO,0.53096
1775737637.02485,914.4351658821106,PLC -> IO,1.9927199999999998
1775737637.1540966,914.5644125938416,PLC -> IO,4.52328
1775737637.2813644,914.691680431366,PLC -> IO,0.47
1775737637.4095993,914.8199152946472,PLC -> IO,0.56032
1775737637.5368404,914.9471564292908,PLC -> IO,1.65904
1775737637.6651325,915.075448513031,PLC -> IO,0.47528000000000004
1775737637.7924085,915.2027244567871,PLC -> IO,0.44184
1775737637.9211686,915.3314845561981,PLC -> IO,0.44967999999999997
1775737638.0483863,915.4587023258209,PLC -> IO,1.51008
1775737638.1766179,915.5869338512421,PLC -> IO,1.03064
1775737638.3049054,915.7152214050293,PLC -> IO,2.968
1775737638.4331236,915.84343957901,PLC -> IO,1.55408
1775737638.5614128,915.9717288017273,PLC -> IO,0.46568
1775737638.688666,916.0989820957184,PLC -> IO,0.46784000000000003
1775737638.8168855,916.227201461792,PLC -> IO,0.5371199999999999
1775737638.9446769,916.3549928665161,PLC -> IO,1.9837600000000002
1775737639.0734334,916.4837493896484,PLC -> IO,0.9840000000000001
1775737639.2011805,916.6114964485168,PLC -> IO,0.47016
1775737639.329407,916.7397229671478,PLC -> IO,0.53888
1775737639.4566576,916.8669736385345,PLC -> IO,0.5124
1775737639.5849547,916.9952707290649,PLC -> IO,0.46240000000000003
1775737639.7131712,917.1234872341156,PLC -> IO,0.53224
1775737639.8409636,917.251279592514,PLC -> IO,1.9784
1775737639.9681704,917.3784863948822,PLC -> IO,1.54984
1775737640.0969315,917.5072474479675,PLC -> IO,0.54136
1775737640.2247288,917.6350448131561,PLC -> IO,0.95872
1775737640.352933,917.7632489204407,PLC -> IO,1.56736
1775737640.4816957,917.892011642456,PLC -> IO,0.55904
1775737640.6094522,918.0197682380676,PLC -> IO,4.06472
1775737640.736697,918.1470129489899,PLC -> IO,0.55016
1775737640.864998,918.2753140926361,PLC -> IO,1.484
1775737640.9937594,918.40407538414,PLC -> IO,0.47432
1775737641.121013,918.5313289165497,PLC -> IO,0.94904
1775737641.2492254,918.6595413684845,PLC -> IO,0.53824
