timestamp,rel_time_s,direction,skew_ms
1776354511.4710155,0.03539872169494629,PLC -> IO,4.8e-05
1776354511.5350096,0.09939289093017578,PLC -> IO,0.022192
1776354511.5990179,0.16340112686157227,PLC -> IO,0.18620799999999998
1776354511.6629996,0.22738289833068848,PLC -> IO,0.028912
1776354511.7270064,0.29138970375061035,PLC -> IO,0.001328
1776354511.7910137,0.35539698600769043,PLC -> IO,0.000928
1776354511.8550081,0.419391393661499,PLC -> IO,0.034592
1776354511.9190083,0.48339152336120605,PLC -> IO,0.006912
1776354511.9830105,0.547393798828125,PLC -> IO,0.7734719999999999
1776354512.0470114,0.6113946437835693,PLC -> IO,0.148032
1776354512.1110132,0.6753964424133301,PLC -> IO,0.017391999999999998
1776354512.1750104,0.7393937110900879,PLC -> IO,0.012592
1776354512.2390058,0.8033890724182129,PLC -> IO,0.017328
1776354512.3030388,0.8674221038818359,PLC -> IO,0.142592
1776354512.367027,0.9314103126525879,PLC -> IO,0.107248
1776354512.4310067,0.9953899383544922,PLC -> IO,0.075552
1776354512.4950078,1.0593910217285156,PLC -> IO,0.009808
1776354512.5590208,1.1234040260314941,PLC -> IO,0.234208
1776354512.6230147,1.1873979568481445,PLC -> IO,0.016592
1776354512.6870205,1.25140380859375,PLC -> IO,0.001312
1776354512.7510004,1.3153836727142334,PLC -> IO,0.014368
1776354512.81502,1.3794033527374268,PLC -> IO,0.174992
1776354512.879013,1.4433963298797607,PLC -> IO,0.374112
1776354512.9430206,1.50740385055542,PLC -> IO,0.212048
1776354513.007002,1.571385383605957,PLC -> IO,0.001072
1776354513.0710185,1.635401725769043,PLC -> IO,0.23507199999999998
1776354513.1350164,1.699399709701538,PLC -> IO,0.791392
1776354513.199012,1.7633953094482422,PLC -> IO,0.010591999999999999
1776354513.2630064,1.8273897171020508,PLC -> IO,0.12587199999999998
1776354513.327011,1.8913943767547607,PLC -> IO,0.008848
1776354513.3910089,1.9553921222686768,PLC -> IO,0.236672
1776354513.4550138,2.019397020339966,PLC -> IO,0.003392
1776354513.5190086,2.0833919048309326,PLC -> IO,4.8e-05
1776354513.5830026,2.147385835647583,PLC -> IO,0.015328
1776354513.6470168,2.211400032043457,PLC -> IO,0.11987199999999999
1776354513.7110164,2.275399684906006,PLC -> IO,0.009232
1776354513.7750123,2.339395523071289,PLC -> IO,0.001072
1776354513.8390067,2.4033899307250977,PLC -> IO,0.017488
1776354513.9030113,2.4673945903778076,PLC -> IO,0.041968000000000005
1776354513.9670112,2.5313944816589355,PLC -> IO,0.16811199999999998
1776354514.0310102,2.595393419265747,PLC -> IO,0.248592
1776354514.0950096,2.659392833709717,PLC -> IO,0.000688
1776354514.1590188,2.7234020233154297,PLC -> IO,0.557968
1776354514.22302,2.7874033451080322,PLC -> IO,0.006112
1776354514.287029,2.851412296295166,PLC -> IO,0.28643199999999996
1776354514.3510175,2.915400743484497,PLC -> IO,0.738672
1776354514.415024,2.97940731048584,PLC -> IO,0.657392
1776354514.4790165,3.0433998107910156,PLC -> IO,0.0065119999999999996
1776354514.543025,3.107408285140991,PLC -> IO,0.003312
1776354514.6070123,3.1713955402374268,PLC -> IO,0.0025280000000000003
1776354514.6710174,3.235400676727295,PLC -> IO,0.137168
1776354514.7350237,3.2994070053100586,PLC -> IO,0.017968
1776354514.7990127,3.363395929336548,PLC -> IO,0.007872
1776354514.8630178,3.427401065826416,PLC -> IO,0.147152
1776354514.927007,3.4913902282714844,PLC -> IO,0.024208
1776354514.991015,3.5553982257843018,PLC -> IO,0.004992
1776354515.0550122,3.6193954944610596,PLC -> IO,0.157632
1776354515.1190076,3.6833908557891846,PLC -> IO,0.241632
1776354515.183012,3.7473952770233154,PLC -> IO,0.002432
1776354515.2470086,3.811391830444336,PLC -> IO,0.31019199999999997
1776354515.311018,3.875401258468628,PLC -> IO,0.754432
1776354515.375012,3.9393951892852783,PLC -> IO,0.000448
1776354515.4390173,4.003400564193726,PLC -> IO,0.001648
1776354515.5030198,4.067403078079224,PLC -> IO,0.028288
1776354515.567017,4.1314003467559814,PLC -> IO,0.007152
1776354515.6310148,4.1953980922698975,PLC -> IO,0.136592
1776354515.695017,4.259400367736816,PLC -> IO,0.15795199999999998
1776354515.759021,4.323404312133789,PLC -> IO,0.083008
1776354515.8230062,4.387389421463013,PLC -> IO,0.009248000000000001
1776354515.8870192,4.451402425765991,PLC -> IO,0.226848
1776354515.951015,4.515398263931274,PLC -> IO,0.159568
1776354516.0150218,4.579405069351196,PLC -> IO,0.002928
1776354516.0790126,4.643395900726318,PLC -> IO,0.09539199999999999
1776354516.1430151,4.707398414611816,PLC -> IO,0.008368
1776354516.20701,4.771393299102783,PLC -> IO,0.613888
1776354516.271016,4.835399150848389,PLC -> IO,0.105392
1776354516.3350222,4.899405479431152,PLC -> IO,0.0055520000000000005
1776354516.3990188,4.963402032852173,PLC -> IO,0.000272
1776354516.4630191,5.027402400970459,PLC -> IO,0.244512
1776354516.5270095,5.091392755508423,PLC -> IO,0.006448
1776354516.5910225,5.155405759811401,PLC -> IO,0.004768
1776354516.655017,5.21940016746521,PLC -> IO,0.0019520000000000002
1776354516.7190077,5.283390998840332,PLC -> IO,0.006768000000000001
1776354516.7830112,5.3473944664001465,PLC -> IO,0.004048
1776354516.847028,5.411411285400391,PLC -> IO,0.112192
1776354516.9110174,5.475400686264038,PLC -> IO,0.376768
1776354516.97501,5.539393186569214,PLC -> IO,0.008192000000000001
1776354517.0390158,5.603399038314819,PLC -> IO,0.130032
1776354517.103026,5.667409181594849,PLC -> IO,0.143632
1776354517.1670165,5.731399774551392,PLC -> IO,0.16395200000000001
1776354517.2310317,5.795414924621582,PLC -> IO,0.149248
1776354517.2950184,5.859401702880859,PLC -> IO,0.6502720000000001
1776354517.35904,5.9234232902526855,PLC -> IO,0.109248
1776354517.4230213,5.9874045848846436,PLC -> IO,0.010848
1776354517.487028,6.051411151885986,PLC -> IO,0.134672
1776354517.5510046,6.115387916564941,PLC -> IO,0.016528
1776354517.6150193,6.179402589797974,PLC -> IO,0.210032
1776354517.6790195,6.243402719497681,PLC -> IO,0.010048
1776354517.7430158,6.307399034500122,PLC -> IO,0.132352
1776354517.8070185,6.371401786804199,PLC -> IO,0.175792
1776354517.871013,6.435396194458008,PLC -> IO,0.149872
1776354517.9350197,6.49940299987793,PLC -> IO,0.210688
1776354517.9990153,6.563398599624634,PLC -> IO,0.002288
1776354518.0630233,6.627406597137451,PLC -> IO,0.199552
1776354518.127021,6.691404342651367,PLC -> IO,0.192832
1776354518.1910222,6.755405426025391,PLC -> IO,0.012768
1776354518.255018,6.819401264190674,PLC -> IO,0.003072
1776354518.3190215,6.883404731750488,PLC -> IO,0.614832
1776354518.3830125,6.9473958015441895,PLC -> IO,0.001152
1776354518.4470344,7.011417627334595,PLC -> IO,0.12331199999999999
1776354518.5110219,7.075405120849609,PLC -> IO,0.012448
1776354518.574993,7.139376163482666,PLC -> IO,0.028368
1776354518.6390188,7.203402042388916,PLC -> IO,0.002672
1776354518.703062,7.26744532585144,PLC -> IO,0.066512
1776354518.7670233,7.331406593322754,PLC -> IO,0.002448
1776354518.831021,7.39540433883667,PLC -> IO,0.010032
1776354518.8950126,7.459395885467529,PLC -> IO,0.005408
1776354518.9592028,7.52358603477478,PLC -> IO,0.176608
1776354519.0230296,7.5874128341674805,PLC -> IO,0.184592
1776354519.0870345,7.6514177322387695,PLC -> IO,0.195152
1776354519.1510124,7.71539568901062,PLC -> IO,0.009008
1776354519.2150126,7.779395818710327,PLC -> IO,0.242512
1776354519.2790372,7.843420505523682,PLC -> IO,0.002288
1776354519.3430138,7.907397031784058,PLC -> IO,0.043168
1776354519.4070108,7.971394062042236,PLC -> IO,0.0063679999999999995
1776354519.4710147,8.035398006439209,PLC -> IO,0.20059200000000002
1776354519.5350518,8.099435091018677,PLC -> IO,0.913648
1776354519.599022,8.163405179977417,PLC -> IO,0.005327999999999999
1776354519.6630185,8.227401733398438,PLC -> IO,0.20059200000000002
1776354519.7270253,8.29140853881836,PLC -> IO,0.015872
1776354519.7910292,8.355412483215332,PLC -> IO,0.206512
1776354519.8550198,8.419403076171875,PLC -> IO,0.0063679999999999995
1776354519.9190109,8.483394145965576,PLC -> IO,0.004208
1776354519.9830177,8.547400951385498,PLC -> IO,0.149072
1776354520.0470386,8.611421823501587,PLC -> IO,0.130272
1776354520.1110318,8.6754150390625,PLC -> IO,0.153552
1776354520.175012,8.739395380020142,PLC -> IO,1.014128
1776354520.2390227,8.803406000137329,PLC -> IO,0.140688
1776354520.3030584,8.867441654205322,PLC -> IO,1.215792
1776354520.3670278,8.931411027908325,PLC -> IO,0.149232
1776354520.4310224,8.995405673980713,PLC -> IO,0.010832000000000001
1776354520.4950209,9.059404134750366,PLC -> IO,0.155632
1776354520.5590384,9.123421669006348,PLC -> IO,0.105408
1776354520.6230197,9.187402963638306,PLC -> IO,0.008287999999999998
1776354520.6870224,9.251405715942383,PLC -> IO,0.014768
1776354520.751165,9.315548181533813,PLC -> IO,0.043952000000000005
1776354520.8150532,9.379436492919922,PLC -> IO,0.147888
1776354520.8790357,9.443418979644775,PLC -> IO,0.379392
1776354520.9430206,9.50740385055542,PLC -> IO,0.110208
1776354521.007015,9.571398258209229,PLC -> IO,0.003648
1776354521.0712273,9.635610580444336,PLC -> IO,0.160368
1776354521.1350338,9.699417114257812,PLC -> IO,0.0036320000000000002
1776354521.1990142,9.763397455215454,PLC -> IO,0.014048
1776354521.2630253,9.8274085521698,PLC -> IO,0.17419199999999999
1776354521.3270123,9.891395568847656,PLC -> IO,0.024111999999999998
1776354521.391034,9.955417156219482,PLC -> IO,0.20219199999999998
1776354521.4550219,10.019405126571655,PLC -> IO,0.584368
1776354521.5190122,10.08339548110962,PLC -> IO,0.013568
1776354521.5830226,10.147405862808228,PLC -> IO,0.001152
1776354521.647058,10.211441278457642,PLC -> IO,0.213008
1776354521.711034,10.27541732788086,PLC -> IO,0.186432
1776354521.7750175,10.33940076828003,PLC -> IO,0.006768000000000001
1776354521.8390207,10.403403997421265,PLC -> IO,0.001392
1776354521.903046,10.467429161071777,PLC -> IO,0.018608
1776354521.9671805,10.531563758850098,PLC -> IO,0.274368
1776354522.0310366,10.595419883728027,PLC -> IO,0.110832
1776354522.0950232,10.659406423568726,PLC -> IO,0.205792
1776354522.1590478,10.72343111038208,PLC -> IO,0.094528
1776354522.2230232,10.78740644454956,PLC -> IO,0.011968
1776354522.2870183,10.851401567459106,PLC -> IO,0.020687999999999998
1776354522.3510191,10.91540241241455,PLC -> IO,0.011087999999999999
1776354522.4150171,10.979400396347046,PLC -> IO,0.223712
1776354522.4790363,11.043419599533081,PLC -> IO,0.31203200000000003
1776354522.543021,11.107404232025146,PLC -> IO,0.0028320000000000003
1776354522.607022,11.17140531539917,PLC -> IO,3.2000000000000005e-05
1776354522.6710172,11.235400438308716,PLC -> IO,0.206352
1776354522.7350442,11.299427509307861,PLC -> IO,0.001472
1776354522.7990286,11.363411903381348,PLC -> IO,0.009248000000000001
1776354522.8630302,11.42741346359253,PLC -> IO,0.029792
1776354522.9270217,11.491405010223389,PLC -> IO,0.169712
1776354522.991046,11.555429220199585,PLC -> IO,0.18820800000000001
1776354523.0550272,11.619410514831543,PLC -> IO,0.011888000000000001
1776354523.119023,11.683406352996826,PLC -> IO,0.0028480000000000003
1776354523.183015,11.747398376464844,PLC -> IO,0.0077919999999999994
1776354523.2471726,11.811555862426758,PLC -> IO,0.079952
1776354523.3110309,11.8754141330719,PLC -> IO,0.005808
1776354523.3750205,11.939403772354126,PLC -> IO,0.006048
1776354523.439021,12.003404378890991,PLC -> IO,0.005632
1776354523.5030417,12.067425012588501,PLC -> IO,0.025088000000000003
1776354523.5670402,12.131423473358154,PLC -> IO,0.13108799999999998
1776354523.631026,12.195409297943115,PLC -> IO,0.209872
1776354523.69517,12.25955319404602,PLC -> IO,0.854352
1776354523.7590382,12.323421478271484,PLC -> IO,0.082848
1776354523.8230336,12.38741683959961,PLC -> IO,0.007552
1776354523.8870099,12.451393127441406,PLC -> IO,0.028608
1776354523.9510276,12.515410900115967,PLC -> IO,0.000928
1776354524.0150542,12.579437494277954,PLC -> IO,0.141328
1776354524.079039,12.643422365188599,PLC -> IO,0.395232
1776354524.1431966,12.707579851150513,PLC -> IO,0.175008
1776354524.2070093,12.771392583847046,PLC -> IO,0.011328000000000001
1776354524.2710316,12.83541488647461,PLC -> IO,0.005392
1776354524.335038,12.899421215057373,PLC -> IO,0.001632
1776354524.3990316,12.963414907455444,PLC -> IO,0.000288
1776354524.4630291,13.027412414550781,PLC -> IO,0.024912
1776354524.5270274,13.091410636901855,PLC -> IO,0.772192
1776354524.5910373,13.155420541763306,PLC -> IO,0.000672
1776354524.6550276,13.21941089630127,PLC -> IO,0.011328000000000001
1776354524.7190266,13.283409833908081,PLC -> IO,0.000688
1776354524.7830195,13.347402811050415,PLC -> IO,0.007632000000000001
1776354524.8470635,13.411446809768677,PLC -> IO,0.371728
1776354524.9110253,13.475408554077148,PLC -> IO,0.023888
1776354524.975024,13.53940725326538,PLC -> IO,0.834848
1776354525.0390222,13.603405475616455,PLC -> IO,0.167088
1776354525.1032128,13.667596101760864,PLC -> IO,0.17932800000000002
1776354525.1671677,13.731550931930542,PLC -> IO,0.205088
1776354525.23103,13.795413255691528,PLC -> IO,0.005312
1776354525.2950258,13.859409093856812,PLC -> IO,0.0018080000000000001
1776354525.3590524,13.923435688018799,PLC -> IO,0.085088
1776354525.4230351,13.987418413162231,PLC -> IO,0.007712
1776354525.4870334,14.051416635513306,PLC -> IO,0.006912
1776354525.5510266,14.115409851074219,PLC -> IO,0.001232
1776354525.6150339,14.179417133331299,PLC -> IO,0.015072
1776354525.6790655,14.243448734283447,PLC -> IO,0.274928
1776354525.7430077,14.307390928268433,PLC -> IO,0.036128
1776354525.8070226,14.371405839920044,PLC -> IO,0.003152
1776354525.8710318,14.435415029525757,PLC -> IO,0.014992
1776354525.9350398,14.499423027038574,PLC -> IO,0.007872
1776354525.9990475,14.563430786132812,PLC -> IO,0.243392
1776354526.0630317,14.62741494178772,PLC -> IO,0.025792
1776354526.1270282,14.69141149520874,PLC -> IO,0.009152
1776354526.191052,14.755435228347778,PLC -> IO,0.155888
1776354526.2550163,14.81939959526062,PLC -> IO,0.017567999999999997
1776354526.3190308,14.883414030075073,PLC -> IO,0.949392
1776354526.3830235,14.947406768798828,PLC -> IO,0.010272
1776354526.447033,15.01141619682312,PLC -> IO,0.024111999999999998
1776354526.5110316,15.075414896011353,PLC -> IO,0.018208
1776354526.575028,15.139411211013794,PLC -> IO,0.756512
1776354526.639026,15.203409194946289,PLC -> IO,0.014032000000000001
1776354526.7030451,15.267428398132324,PLC -> IO,0.004928
1776354526.7670276,15.331410884857178,PLC -> IO,0.272128
1776354526.8310301,15.395413398742676,PLC -> IO,0.017472
1776354526.895027,15.459410190582275,PLC -> IO,0.259392
1776354526.9590392,15.523422479629517,PLC -> IO,0.094608
1776354527.023043,15.58742618560791,PLC -> IO,0.001728
1776354527.0870469,15.651430130004883,PLC -> IO,0.078432
1776354527.1510234,15.715406656265259,PLC -> IO,0.007072
1776354527.2150311,15.779414415359497,PLC -> IO,0.209472
1776354527.2790322,15.84341549873352,PLC -> IO,0.006832
1776354527.3430283,15.907411575317383,PLC -> IO,0.021568
1776354527.4070342,15.971417427062988,PLC -> IO,0.15092799999999998
1776354527.4710345,16.035417795181274,PLC -> IO,0.016352
1776354527.5350344,16.099417686462402,PLC -> IO,0.006112
1776354527.5990324,16.163415670394897,PLC -> IO,0.0038720000000000004
1776354527.6630404,16.227423667907715,PLC -> IO,0.018672
1776354527.7270405,16.291423797607422,PLC -> IO,0.006672
1776354527.7910256,16.355408906936646,PLC -> IO,0.013008
1776354527.8550305,16.419413805007935,PLC -> IO,0.000272
1776354527.919028,16.48341131210327,PLC -> IO,0.002752
1776354527.9830241,16.547407388687134,PLC -> IO,0.202432
1776354528.0470374,16.61142063140869,PLC -> IO,0.027872
1776354528.111035,16.675418376922607,PLC -> IO,0.976752
1776354528.1750314,16.73941469192505,PLC -> IO,0.0028320000000000003
1776354528.2390256,16.80340886116028,PLC -> IO,0.018592
1776354528.303046,16.86742925643921,PLC -> IO,0.004608
1776354528.367035,16.9314181804657,PLC -> IO,0.282208
1776354528.431036,16.99541926383972,PLC -> IO,0.009392
1776354528.4950283,17.05941152572632,PLC -> IO,0.012752
1776354528.5590427,17.12342596054077,PLC -> IO,0.327008
1776354528.6230385,17.187421798706055,PLC -> IO,0.001728
1776354528.6870213,17.251404523849487,PLC -> IO,0.029328
1776354528.7510316,17.315414905548096,PLC -> IO,0.100688
1776354528.815075,17.37945818901062,PLC -> IO,0.099648
1776354528.8790388,17.443422079086304,PLC -> IO,0.700992
1776354528.9430318,17.507415056228638,PLC -> IO,0.012448
1776354529.0070283,17.571411609649658,PLC -> IO,0.010512
1776354529.0710406,17.6354238986969,PLC -> IO,0.008672
1776354529.1350381,17.699421405792236,PLC -> IO,0.008032000000000001
1776354529.1990354,17.763418674468994,PLC -> IO,0.005008
1776354529.2630293,17.827412605285645,PLC -> IO,0.037312
1776354529.3270376,17.89142084121704,PLC -> IO,0.013231999999999999
1776354529.3910353,17.955418586730957,PLC -> IO,0.013791999999999999
1776354529.455035,18.019418239593506,PLC -> IO,0.002928
1776354529.5190327,18.083415985107422,PLC -> IO,0.004272
1776354529.5830455,18.14742875099182,PLC -> IO,0.008592
1776354529.6470375,18.21142077445984,PLC -> IO,0.018751999999999998
1776354529.711031,18.27541422843933,PLC -> IO,0.008528
1776354529.7750359,18.33941912651062,PLC -> IO,0.47268800000000005
1776354529.839029,18.403412342071533,PLC -> IO,0.009792
1776354529.9030657,18.467448949813843,PLC -> IO,0.14083199999999998
1776354529.967036,18.531419277191162,PLC -> IO,0.001712
1776354530.0310366,18.595419883728027,PLC -> IO,0.012512
1776354530.0950427,18.659425973892212,PLC -> IO,0.125808
1776354530.1590476,18.7234308719635,PLC -> IO,0.116048
1776354530.2230418,18.78742504119873,PLC -> IO,0.007248
1776354530.287042,18.851425170898438,PLC -> IO,0.17740799999999998
1776354530.3510299,18.91541314125061,PLC -> IO,0.019472
1776354530.4150386,18.979421854019165,PLC -> IO,0.718112
1776354530.479042,19.04342532157898,PLC -> IO,0.011632
1776354530.5430312,19.107414484024048,PLC -> IO,0.017648
1776354530.6070294,19.171412706375122,PLC -> IO,0.006832
1776354530.6710448,19.23542809486389,PLC -> IO,0.004352
1776354530.7350473,19.29943060874939,PLC -> IO,0.7840320000000001
1776354530.7990406,19.363423824310303,PLC -> IO,0.000992
1776354530.8630314,19.427414655685425,PLC -> IO,0.049072
1776354530.927046,19.491429328918457,PLC -> IO,0.008432
1776354530.991039,19.55542230606079,PLC -> IO,0.003408
1776354531.0550344,19.619417667388916,PLC -> IO,0.0070079999999999995
1776354531.1190279,19.683411121368408,PLC -> IO,0.704832
1776354531.1830418,19.747425079345703,PLC -> IO,0.015312
1776354531.2470393,19.81142258644104,PLC -> IO,0.191152
1776354531.311041,19.8754243850708,PLC -> IO,0.178128
1776354531.37503,19.93941330909729,PLC -> IO,0.010112000000000001
1776354531.4390483,20.00343155860901,PLC -> IO,0.31796800000000003
1776354531.5030477,20.06743097305298,PLC -> IO,0.193488
1776354531.5670412,20.13142442703247,PLC -> IO,0.205968
1776354531.6310368,20.195420026779175,PLC -> IO,0.258912
1776354531.6950321,20.2594153881073,PLC -> IO,0.006272000000000001
1776354531.7590485,20.323431730270386,PLC -> IO,0.18756799999999998
1776354531.8230472,20.387430429458618,PLC -> IO,0.139648
1776354531.8870475,20.451430797576904,PLC -> IO,0.154528
1776354531.9510345,20.51541781425476,PLC -> IO,0.007872
1776354532.0150402,20.579423427581787,PLC -> IO,0.017952
1776354532.0790415,20.64342474937439,PLC -> IO,0.001072
1776354532.1430435,20.70742678642273,PLC -> IO,0.002368
1776354532.2070346,20.77141785621643,PLC -> IO,0.164832
1776354532.2710466,20.835429906845093,PLC -> IO,0.008272
1776354532.3350465,20.89942979812622,PLC -> IO,0.001872
1776354532.399042,20.963425159454346,PLC -> IO,0.003152
1776354532.4630394,21.027422666549683,PLC -> IO,0.7226720000000001
1776354532.527045,21.09142827987671,PLC -> IO,0.15499200000000002
1776354532.5910506,21.155433893203735,PLC -> IO,0.151552
1776354532.6550438,21.21942710876465,PLC -> IO,0.161552
1776354532.719028,21.283411264419556,PLC -> IO,0.012672
1776354532.7830548,21.347438097000122,PLC -> IO,0.505248
1776354532.8470538,21.411437034606934,PLC -> IO,0.011792
1776354532.9110334,21.475416660308838,PLC -> IO,0.013408
1776354532.9750369,21.539420127868652,PLC -> IO,1.8480320000000001
1776354533.0390427,21.603425979614258,PLC -> IO,0.004992
1776354533.1030526,21.667435884475708,PLC -> IO,0.014128
1776354533.1670437,21.73142695426941,PLC -> IO,0.000672
1776354533.2310388,21.795422077178955,PLC -> IO,0.218032
1776354533.2950473,21.85943055152893,PLC -> IO,0.011552
1776354533.359052,21.92343521118164,PLC -> IO,0.123488
1776354533.423032,21.987415313720703,PLC -> IO,0.010288
1776354533.4870393,22.051422595977783,PLC -> IO,0.155888
1776354533.5510497,22.11543297767639,PLC -> IO,0.005888
1776354533.6150424,22.179425716400146,PLC -> IO,0.214272
1776354533.6791642,22.243547439575195,PLC -> IO,0.689632
1776354533.7430413,22.307424545288086,PLC -> IO,0.15340800000000002
1776354533.807038,22.371421337127686,PLC -> IO,0.006272000000000001
1776354533.8710463,22.435429573059082,PLC -> IO,0.018992000000000002
1776354533.9350464,22.49942970275879,PLC -> IO,0.006528
1776354533.999043,22.56342625617981,PLC -> IO,0.001728
1776354534.0630403,22.627423524856567,PLC -> IO,0.042351999999999994
1776354534.1270456,22.691428899765015,PLC -> IO,0.6774720000000001
1776354534.191046,22.7554292678833,PLC -> IO,0.000752
1776354534.2550426,22.81942582130432,PLC -> IO,0.001248
1776354534.3190315,22.88341474533081,PLC -> IO,0.009632
1776354534.383044,22.94742727279663,PLC -> IO,0.016352
1776354534.447051,23.011434316635132,PLC -> IO,0.024752
1776354534.511041,23.075424194335938,PLC -> IO,0.005008
1776354534.574989,23.1393723487854,PLC -> IO,0.049632
1776354534.6390467,23.20342993736267,PLC -> IO,0.070368
1776354534.7030723,23.267455577850342,PLC -> IO,0.17755200000000002
1776354534.7670443,23.331427574157715,PLC -> IO,0.001152
1776354534.8310337,23.395416975021362,PLC -> IO,0.225792
1776354534.8950493,23.45943260192871,PLC -> IO,0.012192
1776354534.9590545,23.52343773841858,PLC -> IO,0.103568
1776354535.0230446,23.587427854537964,PLC -> IO,0.0055520000000000005
1776354535.0870519,23.651435136795044,PLC -> IO,0.163312
1776354535.151052,23.71543526649475,PLC -> IO,0.15748800000000002
1776354535.2150428,23.779426097869873,PLC -> IO,0.173632
1776354535.2790463,23.843429565429688,PLC -> IO,0.125328
1776354535.343042,23.90742516517639,PLC -> IO,0.150368
1776354535.4070396,23.971422910690308,PLC -> IO,0.005472
1776354535.4710503,24.035433530807495,PLC -> IO,0.192592
1776354535.5350473,24.099430561065674,PLC -> IO,0.0008320000000000001
1776354535.5990462,24.163429498672485,PLC -> IO,0.001152
1776354535.6630416,24.22742486000061,PLC -> IO,0.746672
1776354535.7270474,24.291430711746216,PLC -> IO,0.012672
1776354535.7910507,24.35543394088745,PLC -> IO,0.881008
1776354535.855049,24.419432163238525,PLC -> IO,0.121088
1776354535.9190402,24.483423471450806,PLC -> IO,0.25475200000000003
1776354535.9830563,24.547439575195312,PLC -> IO,0.13419199999999998
1776354536.0470557,24.611438989639282,PLC -> IO,0.010192
1776354536.1110573,24.675440549850464,PLC -> IO,0.021648
1776354536.175041,24.739424228668213,PLC -> IO,0.701392
1776354536.239049,24.80343222618103,PLC -> IO,0.142688
1776354536.3030567,24.86743998527527,PLC -> IO,0.020208
1776354536.3670495,24.931432723999023,PLC -> IO,0.170448
1776354536.4310913,24.995474576950073,PLC -> IO,0.120448
1776354536.4950519,25.05943512916565,PLC -> IO,0.013568
1776354536.5590506,25.123433828353882,PLC -> IO,0.184288
1776354536.6230552,25.187438488006592,PLC -> IO,0.35700800000000005
1776354536.6870587,25.251441955566406,PLC -> IO,0.003728
1776354536.7510524,25.315435647964478,PLC -> IO,0.0029119999999999997
1776354536.8150494,25.379432678222656,PLC -> IO,0.005952
1776354536.8790464,25.443429708480835,PLC -> IO,0.001312
1776354536.9430468,25.50743007659912,PLC -> IO,0.011168
1776354537.0070653,25.57144856452942,PLC -> IO,0.170032
1776354537.0710468,25.635430097579956,PLC -> IO,0.010431999999999999
1776354537.1350484,25.699431657791138,PLC -> IO,0.006272000000000001
1776354537.1990452,25.763428449630737,PLC -> IO,0.0061920000000000005
1776354537.2630434,25.82742667198181,PLC -> IO,0.218112
1776354537.3270445,25.891427755355835,PLC -> IO,0.013552
1776354537.3910503,25.95543360710144,PLC -> IO,0.134832
1776354537.4550416,26.01942491531372,PLC -> IO,0.002752
1776354537.5190563,26.083439588546753,PLC -> IO,0.171872
1776354537.583064,26.14744734764099,PLC -> IO,0.155808
1776354537.647051,26.211434364318848,PLC -> IO,0.012672
1776354537.7110343,26.27541756629944,PLC -> IO,0.012768
1776354537.7750387,26.33942198753357,PLC -> IO,0.017391999999999998
1776354537.839049,26.403432369232178,PLC -> IO,0.012192
1776354537.903081,26.467464208602905,PLC -> IO,0.21499200000000002
1776354537.96708,26.531463384628296,PLC -> IO,0.119888
1776354538.0310566,26.595439910888672,PLC -> IO,0.013712
1776354538.0950518,26.659435033798218,PLC -> IO,0.0025280000000000003
1776354538.1591663,26.723549604415894,PLC -> IO,0.548672
1776354538.22305,26.787433385849,PLC -> IO,0.000672
1776354538.287051,26.851434230804443,PLC -> IO,0.154448
1776354538.3510554,26.915438652038574,PLC -> IO,0.610352
1776354538.4150536,26.97943687438965,PLC -> IO,0.012752
1776354538.4790485,27.043431758880615,PLC -> IO,0.918752
1776354538.5430489,27.1074321269989,PLC -> IO,0.121408
1776354538.6070507,27.171433925628662,PLC -> IO,0.000192
1776354538.6710558,27.23543906211853,PLC -> IO,0.003152
1776354538.7350507,27.299433946609497,PLC -> IO,0.005248
1776354538.7990434,27.363426685333252,PLC -> IO,0.003712
1776354538.8630555,27.427438735961914,PLC -> IO,0.030192
1776354538.9270563,27.49143958091736,PLC -> IO,0.228992
1776354538.9910488,27.555432081222534,PLC -> IO,0.628832
1776354539.0550292,27.619412422180176,PLC -> IO,0.114688
1776354539.1190403,27.68342351913452,PLC -> IO,0.013712
1776354539.1830523,27.747435569763184,PLC -> IO,0.012352
1776354539.247052,27.811435222625732,PLC -> IO,0.021311999999999998
1776354539.3110497,27.87543296813965,PLC -> IO,0.0008320000000000001
1776354539.375026,27.939409255981445,PLC -> IO,1.2998720000000001
1776354539.439053,28.00343632698059,PLC -> IO,0.011312
1776354539.5030782,28.067461490631104,PLC -> IO,0.202912
1776354539.5670547,28.13143801689148,PLC -> IO,0.180208
1776354539.6310487,28.19543194770813,PLC -> IO,0.814432
1776354539.6950524,28.259435653686523,PLC -> IO,0.001168
1776354539.7590575,28.32344079017639,PLC -> IO,0.100928
1776354539.8230505,28.387433767318726,PLC -> IO,0.004208
1776354539.887048,28.451431274414062,PLC -> IO,0.013392
1776354539.9510553,28.515438556671143,PLC -> IO,0.131952
1776354540.015055,28.57943820953369,PLC -> IO,0.009392
1776354540.0790486,28.643431901931763,PLC -> IO,0.836352
1776354540.1430614,28.707444667816162,PLC -> IO,0.172352
1776354540.2070527,28.771435976028442,PLC -> IO,0.000192
1776354540.271059,28.835442304611206,PLC -> IO,0.197408
1776354540.3350534,28.899436712265015,PLC -> IO,0.004272
1776354540.3990457,28.96342897415161,PLC -> IO,0.010272
1776354540.4630558,29.02743911743164,PLC -> IO,0.033552
1776354540.5270588,29.091442108154297,PLC -> IO,0.000272
1776354540.5910494,29.15543270111084,PLC -> IO,0.393328
1776354540.6550446,29.219427824020386,PLC -> IO,0.008912
1776354540.7190561,29.28343939781189,PLC -> IO,0.246192
1776354540.7830632,29.34744644165039,PLC -> IO,0.001648
1776354540.847057,29.41144037246704,PLC -> IO,0.016912
1776354540.9110506,29.475433826446533,PLC -> IO,0.759552
1776354540.9750445,29.539427757263184,PLC -> IO,0.158672
1776354541.0390503,29.60343360900879,PLC -> IO,0.013312000000000001
1776354541.1030412,29.66742444038391,PLC -> IO,0.030448
1776354541.1670563,29.7314395904541,PLC -> IO,0.012608
1776354541.2310417,29.795424938201904,PLC -> IO,0.225072
1776354541.2952383,29.85962152481079,PLC -> IO,0.504752
1776354541.3593447,29.923727989196777,PLC -> IO,0.440512
1776354541.4230492,29.9874324798584,PLC -> IO,0.0036320000000000002
1776354541.4870594,30.051442623138428,PLC -> IO,0.007072
1776354541.5510602,30.115443468093872,PLC -> IO,0.14604799999999998
1776354541.615069,30.179452180862427,PLC -> IO,0.120048
1776354541.6790526,30.243435859680176,PLC -> IO,0.000288
1776354541.7430563,30.30743956565857,PLC -> IO,0.008447999999999999
1776354541.807062,30.371445178985596,PLC -> IO,0.179152
1776354541.8710628,30.43544602394104,PLC -> IO,0.000752
1776354541.9350545,30.49943780899048,PLC -> IO,0.400592
1776354541.9990485,30.56343173980713,PLC -> IO,0.20963199999999999
1776354542.0630584,30.62744164466858,PLC -> IO,0.036272
1776354542.1270592,30.691442489624023,PLC -> IO,0.460768
1776354542.1910567,30.75543999671936,PLC -> IO,0.002208
1776354542.2550533,30.81943655014038,PLC -> IO,0.0005279999999999999
1776354542.3190591,30.883442401885986,PLC -> IO,0.006928
1776354542.3831184,30.94750165939331,PLC -> IO,0.607552
1776354542.4470582,31.011441469192505,PLC -> IO,0.760272
1776354542.5110478,31.07543110847473,PLC -> IO,0.000272
1776354542.5750556,31.13943886756897,PLC -> IO,0.007632000000000001
1776354542.6390607,31.203444004058838,PLC -> IO,0.011232
1776354542.7030635,31.267446756362915,PLC -> IO,0.010688
1776354542.7670486,31.33143186569214,PLC -> IO,0.010832000000000001
1776354542.8310516,31.395434856414795,PLC -> IO,0.224192
1776354542.8950696,31.459452867507935,PLC -> IO,0.686512
1776354542.9590583,31.523441553115845,PLC -> IO,0.104528
1776354543.023052,31.587435245513916,PLC -> IO,0.11411199999999999
1776354543.0870643,31.651447534561157,PLC -> IO,0.000112
1776354543.1510599,31.71544313430786,PLC -> IO,0.003552
1776354543.2150612,31.779444456100464,PLC -> IO,0.200352
1776354543.2790494,31.843432664871216,PLC -> IO,0.0021119999999999997
1776354543.3430552,31.90743851661682,PLC -> IO,0.215808
1776354543.407055,31.97143816947937,PLC -> IO,0.168352
1776354543.4710665,32.035449743270874,PLC -> IO,0.009311999999999999
1776354543.5350552,32.099438428878784,PLC -> IO,0.004672
1776354543.5990677,32.163450956344604,PLC -> IO,0.777728
1776354543.6630595,32.22744274139404,PLC -> IO,0.089872
1776354543.7270536,32.29143691062927,PLC -> IO,0.007648
1776354543.7910502,32.35543346405029,PLC -> IO,0.183552
1776354543.8550482,32.41943144798279,PLC -> IO,0.008272
1776354543.919058,32.48344135284424,PLC -> IO,0.004352
1776354543.9830594,32.54744267463684,PLC -> IO,0.0028480000000000003
1776354544.0470598,32.61144304275513,PLC -> IO,0.032192
1776354544.1110535,32.6754367351532,PLC -> IO,0.6441119999999999
1776354544.1750486,32.739431858062744,PLC -> IO,0.009871999999999999
1776354544.2391882,32.803571462631226,PLC -> IO,0.243088
1776354544.303057,32.86744022369385,PLC -> IO,0.013488
1776354544.3670576,32.93144083023071,PLC -> IO,0.006208
1776354544.4310582,32.99544143676758,PLC -> IO,0.225632
1776354544.495055,33.05943822860718,PLC -> IO,0.011968
1776354544.5590606,33.123443841934204,PLC -> IO,0.101648
1776354544.6230576,33.18744087219238,PLC -> IO,0.146928
1776354544.6870525,33.25143575668335,PLC -> IO,0.011392000000000001
1776354544.7510552,33.31543850898743,PLC -> IO,0.012832
1776354544.8150563,33.37943959236145,PLC -> IO,0.201152
1776354544.879056,33.443439245224,PLC -> IO,0.214032
1776354544.9430707,33.50745391845703,PLC -> IO,0.731152
1776354545.0070581,33.571441411972046,PLC -> IO,0.011008
1776354545.0710688,33.63545203208923,PLC -> IO,0.000848
1776354545.1350582,33.69944143295288,PLC -> IO,0.20899199999999998
1776354545.1990538,33.763437032699585,PLC -> IO,0.011312
1776354545.263062,33.82744526863098,PLC -> IO,0.18907200000000002
1776354545.3270602,33.891443490982056,PLC -> IO,0.780672
1776354545.3910644,33.95544767379761,PLC -> IO,0.020128
1776354545.4550571,34.01944041252136,PLC -> IO,0.013231999999999999
1776354545.5190637,34.083446979522705,PLC -> IO,0.005888
1776354545.5830703,34.14745354652405,PLC -> IO,0.001632
1776354545.6470602,34.21144342422485,PLC -> IO,0.020272
1776354545.7110567,34.275439977645874,PLC -> IO,0.253712
1776354545.7750597,34.33944296836853,PLC -> IO,0.007712
1776354545.839062,34.40344524383545,PLC -> IO,0.655152
1776354545.9030895,34.46747279167175,PLC -> IO,0.6425919999999999
1776354545.9670644,34.531447649002075,PLC -> IO,0.004928
1776354546.031061,34.595444202423096,PLC -> IO,0.24563200000000002
1776354546.0950665,34.65944981575012,PLC -> IO,0.008032000000000001
1776354546.1590707,34.723453998565674,PLC -> IO,0.10908799999999999
1776354546.2230544,34.78743767738342,PLC -> IO,0.006112
1776354546.2870803,34.85146355628967,PLC -> IO,0.366928
1776354546.351067,34.91545033454895,PLC -> IO,0.000592
1776354546.4150593,34.97944259643555,PLC -> IO,0.222432
1776354546.4790587,35.04344201087952,PLC -> IO,0.008912
1776354546.543066,35.1074492931366,PLC -> IO,0.018208
1776354546.6070628,35.171446084976196,PLC -> IO,0.008128000000000002
1776354546.6710644,35.23544764518738,PLC -> IO,0.002432
1776354546.7350614,35.29944467544556,PLC -> IO,0.573632
1776354546.7990568,35.36344003677368,PLC -> IO,0.013951999999999999
1776354546.8630724,35.42745566368103,PLC -> IO,0.064112
1776354546.927066,35.4914493560791,PLC -> IO,0.004111999999999999
1776354546.9910595,35.555442810058594,PLC -> IO,0.003952
1776354547.055057,35.61944031715393,PLC -> IO,0.013392
1776354547.1190522,35.68343544006348,PLC -> IO,0.010032
1776354547.183076,35.747459173202515,PLC -> IO,0.132768
1776354547.247062,35.811445236206055,PLC -> IO,0.025152
1776354547.3110662,35.875449419021606,PLC -> IO,0.002672
1776354547.3751369,35.93952012062073,PLC -> IO,0.075152
1776354547.4390664,36.00344967842102,PLC -> IO,0.006272000000000001
1776354547.5032394,36.067622661590576,PLC -> IO,0.534272
1776354547.567053,36.131436347961426,PLC -> IO,0.017472
1776354547.6310656,36.195448875427246,PLC -> IO,0.526432
1776354547.695073,36.259456157684326,PLC -> IO,0.001328
1776354547.7591734,36.323556661605835,PLC -> IO,0.579152
1776354547.8230627,36.38744592666626,PLC -> IO,0.002272
1776354547.8870683,36.451451539993286,PLC -> IO,0.010048
1776354547.9510725,36.51545572280884,PLC -> IO,0.720032
1776354548.0150645,36.579447746276855,PLC -> IO,0.222912
1776354548.0790622,36.64344549179077,PLC -> IO,0.007712
1776354548.1430664,36.70744967460632,PLC -> IO,0.020288
1776354548.2070737,36.7714569568634,PLC -> IO,0.151392
1776354548.2710555,36.83543872833252,PLC -> IO,0.012688
1776354548.335065,36.89944815635681,PLC -> IO,0.140352
1776354548.3990738,36.963457107543945,PLC -> IO,0.251328
1776354548.4631011,37.02748441696167,PLC -> IO,0.11820800000000001
1776354548.5270662,37.09144949913025,PLC -> IO,0.198032
1776354548.591057,37.15544033050537,PLC -> IO,0.181872
1776354548.6550577,37.219440937042236,PLC -> IO,0.666912
1776354548.7190704,37.283453702926636,PLC -> IO,0.003888
1776354548.7830765,37.34745979309082,PLC -> IO,0.152928
1776354548.8470917,37.41147494316101,PLC -> IO,0.5514880000000001
1776354548.9110568,37.47544002532959,PLC -> IO,0.022272
1776354548.975072,37.53945517539978,PLC -> IO,0.115232
1776354549.0390694,37.60345268249512,PLC -> IO,0.192752
1776354549.103066,37.66744923591614,PLC -> IO,0.014928
1776354549.167062,37.7314453125,PLC -> IO,0.20627199999999998
1776354549.2310681,37.795451402664185,PLC -> IO,0.08819199999999999
1776354549.2952108,37.859594106674194,PLC -> IO,0.597952
1776354549.3590703,37.92345356941223,PLC -> IO,0.097648
1776354549.4230554,37.987438678741455,PLC -> IO,0.020912
1776354549.487069,38.05145215988159,PLC -> IO,0.007408
1776354549.5510652,38.11544847488403,PLC -> IO,0.138848
1776354549.61524,38.17962336540222,PLC -> IO,0.9467679999999999
1776354549.6790645,38.24344778060913,PLC -> IO,0.923552
1776354549.7430904,38.30747365951538,PLC -> IO,0.253632
1776354549.8070626,38.37144589424133,PLC -> IO,0.343648
1776354549.8710666,38.435449838638306,PLC -> IO,0.009392
1776354549.9350562,38.49943947792053,PLC -> IO,0.9510719999999999
1776354549.999071,38.563454151153564,PLC -> IO,0.005872
1776354550.0630753,38.627458572387695,PLC -> IO,0.030592
1776354550.1270666,38.691449880599976,PLC -> IO,0.010431999999999999
1776354550.1911027,38.75548601150513,PLC -> IO,0.230048
1776354550.2550638,38.81944704055786,PLC -> IO,0.16667200000000001
1776354550.319077,38.88346028327942,PLC -> IO,0.673792
1776354550.3832252,38.94760847091675,PLC -> IO,0.026448000000000003
1776354550.4470682,39.01145148277283,PLC -> IO,0.030592
1776354550.5110662,39.07544946670532,PLC -> IO,0.010512
1776354550.5750723,39.13945555686951,PLC -> IO,0.004128
1776354550.6390696,39.203452825546265,PLC -> IO,0.186432
1776354550.7030795,39.267462730407715,PLC -> IO,0.138272
1776354550.7670665,39.33144974708557,PLC -> IO,0.22459199999999999
1776354550.8310795,39.39546275138855,PLC -> IO,0.100032
1776354550.8950765,39.45945978164673,PLC -> IO,0.003312
1776354550.9590728,39.52345609664917,PLC -> IO,0.15340800000000002
1776354551.0230646,39.58744788169861,PLC -> IO,0.18011200000000002
1776354551.0870724,39.65145564079285,PLC -> IO,0.017408
1776354551.1510694,39.715452671051025,PLC -> IO,0.0019520000000000002
1776354551.2150676,39.7794508934021,PLC -> IO,0.202912
1776354551.2790673,39.84345054626465,PLC -> IO,0.005472
1776354551.34307,39.907453298568726,PLC -> IO,0.187248
1776354551.4070706,39.97145390510559,PLC -> IO,0.6666880000000001
1776354551.4710722,40.03545546531677,PLC -> IO,0.003072
1776354551.5350647,40.09944796562195,PLC -> IO,0.005152
1776354551.5990756,40.163458824157715,PLC -> IO,0.000112
1776354551.66308,40.227463245391846,PLC -> IO,0.021392
1776354551.7270722,40.29145550727844,PLC -> IO,0.09131199999999999
1776354551.791068,40.355451345443726,PLC -> IO,0.002432
1776354551.8550744,40.41945767402649,PLC -> IO,0.146352
1776354551.9190683,40.48345160484314,PLC -> IO,0.019968
1776354551.9830613,40.547444581985474,PLC -> IO,0.12851200000000002
1776354552.047072,40.61145520210266,PLC -> IO,0.020032
1776354552.1110678,40.675451040267944,PLC -> IO,0.001152
1776354552.1750817,40.73946499824524,PLC -> IO,0.7050719999999999
1776354552.23907,40.80345320701599,PLC -> IO,0.010752
1776354552.303072,40.86745524406433,PLC -> IO,0.010848
1776354552.3670657,40.9314489364624,PLC -> IO,0.187392
1776354552.4310842,40.9954674243927,PLC -> IO,0.10179200000000001
1776354552.4950774,41.05946063995361,PLC -> IO,0.019312
1776354552.5590777,41.1234610080719,PLC -> IO,0.09396800000000001
1776354552.623061,41.18744421005249,PLC -> IO,0.716512
1776354552.6870792,41.25146245956421,PLC -> IO,0.008447999999999999
1776354552.7510698,41.31545305252075,PLC -> IO,0.281072
1776354552.8150663,41.37944960594177,PLC -> IO,0.165792
1776354552.8790784,41.443461656570435,PLC -> IO,0.18260800000000002
1776354552.9430773,41.507460594177246,PLC -> IO,0.021888
1776354553.0070722,41.57145547866821,PLC -> IO,0.008528
1776354553.0710647,41.63544797897339,PLC -> IO,0.17843199999999998
1776354553.1350675,41.699450731277466,PLC -> IO,0.018352
1776354553.1990712,41.76345443725586,PLC -> IO,0.656592
1776354553.263096,41.82747936248779,PLC -> IO,0.160848
1776354553.3270702,41.89145350456238,PLC -> IO,0.223472
1776354553.3910663,41.95544958114624,PLC -> IO,0.0061920000000000005
1776354553.4550722,42.019455432891846,PLC -> IO,0.007391999999999999
1776354553.5190785,42.08346176147461,PLC -> IO,0.001472
1776354553.5830848,42.14746809005737,PLC -> IO,0.159808
1776354553.647109,42.21149230003357,PLC -> IO,0.154048
1776354553.7111115,42.27549481391907,PLC -> IO,0.133328
1776354553.7750716,42.339454889297485,PLC -> IO,0.004048
1776354553.8390725,42.40345573425293,PLC -> IO,0.207072
1776354553.9030793,42.46746253967285,PLC -> IO,0.019168
1776354553.9670694,42.531452655792236,PLC -> IO,0.012752
1776354554.031083,42.59546637535095,PLC -> IO,0.108192
1776354554.095072,42.65945529937744,PLC -> IO,0.17355199999999998
1776354554.159066,42.72344923019409,PLC -> IO,0.011151999999999999
1776354554.2230668,42.787450075149536,PLC -> IO,0.014112
1776354554.287074,42.851457357406616,PLC -> IO,0.17716800000000002
1776354554.3510795,42.91546273231506,PLC -> IO,0.004032
1776354554.4153135,42.97969675064087,PLC -> IO,0.462928
1776354554.4790726,43.043455839157104,PLC -> IO,0.007552
1776354554.5431027,43.10748600959778,PLC -> IO,0.197392
1776354554.6070735,43.171456813812256,PLC -> IO,0.016528
1776354554.6710706,43.235453844070435,PLC -> IO,0.005472
1776354554.735068,43.29945135116577,PLC -> IO,0.098352
1776354554.7990792,43.36346244812012,PLC -> IO,0.007808000000000001
1776354554.8630793,43.427462577819824,PLC -> IO,0.21915199999999999
1776354554.927256,43.491639375686646,PLC -> IO,0.000288
1776354554.991087,43.55547022819519,PLC -> IO,0.005248
1776354555.055076,43.61945915222168,PLC -> IO,0.009408
1776354555.11907,43.68345332145691,PLC -> IO,0.011568
1776354555.1830754,43.747458696365356,PLC -> IO,0.011871999999999999
1776354555.2471101,43.81149339675903,PLC -> IO,0.09780799999999999
1776354555.3110785,43.87546181678772,PLC -> IO,0.006592
1776354555.3750706,43.93945384025574,PLC -> IO,0.008447999999999999
1776354555.4390678,44.003451108932495,PLC -> IO,0.208672
1776354555.5030797,44.06746292114258,PLC -> IO,0.180608
1776354555.5670788,44.13146209716797,PLC -> IO,0.005152
1776354555.6310816,44.195464849472046,PLC -> IO,0.154112
1776354555.6952207,44.25960397720337,PLC -> IO,0.533152
1776354555.759073,44.32345628738403,PLC -> IO,0.44179199999999996
1776354555.8230693,44.387452602386475,PLC -> IO,0.014992
1776354555.887082,44.451465368270874,PLC -> IO,0.008528
1776354555.9510736,44.51545691490173,PLC -> IO,0.744432
1776354556.0151021,44.57948541641235,PLC -> IO,0.145648
1776354556.0790734,44.64345669746399,PLC -> IO,0.009712
1776354556.1430771,44.70746040344238,PLC -> IO,0.18804800000000002
1776354556.2070763,44.77145957946777,PLC -> IO,0.297728
1776354556.2710764,44.83545970916748,PLC -> IO,0.006352
1776354556.3350713,44.89945459365845,PLC -> IO,0.229552
1776354556.3990848,44.963468074798584,PLC -> IO,0.000352
1776354556.4630826,45.0274658203125,PLC -> IO,0.220272
1776354556.527602,45.09198522567749,PLC -> IO,0.195232
1776354556.5910718,45.155455112457275,PLC -> IO,0.016512
1776354556.6550825,45.21946573257446,PLC -> IO,0.005968
1776354556.7190847,45.28346800804138,PLC -> IO,0.146672
1776354556.783063,45.34744620323181,PLC -> IO,0.010752
1776354556.8470755,45.41145873069763,PLC -> IO,0.036112000000000005
1776354556.9110897,45.475472927093506,PLC -> IO,0.005968
1776354556.9750874,45.53947067260742,PLC -> IO,0.212032
1776354557.0391045,45.603487730026245,PLC -> IO,0.138512
1776354557.10309,45.66747331619263,PLC -> IO,0.013808
1776354557.1670847,45.731467962265015,PLC -> IO,0.003072
1776354557.2310905,45.79547381401062,PLC -> IO,0.148032
1776354557.2950778,45.859461069107056,PLC -> IO,0.012032
1776354557.3590746,45.923457860946655,PLC -> IO,0.010912
1776354557.4230864,45.98746967315674,PLC -> IO,0.170992
1776354557.4870775,46.05146074295044,PLC -> IO,0.017567999999999997
1776354557.5510778,46.115461111068726,PLC -> IO,0.0077919999999999994
1776354557.615072,46.179455280303955,PLC -> IO,0.250592
1776354557.6790757,46.24345898628235,PLC -> IO,0.113312
1776354557.7430818,46.30746507644653,PLC -> IO,0.200848
1776354557.8070745,46.37145781517029,PLC -> IO,0.005888
1776354557.8710792,46.435462474823,PLC -> IO,0.003712
1776354557.935086,46.49946928024292,PLC -> IO,0.135728
1776354557.9990869,46.563470125198364,PLC -> IO,0.17444800000000002
1776354558.063082,46.62746524810791,PLC -> IO,0.035792
1776354558.1270874,46.69147062301636,PLC -> IO,0.17955200000000002
1776354558.1910865,46.75546979904175,PLC -> IO,0.096208
1776354558.255082,46.81946516036987,PLC -> IO,0.18148799999999998
1776354558.3193672,46.883750438690186,PLC -> IO,0.451152
1776354558.383074,46.9474573135376,PLC -> IO,0.017391999999999998
1776354558.4470792,47.011462450027466,PLC -> IO,0.040111999999999995
1776354558.5110698,47.07545304298401,PLC -> IO,0.025168
1776354558.5750818,47.13946509361267,PLC -> IO,0.003008
1776354558.6390786,47.20346188545227,PLC -> IO,0.013712
1776354558.7030954,47.267478704452515,PLC -> IO,0.167072
1776354558.7670977,47.331480979919434,PLC -> IO,0.7779520000000001
1776354558.8310895,47.39547276496887,PLC -> IO,0.109952
1776354558.8950903,47.459473609924316,PLC -> IO,0.340368
1776354558.9590738,47.523457050323486,PLC -> IO,0.018912
1776354559.0230849,47.58746814727783,PLC -> IO,0.002928
1776354559.0870852,47.65146851539612,PLC -> IO,0.018768
1776354559.1510696,47.715452909469604,PLC -> IO,0.6978719999999999
1776354559.2152977,47.77968096733093,PLC -> IO,0.134048
1776354559.2790904,47.84347367286682,PLC -> IO,0.208192
1776354559.3431177,47.907500982284546,PLC -> IO,1.4373120000000001
1776354559.4070756,47.97145891189575,PLC -> IO,0.005872
1776354559.471076,48.03545928001404,PLC -> IO,0.014192000000000001
1776354559.5350738,48.099457025527954,PLC -> IO,0.671312
1776354559.5990872,48.16347050666809,PLC -> IO,0.0021119999999999997
1776354559.663086,48.22746920585632,PLC -> IO,0.038672
1776354559.727091,48.29147434234619,PLC -> IO,0.209792
1776354559.7910917,48.35547494888306,PLC -> IO,0.008048
1776354559.8550982,48.4194815158844,PLC -> IO,0.176528
1776354559.9190876,48.48347091674805,PLC -> IO,0.13131199999999998
1776354559.983086,48.5474693775177,PLC -> IO,0.012192
1776354560.0470808,48.61146402359009,PLC -> IO,0.035151999999999996
1776354560.1110873,48.67547059059143,PLC -> IO,0.005327999999999999
1776354560.1750875,48.73947072029114,PLC -> IO,0.166112
1776354560.2390912,48.80347442626953,PLC -> IO,0.002128
1776354560.3030896,48.867472887039185,PLC -> IO,0.012448
1776354560.3670988,48.9314820766449,PLC -> IO,0.208512
1776354560.4310937,48.995476961135864,PLC -> IO,0.12019200000000001
1776354560.4950833,49.05946660041809,PLC -> IO,0.201392
1776354560.5591264,49.123509645462036,PLC -> IO,1.085072
1776354560.623097,49.187480211257935,PLC -> IO,0.16803200000000001
1776354560.6870983,49.25148153305054,PLC -> IO,0.738352
1776354560.7510862,49.31546950340271,PLC -> IO,0.010752
1776354560.8150797,49.3794629573822,PLC -> IO,0.040111999999999995
1776354560.8790877,49.44347095489502,PLC -> IO,0.012608
1776354560.9432302,49.50761342048645,PLC -> IO,0.273232
1776354561.0070834,49.57146668434143,PLC -> IO,0.102608
1776354561.0710716,49.63545489311218,PLC -> IO,0.19228800000000001
1776354561.1350973,49.69948053359985,PLC -> IO,0.0061920000000000005
1776354561.1990929,49.76347613334656,PLC -> IO,0.000288
1776354561.2630796,49.827462911605835,PLC -> IO,0.053072
1776354561.3270838,49.89146709442139,PLC -> IO,0.005568
1776354561.3910918,49.955475091934204,PLC -> IO,0.016992
1776354561.4550972,50.01948046684265,PLC -> IO,0.679152
1776354561.519083,50.08346629142761,PLC -> IO,0.016112
1776354561.583253,50.14763617515564,PLC -> IO,0.21612800000000001
1776354561.647082,50.21146535873413,PLC -> IO,0.034032
1776354561.7110853,50.275468587875366,PLC -> IO,0.012448
1776354561.775075,50.33945822715759,PLC -> IO,0.015407999999999998
1776354561.8390787,50.403461933135986,PLC -> IO,0.18771200000000002
1776354561.903095,50.46747827529907,PLC -> IO,0.015328
1776354561.9670885,50.531471729278564,PLC -> IO,0.009408
1776354562.031091,50.59547424316406,PLC -> IO,0.109472
1776354562.0950816,50.659464836120605,PLC -> IO,0.010272
1776354562.1590848,50.72346806526184,PLC -> IO,0.015951999999999997
1776354562.2230852,50.78746843338013,PLC -> IO,0.707008
1776354562.2870836,50.85146689414978,PLC -> IO,0.183808
1776354562.3510888,50.91547203063965,PLC -> IO,0.726192
1776354562.4150846,50.97946786880493,PLC -> IO,0.038512
1776354562.479094,51.043477296829224,PLC -> IO,0.005968
1776354562.5432253,51.10760855674744,PLC -> IO,0.260288
1776354562.6070807,51.17146396636963,PLC -> IO,0.17435199999999998
1776354562.6710856,51.23546886444092,PLC -> IO,0.017152
1776354562.7350984,51.29948163032532,PLC -> IO,0.006272000000000001
1776354562.7990766,51.36345982551575,PLC -> IO,0.025152
1776354562.8630853,51.4274685382843,PLC -> IO,0.146112
1776354562.927103,51.49148631095886,PLC -> IO,0.117088
1776354562.991095,51.55547833442688,PLC -> IO,0.010848
1776354563.0550907,51.619473934173584,PLC -> IO,0.007488
1776354563.1190798,51.68346309661865,PLC -> IO,0.161632
1776354563.1830804,51.74746370315552,PLC -> IO,0.002752
1776354563.2470846,51.81146788597107,PLC -> IO,0.038912
1776354563.3110847,51.875468015670776,PLC -> IO,0.003408
1776354563.3750908,51.93947410583496,PLC -> IO,0.201232
1776354563.4390848,52.00346803665161,PLC -> IO,0.005712
1776354563.50311,52.067493200302124,PLC -> IO,0.007632000000000001
1776354563.567096,52.131479263305664,PLC -> IO,0.325552
1776354563.6310937,52.19547700881958,PLC -> IO,0.155152
1776354563.6950848,52.25946807861328,PLC -> IO,0.017391999999999998
1776354563.7590916,52.3234748840332,PLC -> IO,0.011472
1776354563.8230991,52.38748240470886,PLC -> IO,0.151312
1776354563.8870945,52.45147776603699,PLC -> IO,0.011568
1776354563.951089,52.515472173690796,PLC -> IO,0.17619200000000002
1776354564.0150697,52.579452991485596,PLC -> IO,0.203792
1776354564.0790935,52.643476724624634,PLC -> IO,0.007808000000000001
1776354564.1431122,52.70749545097351,PLC -> IO,0.700832
1776354564.2070804,52.77146363258362,PLC -> IO,0.017391999999999998
1776354564.271083,52.835466384887695,PLC -> IO,0.021632
1776354564.3350956,52.899478912353516,PLC -> IO,0.003968
1776354564.3990912,52.96347451210022,PLC -> IO,0.019792
1776354564.463089,53.027472257614136,PLC -> IO,0.067792
1776354564.5270894,53.09147262573242,PLC -> IO,0.014192000000000001
1776354564.5911129,53.15549612045288,PLC -> IO,0.018432
1776354564.6550984,53.21948170661926,PLC -> IO,0.153312
1776354564.7190876,53.28347086906433,PLC -> IO,0.005392
1776354564.7830846,53.34746789932251,PLC -> IO,0.022432
1776354564.8471007,53.41148400306702,PLC -> IO,0.014992
1776354564.9110825,53.47546577453613,PLC -> IO,0.012688
1776354564.975081,53.539464235305786,PLC -> IO,0.002688
1776354565.039086,53.603469371795654,PLC -> IO,0.010672000000000001
1776354565.1031015,53.667484760284424,PLC -> IO,0.008608
1776354565.1670992,53.73148250579834,PLC -> IO,0.139952
1776354565.2310894,53.795472621917725,PLC -> IO,0.15659199999999998
1776354565.295084,53.85946726799011,PLC -> IO,0.009632
1776354565.3590884,53.92347168922424,PLC -> IO,0.726112
1776354565.423095,53.987478256225586,PLC -> IO,0.001648
1776354565.4870977,54.05148100852966,PLC -> IO,0.0005279999999999999
1776354565.5510898,54.11547303199768,PLC -> IO,0.101872
1776354565.6151295,54.17951273918152,PLC -> IO,0.12564799999999998
1776354565.679105,54.24348831176758,PLC -> IO,0.814032
1776354565.74309,54.30747318267822,PLC -> IO,0.155808
1776354565.80707,54.371453285217285,PLC -> IO,0.032832
1776354565.8710861,54.43546938896179,PLC -> IO,0.020352000000000002
1776354565.9350972,54.49948048591614,PLC -> IO,0.005392
1776354565.9991045,54.56348776817322,PLC -> IO,0.002688
1776354566.0630903,54.62747359275818,PLC -> IO,0.20827199999999998
1776354566.1271002,54.69148349761963,PLC -> IO,0.706032
1776354566.1910944,54.75547766685486,PLC -> IO,0.008928
1776354566.2550917,54.819474935531616,PLC -> IO,0.010048
1776354566.3190851,54.88346838951111,PLC -> IO,0.009472
1776354566.3830864,54.94746971130371,PLC -> IO,0.029071999999999997
1776354566.447101,55.01148438453674,PLC -> IO,0.025712
1776354566.511099,55.07548236846924,PLC -> IO,0.635072
1776354566.575089,55.139472246170044,PLC -> IO,0.596992
1776354566.6390927,55.20347595214844,PLC -> IO,0.029152
1776354566.7031105,55.267493724823,PLC -> IO,0.721632
1776354566.7670999,55.331483125686646,PLC -> IO,0.001328
1776354566.8310921,55.39547538757324,PLC -> IO,3.282048
1776354566.895081,55.45946431159973,PLC -> IO,0.018831999999999998
1776354566.9590962,55.52347946166992,PLC -> IO,0.678112
1776354567.0233028,55.58768606185913,PLC -> IO,0.609392
1776354567.087094,55.651477336883545,PLC -> IO,0.0070079999999999995
1776354567.1510875,55.71547079086304,PLC -> IO,0.039312
1776354567.2150903,55.779473543167114,PLC -> IO,0.069712
1776354567.2791011,55.84348440170288,PLC -> IO,0.0057280000000000005
1776354567.3431003,55.90748357772827,PLC -> IO,0.168128
1776354567.4070888,55.9714720249176,PLC -> IO,0.013072
1776354567.4710882,56.03547143936157,PLC -> IO,0.021632
1776354567.535099,56.09948229789734,PLC -> IO,0.006912
1776354567.5990934,56.16347670555115,PLC -> IO,0.151072
1776354567.6630921,56.22747540473938,PLC -> IO,0.168192
1776354567.7271013,56.29148459434509,PLC -> IO,0.205872
1776354567.791098,56.35548138618469,PLC -> IO,0.009248000000000001
1776354567.8550959,56.41947913169861,PLC -> IO,0.009568
1776354567.9190934,56.483476638793945,PLC -> IO,0.0033280000000000002
1776354567.9830937,56.54747700691223,PLC -> IO,0.023472000000000003
1776354568.0471091,56.611492395401,PLC -> IO,0.213552
1776354568.1110969,56.675480127334595,PLC -> IO,0.000688
1776354568.1750903,56.73947358131409,PLC -> IO,0.005312
1776354568.2390914,56.80347466468811,PLC -> IO,0.018432
1776354568.3031056,56.867488861083984,PLC -> IO,0.029808
1776354568.3671012,56.93148446083069,PLC -> IO,0.015951999999999997
1776354568.4310927,56.99547600746155,PLC -> IO,0.007152
1776354568.4950888,57.05947208404541,PLC -> IO,0.030032
1776354568.5590951,57.123478412628174,PLC -> IO,0.014112
1776354568.6230972,57.187480449676514,PLC -> IO,0.003568
1776354568.6871006,57.25148391723633,PLC -> IO,0.000272
1776354568.7510886,57.3154718875885,PLC -> IO,0.6717920000000001
1776354568.8151562,57.379539489746094,PLC -> IO,0.227648
1776354568.8790975,57.44348073005676,PLC -> IO,0.010208
1776354568.943096,57.507479190826416,PLC -> IO,0.015007999999999999
1776354569.0071084,57.571491718292236,PLC -> IO,0.078928
1776354569.0711045,57.6354877948761,PLC -> IO,0.189792
1776354569.1350992,57.699482440948486,PLC -> IO,0.005712
1776354569.1990972,57.76348042488098,PLC -> IO,0.011871999999999999
1776354569.2632573,57.827640533447266,PLC -> IO,0.017232
1776354569.327103,57.891486167907715,PLC -> IO,0.008432
1776354569.391104,57.95548725128174,PLC -> IO,0.164752
1776354569.455094,58.01947736740112,PLC -> IO,0.002992
1776354569.5190933,58.083476543426514,PLC -> IO,0.005952
1776354569.5830941,58.14747738838196,PLC -> IO,0.49299200000000004
1776354569.6471076,58.211490869522095,PLC -> IO,0.708752
1776354569.711101,58.27548432350159,PLC -> IO,0.00012800000000000002
1776354569.7750828,58.3394660949707,PLC -> IO,0.016048
1776354569.8390942,58.40347743034363,PLC -> IO,0.016832
1776354569.9031422,58.467525482177734,PLC -> IO,0.08731199999999999
1776354569.9671035,58.53148674964905,PLC -> IO,0.001728
1776354570.0311081,58.59549140930176,PLC -> IO,0.6054879999999999
1776354570.0951183,58.65950155258179,PLC -> IO,0.008208
1776354570.1590972,58.723480463027954,PLC -> IO,0.010528
1776354570.223099,58.787482261657715,PLC -> IO,0.163648
1776354570.287084,58.85146737098694,PLC -> IO,0.024688
1776354570.3510962,58.9154794216156,PLC -> IO,0.029471999999999998
1776354570.4151,58.97948336601257,PLC -> IO,0.161952
1776354570.4790924,59.04347562789917,PLC -> IO,0.481008
1776354570.5430965,59.10747981071472,PLC -> IO,0.016447999999999997
1776354570.6070852,59.17146849632263,PLC -> IO,0.043952000000000005
1776354570.6711044,59.23548769950867,PLC -> IO,0.712912
1776354570.7350996,59.29948282241821,PLC -> IO,0.007328
1776354570.799105,59.36348819732666,PLC -> IO,0.003232
1776354570.8630981,59.42748141288757,PLC -> IO,0.188912
1776354570.927252,59.4916353225708,PLC -> IO,0.579472
1776354570.991101,59.55548429489136,PLC -> IO,0.008608
1776354571.0550995,59.61948275566101,PLC -> IO,0.001728
1776354571.1190886,59.68347191810608,PLC -> IO,0.012512
1776354571.1830962,59.74747943878174,PLC -> IO,0.083552
1776354571.2471087,59.81149196624756,PLC -> IO,0.020432
1776354571.3111005,59.875483751297,PLC -> IO,0.001408
1776354571.3750925,59.939475774765015,PLC -> IO,0.049472
1776354571.439096,60.00347924232483,PLC -> IO,0.712032
1776354571.5031357,60.06751894950867,PLC -> IO,0.123072
1776354571.567102,60.13148522377014,PLC -> IO,0.106672
1776354571.6310964,60.19547963142395,PLC -> IO,0.003152
1776354571.6950994,60.259482622146606,PLC -> IO,0.016352
1776354571.7591121,60.323495388031006,PLC -> IO,0.003952
1776354571.8230915,60.38747477531433,PLC -> IO,0.009072
1776354571.887103,60.451486349105835,PLC -> IO,0.0026079999999999996
1776354571.9511006,60.51548385620117,PLC -> IO,0.142912
1776354572.0151105,60.57949376106262,PLC -> IO,0.715712
1776354572.079104,60.643487215042114,PLC -> IO,0.004608
1776354572.1431,60.70748329162598,PLC -> IO,0.014048
1776354572.2070944,60.771477699279785,PLC -> IO,0.026432
1776354572.2711089,60.83549213409424,PLC -> IO,0.008672
1776354572.3351061,60.899489402770996,PLC -> IO,0.000592
1776354572.399097,60.96348023414612,PLC -> IO,0.019871999999999997
1776354572.4631016,61.02748489379883,PLC -> IO,0.106112
1776354572.5271194,61.09150266647339,PLC -> IO,0.062512
1776354572.5912504,61.15563368797302,PLC -> IO,0.682832
1776354572.6551054,61.21948862075806,PLC -> IO,0.001392
1776354572.7191002,61.28348350524902,PLC -> IO,0.24196800000000002
1776354572.783102,61.347485303878784,PLC -> IO,0.017391999999999998
1776354572.8471105,61.41149377822876,PLC -> IO,0.166032
1776354572.9111083,61.475491523742676,PLC -> IO,0.0029119999999999997
1776354572.9750988,61.53948211669922,PLC -> IO,0.006672
1776354573.0391214,61.60350465774536,PLC -> IO,0.645408
1776354573.1031175,61.667500734329224,PLC -> IO,0.017887999999999998
1776354573.1671054,61.7314887046814,PLC -> IO,1.751872
1776354573.2311034,61.79548668861389,PLC -> IO,0.004912
1776354573.2951047,61.859488010406494,PLC -> IO,0.014032000000000001
1776354573.3591142,61.923497438430786,PLC -> IO,0.012352
1776354573.4231024,61.98748564720154,PLC -> IO,0.016192
1776354573.4871066,62.05148983001709,PLC -> IO,0.0038079999999999998
1776354573.5511005,62.11548376083374,PLC -> IO,0.831392
1776354573.6151404,62.17952370643616,PLC -> IO,0.006848
1776354573.6791036,62.2434868812561,PLC -> IO,0.009888
1776354573.7431087,62.30749201774597,PLC -> IO,0.005968
1776354573.8071074,62.371490716934204,PLC -> IO,0.015632
1776354573.8711047,62.43548798561096,PLC -> IO,0.008528
1776354573.9351072,62.49949049949646,PLC -> IO,0.0008320000000000001
1776354573.9991004,62.56348371505737,PLC -> IO,0.055071999999999996
1776354574.0630994,62.627482652664185,PLC -> IO,0.728032
1776354574.1271133,62.69149661064148,PLC -> IO,0.6022879999999999
1776354574.1911101,62.75549340248108,PLC -> IO,0.0034879999999999998
1776354574.2551026,62.819485902786255,PLC -> IO,0.000352
1776354574.3191044,62.883487701416016,PLC -> IO,0.7187520000000001
1776354574.383125,62.947508335113525,PLC -> IO,0.155168
1776354574.4471116,63.011494874954224,PLC -> IO,0.019392
1776354574.5111046,63.07548785209656,PLC -> IO,0.001888
1776354574.5751104,63.13949370384216,PLC -> IO,0.15092799999999998
1776354574.6391075,63.20349073410034,PLC -> IO,0.009232
1776354574.7031372,63.26752042770386,PLC -> IO,0.098752
1776354574.7671096,63.33149290084839,PLC -> IO,0.001008
1776354574.831107,63.39549016952515,PLC -> IO,0.255648
1776354574.8951097,63.459492921829224,PLC -> IO,0.011712
1776354574.959287,63.5236701965332,PLC -> IO,0.015472
1776354575.0231051,63.587488412857056,PLC -> IO,0.818672
1776354575.0871146,63.65149784088135,PLC -> IO,0.184112
1776354575.1511,63.71548318862915,PLC -> IO,0.023392
1776354575.2151225,63.77950572967529,PLC -> IO,0.6901919999999999
1776354575.2791097,63.84349298477173,PLC -> IO,0.175392
1776354575.3431036,63.90748691558838,PLC -> IO,0.201648
1776354575.4071054,63.97148871421814,PLC -> IO,0.15451199999999998
1776354575.47112,64.03550338745117,PLC -> IO,0.0048319999999999995
1776354575.5351071,64.09949040412903,PLC -> IO,0.017312
1776354575.5991035,64.16348671913147,PLC -> IO,0.009472
1776354575.663105,64.22748827934265,PLC -> IO,0.122512
1776354575.7271147,64.29149794578552,PLC -> IO,0.014528000000000001
1776354575.7910998,64.35548305511475,PLC -> IO,0.011488
1776354575.8551016,64.4194848537445,PLC -> IO,0.006592
1776354575.919106,64.48348927497864,PLC -> IO,0.012512
1776354575.9831269,64.54751014709473,PLC -> IO,0.001168
1776354576.0471115,64.61149477958679,PLC -> IO,0.015792
1776354576.1111026,64.6754858493805,PLC -> IO,0.011632
1776354576.1751075,64.73949074745178,PLC -> IO,0.113232
1776354576.2391086,64.8034918308258,PLC -> IO,0.011871999999999999
1776354576.3031154,64.86749863624573,PLC -> IO,0.024848
1776354576.36711,64.93149328231812,PLC -> IO,0.039232
1776354576.4310997,64.99548292160034,PLC -> IO,0.005648
1776354576.4951262,65.05950951576233,PLC -> IO,0.18532800000000002
1776354576.5591135,65.12349677085876,PLC -> IO,0.002352
1776354576.6231105,65.18749380111694,PLC -> IO,0.217328
1776354576.687113,65.25149631500244,PLC -> IO,0.001168
1776354576.7511137,65.3154969215393,PLC -> IO,0.017712
1776354576.8151522,65.37953543663025,PLC -> IO,0.24284799999999998
1776354576.87911,65.44349336624146,PLC -> IO,0.001232
1776354576.9431176,65.50750088691711,PLC -> IO,0.196512
1776354577.007114,65.57149720191956,PLC -> IO,0.009311999999999999
1776354577.0711198,65.63550305366516,PLC -> IO,0.0041919999999999995
1776354577.1351106,65.69949388504028,PLC -> IO,0.004592000000000001
1776354577.1991105,65.76349377632141,PLC -> IO,0.015152
1776354577.2631052,65.8274884223938,PLC -> IO,0.220192
1776354577.327119,65.8915023803711,PLC -> IO,0.015088
1776354577.391117,65.95550036430359,PLC -> IO,0.387712
1776354577.4551053,66.01948857307434,PLC -> IO,0.7073119999999999
1776354577.5191057,66.08348894119263,PLC -> IO,0.013312000000000001
1776354577.583124,66.14750719070435,PLC -> IO,0.004272
1776354577.6471128,66.21149611473083,PLC -> IO,0.019792
1776354577.7111092,66.27549242973328,PLC -> IO,0.160032
1776354577.775106,66.33948922157288,PLC -> IO,0.181232
1776354577.8391213,66.40350461006165,PLC -> IO,0.288608
1776354577.9031153,66.4674985408783,PLC -> IO,0.031568
1776354577.967107,66.53149032592773,PLC -> IO,0.264352
1776354578.0311105,66.59549379348755,PLC -> IO,0.143712
1776354578.0951118,66.65949511528015,PLC -> IO,0.211312
1776354578.1591024,66.7234857082367,PLC -> IO,0.010368
1776354578.2231045,66.78748774528503,PLC -> IO,0.19564800000000002
1776354578.2871132,66.85149645805359,PLC -> IO,0.008928
1776354578.3511147,66.91549801826477,PLC -> IO,0.014192000000000001
1776354578.4151187,66.97950196266174,PLC -> IO,0.14707199999999998
1776354578.4791057,67.0434889793396,PLC -> IO,0.005568
1776354578.543115,67.10749816894531,PLC -> IO,0.003568
1776354578.6071203,67.17150354385376,PLC -> IO,0.007072
1776354578.6711204,67.23550367355347,PLC -> IO,0.000672
1776354578.7351084,67.29949164390564,PLC -> IO,0.008112
1776354578.7991083,67.36349153518677,PLC -> IO,0.012832
1776354578.8631165,67.42749977111816,PLC -> IO,0.222432
1776354578.927125,67.49150824546814,PLC -> IO,0.492528
1776354578.991116,67.55549931526184,PLC -> IO,0.159392
1776354579.055111,67.61949419975281,PLC -> IO,0.001968
1776354579.119114,67.68349719047546,PLC -> IO,0.006832
1776354579.1831286,67.7475118637085,PLC -> IO,0.0025280000000000003
1776354579.2471125,67.81149578094482,PLC -> IO,0.188752
1776354579.3111157,67.87549901008606,PLC -> IO,0.675712
1776354579.3751037,67.93948698043823,PLC -> IO,0.108032
1776354579.4391215,68.0035047531128,PLC -> IO,0.000928
1776354579.5031328,68.06751608848572,PLC -> IO,0.008208
1776354579.5671182,68.13150143623352,PLC -> IO,0.138208
1776354579.6311252,68.19550848007202,PLC -> IO,0.510448
1776354579.6951272,68.25951051712036,PLC -> IO,0.652032
1776354579.7591243,68.32350754737854,PLC -> IO,0.001088
1776354579.8231084,68.38749170303345,PLC -> IO,0.006032
1776354579.887121,68.45150423049927,PLC -> IO,0.001152
1776354579.9511175,68.51550078392029,PLC -> IO,0.172352
1776354580.0151222,68.579505443573,PLC -> IO,0.156512
1776354580.079116,68.64349937438965,PLC -> IO,0.000592
1776354580.1431143,68.70749759674072,PLC -> IO,0.000768
1776354580.2071195,68.77150273323059,PLC -> IO,1.621872
1776354580.2711208,68.8355040550232,PLC -> IO,0.000672
1776354580.335117,68.89950037002563,PLC -> IO,0.001392
1776354580.3991132,68.9634964466095,PLC -> IO,0.365232
1776354580.4631214,69.0275046825409,PLC -> IO,0.138272
1776354580.5271196,69.09150290489197,PLC -> IO,0.015007999999999999
1776354580.5911121,69.15549540519714,PLC -> IO,0.005152
1776354580.6551092,69.21949243545532,PLC -> IO,0.001632
1776354580.7191226,69.28350591659546,PLC -> IO,0.26780800000000005
1776354580.7831204,69.34750366210938,PLC -> IO,0.024512
1776354580.8471348,69.41151809692383,PLC -> IO,0.508128
1776354580.9111097,69.47549295425415,PLC -> IO,0.006768000000000001
1776354580.9751217,69.53950500488281,PLC -> IO,0.023472000000000003
1776354581.0391293,69.60351252555847,PLC -> IO,0.635232
1776354581.1031213,69.66750454902649,PLC -> IO,0.324448
1776354581.1671085,69.73149180412292,PLC -> IO,0.015712
1776354581.231126,69.7955093383789,PLC -> IO,0.142848
1776354581.295127,69.85951018333435,PLC -> IO,0.001072
1776354581.359118,69.92350125312805,PLC -> IO,0.042512
1776354581.423096,69.9874792098999,PLC -> IO,0.020352000000000002
1776354581.487116,70.05149936676025,PLC -> IO,0.007328
1776354581.551115,70.11549830436707,PLC -> IO,0.153472
1776354581.6151273,70.1795105934143,PLC -> IO,0.017792
1776354581.679113,70.24349617958069,PLC -> IO,0.201552
1776354581.7431197,70.30750298500061,PLC -> IO,0.369328
1776354581.807117,70.37150025367737,PLC -> IO,0.160592
1776354581.8711202,70.4355034828186,PLC -> IO,0.008352
1776354581.9351196,70.49950289726257,PLC -> IO,0.026112
1776354581.9991174,70.56350064277649,PLC -> IO,0.017071999999999997
1776354582.063122,70.6275053024292,PLC -> IO,0.763552
1776354582.127128,70.6915111541748,PLC -> IO,0.009008
1776354582.1910977,70.75548100471497,PLC -> IO,0.031408
1776354582.2551186,70.81950187683105,PLC -> IO,0.179648
1776354582.3191187,70.88350200653076,PLC -> IO,0.016272
1776354582.3831294,70.94751262664795,PLC -> IO,0.000688
1776354582.4471416,71.01152491569519,PLC -> IO,0.114368
1776354582.5111198,71.07550311088562,PLC -> IO,4.8e-05
1776354582.575123,71.13950634002686,PLC -> IO,0.700272
1776354582.6391304,71.20351362228394,PLC -> IO,0.177648
1776354582.7031217,71.26750493049622,PLC -> IO,0.020048
1776354582.7671127,71.33149600028992,PLC -> IO,0.011952
1776354582.8312974,71.39568066596985,PLC -> IO,0.673552
1776354582.8951287,71.45951199531555,PLC -> IO,0.7337119999999999
1776354582.9591272,71.5235104560852,PLC -> IO,0.17932800000000002
1776354583.0231164,71.58749961853027,PLC -> IO,0.009568
1776354583.087138,71.6515212059021,PLC -> IO,0.148112
1776354583.1511343,71.71551752090454,PLC -> IO,0.003888
1776354583.2151282,71.77951145172119,PLC -> IO,0.022832
1776354583.279118,71.843501329422,PLC -> IO,0.005712
1776354583.3431344,71.90751767158508,PLC -> IO,0.013008
1776354583.4071198,71.97150301933289,PLC -> IO,0.539872
1776354583.4711175,72.0355007648468,PLC -> IO,0.002432
1776354583.5351124,72.09949564933777,PLC -> IO,0.010112000000000001
1776354583.5991137,72.16349697113037,PLC -> IO,0.21091200000000002
1776354583.663125,72.2275083065033,PLC -> IO,0.151792
1776354583.7271216,72.29150485992432,PLC -> IO,0.014447999999999999
1776354583.7911212,72.35550451278687,PLC -> IO,0.004448
1776354583.8551152,72.41949844360352,PLC -> IO,0.933488
1776354583.9191282,72.4835114479065,PLC -> IO,0.010192
1776354583.9831173,72.54750061035156,PLC -> IO,0.357248
1776354584.0471227,72.61150598526001,PLC -> IO,0.012192
1776354584.1111183,72.67550158500671,PLC -> IO,0.001872
1776354584.1751232,72.739506483078,PLC -> IO,0.007552
1776354584.2391274,72.80351066589355,PLC -> IO,0.002128
1776354584.3031218,72.86750507354736,PLC -> IO,0.266368
1776354584.3671222,72.93150544166565,PLC -> IO,0.002752
1776354584.4311118,72.99549508094788,PLC -> IO,0.061711999999999996
1776354584.4951277,73.0595109462738,PLC -> IO,0.006112
1776354584.559123,73.12350630760193,PLC -> IO,0.008192000000000001
1776354584.623125,73.18750834465027,PLC -> IO,0.146352
1776354584.6871314,73.25151467323303,PLC -> IO,0.004448
1776354584.7511346,73.31551790237427,PLC -> IO,0.011952
1776354584.8151271,73.37951040267944,PLC -> IO,0.209232
1776354584.8791206,73.44350385665894,PLC -> IO,0.21507199999999999
1776354584.9431314,73.5075147151947,PLC -> IO,0.005327999999999999
1776354585.0071294,73.5715126991272,PLC -> IO,0.007232000000000001
1776354585.0711284,73.63551163673401,PLC -> IO,0.001632
1776354585.135123,73.6995062828064,PLC -> IO,0.162192
1776354585.1991212,73.76350450515747,PLC -> IO,0.888112
1776354585.2631254,73.82750868797302,PLC -> IO,0.15859199999999998
1776354585.3271377,73.89152097702026,PLC -> IO,0.003472
1776354585.3911204,73.9555037021637,PLC -> IO,0.19827199999999998
1776354585.4551218,74.0195050239563,PLC -> IO,0.13131199999999998
1776354585.5191271,74.08351039886475,PLC -> IO,0.194752
1776354585.583129,74.1475121974945,PLC -> IO,0.0074719999999999995
1776354585.6471229,74.21150612831116,PLC -> IO,0.172928
1776354585.7111232,74.27550649642944,PLC -> IO,0.013231999999999999
1776354585.7751238,74.33950710296631,PLC -> IO,0.006672
1776354585.8391325,74.40351581573486,PLC -> IO,0.0005120000000000001
1776354585.9031527,74.46753597259521,PLC -> IO,0.219952
1776354585.9671268,74.5315101146698,PLC -> IO,0.0034879999999999998
1776354586.0311291,74.59551239013672,PLC -> IO,0.012848
1776354586.0951285,74.65951180458069,PLC -> IO,0.006448
1776354586.159114,74.72349715232849,PLC -> IO,0.650592
1776354586.2231257,74.78750896453857,PLC -> IO,0.019168
1776354586.2871454,74.85152864456177,PLC -> IO,0.108032
1776354586.3511353,74.91551852226257,PLC -> IO,0.0028320000000000003
1776354586.4151282,74.97951149940491,PLC -> IO,0.880112
1776354586.4791307,75.0435140132904,PLC -> IO,0.20108800000000002
1776354586.5431342,75.10751748085022,PLC -> IO,0.007488
1776354586.6071296,75.17151284217834,PLC -> IO,0.167632
1776354586.6711218,75.23550510406494,PLC -> IO,0.200432
1776354586.7351134,75.2994966506958,PLC -> IO,0.011488
1776354586.7991314,75.36351466178894,PLC -> IO,0.007312
1776354586.8631368,75.42752003669739,PLC -> IO,0.233792
1776354586.9271312,75.4915144443512,PLC -> IO,0.007568
1776354586.9911354,75.55551862716675,PLC -> IO,1.741952
1776354587.0551188,75.61950206756592,PLC -> IO,0.015951999999999997
1776354587.119125,75.6835081577301,PLC -> IO,0.014592
1776354587.1831245,75.74750781059265,PLC -> IO,0.193072
1776354587.2471242,75.8115074634552,PLC -> IO,0.021232
1776354587.3111246,75.87550783157349,PLC -> IO,0.010192
1776354587.3751283,75.93951153755188,PLC -> IO,0.001072
1776354587.4391336,76.00351691246033,PLC -> IO,0.199008
1776354587.5033267,76.06770992279053,PLC -> IO,0.5584319999999999
1776354587.5671272,76.13151049613953,PLC -> IO,0.021072
1776354587.6311355,76.19551873207092,PLC -> IO,0.096048
1776354587.6951318,76.25951504707336,PLC -> IO,0.200032
1776354587.7591217,76.32350492477417,PLC -> IO,0.018112
1776354587.8231206,76.38750386238098,PLC -> IO,0.007408
1776354587.8871286,76.4515118598938,PLC -> IO,0.20788800000000002
1776354587.9511313,76.51551461219788,PLC -> IO,0.166048
1776354588.0151455,76.57952880859375,PLC -> IO,0.066752
1776354588.079127,76.64351034164429,PLC -> IO,0.000448
1776354588.1431406,76.70752382278442,PLC -> IO,0.165248
1776354588.207138,76.77152132987976,PLC -> IO,0.236352
1776354588.2711287,76.8355119228363,PLC -> IO,0.201072
1776354588.3351357,76.8995189666748,PLC -> IO,0.310848
1776354588.399138,76.96352124214172,PLC -> IO,0.013951999999999999
1776354588.463139,77.02752232551575,PLC -> IO,0.245872
1776354588.527136,77.09151935577393,PLC -> IO,0.15228799999999998
1776354588.591217,77.15560030937195,PLC -> IO,0.09236799999999999
1776354588.6551344,77.2195177078247,PLC -> IO,0.385088
1776354588.7191393,77.283522605896,PLC -> IO,0.045871999999999996
1776354588.7831287,77.34751200675964,PLC -> IO,0.017792
1776354588.8471293,77.41151261329651,PLC -> IO,0.21011200000000002
1776354588.911121,77.47550415992737,PLC -> IO,0.013008
1776354588.97513,77.53951334953308,PLC -> IO,0.008352
1776354589.0391319,77.60351514816284,PLC -> IO,0.102368
1776354589.1031425,77.66752576828003,PLC -> IO,0.728832
1776354589.1671264,77.73150968551636,PLC -> IO,0.014352
1776354589.2313075,77.7956907749176,PLC -> IO,0.462672
1776354589.2951324,77.85951566696167,PLC -> IO,0.008592
1776354589.359132,77.92351531982422,PLC -> IO,0.005712
1776354589.423133,77.98751616477966,PLC -> IO,0.005648
1776354589.4871342,78.05151748657227,PLC -> IO,0.012448
1776354589.5511389,78.11552214622498,PLC -> IO,0.088768
1776354589.6151345,78.17951774597168,PLC -> IO,0.105472
1776354589.6791282,78.24351143836975,PLC -> IO,0.0048319999999999995
1776354589.7431386,78.30752182006836,PLC -> IO,0.012208
1776354589.8071318,78.37151503562927,PLC -> IO,0.0034879999999999998
1776354589.8711407,78.4355239868164,PLC -> IO,0.110848
1776354589.9351273,78.4995105266571,PLC -> IO,0.734272
1776354589.9991453,78.56352853775024,PLC -> IO,0.16147199999999998
1776354590.063141,78.62752437591553,PLC -> IO,0.160992
1776354590.1271365,78.69151973724365,PLC -> IO,0.010048
1776354590.1911252,78.75550842285156,PLC -> IO,0.216192
1776354590.2551348,78.81951808929443,PLC -> IO,0.6661119999999999
1776354590.3191435,78.88352680206299,PLC -> IO,0.004752
1776354590.3831356,78.947518825531,PLC -> IO,0.000752
1776354590.4471154,79.01149868965149,PLC -> IO,0.038031999999999996
1776354590.5113006,79.07568383216858,PLC -> IO,0.476592
1776354590.5751483,79.13953161239624,PLC -> IO,0.475168
1776354590.6391344,79.20351767539978,PLC -> IO,0.005392
1776354590.7031255,79.26750874519348,PLC -> IO,0.021568
1776354590.767344,79.33172726631165,PLC -> IO,0.444832
1776354590.831132,79.39551520347595,PLC -> IO,0.005968
1776354590.895134,79.45951724052429,PLC -> IO,0.001328
1776354590.9591856,79.52356886863708,PLC -> IO,0.413232
1776354591.0231316,79.58751487731934,PLC -> IO,0.007408
1776354591.0871344,79.65151762962341,PLC -> IO,0.011807999999999999
1776354591.1511252,79.71550846099854,PLC -> IO,0.013808
1776354591.2151375,79.77952075004578,PLC -> IO,0.42227200000000004
1776354591.27912,79.84350323677063,PLC -> IO,0.011888000000000001
1776354591.3431346,79.90751791000366,PLC -> IO,0.143648
1776354591.4071314,79.97151470184326,PLC -> IO,0.140672
1776354591.47113,80.03551316261292,PLC -> IO,0.002592
1776354591.5351343,80.09951758384705,PLC -> IO,0.019152
1776354591.5991347,80.16351795196533,PLC -> IO,0.017472
1776354591.663312,80.22769522666931,PLC -> IO,0.438928
1776354591.7271543,80.29153752326965,PLC -> IO,8.769392000000002
1776354591.7911322,80.3555154800415,PLC -> IO,0.151632
1776354591.8551395,80.41952276229858,PLC -> IO,0.004432
1776354591.9191406,80.48352384567261,PLC -> IO,0.007232000000000001
1776354591.9831336,80.54751682281494,PLC -> IO,0.011472
1776354592.0471327,80.61151599884033,PLC -> IO,0.020191999999999998
1776354592.111135,80.67551827430725,PLC -> IO,0.021152
1776354592.175144,80.73952722549438,PLC -> IO,0.012832
1776354592.2391253,80.80350852012634,PLC -> IO,0.746112
1776354592.3031464,80.86752963066101,PLC -> IO,0.18635200000000002
1776354592.3671322,80.93151545524597,PLC -> IO,0.011552
1776354592.431143,80.99552631378174,PLC -> IO,0.0050880000000000005
1776354592.4951382,81.05952143669128,PLC -> IO,0.003952
1776354592.5591366,81.12351989746094,PLC -> IO,0.150208
1776354592.6231349,81.18751811981201,PLC -> IO,0.006352
1776354592.6871374,81.25152063369751,PLC -> IO,0.010208
1776354592.7511263,81.315509557724,PLC -> IO,0.017472
1776354592.8151324,81.37951564788818,PLC -> IO,0.30875199999999997
1776354592.8791368,81.44352006912231,PLC -> IO,0.004032
1776354592.9431396,81.50752282142639,PLC -> IO,0.009808
1776354593.0071373,81.57152056694031,PLC -> IO,0.040832
1776354593.0711339,81.63551712036133,PLC -> IO,0.009952
1776354593.13513,81.69951319694519,PLC -> IO,0.021792000000000002
1776354593.1991384,81.76352167129517,PLC -> IO,0.100032
1776354593.263138,81.82752132415771,PLC -> IO,0.182032
1776354593.3271315,81.8915147781372,PLC -> IO,0.354848
1776354593.3911312,81.95551443099976,PLC -> IO,0.000112
1776354593.4551415,82.01952481269836,PLC -> IO,0.028688
1776354593.5191445,82.08352780342102,PLC -> IO,0.001792
1776354593.5831358,82.1475191116333,PLC -> IO,0.017632
1776354593.647133,82.21151638031006,PLC -> IO,0.020832
1776354593.7111387,82.27552199363708,PLC -> IO,0.210032
1776354593.7751465,82.33952975273132,PLC -> IO,0.000672
1776354593.8391297,82.40351295471191,PLC -> IO,0.011807999999999999
1776354593.903138,82.46752119064331,PLC -> IO,0.025568
1776354593.9671416,82.5315248966217,PLC -> IO,0.004992
1776354594.0311491,82.59553241729736,PLC -> IO,0.139552
1776354594.095141,82.6595242023468,PLC -> IO,0.307648
1776354594.159138,82.72352123260498,PLC -> IO,0.23388799999999998
1776354594.2232244,82.78760766983032,PLC -> IO,0.315952
1776354594.2871432,82.85152649879456,PLC -> IO,0.016128
1776354594.3511405,82.91552376747131,PLC -> IO,0.0061920000000000005
1776354594.4151359,82.97951912879944,PLC -> IO,0.846592
1776354594.479145,83.04352831840515,PLC -> IO,0.002352
1776354594.543145,83.10752820968628,PLC -> IO,0.15148799999999998
1776354594.6071444,83.17152762413025,PLC -> IO,0.005072
1776354594.67114,83.23552322387695,PLC -> IO,0.0065119999999999996
1776354594.7351494,83.29953265190125,PLC -> IO,0.161552
1776354594.7991388,83.36352205276489,PLC -> IO,0.028992
1776354594.8631413,83.42752456665039,PLC -> IO,0.299472
1776354594.9271505,83.4915337562561,PLC -> IO,0.007552
1776354594.9911392,83.55552244186401,PLC -> IO,0.013951999999999999
1776354595.0551374,83.61952066421509,PLC -> IO,0.009792
1776354595.119144,83.68352723121643,PLC -> IO,0.009232
1776354595.1831264,83.74750971794128,PLC -> IO,0.022192
1776354595.2471657,83.81154894828796,PLC -> IO,0.11212799999999999
1776354595.3111336,83.87551689147949,PLC -> IO,0.007728
1776354595.375142,83.93952536582947,PLC -> IO,0.18387199999999998
1776354595.4391458,84.00352907180786,PLC -> IO,0.073328
1776354595.5031388,84.0675220489502,PLC -> IO,0.021088
1776354595.5671415,84.13152480125427,PLC -> IO,0.011552
1776354595.6311433,84.19552659988403,PLC -> IO,1.4271520000000002
1776354595.695141,84.25952434539795,PLC -> IO,0.0055520000000000005
1776354595.759134,84.32351732254028,PLC -> IO,0.009152
1776354595.8231375,84.3875207901001,PLC -> IO,0.047072
1776354595.8871312,84.45151448249817,PLC -> IO,0.026928
1776354595.9511437,84.51552700996399,PLC -> IO,0.007391999999999999
1776354596.0151353,84.57951855659485,PLC -> IO,0.228192
1776354596.0791473,84.64353060722351,PLC -> IO,0.0074719999999999995
1776354596.143148,84.70753121376038,PLC -> IO,0.015088
1776354596.207143,84.77152633666992,PLC -> IO,0.005152
1776354596.2711353,84.83551859855652,PLC -> IO,0.015951999999999997
1776354596.3351448,84.89952802658081,PLC -> IO,0.006112
1776354596.399143,84.96352624893188,PLC -> IO,0.749312
1776354596.463327,85.02771019935608,PLC -> IO,0.24548799999999998
1776354596.52715,85.09153318405151,PLC -> IO,0.685472
1776354596.591144,85.15552735328674,PLC -> IO,0.005791999999999999
1776354596.6551394,85.21952271461487,PLC -> IO,0.006992
1776354596.719138,85.28352117538452,PLC -> IO,0.018831999999999998
1776354596.7831414,85.34752464294434,PLC -> IO,0.012112
1776354596.8471713,85.41155457496643,PLC -> IO,0.12564799999999998
1776354596.9111264,85.47550964355469,PLC -> IO,0.144928
1776354596.9751446,85.5395278930664,PLC -> IO,0.005072
1776354597.0391424,85.60352563858032,PLC -> IO,0.675232
1776354597.1031582,85.66754150390625,PLC -> IO,0.152528
1776354597.1671453,85.7315285205841,PLC -> IO,0.007232000000000001
1776354597.2313294,85.79571270942688,PLC -> IO,0.388992
1776354597.2951434,85.85952663421631,PLC -> IO,0.0077919999999999994
1776354597.3591335,85.9235167503357,PLC -> IO,0.011952
1776354597.423143,85.98752617835999,PLC -> IO,0.012192
1776354597.4871483,86.05153155326843,PLC -> IO,0.267008
1776354597.5511343,86.11551761627197,PLC -> IO,0.016112
1776354597.6151452,86.17952847480774,PLC -> IO,0.189792
1776354597.6791458,86.2435290813446,PLC -> IO,0.000848
1776354597.7431622,86.30754542350769,PLC -> IO,0.245872
1776354597.8071373,86.37152051925659,PLC -> IO,0.006528
1776354597.8711517,86.43553495407104,PLC -> IO,0.16140800000000002
1776354597.935288,86.49967122077942,PLC -> IO,0.247648
1776354597.9991589,86.56354212760925,PLC -> IO,0.011647999999999999
1776354598.0631504,86.62753367424011,PLC -> IO,0.193072
1776354598.1271482,86.69153141975403,PLC -> IO,0.000672
1776354598.1911464,86.7555296421051,PLC -> IO,0.001152
1776354598.2551475,86.81953072547913,PLC -> IO,0.075248
1776354598.319148,86.88353133201599,PLC -> IO,0.17979199999999998
1776354598.3831415,86.94752478599548,PLC -> IO,0.010512
1776354598.4472332,87.01161646842957,PLC -> IO,1.264592
1776354598.5111456,87.07552886009216,PLC -> IO,0.40235200000000004
1776354598.5751483,87.13953161239624,PLC -> IO,0.007232000000000001
1776354598.6391466,87.20352983474731,PLC -> IO,0.006672
1776354598.7031634,87.26754665374756,PLC -> IO,0.632432
1776354598.767154,87.3315372467041,PLC -> IO,0.003792
1776354598.8311372,87.39552044868469,PLC -> IO,0.010128
1776354598.8951464,87.4595296382904,PLC -> IO,0.011712
1776354598.9591532,87.52353644371033,PLC -> IO,0.201232
1776354599.0231483,87.58753156661987,PLC -> IO,0.135232
1776354599.087145,87.65152835845947,PLC -> IO,0.013568
1776354599.1511488,87.71553206443787,PLC -> IO,0.000288
1776354599.2151403,87.77952361106873,PLC -> IO,0.199552
1776354599.2791467,87.84352993965149,PLC -> IO,0.001712
1776354599.3431392,87.90752243995667,PLC -> IO,0.080288
1776354599.407143,87.97152638435364,PLC -> IO,0.204352
1776354599.4716241,88.03600740432739,PLC -> IO,0.734992
1776354599.5351467,88.09952998161316,PLC -> IO,0.005312
1776354599.5991523,88.16353559494019,PLC -> IO,0.012272
1776354599.6631484,88.22753167152405,PLC -> IO,0.740752
1776354599.7271497,88.29153299331665,PLC -> IO,0.190608
1776354599.7911484,88.35553169250488,PLC -> IO,0.005872
1776354599.8551543,88.41953754425049,PLC -> IO,0.001728
1776354599.9191453,88.48352861404419,PLC -> IO,0.012592
1776354599.983327,88.54771018028259,PLC -> IO,0.542352
1776354600.0471709,88.61155414581299,PLC -> IO,0.0028480000000000003
1776354600.1111403,88.67552351951599,PLC -> IO,0.011008
1776354600.1751516,88.73953485488892,PLC -> IO,0.035872
1776354600.2391508,88.8035340309143,PLC -> IO,0.922672
1776354600.3031573,88.86754059791565,PLC -> IO,0.013488
1776354600.3671465,88.93152976036072,PLC -> IO,0.009552
1776354600.431169,88.99555230140686,PLC -> IO,0.152448
1776354600.4951448,89.0595281124115,PLC -> IO,0.6493920000000001
1776354600.5591524,89.12353563308716,PLC -> IO,0.001728
1776354600.6231468,89.18753004074097,PLC -> IO,0.007712
1776354600.6871486,89.25153183937073,PLC -> IO,0.021328
1776354600.7511573,89.31554055213928,PLC -> IO,0.12436799999999999
1776354600.8151531,89.37953639030457,PLC -> IO,0.171072
1776354600.8791482,89.44353151321411,PLC -> IO,0.014992
1776354600.9431493,89.50753259658813,PLC -> IO,0.016368
1776354601.0071502,89.57153344154358,PLC -> IO,0.018672
1776354601.0711462,89.63552951812744,PLC -> IO,0.020912
1776354601.1351511,89.69953441619873,PLC -> IO,0.0065119999999999996
1776354601.199152,89.76353526115417,PLC -> IO,0.004928
1776354601.2632246,89.82760787010193,PLC -> IO,0.126192
1776354601.3271425,89.89152574539185,PLC -> IO,0.013328
1776354601.3911572,89.95554041862488,PLC -> IO,0.005152
1776354601.4551544,90.01953768730164,PLC -> IO,0.163472
1776354601.519152,90.08353519439697,PLC -> IO,0.013632
1776354601.5831468,90.14753007888794,PLC -> IO,0.020032
1776354601.6471572,90.21154046058655,PLC -> IO,0.021792000000000002
1776354601.7111588,90.27554202079773,PLC -> IO,0.009792
1776354601.7751503,90.33953356742859,PLC -> IO,0.702912
1776354601.8391495,90.40353274345398,PLC -> IO,0.009968
1776354601.903161,90.46754431724548,PLC -> IO,0.010688
1776354601.9671478,90.53153109550476,PLC -> IO,0.012032
1776354602.0311546,90.59553790092468,PLC -> IO,0.120432
1776354602.0951438,90.65952706336975,PLC -> IO,0.008352
1776354602.1591544,90.72353768348694,PLC -> IO,0.130288
1776354602.2231605,90.78754377365112,PLC -> IO,0.001072
1776354602.2871604,90.85154366493225,PLC -> IO,0.005392
1776354602.351158,90.91554117202759,PLC -> IO,0.179568
1776354602.415154,90.97953724861145,PLC -> IO,0.187232
1776354602.4791536,91.043536901474,PLC -> IO,0.701648
1776354602.543171,91.1075541973114,PLC -> IO,0.597152
1776354602.6071517,91.1715350151062,PLC -> IO,0.760432
1776354602.671157,91.23554015159607,PLC -> IO,0.008272
1776354602.7351508,91.29953408241272,PLC -> IO,0.008992
1776354602.7991507,91.36353397369385,PLC -> IO,0.026032
1776354602.8631556,91.42753887176514,PLC -> IO,0.279712
1776354602.9271617,91.49154496192932,PLC -> IO,1.826512
1776354602.9911554,91.55553865432739,PLC -> IO,0.003392
1776354603.055143,91.61952638626099,PLC -> IO,0.011552
1776354603.1191504,91.68353366851807,PLC -> IO,0.091088
1776354603.183147,91.74753022193909,PLC -> IO,0.018751999999999998
1776354603.2471626,91.81154584884644,PLC -> IO,0.011151999999999999
1776354603.3111541,91.8755373954773,PLC -> IO,0.0057280000000000005
1776354603.3751552,91.93953847885132,PLC -> IO,0.007552
1776354603.439155,92.00353837013245,PLC -> IO,0.011472
1776354603.50316,92.06754326820374,PLC -> IO,0.014688000000000001
1776354603.5671515,92.1315348148346,PLC -> IO,0.147312
1776354603.6311529,92.1955361366272,PLC -> IO,0.028912
1776354603.6951487,92.25953197479248,PLC -> IO,0.010272
1776354603.7591562,92.32353949546814,PLC -> IO,0.004432
1776354603.8231547,92.3875379562378,PLC -> IO,0.046832
1776354603.8871553,92.45153856277466,PLC -> IO,0.013488
1776354603.951154,92.51553726196289,PLC -> IO,0.626032
1776354604.0151582,92.57954144477844,PLC -> IO,0.9730719999999999
1776354604.0791538,92.64353704452515,PLC -> IO,0.150112
1776354604.143174,92.7075572013855,PLC -> IO,0.13123200000000002
1776354604.2071533,92.77153658866882,PLC -> IO,0.008432
1776354604.271169,92.83555221557617,PLC -> IO,0.115888
1776354604.335151,92.89953422546387,PLC -> IO,0.010112000000000001
1776354604.3991551,92.96353840827942,PLC -> IO,0.023312
1776354604.4631605,93.02754378318787,PLC -> IO,0.19299200000000002
1776354604.5271676,93.09155082702637,PLC -> IO,0.003648
1776354604.5911553,93.15553855895996,PLC -> IO,0.007152
1776354604.655158,93.21954131126404,PLC -> IO,0.000768
1776354604.7191696,93.28355288505554,PLC -> IO,0.16244799999999998
1776354604.7831597,93.34754300117493,PLC -> IO,0.016912
1776354604.8471537,93.41153693199158,PLC -> IO,0.024272000000000002
1776354604.9111524,93.47553563117981,PLC -> IO,0.010448
1776354604.9751596,93.53954291343689,PLC -> IO,0.009792
1776354605.0391598,93.6035430431366,PLC -> IO,0.290272
1776354605.1031682,93.66755151748657,PLC -> IO,0.012848
1776354605.1671588,93.73154211044312,PLC -> IO,0.003008
1776354605.2311535,93.7955367565155,PLC -> IO,0.012432
1776354605.2951505,93.85953378677368,PLC -> IO,0.010591999999999999
1776354605.3591592,93.92354249954224,PLC -> IO,0.002192
1776354605.4231582,93.98754143714905,PLC -> IO,0.006688
1776354605.4871702,94.05155348777771,PLC -> IO,0.137072
1776354605.551157,94.11554026603699,PLC -> IO,0.019792
1776354605.6153002,94.17968344688416,PLC -> IO,0.208592
1776354605.679156,94.2435393333435,PLC -> IO,0.019792
1776354605.7431543,94.30753755569458,PLC -> IO,0.156528
1776354605.8071492,94.37153244018555,PLC -> IO,0.017391999999999998
1776354605.8712077,94.43559098243713,PLC -> IO,0.096288
1776354605.9351451,94.49952840805054,PLC -> IO,0.015312
1776354605.9991627,94.56354594230652,PLC -> IO,0.056832
1776354606.0631497,94.62753295898438,PLC -> IO,0.207952
1776354606.1271758,94.6915590763092,PLC -> IO,0.179232
1776354606.1911573,94.75554060935974,PLC -> IO,0.007872
1776354606.2551653,94.81954860687256,PLC -> IO,0.07500799999999999
1776354606.3191552,94.88353848457336,PLC -> IO,0.592912
1776354606.3831596,94.9475429058075,PLC -> IO,0.023312
1776354606.4471595,95.01154279708862,PLC -> IO,0.026352
1776354606.5111668,95.0755500793457,PLC -> IO,0.179392
1776354606.575158,95.13954138755798,PLC -> IO,0.209952
1776354606.6391456,95.203528881073,PLC -> IO,0.025952000000000003
1776354606.7031674,95.2675507068634,PLC -> IO,0.0070079999999999995
1776354606.767158,95.33154129981995,PLC -> IO,0.003728
1776354606.83116,95.39554333686829,PLC -> IO,0.096912
1776354606.895167,95.45955038070679,PLC -> IO,0.124048
1776354606.9591646,95.52354788780212,PLC -> IO,0.000672
1776354607.0233004,95.58768367767334,PLC -> IO,0.591392
1776354607.0871708,95.65155410766602,PLC -> IO,0.177328
1776354607.1511502,95.71553349494934,PLC -> IO,0.007808000000000001
1776354607.2151637,95.77954697608948,PLC -> IO,0.17083199999999998
1776354607.2791593,95.84354257583618,PLC -> IO,0.35436799999999996
1776354607.3431568,95.90754008293152,PLC -> IO,0.130768
1776354607.4071715,95.97155475616455,PLC -> IO,0.134448
1776354607.4711611,96.03554439544678,PLC -> IO,0.015552
1776354607.5351539,96.09953713417053,PLC -> IO,1.380112
1776354607.5991626,96.16354584693909,PLC -> IO,0.020992
1776354607.663154,96.22753715515137,PLC -> IO,0.723552
1776354607.727163,96.29154634475708,PLC -> IO,0.14060799999999998
1776354607.7911599,96.35554313659668,PLC -> IO,0.010032
1776354607.8551517,96.41953492164612,PLC -> IO,0.177232
1776354607.9191628,96.48354601860046,PLC -> IO,0.188352
1776354607.983163,96.54754638671875,PLC -> IO,0.015152
1776354608.0471683,96.61155152320862,PLC -> IO,0.47483200000000003
1776354608.1111624,96.67554569244385,PLC -> IO,0.0028480000000000003
1776354608.175164,96.73954725265503,PLC -> IO,0.200512
1776354608.2391653,96.80354857444763,PLC -> IO,0.012592
1776354608.303169,96.86755228042603,PLC -> IO,0.014128
1776354608.3671606,96.93154382705688,PLC -> IO,0.003792
1776354608.4311655,96.99554872512817,PLC -> IO,0.004752
1776354608.4951675,97.05955076217651,PLC -> IO,0.002688
1776354608.559163,97.12354636192322,PLC -> IO,0.0041919999999999995
1776354608.6231654,97.18754863739014,PLC -> IO,0.144992
1776354608.6871734,97.25155663490295,PLC -> IO,0.7454719999999999
1776354608.7511647,97.31554794311523,PLC -> IO,0.004752
1776354608.8151608,97.3795440196991,PLC -> IO,0.191152
1776354608.8791564,97.4435396194458,PLC -> IO,0.007728
1776354608.9431572,97.50754046440125,PLC -> IO,0.162528
1776354609.007154,97.57153725624084,PLC -> IO,0.6864319999999999
1776354609.0711687,97.63555192947388,PLC -> IO,0.285168
1776354609.1351652,97.6995484828949,PLC -> IO,0.000448
1776354609.1993673,97.7637505531311,PLC -> IO,0.543392
1776354609.2631607,97.82754397392273,PLC -> IO,0.20467200000000002
1776354609.3271759,97.89155912399292,PLC -> IO,0.004432
1776354609.3911576,97.95554089546204,PLC -> IO,0.014432
1776354609.455163,98.01954627037048,PLC -> IO,0.000608
1776354609.5191581,98.08354139328003,PLC -> IO,0.016992
1776354609.583165,98.14754819869995,PLC -> IO,0.018352
1776354609.6471615,98.21154475212097,PLC -> IO,0.032592
1776354609.71117,98.27555322647095,PLC -> IO,0.130432
1776354609.775322,98.33970522880554,PLC -> IO,0.630432
1776354609.8391669,98.40355014801025,PLC -> IO,0.000928
1776354609.903169,98.4675521850586,PLC -> IO,0.030928
1776354609.9671652,98.53154850006104,PLC -> IO,0.001328
1776354610.0311654,98.59554862976074,PLC -> IO,0.010192
1776354610.0951705,98.65955376625061,PLC -> IO,0.006112
1776354610.1591692,98.72355246543884,PLC -> IO,0.699152
1776354610.2231688,98.78755211830139,PLC -> IO,0.007391999999999999
1776354610.2873242,98.8517074584961,PLC -> IO,0.607968
1776354610.3511703,98.9155535697937,PLC -> IO,0.6139519999999999
1776354610.4151652,98.97954845428467,PLC -> IO,0.002752
1776354610.47916,99.04354333877563,PLC -> IO,0.010288
1776354610.5431652,99.1075484752655,PLC -> IO,0.204288
1776354610.6071708,99.17155408859253,PLC -> IO,0.001072
1776354610.6711655,99.23554873466492,PLC -> IO,0.006432
1776354610.7351532,99.29953646659851,PLC -> IO,0.013088
1776354610.7991679,99.36355113983154,PLC -> IO,0.024432
1776354610.8631585,99.42754173278809,PLC -> IO,0.39123199999999997
1776354610.9271767,99.4915599822998,PLC -> IO,0.036671999999999996
1776354610.9911656,99.5555489063263,PLC -> IO,0.002752
1776354611.0553114,99.61969470977783,PLC -> IO,0.473392
1776354611.1191778,99.68356108665466,PLC -> IO,0.13564800000000002
1776354611.1831684,99.7475516796112,PLC -> IO,0.146112
1776354611.247165,99.81154823303223,PLC -> IO,0.20491199999999998
1776354611.3111675,99.87555074691772,PLC -> IO,0.135088
1776354611.3751607,99.93954396247864,PLC -> IO,0.739792
1776354611.4391556,100.0035388469696,PLC -> IO,0.024592000000000003
1776354611.5031853,100.06756854057312,PLC -> IO,0.002128
1776354611.5671663,100.1315495967865,PLC -> IO,0.198192
1776354611.6311662,100.19554948806763,PLC -> IO,0.000448
1776354611.695166,100.25954937934875,PLC -> IO,0.016672
1776354611.7592988,100.32368206977844,PLC -> IO,0.575712
1776354611.8231716,100.38755488395691,PLC -> IO,0.003312
1776354611.8871725,100.45155572891235,PLC -> IO,0.009488
1776354611.9511707,100.51555395126343,PLC -> IO,0.008512
1776354612.0151687,100.57955193519592,PLC -> IO,0.007391999999999999
1776354612.0791526,100.64353585243225,PLC -> IO,0.015231999999999999
1776354612.1432161,100.707599401474,PLC -> IO,0.600912
1776354612.2071834,100.77156662940979,PLC -> IO,0.119968
1776354612.2711766,100.8355598449707,PLC -> IO,0.145408
1776354612.3351715,100.89955472946167,PLC -> IO,3.2000000000000005e-05
1776354612.39917,100.96355319023132,PLC -> IO,0.7779520000000001
1776354612.4632962,101.02767944335938,PLC -> IO,0.089792
1776354612.5271785,101.091561794281,PLC -> IO,0.000272
1776354612.5911682,101.15555143356323,PLC -> IO,0.003552
1776354612.6551619,101.2195451259613,PLC -> IO,0.010288
1776354612.7191713,101.2835545539856,PLC -> IO,0.000992
1776354612.7831683,101.34755158424377,PLC -> IO,0.666912
1776354612.8471718,101.41155505180359,PLC -> IO,0.20347200000000001
1776354612.9111736,101.47555685043335,PLC -> IO,0.104032
1776354612.97518,101.53956317901611,PLC -> IO,0.156432
1776354613.0391672,101.60355043411255,PLC -> IO,0.026512
1776354613.1031759,101.6675591468811,PLC -> IO,0.001232
1776354613.1671739,101.7315571308136,PLC -> IO,0.176208
1776354613.231171,101.79555416107178,PLC -> IO,0.009311999999999999
1776354613.2954087,101.85979199409485,PLC -> IO,0.536208
1776354613.3591666,101.92354989051819,PLC -> IO,0.009472
1776354613.4231687,101.98755192756653,PLC -> IO,0.005327999999999999
1776354613.4871747,102.05155801773071,PLC -> IO,0.0029119999999999997
1776354613.5511756,102.11555886268616,PLC -> IO,0.006432
1776354613.6151702,102.17955350875854,PLC -> IO,0.016672
1776354613.679166,102.24354934692383,PLC -> IO,0.009888
1776354613.7431662,102.30754947662354,PLC -> IO,0.21284799999999998
1776354613.8071678,102.37155103683472,PLC -> IO,0.002768
1776354613.871178,102.43556118011475,PLC -> IO,0.114608
1776354613.935169,102.49955224990845,PLC -> IO,0.007728
1776354613.9991739,102.56355714797974,PLC -> IO,0.028352
1776354614.0633287,102.62771201133728,PLC -> IO,0.048352
1776354614.127183,102.69156622886658,PLC -> IO,0.6357119999999999
1776354614.191173,102.75555634498596,PLC -> IO,0.000688
1776354614.2551742,102.81955742835999,PLC -> IO,0.682752
1776354614.3191724,102.88355565071106,PLC -> IO,0.016832
1776354614.3831725,102.94755578041077,PLC -> IO,0.023791999999999997
1776354614.447182,103.01156520843506,PLC -> IO,0.012192
1776354614.5111623,103.0755455493927,PLC -> IO,0.013168
1776354614.5751734,103.13955664634705,PLC -> IO,0.008592
1776354614.6391706,103.2035539150238,PLC -> IO,0.263312
1776354614.7031739,103.26755714416504,PLC -> IO,0.016528
1776354614.7671711,103.3315544128418,PLC -> IO,0.0021119999999999997
1776354614.8311756,103.39555883407593,PLC -> IO,0.025792
1776354614.895179,103.45956230163574,PLC -> IO,0.004032
1776354614.959167,103.52355027198792,PLC -> IO,0.660752
1776354615.0231757,103.58755898475647,PLC -> IO,0.000592
1776354615.0871863,103.65156960487366,PLC -> IO,0.383968
1776354615.1511724,103.7155556678772,PLC -> IO,0.016832
1776354615.2151663,103.77954959869385,PLC -> IO,0.007872
1776354615.279274,103.84365725517273,PLC -> IO,0.096608
1776354615.3431807,103.90756392478943,PLC -> IO,0.318288
1776354615.4071763,103.97155952453613,PLC -> IO,0.005791999999999999
1776354615.4713004,104.03568363189697,PLC -> IO,0.021072
1776354615.5351698,104.09955310821533,PLC -> IO,0.005648
1776354615.5991755,104.16355872154236,PLC -> IO,0.21579199999999998
1776354615.6631773,104.22756052017212,PLC -> IO,0.195232
1776354615.7271864,104.29156970977783,PLC -> IO,0.165472
1776354615.7911794,104.35556268692017,PLC -> IO,0.134592
1776354615.8553247,104.41970801353455,PLC -> IO,0.028672
1776354615.9191725,104.4835557937622,PLC -> IO,0.017232
1776354615.983171,104.54755425453186,PLC -> IO,0.6721919999999999
1776354616.0471756,104.61155891418457,PLC -> IO,0.011072
1776354616.1111677,104.67555093765259,PLC -> IO,0.005808
1776354616.1751723,104.7395555973053,PLC -> IO,0.053072
1776354616.239175,104.80355834960938,PLC -> IO,0.012112
1776354616.3031757,104.86755895614624,PLC -> IO,0.025088000000000003
1776354616.3671722,104.93155550956726,PLC -> IO,0.002992
1776354616.4311807,104.99556398391724,PLC -> IO,0.21435200000000001
1776354616.4951832,105.05956649780273,PLC -> IO,0.002672
1776354616.559186,105.12356925010681,PLC -> IO,0.724032
1776354616.623178,105.18756127357483,PLC -> IO,0.184512
1776354616.6871777,105.25156092643738,PLC -> IO,0.007968000000000001
1776354616.7511775,105.3155608177185,PLC -> IO,0.004352
1776354616.8151674,105.37955069541931,PLC -> IO,0.0050880000000000005
1776354616.8792162,105.44359946250916,PLC -> IO,0.812592
1776354616.9432552,105.50763845443726,PLC -> IO,0.546032
1776354617.007172,105.57155537605286,PLC -> IO,0.011008
1776354617.0711803,105.63556361198425,PLC -> IO,0.082448
1776354617.135172,105.69955515861511,PLC -> IO,0.007728
1776354617.1991947,105.76357793807983,PLC -> IO,0.005791999999999999
1776354617.2631817,105.82756495475769,PLC -> IO,0.187392
1776354617.327174,105.89155721664429,PLC -> IO,0.14444800000000002
1776354617.3911746,105.95555782318115,PLC -> IO,0.004608
1776354617.4551718,106.01955509185791,PLC -> IO,0.005888
1776354617.5191796,106.08356285095215,PLC -> IO,0.173232
1776354617.5833244,106.14770770072937,PLC -> IO,1.232912
1776354617.6471794,106.2115626335144,PLC -> IO,0.710272
1776354617.7111766,106.27555990219116,PLC -> IO,0.004352
1776354617.7751756,106.33955883979797,PLC -> IO,0.018751999999999998
1776354617.8391697,106.4035530090332,PLC -> IO,0.104672
1776354617.9031782,106.46756148338318,PLC -> IO,0.033808
1776354617.9671776,106.53156089782715,PLC -> IO,0.18412800000000001
1776354618.031183,106.5955662727356,PLC -> IO,0.656352
1776354618.0951889,106.6595721244812,PLC -> IO,0.427168
1776354618.1591797,106.72356295585632,PLC -> IO,0.003152
1776354618.2231805,106.78756380081177,PLC -> IO,0.202112
1776354618.2871938,106.85157704353333,PLC -> IO,2.050672
1776354618.351177,106.91556024551392,PLC -> IO,0.015712
1776354618.4151826,106.97956585884094,PLC -> IO,0.660832
1776354618.4791791,107.04356241226196,PLC -> IO,0.001648
1776354618.5431874,107.10757064819336,PLC -> IO,0.228528
1776354618.607182,107.17156529426575,PLC -> IO,0.008752
1776354618.6711857,107.23556900024414,PLC -> IO,0.281168
1776354618.735182,107.29956531524658,PLC -> IO,0.002512
1776354618.7992063,107.36358952522278,PLC -> IO,0.136928
1776354618.863186,107.42756915092468,PLC -> IO,0.48003199999999996
1776354618.9271884,107.49157166481018,PLC -> IO,0.7251519999999999
1776354618.9911807,107.55556392669678,PLC -> IO,0.0048319999999999995
1776354619.055181,107.61956429481506,PLC -> IO,0.004368
1776354619.1191788,107.68356204032898,PLC -> IO,0.015312
1776354619.1831746,107.74755787849426,PLC -> IO,0.026752
1776354619.2471795,107.81156277656555,PLC -> IO,0.033552
1776354619.3113694,107.87575268745422,PLC -> IO,0.5117919999999999
1776354619.375192,107.9395751953125,PLC -> IO,0.169568
1776354619.4391778,108.00356101989746,PLC -> IO,0.020832
1776354619.5031707,108.0675539970398,PLC -> IO,0.034368
1776354619.5671804,108.13156366348267,PLC -> IO,0.19811199999999998
1776354619.6311853,108.19556856155396,PLC -> IO,0.013392
1776354619.695181,108.25956416130066,PLC -> IO,0.017472
1776354619.7591867,108.32357001304626,PLC -> IO,0.0038720000000000004
1776354619.8231797,108.3875629901886,PLC -> IO,0.7124320000000001
1776354619.887172,108.4515552520752,PLC -> IO,0.028752
1776354619.9511805,108.51556372642517,PLC -> IO,0.015792
1776354620.0151827,108.57956600189209,PLC -> IO,0.0033280000000000002
1776354620.0791829,108.6435661315918,PLC -> IO,0.000848
1776354620.1431882,108.70757150650024,PLC -> IO,0.13652799999999998
1776354620.2071822,108.7715654373169,PLC -> IO,0.009152
1776354620.2711606,108.8355438709259,PLC -> IO,0.018688
1776354620.3351817,108.89956498146057,PLC -> IO,0.009248000000000001
1776354620.3991919,108.9635751247406,PLC -> IO,0.042112
1776354620.4633431,109.02772641181946,PLC -> IO,0.041952
1776354620.527187,109.09157037734985,PLC -> IO,0.010608000000000001
1776354620.5911849,109.15556812286377,PLC -> IO,0.0070079999999999995
1776354620.6551967,109.21957993507385,PLC -> IO,0.015552
1776354620.7191896,109.28357291221619,PLC -> IO,1.273152
1776354620.7832022,109.347585439682,PLC -> IO,0.09972800000000001
1776354620.8471932,109.41157650947571,PLC -> IO,0.678752
1776354620.91118,109.47556328773499,PLC -> IO,0.018848
1776354620.975187,109.53957033157349,PLC -> IO,0.011552
1776354621.0391793,109.60356259346008,PLC -> IO,0.010832000000000001
1776354621.103182,109.66756534576416,PLC -> IO,0.6825279999999999
1776354621.1671846,109.73156785964966,PLC -> IO,0.008368
1776354621.231173,109.79555630683899,PLC -> IO,0.019712
1776354621.295186,109.85956931114197,PLC -> IO,0.067952
1776354621.3591776,109.92356085777283,PLC -> IO,0.008287999999999998
1776354621.4231868,109.98757004737854,PLC -> IO,0.189472
1776354621.4871953,110.05157852172852,PLC -> IO,0.00020800000000000001
1776354621.5511818,110.11556506156921,PLC -> IO,0.014992
1776354621.6151822,110.1795654296875,PLC -> IO,0.008848
1776354621.6791868,110.24357008934021,PLC -> IO,0.136432
1776354621.7431977,110.30758094787598,PLC -> IO,0.08524799999999999
1776354621.807181,110.37156414985657,PLC -> IO,0.008512
1776354621.8711975,110.43558073043823,PLC -> IO,0.660832
1776354621.9351833,110.4995665550232,PLC -> IO,0.005232
1776354621.9991837,110.56356692314148,PLC -> IO,0.007552
1776354622.0631793,110.62756252288818,PLC -> IO,0.27651200000000004
1776354622.1271825,110.69156575202942,PLC -> IO,0.015808
1776354622.1911783,110.7555615901947,PLC -> IO,0.148272
1776354622.2551801,110.81956338882446,PLC -> IO,0.010208
1776354622.3191884,110.88357162475586,PLC -> IO,0.010832000000000001
1776354622.3831763,110.94755959510803,PLC -> IO,0.031152000000000003
1776354622.4471834,111.01156663894653,PLC -> IO,0.024111999999999998
1776354622.5111914,111.07557463645935,PLC -> IO,0.7748320000000001
1776354622.575184,111.1395673751831,PLC -> IO,0.014592
1776354622.6391823,111.20356559753418,PLC -> IO,0.019152
1776354622.7031863,111.26756954193115,PLC -> IO,0.015407999999999998
1776354622.7671936,111.33157682418823,PLC -> IO,0.004912
1776354622.831187,111.39557027816772,PLC -> IO,0.20467200000000002
1776354622.8952055,111.45958876609802,PLC -> IO,0.379648
1776354622.9591823,111.52356553077698,PLC -> IO,0.010128
1776354623.0231912,111.58757448196411,PLC -> IO,0.7329119999999999
1776354623.087198,111.65158128738403,PLC -> IO,0.007552
1776354623.1511812,111.71556448936462,PLC -> IO,0.015231999999999999
1776354623.2151883,111.77957153320312,PLC -> IO,0.007232000000000001
1776354623.2791839,111.84356713294983,PLC -> IO,0.210528
1776354623.3432016,111.90758490562439,PLC -> IO,0.183008
1776354623.407182,111.97156524658203,PLC -> IO,0.016512
1776354623.4711998,112.03558301925659,PLC -> IO,0.072352
1776354623.5351868,112.09957003593445,PLC -> IO,0.773952
1776354623.5991862,112.16356945037842,PLC -> IO,0.170992
1776354623.6631825,112.22756576538086,PLC -> IO,1.194032
1776354623.7271883,112.29157161712646,PLC -> IO,0.012928
1776354623.791187,112.3555703163147,PLC -> IO,0.014352
1776354623.8551855,112.41956877708435,PLC -> IO,0.001248
1776354623.9191828,112.48356604576111,PLC -> IO,0.018192
1776354623.9831808,112.5475640296936,PLC -> IO,0.026272
1776354624.0471907,112.61157393455505,PLC -> IO,0.20755200000000001
1776354624.1111846,112.6755678653717,PLC -> IO,0.004032
1776354624.1751842,112.73956751823425,PLC -> IO,0.020191999999999998
1776354624.2391808,112.80356407165527,PLC -> IO,0.015392000000000001
1776354624.3032193,112.86760258674622,PLC -> IO,0.110912
1776354624.3671904,112.93157362937927,PLC -> IO,0.012512
1776354624.4311879,112.99557113647461,PLC -> IO,0.018272
1776354624.4951792,113.05956244468689,PLC -> IO,0.008832
1776354624.5591888,113.12357211112976,PLC -> IO,0.665072
1776354624.6231923,113.18757557868958,PLC -> IO,0.002368
1776354624.6871758,113.25155901908875,PLC -> IO,0.031952
1776354624.751181,113.31556415557861,PLC -> IO,0.019792
1776354624.8151891,113.37957239151001,PLC -> IO,0.0019520000000000002
1776354624.8792806,113.44366383552551,PLC -> IO,0.769632
1776354624.943204,113.50758719444275,PLC -> IO,0.077648
1776354625.0071855,113.57156872749329,PLC -> IO,0.013072
1776354625.0711927,113.63557600975037,PLC -> IO,0.138128
1776354625.1351912,113.69957447052002,PLC -> IO,0.006208
1776354625.1991875,113.76357078552246,PLC -> IO,0.041472
1776354625.2631867,113.82756996154785,PLC -> IO,0.236832
1776354625.3271825,113.89156579971313,PLC -> IO,0.020928
1776354625.3911896,113.95557284355164,PLC -> IO,0.076288
1776354625.4551914,114.0195746421814,PLC -> IO,0.027712
1776354625.5191822,114.08356547355652,PLC -> IO,0.019392
1776354625.5831935,114.14757680892944,PLC -> IO,0.725632
1776354625.647225,114.21160817146301,PLC -> IO,0.012208
1776354625.711188,114.27557134628296,PLC -> IO,0.168848
1776354625.7751896,114.33957290649414,PLC -> IO,0.014752000000000001
1776354625.8391871,114.40357041358948,PLC -> IO,0.008192000000000001
1776354625.9031954,114.46757864952087,PLC -> IO,0.32580800000000004
1776354625.967192,114.5315752029419,PLC -> IO,0.13532799999999998
1776354626.0311894,114.59557271003723,PLC -> IO,0.017872000000000002
1776354626.095182,114.65956521034241,PLC -> IO,0.186272
1776354626.1591911,114.72357439994812,PLC -> IO,0.003952
1776354626.223191,114.78757429122925,PLC -> IO,0.005248
1776354626.2872024,114.85158562660217,PLC -> IO,0.003888
1776354626.3511868,114.91557002067566,PLC -> IO,0.709232
1776354626.4151907,114.97957396507263,PLC -> IO,0.002592
1776354626.4791873,115.04357051849365,PLC -> IO,0.018608
1776354626.5431998,115.10758304595947,PLC -> IO,0.085568
1776354626.607185,115.1715681552887,PLC -> IO,0.017232
1776354626.6712039,115.23558712005615,PLC -> IO,0.22187199999999999
1776354626.7351916,115.29957485198975,PLC -> IO,0.008208
1776354626.7991898,115.36357307434082,PLC -> IO,0.042752
1776354626.8631885,115.42757177352905,PLC -> IO,0.27011199999999996
1776354626.9271917,115.49157500267029,PLC -> IO,0.017968
1776354626.991192,115.55557537078857,PLC -> IO,0.006928
1776354627.0551925,115.61957573890686,PLC -> IO,0.004912
1776354627.1191847,115.68356800079346,PLC -> IO,0.705232
1776354627.1831925,115.7475757598877,PLC -> IO,0.029152
1776354627.2471914,115.8115746974945,PLC -> IO,0.019712
1776354627.3111916,115.87557482719421,PLC -> IO,0.18363200000000002
1776354627.37519,115.93957328796387,PLC -> IO,0.008912
1776354627.4391901,116.00357341766357,PLC -> IO,0.004288
1776354627.5031922,116.06757545471191,PLC -> IO,0.020288
1776354627.567197,116.1315803527832,PLC -> IO,0.665312
1776354627.6311924,116.19557571411133,PLC -> IO,0.012512
1776354627.6952016,116.25958490371704,PLC -> IO,0.239808
1776354627.7591956,116.32357883453369,PLC -> IO,0.009472
1776354627.8231936,116.38757681846619,PLC -> IO,0.0005279999999999999
1776354627.8871994,116.45158267021179,PLC -> IO,0.004368
1776354627.9511862,116.51556944847107,PLC -> IO,0.17739200000000002
1776354628.0151927,116.57957601547241,PLC -> IO,0.000592
1776354628.0791905,116.64357376098633,PLC -> IO,0.006928
1776354628.143209,116.70759224891663,PLC -> IO,0.084288
1776354628.2071908,116.77157402038574,PLC -> IO,0.009952
1776354628.2711873,116.83557057380676,PLC -> IO,0.149088
1776354628.3352013,116.89958453178406,PLC -> IO,0.006592
1776354628.3991945,116.96357774734497,PLC -> IO,0.7159519999999999
1776354628.4631882,117.02757143974304,PLC -> IO,0.182672
1776354628.5271964,117.09157967567444,PLC -> IO,0.009808
1776354628.5911968,117.15558004379272,PLC -> IO,0.004128
1776354628.6551948,117.21957802772522,PLC -> IO,0.7273120000000001
1776354628.7192075,117.28359079360962,PLC -> IO,0.464128
1776354628.7832012,117.34758448600769,PLC -> IO,0.006272000000000001
1776354628.847202,117.41158533096313,PLC -> IO,0.19675199999999998
1776354628.9112017,117.47558498382568,PLC -> IO,0.705888
1776354628.9752076,117.53959083557129,PLC -> IO,0.189888
1776354629.039191,117.60357427597046,PLC -> IO,0.009008
1776354629.103198,117.66758131980896,PLC -> IO,0.024768000000000002
1776354629.1672018,117.73158502578735,PLC -> IO,4.8e-05
1776354629.2311928,117.79557609558105,PLC -> IO,0.017071999999999997
1776354629.295205,117.8595883846283,PLC -> IO,0.162512
1776354629.3592002,117.92358350753784,PLC -> IO,0.00012800000000000002
1776354629.423198,117.98758125305176,PLC -> IO,0.009792
1776354629.4871974,118.05158066749573,PLC -> IO,0.013072
1776354629.5511906,118.11557388305664,PLC -> IO,0.659312
1776354629.6151965,118.17957973480225,PLC -> IO,0.000688
1776354629.6792076,118.24359083175659,PLC -> IO,0.201232
1776354629.7432024,118.30758571624756,PLC -> IO,0.09972800000000001
1776354629.8071926,118.37157583236694,PLC -> IO,0.009232
1776354629.871197,118.43558025360107,PLC -> IO,0.00012800000000000002
1776354629.9351954,118.49957871437073,PLC -> IO,0.131792
1776354629.9991975,118.56358075141907,PLC -> IO,0.23875200000000002
1776354630.0631936,118.62757682800293,PLC -> IO,0.198672
1776354630.127208,118.69159126281738,PLC -> IO,0.001488
1776354630.1911914,118.75557470321655,PLC -> IO,0.009568
1776354630.2551944,118.81957769393921,PLC -> IO,1.754832
1776354630.3191864,118.88356971740723,PLC -> IO,0.031952
1776354630.3832023,118.94758558273315,PLC -> IO,0.003232
1776354630.4471993,119.01158261299133,PLC -> IO,0.021472
1776354630.5111947,119.07557797431946,PLC -> IO,0.009311999999999999
1776354630.575229,119.13961219787598,PLC -> IO,0.126528
1776354630.6392004,119.20358371734619,PLC -> IO,0.00020800000000000001
1776354630.7031994,119.267582654953,PLC -> IO,0.007328
1776354630.7671983,119.33158159255981,PLC -> IO,0.002592
1776354630.8311894,119.39557266235352,PLC -> IO,0.020432
1776354630.8951995,119.45958280563354,PLC -> IO,0.005632
1776354630.9592004,119.52358365058899,PLC -> IO,0.004608
1776354631.0231986,119.58758187294006,PLC -> IO,0.180432
1776354631.0872056,119.65158891677856,PLC -> IO,0.007712
1776354631.151194,119.7155773639679,PLC -> IO,0.718672
1776354631.2151942,119.7795774936676,PLC -> IO,0.152368
1776354631.2792053,119.84358859062195,PLC -> IO,0.0020480000000000003
1776354631.3432045,119.90758776664734,PLC -> IO,0.217728
1776354631.4071991,119.97158241271973,PLC -> IO,0.683952
1776354631.4712045,120.03558778762817,PLC -> IO,0.772272
1776354631.5352025,120.09958577156067,PLC -> IO,0.023312
1776354631.599196,120.16357922554016,PLC -> IO,0.069152
1776354631.6631997,120.22758293151855,PLC -> IO,0.297472
1776354631.7272196,120.29160284996033,PLC -> IO,0.14435199999999998
1776354631.7911968,120.35558009147644,PLC -> IO,0.014688000000000001
1776354631.8552015,120.41958475112915,PLC -> IO,0.002352
1776354631.919218,120.48360133171082,PLC -> IO,0.768688
1776354631.9832027,120.54758596420288,PLC -> IO,0.015552
1776354632.0472164,120.6115996837616,PLC -> IO,0.010992
1776354632.1112077,120.67559099197388,PLC -> IO,0.003472
1776354632.175205,120.73958826065063,PLC -> IO,0.008832
1776354632.2392063,120.80358958244324,PLC -> IO,0.006128
1776354632.3032053,120.86758852005005,PLC -> IO,0.032208
1776354632.3672056,120.93158888816833,PLC -> IO,0.004512
1776354632.431201,120.99558424949646,PLC -> IO,0.012352
1776354632.4951925,121.05957579612732,PLC -> IO,0.016352
1776354632.5591998,121.1235830783844,PLC -> IO,0.012368
1776354632.6232147,121.18759799003601,PLC -> IO,0.639072
1776354632.687216,121.25159931182861,PLC -> IO,0.37275200000000003
1776354632.7511995,121.31558275222778,PLC -> IO,0.007248
1776354632.815199,121.37958216667175,PLC -> IO,0.010928
1776354632.8792043,121.4435875415802,PLC -> IO,0.004512
1776354632.9432132,121.50759649276733,PLC -> IO,0.105088
1776354633.0072088,121.57159209251404,PLC -> IO,0.147568
1776354633.0712018,121.63558506965637,PLC -> IO,0.011807999999999999
1776354633.1352043,121.69958758354187,PLC -> IO,0.005712
1776354633.1991963,121.76357960700989,PLC -> IO,0.08467200000000001
1776354633.2631986,121.8275818824768,PLC -> IO,0.277232
1776354633.3272069,121.8915901184082,PLC -> IO,0.022448
1776354633.3912013,121.95558452606201,PLC -> IO,0.010928
1776354633.4551988,122.01958203315735,PLC -> IO,0.17739200000000002
1776354633.5191946,122.08357787132263,PLC -> IO,0.026912
1776354633.5832067,122.1475899219513,PLC -> IO,0.012752
1776354633.647209,122.21159219741821,PLC -> IO,0.007951999999999999
1776354633.7112079,122.27559113502502,PLC -> IO,0.162528
1776354633.7751982,122.33958148956299,PLC -> IO,0.010431999999999999
1776354633.8392017,122.4035849571228,PLC -> IO,1.107712
1776354633.9032068,122.46759009361267,PLC -> IO,0.029328
1776354633.9672124,122.5315957069397,PLC -> IO,0.165088
1776354634.0311956,122.59557890892029,PLC -> IO,0.015792
1776354634.0952058,122.65958905220032,PLC -> IO,0.216272
1776354634.159205,122.72358822822571,PLC -> IO,0.008368
1776354634.2232137,122.78759694099426,PLC -> IO,0.14308800000000002
1776354634.2872124,122.8515956401825,PLC -> IO,0.004432
1776354634.3512063,122.91558957099915,PLC -> IO,0.736992
1776354634.4152043,122.97958755493164,PLC -> IO,0.007968000000000001
1776354634.4792056,123.04358887672424,PLC -> IO,0.181952
1776354634.54326,123.10764336585999,PLC -> IO,0.203248
1776354634.6072068,123.17159008979797,PLC -> IO,0.001632
1776354634.6712055,123.2355887889862,PLC -> IO,0.009408
1776354634.735198,123.29958128929138,PLC -> IO,0.018272
1776354634.799201,123.36358428001404,PLC -> IO,0.09019200000000001
1776354634.8632112,123.42759442329407,PLC -> IO,0.764832
1776354634.9272037,123.49158692359924,PLC -> IO,0.025168
1776354634.9912121,123.55559539794922,PLC -> IO,0.0019520000000000002
1776354635.0552175,123.61960077285767,PLC -> IO,0.153728
1776354635.1192021,123.68358540534973,PLC -> IO,0.0036320000000000002
1776354635.1832058,123.74758911132812,PLC -> IO,0.010032
1776354635.2472098,123.8115930557251,PLC -> IO,0.031152000000000003
1776354635.3112016,123.87558484077454,PLC -> IO,0.0005279999999999999
1776354635.3752031,123.93958640098572,PLC -> IO,0.003472
1776354635.4392035,124.003586769104,PLC -> IO,0.003968
1776354635.503205,124.06758832931519,PLC -> IO,0.009792
1776354635.567201,124.13158416748047,PLC -> IO,0.003952
1776354635.6311955,124.19557881355286,PLC -> IO,0.012912
1776354635.6953008,124.25968408584595,PLC -> IO,0.629712
1776354635.7592225,124.32360577583313,PLC -> IO,0.130352
1776354635.8232064,124.38758969306946,PLC -> IO,0.005632
1776354635.8872123,124.45159554481506,PLC -> IO,0.0019520000000000002
1776354635.951209,124.51559233665466,PLC -> IO,0.001088
1776354636.015202,124.579585313797,PLC -> IO,0.013328
1776354636.0792046,124.6435878276825,PLC -> IO,0.002448
1776354636.1432111,124.70759439468384,PLC -> IO,0.11100800000000001
1776354636.2072089,124.77159214019775,PLC -> IO,0.0050880000000000005
1776354636.2712157,124.83559894561768,PLC -> IO,0.21907200000000002
1776354636.3352063,124.89958953857422,PLC -> IO,0.18443199999999998
1776354636.3992026,124.96358585357666,PLC -> IO,0.128672
1776354636.4632084,125.02759170532227,PLC -> IO,0.186752
1776354636.5272312,125.09161448478699,PLC -> IO,0.10451200000000001
1776354636.591207,125.15559029579163,PLC -> IO,0.003552
1776354636.6552014,125.21958470344543,PLC -> IO,0.21507199999999999
1776354636.7193594,125.2837426662445,PLC -> IO,0.5493279999999999
1776354636.7832177,125.34760093688965,PLC -> IO,0.012592
1776354636.847208,125.41159129142761,PLC -> IO,0.020112
1776354636.9112036,125.47558689117432,PLC -> IO,1.654912
1776354636.975205,125.53958821296692,PLC -> IO,0.001888
1776354637.0392156,125.6035988330841,PLC -> IO,0.16419199999999998
1776354637.103233,125.66761636734009,PLC -> IO,0.177792
1776354637.1671956,125.7315788269043,PLC -> IO,0.165712
1776354637.2312012,125.79558444023132,PLC -> IO,0.020352000000000002
1776354637.2952073,125.85959053039551,PLC -> IO,0.003568
1776354637.3592124,125.92359566688538,PLC -> IO,0.0028480000000000003
1776354637.4232054,125.98758864402771,PLC -> IO,0.012912
1776354637.4872184,126.05160164833069,PLC -> IO,0.014928
1776354637.551212,126.11559534072876,PLC -> IO,0.163472
1776354637.6152058,126.17958903312683,PLC -> IO,0.009408
1776354637.6792097,126.2435929775238,PLC -> IO,0.005232
1776354637.7433271,126.30771040916443,PLC -> IO,0.579392
1776354637.8072095,126.37159276008606,PLC -> IO,0.004608
1776354637.8712072,126.43559050559998,PLC -> IO,0.005808
1776354637.935209,126.49959230422974,PLC -> IO,0.16667200000000001
1776354637.99922,126.5636031627655,PLC -> IO,0.132512
1776354638.0632107,126.62759399414062,PLC -> IO,0.176512
1776354638.1272068,126.69159007072449,PLC -> IO,0.021888
1776354638.1912103,126.7555935382843,PLC -> IO,0.682832
1776354638.255204,126.81958723068237,PLC -> IO,0.022032
1776354638.319217,126.88360023498535,PLC -> IO,0.000672
1776354638.3832235,126.9476068019867,PLC -> IO,0.000592
1776354638.44721,127.01159334182739,PLC -> IO,0.026192
1776354638.511208,127.07559132575989,PLC -> IO,0.134848
1776354638.5752192,127.13960242271423,PLC -> IO,0.030352
1776354638.6392086,127.20359182357788,PLC -> IO,0.013328
1776354638.703232,127.26761531829834,PLC -> IO,0.6921120000000001
1776354638.7672017,127.33158493041992,PLC -> IO,0.006352
1776354638.8312032,127.3955864906311,PLC -> IO,0.016192
1776354638.895209,127.45959234237671,PLC -> IO,0.010208
1776354638.9592206,127.52360391616821,PLC -> IO,0.168528
1776354639.023217,127.58760023117065,PLC -> IO,0.0057280000000000005
1776354639.087216,127.65159916877747,PLC -> IO,0.006288
1776354639.1512141,127.71559739112854,PLC -> IO,0.006688
1776354639.2152047,127.77958798408508,PLC -> IO,0.011647999999999999
1776354639.2792068,127.84359002113342,PLC -> IO,0.031712
1776354639.3433762,127.90775942802429,PLC -> IO,0.184288
1776354639.4072132,127.9715964794159,PLC -> IO,0.000672
1776354639.4712167,128.0355999469757,PLC -> IO,0.001888
1776354639.5352137,128.0995969772339,PLC -> IO,0.080928
1776354639.5992045,128.163587808609,PLC -> IO,0.177472
1776354639.6632173,128.2276005744934,PLC -> IO,0.181312
1776354639.7272122,128.29159545898438,PLC -> IO,0.618368
1776354639.791212,128.3555953502655,PLC -> IO,0.129632
1776354639.8552082,128.41959142684937,PLC -> IO,0.020191999999999998
1776354639.9192128,128.48359608650208,PLC -> IO,0.003888
1776354639.9832172,128.5476005077362,PLC -> IO,0.664832
1776354640.0472367,128.61161994934082,PLC -> IO,0.071728
1776354640.1112058,128.67558908462524,PLC -> IO,0.053232
1776354640.1753514,128.7397346496582,PLC -> IO,1.348432
1776354640.239217,128.8036003112793,PLC -> IO,0.0018080000000000001
1776354640.3032196,128.8676028251648,PLC -> IO,0.032848
1776354640.3672054,128.93158864974976,PLC -> IO,0.005872
1776354640.4312248,128.99560809135437,PLC -> IO,0.598432
1776354640.49523,129.05961322784424,PLC -> IO,0.26019200000000003
1776354640.5592122,129.1235954761505,PLC -> IO,0.012512
1776354640.62321,129.18759322166443,PLC -> IO,0.004752
1776354640.6872234,129.25160670280457,PLC -> IO,0.685952
1776354640.7512233,129.3156065940857,PLC -> IO,0.000352
1776354640.8152163,129.37959957122803,PLC -> IO,0.003232
1776354640.879212,129.44359517097473,PLC -> IO,0.004032
1776354640.9432263,129.50760960578918,PLC -> IO,0.094288
1776354641.0072005,129.57158374786377,PLC -> IO,0.024848
1776354641.0712173,129.635600566864,PLC -> IO,0.004208
1776354641.1352186,129.69960188865662,PLC -> IO,0.145408
1776354641.1992123,129.7635955810547,PLC -> IO,0.18163200000000002
1776354641.2632177,129.82760095596313,PLC -> IO,0.187312
1776354641.3272266,129.89160990715027,PLC -> IO,0.007728
1776354641.3912108,129.95559406280518,PLC -> IO,0.006432
1776354641.4552093,130.01959252357483,PLC -> IO,0.009952
1776354641.5192118,130.08359503746033,PLC -> IO,0.332448
1776354641.5832205,130.14760375022888,PLC -> IO,0.154752
1776354641.6472132,130.21159648895264,PLC -> IO,0.021152
1776354641.7112112,130.27559447288513,PLC -> IO,1.413392
1776354641.7752151,130.3395984172821,PLC -> IO,0.014208
1776354641.8392134,130.40359663963318,PLC -> IO,0.16292800000000002
1776354641.9032412,130.46762442588806,PLC -> IO,0.009392
1776354641.9672115,130.53159475326538,PLC -> IO,0.0036320000000000002
1776354642.0312169,130.59560012817383,PLC -> IO,0.0046879999999999995
1776354642.0952148,130.65959811210632,PLC -> IO,0.005888
1776354642.1592145,130.72359776496887,PLC -> IO,0.008432
1776354642.2232137,130.78759694099426,PLC -> IO,0.667152
1776354642.287232,130.85161519050598,PLC -> IO,1.002832
1776354642.351216,130.9155993461609,PLC -> IO,0.011968
1776354642.4152167,130.97959995269775,PLC -> IO,0.002352
1776354642.4792109,131.04359412193298,PLC -> IO,0.278352
1776354642.5432255,131.10760879516602,PLC -> IO,0.106768
1776354642.6072197,131.17160296440125,PLC -> IO,0.165248
1776354642.671217,131.235600233078,PLC -> IO,0.206672
1776354642.735211,131.29959416389465,PLC -> IO,0.015072
1776354642.7992117,131.3635950088501,PLC -> IO,0.187312
1776354642.8632195,131.42760276794434,PLC -> IO,0.006608
1776354642.9272134,131.491596698761,PLC -> IO,0.023088
1776354642.99121,131.555593252182,PLC -> IO,0.004512
1776354643.055208,131.6195912361145,PLC -> IO,0.016672
1776354643.1192224,131.68360567092896,PLC -> IO,0.0025280000000000003
1776354643.1832237,131.74760699272156,PLC -> IO,0.005952
1776354643.2472148,131.81159806251526,PLC -> IO,0.025232
1776354643.3112042,131.8755874633789,PLC -> IO,0.006912
1776354643.3752565,131.93963980674744,PLC -> IO,0.092912
1776354643.4392166,132.00359988212585,PLC -> IO,0.010208
1776354643.5033114,132.06769466400146,PLC -> IO,0.161552
1776354643.567213,132.131596326828,PLC -> IO,0.013231999999999999
1776354643.6312191,132.1956024169922,PLC -> IO,0.013312000000000001
1776354643.6952157,132.2595989704132,PLC -> IO,0.007968000000000001
1776354643.7592144,132.32359766960144,PLC -> IO,0.14627199999999999
1776354643.8232124,132.38759565353394,PLC -> IO,0.676192
1776354643.88722,132.4516031742096,PLC -> IO,0.16972800000000002
1776354643.9512267,132.51560997962952,PLC -> IO,0.17491199999999998
1776354644.0152342,132.57961750030518,PLC -> IO,0.181872
1776354644.0792136,132.6435968875885,PLC -> IO,0.038751999999999995
1776354644.1432388,132.707622051239,PLC -> IO,0.098288
1776354644.2072153,132.7715985774994,PLC -> IO,0.009728
1776354644.2712195,132.83560276031494,PLC -> IO,0.011871999999999999
1776354644.3352141,132.89959740638733,PLC -> IO,0.016272
1776354644.3992198,132.96360301971436,PLC -> IO,0.177872
1776354644.463217,133.0276002883911,PLC -> IO,0.013808
1776354644.5274765,133.09185981750488,PLC -> IO,0.466512
1776354644.5912135,133.15559673309326,PLC -> IO,0.17419199999999999
1776354644.655622,133.22000527381897,PLC -> IO,0.27083199999999996
1776354644.7194676,133.28385090827942,PLC -> IO,0.298528
1776354644.7832274,133.3476107120514,PLC -> IO,0.010272
1776354644.847219,133.41160225868225,PLC -> IO,0.024992
1776354644.911217,133.47560024261475,PLC -> IO,0.005392
1776354644.9752219,133.53960514068604,PLC -> IO,0.012048
1776354645.039227,133.6036102771759,PLC -> IO,0.120832
1776354645.1032221,133.66760540008545,PLC -> IO,0.026768
1776354645.167218,133.73160123825073,PLC -> IO,0.004752
1776354645.2312336,133.79561686515808,PLC -> IO,0.000992
1776354645.2952313,133.859614610672,PLC -> IO,0.149872
1776354645.3592198,133.92360305786133,PLC -> IO,0.003232
1776354645.4232175,133.98760080337524,PLC -> IO,0.0041919999999999995
1776354645.4872372,134.05162048339844,PLC -> IO,0.08683199999999999
1776354645.5512211,134.11560440063477,PLC -> IO,0.13755199999999998
1776354645.6152198,134.179603099823,PLC -> IO,0.005791999999999999
1776354645.6792216,134.24360489845276,PLC -> IO,0.002448
1776354645.7432306,134.3076138496399,PLC -> IO,0.10772799999999999
1776354645.8072312,134.37161445617676,PLC -> IO,0.186672
1776354645.871231,134.43561434745789,PLC -> IO,0.179808
1776354645.9352176,134.49960088729858,PLC -> IO,0.17619200000000002
1776354645.9992273,134.56361055374146,PLC -> IO,0.17955200000000002
1776354646.06322,134.6276032924652,PLC -> IO,0.217728
1776354646.127235,134.69161820411682,PLC -> IO,0.121072
1776354646.191218,134.75560116767883,PLC -> IO,0.003312
1776354646.2552164,134.8195996284485,PLC -> IO,0.200272
1776354646.3192244,134.8836076259613,PLC -> IO,0.5426880000000001
1776354646.3832197,134.94760298728943,PLC -> IO,0.6746719999999999
1776354646.447221,135.01160430908203,PLC -> IO,0.039712000000000004
1776354646.5113199,135.0757031440735,PLC -> IO,0.28939200000000004
1776354646.5752215,135.13960480690002,PLC -> IO,0.011168
1776354646.6392171,135.20360040664673,PLC -> IO,0.008848
1776354646.7032852,135.26766848564148,PLC -> IO,0.089712
1776354646.7672148,135.33159804344177,PLC -> IO,0.006992
1776354646.8312228,135.3956060409546,PLC -> IO,0.011151999999999999
1776354646.8952198,135.45960307121277,PLC -> IO,0.009408
1776354646.9592218,135.5236051082611,PLC -> IO,0.006272000000000001
1776354647.0232217,135.58760499954224,PLC -> IO,0.0019520000000000002
1776354647.087224,135.65160727500916,PLC -> IO,0.023408
1776354647.1512253,135.71560859680176,PLC -> IO,0.007408
1776354647.2152212,135.77960443496704,PLC -> IO,0.002352
1776354647.2792168,135.84360003471375,PLC -> IO,0.003472
1776354647.3432283,135.90761160850525,PLC -> IO,0.214528
1776354647.4072247,135.9716079235077,PLC -> IO,0.007088
1776354647.471226,136.0356092453003,PLC -> IO,0.003232
1776354647.5353281,136.09971141815186,PLC -> IO,0.374528
1776354647.5992286,136.1636118888855,PLC -> IO,0.183392
1776354647.663235,136.22761821746826,PLC -> IO,0.37515200000000004
1776354647.7272358,136.2916190624237,PLC -> IO,0.184672
1776354647.791221,136.35560417175293,PLC -> IO,0.007712
1776354647.8552308,136.41961407661438,PLC -> IO,0.002592
1776354647.919234,136.48361730575562,PLC -> IO,0.001552
1776354647.9832215,136.54760479927063,PLC -> IO,0.030912
1776354648.0472224,136.61160564422607,PLC -> IO,0.205232
1776354648.1112428,136.675626039505,PLC -> IO,0.195248
1776354648.1752293,136.7396125793457,PLC -> IO,0.004448
1776354648.23923,136.80361318588257,PLC -> IO,0.0038079999999999998
1776354648.3032434,136.8676266670227,PLC -> IO,0.005472
1776354648.367219,136.93160223960876,PLC -> IO,0.206832
1776354648.4312341,136.99561738967896,PLC -> IO,0.008592
1776354648.4952178,137.0596010684967,PLC -> IO,0.011647999999999999
1776354648.559221,137.12360429763794,PLC -> IO,0.009392
1776354648.6232204,137.1876037120819,PLC -> IO,0.003968
1776354648.6874182,137.2518014907837,PLC -> IO,0.004992
1776354648.7512312,137.3156144618988,PLC -> IO,0.660352
1776354648.815223,137.37960624694824,PLC -> IO,0.005312
1776354648.8792174,137.44360065460205,PLC -> IO,0.0036320000000000002
1776354648.9432328,137.50761604309082,PLC -> IO,0.10524800000000001
1776354649.0072293,137.57161259651184,PLC -> IO,0.146928
1776354649.071226,137.63560914993286,PLC -> IO,0.17547200000000002
1776354649.1352262,137.69960951805115,PLC -> IO,0.682592
1776354649.1992285,137.76361179351807,PLC -> IO,0.191232
1776354649.2632544,137.82763767242432,PLC -> IO,0.191408
1776354649.3273094,137.89169263839722,PLC -> IO,0.5180319999999999
1776354649.3912237,137.95560693740845,PLC -> IO,0.16923200000000002
1776354649.455229,138.0196123123169,PLC -> IO,0.020672000000000003
1776354649.5192404,138.08362364768982,PLC -> IO,0.5497920000000001
1776354649.5832245,138.14760780334473,PLC -> IO,0.737152
1776354649.6472275,138.21161079406738,PLC -> IO,0.026192
1776354649.7112312,138.27561450004578,PLC -> IO,0.7322719999999999
1776354649.7752302,138.3396134376526,PLC -> IO,0.011248
1776354649.8392315,138.4036147594452,PLC -> IO,0.006112
1776354649.9032438,138.46762704849243,PLC -> IO,0.144192
1776354649.9672253,138.53160858154297,PLC -> IO,0.029312
1776354650.0312476,138.59563088417053,PLC -> IO,0.124912
1776354650.095217,138.65960025787354,PLC -> IO,0.206928
1776354650.1592247,138.72360801696777,PLC -> IO,0.009311999999999999
1776354650.2232223,138.7876055240631,PLC -> IO,0.004272
1776354650.2872386,138.8516218662262,PLC -> IO,0.15012799999999998
1776354650.3512352,138.91561841964722,PLC -> IO,0.012272
1776354650.4152155,138.97959876060486,PLC -> IO,0.010912
1776354650.4792216,139.04360485076904,PLC -> IO,0.0063679999999999995
1776354650.5432322,139.10761547088623,PLC -> IO,0.8803679999999999
1776354650.6072295,139.171612739563,PLC -> IO,0.006848
1776354650.671228,139.23561120033264,PLC -> IO,0.0061920000000000005
1776354650.7352235,139.29960680007935,PLC -> IO,0.003472
1776354650.799239,139.36362218856812,PLC -> IO,0.179152
1776354650.8632286,139.42761182785034,PLC -> IO,0.008048
1776354650.9272332,139.49161648750305,PLC -> IO,0.006528
1776354650.9912233,139.55560660362244,PLC -> IO,0.007312
1776354651.0552418,139.61962509155273,PLC -> IO,0.004448
1776354651.1192276,139.6836109161377,PLC -> IO,0.015312
1776354651.1832273,139.74761056900024,PLC -> IO,0.035232
1776354651.2472322,139.81161546707153,PLC -> IO,0.018831999999999998
1776354651.311256,139.87563920021057,PLC -> IO,0.38603200000000004
1776354651.3752332,139.93961644172668,PLC -> IO,0.000928
1776354651.4392283,140.00361156463623,PLC -> IO,0.011312
1776354651.503253,140.06763625144958,PLC -> IO,0.24011200000000002
1776354651.567234,140.13161730766296,PLC -> IO,0.016352
1776354651.6312413,140.19562458992004,PLC -> IO,0.001232
1776354651.6952312,140.25961446762085,PLC -> IO,0.002512
1776354651.7592285,140.3236117362976,PLC -> IO,0.0074719999999999995
1776354651.8232327,140.38761591911316,PLC -> IO,0.004208
1776354651.8872538,140.45163702964783,PLC -> IO,0.13651200000000002
1776354651.951231,140.51561427116394,PLC -> IO,0.005072
1776354652.015225,140.5796082019806,PLC -> IO,0.006272000000000001
1776354652.0792222,140.64360547065735,PLC -> IO,0.005392
1776354652.1432345,140.7076177597046,PLC -> IO,0.110608
1776354652.207238,140.7716212272644,PLC -> IO,0.006112
1776354652.2712295,140.83561277389526,PLC -> IO,0.009792
1776354652.3353612,140.89974451065063,PLC -> IO,0.49427200000000004
1776354652.3992443,140.963627576828,PLC -> IO,0.17755200000000002
1776354652.4632382,141.02762150764465,PLC -> IO,0.002512
1776354652.5272415,141.0916247367859,PLC -> IO,0.741632
1776354652.5912266,141.1556098461151,PLC -> IO,0.011312
1776354652.6552439,141.21962714195251,PLC -> IO,0.000592
1776354652.7192395,141.28362274169922,PLC -> IO,0.004912
1776354652.7832282,141.34761142730713,PLC -> IO,0.19723200000000002
1776354652.8472223,141.41160559654236,PLC -> IO,0.029312
1776354652.9112384,141.47562170028687,PLC -> IO,0.023808
1776354652.9752257,141.5396089553833,PLC -> IO,0.014528000000000001
1776354653.0392323,141.60361552238464,PLC -> IO,0.001152
1776354653.1032503,141.66763353347778,PLC -> IO,0.041232
1776354653.167245,141.73162817955017,PLC -> IO,0.007072
1776354653.231239,141.7956223487854,PLC -> IO,0.013791999999999999
1776354653.2952335,141.8596167564392,PLC -> IO,0.008272
1776354653.359227,141.9236102104187,PLC -> IO,0.181792
1776354653.4232306,141.9876139163971,PLC -> IO,0.009248000000000001
1776354653.4872358,142.05161905288696,PLC -> IO,0.018688
1776354653.551232,142.1156153678894,PLC -> IO,0.006592
1776354653.6152272,142.17961049079895,PLC -> IO,0.180832
1776354653.679229,142.2436122894287,PLC -> IO,0.059072
1776354653.7433467,142.30772995948792,PLC -> IO,1.385472
1776354653.8072338,142.37161707878113,PLC -> IO,0.0077919999999999994
1776354653.8712337,142.43561697006226,PLC -> IO,0.002672
1776354653.9352307,142.49961400032043,PLC -> IO,0.004032
1776354653.9992452,142.5636284351349,PLC -> IO,0.182912
1776354654.06324,142.62762331962585,PLC -> IO,0.003712
1776354654.1272287,142.69161200523376,PLC -> IO,0.26212799999999997
1776354654.191231,142.75561428070068,PLC -> IO,0.000192
1776354654.2552388,142.81962203979492,PLC -> IO,0.0021119999999999997
1776354654.319326,142.883709192276,PLC -> IO,0.238672
1776354654.383231,142.94761419296265,PLC -> IO,0.029632
1776354654.4472315,143.0116147994995,PLC -> IO,0.025232
1776354654.511238,143.07562136650085,PLC -> IO,0.013727999999999999
1776354654.575235,143.13961815834045,PLC -> IO,0.004288
1776354654.6392357,143.2036190032959,PLC -> IO,0.002272
1776354654.7032356,143.26761889457703,PLC -> IO,0.014848
1776354654.7672508,143.33163404464722,PLC -> IO,0.010672000000000001
1776354654.8312445,143.3956277370453,PLC -> IO,0.205712
1776354654.895236,143.45961928367615,PLC -> IO,0.009712
1776354654.9592295,143.52361273765564,PLC -> IO,0.010512
1776354655.0232294,143.58761262893677,PLC -> IO,0.014048
1776354655.0872486,143.6516318321228,PLC -> IO,0.010128
1776354655.151233,143.7156162261963,PLC -> IO,0.014192000000000001
1776354655.2152226,143.77960586547852,PLC -> IO,0.011952
1776354655.2792315,143.84361481666565,PLC -> IO,0.007968000000000001
1776354655.3432465,143.90762972831726,PLC -> IO,0.5171680000000001
1776354655.4072359,143.9716191291809,PLC -> IO,0.013552
1776354655.4712303,144.03561353683472,PLC -> IO,0.008912
1776354655.5352304,144.09961366653442,PLC -> IO,0.007232000000000001
1776354655.5992448,144.16362810134888,PLC -> IO,0.306512
1776354655.663237,144.22762036323547,PLC -> IO,0.013312000000000001
1776354655.7272398,144.29162311553955,PLC -> IO,0.009088
1776354655.7912314,144.3556146621704,PLC -> IO,0.000848
1776354655.855244,144.41962718963623,PLC -> IO,0.003968
1776354655.9192317,144.48361492156982,PLC -> IO,0.019072
1776354655.98323,144.54761338233948,PLC -> IO,0.21147200000000002
1776354656.047234,144.61161732673645,PLC -> IO,0.193312
1776354656.1112554,144.6756386756897,PLC -> IO,0.39379200000000003
1776354656.175239,144.73962235450745,PLC -> IO,0.001888
1776354656.2392383,144.80362153053284,PLC -> IO,0.001632
1776354656.3033218,144.86770510673523,PLC -> IO,0.115888
1776354656.3672504,144.9316337108612,PLC -> IO,0.19587200000000002
1776354656.4312358,144.995619058609,PLC -> IO,0.015472
1776354656.4952369,145.05962014198303,PLC -> IO,0.003312
1776354656.559234,145.1236171722412,PLC -> IO,0.172352
1776354656.6232355,145.1876187324524,PLC -> IO,0.013968000000000001
1776354656.687243,145.25162625312805,PLC -> IO,0.09396800000000001
1776354656.751236,145.31561923027039,PLC -> IO,0.010512
1776354656.8152485,145.3796317577362,PLC -> IO,0.141872
1776354656.8792357,145.44361901283264,PLC -> IO,0.014048
1776354656.9432406,145.50762391090393,PLC -> IO,0.002432
1776354657.0072396,145.57162284851074,PLC -> IO,0.151952
1776354657.0712347,145.6356179714203,PLC -> IO,0.007232000000000001
1776354657.135369,145.69975233078003,PLC -> IO,0.259888
1776354657.1992419,145.7636251449585,PLC -> IO,0.009408
1776354657.2632403,145.82762360572815,PLC -> IO,0.007232000000000001
1776354657.327253,145.89163637161255,PLC -> IO,0.284032
1776354657.3912332,145.9556164741516,PLC -> IO,0.001072
1776354657.4552484,146.0196316242218,PLC -> IO,0.008672
1776354657.5192382,146.0836215019226,PLC -> IO,0.16259200000000001
1776354657.5832312,146.14761447906494,PLC -> IO,0.659552
1776354657.647239,146.21162223815918,PLC -> IO,0.021152
1776354657.71124,146.2756233215332,PLC -> IO,0.024128
1776354657.775234,146.33961725234985,PLC -> IO,0.012128
1776354657.8392375,146.40362071990967,PLC -> IO,0.003792
1776354657.903259,146.4676423072815,PLC -> IO,0.053728
1776354657.967252,146.53163528442383,PLC -> IO,0.011552
1776354658.0312598,146.59564304351807,PLC -> IO,0.003312
1776354658.0952349,146.65961813926697,PLC -> IO,0.012352
1776354658.1592376,146.72362089157104,PLC -> IO,0.102912
1776354658.2232394,146.7876226902008,PLC -> IO,0.015007999999999999
1776354658.2872448,146.85162806510925,PLC -> IO,0.015248000000000001
1776354658.3512456,146.9156289100647,PLC -> IO,0.571168
1776354658.4152336,146.97961688041687,PLC -> IO,0.006672
1776354658.4792542,147.04363751411438,PLC -> IO,0.164112
1776354658.5432432,147.10762643814087,PLC -> IO,0.007391999999999999
1776354658.6072361,147.1716194152832,PLC -> IO,0.019792
1776354658.6712422,147.2356255054474,PLC -> IO,0.191968
1776354658.7352412,147.2996244430542,PLC -> IO,0.010688
1776354658.7992446,147.363627910614,PLC -> IO,0.004528
1776354658.863241,147.42762422561646,PLC -> IO,0.0028320000000000003
1776354658.927242,147.49162530899048,PLC -> IO,0.158368
1776354658.991238,147.55562138557434,PLC -> IO,0.015728
1776354659.0552485,147.61963176727295,PLC -> IO,0.007072
1776354659.1192453,147.68362855911255,PLC -> IO,0.101632
1776354659.18324,147.74762320518494,PLC -> IO,0.031792
1776354659.247207,147.81159019470215,PLC -> IO,0.033327999999999997
1776354659.3112586,147.87564182281494,PLC -> IO,0.082672
1776354659.375239,147.93962216377258,PLC -> IO,0.018831999999999998
1776354659.4392426,148.00362586975098,PLC -> IO,0.001232
1776354659.5032585,148.0676417350769,PLC -> IO,0.003968
1776354659.5672622,148.1316454410553,PLC -> IO,0.17468799999999998
1776354659.631283,148.1956663131714,PLC -> IO,0.09572800000000001
1776354659.69524,148.25962328910828,PLC -> IO,0.008592
1776354659.759236,148.32361936569214,PLC -> IO,0.113232
1776354659.823249,148.38763236999512,PLC -> IO,0.005968
1776354659.8872545,148.45163774490356,PLC -> IO,0.016208
1776354659.9512384,148.5156216621399,PLC -> IO,0.021872
1776354660.01523,148.57961320877075,PLC -> IO,0.002128
1776354660.0792508,148.64363408088684,PLC -> IO,0.187312
1776354660.143239,148.7076222896576,PLC -> IO,0.009232
1776354660.2072442,148.77162742614746,PLC -> IO,0.012192
1776354660.2712424,148.83562564849854,PLC -> IO,0.19587200000000002
1776354660.3352568,148.899640083313,PLC -> IO,0.45667199999999997
1776354660.3992493,148.96363258361816,PLC -> IO,0.008128000000000002
1776354660.4632432,149.02762651443481,PLC -> IO,0.0055520000000000005
1776354660.527259,149.09164237976074,PLC -> IO,0.000688
1776354660.591246,149.15562915802002,PLC -> IO,0.007488
1776354660.6552541,149.21963739395142,PLC -> IO,0.003072
1776354660.7192419,149.283625125885,PLC -> IO,0.018192
1776354660.783243,149.34762620925903,PLC -> IO,0.16787200000000002
1776354660.8472586,149.41164183616638,PLC -> IO,3.2000000000000005e-05
1776354660.911238,149.4756212234497,PLC -> IO,0.027328
1776354660.9752445,149.53962779045105,PLC -> IO,0.006352
1776354661.0392425,149.60362577438354,PLC -> IO,0.0028320000000000003
1776354661.103274,149.6676573753357,PLC -> IO,0.155168
1776354661.1672585,149.73164176940918,PLC -> IO,0.008912
1776354661.2312431,149.79562640190125,PLC -> IO,0.025232
1776354661.2952433,149.85962653160095,PLC -> IO,0.007152
1776354661.3592417,149.9236249923706,PLC -> IO,0.003232
1776354661.4232526,149.98763585090637,PLC -> IO,0.139712
1776354661.4872637,150.05164694786072,PLC -> IO,0.072592
1776354661.551243,150.11562633514404,PLC -> IO,0.007872
1776354661.6152418,150.17962503433228,PLC -> IO,0.000688
1776354661.6792572,150.24364042282104,PLC -> IO,0.40643199999999996
1776354661.7432475,150.307630777359,PLC -> IO,0.021712000000000002
1776354661.8072462,150.37162947654724,PLC -> IO,0.014832
1776354661.8712435,150.435626745224,PLC -> IO,0.007232000000000001
1776354661.9352458,150.49962902069092,PLC -> IO,0.001168
1776354661.9992576,150.563640832901,PLC -> IO,0.672592
1776354662.0632467,150.62762999534607,PLC -> IO,0.003792
1776354662.1272326,150.69161581993103,PLC -> IO,0.237168
1776354662.1912572,150.75564050674438,PLC -> IO,0.155952
1776354662.2552543,150.81963753700256,PLC -> IO,0.0015680000000000002
1776354662.319246,150.883629322052,PLC -> IO,0.015231999999999999
1776354662.3832347,150.9476180076599,PLC -> IO,0.037871999999999996
1776354662.447261,151.01164436340332,PLC -> IO,0.009712
1776354662.5112593,151.0756425857544,PLC -> IO,0.002432
1776354662.5752437,151.13962697982788,PLC -> IO,0.000928
1776354662.639241,151.20362424850464,PLC -> IO,0.013951999999999999
1776354662.7032535,151.26763677597046,PLC -> IO,0.024768000000000002
1776354662.7672532,151.331636428833,PLC -> IO,0.031712
1776354662.8312469,151.39563012123108,PLC -> IO,0.027152
1776354662.895247,151.4596302509308,PLC -> IO,0.007152
1776354662.9592555,151.52363872528076,PLC -> IO,0.027152
1776354663.0232623,151.58764553070068,PLC -> IO,3.2000000000000005e-05
1776354663.0872605,151.65164375305176,PLC -> IO,0.003792
1776354663.1512542,151.71563744544983,PLC -> IO,0.39084800000000003
1776354663.215234,151.7796173095703,PLC -> IO,0.009888
1776354663.2792604,151.84364366531372,PLC -> IO,0.190832
1776354663.3432574,151.9076406955719,PLC -> IO,0.818352
1776354663.4072526,151.97163581848145,PLC -> IO,0.004272
1776354663.4712508,152.03563404083252,PLC -> IO,0.003232
1776354663.535254,152.09963726997375,PLC -> IO,0.005648
1776354663.5992506,152.16363382339478,PLC -> IO,0.010431999999999999
1776354663.6632493,152.227632522583,PLC -> IO,0.044511999999999996
1776354663.7272522,152.29163551330566,PLC -> IO,0.012368
1776354663.7912505,152.35563373565674,PLC -> IO,0.012448
1776354663.855259,152.4196422100067,PLC -> IO,0.008992
1776354663.919249,152.4836323261261,PLC -> IO,0.216192
1776354663.983248,152.5476312637329,PLC -> IO,0.715872
1776354664.047265,152.61164832115173,PLC -> IO,0.004672
1776354664.1112616,152.67564487457275,PLC -> IO,0.005392
1776354664.1752477,152.7396309375763,PLC -> IO,0.013791999999999999
1776354664.2392492,152.80363249778748,PLC -> IO,0.709232
1776354664.3032546,152.86763787269592,PLC -> IO,0.032368
1776354664.3672523,152.93163561820984,PLC -> IO,0.014752000000000001
1776354664.4312475,152.99563074111938,PLC -> IO,0.016192
1776354664.4952488,153.059632062912,PLC -> IO,0.006832
1776354664.5592558,153.1236391067505,PLC -> IO,0.005408
1776354664.6232615,153.18764472007751,PLC -> IO,0.170448
1776354664.6872633,153.25164651870728,PLC -> IO,4.8e-05
1776354664.7512455,153.31562876701355,PLC -> IO,0.180032
1776354664.8152447,153.37962794303894,PLC -> IO,0.003792
1776354664.8792572,153.44364047050476,PLC -> IO,0.134912
1776354664.9432573,153.50764060020447,PLC -> IO,0.167168
1776354665.0072496,153.57163286209106,PLC -> IO,0.172912
1776354665.0712578,153.63564109802246,PLC -> IO,0.722352
1776354665.1352632,153.6996464729309,PLC -> IO,0.07692800000000001
1776354665.1992664,153.76364970207214,PLC -> IO,0.159008
1776354665.263263,153.82764625549316,PLC -> IO,0.145888
1776354665.3272572,153.8916404247284,PLC -> IO,0.015968
1776354665.3912616,153.95564484596252,PLC -> IO,0.026272
1776354665.4552581,154.01964139938354,PLC -> IO,0.018032
1776354665.5192506,154.08363389968872,PLC -> IO,0.018751999999999998
1776354665.5832467,154.14762997627258,PLC -> IO,0.040912
1776354665.6472697,154.21165299415588,PLC -> IO,0.009152
1776354665.7112582,154.27564144134521,PLC -> IO,0.010591999999999999
1776354665.7752452,154.33962845802307,PLC -> IO,0.013152
1776354665.8392458,154.40362906455994,PLC -> IO,0.008672
1776354665.9032552,154.46763849258423,PLC -> IO,0.030448
1776354665.9672587,154.53164196014404,PLC -> IO,0.011792
1776354666.0312517,154.59563493728638,PLC -> IO,0.029071999999999997
1776354666.0952532,154.65963649749756,PLC -> IO,0.08915200000000001
1776354666.1592536,154.72363686561584,PLC -> IO,0.446928
1776354666.2232609,154.78764414787292,PLC -> IO,0.007072
1776354666.2872648,154.8516480922699,PLC -> IO,0.005152
1776354666.351245,154.91562819480896,PLC -> IO,0.005327999999999999
1776354666.4152546,154.97963786125183,PLC -> IO,0.19588799999999998
1776354666.4792545,155.04363775253296,PLC -> IO,0.007408
1776354666.5432549,155.10763812065125,PLC -> IO,1.487712
1776354666.6072495,155.17163276672363,PLC -> IO,0.013231999999999999
1776354666.6712575,155.23564076423645,PLC -> IO,0.007728
1776354666.73527,155.29965329170227,PLC -> IO,0.014528000000000001
1776354666.799251,155.36363434791565,PLC -> IO,0.017952
1776354666.8632545,155.42763781547546,PLC -> IO,0.005312
1776354666.9272797,155.49166297912598,PLC -> IO,0.08027200000000001
1776354666.9912534,155.5556366443634,PLC -> IO,0.006928
1776354667.0552585,155.61964178085327,PLC -> IO,0.155472
1776354667.1192539,155.6836371421814,PLC -> IO,0.719232
1776354667.183252,155.74763536453247,PLC -> IO,0.027392
1776354667.2472677,155.81165099143982,PLC -> IO,0.009871999999999999
1776354667.311261,155.87564420700073,PLC -> IO,0.023791999999999997
1776354667.3752553,155.93963861465454,PLC -> IO,0.007552
1776354667.4393811,156.00376439094543,PLC -> IO,0.531072
1776354667.5032623,156.06764554977417,PLC -> IO,0.025328
1776354667.5672932,156.13167643547058,PLC -> IO,0.0036320000000000002
1776354667.6312525,156.19563579559326,PLC -> IO,0.865872
1776354667.6952546,156.2596378326416,PLC -> IO,4.8e-05
1776354667.7592616,156.3236448764801,PLC -> IO,0.008048
1776354667.82326,156.38764333724976,PLC -> IO,0.002512
1776354667.8872714,156.45165467262268,PLC -> IO,0.510032
1776354667.9512568,156.51564002037048,PLC -> IO,0.026128000000000002
1776354668.0152555,156.57963871955872,PLC -> IO,0.011008
1776354668.0792618,156.64364504814148,PLC -> IO,0.186432
1776354668.143254,156.70763731002808,PLC -> IO,0.363472
1776354668.2072508,156.77163410186768,PLC -> IO,0.015472
1776354668.2712684,156.83565163612366,PLC -> IO,0.006288
1776354668.3352635,156.8996467590332,PLC -> IO,0.001888
1776354668.3992534,156.963636636734,PLC -> IO,0.019632
1776354668.4632561,157.0276393890381,PLC -> IO,0.009152
1776354668.527257,157.09164023399353,PLC -> IO,0.020687999999999998
1776354668.5912502,157.15563344955444,PLC -> IO,0.015488000000000002
1776354668.655258,157.21964120864868,PLC -> IO,0.015312
1776354668.7192564,157.28363966941833,PLC -> IO,0.006912
1776354668.7832637,157.34764695167542,PLC -> IO,0.017792
1776354668.8472683,157.41165161132812,PLC -> IO,0.017952
1776354668.9112713,157.47565460205078,PLC -> IO,0.0036320000000000002
1776354668.975253,157.5396363735199,PLC -> IO,0.004928
1776354669.039257,157.60364031791687,PLC -> IO,0.005712
1776354669.103259,157.6676423549652,PLC -> IO,0.08348799999999999
1776354669.1672947,157.7316780090332,PLC -> IO,0.799888
1776354669.2312562,157.7956395149231,PLC -> IO,0.032672
1776354669.2953906,157.85977387428284,PLC -> IO,0.050831999999999995
1776354669.3592672,157.92365050315857,PLC -> IO,0.004288
1776354669.4232621,157.98764538764954,PLC -> IO,1.423872
1776354669.4872684,158.0516517162323,PLC -> IO,0.0021119999999999997
1776354669.5512536,158.11563682556152,PLC -> IO,0.19811199999999998
1776354669.6152625,158.17964577674866,PLC -> IO,0.008528
1776354669.679264,158.24364733695984,PLC -> IO,0.0061920000000000005
1776354669.7432442,158.3076274394989,PLC -> IO,0.035472000000000004
1776354669.8072631,158.37164640426636,PLC -> IO,0.0020320000000000004
1776354669.8712626,158.43564581871033,PLC -> IO,0.009568
1776354669.9352481,158.4996314048767,PLC -> IO,0.022608
1776354669.9992561,158.56363940238953,PLC -> IO,0.013872
1776354670.0632553,158.62763857841492,PLC -> IO,0.004992
1776354670.1272905,158.69167375564575,PLC -> IO,0.149152
1776354670.191265,158.7556483745575,PLC -> IO,0.00012800000000000002
1776354670.2552593,158.81964254379272,PLC -> IO,0.8145920000000001
1776354670.3192606,158.88364386558533,PLC -> IO,0.014272
1776354670.3832674,158.94765067100525,PLC -> IO,0.018192
1776354670.4472713,159.01165461540222,PLC -> IO,0.012512
1776354670.511272,159.0756552219391,PLC -> IO,0.004592000000000001
1776354670.5752573,159.1396405696869,PLC -> IO,0.011792
1776354670.6392596,159.2036428451538,PLC -> IO,0.002512
1776354670.7032778,159.26766109466553,PLC -> IO,0.158128
1776354670.7672572,159.33164048194885,PLC -> IO,0.036352
1776354670.8314006,159.3957839012146,PLC -> IO,0.756672
1776354670.8952606,159.4596438407898,PLC -> IO,0.007728
1776354670.9593499,159.5237331390381,PLC -> IO,0.081872
1776354671.0232618,159.58764505386353,PLC -> IO,0.009392
1776354671.0872777,159.65166091918945,PLC -> IO,0.143712
1776354671.1512592,159.71564245224,PLC -> IO,0.357632
1776354671.2152655,159.77964878082275,PLC -> IO,0.0038079999999999998
1776354671.2792642,159.843647480011,PLC -> IO,0.028192000000000002
1776354671.343421,159.90780425071716,PLC -> IO,0.043552
1776354671.407263,159.97164630889893,PLC -> IO,0.138512
1776354671.4712577,160.0356409549713,PLC -> IO,0.015888
1776354671.5352602,160.0996434688568,PLC -> IO,0.017488
1776354671.599259,160.16364216804504,PLC -> IO,0.009072
1776354671.6632602,160.22764348983765,PLC -> IO,0.002688
1776354671.7272944,160.29167771339417,PLC -> IO,0.580192
1776354671.7912612,160.3556444644928,PLC -> IO,0.007648
1776354671.8552616,160.41964483261108,PLC -> IO,0.382832
1776354671.9192574,160.48364067077637,PLC -> IO,0.016832
1776354671.9832754,160.5476586818695,PLC -> IO,0.008672
1776354672.0472724,160.61165571212769,PLC -> IO,0.009952
1776354672.1112628,160.67564606666565,PLC -> IO,0.676032
1776354672.1752582,160.73964142799377,PLC -> IO,0.015632
1776354672.239262,160.80364537239075,PLC -> IO,0.004352
1776354672.3032482,160.8676314353943,PLC -> IO,0.044288
1776354672.3672636,160.93164682388306,PLC -> IO,0.041232
1776354672.4312606,160.99564385414124,PLC -> IO,0.038272
1776354672.495267,161.059650182724,PLC -> IO,0.005888
1776354672.559273,161.12365627288818,PLC -> IO,0.041952
1776354672.6232631,161.18764638900757,PLC -> IO,0.018592
1776354672.6872754,161.2516586780548,PLC -> IO,0.001968
1776354672.7512727,161.31565594673157,PLC -> IO,0.214448
1776354672.8152688,161.37965202331543,PLC -> IO,0.004048
1776354672.8792703,161.4436535835266,PLC -> IO,0.015712
1776354672.9433582,161.50774145126343,PLC -> IO,1.0711519999999999
1776354673.0072691,161.57165241241455,PLC -> IO,0.001488
1776354673.0712693,161.63565254211426,PLC -> IO,0.008208
1776354673.1352618,161.69964504241943,PLC -> IO,0.013712
1776354673.1992645,161.7636477947235,PLC -> IO,0.016192
1776354673.2632592,161.8276424407959,PLC -> IO,0.006112
1776354673.3272648,161.89164805412292,PLC -> IO,0.18068800000000002
1776354673.3912654,161.9556486606598,PLC -> IO,0.003568
1776354673.4552588,162.01964211463928,PLC -> IO,0.025392
1776354673.5192604,162.08364367485046,PLC -> IO,0.016192
1776354673.5832765,162.14765977859497,PLC -> IO,0.09595200000000001
1776354673.6472685,162.211651802063,PLC -> IO,0.016752000000000003
1776354673.7112637,162.27564692497253,PLC -> IO,0.014112
1776354673.7752583,162.33964157104492,PLC -> IO,0.011952
1776354673.8392644,162.4036476612091,PLC -> IO,0.003312
1776354673.9032664,162.46764969825745,PLC -> IO,0.033968
1776354673.9675796,162.5319628715515,PLC -> IO,0.36507199999999995
1776354674.0312657,162.59564900398254,PLC -> IO,0.143072
1776354674.0952663,162.6596496105194,PLC -> IO,0.837072
1776354674.1592734,162.7236566543579,PLC -> IO,0.5116320000000001
1776354674.223272,162.78765535354614,PLC -> IO,0.179312
1776354674.287277,162.85166025161743,PLC -> IO,0.000448
1776354674.3512611,162.91564440727234,PLC -> IO,0.006448
1776354674.4152653,162.9796485900879,PLC -> IO,0.010608000000000001
1776354674.4792712,163.0436544418335,PLC -> IO,0.010272
1776354674.5432658,163.10764908790588,PLC -> IO,0.203152
1776354674.6072695,163.17165279388428,PLC -> IO,0.002288
1776354674.671276,163.23565936088562,PLC -> IO,0.001552
1776354674.7352605,163.2996437549591,PLC -> IO,0.010288
1776354674.7992651,163.36364841461182,PLC -> IO,0.012432
1776354674.8632672,163.42765045166016,PLC -> IO,0.004528
1776354674.9272704,163.4916536808014,PLC -> IO,0.019088
1776354674.991271,163.55565428733826,PLC -> IO,0.186768
1776354675.0552704,163.61965370178223,PLC -> IO,0.008912
1776354675.119258,163.68364119529724,PLC -> IO,0.019968
1776354675.183279,163.7476623058319,PLC -> IO,0.029792
1776354675.2472715,163.81165480613708,PLC -> IO,0.030912
1776354675.3112836,163.87566685676575,PLC -> IO,0.211728
1776354675.3752716,163.93965482711792,PLC -> IO,2.461392
1776354675.4392698,164.003653049469,PLC -> IO,0.010448
1776354675.5032709,164.06765413284302,PLC -> IO,0.019648
1776354675.567265,164.13164830207825,PLC -> IO,0.044992
1776354675.631289,164.19567227363586,PLC -> IO,0.202208
1776354675.6952655,164.25964879989624,PLC -> IO,0.018608
1776354675.7592616,164.3236448764801,PLC -> IO,0.174528
1776354675.823272,164.3876552581787,PLC -> IO,0.023392
1776354675.8872824,164.45166563987732,PLC -> IO,0.006352
1776354675.9512725,164.5156557559967,PLC -> IO,0.076032
1776354676.0152676,164.57965087890625,PLC -> IO,0.008368
1776354676.0792713,164.64365458488464,PLC -> IO,0.720272
1776354676.1432662,164.7076494693756,PLC -> IO,0.011151999999999999
1776354676.207267,164.77165031433105,PLC -> IO,0.010608000000000001
1776354676.2712808,164.83566403388977,PLC -> IO,0.151552
1776354676.335273,164.89965629577637,PLC -> IO,0.129792
1776354676.3992667,164.96364998817444,PLC -> IO,0.169872
1776354676.4632692,165.02765250205994,PLC -> IO,0.002928
1776354676.5272675,165.091650724411,PLC -> IO,0.179168
1776354676.59127,165.1556532382965,PLC -> IO,0.008432
1776354676.6552699,165.21965312957764,PLC -> IO,0.018672
1776354676.7192645,165.28364777565002,PLC -> IO,0.014048
1776354676.7833166,165.34769988059998,PLC -> IO,0.015392000000000001
1776354676.8472717,165.41165494918823,PLC -> IO,0.028352
1776354676.9112778,165.47566103935242,PLC -> IO,0.001712
1776354676.9752755,165.53965878486633,PLC -> IO,0.702928
1776354677.0392673,165.60365056991577,PLC -> IO,0.019168
1776354677.1032555,165.66763877868652,PLC -> IO,0.037328
1776354677.1672695,165.73165273666382,PLC -> IO,0.859872
1776354677.2312677,165.7956509590149,PLC -> IO,0.026192
1776354677.295288,165.85967135429382,PLC -> IO,0.155072
1776354677.359277,165.9236602783203,PLC -> IO,4.8e-05
1776354677.423273,165.98765635490417,PLC -> IO,0.014672
1776354677.487277,166.05166029930115,PLC -> IO,0.005808
1776354677.5512612,166.11564445495605,PLC -> IO,0.014752000000000001
1776354677.6152732,166.17965650558472,PLC -> IO,0.001168
1776354677.6792917,166.24367499351501,PLC -> IO,0.122288
1776354677.7432752,166.30765843391418,PLC -> IO,0.000672
1776354677.8072777,166.37166094779968,PLC -> IO,0.000992
1776354677.8712833,166.4356665611267,PLC -> IO,0.305552
1776354677.9352703,166.49965357780457,PLC -> IO,0.227312
1776354677.9992728,166.56365609169006,PLC -> IO,0.196432
1776354678.0632746,166.62765789031982,PLC -> IO,0.009552
1776354678.1272712,166.69165444374084,PLC -> IO,0.025248
1776354678.191274,166.75565719604492,PLC -> IO,0.009632
1776354678.2552729,166.81965613365173,PLC -> IO,0.012512
1776354678.319278,166.8836612701416,PLC -> IO,0.001312
1776354678.3832817,166.94766497612,PLC -> IO,0.071952
1776354678.4472768,167.01166009902954,PLC -> IO,0.033791999999999996
1776354678.5112774,167.0756607055664,PLC -> IO,0.004592000000000001
1776354678.5752754,167.1396586894989,PLC -> IO,0.000288
1776354678.6392841,167.20366740226746,PLC -> IO,0.15875199999999998
1776354678.7032871,167.2676703929901,PLC -> IO,0.007088
1776354678.767213,167.33159637451172,PLC -> IO,1.7398719999999999
1776354678.83128,167.39566326141357,PLC -> IO,0.047152
1776354678.8952775,167.4596607685089,PLC -> IO,0.009088
1776354678.9592772,167.52366042137146,PLC -> IO,0.198352
1776354679.0232751,167.58765840530396,PLC -> IO,0.018112
1776354679.0872838,167.6516671180725,PLC -> IO,0.006848
1776354679.1512785,167.7156617641449,PLC -> IO,0.006928
1776354679.2152789,167.77966213226318,PLC -> IO,0.022272
1776354679.2792706,167.84365391731262,PLC -> IO,0.024832
1776354679.3432891,167.90767240524292,PLC -> IO,0.166368
1776354679.4072819,167.97166514396667,PLC -> IO,0.662512
1776354679.4712775,168.03566074371338,PLC -> IO,0.005152
1776354679.5352762,168.0996594429016,PLC -> IO,0.041152
1776354679.599277,168.16366028785706,PLC -> IO,0.007312
1776354679.663281,168.22766423225403,PLC -> IO,0.15068800000000002
1776354679.727278,168.2916612625122,PLC -> IO,0.181568
1776354679.7912805,168.3556637763977,PLC -> IO,0.008912
1776354679.8552744,168.41965770721436,PLC -> IO,0.177872
1776354679.9192789,168.4836621284485,PLC -> IO,0.003472
1776354679.9833868,168.54777002334595,PLC -> IO,0.6426080000000001
1776354680.047276,168.61165928840637,PLC -> IO,0.041472
1776354680.1112735,168.6756567955017,PLC -> IO,0.008272
1776354680.175276,168.7396593093872,PLC -> IO,0.002592
1776354680.2392793,168.80366253852844,PLC -> IO,0.007168
1776354680.3032858,168.86766910552979,PLC -> IO,0.199408
1776354680.3672721,168.9316554069519,PLC -> IO,0.15851200000000001
1776354680.4312797,168.99566292762756,PLC -> IO,0.009392
1776354680.495273,169.05965638160706,PLC -> IO,0.017168
1776354680.559282,169.1236653327942,PLC -> IO,0.223808
1776354680.6232765,169.187659740448,PLC -> IO,0.006912
1776354680.6872773,169.25166058540344,PLC -> IO,0.021008
1776354680.751292,169.31567525863647,PLC -> IO,0.753472
1776354680.815276,169.3796591758728,PLC -> IO,0.006352
1776354680.8792772,169.4436604976654,PLC -> IO,0.014592
1776354680.9432812,169.50766444206238,PLC -> IO,0.066752
1776354681.007276,169.57165932655334,PLC -> IO,0.013727999999999999
1776354681.0712757,169.6356589794159,PLC -> IO,0.006128
1776354681.1352746,169.6996579170227,PLC -> IO,0.011792
1776354681.1992717,169.76365494728088,PLC -> IO,0.005632
1776354681.2632735,169.82765674591064,PLC -> IO,0.006448
1776354681.3272746,169.89165782928467,PLC -> IO,0.176928
1776354681.3912768,169.9556601047516,PLC -> IO,0.004752
1776354681.455279,170.0196623802185,PLC -> IO,0.6883520000000001
1776354681.519279,170.08366227149963,PLC -> IO,0.003648
1776354681.5832803,170.14766359329224,PLC -> IO,0.215152
1776354681.6472788,170.2116620540619,PLC -> IO,0.149152
1776354681.711286,170.27566933631897,PLC -> IO,0.712592
1776354681.7752783,170.33966159820557,PLC -> IO,0.344688
1776354681.839283,170.40366625785828,PLC -> IO,0.004512
1776354681.903284,170.4676673412323,PLC -> IO,0.017008
1776354681.9672759,170.53165912628174,PLC -> IO,0.379952
1776354682.0312853,170.59566855430603,PLC -> IO,0.008672
1776354682.0952864,170.65966963768005,PLC -> IO,0.135472
1776354682.159281,170.72366428375244,PLC -> IO,0.0055520000000000005
1776354682.2232757,170.78765892982483,PLC -> IO,0.011792
1776354682.2872813,170.85166454315186,PLC -> IO,0.020048
1776354682.3512645,170.91564774513245,PLC -> IO,0.000288
1776354682.415286,170.97966933250427,PLC -> IO,1.411392
1776354682.479281,171.04366421699524,PLC -> IO,0.014992
1776354682.5432868,171.10767006874084,PLC -> IO,0.003552
1776354682.6072888,171.17167210578918,PLC -> IO,0.006272000000000001
1776354682.6712835,171.23566675186157,PLC -> IO,0.086912
1776354682.7352774,171.29966068267822,PLC -> IO,0.021632
1776354682.7992835,171.3636667728424,PLC -> IO,0.003552
1776354682.863276,171.42765927314758,PLC -> IO,0.001168
1776354682.9272864,171.4916696548462,PLC -> IO,0.012368
1776354682.9912748,171.55565810203552,PLC -> IO,0.015792
1776354683.0552862,171.61966943740845,PLC -> IO,0.005392
1776354683.1192827,171.68366599082947,PLC -> IO,0.859552
1776354683.183285,171.7476682662964,PLC -> IO,0.307632
1776354683.2472887,171.81167197227478,PLC -> IO,0.016512
1776354683.311281,171.87566423416138,PLC -> IO,0.005312
1776354683.3752837,171.93966698646545,PLC -> IO,0.13516799999999998
1776354683.4392853,172.00366854667664,PLC -> IO,0.138192
1776354683.503286,172.0676691532135,PLC -> IO,0.018128
1776354683.5672667,172.1316499710083,PLC -> IO,0.16811199999999998
1776354683.6312835,172.19566679000854,PLC -> IO,0.013312000000000001
1776354683.6952844,172.259667634964,PLC -> IO,0.162752
1776354683.7593715,172.32375478744507,PLC -> IO,0.945552
1776354683.823281,172.38766431808472,PLC -> IO,0.015872
1776354683.8872933,172.45167660713196,PLC -> IO,0.008048
1776354683.951291,172.51567435264587,PLC -> IO,0.088672
1776354684.0152743,172.57965755462646,PLC -> IO,0.008272
1776354684.0792773,172.64366054534912,PLC -> IO,0.022671999999999998
1776354684.1432884,172.70767164230347,PLC -> IO,0.000368
1776354684.2072828,172.77166604995728,PLC -> IO,0.010448
1776354684.2712834,172.83566665649414,PLC -> IO,0.001712
1776354684.3352783,172.8996615409851,PLC -> IO,0.014432
1776354684.3992841,172.9636673927307,PLC -> IO,0.004592000000000001
1776354684.4632804,173.02766370773315,PLC -> IO,0.013408
1776354684.5273025,173.09168577194214,PLC -> IO,0.119072
1776354684.5912797,173.15566301345825,PLC -> IO,0.004111999999999999
1776354684.6552842,173.21966743469238,PLC -> IO,0.009568
1776354684.7192762,173.2836594581604,PLC -> IO,0.019008
1776354684.7835987,173.34798192977905,PLC -> IO,0.19436799999999999
1776354684.8472838,173.41166710853577,PLC -> IO,0.032992
1776354684.9112859,173.4756691455841,PLC -> IO,0.010288
1776354684.9752839,173.5396671295166,PLC -> IO,0.49483199999999994
1776354685.0392785,173.603661775589,PLC -> IO,0.005888
1776354685.1032867,173.66767001152039,PLC -> IO,0.14876799999999998
1776354685.1672797,173.73166298866272,PLC -> IO,0.236672
1776354685.2312891,173.795672416687,PLC -> IO,0.010752
1776354685.2952788,173.85966205596924,PLC -> IO,0.008928
1776354685.3592858,173.92366909980774,PLC -> IO,0.168768
1776354685.4232829,173.98766613006592,PLC -> IO,0.025792
1776354685.4873,174.05168318748474,PLC -> IO,0.09459200000000001
1776354685.5512955,174.11567878723145,PLC -> IO,0.0074719999999999995
1776354685.6152887,174.17967200279236,PLC -> IO,0.0036320000000000002
1776354685.6792817,174.2436649799347,PLC -> IO,0.018432
1776354685.743298,174.30768132209778,PLC -> IO,0.113968
1776354685.8072836,174.37166690826416,PLC -> IO,0.012288
1776354685.8712883,174.43567156791687,PLC -> IO,0.000592
1776354685.93528,174.4996633529663,PLC -> IO,0.012592
1776354685.9992926,174.56367588043213,PLC -> IO,0.6386719999999999
1776354686.0632858,174.62766909599304,PLC -> IO,0.011008
1776354686.1272905,174.69167375564575,PLC -> IO,0.159488
1776354686.1912856,174.7556688785553,PLC -> IO,0.14059200000000002
1776354686.2552907,174.81967401504517,PLC -> IO,0.001232
1776354686.3192825,174.8836658000946,PLC -> IO,0.011408
1776354686.3832853,174.94766855239868,PLC -> IO,0.19299200000000002
1776354686.4472804,175.01166367530823,PLC -> IO,0.030352
1776354686.511294,175.07567715644836,PLC -> IO,0.200352
1776354686.575288,175.1396713256836,PLC -> IO,0.13516799999999998
1776354686.6392815,175.2036647796631,PLC -> IO,0.006208
1776354686.7032948,175.26767802238464,PLC -> IO,0.014608
1776354686.7672927,175.33167600631714,PLC -> IO,0.006992
1776354686.831305,175.39568829536438,PLC -> IO,3.6249279999999997
1776354686.8954532,175.4598364830017,PLC -> IO,0.159728
1776354686.9592857,175.5236690044403,PLC -> IO,0.0061920000000000005
1776354687.0232906,175.5876739025116,PLC -> IO,0.6738719999999999
1776354687.0873506,175.65173387527466,PLC -> IO,0.141872
1776354687.1512852,175.7156684398651,PLC -> IO,0.007808000000000001
1776354687.2152908,175.77967405319214,PLC -> IO,0.004912
1776354687.279284,175.84366726875305,PLC -> IO,0.726752
1776354687.3432803,175.9076635837555,PLC -> IO,0.015648
1776354687.407292,175.971675157547,PLC -> IO,0.000928
1776354687.4712927,176.03567600250244,PLC -> IO,0.005392
1776354687.5352838,176.09966707229614,PLC -> IO,0.017472
1776354687.5992925,176.1636757850647,PLC -> IO,0.002672
1776354687.6632895,176.22767281532288,PLC -> IO,0.34100800000000003
1776354687.727292,176.29167532920837,PLC -> IO,0.173408
1776354687.7920384,176.35642170906067,PLC -> IO,1.231392
1776354687.8552942,176.41967749595642,PLC -> IO,0.004672
1776354687.919292,176.48367524147034,PLC -> IO,0.002768
1776354687.9833038,176.54768705368042,PLC -> IO,0.552432
1776354688.0472844,176.61166763305664,PLC -> IO,0.20763199999999998
1776354688.111295,176.67567825317383,PLC -> IO,0.004608
1776354688.1752968,176.7396800518036,PLC -> IO,0.34907200000000005
1776354688.2392929,176.80367612838745,PLC -> IO,0.005472
1776354688.3033,176.86768317222595,PLC -> IO,0.006048
1776354688.367296,176.93167924880981,PLC -> IO,0.20827199999999998
1776354688.4313004,176.99568367004395,PLC -> IO,0.012912
1776354688.4952831,177.05966639518738,PLC -> IO,0.022528
1776354688.5592854,177.1236686706543,PLC -> IO,0.006928
1776354688.6232924,177.1876757144928,PLC -> IO,0.011472
1776354688.687297,177.2516803741455,PLC -> IO,0.023888
1776354688.7512913,177.31567454338074,PLC -> IO,0.028512
1776354688.815288,177.37967133522034,PLC -> IO,0.010192
1776354688.8792942,177.44367742538452,PLC -> IO,0.241552
1776354688.943291,177.50767421722412,PLC -> IO,0.009232
1776354689.007295,177.5716781616211,PLC -> IO,0.007568
1776354689.071291,177.63567423820496,PLC -> IO,0.003232
1776354689.1352842,177.69966745376587,PLC -> IO,0.012752
1776354689.1992903,177.76367354393005,PLC -> IO,0.004592000000000001
1776354689.2632914,177.82767462730408,PLC -> IO,0.003648
1776354689.3273108,177.8916940689087,PLC -> IO,0.15908799999999998
1776354689.3912828,177.95566606521606,PLC -> IO,0.018192
1776354689.4552972,178.01968050003052,PLC -> IO,0.0026079999999999996
1776354689.5193083,178.08369159698486,PLC -> IO,0.134528
1776354689.583324,178.1477072238922,PLC -> IO,0.402032
1776354689.647287,178.21167016029358,PLC -> IO,0.020832
1776354689.7112985,178.27568173408508,PLC -> IO,0.003968
1776354689.7752945,178.33967781066895,PLC -> IO,0.121632
1776354689.8392963,178.4036796092987,PLC -> IO,0.002432
1776354689.90331,178.46769332885742,PLC -> IO,0.011472
1776354689.967296,178.53167915344238,PLC -> IO,0.172352
1776354690.031315,178.59569835662842,PLC -> IO,0.065808
1776354690.0952904,178.6596736907959,PLC -> IO,0.012752
1776354690.1592877,178.72367095947266,PLC -> IO,0.013312000000000001
1776354690.223291,178.7876741886139,PLC -> IO,0.003552
1776354690.2873163,178.85169959068298,PLC -> IO,0.135792
1776354690.3512995,178.91568279266357,PLC -> IO,0.022112
1776354690.415293,178.97967624664307,PLC -> IO,0.670112
1776354690.4792986,179.0436818599701,PLC -> IO,0.002992
1776354690.5433037,179.10768699645996,PLC -> IO,0.092528
1776354690.6072955,179.1716787815094,PLC -> IO,0.001168
1776354690.6712942,179.23567748069763,PLC -> IO,0.005872
1776354690.735298,179.29968118667603,PLC -> IO,0.008352
1776354690.7992933,179.36367654800415,PLC -> IO,0.008752
1776354690.8632941,179.4276773929596,PLC -> IO,0.0050880000000000005
1776354690.9273138,179.4916970729828,PLC -> IO,0.22843200000000002
1776354690.9912953,179.55567860603333,PLC -> IO,0.904992
1776354691.0553017,179.6196849346161,PLC -> IO,0.001712
1776354691.1192977,179.68368101119995,PLC -> IO,0.701232
1776354691.1832948,179.74767804145813,PLC -> IO,0.19267199999999998
1776354691.2472942,179.8116774559021,PLC -> IO,0.048272
1776354691.3112981,179.87568140029907,PLC -> IO,0.004768
1776354691.3752878,179.9396710395813,PLC -> IO,0.008112
1776354691.4392982,180.0036814212799,PLC -> IO,0.006112
1776354691.5033011,180.06768441200256,PLC -> IO,0.146288
1776354691.5673192,180.1317024230957,PLC -> IO,0.179248
1776354691.631299,180.1956822872162,PLC -> IO,0.015552
1776354691.6952958,180.2596790790558,PLC -> IO,0.006752
1776354691.7592912,180.3236744403839,PLC -> IO,0.018032
1776354691.8232968,180.38768005371094,PLC -> IO,0.001552
1776354691.887303,180.4516863822937,PLC -> IO,0.019488000000000002
1776354691.9512997,180.51568293571472,PLC -> IO,0.008032000000000001
1776354692.0152912,180.57967448234558,PLC -> IO,0.005952
1776354692.0792975,180.64368081092834,PLC -> IO,0.0029119999999999997
1776354692.1433082,180.70769143104553,PLC -> IO,1.004032
1776354692.2072985,180.7716817855835,PLC -> IO,0.006112
1776354692.2712958,180.83567905426025,PLC -> IO,0.716672
1776354692.3352966,180.8996798992157,PLC -> IO,0.011392000000000001
1776354692.3993013,180.9636845588684,PLC -> IO,0.141408
1776354692.4632974,181.02768063545227,PLC -> IO,0.168752
1776354692.5273068,181.09169006347656,PLC -> IO,0.036912
1776354692.5913095,181.15569281578064,PLC -> IO,0.25180800000000003
1776354692.6552997,181.21968293190002,PLC -> IO,0.008832
1776354692.7193036,181.283686876297,PLC -> IO,0.009952
1776354692.7832935,181.3476767539978,PLC -> IO,0.190912
1776354692.8473,181.41168332099915,PLC -> IO,0.021392
1776354692.9113061,181.47568941116333,PLC -> IO,0.5936319999999999
1776354692.975301,181.5396842956543,PLC -> IO,0.142032
1776354693.0392985,181.60368180274963,PLC -> IO,0.012032
1776354693.1033204,181.66770362854004,PLC -> IO,0.223072
1776354693.1673021,181.73168540000916,PLC -> IO,0.028352
1776354693.2313013,181.79568457603455,PLC -> IO,0.028112
1776354693.2952955,181.85967874526978,PLC -> IO,0.009952
1776354693.3592985,181.92368173599243,PLC -> IO,0.017632
1776354693.4232988,181.98768210411072,PLC -> IO,0.010912
1776354693.4873056,182.05168890953064,PLC -> IO,0.018528
1776354693.551299,182.11568236351013,PLC -> IO,0.032832
1776354693.615297,182.17968034744263,PLC -> IO,0.152192
1776354693.6793013,182.24368453025818,PLC -> IO,0.008272
1776354693.7433,182.3076832294464,PLC -> IO,0.001648
1776354693.8073006,182.37168383598328,PLC -> IO,0.001712
1776354693.8712976,182.43568086624146,PLC -> IO,0.006592
1776354693.935299,182.49968218803406,PLC -> IO,0.011792
1776354693.9993014,182.56368470191956,PLC -> IO,0.006208
1776354694.0633018,182.62768507003784,PLC -> IO,0.177472
1776354694.1273084,182.69169163703918,PLC -> IO,0.008447999999999999
1776354694.191305,182.7556881904602,PLC -> IO,0.003152
1776354694.255305,182.8196883201599,PLC -> IO,0.005791999999999999
1776354694.319296,182.88367915153503,PLC -> IO,0.0020480000000000003
1776354694.3834975,182.94788074493408,PLC -> IO,0.010352
1776354694.4474356,183.01181888580322,PLC -> IO,0.044592
1776354694.5113034,183.07568669319153,PLC -> IO,0.008128000000000002
1776354694.5753999,183.1397831439972,PLC -> IO,0.253312
1776354694.639308,183.20369124412537,PLC -> IO,0.000272
1776354694.7033029,183.26768612861633,PLC -> IO,0.017968
1776354694.7672925,183.33167576789856,PLC -> IO,0.145152
1776354694.8313026,183.3956859111786,PLC -> IO,0.017312
1776354694.8953052,183.4596884250641,PLC -> IO,0.078272
1776354694.959304,183.5236873626709,PLC -> IO,0.015231999999999999
1776354695.0233018,183.58768510818481,PLC -> IO,0.005791999999999999
1776354695.0872974,183.65168070793152,PLC -> IO,0.024287999999999997
1776354695.1513,183.71568322181702,PLC -> IO,0.013951999999999999
1776354695.2152972,183.77968049049377,PLC -> IO,0.009472
1776354695.2793028,183.8436861038208,PLC -> IO,0.012272
1776354695.3433073,183.90769052505493,PLC -> IO,0.7488319999999999
1776354695.4073029,183.97168612480164,PLC -> IO,0.006992
1776354695.471296,184.03567934036255,PLC -> IO,0.013951999999999999
1776354695.5353029,184.09968614578247,PLC -> IO,0.970192
1776354695.5993104,184.16369366645813,PLC -> IO,0.6580480000000001
1776354695.6633065,184.227689743042,PLC -> IO,0.007232000000000001
1776354695.7273085,184.29169178009033,PLC -> IO,0.006288
1776354695.7913034,184.3556866645813,PLC -> IO,0.450512
1776354695.8553133,184.41969656944275,PLC -> IO,0.000272
1776354695.9193037,184.4836869239807,PLC -> IO,0.010032
1776354695.9834998,184.54788303375244,PLC -> IO,0.100912
1776354696.047304,184.61168718338013,PLC -> IO,0.028272
1776354696.11132,184.67570328712463,PLC -> IO,0.115008
1776354696.175298,184.73968124389648,PLC -> IO,0.018432
1776354696.2393024,184.80368566513062,PLC -> IO,0.013791999999999999
1776354696.303326,184.86770915985107,PLC -> IO,0.708592
1776354696.36731,184.93169331550598,PLC -> IO,0.192432
1776354696.4313037,184.99568700790405,PLC -> IO,0.030511999999999997
1776354696.495303,185.05968618392944,PLC -> IO,0.007632000000000001
1776354696.5592945,185.1236777305603,PLC -> IO,0.008528
1776354696.6233037,185.18768692016602,PLC -> IO,0.007312
1776354696.687311,185.2516942024231,PLC -> IO,0.011888000000000001
1776354696.751308,185.31569123268127,PLC -> IO,0.009712
1776354696.815309,185.3796923160553,PLC -> IO,0.001232
1776354696.8793068,185.4436900615692,PLC -> IO,0.011552
1776354696.9433043,185.50768756866455,PLC -> IO,0.007232000000000001
1776354697.007308,185.57169127464294,PLC -> IO,0.002592
1776354697.0713096,185.63569283485413,PLC -> IO,0.001968
1776354697.1353064,185.69968962669373,PLC -> IO,0.009792
1776354697.199309,185.7636923789978,PLC -> IO,0.000272
1776354697.2633083,185.8276915550232,PLC -> IO,0.008032000000000001
1776354697.3273046,185.89168787002563,PLC -> IO,0.021488
1776354697.3914764,185.9558596611023,PLC -> IO,0.15748800000000002
1776354697.455312,186.01969528198242,PLC -> IO,0.004288
1776354697.5193043,186.08368754386902,PLC -> IO,0.013712
1776354697.583302,186.14768528938293,PLC -> IO,0.342192
1776354697.647308,186.21169137954712,PLC -> IO,0.020512
1776354697.7113128,186.27569603919983,PLC -> IO,0.001888
1776354697.7753077,186.3396909236908,PLC -> IO,0.093392
1776354697.8393035,186.40368676185608,PLC -> IO,0.0061920000000000005
1776354697.9033096,186.46769285202026,PLC -> IO,0.019808
1776354697.9673126,186.53169584274292,PLC -> IO,0.031552
1776354698.0313082,186.59569144248962,PLC -> IO,0.020992
1776354698.0952985,186.6596817970276,PLC -> IO,0.014112
1776354698.1593041,186.72368741035461,PLC -> IO,0.248592
1776354698.2233093,186.78769254684448,PLC -> IO,0.002432
1776354698.2873244,186.85170769691467,PLC -> IO,1.368192
1776354698.351309,186.91569232940674,PLC -> IO,0.038912
1776354698.4153044,186.97968769073486,PLC -> IO,0.0028320000000000003
1776354698.479309,187.04369235038757,PLC -> IO,0.684272
1776354698.5433073,187.10769057273865,PLC -> IO,0.16451200000000002
1776354698.6073112,187.17169451713562,PLC -> IO,0.710128
1776354698.6713097,187.23569297790527,PLC -> IO,0.001392
1776354698.7353044,187.29968762397766,PLC -> IO,0.017872000000000002
1776354698.7993124,187.36369562149048,PLC -> IO,0.5622720000000001
1776354698.8633125,187.42769575119019,PLC -> IO,0.002352
1776354698.9273236,187.49170684814453,PLC -> IO,0.004768
1776354698.9913116,187.5556948184967,PLC -> IO,0.006912
1776354699.0553138,187.61969709396362,PLC -> IO,0.005712
1776354699.1193042,187.6836874485016,PLC -> IO,0.003552
1776354699.1833248,187.7477080821991,PLC -> IO,0.182112
1776354699.2473097,187.81169295310974,PLC -> IO,0.028912
1776354699.3113213,187.87570452690125,PLC -> IO,0.168912
1776354699.3753154,187.93969869613647,PLC -> IO,0.025712
1776354699.4393024,188.00368571281433,PLC -> IO,0.011312
1776354699.5033364,188.06771969795227,PLC -> IO,0.150208
1776354699.5673156,188.13169884681702,PLC -> IO,0.029391999999999998
1776354699.6313078,188.1956911087036,PLC -> IO,0.023152000000000002
1776354699.6953046,188.2596879005432,PLC -> IO,0.003552
1776354699.7593055,188.32368874549866,PLC -> IO,0.008528
1776354699.8233066,188.38768982887268,PLC -> IO,0.013872
1776354699.8873184,188.45170164108276,PLC -> IO,0.007648
1776354699.9512997,188.51568293571472,PLC -> IO,0.006272000000000001
1776354700.015312,188.57969522476196,PLC -> IO,0.002128
1776354700.079307,188.6436903476715,PLC -> IO,0.026112
1776354700.1433136,188.70769691467285,PLC -> IO,0.001552
1776354700.2073104,188.77169370651245,PLC -> IO,0.0019520000000000002
1776354700.2713106,188.83569383621216,PLC -> IO,0.171712
1776354700.3353117,188.89969491958618,PLC -> IO,0.0048319999999999995
1776354700.3994343,188.96381759643555,PLC -> IO,0.054992
1776354700.4633095,189.0276927947998,PLC -> IO,0.005568
1776354700.527316,189.09169936180115,PLC -> IO,0.016368
1776354700.5913074,189.15569067001343,PLC -> IO,0.006448
1776354700.655315,189.2196981906891,PLC -> IO,0.19163200000000002
1776354700.7193122,189.28369545936584,PLC -> IO,0.864032
1776354700.7833126,189.34769582748413,PLC -> IO,0.33355199999999996
1776354700.84731,189.41169333457947,PLC -> IO,0.032752
1776354700.9113202,189.4757034778595,PLC -> IO,0.160848
1776354700.9753108,189.53969407081604,PLC -> IO,0.008432
1776354701.039313,189.60369634628296,PLC -> IO,0.6028319999999999
1776354701.1033196,189.6677029132843,PLC -> IO,0.126672
1776354701.1673148,189.73169803619385,PLC -> IO,0.032912
1776354701.231311,189.7956943511963,PLC -> IO,0.833152
1776354701.29531,189.8596932888031,PLC -> IO,0.002752
1776354701.3593116,189.92369484901428,PLC -> IO,0.003792
1776354701.423315,189.9876983165741,PLC -> IO,0.002432
1776354701.487328,190.05171132087708,PLC -> IO,0.755072
1776354701.551307,190.11569023132324,PLC -> IO,0.020191999999999998
1776354701.615313,190.17969632148743,PLC -> IO,0.001168
1776354701.6793115,190.24369478225708,PLC -> IO,0.007872
1776354701.7433128,190.30769610404968,PLC -> IO,0.085152
1776354701.807314,190.3716971874237,PLC -> IO,0.609392
1776354701.8713143,190.435697555542,PLC -> IO,0.594592
1776354701.9353554,190.4997386932373,PLC -> IO,0.122288
1776354701.999318,190.5637011528015,PLC -> IO,0.007568
1776354702.0633152,190.62769842147827,PLC -> IO,0.005872
1776354702.1273115,190.6916947364807,PLC -> IO,0.018768
1776354702.191304,190.7556872367859,PLC -> IO,0.018672
1776354702.2553759,190.8197591304779,PLC -> IO,0.6485920000000001
1776354702.3193333,190.88371658325195,PLC -> IO,0.12868800000000002
1776354702.3833025,190.94768571853638,PLC -> IO,0.09380799999999999
1776354702.4473186,191.01170182228088,PLC -> IO,0.096272
1776354702.5113163,191.0756995677948,PLC -> IO,0.008608
1776354702.575315,191.13969826698303,PLC -> IO,0.017472
1776354702.639318,191.2037012577057,PLC -> IO,0.002208
1776354702.703328,191.26771116256714,PLC -> IO,0.12836799999999998
1776354702.767318,191.33170127868652,PLC -> IO,0.220352
1776354702.831318,191.39570116996765,PLC -> IO,0.023791999999999997
1776354702.895319,191.45970225334167,PLC -> IO,0.697472
1776354702.9593148,191.52369809150696,PLC -> IO,0.001248
1776354703.0233212,191.58770442008972,PLC -> IO,0.004111999999999999
1776354703.0873291,191.65171241760254,PLC -> IO,0.0025280000000000003
1776354703.1513064,191.71568965911865,PLC -> IO,0.025232
1776354703.2153215,191.77970480918884,PLC -> IO,0.30003199999999997
1776354703.2793157,191.84369897842407,PLC -> IO,0.0061920000000000005
1776354703.3433151,191.90769839286804,PLC -> IO,0.011472
1776354703.4073188,191.97170209884644,PLC -> IO,0.521568
1776354703.4713166,192.03569984436035,PLC -> IO,0.158672
1776354703.5353096,192.09969282150269,PLC -> IO,0.0077919999999999994
1776354703.5993207,192.16370391845703,PLC -> IO,0.159152
1776354703.6633134,192.2276966571808,PLC -> IO,0.004992
1776354703.7273188,192.29170203208923,PLC -> IO,0.016447999999999997
1776354703.7913172,192.3557004928589,PLC -> IO,0.011151999999999999
1776354703.8553214,192.41970467567444,PLC -> IO,0.010272
1776354703.9193125,192.48369574546814,PLC -> IO,0.003952
1776354703.9833026,192.54768586158752,PLC -> IO,0.010431999999999999
1776354704.0473304,192.6117136478424,PLC -> IO,0.023312
1776354704.1113224,192.67570567131042,PLC -> IO,0.001632
1776354704.175323,192.7397062778473,PLC -> IO,0.000672
1776354704.2393217,192.80370497703552,PLC -> IO,0.136912
1776354704.303322,192.8677053451538,PLC -> IO,0.020768
1776354704.367319,192.931702375412,PLC -> IO,0.184112
1776354704.4313207,192.99570393562317,PLC -> IO,0.020432
1776354704.4953158,193.05969905853271,PLC -> IO,0.0038079999999999998
1776354704.5593145,193.12369775772095,PLC -> IO,0.674192
1776354704.62332,193.18770337104797,PLC -> IO,0.189552
1776354704.6873415,193.25172472000122,PLC -> IO,0.109552
1776354704.7513206,193.31570386886597,PLC -> IO,0.008112
1776354704.8153129,193.37969613075256,PLC -> IO,0.006288
1776354704.8793235,193.44370675086975,PLC -> IO,0.001008
1776354704.9433181,193.50770139694214,PLC -> IO,0.923552
1776354705.0073218,193.57170510292053,PLC -> IO,0.18435200000000002
1776354705.0713196,193.63570284843445,PLC -> IO,0.12483199999999998
1776354705.1353228,193.69970607757568,PLC -> IO,0.165872
1776354705.199331,193.76371431350708,PLC -> IO,0.20652800000000002
1776354705.263775,193.82815837860107,PLC -> IO,0.768192
1776354705.3273134,193.89169669151306,PLC -> IO,0.026608
1776354705.3913126,193.95569586753845,PLC -> IO,0.644672
1776354705.4553213,194.019704580307,PLC -> IO,0.020832
1776354705.5193126,194.0836958885193,PLC -> IO,0.006832
1776354705.5833178,194.14770102500916,PLC -> IO,0.006592
1776354705.647348,194.21173119544983,PLC -> IO,0.209968
1776354705.711321,194.2757043838501,PLC -> IO,0.028512
1776354705.775324,194.33970737457275,PLC -> IO,0.155312
1776354705.8393219,194.40370512008667,PLC -> IO,0.150592
1776354705.9033246,194.46770787239075,PLC -> IO,0.015648
1776354705.9673195,194.5317027568817,PLC -> IO,0.206592
1776354706.0313196,194.59570288658142,PLC -> IO,0.6720320000000001
1776354706.095317,194.65970015525818,PLC -> IO,0.005008
1776354706.159316,194.72369933128357,PLC -> IO,0.15755200000000003
1776354706.2233253,194.78770852088928,PLC -> IO,0.00012800000000000002
1776354706.287335,194.85171818733215,PLC -> IO,0.15451199999999998
1776354706.351325,194.91570830345154,PLC -> IO,0.184752
1776354706.4158955,194.98027873039246,PLC -> IO,0.059632000000000004
1776354706.4793253,195.04370856285095,PLC -> IO,0.003312
1776354706.5433204,195.1077036857605,PLC -> IO,0.005632
1776354706.607322,195.17170524597168,PLC -> IO,0.140992
1776354706.6714706,195.23585391044617,PLC -> IO,1.775952
1776354706.7353237,195.29970693588257,PLC -> IO,0.008432
1776354706.7993343,195.36371755599976,PLC -> IO,0.13924799999999998
1776354706.8633177,195.42770099639893,PLC -> IO,0.009472
1776354706.9272974,195.49168062210083,PLC -> IO,0.031328
1776354706.9913452,195.55572843551636,PLC -> IO,0.186272
1776354707.055322,195.6197052001953,PLC -> IO,1.3759519999999998
1776354707.1193242,195.68370747566223,PLC -> IO,0.15891200000000003
1776354707.183325,195.74770832061768,PLC -> IO,0.008272
1776354707.2473142,195.81169748306274,PLC -> IO,0.045472
1776354707.3113375,195.87572073936462,PLC -> IO,0.001968
1776354707.3753195,195.93970274925232,PLC -> IO,0.013072
1776354707.439321,196.0037043094635,PLC -> IO,0.000448
1776354707.5033338,196.0677170753479,PLC -> IO,0.005408
1776354707.5673668,196.13175010681152,PLC -> IO,0.6201279999999999
1776354707.6313322,196.19571542739868,PLC -> IO,0.014592
1776354707.6953192,196.25970244407654,PLC -> IO,0.006608
1776354707.759322,196.32370519638062,PLC -> IO,0.0015680000000000002
1776354707.823327,196.38771033287048,PLC -> IO,0.0028480000000000003
1776354707.8873322,196.45171546936035,PLC -> IO,0.010128
1776354707.9513266,196.51570987701416,PLC -> IO,3.2000000000000005e-05
1776354708.0153213,196.57970452308655,PLC -> IO,0.000608
1776354708.0793262,196.64370942115784,PLC -> IO,0.00020800000000000001
1776354708.1433225,196.70770573616028,PLC -> IO,0.011792
1776354708.207481,196.7718641757965,PLC -> IO,0.012208
1776354708.2713227,196.8357059955597,PLC -> IO,0.008752
1776354708.3353248,196.89970803260803,PLC -> IO,0.004208
1776354708.3993232,196.96370649337769,PLC -> IO,0.195232
1776354708.463326,197.02770924568176,PLC -> IO,0.001968
1776354708.5274627,197.0918459892273,PLC -> IO,0.072352
1776354708.591329,197.15571236610413,PLC -> IO,0.100592
1776354708.6553276,197.21971082687378,PLC -> IO,0.693232
1776354708.7193274,197.2837107181549,PLC -> IO,0.000592
1776354708.783324,197.34770727157593,PLC -> IO,0.125568
1776354708.8473296,197.41171288490295,PLC -> IO,0.022512
1776354708.9113405,197.47572374343872,PLC -> IO,0.004448
1776354708.9753263,197.53970956802368,PLC -> IO,0.174112
1776354709.03933,197.60371327400208,PLC -> IO,0.765872
1776354709.103348,197.66773128509521,PLC -> IO,0.32356799999999997
1776354709.1673272,197.73171043395996,PLC -> IO,0.213232
1776354709.231322,197.79570531845093,PLC -> IO,0.026672
1776354709.295326,197.8597092628479,PLC -> IO,0.152352
1776354709.3593159,197.9236991405487,PLC -> IO,0.012512
1776354709.4233294,197.98771262168884,PLC -> IO,0.013152
1776354709.487352,198.05173516273499,PLC -> IO,0.004128
1776354709.551332,198.11571526527405,PLC -> IO,0.19956800000000002
1776354709.6153226,198.1797058582306,PLC -> IO,0.498592
1776354709.67933,198.24371337890625,PLC -> IO,0.024032
1776354709.7433283,198.30771160125732,PLC -> IO,0.066832
1776354709.8073301,198.37171339988708,PLC -> IO,0.0015680000000000002
1776354709.871325,198.43570828437805,PLC -> IO,0.0038720000000000004
1776354709.9353292,198.4997124671936,PLC -> IO,0.007152
1776354709.999316,198.56369924545288,PLC -> IO,0.770912
1776354710.063331,198.6277141571045,PLC -> IO,0.004512
1776354710.1273232,198.6917064189911,PLC -> IO,0.166048
1776354710.1913333,198.75571656227112,PLC -> IO,0.410368
1776354710.2553246,198.8197078704834,PLC -> IO,0.38363200000000003
1776354710.319327,198.8837103843689,PLC -> IO,0.180592
1776354710.3833287,198.94771194458008,PLC -> IO,0.144592
1776354710.4473383,199.01172161102295,PLC -> IO,0.006352
1776354710.511357,199.07574033737183,PLC -> IO,0.661472
1776354710.575335,199.13971829414368,PLC -> IO,4.8e-05
1776354710.6393178,199.2037010192871,PLC -> IO,0.011968
1776354710.7033687,199.26775193214417,PLC -> IO,0.230768
1776354710.767332,199.3317153453827,PLC -> IO,0.042112
1776354710.8313317,199.39571499824524,PLC -> IO,0.007872
1776354710.895328,199.45971131324768,PLC -> IO,0.000992
1776354710.9593172,199.52370047569275,PLC -> IO,0.009632
1776354711.0233293,199.5877125263214,PLC -> IO,0.010431999999999999
1776354711.0873477,199.6517310142517,PLC -> IO,0.125632
1776354711.1513271,199.71571040153503,PLC -> IO,0.016672
1776354711.2153223,199.77970552444458,PLC -> IO,0.213488
1776354711.279334,199.84371733665466,PLC -> IO,0.649072
1776354711.3433244,199.90770769119263,PLC -> IO,0.012592
1776354711.4073277,199.97171092033386,PLC -> IO,0.166192
1776354711.4713228,200.0357060432434,PLC -> IO,0.008432
1776354711.5353303,200.09971356391907,PLC -> IO,0.004592000000000001
1776354711.599329,200.1637122631073,PLC -> IO,0.09867200000000001
1776354711.663332,200.22771525382996,PLC -> IO,0.003248
1776354711.7273293,200.2917125225067,PLC -> IO,0.189488
1776354711.7913384,200.35572171211243,PLC -> IO,0.009488
1776354711.85533,200.4197132587433,PLC -> IO,0.012912
1776354711.919328,200.48371124267578,PLC -> IO,0.009072
1776354711.9833322,200.54771542549133,PLC -> IO,0.154352
1776354712.047335,200.6117181777954,PLC -> IO,0.022832
1776354712.1113408,200.67572402954102,PLC -> IO,0.001152
1776354712.175334,200.73971724510193,PLC -> IO,0.003088
1776354712.23933,200.8037133216858,PLC -> IO,0.0020480000000000003
1776354712.3033447,200.86772799491882,PLC -> IO,0.025648
1776354712.3673303,200.9317135810852,PLC -> IO,0.18027200000000002
1776354712.431331,200.99571418762207,PLC -> IO,0.024032
1776354712.495329,201.05971217155457,PLC -> IO,0.003392
1776354712.5593357,201.1237189769745,PLC -> IO,0.004272
1776354712.623333,201.18771624565125,PLC -> IO,1.102192
1776354712.6873398,201.25172305107117,PLC -> IO,0.010448
1776354712.7513318,201.31571507453918,PLC -> IO,0.14891200000000002
1776354712.8153265,201.37970972061157,PLC -> IO,0.002992
1776354712.879332,201.4437153339386,PLC -> IO,0.6866720000000001
1776354712.9433336,201.50771689414978,PLC -> IO,0.008432
1776354713.0073342,201.57171750068665,PLC -> IO,0.143808
1776354713.0713325,201.63571572303772,PLC -> IO,0.002272
1776354713.135331,201.69971418380737,PLC -> IO,0.185072
1776354713.1993663,201.7637495994568,PLC -> IO,0.209968
1776354713.2633333,201.827716588974,PLC -> IO,0.000288
1776354713.327332,201.89171528816223,PLC -> IO,0.211088
1776354713.391335,201.9557182788849,PLC -> IO,0.018192
1776354713.4553301,202.01971340179443,PLC -> IO,0.012912
1776354713.5193374,202.0837206840515,PLC -> IO,0.014432
1776354713.5833323,202.14771556854248,PLC -> IO,0.034592
1776354713.6473408,202.21172404289246,PLC -> IO,0.151312
1776354713.7113423,202.27572560310364,PLC -> IO,0.004928
1776354713.7753344,202.33971762657166,PLC -> IO,0.002272
1776354713.839333,202.4037163257599,PLC -> IO,10.341632
1776354713.903478,202.4678611755371,PLC -> IO,0.006352
1776354713.96733,202.5317132472992,PLC -> IO,0.696592
1776354714.0313506,202.5957338809967,PLC -> IO,0.114448
1776354714.095334,202.65971732139587,PLC -> IO,1.204928
1776354714.159338,202.72372126579285,PLC -> IO,0.005472
1776354714.2237687,202.7881519794464,PLC -> IO,0.517392
1776354714.28734,202.85172319412231,PLC -> IO,0.015168
1776354714.3513346,202.9157178401947,PLC -> IO,0.012832
1776354714.4153206,202.97970390319824,PLC -> IO,0.016288
1776354714.4793334,203.04371666908264,PLC -> IO,0.012352
1776354714.5433383,203.10772156715393,PLC -> IO,0.001072
1776354714.6073356,203.1717188358307,PLC -> IO,0.0021119999999999997
1776354714.6713164,203.2356996536255,PLC -> IO,0.010288
1776354714.7353356,203.29971885681152,PLC -> IO,0.024912
1776354714.7993393,203.36372256278992,PLC -> IO,0.0036320000000000002
1776354714.8633308,203.42771410942078,PLC -> IO,0.006048
1776354714.927326,203.49170923233032,PLC -> IO,0.217008
1776354714.9913409,203.55572414398193,PLC -> IO,0.010272
1776354715.0553412,203.61972451210022,PLC -> IO,0.003712
1776354715.1193333,203.68371653556824,PLC -> IO,0.188512
1776354715.18333,203.74771332740784,PLC -> IO,0.005152
1776354715.247338,203.81172132492065,PLC -> IO,0.037792
1776354715.3113453,203.87572860717773,PLC -> IO,0.001728
1776354715.3753374,203.93972063064575,PLC -> IO,0.002272
1776354715.439335,204.00371837615967,PLC -> IO,0.226288
1776354715.503348,204.06773138046265,PLC -> IO,0.005648
1776354715.567332,204.13171529769897,PLC -> IO,0.044192
1776354715.6313376,204.195720911026,PLC -> IO,0.6717920000000001
1776354715.695332,204.2597153186798,PLC -> IO,0.001168
1776354715.7593424,204.32372570037842,PLC -> IO,0.229632
1776354715.8233392,204.38772249221802,PLC -> IO,0.002592
1776354715.8873634,204.4517467021942,PLC -> IO,0.6385120000000001
1776354715.9513402,204.51572346687317,PLC -> IO,0.011072
1776354716.0153236,204.57970690727234,PLC -> IO,0.015632
1776354716.0793362,204.64371943473816,PLC -> IO,0.018192
1776354716.1433368,204.70772004127502,PLC -> IO,0.001408
1776354716.2073274,204.77171063423157,PLC -> IO,0.008528
1776354716.2713404,204.83572363853455,PLC -> IO,0.001408
1776354716.335341,204.8997242450714,PLC -> IO,0.18499200000000002
1776354716.399341,204.96372437477112,PLC -> IO,0.013872
1776354716.4633372,205.02772045135498,PLC -> IO,0.001472
1776354716.5273352,205.09171843528748,PLC -> IO,0.23876799999999998
1776354716.5913408,205.1557240486145,PLC -> IO,0.008352
1776354716.6553388,205.219722032547,PLC -> IO,0.010672000000000001
1776354716.7193336,205.28371691703796,PLC -> IO,0.003552
1776354716.7833297,205.34771299362183,PLC -> IO,0.010192
1776354716.8473392,205.41172242164612,PLC -> IO,0.050592
1776354716.9113655,205.47574877738953,PLC -> IO,0.154432
1776354716.9753397,205.5397229194641,PLC -> IO,0.130432
1776354717.0393329,205.60371613502502,PLC -> IO,0.007391999999999999
1776354717.1033866,205.66776990890503,PLC -> IO,0.145568
1776354717.1673477,205.73173093795776,PLC -> IO,0.026512
1776354717.231353,205.7957363128662,PLC -> IO,0.8210080000000001
1776354717.2953303,205.85971355438232,PLC -> IO,0.008912
1776354717.359348,205.92373132705688,PLC -> IO,0.15276800000000001
1776354717.4233427,205.98772597312927,PLC -> IO,0.210032
1776354717.4873571,206.05174040794373,PLC -> IO,0.692592
1776354717.551333,206.11571621894836,PLC -> IO,0.034912
1776354717.6153395,206.1797227859497,PLC -> IO,0.002208
1776354717.6793375,206.2437207698822,PLC -> IO,0.7729119999999999
1776354717.7433395,206.30772280693054,PLC -> IO,0.005952
1776354717.8073256,206.37170886993408,PLC -> IO,0.011712
1776354717.871342,206.43572521209717,PLC -> IO,0.0018080000000000001
1776354717.9353366,206.49971985816956,PLC -> IO,0.017552
1776354717.9993489,206.5637321472168,PLC -> IO,0.0034879999999999998
1776354718.0633388,206.6277220249176,PLC -> IO,0.0025280000000000003
1776354718.1273491,206.6917324066162,PLC -> IO,0.06964799999999999
1776354718.1913416,206.7557249069214,PLC -> IO,0.012352
1776354718.2553422,206.81972551345825,PLC -> IO,0.009952
1776354718.3193314,206.88371467590332,PLC -> IO,0.010512
1776354718.383336,206.94771933555603,PLC -> IO,0.003072
1776354718.447345,207.01172828674316,PLC -> IO,0.056832
1776354718.5113487,207.07573199272156,PLC -> IO,0.013008
1776354718.575341,207.13972425460815,PLC -> IO,0.0008320000000000001
1776354718.6393335,207.20371675491333,PLC -> IO,0.007312
1776354718.7033637,207.267746925354,PLC -> IO,0.025232
1776354718.767347,207.33173036575317,PLC -> IO,0.101632
1776354718.8313334,207.3957166671753,PLC -> IO,0.027472
1776354718.8953233,207.4597065448761,PLC -> IO,0.019312
1776354718.9593472,207.52373051643372,PLC -> IO,0.013231999999999999
1776354719.023352,207.58773517608643,PLC -> IO,0.076048
1776354719.087342,207.6517252922058,PLC -> IO,0.018368000000000002
1776354719.1513364,207.71571969985962,PLC -> IO,0.018672
1776354719.2153301,207.7797133922577,PLC -> IO,0.016688
1776354719.279341,207.84372425079346,PLC -> IO,0.6987519999999999
1776354719.3433409,207.90772414207458,PLC -> IO,0.000768
1776354719.4073374,207.9717206954956,PLC -> IO,0.031472
1776354719.471342,208.03572535514832,PLC -> IO,0.008368
1776354719.5353444,208.09972763061523,PLC -> IO,1.3513920000000001
1776354719.599342,208.16372537612915,PLC -> IO,0.012112
1776354719.66334,208.22772336006165,PLC -> IO,0.005872
1776354719.7273443,208.2917275428772,PLC -> IO,0.083728
1776354719.7913349,208.35571813583374,PLC -> IO,0.018048
1776354719.8553495,208.41973280906677,PLC -> IO,0.262528
1776354719.9193373,208.48372054100037,PLC -> IO,0.15891200000000003
1776354719.9833426,208.5477259159088,PLC -> IO,0.006208
1776354720.0473456,208.61172890663147,PLC -> IO,0.064512
1776354720.1113548,208.67573809623718,PLC -> IO,0.12771200000000002
1776354720.1753387,208.7397220134735,PLC -> IO,0.008447999999999999
1776354720.2393358,208.8037190437317,PLC -> IO,0.010752
1776354720.3033454,208.86772871017456,PLC -> IO,0.040528
1776354720.3673425,208.93172574043274,PLC -> IO,0.21235199999999999
1776354720.4313405,208.99572372436523,PLC -> IO,0.210192
1776354720.4953368,209.05972003936768,PLC -> IO,0.004272
1776354720.5593452,209.12372851371765,PLC -> IO,0.013872
1776354720.6233535,209.18773674964905,PLC -> IO,0.002192
1776354720.687362,209.25174522399902,PLC -> IO,0.676272
1776354720.7513404,209.31572365760803,PLC -> IO,0.016592
1776354720.8153486,209.37973189353943,PLC -> IO,0.205728
1776354720.8793464,209.44372963905334,PLC -> IO,0.0026079999999999996
1776354720.9433396,209.50772285461426,PLC -> IO,0.514592
1776354721.007367,209.57175016403198,PLC -> IO,0.077808
1776354721.0713484,209.63573169708252,PLC -> IO,0.188832
1776354721.1353548,209.69973802566528,PLC -> IO,0.005232
1776354721.199345,209.76372838020325,PLC -> IO,0.006112
1776354721.263332,209.82771515846252,PLC -> IO,0.015712
1776354721.327348,209.89173126220703,PLC -> IO,0.096848
1776354721.3913426,209.95572590827942,PLC -> IO,0.018272
1776354721.455351,210.0197343826294,PLC -> IO,0.002432
1776354721.519359,210.0837423801422,PLC -> IO,0.143408
1776354721.5833263,210.147709608078,PLC -> IO,0.025488
1776354721.647347,210.2117302417755,PLC -> IO,0.15115199999999998
1776354721.7113545,210.27573776245117,PLC -> IO,0.004368
1776354721.775348,210.33973121643066,PLC -> IO,0.001232
1776354721.8393595,210.40374279022217,PLC -> IO,0.17419199999999999
1776354721.9033601,210.46774339675903,PLC -> IO,0.022208000000000002
1776354721.9673433,210.53172659873962,PLC -> IO,0.071632
1776354722.03137,210.5957531929016,PLC -> IO,0.466928
1776354722.095343,210.65972638130188,PLC -> IO,0.015231999999999999
1776354722.1593482,210.72373151779175,PLC -> IO,0.015231999999999999
1776354722.223358,210.78774118423462,PLC -> IO,0.073952
1776354722.2873478,210.85173106193542,PLC -> IO,0.014688000000000001
1776354722.35134,210.91572332382202,PLC -> IO,0.180192
1776354722.4153497,210.9797329902649,PLC -> IO,0.110832
1776354722.4793496,211.04373288154602,PLC -> IO,0.008112
1776354722.5433445,211.107727766037,PLC -> IO,0.175232
1776354722.607339,211.1717221736908,PLC -> IO,0.005712
1776354722.6713543,211.23573756217957,PLC -> IO,0.698432
1776354722.735353,211.2997362613678,PLC -> IO,0.693392
1776354722.799341,211.36372423171997,PLC -> IO,0.009167999999999999
1776354722.8633416,211.42772483825684,PLC -> IO,0.0050880000000000005
1776354722.9273388,211.4917221069336,PLC -> IO,0.10420800000000001
1776354722.9913535,211.55573678016663,PLC -> IO,0.009152
1776354723.0553493,211.6197326183319,PLC -> IO,0.004512
1776354723.1193411,211.68372440338135,PLC -> IO,0.006992
1776354723.1834865,211.74786972999573,PLC -> IO,0.517952
1776354723.2473583,211.81174159049988,PLC -> IO,0.072032
1776354723.311348,211.8757312297821,PLC -> IO,0.014688000000000001
1776354723.3753412,211.93972444534302,PLC -> IO,0.004912
1776354723.4393485,212.0037317276001,PLC -> IO,0.36275199999999996
1776354723.5033617,212.06774497032166,PLC -> IO,0.026608
1776354723.5673444,212.1317276954651,PLC -> IO,0.099952
1776354723.631348,212.1957311630249,PLC -> IO,0.018432
1776354723.695349,212.25973224639893,PLC -> IO,0.162128
1776354723.7593462,212.32372951507568,PLC -> IO,0.019552
1776354723.823357,212.38774037361145,PLC -> IO,0.424928
1776354723.8873467,212.45173001289368,PLC -> IO,0.017408
1776354723.9513676,212.51575088500977,PLC -> IO,0.103968
1776354724.0153477,212.57973098754883,PLC -> IO,0.005791999999999999
1776354724.079351,212.64373421669006,PLC -> IO,4.8e-05
1776354724.1433299,212.70771312713623,PLC -> IO,0.017008
1776354724.207346,212.77172923088074,PLC -> IO,0.012352
1776354724.2713523,212.8357355594635,PLC -> IO,0.000592
1776354724.335358,212.89974117279053,PLC -> IO,0.017552
1776354724.3993552,212.96373844146729,PLC -> IO,0.373168
1776354724.463345,213.0277283191681,PLC -> IO,0.005488
1776354724.5273333,213.09171652793884,PLC -> IO,0.12212799999999999
1776354724.5913448,213.15572810173035,PLC -> IO,0.010688
1776354724.6553483,213.21973156929016,PLC -> IO,0.007632000000000001
1776354724.7193475,213.28373074531555,PLC -> IO,0.005952
1776354724.783347,213.34773015975952,PLC -> IO,0.007568
1776354724.8473656,213.4117488861084,PLC -> IO,0.170432
1776354724.9113657,213.4757490158081,PLC -> IO,0.094432
1776354724.9753518,213.53973507881165,PLC -> IO,0.006128
1776354725.0393503,213.6037335395813,PLC -> IO,0.533728
1776354725.103366,213.66774916648865,PLC -> IO,0.15228799999999998
1776354725.1673505,213.7317337989807,PLC -> IO,0.123072
1776354725.231346,213.79572916030884,PLC -> IO,0.003472
1776354725.2953544,213.8597376346588,PLC -> IO,0.003888
1776354725.3593552,213.92373847961426,PLC -> IO,0.014272
1776354725.4233563,213.98773956298828,PLC -> IO,0.010591999999999999
1776354725.4873533,214.05173659324646,PLC -> IO,0.013328
1776354725.5513537,214.11573696136475,PLC -> IO,0.028992
1776354725.6153753,214.17975854873657,PLC -> IO,0.008287999999999998
1776354725.6793628,214.2437460422516,PLC -> IO,0.129328
1776354725.7433472,214.30773043632507,PLC -> IO,0.0033280000000000002
1776354725.8073556,214.37173891067505,PLC -> IO,0.000928
1776354725.8713596,214.43574285507202,PLC -> IO,0.000608
1776354725.9353614,214.49974465370178,PLC -> IO,0.035712
1776354725.9993541,214.56373739242554,PLC -> IO,0.658672
1776354726.0633483,214.62773156166077,PLC -> IO,0.000848
1776354726.1273563,214.69173955917358,PLC -> IO,0.10228799999999999
1776354726.1913538,214.75573706626892,PLC -> IO,0.012032
1776354726.2553499,214.81973314285278,PLC -> IO,0.012432
1776354726.3193433,214.88372659683228,PLC -> IO,0.010192
1776354726.3833504,214.94773364067078,PLC -> IO,0.174432
1776354726.4473612,215.01174449920654,PLC -> IO,0.5434720000000001
1776354726.5113578,215.07574105262756,PLC -> IO,0.003888
1776354726.575348,215.13973116874695,PLC -> IO,0.004032
1776354726.639352,215.2037353515625,PLC -> IO,4.8e-05
1776354726.7033672,215.2677505016327,PLC -> IO,0.028368
1776354726.7673893,215.33177256584167,PLC -> IO,0.188752
1776354726.8313699,215.3957531452179,PLC -> IO,0.105888
1776354726.8953552,215.4597384929657,PLC -> IO,0.003088
1776354726.9593656,215.5237488746643,PLC -> IO,0.001792
1776354727.0233567,215.587739944458,PLC -> IO,0.189392
1776354727.0873525,215.6517357826233,PLC -> IO,0.020128
1776354727.1513565,215.71573972702026,PLC -> IO,0.245872
1776354727.2153587,215.77974200248718,PLC -> IO,0.193232
1776354727.2793546,215.84373784065247,PLC -> IO,0.008672
1776354727.3433506,215.90773391723633,PLC -> IO,0.0048319999999999995
1776354727.4073489,215.9717321395874,PLC -> IO,0.005712
1776354727.4713566,216.03573989868164,PLC -> IO,0.0020320000000000004
1776354727.535357,216.09974026679993,PLC -> IO,0.026591999999999998
1776354727.5993533,216.16373658180237,PLC -> IO,0.208032
1776354727.6633494,216.22773265838623,PLC -> IO,0.189792
1776354727.7274985,216.29188179969788,PLC -> IO,0.26467199999999996
1776354727.7913604,216.3557436466217,PLC -> IO,0.712272
1776354727.855357,216.41974020004272,PLC -> IO,0.008032000000000001
1776354727.9193408,216.48372411727905,PLC -> IO,0.018032
1776354727.9833589,216.5477421283722,PLC -> IO,0.008912
1776354728.0474586,216.61184191703796,PLC -> IO,0.6503680000000001
1776354728.1113605,216.67574381828308,PLC -> IO,0.001728
1776354728.1753483,216.73973155021667,PLC -> IO,0.006112
1776354728.2393503,216.80373358726501,PLC -> IO,0.010208
1776354728.3033817,216.86776494979858,PLC -> IO,0.135888
1776354728.3673527,216.93173599243164,PLC -> IO,0.164592
1776354728.4313483,216.99573159217834,PLC -> IO,0.021632
1776354728.495353,217.05973625183105,PLC -> IO,0.010208
1776354728.559364,217.1237473487854,PLC -> IO,0.009072
1776354728.623347,217.1877303123474,PLC -> IO,0.017312
1776354728.6873598,217.2517430782318,PLC -> IO,0.010528
1776354728.7513583,217.31574153900146,PLC -> IO,0.014992
1776354728.8155336,217.3799169063568,PLC -> IO,0.012672
1776354728.879377,217.44376015663147,PLC -> IO,0.164048
1776354728.943354,217.507737159729,PLC -> IO,0.0036320000000000002
1776354729.0073586,217.5717418193817,PLC -> IO,0.001648
1776354729.071368,217.635751247406,PLC -> IO,0.006432
1776354729.1353624,217.69974565505981,PLC -> IO,0.006112
1776354729.1993513,217.7637345790863,PLC -> IO,0.011312
1776354729.2633536,217.82773685455322,PLC -> IO,0.0019520000000000002
1776354729.327359,217.89174222946167,PLC -> IO,0.107968
1776354729.391353,217.95573616027832,PLC -> IO,0.757712
1776354729.4553552,218.01973843574524,PLC -> IO,1.285632
1776354729.5193505,218.08373379707336,PLC -> IO,1.326672
1776354729.5833597,218.14774298667908,PLC -> IO,0.018272
1776354729.6473637,218.21174693107605,PLC -> IO,0.21555200000000002
1776354729.7113614,218.27574467658997,PLC -> IO,0.004208
1776354729.7753549,218.33973813056946,PLC -> IO,0.005312
1776354729.8395288,218.40391206741333,PLC -> IO,0.551472
1776354729.9033706,218.4677538871765,PLC -> IO,0.131888
1776354729.9673524,218.53173565864563,PLC -> IO,0.189232
1776354730.0314894,218.59587264060974,PLC -> IO,1.389792
1776354730.0953677,218.65975093841553,PLC -> IO,0.000928
1776354730.1593661,218.72374939918518,PLC -> IO,0.009472
1776354730.2233603,218.7877435684204,PLC -> IO,0.018592
1776354730.2873583,218.8517415523529,PLC -> IO,0.013568
1776354730.3513849,218.9157681465149,PLC -> IO,0.171648
1776354730.4153697,218.97975301742554,PLC -> IO,0.006672
1776354730.4793606,219.04374384880066,PLC -> IO,0.162912
1776354730.5433526,219.10773587226868,PLC -> IO,0.010672000000000001
1776354730.6073637,219.17174696922302,PLC -> IO,0.161648
1776354730.6713698,219.2357530593872,PLC -> IO,0.006112
1776354730.735361,219.2997443675995,PLC -> IO,0.17691199999999999
1776354730.7993577,219.3637409210205,PLC -> IO,0.670432
1776354730.8633616,219.42774486541748,PLC -> IO,0.005168000000000001
1776354730.9273622,219.49174547195435,PLC -> IO,0.277808
1776354730.9913602,219.55574345588684,PLC -> IO,0.237072
1776354731.0553563,219.6197395324707,PLC -> IO,0.021872
1776354731.1193552,219.68373847007751,PLC -> IO,0.018032
1776354731.1833682,219.7477514743805,PLC -> IO,0.009472
1776354731.2476063,219.81198954582214,PLC -> IO,0.388592
1776354731.3113642,219.87574744224548,PLC -> IO,0.0020320000000000004
1776354731.375356,219.93973922729492,PLC -> IO,0.004992
1776354731.4393642,220.00374746322632,PLC -> IO,0.002432
1776354731.5033882,220.06777143478394,PLC -> IO,0.033248
1776354731.5673556,220.1317389011383,PLC -> IO,0.201552
1776354731.6313493,220.19573259353638,PLC -> IO,0.228672
1776354731.695366,220.25974917411804,PLC -> IO,0.688032
1776354731.7593718,220.32375502586365,PLC -> IO,0.0061920000000000005
1776354731.8233654,220.38774871826172,PLC -> IO,0.072688
1776354731.8873758,220.45175909996033,PLC -> IO,0.679232
1776354731.951363,220.51574635505676,PLC -> IO,0.022512
1776354732.0153632,220.57974648475647,PLC -> IO,0.016992
1776354732.0793612,220.64374446868896,PLC -> IO,0.010672000000000001
1776354732.1433542,220.7077374458313,PLC -> IO,0.010032
1776354732.2073672,220.77175045013428,PLC -> IO,0.007312
1776354732.2713737,220.83575701713562,PLC -> IO,0.018831999999999998
1776354732.3353634,220.89974665641785,PLC -> IO,0.006992
1776354732.3993566,220.96373987197876,PLC -> IO,1.370032
1776354732.4633648,221.02774810791016,PLC -> IO,0.001488
1776354732.5274684,221.0918517112732,PLC -> IO,0.605072
1776354732.5913613,221.1557445526123,PLC -> IO,0.010591999999999999
1776354732.655359,221.21974229812622,PLC -> IO,0.005472
1776354732.7193534,221.28373670578003,PLC -> IO,0.012912
1776354732.7833729,221.34775614738464,PLC -> IO,0.144192
1776354732.8474836,221.41186690330505,PLC -> IO,0.279328
1776354732.9113708,221.47575402259827,PLC -> IO,0.004272
1776354732.9753573,221.53974056243896,PLC -> IO,0.019392
1776354733.0393527,221.6037359237671,PLC -> IO,0.21828799999999998
1776354733.1033766,221.6677598953247,PLC -> IO,0.039487999999999995
1776354733.1673574,221.7317407131195,PLC -> IO,0.21795199999999998
1776354733.2313597,221.79574298858643,PLC -> IO,0.098272
1776354733.295368,221.85975122451782,PLC -> IO,0.156288
1776354733.3593693,221.92375254631042,PLC -> IO,0.0021119999999999997
1776354733.4233496,221.98773288726807,PLC -> IO,0.602192
1776354733.4873552,222.0517385005951,PLC -> IO,0.019888
1776354733.5513654,222.11574864387512,PLC -> IO,0.017312
1776354733.6153736,222.17975687980652,PLC -> IO,0.003568
1776354733.6793616,222.2437448501587,PLC -> IO,0.002672
1776354733.7433577,222.30774092674255,PLC -> IO,0.21299200000000001
1776354733.8073723,222.3717555999756,PLC -> IO,0.001072
1776354733.8713732,222.43575644493103,PLC -> IO,0.005392
1776354733.9353654,222.49974870681763,PLC -> IO,0.006432
1776354733.99936,222.56374335289001,PLC -> IO,0.001728
1776354734.063371,222.62775421142578,PLC -> IO,0.169952
1776354734.1274707,222.69185400009155,PLC -> IO,0.003888
1776354734.1913648,222.75574803352356,PLC -> IO,0.009232
1776354734.2553604,222.81974363327026,PLC -> IO,0.250912
1776354734.3193698,222.88375306129456,PLC -> IO,0.19723200000000002
1776354734.3833764,222.9477596282959,PLC -> IO,0.055552
1776354734.4475334,223.01191663742065,PLC -> IO,0.000432
1776354734.5113654,223.0757486820221,PLC -> IO,0.005392
1776354734.5753677,223.139750957489,PLC -> IO,0.000608
1776354734.6393561,223.20373940467834,PLC -> IO,0.014112
1776354734.7034194,223.2678027153015,PLC -> IO,0.074352
1776354734.767358,223.3317413330078,PLC -> IO,0.290192
1776354734.8313613,223.39574456214905,PLC -> IO,0.024512
1776354734.8953724,223.4597556591034,PLC -> IO,0.173072
1776354734.9593694,223.52375268936157,PLC -> IO,0.0055520000000000005
1776354735.0233593,223.58774256706238,PLC -> IO,0.012672
1776354735.0873682,223.6517515182495,PLC -> IO,0.013968000000000001
1776354735.1513739,223.71575713157654,PLC -> IO,0.015632
1776354735.2153704,223.77975368499756,PLC -> IO,0.0061920000000000005
1776354735.279361,223.8437442779541,PLC -> IO,0.011792
1776354735.3433633,223.90774655342102,PLC -> IO,0.009392
1776354735.407371,223.97175431251526,PLC -> IO,0.154032
1776354735.4713771,224.03576040267944,PLC -> IO,0.008432
1776354735.5353637,224.09974694252014,PLC -> IO,0.008672
1776354735.5993624,224.16374564170837,PLC -> IO,0.008432
1776354735.663371,224.22775435447693,PLC -> IO,0.014032000000000001
1776354735.7273722,224.29175543785095,PLC -> IO,0.100848
1776354735.7913637,224.3557469844818,PLC -> IO,0.017712
1776354735.8553681,224.41975140571594,PLC -> IO,0.7634879999999999
1776354735.9193697,224.48375296592712,PLC -> IO,0.009712
1776354735.9833753,224.54775857925415,PLC -> IO,0.000928
1776354736.0473685,224.61175179481506,PLC -> IO,0.19451200000000002
1776354736.111375,224.6757583618164,PLC -> IO,0.001648
1776354736.1753697,224.7397530078888,PLC -> IO,0.00012800000000000002
1776354736.2393732,224.8037564754486,PLC -> IO,0.088432
1776354736.3035264,224.8679096698761,PLC -> IO,0.013231999999999999
1776354736.367525,224.93190836906433,PLC -> IO,0.20131200000000002
1776354736.4313712,224.99575448036194,PLC -> IO,0.013872
1776354736.495373,225.0597562789917,PLC -> IO,0.008208
1776354736.5593717,225.12375497817993,PLC -> IO,0.007232000000000001
1776354736.623373,225.18775629997253,PLC -> IO,0.001632
1776354736.687371,225.25175428390503,PLC -> IO,0.009088
1776354736.7513666,225.31574988365173,PLC -> IO,0.009167999999999999
1776354736.8153656,225.37974882125854,PLC -> IO,0.017872000000000002
1776354736.8793669,225.44375014305115,PLC -> IO,0.0077919999999999994
1776354736.9433558,225.50773906707764,PLC -> IO,0.016832
1776354737.0073798,225.57176303863525,PLC -> IO,0.000752
1776354737.0713797,225.63576292991638,PLC -> IO,0.643392
1776354737.1353657,225.69974899291992,PLC -> IO,0.009792
1776354737.1993682,225.76375150680542,PLC -> IO,0.006272000000000001
1776354737.2633817,225.82776498794556,PLC -> IO,0.392192
1776354737.3273866,225.89176988601685,PLC -> IO,0.088688
1776354737.3913667,225.9557499885559,PLC -> IO,0.012032
1776354737.4553688,226.01975202560425,PLC -> IO,0.6217119999999999
1776354737.5193758,226.08375906944275,PLC -> IO,0.17763199999999998
1776354737.5833743,226.1477575302124,PLC -> IO,0.007808000000000001
1776354737.647504,226.21188735961914,PLC -> IO,0.059088
1776354737.7113574,226.27574062347412,PLC -> IO,0.021088
1776354737.775379,226.33976221084595,PLC -> IO,0.18076799999999998
1776354737.8393655,226.40374875068665,PLC -> IO,0.012848
1776354737.9033787,226.4677619934082,PLC -> IO,0.052288
1776354737.9673717,226.53175497055054,PLC -> IO,0.206832
1776354738.0314105,226.59579372406006,PLC -> IO,0.186448
1776354738.0953863,226.6597695350647,PLC -> IO,0.002368
1776354738.1593733,226.72375655174255,PLC -> IO,0.008832
1776354738.2233782,226.78776144981384,PLC -> IO,0.000352
1776354738.287374,226.85175728797913,PLC -> IO,0.025967999999999998
1776354738.3513796,226.91576290130615,PLC -> IO,0.020352000000000002
1776354738.415369,226.9797523021698,PLC -> IO,0.013231999999999999
1776354738.4793773,227.0437605381012,PLC -> IO,0.016832
1776354738.5433648,227.1077480316162,PLC -> IO,0.184752
1776354738.607378,227.17176127433777,PLC -> IO,0.005808
1776354738.6713715,227.23575472831726,PLC -> IO,0.0034879999999999998
1776354738.735368,227.29975128173828,PLC -> IO,0.189472
1776354738.7993674,227.36375069618225,PLC -> IO,0.011632
1776354738.8633795,227.4277627468109,PLC -> IO,0.002208
1776354738.9273922,227.4917755126953,PLC -> IO,0.08684800000000001
1776354738.991379,227.5557622909546,PLC -> IO,0.003472
1776354739.0553694,227.61975264549255,PLC -> IO,0.014992
1776354739.119378,227.6837613582611,PLC -> IO,0.005327999999999999
1776354739.1833808,227.74776411056519,PLC -> IO,0.176752
1776354739.2473664,227.81174969673157,PLC -> IO,0.12435199999999999
1776354739.311378,227.87576127052307,PLC -> IO,0.004368
1776354739.375929,227.94031238555908,PLC -> IO,0.17763199999999998
1776354739.4393764,228.00375962257385,PLC -> IO,0.150608
1776354739.5033813,228.06776452064514,PLC -> IO,0.050368
1776354739.567367,228.1317503452301,PLC -> IO,0.216272
1776354739.6313937,228.1957769393921,PLC -> IO,0.06844800000000001
1776354739.6953874,228.25977063179016,PLC -> IO,0.031312
1776354739.759375,228.32375836372375,PLC -> IO,0.0077919999999999994
1776354739.8233724,228.3877556324005,PLC -> IO,0.004592000000000001
1776354739.8873837,228.45176696777344,PLC -> IO,0.011728
1776354739.9513783,228.51576161384583,PLC -> IO,0.156512
1776354740.0153835,228.5797667503357,PLC -> IO,0.6167520000000001
1776354740.079369,228.64375233650208,PLC -> IO,0.009952
1776354740.1433723,228.7077555656433,PLC -> IO,0.006128
1776354740.207383,228.7717661857605,PLC -> IO,0.004912
1776354740.2713864,228.8357696533203,PLC -> IO,0.7406720000000001
1776354740.3353739,228.89975714683533,PLC -> IO,0.010272
1776354740.399371,228.9637541770935,PLC -> IO,0.004032
1776354740.463381,229.02776432037354,PLC -> IO,0.003728
1776354740.5273852,229.0917685031891,PLC -> IO,0.162608
1776354740.5913749,229.1557581424713,PLC -> IO,0.010032
1776354740.6553745,229.21975779533386,PLC -> IO,0.27100799999999997
1776354740.7193863,229.28376960754395,PLC -> IO,0.001328
1776354740.7833776,229.34776091575623,PLC -> IO,0.0046879999999999995
1776354740.8473706,229.41175389289856,PLC -> IO,0.11827199999999999
1776354740.9113784,229.4757616519928,PLC -> IO,0.011248
1776354740.9753876,229.5397708415985,PLC -> IO,0.685472
1776354741.0393858,229.60376906394958,PLC -> IO,0.085088
1776354741.1033847,229.6677680015564,PLC -> IO,0.050128
1776354741.1673727,229.73175597190857,PLC -> IO,0.210432
1776354741.2313907,229.7957739830017,PLC -> IO,0.016192
1776354741.2953854,229.8597686290741,PLC -> IO,0.131152
1776354741.359374,229.923757314682,PLC -> IO,0.11827199999999999
1776354741.4233735,229.98775672912598,PLC -> IO,0.008032000000000001
1776354741.48739,230.05177330970764,PLC -> IO,0.013488
1776354741.5513964,230.1157796382904,PLC -> IO,0.07500799999999999
1776354741.615374,230.17975735664368,PLC -> IO,0.733152
1776354741.679373,230.2437562942505,PLC -> IO,0.010352
1776354741.7433848,230.30776810646057,PLC -> IO,0.0020320000000000004
1776354741.807381,230.37176418304443,PLC -> IO,0.004848
1776354741.871377,230.4357602596283,PLC -> IO,0.007552
1776354741.9353735,230.49975681304932,PLC -> IO,0.013951999999999999
1776354741.9993656,230.56374883651733,PLC -> IO,0.011968
1776354742.063338,230.62772130966187,PLC -> IO,0.041007999999999996
1776354742.1273885,230.69177174568176,PLC -> IO,0.090608
1776354742.1913724,230.7557556629181,PLC -> IO,0.014272
1776354742.2553728,230.81975603103638,PLC -> IO,0.010512
1776354742.3193872,230.88377046585083,PLC -> IO,0.10699199999999999
1776354742.383381,230.9477641582489,PLC -> IO,0.001072
1776354742.4475222,231.01190543174744,PLC -> IO,0.099408
1776354742.511386,231.0757691860199,PLC -> IO,0.0015680000000000002
1776354742.575381,231.13976430892944,PLC -> IO,0.001248
1776354742.6393802,231.20376348495483,PLC -> IO,0.080688
1776354742.7033865,231.2677698135376,PLC -> IO,0.053568
1776354742.7673724,231.33175563812256,PLC -> IO,0.294032
1776354742.8313935,231.39577674865723,PLC -> IO,0.012672
1776354742.8953798,231.45976305007935,PLC -> IO,0.005488
1776354742.9593673,231.52375054359436,PLC -> IO,0.020512
1776354743.023392,231.58777523040771,PLC -> IO,0.142368
1776354743.0873806,231.65176391601562,PLC -> IO,0.025088000000000003
1776354743.1513822,231.7157654762268,PLC -> IO,0.014832
1776354743.2153761,231.77975940704346,PLC -> IO,0.146672
1776354743.2793741,231.84375739097595,PLC -> IO,0.752752
1776354743.3433888,231.90777206420898,PLC -> IO,0.0063679999999999995
1776354743.4073813,231.97176456451416,PLC -> IO,0.007328
1776354743.471376,232.03575921058655,PLC -> IO,0.012912
1776354743.5353773,232.09976053237915,PLC -> IO,0.016432000000000002
1776354743.5993843,232.16376757621765,PLC -> IO,0.002272
1776354743.663388,232.22777128219604,PLC -> IO,0.48548800000000003
1776354743.7273889,232.2917721271515,PLC -> IO,0.094208
1776354743.7913747,232.35575795173645,PLC -> IO,0.009311999999999999
1776354743.8553863,232.41976952552795,PLC -> IO,0.226992
1776354743.9193919,232.48377513885498,PLC -> IO,0.001152
1776354743.9833813,232.54776453971863,PLC -> IO,0.0005279999999999999
1776354744.0473788,232.61176204681396,PLC -> IO,0.127792
1776354744.1113741,232.6757574081421,PLC -> IO,0.016528
1776354744.1753902,232.7397735118866,PLC -> IO,0.21011200000000002
1776354744.2393665,232.8037497997284,PLC -> IO,0.182832
1776354744.303458,232.8678412437439,PLC -> IO,0.6030719999999999
1776354744.367371,232.93175435066223,PLC -> IO,0.222912
1776354744.4314017,232.99578499794006,PLC -> IO,0.010112000000000001
1776354744.4953947,233.0597779750824,PLC -> IO,0.148112
1776354744.559378,233.123761177063,PLC -> IO,0.109872
1776354744.623379,233.187762260437,PLC -> IO,0.008112
1776354744.6873899,233.25177311897278,PLC -> IO,0.015007999999999999
1776354744.7513857,233.31576895713806,PLC -> IO,0.014592
1776354744.8153746,233.37975788116455,PLC -> IO,0.359232
1776354744.8793797,233.44376301765442,PLC -> IO,0.16675199999999998
1776354744.9433968,233.50778007507324,PLC -> IO,0.159792
1776354745.007387,233.57177019119263,PLC -> IO,0.004672
1776354745.0713787,233.63576197624207,PLC -> IO,0.299232
1776354745.1353765,233.69975972175598,PLC -> IO,0.199712
1776354745.1993904,233.76377367973328,PLC -> IO,0.001872
1776354745.2633858,233.8277690410614,PLC -> IO,0.010752
1776354745.3274846,233.89186787605286,PLC -> IO,0.09459200000000001
1776354745.3913798,233.95576310157776,PLC -> IO,0.005712
1776354745.4553757,234.01975893974304,PLC -> IO,0.013231999999999999
1776354745.5193915,234.08377480506897,PLC -> IO,0.002368
1776354745.5833778,234.1477611064911,PLC -> IO,0.009632
1776354745.647378,234.2117612361908,PLC -> IO,0.12459200000000001
1776354745.7113855,234.27576875686646,PLC -> IO,0.017008
1776354745.7753894,234.33977270126343,PLC -> IO,0.001488
1776354745.839524,234.40390729904175,PLC -> IO,0.514352
1776354745.9034553,234.4678385257721,PLC -> IO,0.099952
1776354745.9673765,234.53175973892212,PLC -> IO,0.346192
1776354746.0313969,234.59578013420105,PLC -> IO,0.175792
1776354746.0953853,234.65976858139038,PLC -> IO,0.009728
1776354746.1593816,234.72376489639282,PLC -> IO,0.184592
1776354746.2233808,234.7877640724182,PLC -> IO,0.001072
1776354746.2874641,234.85184741020203,PLC -> IO,0.013968000000000001
1776354746.351384,234.91576719284058,PLC -> IO,0.175952
1776354746.4153807,234.97976398468018,PLC -> IO,0.024912
1776354746.479381,235.04376435279846,PLC -> IO,0.036112000000000005
1776354746.5433955,235.10777878761292,PLC -> IO,0.002128
1776354746.6073904,235.17177367210388,PLC -> IO,0.001888
1776354746.6713982,235.23578143119812,PLC -> IO,0.711008
1776354746.735402,235.2997853755951,PLC -> IO,0.111488
1776354746.7993972,235.36378049850464,PLC -> IO,0.096752
1776354746.8633728,235.4277560710907,PLC -> IO,0.016848
1776354746.9273903,235.49177360534668,PLC -> IO,0.099008
1776354746.9913816,235.55576491355896,PLC -> IO,0.441952
1776354747.0554028,235.61978602409363,PLC -> IO,0.07347200000000001
1776354747.1193943,235.6837775707245,PLC -> IO,0.003152
1776354747.1833847,235.74776792526245,PLC -> IO,0.014352
1776354747.2473745,235.81175780296326,PLC -> IO,0.225072
1776354747.3113897,235.87577295303345,PLC -> IO,0.156528
1776354747.375384,235.93976736068726,PLC -> IO,0.005168000000000001
1776354747.4393902,236.00377345085144,PLC -> IO,0.14347200000000002
1776354747.503548,236.06793117523193,PLC -> IO,0.503792
1776354747.5673873,236.13177061080933,PLC -> IO,0.015231999999999999
1776354747.6313958,236.1957790851593,PLC -> IO,0.010832000000000001
1776354747.6953855,236.25976872444153,PLC -> IO,0.147472
1776354747.7595394,236.32392263412476,PLC -> IO,0.559712
1776354747.8233712,236.38775444030762,PLC -> IO,0.013727999999999999
1776354747.8873963,236.45177960395813,PLC -> IO,0.016447999999999997
1776354747.951384,236.51576733589172,PLC -> IO,0.023872
1776354748.0153894,236.57977271080017,PLC -> IO,0.001472
1776354748.0793781,236.64376139640808,PLC -> IO,0.298272
1776354748.1433973,236.70778059959412,PLC -> IO,0.031632
1776354748.2073886,236.7717719078064,PLC -> IO,0.004368
1776354748.271387,236.83577036857605,PLC -> IO,0.013231999999999999
1776354748.3353791,236.89976239204407,PLC -> IO,0.024352
1776354748.3993952,236.96377849578857,PLC -> IO,0.001472
1776354748.4633937,237.02777695655823,PLC -> IO,0.29708799999999996
1776354748.527491,237.0918743610382,PLC -> IO,0.072752
1776354748.5913787,237.15576195716858,PLC -> IO,0.015472
1776354748.6554186,237.219801902771,PLC -> IO,0.13492800000000002
1776354748.7194006,237.2837839126587,PLC -> IO,0.160512
1776354748.7833858,237.34776902198792,PLC -> IO,0.706672
1776354748.8473868,237.41177010536194,PLC -> IO,0.133232
1776354748.911396,237.47577929496765,PLC -> IO,0.018048
1776354748.9753904,237.53977370262146,PLC -> IO,0.0033280000000000002
1776354749.0393827,237.60376596450806,PLC -> IO,0.006752
1776354749.1034567,237.66784000396729,PLC -> IO,0.647552
1776354749.167401,237.73178434371948,PLC -> IO,0.000192
1776354749.2314012,237.7957844734192,PLC -> IO,2.864592
1776354749.2953918,237.85977506637573,PLC -> IO,0.000592
1776354749.3593853,237.92376852035522,PLC -> IO,0.011151999999999999
1776354749.4233956,237.98777890205383,PLC -> IO,0.005952
1776354749.487416,238.05179929733276,PLC -> IO,0.610272
1776354749.551386,238.1157693862915,PLC -> IO,0.023791999999999997
1776354749.6153839,238.17976713180542,PLC -> IO,0.018512
1776354749.6793847,238.24376797676086,PLC -> IO,0.013632
1776354749.7434008,238.30778408050537,PLC -> IO,0.125712
1776354749.8073878,238.37177109718323,PLC -> IO,0.006848
1776354749.8713903,238.43577361106873,PLC -> IO,0.187232
1776354749.9353867,238.49976992607117,PLC -> IO,0.653232
1776354749.999394,238.56377720832825,PLC -> IO,0.006688
1776354750.0633955,238.62777876853943,PLC -> IO,0.099152
1776354750.1274297,238.69181299209595,PLC -> IO,0.252768
1776354750.1913838,238.7557671070099,PLC -> IO,0.015152
1776354750.2553875,238.81977081298828,PLC -> IO,0.014511999999999999
1776354750.3193984,238.88378167152405,PLC -> IO,0.000432
1776354750.383384,238.94776725769043,PLC -> IO,0.028352
1776354750.4476252,239.0120084285736,PLC -> IO,0.004768
1776354750.5113995,239.0757827758789,PLC -> IO,0.011168
1776354750.5753949,239.13977813720703,PLC -> IO,0.180672
1776354750.639389,239.20377230644226,PLC -> IO,0.009408
1776354750.7034013,239.2677845954895,PLC -> IO,0.057888
1776354750.7674043,239.33178758621216,PLC -> IO,0.183088
1776354750.8313968,239.39578008651733,PLC -> IO,0.038031999999999996
1776354750.895395,239.4597783088684,PLC -> IO,0.14027199999999998
1776354750.9593878,239.52377104759216,PLC -> IO,0.0065119999999999996
1776354751.0234015,239.58778476715088,PLC -> IO,0.001648
1776354751.087413,239.65179634094238,PLC -> IO,0.43835199999999996
1776354751.1513884,239.71577167510986,PLC -> IO,0.22203199999999998
1776354751.2153883,239.779771566391,PLC -> IO,0.683232
1776354751.2794037,239.84378695487976,PLC -> IO,0.149632
1776354751.3434033,239.9077866077423,PLC -> IO,0.7138720000000001
1776354751.4073892,239.97177243232727,PLC -> IO,0.003712
1776354751.4714026,240.0357859134674,PLC -> IO,0.346288
1776354751.535388,240.0997712612152,PLC -> IO,0.041152
1776354751.5994015,240.16378474235535,PLC -> IO,0.053472
1776354751.66338,240.22776317596436,PLC -> IO,0.010128
1776354751.7274034,240.29178667068481,PLC -> IO,0.091888
1776354751.7913864,240.35576963424683,PLC -> IO,0.011712
1776354751.855404,240.4197871685028,PLC -> IO,0.000272
1776354751.9193976,240.48378086090088,PLC -> IO,0.002928
1776354751.9833887,240.54777193069458,PLC -> IO,0.012912
1776354752.0474105,240.61179375648499,PLC -> IO,0.108672
1776354752.1114035,240.67578673362732,PLC -> IO,0.008688000000000001
1776354752.1753957,240.73977899551392,PLC -> IO,0.724352
1776354752.2393944,240.80377769470215,PLC -> IO,0.002288
1776354752.3034065,240.8677897453308,PLC -> IO,0.085568
1776354752.3674057,240.9317889213562,PLC -> IO,0.004448
1776354752.431403,240.99578619003296,PLC -> IO,0.015152
1776354752.4953935,241.0597767829895,PLC -> IO,0.154208
1776354752.5593956,241.12377882003784,PLC -> IO,0.164112
1776354752.6234002,241.18778347969055,PLC -> IO,0.003648
1776354752.6874025,241.25178575515747,PLC -> IO,0.139808
1776354752.7513905,241.31577372550964,PLC -> IO,0.167232
1776354752.8153858,241.37976908683777,PLC -> IO,0.014192000000000001
1776354752.879391,241.44377422332764,PLC -> IO,0.017408
1776354752.9434075,241.5077908039093,PLC -> IO,0.11419199999999999
1776354753.0073924,241.57177567481995,PLC -> IO,0.17491199999999998
1776354753.0715566,241.63593983650208,PLC -> IO,0.098592
1776354753.1354065,241.69978976249695,PLC -> IO,0.170512
1776354753.1994007,241.76378393173218,PLC -> IO,0.304112
1776354753.263397,241.82778024673462,PLC -> IO,0.181968
1776354753.327407,241.89179015159607,PLC -> IO,0.09340799999999999
1776354753.3913915,241.95577478408813,PLC -> IO,0.007312
1776354753.4555595,242.01994276046753,PLC -> IO,0.5706720000000001
1776354753.5193946,242.0837779045105,PLC -> IO,0.19675199999999998
1776354753.5833926,242.147775888443,PLC -> IO,0.008112
1776354753.647531,242.21191430091858,PLC -> IO,0.039088000000000005
1776354753.7113974,242.2757806777954,PLC -> IO,0.019168
1776354753.775396,242.33977937698364,PLC -> IO,0.6789120000000001
1776354753.8393912,242.4037744998932,PLC -> IO,0.006272000000000001
1776354753.9034019,242.46778512001038,PLC -> IO,0.084368
1776354753.967407,242.53179025650024,PLC -> IO,0.147648
1776354754.0314033,242.59578657150269,PLC -> IO,0.019632
1776354754.0954077,242.65979099273682,PLC -> IO,0.785392
1776354754.159391,242.7237741947174,PLC -> IO,0.012752
1776354754.2234032,242.78778648376465,PLC -> IO,0.002688
1776354754.2873986,242.85178184509277,PLC -> IO,0.018448
1776354754.351381,242.91576433181763,PLC -> IO,0.054832
1776354754.4153936,242.97977685928345,PLC -> IO,0.274272
1776354754.4794059,243.0437891483307,PLC -> IO,0.572288
1776354754.5433943,243.10777759552002,PLC -> IO,0.012688
1776354754.6073964,243.17177963256836,PLC -> IO,0.002192
1776354754.6713953,243.23577857017517,PLC -> IO,0.0005120000000000001
1776354754.7355816,243.29996490478516,PLC -> IO,0.7273120000000001
1776354754.7993996,243.36378288269043,PLC -> IO,0.17755200000000002
1776354754.863394,243.42777729034424,PLC -> IO,0.005872
1776354754.9274187,243.4918019771576,PLC -> IO,0.092208
1776354754.9914048,243.55578804016113,PLC -> IO,0.012752
1776354755.0553956,243.61977887153625,PLC -> IO,0.012752
1776354755.1193948,243.68377804756165,PLC -> IO,0.007152
1776354755.183394,243.74777722358704,PLC -> IO,0.011552
1776354755.2474074,243.81179070472717,PLC -> IO,0.126912
1776354755.3114064,243.87578964233398,PLC -> IO,0.012848
1776354755.3753936,243.93977689743042,PLC -> IO,0.007312
1776354755.4393945,244.00377774238586,PLC -> IO,0.016752000000000003
1776354755.5034823,244.06786561012268,PLC -> IO,0.175632
1776354755.567406,244.1317892074585,PLC -> IO,0.004368
1776354755.631401,244.19578433036804,PLC -> IO,0.017391999999999998
1776354755.6954002,244.25978350639343,PLC -> IO,0.002448
1776354755.759388,244.32377123832703,PLC -> IO,0.009328
1776354755.8234084,244.38779163360596,PLC -> IO,0.002432
1776354755.8874025,244.4517858028412,PLC -> IO,0.013648
1776354755.9513962,244.51577949523926,PLC -> IO,0.025392
1776354756.0153942,244.57977747917175,PLC -> IO,0.052272
1776354756.0794146,244.64379787445068,PLC -> IO,0.000192
1776354756.1434102,244.7077934741974,PLC -> IO,0.129248
1776354756.2073977,244.7717809677124,PLC -> IO,0.006432
1776354756.2713923,244.8357756137848,PLC -> IO,0.016992
1776354756.3354106,244.8997938632965,PLC -> IO,0.19859200000000002
1776354756.399401,244.96378421783447,PLC -> IO,0.0065119999999999996
1776354756.4633996,245.0277829170227,PLC -> IO,0.0041919999999999995
1776354756.5273952,245.0917785167694,PLC -> IO,0.017952
1776354756.591412,245.15579533576965,PLC -> IO,0.005392
1776354756.6554065,245.21978974342346,PLC -> IO,0.004208
1776354756.7193823,245.2837655544281,PLC -> IO,0.146672
1776354756.7833977,245.34778094291687,PLC -> IO,0.009392
1776354756.8474126,245.41179585456848,PLC -> IO,0.122352
1776354756.9114013,245.4757845401764,PLC -> IO,0.203728
1776354756.975401,245.53978419303894,PLC -> IO,0.007072
1776354757.0394137,245.60379695892334,PLC -> IO,0.13532799999999998
1776354757.103423,245.66780638694763,PLC -> IO,0.062208
1776354757.1674123,245.7317955493927,PLC -> IO,0.012352
1776354757.2313995,245.79578280448914,PLC -> IO,0.188112
1776354757.2953987,245.85978198051453,PLC -> IO,0.014608
1776354757.3593976,245.92378091812134,PLC -> IO,0.008512
1776354757.4234006,245.987783908844,PLC -> IO,0.008912
1776354757.487423,246.05180621147156,PLC -> IO,0.075072
1776354757.5514,246.1157832145691,PLC -> IO,0.042912
1776354757.6153963,246.17977952957153,PLC -> IO,0.018272
1776354757.6794152,246.243798494339,PLC -> IO,0.082512
1776354757.7434053,246.30778861045837,PLC -> IO,0.022192
1776354757.8074007,246.3717839717865,PLC -> IO,0.001792
1776354757.8713984,246.43578171730042,PLC -> IO,0.019312
1776354757.9354086,246.49979186058044,PLC -> IO,0.016192
1776354757.9994075,246.56379079818726,PLC -> IO,0.000368
1776354758.0633848,246.62776803970337,PLC -> IO,0.137392
1776354758.1273973,246.6917805671692,PLC -> IO,0.012752
1776354758.1914158,246.7557990550995,PLC -> IO,0.006432
1776354758.2554133,246.81979656219482,PLC -> IO,0.16564800000000002
1776354758.3193986,246.88378190994263,PLC -> IO,0.079152
1776354758.3834,246.94778323173523,PLC -> IO,1.369952
1776354758.4474137,247.01179695129395,PLC -> IO,0.221232
1776354758.5114048,247.07578802108765,PLC -> IO,0.018768
1776354758.5754035,247.13978672027588,PLC -> IO,0.005712
1776354758.6394002,247.20378351211548,PLC -> IO,0.019952
1776354758.7034214,247.26780462265015,PLC -> IO,0.159888
1776354758.767411,247.33179426193237,PLC -> IO,0.004752
1776354758.8314,247.39578318595886,PLC -> IO,0.026591999999999998
1776354758.8954074,247.45979070663452,PLC -> IO,0.339312
1776354758.959411,247.52379417419434,PLC -> IO,0.17435199999999998
1776354759.0234108,247.58779406547546,PLC -> IO,0.002992
1776354759.0874104,247.651793718338,PLC -> IO,0.012928
1776354759.1514044,247.71578764915466,PLC -> IO,0.017632
1776354759.2154143,247.7797975540161,PLC -> IO,0.003472
1776354759.279422,247.84380531311035,PLC -> IO,0.369168
1776354759.343406,247.90778923034668,PLC -> IO,0.005408
1776354759.4074044,247.97178769111633,PLC -> IO,0.005072
1776354759.4713957,248.0357789993286,PLC -> IO,0.007408
1776354759.5354156,248.09979891777039,PLC -> IO,0.010192
1776354759.599404,248.16378736495972,PLC -> IO,0.009152
1776354759.663404,248.22778725624084,PLC -> IO,0.002672
1776354759.7274008,248.29178404808044,PLC -> IO,0.622112
1776354759.7914174,248.3558006286621,PLC -> IO,0.003312
1776354759.855411,248.41979432106018,PLC -> IO,0.003472
1776354759.9193993,248.48378252983093,PLC -> IO,0.094112
1776354759.9834037,248.54778695106506,PLC -> IO,0.020752
1776354760.0474186,248.61180186271667,PLC -> IO,0.12427200000000001
1776354760.1114209,248.6758041381836,PLC -> IO,0.900912
1776354760.175405,248.7397882938385,PLC -> IO,0.000928
1776354760.2394054,248.8037886619568,PLC -> IO,0.014192000000000001
1776354760.303421,248.86780428886414,PLC -> IO,0.092128
1776354760.3674216,248.931804895401,PLC -> IO,0.112832
1776354760.431402,248.99578523635864,PLC -> IO,0.034912
1776354760.4954066,249.05978989601135,PLC -> IO,0.001472
1776354760.5594163,249.12379956245422,PLC -> IO,0.660032
1776354760.623542,249.18792533874512,PLC -> IO,0.529712
1776354760.6873975,249.2517807483673,PLC -> IO,0.028368
1776354760.7514014,249.31578469276428,PLC -> IO,0.028432000000000002
1776354760.8154123,249.37979555130005,PLC -> IO,0.726272
1776354760.8794188,249.4438021183014,PLC -> IO,0.08067200000000001
1776354760.9434023,249.50778555870056,PLC -> IO,0.009152
1776354761.0074055,249.5717887878418,PLC -> IO,0.004672
1776354761.0714164,249.63579964637756,PLC -> IO,0.24196800000000002
1776354761.1354146,249.69979786872864,PLC -> IO,0.238352
1776354761.1994076,249.76379084587097,PLC -> IO,0.632672
1776354761.2634988,249.8278820514679,PLC -> IO,0.6931520000000001
1776354761.3274004,249.89178371429443,PLC -> IO,0.020832
1776354761.3914208,249.95580410957336,PLC -> IO,0.004912
1776354761.455411,250.01979422569275,PLC -> IO,0.162912
1776354761.5194366,250.08381986618042,PLC -> IO,0.11092800000000001
1776354761.583407,250.14779019355774,PLC -> IO,0.012112
1776354761.6474175,250.21180081367493,PLC -> IO,0.6843520000000001
1776354761.7114136,250.2757968902588,PLC -> IO,0.009167999999999999
1776354761.7754052,250.33978843688965,PLC -> IO,0.0048319999999999995
1776354761.8394127,250.4037959575653,PLC -> IO,0.8074720000000001
1776354761.9035068,250.46789002418518,PLC -> IO,0.20963199999999999
1776354761.9674172,250.53180050849915,PLC -> IO,0.002208
1776354762.0314066,250.5957899093628,PLC -> IO,0.6385120000000001
1776354762.0954099,250.65979313850403,PLC -> IO,0.013248
1776354762.1594212,250.72380447387695,PLC -> IO,0.003312
1776354762.2234144,250.78779768943787,PLC -> IO,0.001168
1776354762.288037,250.8524203300476,PLC -> IO,0.769792
1776354762.3514066,250.9157898426056,PLC -> IO,0.024912
1776354762.4154215,250.9798047542572,PLC -> IO,0.018912
1776354762.4794204,251.043803691864,PLC -> IO,0.031632
1776354762.5434108,251.10779404640198,PLC -> IO,0.004992
1776354762.60741,251.17179322242737,PLC -> IO,0.0048319999999999995
1776354762.6714158,251.23579907417297,PLC -> IO,1.425632
1776354762.7354133,251.2997965812683,PLC -> IO,0.188032
1776354762.7994032,251.36378645896912,PLC -> IO,0.006112
1776354762.863394,251.42777729034424,PLC -> IO,0.015472
1776354762.927411,251.49179434776306,PLC -> IO,0.003712
1776354762.991418,251.55580115318298,PLC -> IO,0.176992
1776354763.0554175,251.61980080604553,PLC -> IO,0.002768
1776354763.1194093,251.68379259109497,PLC -> IO,0.001152
1776354763.1834166,251.74779987335205,PLC -> IO,0.698992
1776354763.24742,251.81180334091187,PLC -> IO,0.12427200000000001
1776354763.311416,251.87579917907715,PLC -> IO,0.012288
1776354763.3754096,251.93979287147522,PLC -> IO,0.110432
1776354763.43957,252.00395321846008,PLC -> IO,0.567472
1776354763.503426,252.067809343338,PLC -> IO,0.080368
1776354763.5674107,252.13179397583008,PLC -> IO,0.011072
1776354763.6314068,252.19579005241394,PLC -> IO,0.025312
1776354763.6954155,252.2597987651825,PLC -> IO,0.051311999999999997
1776354763.7594216,252.32380485534668,PLC -> IO,0.006832
1776354763.8234107,252.38779401779175,PLC -> IO,0.000928
1776354763.8874266,252.45180988311768,PLC -> IO,0.101872
1776354763.9514055,252.51578879356384,PLC -> IO,0.055552
1776354764.0154302,252.5798134803772,PLC -> IO,0.008848
1776354764.0794184,252.64380168914795,PLC -> IO,0.225328
1776354764.1434107,252.70779395103455,PLC -> IO,0.738672
1776354764.207412,252.77179527282715,PLC -> IO,0.002672
1776354764.2714226,252.83580589294434,PLC -> IO,0.006048
1776354764.3354187,252.8998019695282,PLC -> IO,0.013951999999999999
1776354764.3994098,252.9637930393219,PLC -> IO,0.007072
1776354764.463408,253.02779126167297,PLC -> IO,0.0036320000000000002
1776354764.5274186,253.09180188179016,PLC -> IO,0.003712
1776354764.5914228,253.1558060646057,PLC -> IO,1.5733920000000001
1776354764.6554205,253.21980381011963,PLC -> IO,0.186432
1776354764.71941,253.28379321098328,PLC -> IO,0.008352
1776354764.783416,253.34779930114746,PLC -> IO,0.000992
1776354764.847418,253.4118013381958,PLC -> IO,0.731952
1776354764.9114308,253.4758141040802,PLC -> IO,0.48075199999999996
1776354764.9754126,253.53979587554932,PLC -> IO,0.005072
1776354765.039426,253.60380935668945,PLC -> IO,0.133328
1776354765.1035125,253.6678957939148,PLC -> IO,0.582512
1776354765.1674166,253.73179984092712,PLC -> IO,0.007312
1776354765.2314155,253.79579877853394,PLC -> IO,0.020512
1776354765.2954185,253.8598017692566,PLC -> IO,0.6662079999999999
1776354765.359423,253.92380619049072,PLC -> IO,0.655872
1776354765.423413,253.9877963066101,PLC -> IO,0.0026079999999999996
1776354765.487415,254.05179834365845,PLC -> IO,0.013568
1776354765.5514128,254.11579608917236,PLC -> IO,0.077792
1776354765.6154306,254.17981386184692,PLC -> IO,0.0029119999999999997
1776354765.6794224,254.24380564689636,PLC -> IO,0.012992
1776354765.7434103,254.30779361724854,PLC -> IO,0.171152
1776354765.8074148,254.37179803848267,PLC -> IO,0.044912
1776354765.8714266,254.43580985069275,PLC -> IO,0.022128
1776354765.9354186,254.49980187416077,PLC -> IO,0.014432
1776354765.999413,254.56379628181458,PLC -> IO,0.005312
1776354766.0634181,254.62780141830444,PLC -> IO,0.033392
1776354766.1274335,254.6918168067932,PLC -> IO,0.002352
1776354766.1914244,254.75580763816833,PLC -> IO,0.005392
1776354766.2554173,254.81980061531067,PLC -> IO,0.000672
1776354766.3194046,254.8837878704071,PLC -> IO,0.015792
1776354766.3834162,254.9477994441986,PLC -> IO,0.016032
1776354766.4474232,255.0118064880371,PLC -> IO,0.12019200000000001
1776354766.5114133,255.0757966041565,PLC -> IO,0.015888
1776354766.5754125,255.13979578018188,PLC -> IO,0.16787200000000002
1776354766.639418,255.20380115509033,PLC -> IO,0.020912
1776354766.7034225,255.26780581474304,PLC -> IO,0.08988800000000001
1776354766.7674167,255.33179998397827,PLC -> IO,0.011712
1776354766.8314185,255.39580178260803,PLC -> IO,0.017312
1776354766.8954253,255.45980858802795,PLC -> IO,0.001408
1776354766.9594243,255.52380752563477,PLC -> IO,0.036272
1776354767.0234187,255.58780193328857,PLC -> IO,0.0077919999999999994
1776354767.0874217,255.65180492401123,PLC -> IO,0.27836799999999995
1776354767.1514194,255.71580266952515,PLC -> IO,0.098032
1776354767.2154336,255.77981686592102,PLC -> IO,0.002512
1776354767.2794206,255.84380388259888,PLC -> IO,0.007152
1776354767.3434138,255.9077970981598,PLC -> IO,0.017552
1776354767.407415,255.9717981815338,PLC -> IO,0.127792
1776354767.471428,256.0358111858368,PLC -> IO,0.003552
1776354767.5354183,256.09980154037476,PLC -> IO,0.674752
1776354767.5994139,256.16379714012146,PLC -> IO,0.002768
1776354767.6634157,256.2277989387512,PLC -> IO,0.002672
1776354767.72743,256.2918133735657,PLC -> IO,1.288272
1776354767.791419,256.35580229759216,PLC -> IO,0.011392000000000001
1776354767.8554175,256.4198007583618,PLC -> IO,0.002352
1776354767.9194472,256.48383045196533,PLC -> IO,1.0309920000000001
1776354767.9834292,256.547812461853,PLC -> IO,0.164432
1776354768.0474231,256.6118063926697,PLC -> IO,0.126672
1776354768.1114233,256.6758065223694,PLC -> IO,0.002768
1776354768.1754167,256.7397999763489,PLC -> IO,0.661392
1776354768.239426,256.8038091659546,PLC -> IO,0.011472
1776354768.303436,256.8678193092346,PLC -> IO,0.097168
1776354768.3674233,256.93180656433105,PLC -> IO,0.001472
1776354768.4314182,256.995801448822,PLC -> IO,0.018592
1776354768.495432,257.05981516838074,PLC -> IO,0.641312
1776354768.559427,257.1238102912903,PLC -> IO,0.0038720000000000004
1776354768.6234202,257.1878035068512,PLC -> IO,0.000432
1776354768.687435,257.25181818008423,PLC -> IO,0.013072
1776354768.7514298,257.3158130645752,PLC -> IO,0.107712
1776354768.815433,257.37981629371643,PLC -> IO,0.004672
1776354768.879414,257.4437973499298,PLC -> IO,0.003312
1776354768.9434175,257.5078008174896,PLC -> IO,0.200272
1776354769.0074236,257.5718069076538,PLC -> IO,0.000592
1776354769.0714376,257.6358208656311,PLC -> IO,0.067248
1776354769.1354227,257.6998059749603,PLC -> IO,1.5796320000000001
1776354769.199418,257.76380133628845,PLC -> IO,0.161072
1776354769.2634294,257.8278126716614,PLC -> IO,0.163568
1776354769.3274367,257.89181995391846,PLC -> IO,0.002432
1776354769.391424,257.9558072090149,PLC -> IO,0.012752
1776354769.4554212,258.01980447769165,PLC -> IO,0.149072
1776354769.5194166,258.0837998390198,PLC -> IO,0.001168
1776354769.5834286,258.14781188964844,PLC -> IO,0.134512
1776354769.6474226,258.2118058204651,PLC -> IO,0.224912
1776354769.7114348,258.27581810951233,PLC -> IO,0.224432
1776354769.775415,258.3397982120514,PLC -> IO,0.000928
1776354769.8394232,258.4038064479828,PLC -> IO,0.018192
1776354769.903438,258.4678213596344,PLC -> IO,0.18260800000000002
1776354769.9674158,258.53179907798767,PLC -> IO,0.009952
1776354770.0314298,258.59581303596497,PLC -> IO,0.008512
1776354770.0954442,258.6598274707794,PLC -> IO,0.278848
1776354770.1594353,258.7238185405731,PLC -> IO,0.175008
1776354770.2234225,258.78780579566956,PLC -> IO,0.13788799999999998
1776354770.2874248,258.8518080711365,PLC -> IO,0.013648
1776354770.3514268,258.9158101081848,PLC -> IO,0.143232
1776354770.41543,258.97981333732605,PLC -> IO,0.005472
1776354770.4794204,259.043803691864,PLC -> IO,0.008208
1776354770.5434203,259.10780358314514,PLC -> IO,0.005232
1776354770.607427,259.1718101501465,PLC -> IO,0.0005120000000000001
1776354770.6714377,259.23582100868225,PLC -> IO,0.013568
1776354770.735422,259.29980516433716,PLC -> IO,0.186832
1776354770.7994187,259.36380195617676,PLC -> IO,0.172912
1776354770.8634222,259.4278054237366,PLC -> IO,0.017567999999999997
1776354770.9274383,259.4918215274811,PLC -> IO,0.000992
1776354770.9915683,259.5559515953064,PLC -> IO,0.233328
1776354771.0554163,259.61979961395264,PLC -> IO,0.008128000000000002
1776354771.1194253,259.68380856513977,PLC -> IO,0.166192
1776354771.1834242,259.7478075027466,PLC -> IO,0.011632
1776354771.2474265,259.8118097782135,PLC -> IO,0.28099199999999996
1776354771.3114274,259.87581062316895,PLC -> IO,0.004528
1776354771.3754177,259.9398009777069,PLC -> IO,0.000192
1776354771.4394379,260.00382113456726,PLC -> IO,0.002592
1776354771.5035326,260.06791591644287,PLC -> IO,0.027552
1776354771.5674198,260.1318030357361,PLC -> IO,0.003232
1776354771.6314232,260.1958065032959,PLC -> IO,0.026591999999999998
1776354771.6954467,260.25982999801636,PLC -> IO,0.042672
1776354771.7594297,260.32381296157837,PLC -> IO,0.705632
1776354771.823423,260.3878061771393,PLC -> IO,0.005472
1776354771.8874283,260.45181155204773,PLC -> IO,0.174048
1776354771.9514282,260.51581144332886,PLC -> IO,0.15755200000000003
1776354772.0154321,260.57981538772583,PLC -> IO,0.007072
1776354772.0794263,260.64380955696106,PLC -> IO,0.004992
1776354772.1434245,260.70780777931213,PLC -> IO,0.004752
1776354772.2074296,260.771812915802,PLC -> IO,0.002352
1776354772.271431,260.8358142375946,PLC -> IO,0.009072
1776354772.3354244,260.8998076915741,PLC -> IO,0.025392
1776354772.399425,260.96380829811096,PLC -> IO,0.8556320000000001
1776354772.463423,261.02780628204346,PLC -> IO,0.002208
1776354772.5274355,261.0918188095093,PLC -> IO,0.013632
1776354772.5914214,261.15580463409424,PLC -> IO,0.695872
1776354772.6554244,261.2198076248169,PLC -> IO,0.006272000000000001
1776354772.7194304,261.2838137149811,PLC -> IO,0.384752
1776354772.7834308,261.34781408309937,PLC -> IO,0.012752
1776354772.8474278,261.41181111335754,PLC -> IO,0.12771200000000002
1776354772.911429,261.47581219673157,PLC -> IO,0.011728
1776354772.9754317,261.53981494903564,PLC -> IO,0.408752
1776354773.039436,261.6038193702698,PLC -> IO,0.008752
1776354773.1034427,261.6678259372711,PLC -> IO,0.5361279999999999
1776354773.1674254,261.73180866241455,PLC -> IO,0.003072
1776354773.2314231,261.79580640792847,PLC -> IO,0.024272000000000002
1776354773.2954426,261.8598258495331,PLC -> IO,0.002512
1776354773.3594146,261.92379784584045,PLC -> IO,0.020528
1776354773.423424,261.98780727386475,PLC -> IO,0.007312
1776354773.487431,262.05181431770325,PLC -> IO,0.019408
1776354773.551431,262.1158142089844,PLC -> IO,0.223552
1776354773.6154332,262.1798164844513,PLC -> IO,0.028592
1776354773.6794157,262.24379897117615,PLC -> IO,0.016272
1776354773.743432,262.30781531333923,PLC -> IO,0.246288
1776354773.80743,262.37181329727173,PLC -> IO,0.003232
1776354773.871437,262.43582034111023,PLC -> IO,0.6786719999999999
1776354773.9354267,262.49980998039246,PLC -> IO,0.026112
1776354773.9994254,262.5638086795807,PLC -> IO,0.001232
1776354774.063431,262.6278142929077,PLC -> IO,0.005472
1776354774.127436,262.691819190979,PLC -> IO,0.021792000000000002
1776354774.1914275,262.75581073760986,PLC -> IO,0.0046879999999999995
1776354774.2554312,262.81981444358826,PLC -> IO,0.692592
1776354774.3194284,262.883811712265,PLC -> IO,0.001728
1776354774.383435,262.94781827926636,PLC -> IO,0.0061920000000000005
1776354774.4474297,263.01181292533875,PLC -> IO,0.122752
1776354774.5114224,263.0758056640625,PLC -> IO,0.018208
1776354774.5754225,263.1398057937622,PLC -> IO,0.008928
1776354774.6394403,263.20382356643677,PLC -> IO,0.008592
1776354774.7035306,263.2679138183594,PLC -> IO,0.6830719999999999
1776354774.767434,263.33181715011597,PLC -> IO,0.169968
1776354774.831434,263.3958172798157,PLC -> IO,0.015792
1776354774.8954418,263.4598250389099,PLC -> IO,0.112928
1776354774.9594328,263.5238161087036,PLC -> IO,0.002992
1776354775.0234349,263.58781814575195,PLC -> IO,0.343648
1776354775.0874314,263.651814699173,PLC -> IO,0.017168
1776354775.1514397,263.71582293510437,PLC -> IO,0.18907200000000002
1776354775.2154322,263.77981543540955,PLC -> IO,0.012192
1776354775.2794285,263.843811750412,PLC -> IO,0.0077919999999999994
1776354775.343428,263.90781116485596,PLC -> IO,0.008432
1776354775.4074304,263.97181367874146,PLC -> IO,0.0025280000000000003
1776354775.4714396,264.03582286834717,PLC -> IO,0.005968
1776354775.5354269,264.0998101234436,PLC -> IO,0.024192
1776354775.5994236,264.1638069152832,PLC -> IO,0.016832
1776354775.663432,264.2278151512146,PLC -> IO,0.004272
1776354775.7274413,264.2918245792389,PLC -> IO,0.323952
1776354775.7914345,264.3558177947998,PLC -> IO,0.004432
1776354775.8554287,264.41981196403503,PLC -> IO,0.608832
1776354775.9194303,264.4838135242462,PLC -> IO,0.0074719999999999995
1776354775.9834359,264.54781913757324,PLC -> IO,0.013152
1776354776.0474322,264.6118154525757,PLC -> IO,0.124992
1776354776.1114354,264.6758186817169,PLC -> IO,0.932688
1776354776.1754298,264.7398130893707,PLC -> IO,0.004752
1776354776.2394361,264.8038194179535,PLC -> IO,0.016112
1776354776.3035495,264.86793279647827,PLC -> IO,0.570112
1776354776.3674278,264.93181109428406,PLC -> IO,0.016592
1776354776.431435,264.99581837654114,PLC -> IO,0.030592
1776354776.495449,265.05983233451843,PLC -> IO,0.008352
1776354776.5594347,265.1238179206848,PLC -> IO,0.007712
1776354776.6234272,265.18781042099,PLC -> IO,0.009167999999999999
1776354776.6874342,265.2518174648285,PLC -> IO,0.191248
1776354776.7514462,265.31582951545715,PLC -> IO,0.181312
1776354776.8154361,265.37981939315796,PLC -> IO,0.046672000000000005
1776354776.879436,265.4438192844391,PLC -> IO,0.001168
1776354776.9434361,265.5078194141388,PLC -> IO,1.527952
1776354777.00744,265.57182335853577,PLC -> IO,0.003232
1776354777.0714383,265.63582158088684,PLC -> IO,0.006432
1776354777.1354344,265.6998176574707,PLC -> IO,0.014112
1776354777.1994426,265.7638258934021,PLC -> IO,0.191872
1776354777.2634397,265.8278229236603,PLC -> IO,0.19555199999999998
1776354777.327436,265.8918192386627,PLC -> IO,0.014992
1776354777.3914328,265.9558160305023,PLC -> IO,0.011072
1776354777.455433,266.019816160202,PLC -> IO,0.0019520000000000002
1776354777.5194378,266.0838210582733,PLC -> IO,0.893392
1776354777.5834382,266.1478214263916,PLC -> IO,0.007872
1776354777.6474373,266.211820602417,PLC -> IO,0.128192
1776354777.711436,266.2758193016052,PLC -> IO,0.012608
1776354777.7754362,266.33981943130493,PLC -> IO,0.653712
1776354777.8394425,266.4038257598877,PLC -> IO,0.010912
1776354777.9034445,266.46782779693604,PLC -> IO,0.191888
1776354777.967431,266.53181433677673,PLC -> IO,0.18307199999999998
1776354778.0314322,266.59581542015076,PLC -> IO,0.029232
1776354778.095446,266.65982937812805,PLC -> IO,0.15484799999999999
1776354778.1594357,266.7238190174103,PLC -> IO,0.209792
1776354778.2234325,266.7878158092499,PLC -> IO,0.002752
1776354778.28744,266.85182332992554,PLC -> IO,0.017088
1776354778.3514476,266.9158308506012,PLC -> IO,0.185072
1776354778.415429,266.97981238365173,PLC -> IO,0.018032
1776354778.47944,267.0438232421875,PLC -> IO,0.013008
1776354778.5434291,267.10781240463257,PLC -> IO,0.24508800000000003
1776354778.6074412,267.17182445526123,PLC -> IO,0.000368
1776354778.6714444,267.23582768440247,PLC -> IO,0.23739200000000002
1776354778.7354286,267.2998118400574,PLC -> IO,0.549472
1776354778.799437,267.36382031440735,PLC -> IO,0.157472
1776354778.8634474,267.42783069610596,PLC -> IO,0.090352
1776354778.9274418,267.49182510375977,PLC -> IO,0.012032
1776354778.9914339,267.5558171272278,PLC -> IO,0.011232
1776354779.0554388,267.6198220252991,PLC -> IO,0.158832
1776354779.1194382,267.68382143974304,PLC -> IO,0.13787200000000002
1776354779.1834393,267.74782252311707,PLC -> IO,0.002592
1776354779.247432,267.8118152618408,PLC -> IO,0.134992
1776354779.311428,267.8758113384247,PLC -> IO,0.023328
1776354779.3754406,267.9398238658905,PLC -> IO,0.045392
1776354779.4394388,268.0038220882416,PLC -> IO,0.15227200000000002
1776354779.5034678,268.06785106658936,PLC -> IO,0.075808
1776354779.5674357,268.1318190097809,PLC -> IO,0.004032
1776354779.6314409,268.19582414627075,PLC -> IO,0.021792000000000002
1776354779.6956577,268.26004099845886,PLC -> IO,0.5063519999999999
1776354779.7594342,268.3238174915314,PLC -> IO,0.222512
1776354779.823433,268.3878161907196,PLC -> IO,0.009952
1776354779.8874323,268.4518156051636,PLC -> IO,0.132048
1776354779.9516218,268.5160050392151,PLC -> IO,0.008912
1776354780.0154402,268.5798234939575,PLC -> IO,0.010352
1776354780.0794346,268.6438179016113,PLC -> IO,0.175392
1776354780.1434774,268.7078607082367,PLC -> IO,0.141328
1776354780.2074451,268.77182841300964,PLC -> IO,0.0020320000000000004
1776354780.2714415,268.8358247280121,PLC -> IO,0.003312
1776354780.3354363,268.89981961250305,PLC -> IO,0.031072000000000002
1776354780.3994367,268.96381998062134,PLC -> IO,0.010288
1776354780.4634411,269.02782440185547,PLC -> IO,0.010768
1776354780.527445,269.09182834625244,PLC -> IO,0.6855519999999999
1776354780.5914395,269.15582275390625,PLC -> IO,0.012112
1776354780.6554418,269.21982502937317,PLC -> IO,0.186032
1776354780.7194488,269.28383207321167,PLC -> IO,0.025552
1776354780.7834413,269.34782457351685,PLC -> IO,0.007872
1776354780.8474398,269.4118230342865,PLC -> IO,0.222192
1776354780.9114487,269.47583198547363,PLC -> IO,0.5701280000000001
1776354780.9754379,269.5398211479187,PLC -> IO,0.006992
1776354781.0394435,269.6038267612457,PLC -> IO,0.008992
1776354781.1034508,269.6678340435028,PLC -> IO,0.19092800000000001
1776354781.1674454,269.7318286895752,PLC -> IO,0.700272
1776354781.2314436,269.79582691192627,PLC -> IO,0.019472
1776354781.2954483,269.859831571579,PLC -> IO,0.007072
1776354781.359443,269.92382621765137,PLC -> IO,0.0041919999999999995
1776354781.4234345,269.9878177642822,PLC -> IO,0.010912
1776354781.4874527,270.05183601379395,PLC -> IO,0.154592
1776354781.5514467,270.1158299446106,PLC -> IO,0.32291200000000003
1776354781.6154435,270.1798267364502,PLC -> IO,0.010431999999999999
1776354781.679442,270.24382519721985,PLC -> IO,0.003088
1776354781.743441,270.30782437324524,PLC -> IO,0.887632
1776354781.8074453,270.3718285560608,PLC -> IO,0.186672
1776354781.8715637,270.43594694137573,PLC -> IO,0.07619200000000001
1776354781.9354365,270.4998197555542,PLC -> IO,0.209312
1776354781.999437,270.56382036209106,PLC -> IO,0.007088
1776354782.0634522,270.62783551216125,PLC -> IO,0.112672
1776354782.127444,270.6918272972107,PLC -> IO,0.596592
1776354782.1914377,270.75582098960876,PLC -> IO,0.015392000000000001
1776354782.2554417,270.81982493400574,PLC -> IO,0.005632
1776354782.3194299,270.8838131427765,PLC -> IO,0.029967999999999998
1776354782.3834517,270.9478349685669,PLC -> IO,0.15068800000000002
1776354782.4474394,271.0118227005005,PLC -> IO,0.13379200000000002
1776354782.5114493,271.07583260536194,PLC -> IO,0.006128
1776354782.5754533,271.1398365497589,PLC -> IO,0.000592
1776354782.6394455,271.2038288116455,PLC -> IO,0.014112
1776354782.7034554,271.26783871650696,PLC -> IO,0.097248
1776354782.767445,271.3318283557892,PLC -> IO,0.002752
1776354782.8314776,271.39586091041565,PLC -> IO,0.109808
1776354782.8954573,271.45984053611755,PLC -> IO,0.000912
1776354782.9594433,271.5238265991211,PLC -> IO,0.008992
1776354783.0234458,271.5878291130066,PLC -> IO,0.000592
1776354783.0874505,271.6518337726593,PLC -> IO,0.015968
1776354783.1514397,271.71582293510437,PLC -> IO,0.19043200000000002
1776354783.2154448,271.77982807159424,PLC -> IO,0.018432
1776354783.2794392,271.84382247924805,PLC -> IO,0.004272
1776354783.3434439,271.90782713890076,PLC -> IO,0.004111999999999999
1776354783.4074476,271.97183084487915,PLC -> IO,0.007072
1776354783.471445,272.0358283519745,PLC -> IO,0.008752
1776354783.5354404,272.0998237133026,PLC -> IO,0.09403199999999999
1776354783.5994475,272.1638307571411,PLC -> IO,0.004592000000000001
1776354783.663451,272.2278342247009,PLC -> IO,0.139152
1776354783.727448,272.2918312549591,PLC -> IO,0.294432
1776354783.791469,272.3558523654938,PLC -> IO,0.006352
1776354783.8554432,272.41982650756836,PLC -> IO,0.188832
1776354783.9194484,272.4838316440582,PLC -> IO,0.827008
1776354783.9834454,272.5478286743164,PLC -> IO,0.159392
1776354784.0474439,272.61182713508606,PLC -> IO,0.128832
1776354784.111456,272.6758391857147,PLC -> IO,0.004048
1776354784.1754467,272.73983001708984,PLC -> IO,0.011248
1776354784.2394474,272.8038306236267,PLC -> IO,0.007632000000000001
1776354784.3034618,272.86784505844116,PLC -> IO,0.11492799999999999
1776354784.367444,272.93182730674744,PLC -> IO,0.008528
1776354784.4314566,272.99583983421326,PLC -> IO,0.014672
1776354784.4954722,273.0598554611206,PLC -> IO,0.011072
1776354784.5594409,273.12382411956787,PLC -> IO,0.007712
1776354784.6234477,273.1878309249878,PLC -> IO,0.001168
1776354784.6874578,273.2518410682678,PLC -> IO,0.021408
1776354784.7514484,273.31583166122437,PLC -> IO,0.842512
1776354784.815444,273.37982726097107,PLC -> IO,0.592912
1776354784.879451,273.44383430480957,PLC -> IO,0.009472
1776354784.9434457,273.50782895088196,PLC -> IO,0.008432
1776354785.0074503,273.57183361053467,PLC -> IO,0.010192
1776354785.0714447,273.6358280181885,PLC -> IO,0.011472
1776354785.1354477,273.69983100891113,PLC -> IO,0.173072
1776354785.1994498,273.7638330459595,PLC -> IO,0.007072
1776354785.2634454,273.8278286457062,PLC -> IO,0.003648
1776354785.3274493,273.89183259010315,PLC -> IO,0.8085119999999999
1776354785.3914437,273.95582699775696,PLC -> IO,0.009792
1776354785.4554496,274.01983284950256,PLC -> IO,0.226352
1776354785.5194485,274.0838317871094,PLC -> IO,0.10587200000000001
1776354785.5834453,274.147828578949,PLC -> IO,0.153952
1776354785.647446,274.21182918548584,PLC -> IO,0.129632
1776354785.7114527,274.27583599090576,PLC -> IO,0.041727999999999994
1776354785.7754507,274.33983397483826,PLC -> IO,0.005791999999999999
1776354785.839451,274.40383434295654,PLC -> IO,0.008752
1776354785.9034564,274.467839717865,PLC -> IO,0.561008
1776354785.9674509,274.5318341255188,PLC -> IO,0.6202719999999999
1776354786.031457,274.595840215683,PLC -> IO,0.185952
1776354786.0954509,274.65983414649963,PLC -> IO,0.012448
1776354786.1594512,274.7238345146179,PLC -> IO,0.179232
1776354786.2234511,274.78783440589905,PLC -> IO,0.003248
1776354786.2874591,274.85184240341187,PLC -> IO,0.014208
1776354786.351465,274.91584825515747,PLC -> IO,0.199312
1776354786.4154456,274.9798288345337,PLC -> IO,0.013472000000000001
1776354786.4794471,275.0438303947449,PLC -> IO,0.197952
1776354786.5434492,275.1078324317932,PLC -> IO,0.424032
1776354786.6074533,275.17183661460876,PLC -> IO,0.012032
1776354786.6714473,275.2358305454254,PLC -> IO,0.010912
1776354786.7354505,275.29983377456665,PLC -> IO,0.689632
1776354786.7994497,275.36383295059204,PLC -> IO,0.716272
1776354786.8634562,275.4278395175934,PLC -> IO,0.146288
1776354786.9274518,275.4918351173401,PLC -> IO,0.006112
1776354786.9914541,275.555837392807,PLC -> IO,0.0005120000000000001
1776354787.0554523,275.6198356151581,PLC -> IO,0.008432
1776354787.1194527,275.68383598327637,PLC -> IO,0.009952
1776354787.1834502,275.7478334903717,PLC -> IO,0.21915199999999999
1776354787.247456,275.8118393421173,PLC -> IO,0.12739199999999998
1776354787.3116515,275.8760347366333,PLC -> IO,0.46507200000000004
1776354787.375455,275.93983817100525,PLC -> IO,0.593232
1776354787.4394548,276.0038380622864,PLC -> IO,0.005952
1776354787.5034587,276.06784200668335,PLC -> IO,0.100928
1776354787.5674522,276.13183546066284,PLC -> IO,0.057712
1776354787.6314597,276.1958429813385,PLC -> IO,0.009072
1776354787.6954648,276.25984811782837,PLC -> IO,0.25396799999999997
1776354787.759452,276.3238353729248,PLC -> IO,0.003472
1776354787.8234522,276.3878355026245,PLC -> IO,0.008048
1776354787.887476,276.45185923576355,PLC -> IO,0.112032
1776354787.9514513,276.51583456993103,PLC -> IO,0.193872
1776354788.0154488,276.57983207702637,PLC -> IO,0.021872
1776354788.0794516,276.64383482933044,PLC -> IO,0.832592
1776354788.1434574,276.70784068107605,PLC -> IO,0.163792
1776354788.2074535,276.7718367576599,PLC -> IO,0.003952
1776354788.2714474,276.83583068847656,PLC -> IO,0.804192
1776354788.335452,276.8998353481293,PLC -> IO,0.081712
1776354788.3994532,276.9638364315033,PLC -> IO,0.160592
1776354788.4634578,277.027841091156,PLC -> IO,0.002688
1776354788.527451,277.0918343067169,PLC -> IO,0.125952
1776354788.5914497,277.15583300590515,PLC -> IO,0.007488
1776354788.6554487,277.21983194351196,PLC -> IO,0.24371199999999998
1776354788.7194781,277.2838613986969,PLC -> IO,0.521088
1776354788.783452,277.3478353023529,PLC -> IO,0.117552
1776354788.847459,277.4118423461914,PLC -> IO,0.13131199999999998
1776354788.9114716,277.4758548736572,PLC -> IO,0.11827199999999999
1776354788.9754663,277.5398495197296,PLC -> IO,0.149712
1776354789.0394533,277.60383653640747,PLC -> IO,0.011392000000000001
1776354789.1034663,277.66784954071045,PLC -> IO,0.107088
1776354789.1674604,277.7318437099457,PLC -> IO,0.005232
1776354789.2314618,277.7958450317383,PLC -> IO,0.020672000000000003
1776354789.2954724,277.85985565185547,PLC -> IO,0.153712
1776354789.3594494,277.923832654953,PLC -> IO,0.146032
1776354789.4234562,277.9878394603729,PLC -> IO,0.010032
1776354789.4874887,278.0518720149994,PLC -> IO,0.006832
1776354789.5514603,278.1158435344696,PLC -> IO,0.429472
1776354789.6154516,278.1798348426819,PLC -> IO,0.025872
1776354789.6794546,278.24383783340454,PLC -> IO,0.0029119999999999997
1776354789.7434545,278.30783772468567,PLC -> IO,0.004592000000000001
1776354789.8074596,278.37184286117554,PLC -> IO,0.010112000000000001
1776354789.8714547,278.4358379840851,PLC -> IO,0.009952
1776354789.9354563,278.49983954429626,PLC -> IO,0.020191999999999998
1776354789.9994767,278.5638599395752,PLC -> IO,0.029232
1776354790.0634503,278.6278336048126,PLC -> IO,0.007248
1776354790.1274524,278.69183564186096,PLC -> IO,0.034752000000000005
1776354790.1914568,278.7558400630951,PLC -> IO,0.002448
1776354790.255455,278.81983828544617,PLC -> IO,0.010992
1776354790.3194492,278.8838324546814,PLC -> IO,0.024432
1776354790.3834507,278.9478340148926,PLC -> IO,0.012592
1776354790.447457,279.01184034347534,PLC -> IO,0.003168
1776354790.5114596,279.07584285736084,PLC -> IO,0.104288
1776354790.5754573,279.13984060287476,PLC -> IO,0.0008320000000000001
1776354790.6394563,279.20383954048157,PLC -> IO,0.010672000000000001
1776354790.7034698,279.2678530216217,PLC -> IO,0.254368
1776354790.767455,279.3318383693695,PLC -> IO,1.341872
1776354790.8314602,279.3958435058594,PLC -> IO,0.020912
1776354790.8954673,279.4598505496979,PLC -> IO,0.001728
1776354790.959461,279.52384424209595,PLC -> IO,0.0020480000000000003
1776354791.023468,279.58785128593445,PLC -> IO,0.220128
1776354791.0874634,279.6518466472626,PLC -> IO,0.016608
1776354791.1514583,279.71584153175354,PLC -> IO,0.190352
1776354791.215458,279.7798411846161,PLC -> IO,0.019472
1776354791.279459,279.8438422679901,PLC -> IO,0.006832
1776354791.3434615,279.9078447818756,PLC -> IO,0.46139199999999997
1776354791.407454,279.9718372821808,PLC -> IO,0.014992
1776354791.4714518,280.0358350276947,PLC -> IO,0.011952
1776354791.5354865,280.0998697280884,PLC -> IO,0.07420800000000001
1776354791.5994587,280.16384196281433,PLC -> IO,0.004752
1776354791.6634564,280.22783970832825,PLC -> IO,0.030832
1776354791.727468,280.29185128211975,PLC -> IO,0.478288
1776354791.792059,280.3564422130585,PLC -> IO,0.11875200000000001
1776354791.8554597,280.4198429584503,PLC -> IO,0.005712
1776354791.9194565,280.4838397502899,PLC -> IO,0.008112
1776354791.9834569,280.5478401184082,PLC -> IO,0.195232
1776354792.0474532,280.61183643341064,PLC -> IO,0.103568
1776354792.1114771,280.67586040496826,PLC -> IO,0.140672
1776354792.1754596,280.7398428916931,PLC -> IO,0.000592
1776354792.2394545,280.8038377761841,PLC -> IO,0.023232
1776354792.303461,280.8678443431854,PLC -> IO,0.226528
1776354792.3674586,280.93184185028076,PLC -> IO,0.009632
1776354792.4314625,280.99584579467773,PLC -> IO,0.020832
1776354792.495473,281.05985617637634,PLC -> IO,0.005968
1776354792.559465,281.12384819984436,PLC -> IO,0.570112
1776354792.6234608,281.18784403800964,PLC -> IO,0.003712
1776354792.6874628,281.251846075058,PLC -> IO,0.022768
1776354792.7514603,281.3158435821533,PLC -> IO,0.007072
1776354792.8154624,281.37984561920166,PLC -> IO,0.019792
1776354792.87946,281.4438433647156,PLC -> IO,1.763712
1776354792.9434617,281.50784492492676,PLC -> IO,0.001088
1776354793.00746,281.5718433856964,PLC -> IO,0.006032
1776354793.0714643,281.63584756851196,PLC -> IO,0.006128
1776354793.135465,281.6998481750488,PLC -> IO,0.192352
1776354793.1994624,281.76384568214417,PLC -> IO,0.002768
1776354793.2634645,281.8278477191925,PLC -> IO,0.002592
1776354793.327459,281.8918423652649,PLC -> IO,0.693392
1776354793.391461,281.95584416389465,PLC -> IO,0.002448
1776354793.4554667,282.01985001564026,PLC -> IO,0.001888
1776354793.5194647,282.08384799957275,PLC -> IO,0.070608
1776354793.5834632,282.1478464603424,PLC -> IO,0.13652799999999998
1776354793.6474562,282.21183943748474,PLC -> IO,0.006848
1776354793.7114682,282.2758514881134,PLC -> IO,0.20652800000000002
1776354793.7754602,282.3398435115814,PLC -> IO,0.000608
1776354793.839456,282.4038393497467,PLC -> IO,0.010591999999999999
1776354793.9035935,282.467976808548,PLC -> IO,0.069632
1776354793.9674623,282.5318455696106,PLC -> IO,0.002592
1776354794.0314615,282.595844745636,PLC -> IO,0.024592000000000003
1776354794.095481,282.6598641872406,PLC -> IO,0.187152
1776354794.1594646,282.72384786605835,PLC -> IO,0.002352
1776354794.2234652,282.7878484725952,PLC -> IO,0.179808
1776354794.287464,282.85184717178345,PLC -> IO,0.024048
1776354794.3514585,282.91584181785583,PLC -> IO,0.154208
1776354794.4154623,282.97984552383423,PLC -> IO,0.013632
1776354794.4794607,283.0438439846039,PLC -> IO,0.150032
1776354794.5434608,283.1078441143036,PLC -> IO,0.001888
1776354794.6074626,283.17184591293335,PLC -> IO,0.003712
1776354794.6714635,283.2358467578888,PLC -> IO,0.22700800000000002
1776354794.7354836,283.29986691474915,PLC -> IO,0.691248
1776354794.7994654,283.36384868621826,PLC -> IO,3.2000000000000005e-05
1776354794.8634632,283.4278464317322,PLC -> IO,0.0041919999999999995
1776354794.9274452,283.4918284416199,PLC -> IO,0.017008
1776354794.9914663,283.55584955215454,PLC -> IO,0.002512
1776354795.055467,283.6198501586914,PLC -> IO,0.009712
1776354795.1194675,283.68385076522827,PLC -> IO,0.19707200000000002
1776354795.1834629,283.7478461265564,PLC -> IO,0.003008
1776354795.24747,283.8118531703949,PLC -> IO,0.338832
1776354795.3114667,283.8758499622345,PLC -> IO,0.391808
1776354795.3754601,283.939843416214,PLC -> IO,0.007888
1776354795.4394608,284.00384402275085,PLC -> IO,0.164912
1776354795.5034735,284.06785678863525,PLC -> IO,0.118448
1776354795.5674691,284.13185238838196,PLC -> IO,0.925952
1776354795.6314633,284.1958465576172,PLC -> IO,0.022671999999999998
1776354795.6954646,284.2598478794098,PLC -> IO,0.268672
1776354795.759468,284.3238513469696,PLC -> IO,0.000432
1776354795.8234625,284.3878457546234,PLC -> IO,0.17979199999999998
1776354795.887466,284.4518492221832,PLC -> IO,0.018208
1776354795.951461,284.5158443450928,PLC -> IO,0.010192
1776354796.0154696,284.57985281944275,PLC -> IO,0.20763199999999998
1776354796.0794613,284.6438446044922,PLC -> IO,0.008752
1776354796.1434653,284.70784854888916,PLC -> IO,0.011008
1776354796.207466,284.771849155426,PLC -> IO,1.259392
1776354796.2714694,284.83585262298584,PLC -> IO,0.002592
1776354796.3354683,284.89985156059265,PLC -> IO,0.218672
1776354796.399467,284.9638502597809,PLC -> IO,0.011072
1776354796.4634697,285.02785301208496,PLC -> IO,0.006912
1776354796.527474,285.0918571949005,PLC -> IO,0.121568
1776354796.5914557,285.15583896636963,PLC -> IO,0.010448
1776354796.6554723,285.2198555469513,PLC -> IO,0.001872
1776354796.7194655,285.2838487625122,PLC -> IO,0.038192000000000004
1776354796.7834694,285.3478527069092,PLC -> IO,0.0055520000000000005
1776354796.84747,285.41185331344604,PLC -> IO,0.007391999999999999
1776354796.9114752,285.4758584499359,PLC -> IO,0.011888000000000001
1776354796.9754667,285.5398499965668,PLC -> IO,0.0020480000000000003
1776354797.0394714,285.6038546562195,PLC -> IO,0.006032
1776354797.1034722,285.6678555011749,PLC -> IO,0.113248
1776354797.1674707,285.7318539619446,PLC -> IO,0.002352
1776354797.2314675,285.7958507537842,PLC -> IO,0.16531200000000001
1776354797.29547,285.8598532676697,PLC -> IO,0.021088
1776354797.359468,285.9238512516022,PLC -> IO,0.145792
1776354797.42347,285.9878532886505,PLC -> IO,0.156672
1776354797.4874682,286.0518515110016,PLC -> IO,0.020848000000000002
1776354797.5514631,286.11584639549255,PLC -> IO,0.702272
1776354797.6154666,286.17984986305237,PLC -> IO,0.019952
1776354797.6794739,286.24385714530945,PLC -> IO,0.117168
1776354797.74347,286.3078532218933,PLC -> IO,0.001392
1776354797.8074632,286.3718464374542,PLC -> IO,0.671232
1776354797.8714678,286.43585109710693,PLC -> IO,0.0025280000000000003
1776354797.9354942,286.49987745285034,PLC -> IO,0.15348799999999999
1776354797.9994698,286.5638530254364,PLC -> IO,0.202752
1776354798.0634668,286.6278500556946,PLC -> IO,0.006112
1776354798.1274707,286.69185400009155,PLC -> IO,0.002752
1776354798.1916409,286.75602412223816,PLC -> IO,0.092128
1776354798.25547,286.81985330581665,PLC -> IO,0.209328
1776354798.3194554,286.88383865356445,PLC -> IO,0.027792
1776354798.3834715,286.94785475730896,PLC -> IO,0.189632
1776354798.4474719,287.01185512542725,PLC -> IO,0.021952
1776354798.511476,287.0758593082428,PLC -> IO,0.092528
1776354798.5754573,287.13984060287476,PLC -> IO,0.013568
1776354798.6394713,287.20385456085205,PLC -> IO,0.0077919999999999994
1776354798.7035985,287.2679817676544,PLC -> IO,0.027712
1776354798.7674747,287.331857919693,PLC -> IO,0.007152
1776354798.8314712,287.395854473114,PLC -> IO,0.019472
1776354798.8954763,287.4598596096039,PLC -> IO,0.001488
1776354798.95947,287.52385330200195,PLC -> IO,0.000592
1776354799.0234764,287.5878596305847,PLC -> IO,0.009952
1776354799.087467,287.65185022354126,PLC -> IO,0.021088
1776354799.151474,287.71585726737976,PLC -> IO,0.200432
1776354799.2155197,287.7799029350281,PLC -> IO,0.071248
1776354799.2794764,287.8438596725464,PLC -> IO,0.000928
1776354799.3434732,287.907856464386,PLC -> IO,0.104112
1776354799.4074678,287.9718511104584,PLC -> IO,0.245152
1776354799.4714763,288.03585958480835,PLC -> IO,0.07211200000000001
1776354799.5355082,288.0998914241791,PLC -> IO,0.324448
1776354799.5994737,288.1638569831848,PLC -> IO,0.009552
1776354799.6634674,288.2278506755829,PLC -> IO,0.017152
1776354799.7274718,288.291855096817,PLC -> IO,0.002272
1776354799.792307,288.35669016838074,PLC -> IO,0.12596800000000002
1776354799.85547,288.4198532104492,PLC -> IO,0.001712
1776354799.9194694,288.4838526248932,PLC -> IO,0.15315199999999998
1776354799.9834726,288.5478558540344,PLC -> IO,0.001312
1776354800.0474718,288.6118550300598,PLC -> IO,0.007152
1776354800.111474,288.67585730552673,PLC -> IO,0.684912
1776354800.1754727,288.73985600471497,PLC -> IO,0.000688
1776354800.2394738,288.803857088089,PLC -> IO,0.0005120000000000001
1776354800.3034804,288.86786365509033,PLC -> IO,0.117728
1776354800.3674757,288.93185901641846,PLC -> IO,0.477792
1776354800.4314737,288.99585700035095,PLC -> IO,0.009311999999999999
1776354800.4954734,289.0598566532135,PLC -> IO,0.011328000000000001
1776354800.559469,289.1238522529602,PLC -> IO,0.012832
1776354800.6234717,289.1878550052643,PLC -> IO,0.004288
1776354800.687491,289.2518742084503,PLC -> IO,0.094432
1776354800.7514727,289.31585597991943,PLC -> IO,0.004672
1776354800.815472,289.3798551559448,PLC -> IO,0.024352
1776354800.879475,289.44385838508606,PLC -> IO,0.002288
1776354800.9434712,289.5078544616699,PLC -> IO,0.002272
1776354801.0074775,289.5718607902527,PLC -> IO,0.000848
1776354801.0714748,289.63585805892944,PLC -> IO,0.000672
1776354801.1354773,289.69986057281494,PLC -> IO,0.174272
1776354801.1994736,289.7638568878174,PLC -> IO,0.106272
1776354801.2634685,289.82785177230835,PLC -> IO,0.023472000000000003
1776354801.3274746,289.89185786247253,PLC -> IO,0.164528
1776354801.3914683,289.9558515548706,PLC -> IO,0.005392
1776354801.4554687,290.0198519229889,PLC -> IO,0.004048
1776354801.5194643,290.0838475227356,PLC -> IO,0.204592
1776354801.583473,290.14785623550415,PLC -> IO,0.002288
1776354801.6474714,290.2118546962738,PLC -> IO,0.0020320000000000004
1776354801.7114947,290.2758779525757,PLC -> IO,0.012272
1776354801.7754679,290.33985114097595,PLC -> IO,0.009968
1776354801.839483,290.40386629104614,PLC -> IO,0.011792
1776354801.903486,290.4678692817688,PLC -> IO,0.106128
1776354801.967476,290.5318591594696,PLC -> IO,0.173712
1776354802.0314782,290.5958614349365,PLC -> IO,0.009871999999999999
1776354802.0954878,290.6598711013794,PLC -> IO,0.011807999999999999
1776354802.1595695,290.72395277023315,PLC -> IO,0.230208
1776354802.2234778,290.7878611087799,PLC -> IO,0.006592
1776354802.2874715,290.851854801178,PLC -> IO,0.023088
1776354802.3514779,290.91586112976074,PLC -> IO,0.08587199999999999
1776354802.415465,290.9798483848572,PLC -> IO,0.031952
1776354802.479484,291.04386734962463,PLC -> IO,0.043872
1776354802.5434704,291.10785365104675,PLC -> IO,0.7577280000000001
1776354802.6074786,291.17186188697815,PLC -> IO,0.004128
1776354802.6714768,291.2358601093292,PLC -> IO,0.008592
1776354802.7354827,291.29986596107483,PLC -> IO,0.017872000000000002
1776354802.799475,291.3638582229614,PLC -> IO,0.007632000000000001
1776354802.8634772,291.42786049842834,PLC -> IO,0.009072
1776354802.9274778,291.4918611049652,PLC -> IO,0.007072
1776354802.9914608,291.5558440685272,PLC -> IO,0.018608
1776354803.0554771,291.6198604106903,PLC -> IO,0.000992
1776354803.1194713,291.68385457992554,PLC -> IO,0.019632
1776354803.1834793,291.74786257743835,PLC -> IO,0.005472
1776354803.2474725,291.81185579299927,PLC -> IO,0.006832
1776354803.311503,291.8758862018585,PLC -> IO,0.154912
1776354803.3754756,291.93985891342163,PLC -> IO,0.570752
1776354803.439477,292.00386023521423,PLC -> IO,0.009311999999999999
1776354803.5034983,292.0678815841675,PLC -> IO,0.172928
1776354803.5674658,292.13184905052185,PLC -> IO,0.011888000000000001
1776354803.631477,292.1958603858948,PLC -> IO,0.019392
1776354803.695484,292.2598671913147,PLC -> IO,0.003968
1776354803.75947,292.32385325431824,PLC -> IO,0.21099199999999999
1776354803.8234804,292.38786363601685,PLC -> IO,0.204272
1776354803.8874967,292.45187997817993,PLC -> IO,0.20347200000000001
1776354803.9514775,292.51586079597473,PLC -> IO,0.234512
1776354804.0154717,292.57985496520996,PLC -> IO,0.034832
1776354804.0794795,292.6438627243042,PLC -> IO,0.015712
1776354804.1434731,292.70785641670227,PLC -> IO,0.009792
1776354804.2074819,292.7718651294708,PLC -> IO,0.002672
1776354804.2714798,292.8358631134033,PLC -> IO,0.894432
1776354804.3354733,292.8998565673828,PLC -> IO,0.031152000000000003
1776354804.3994803,292.9638636112213,PLC -> IO,0.662032
1776354804.463517,293.0279002189636,PLC -> IO,0.007152
1776354804.5274785,293.0918617248535,PLC -> IO,0.225552
1776354804.591484,293.15586733818054,PLC -> IO,0.000752
1776354804.6554756,293.2198588848114,PLC -> IO,0.705712
1776354804.7194822,293.28386545181274,PLC -> IO,0.031472
1776354804.7834792,293.3478624820709,PLC -> IO,0.004992
1776354804.8474858,293.41186904907227,PLC -> IO,0.002592
1776354804.9114769,293.47586011886597,PLC -> IO,0.208128
1776354804.9754784,293.53986167907715,PLC -> IO,0.003168
1776354805.0394824,293.6038656234741,PLC -> IO,0.004111999999999999
1776354805.1035874,293.66797065734863,PLC -> IO,0.070832
1776354805.1674695,293.7318527698517,PLC -> IO,0.017088
1776354805.2314854,293.7958686351776,PLC -> IO,0.011232
1776354805.2954943,293.85987758636475,PLC -> IO,0.130272
1776354805.359479,293.9238622188568,PLC -> IO,0.005952
1776354805.4234793,293.9878625869751,PLC -> IO,0.006048
1776354805.4874744,294.05185770988464,PLC -> IO,0.035808
1776354805.5514822,294.1158654689789,PLC -> IO,0.002432
1776354805.6154768,294.17986011505127,PLC -> IO,0.021792000000000002
1776354805.6796448,294.24402809143066,PLC -> IO,0.510432
1776354805.7434745,294.3078577518463,PLC -> IO,0.005968
1776354805.8074818,294.3718650341034,PLC -> IO,0.0036320000000000002
1776354805.8714786,294.435861825943,PLC -> IO,0.012112
1776354805.9355028,294.4998860359192,PLC -> IO,0.129248
1776354805.9994807,294.56386399269104,PLC -> IO,0.003008
1776354806.0634794,294.6278626918793,PLC -> IO,0.0055520000000000005
1776354806.127523,294.6919062137604,PLC -> IO,0.269728
1776354806.1914823,294.75586557388306,PLC -> IO,0.0028480000000000003
1776354806.2554817,294.819864988327,PLC -> IO,0.000272
1776354806.3195314,294.8839147090912,PLC -> IO,0.036832000000000004
1776354806.383479,294.9478623867035,PLC -> IO,0.704752
1776354806.4474843,295.01186752319336,PLC -> IO,0.001232
1776354806.5114813,295.07586455345154,PLC -> IO,0.013808
1776354806.5754828,295.1398661136627,PLC -> IO,0.000368
1776354806.639482,295.2038652896881,PLC -> IO,0.020112
1776354806.7034872,295.267870426178,PLC -> IO,0.226288
1776354806.7674806,295.33186388015747,PLC -> IO,0.005152
1776354806.8323312,295.39671444892883,PLC -> IO,3.3138080000000003
1776354806.8955448,295.4599280357361,PLC -> IO,0.990928
1776354806.9594789,295.5238621234894,PLC -> IO,0.20355199999999998
1776354807.023486,295.5878691673279,PLC -> IO,0.149072
1776354807.0874813,295.651864528656,PLC -> IO,0.019648
1776354807.1514833,295.71586656570435,PLC -> IO,0.193472
1776354807.215481,295.77986431121826,PLC -> IO,0.032752
1776354807.2794862,295.84386944770813,PLC -> IO,0.157248
1776354807.3434856,295.9078688621521,PLC -> IO,0.389728
1776354807.4074855,295.9718687534332,PLC -> IO,0.0019520000000000002
1776354807.4714727,296.03585600852966,PLC -> IO,0.031152000000000003
1776354807.5354884,296.099871635437,PLC -> IO,0.018672
1776354807.5994837,296.16386699676514,PLC -> IO,0.000272
1776354807.6634824,296.22786569595337,PLC -> IO,0.001968
1776354807.7274764,296.29185962677,PLC -> IO,0.018512
1776354807.7919507,296.35633397102356,PLC -> IO,0.063968
1776354807.8554835,296.4198668003082,PLC -> IO,0.0061920000000000005
1776354807.919487,296.48387026786804,PLC -> IO,0.184752
1776354807.9834795,296.5478627681732,PLC -> IO,0.012512
1776354808.0474937,296.6118769645691,PLC -> IO,0.001168
1776354808.1115043,296.6758875846863,PLC -> IO,0.589712
1776354808.175488,296.739871263504,PLC -> IO,0.18147200000000002
1776354808.2394814,296.8038647174835,PLC -> IO,0.013152
1776354808.3034885,296.867871761322,PLC -> IO,0.113168
1776354808.3674855,296.9318687915802,PLC -> IO,0.001408
1776354808.4314895,296.9958727359772,PLC -> IO,0.013791999999999999
1776354808.4954884,297.059871673584,PLC -> IO,0.011408
1776354808.5594895,297.123872756958,PLC -> IO,0.010512
1776354808.623489,297.187872171402,PLC -> IO,0.21843200000000002
1776354808.6874886,297.2518718242645,PLC -> IO,0.017648
1776354808.7514899,297.31587314605713,PLC -> IO,0.22179200000000002
1776354808.8154857,297.3798689842224,PLC -> IO,0.041072000000000004
1776354808.8794894,297.4438726902008,PLC -> IO,1.1893120000000001
1776354808.9434862,297.5078694820404,PLC -> IO,0.004208
1776354809.0074918,297.57187509536743,PLC -> IO,0.001632
1776354809.0714836,297.63586688041687,PLC -> IO,0.183152
1776354809.1355217,297.69990491867065,PLC -> IO,0.19708799999999999
1776354809.1994817,297.7638649940491,PLC -> IO,0.014368
1776354809.2634873,297.8278706073761,PLC -> IO,0.0074719999999999995
1776354809.3274941,297.891877412796,PLC -> IO,0.079328
1776354809.3914866,297.9558699131012,PLC -> IO,0.003248
1776354809.455486,298.01986932754517,PLC -> IO,0.0029119999999999997
1776354809.5194893,298.0838725566864,PLC -> IO,0.024432
1776354809.5834825,298.1478657722473,PLC -> IO,0.013152
1776354809.647489,298.21187233924866,PLC -> IO,0.0015680000000000002
1776354809.711498,298.2758812904358,PLC -> IO,0.218992
1776354809.7754855,298.3398687839508,PLC -> IO,0.011072
1776354809.8395038,298.4038870334625,PLC -> IO,0.16684800000000002
1776354809.903493,298.4678761959076,PLC -> IO,0.121328
1776354809.9674737,298.5318570137024,PLC -> IO,0.010928
1776354810.0314918,298.59587502479553,PLC -> IO,0.24915199999999998
1776354810.095502,298.65988516807556,PLC -> IO,0.001552
1776354810.1594937,298.723876953125,PLC -> IO,0.016992
1776354810.2234893,298.7878725528717,PLC -> IO,0.001472
1776354810.2875023,298.8518855571747,PLC -> IO,0.16451200000000002
1776354810.3519359,298.9163191318512,PLC -> IO,0.23643199999999998
1776354810.4154906,298.97987389564514,PLC -> IO,0.112032
1776354810.4794788,299.0438621044159,PLC -> IO,0.012128
1776354810.5434895,299.1078727245331,PLC -> IO,0.005248
1776354810.6074884,299.1718716621399,PLC -> IO,0.143072
1776354810.671486,299.23586916923523,PLC -> IO,0.016672
1776354810.7354887,299.2998719215393,PLC -> IO,0.063552
1776354810.7994812,299.3638644218445,PLC -> IO,0.011392000000000001
1776354810.8634927,299.427875995636,PLC -> IO,0.116928
1776354810.9275067,299.4918899536133,PLC -> IO,0.192432
1776354810.9914904,299.55587363243103,PLC -> IO,0.005472
1776354811.0554962,299.61987948417664,PLC -> IO,0.175312
1776354811.11949,299.6838731765747,PLC -> IO,0.248688
1776354811.18348,299.7478632926941,PLC -> IO,0.188592
1776354811.2474916,299.8118748664856,PLC -> IO,0.007728
1776354811.3114815,299.8758647441864,PLC -> IO,0.190848
1776354811.3754919,299.939875125885,PLC -> IO,0.6589919999999999
1776354811.4394863,300.0038695335388,PLC -> IO,0.017552
1776354811.503491,300.0678741931915,PLC -> IO,0.130848
1776354811.5674884,300.13187170028687,PLC -> IO,0.003712
1776354811.631496,300.1958792209625,PLC -> IO,0.006832
1776354811.6955032,300.2598865032196,PLC -> IO,0.003408
1776354811.7594972,300.32388043403625,PLC -> IO,0.000112
1776354811.823485,300.38786816596985,PLC -> IO,0.007248
1776354811.887492,300.45187520980835,PLC -> IO,0.019088
1776354811.9514916,300.5158748626709,PLC -> IO,0.196832
1776354812.0154972,300.5798804759979,PLC -> IO,0.017071999999999997
1776354812.0794868,300.64387011528015,PLC -> IO,0.001488
1776354812.1434846,300.70786786079407,PLC -> IO,0.757072
1776354812.2074904,300.7718737125397,PLC -> IO,0.017792
1776354812.2714856,300.8358688354492,PLC -> IO,0.017391999999999998
1776354812.335495,300.8998782634735,PLC -> IO,0.052672
1776354812.3994856,300.96386885643005,PLC -> IO,0.008928
1776354812.4634907,301.0278739929199,PLC -> IO,0.007232000000000001
1776354812.5274878,301.0918710231781,PLC -> IO,0.18027200000000002
1776354812.5914915,301.1558747291565,PLC -> IO,0.199408
1776354812.655493,301.2198762893677,PLC -> IO,0.0034879999999999998
1776354812.7194955,301.2838788032532,PLC -> IO,0.222832
1776354812.7834833,301.34786653518677,PLC -> IO,0.020992
1776354812.847491,301.411874294281,PLC -> IO,0.000752
1776354812.9114885,301.47587180137634,PLC -> IO,0.422128
1776354812.9754908,301.53987407684326,PLC -> IO,0.21163200000000001
1776354813.0394907,301.6038739681244,PLC -> IO,0.014272
1776354813.103507,301.6678903102875,PLC -> IO,0.11212799999999999
1776354813.1675022,301.731885433197,PLC -> IO,0.087952
1776354813.2314956,301.7958788871765,PLC -> IO,0.015472
1776354813.2955027,301.859885931015,PLC -> IO,0.007552
1776354813.3595002,301.92388343811035,PLC -> IO,0.6670079999999999
1776354813.4234934,301.98787665367126,PLC -> IO,0.23739200000000002
1776354813.4874954,302.0518786907196,PLC -> IO,0.162208
1776354813.5514872,302.11587047576904,PLC -> IO,0.964512
1776354813.6154983,302.1798815727234,PLC -> IO,0.020992
1776354813.679496,302.2438793182373,PLC -> IO,0.014511999999999999
1776354813.743496,302.30787920951843,PLC -> IO,0.669472
1776354813.8074908,302.3718740940094,PLC -> IO,0.019632
1776354813.8714986,302.43588185310364,PLC -> IO,0.135072
1776354813.9354844,302.4998676776886,PLC -> IO,0.086272
1776354813.9994953,302.56387853622437,PLC -> IO,0.001552
1776354814.063493,302.6278762817383,PLC -> IO,0.011792
1776354814.1275024,302.6918857097626,PLC -> IO,0.000432
1776354814.1914968,302.7558801174164,PLC -> IO,0.318512
1776354814.2555022,302.81988549232483,PLC -> IO,0.001632
1776354814.319493,302.88387632369995,PLC -> IO,0.010352
1776354814.3834944,302.94787764549255,PLC -> IO,0.014192000000000001
1776354814.4475005,303.01188373565674,PLC -> IO,0.395632
1776354814.5114796,303.0758628845215,PLC -> IO,0.42316800000000004
1776354814.575496,303.13987922668457,PLC -> IO,0.0048319999999999995
1776354814.6394932,303.2038764953613,PLC -> IO,0.0074719999999999995
1776354814.7034938,303.2678771018982,PLC -> IO,0.213408
1776354814.76748,303.33186316490173,PLC -> IO,0.025008
1776354814.8314989,303.3958821296692,PLC -> IO,0.678752
1776354814.8955026,303.4598858356476,PLC -> IO,0.0025280000000000003
1776354814.9595003,303.5238835811615,PLC -> IO,0.005872
1776354815.0234978,303.58788108825684,PLC -> IO,0.004048
1776354815.087497,303.6518802642822,PLC -> IO,0.16652799999999998
1776354815.151504,303.7158873081207,PLC -> IO,0.25492800000000004
1776354815.2155015,303.77988481521606,PLC -> IO,0.018352
1776354815.2795055,303.84388875961304,PLC -> IO,0.677552
1776354815.343494,303.90787720680237,PLC -> IO,0.006768000000000001
1776354815.40749,303.97187328338623,PLC -> IO,0.022832
1776354815.4715014,304.03588461875916,PLC -> IO,0.0020480000000000003
1776354815.5355008,304.0998840332031,PLC -> IO,0.107632
1776354815.599494,304.16387724876404,PLC -> IO,0.197792
1776354815.6634886,304.2278718948364,PLC -> IO,0.017232
1776354815.7275019,304.291885137558,PLC -> IO,0.639312
1776354815.7917926,304.3561758995056,PLC -> IO,0.161728
1776354815.8554997,304.4198830127716,PLC -> IO,0.001552
1776354815.9194977,304.4838809967041,PLC -> IO,0.222192
1776354815.9834878,304.5478711128235,PLC -> IO,0.039552
1776354816.0474994,304.611882686615,PLC -> IO,1.522032
1776354816.1114955,304.67587876319885,PLC -> IO,0.22156800000000001
1776354816.175499,304.73988223075867,PLC -> IO,0.015792
1776354816.2394953,304.8038785457611,PLC -> IO,0.011632
1776354816.3035004,304.867883682251,PLC -> IO,0.125328
1776354816.3674994,304.9318826198578,PLC -> IO,0.005008
1776354816.4315007,304.9958839416504,PLC -> IO,0.044832000000000004
1776354816.4955068,305.0598900318146,PLC -> IO,0.020592
1776354816.5595002,305.12388348579407,PLC -> IO,0.0028320000000000003
1776354816.6235008,305.18788409233093,PLC -> IO,0.007088
1776354816.6875,305.2518832683563,PLC -> IO,0.197968
1776354816.7514837,305.3158669471741,PLC -> IO,0.029471999999999998
1776354816.8155017,305.3798849582672,PLC -> IO,0.019392
1776354816.8795023,305.4438855648041,PLC -> IO,0.000928
1776354816.9434898,305.5078730583191,PLC -> IO,0.010352
1776354817.0074995,305.57188272476196,PLC -> IO,0.018912
1776354817.0715036,305.6358869075775,PLC -> IO,0.035472000000000004
1776354817.135584,305.6999673843384,PLC -> IO,0.196672
1776354817.1995018,305.7638850212097,PLC -> IO,0.503952
1776354817.2634954,305.8278787136078,PLC -> IO,0.012352
1776354817.327502,305.89188528060913,PLC -> IO,0.005791999999999999
1776354817.391534,305.95591735839844,PLC -> IO,0.151568
1776354817.4554982,306.0198814868927,PLC -> IO,0.004848
1776354817.5194964,306.0838797092438,PLC -> IO,0.216192
1776354817.5835054,306.1478886604309,PLC -> IO,0.003472
1776354817.6474953,306.2118785381317,PLC -> IO,0.011008
1776354817.7115645,306.27594780921936,PLC -> IO,0.067552
1776354817.7754986,306.33988189697266,PLC -> IO,0.199152
1776354817.8395069,306.40389013290405,PLC -> IO,0.163712
1776354817.9034963,306.4678795337677,PLC -> IO,0.143168
1776354817.967505,306.53188824653625,PLC -> IO,0.005632
1776354818.031502,306.59588527679443,PLC -> IO,0.032672
1776354818.0955105,306.6598937511444,PLC -> IO,0.004032
1776354818.159504,306.7238872051239,PLC -> IO,0.311008
1776354818.2234943,306.78787755966187,PLC -> IO,0.010688
1776354818.2875,306.8518831729889,PLC -> IO,0.017488
1776354818.3514962,306.91587948799133,PLC -> IO,0.014192000000000001
1776354818.415504,306.97988724708557,PLC -> IO,0.152752
1776354818.4794965,307.04387974739075,PLC -> IO,0.011488
1776354818.5434997,307.107882976532,PLC -> IO,0.007728
1776354818.6074982,307.17188143730164,PLC -> IO,0.018672
1776354818.671508,307.2358913421631,PLC -> IO,0.168432
1776354818.7355344,307.2999176979065,PLC -> IO,0.15619200000000003
1776354818.7994988,307.36388206481934,PLC -> IO,0.0038079999999999998
1776354818.8634975,307.42788076400757,PLC -> IO,0.006672
1776354818.9275088,307.4918920993805,PLC -> IO,0.002208
1776354818.9914846,307.55586791038513,PLC -> IO,0.020367999999999997
1776354819.0555015,307.6198847293854,PLC -> IO,0.229632
1776354819.119486,307.68386936187744,PLC -> IO,0.7159519999999999
1776354819.1835039,307.747887134552,PLC -> IO,0.008832
1776354819.2474988,307.81188201904297,PLC -> IO,0.012528
1776354819.3115082,307.87589144706726,PLC -> IO,0.067168
1776354819.3755057,307.9398889541626,PLC -> IO,0.172528
1776354819.43951,308.00389337539673,PLC -> IO,0.006112
1776354819.5035028,308.0678861141205,PLC -> IO,0.125248
1776354819.5674982,308.1318814754486,PLC -> IO,0.008528
1776354819.6314995,308.1958827972412,PLC -> IO,0.032592
1776354819.6955128,308.25989603996277,PLC -> IO,0.167248
1776354819.759509,308.3238923549652,PLC -> IO,0.125232
1776354819.823504,308.3878872394562,PLC -> IO,0.15635200000000002
1776354819.8875184,308.45190167427063,PLC -> IO,0.016912
1776354819.9515,308.51588320732117,PLC -> IO,0.07148800000000001
1776354820.0155067,308.5798900127411,PLC -> IO,0.013392
1776354820.0795064,308.64388966560364,PLC -> IO,0.004608
1776354820.143507,308.7078902721405,PLC -> IO,0.192112
1776354820.207501,308.77188420295715,PLC -> IO,0.681072
1776354820.2715075,308.8358907699585,PLC -> IO,0.003008
1776354820.3355148,308.8998980522156,PLC -> IO,0.144192
1776354820.3995013,308.9638845920563,PLC -> IO,0.003248
1776354820.4635026,309.0278859138489,PLC -> IO,0.027552
1776354820.5275078,309.09189105033875,PLC -> IO,0.000352
1776354820.591511,309.15589427948,PLC -> IO,0.192112
1776354820.6555073,309.2198905944824,PLC -> IO,0.174432
1776354820.7194993,309.28388261795044,PLC -> IO,0.760032
1776354820.783506,309.3478891849518,PLC -> IO,0.005568
1776354820.847506,309.4118893146515,PLC -> IO,0.009167999999999999
1776354820.911507,309.47589015960693,PLC -> IO,0.07948799999999999
1776354820.975504,309.5398871898651,PLC -> IO,0.708512
1776354821.039509,309.603892326355,PLC -> IO,1.9738720000000003
1776354821.1035073,309.66789054870605,PLC -> IO,0.126528
1776354821.1675134,309.73189663887024,PLC -> IO,0.702928
1776354821.2315,309.79588317871094,PLC -> IO,0.043792
1776354821.295517,309.85990023612976,PLC -> IO,0.008528
1776354821.3597827,309.9241659641266,PLC -> IO,0.191968
1776354821.4235065,309.9878897666931,PLC -> IO,0.005888
1776354821.4875145,310.05189776420593,PLC -> IO,0.005808
1776354821.5515156,310.11589884757996,PLC -> IO,0.123328
1776354821.6155064,310.1798896789551,PLC -> IO,0.868512
1776354821.6795106,310.24389386177063,PLC -> IO,0.726112
1776354821.74349,310.30787324905396,PLC -> IO,0.027792
1776354821.8074994,310.37188267707825,PLC -> IO,0.022432
1776354821.8715081,310.4358913898468,PLC -> IO,0.001008
1776354821.9355183,310.49990153312683,PLC -> IO,0.17627199999999998
1776354821.9995046,310.56388783454895,PLC -> IO,0.852352
1776354822.0635042,310.6278874874115,PLC -> IO,0.018831999999999998
1776354822.1275072,310.69189047813416,PLC -> IO,0.20955200000000002
1776354822.1915088,310.75589203834534,PLC -> IO,0.003248
1776354822.255509,310.81989216804504,PLC -> IO,0.000272
1776354822.3195057,310.88388895988464,PLC -> IO,0.215952
1776354822.3835113,310.94789457321167,PLC -> IO,0.006672
1776354822.4474988,311.0118820667267,PLC -> IO,0.017648
1776354822.5115056,311.0758888721466,PLC -> IO,0.08932799999999999
1776354822.5755024,311.1398856639862,PLC -> IO,0.185952
1776354822.6395125,311.20389580726624,PLC -> IO,1.394432
1776354822.7035232,311.2679064273834,PLC -> IO,0.11044799999999999
1776354822.7675107,311.33189392089844,PLC -> IO,0.139632
1776354822.8315022,311.3958854675293,PLC -> IO,0.043232
1776354822.8955176,311.45990085601807,PLC -> IO,0.000432
1776354822.959451,311.5238342285156,PLC -> IO,0.27859199999999995
1776354823.0235085,311.5878918170929,PLC -> IO,0.149728
1776354823.0875137,311.65189695358276,PLC -> IO,0.009648
1776354823.1515112,311.7158944606781,PLC -> IO,0.199072
1776354823.2155185,311.7799017429352,PLC -> IO,1.000032
1776354823.2795103,311.8438935279846,PLC -> IO,0.011952
1776354823.3435018,311.9078850746155,PLC -> IO,0.017312
1776354823.407501,311.97188425064087,PLC -> IO,0.022912000000000002
1776354823.4715135,312.0358967781067,PLC -> IO,0.677792
1776354823.5355155,312.09989881515503,PLC -> IO,0.186192
1776354823.5995061,312.1638894081116,PLC -> IO,0.008672
1776354823.6635082,312.2278914451599,PLC -> IO,0.008992
1776354823.727672,312.29205536842346,PLC -> IO,0.554272
1776354823.791719,312.3561022281647,PLC -> IO,0.41228800000000004
1776354823.855511,312.4198942184448,PLC -> IO,0.664592
1776354823.9195085,312.48389172554016,PLC -> IO,0.031632
1776354823.9835155,312.54789876937866,PLC -> IO,0.22675199999999998
1776354824.0475261,312.61190938949585,PLC -> IO,1.054592
1776354824.1115117,312.67589497566223,PLC -> IO,0.090528
1776354824.175527,312.739910364151,PLC -> IO,0.743168
1776354824.2395172,312.8039004802704,PLC -> IO,0.002592
1776354824.3035102,312.8678934574127,PLC -> IO,0.210288
1776354824.3675022,312.93188548088074,PLC -> IO,0.007808000000000001
1776354824.4315069,312.99589014053345,PLC -> IO,0.040912
1776354824.4955194,313.05990266799927,PLC -> IO,0.206448
1776354824.5595193,313.1239025592804,PLC -> IO,0.214512
1776354824.6235075,313.18789076805115,PLC -> IO,0.003552
1776354824.6875167,313.25189995765686,PLC -> IO,0.007408
1776354824.7515776,313.31596088409424,PLC -> IO,0.657472
1776354824.8155217,313.37990498542786,PLC -> IO,0.003792
1776354824.879519,313.4439022541046,PLC -> IO,0.001792
1776354824.943519,313.5079023838043,PLC -> IO,0.010032
1776354825.0075166,313.57189989089966,PLC -> IO,0.9958720000000001
1776354825.071521,313.6359043121338,PLC -> IO,0.0020320000000000004
1776354825.1355112,313.6998944282532,PLC -> IO,0.208432
1776354825.1995099,313.7638931274414,PLC -> IO,0.007312
1776354825.2635095,313.82789278030396,PLC -> IO,0.21035199999999998
1776354825.3275256,313.89190888404846,PLC -> IO,0.003392
1776354825.3915145,313.95589780807495,PLC -> IO,0.012512
1776354825.4555335,314.0199167728424,PLC -> IO,1.539968
1776354825.5195115,314.08389472961426,PLC -> IO,0.039632
1776354825.583524,314.1479072570801,PLC -> IO,0.014912
1776354825.6475291,314.21191239356995,PLC -> IO,0.784832
1776354825.7115228,314.275906085968,PLC -> IO,0.088848
1776354825.7755167,314.33990001678467,PLC -> IO,0.022272
1776354825.8395178,314.4039011001587,PLC -> IO,0.016512
1776354825.9037325,314.4681158065796,PLC -> IO,0.5111519999999999
1776354825.9675186,314.53190183639526,PLC -> IO,0.168608
1776354826.031527,314.59591031074524,PLC -> IO,0.022751999999999998
1776354826.0955367,314.6599199771881,PLC -> IO,0.286832
1776354826.1596909,314.7240741252899,PLC -> IO,0.49659200000000003
1776354826.2235167,314.7878999710083,PLC -> IO,0.14660800000000002
1776354826.2875311,314.85191440582275,PLC -> IO,0.172672
1776354826.3515358,314.91591906547546,PLC -> IO,0.197792
1776354826.4155304,314.97991371154785,PLC -> IO,0.14075200000000002
1776354826.4795105,315.0438938140869,PLC -> IO,0.006032
1776354826.5435076,315.1078908443451,PLC -> IO,0.019952
1776354826.6075215,315.1719048023224,PLC -> IO,0.004111999999999999
1776354826.6715212,315.23590445518494,PLC -> IO,1.441232
1776354826.7355165,315.29989981651306,PLC -> IO,0.198432
1776354826.7995138,315.3638970851898,PLC -> IO,0.179472
1776354826.8635204,315.42790365219116,PLC -> IO,0.001792
1776354826.9275203,315.4919035434723,PLC -> IO,0.005408
1776354826.9915195,315.5559027194977,PLC -> IO,0.101952
1776354827.0555255,315.61990880966187,PLC -> IO,0.164848
1776354827.119516,315.68389916419983,PLC -> IO,0.209232
1776354827.1835234,315.7479066848755,PLC -> IO,0.003648
1776354827.24752,315.8119032382965,PLC -> IO,0.010912
1776354827.3115253,315.87590861320496,PLC -> IO,0.083088
1776354827.3755124,315.9398956298828,PLC -> IO,0.014832
1776354827.4395194,316.0039026737213,PLC -> IO,0.005712
1776354827.5035198,316.0679030418396,PLC -> IO,0.12124800000000001
1776354827.567511,316.1318943500519,PLC -> IO,0.008992
1776354827.6315577,316.1959409713745,PLC -> IO,0.153248
1776354827.6955225,316.2599058151245,PLC -> IO,0.011328000000000001
1776354827.759521,316.32390427589417,PLC -> IO,0.002448
1776354827.823515,316.3878982067108,PLC -> IO,0.186832
1776354827.8875353,316.45191860198975,PLC -> IO,0.187792
1776354827.951524,316.51590728759766,PLC -> IO,0.395008
1776354828.0155275,316.57991075515747,PLC -> IO,0.571392
1776354828.0795164,316.64389967918396,PLC -> IO,0.000352
1776354828.1435254,316.7079086303711,PLC -> IO,0.178368
1776354828.207599,316.77198219299316,PLC -> IO,0.603728
1776354828.2715123,316.8358955383301,PLC -> IO,0.238688
1776354828.3355203,316.8999035358429,PLC -> IO,0.192832
1776354828.3995144,316.9638977050781,PLC -> IO,0.003152
1776354828.4635231,317.0279064178467,PLC -> IO,0.002752
1776354828.5275185,317.0919017791748,PLC -> IO,0.008128000000000002
1776354828.5915027,317.1558859348297,PLC -> IO,0.015888
1776354828.6555243,317.21990752220154,PLC -> IO,0.139808
1776354828.7195227,317.2839059829712,PLC -> IO,0.231392
1776354828.7835212,317.34790444374084,PLC -> IO,0.010448
1776354828.8475184,317.4119017124176,PLC -> IO,0.090272
1776354828.9116204,317.4760036468506,PLC -> IO,0.586272
1776354828.9755304,317.5399136543274,PLC -> IO,0.561328
1776354829.039527,317.6039102077484,PLC -> IO,0.113008
1776354829.1035156,317.6678988933563,PLC -> IO,0.122368
1776354829.1675184,317.7319016456604,PLC -> IO,0.0065119999999999996
1776354829.231516,317.79589915275574,PLC -> IO,0.034112
1776354829.295537,317.8599202632904,PLC -> IO,0.099712
1776354829.3595266,317.92390990257263,PLC -> IO,0.731232
1776354829.4235172,317.9879004955292,PLC -> IO,0.002288
1776354829.4875395,318.05192279815674,PLC -> IO,0.128448
1776354829.5515225,318.11590576171875,PLC -> IO,0.000352
1776354829.6155293,318.1799125671387,PLC -> IO,0.004912
1776354829.6795163,318.2438995838165,PLC -> IO,3.2000000000000005e-05
1776354829.743523,318.30790615081787,PLC -> IO,0.000352
1776354829.8075528,318.37193608283997,PLC -> IO,0.162208
1776354829.8715212,318.43590450286865,PLC -> IO,0.005808
1776354829.9355192,318.49990248680115,PLC -> IO,0.312992
1776354829.9995224,318.5639057159424,PLC -> IO,0.008608
1776354830.0635304,318.6279137134552,PLC -> IO,0.20131200000000002
1776354830.1275222,318.69190549850464,PLC -> IO,0.008688000000000001
1776354830.1915185,318.7559018135071,PLC -> IO,0.003568
1776354830.2555153,318.8198986053467,PLC -> IO,0.013312000000000001
1776354830.3195279,318.8839111328125,PLC -> IO,0.145632
1776354830.3835256,318.9479088783264,PLC -> IO,0.004368
1776354830.4475174,319.01190066337585,PLC -> IO,0.004288
1776354830.5115194,319.0759027004242,PLC -> IO,0.09780799999999999
1776354830.5755258,319.13990902900696,PLC -> IO,0.001312
1776354830.6395297,319.20391297340393,PLC -> IO,0.246192
1776354830.7035186,319.2679018974304,PLC -> IO,0.11956800000000001
1776354830.767501,319.3318843841553,PLC -> IO,0.023872
1776354830.831517,319.3959002494812,PLC -> IO,0.032272
1776354830.8955212,319.45990443229675,PLC -> IO,0.021568
1776354830.9595158,319.52389907836914,PLC -> IO,0.006288
1776354831.0235207,319.58790397644043,PLC -> IO,0.559392
1776354831.087537,319.6519203186035,PLC -> IO,0.666352
1776354831.1515243,319.71590757369995,PLC -> IO,0.009408
1776354831.2155287,319.7799119949341,PLC -> IO,0.000272
1776354831.2795172,319.8439004421234,PLC -> IO,0.0005120000000000001
1776354831.3435187,319.9079020023346,PLC -> IO,0.006432
1776354831.407525,319.97190833091736,PLC -> IO,0.011248
1776354831.471519,320.035902261734,PLC -> IO,0.013488
1776354831.5355186,320.09990191459656,PLC -> IO,0.37091199999999996
1776354831.5995119,320.16389513015747,PLC -> IO,0.010528
1776354831.6635277,320.2279109954834,PLC -> IO,0.001888
1776354831.7276506,320.29203391075134,PLC -> IO,0.362928
1776354831.7918246,320.3562078475952,PLC -> IO,0.017232
1776354831.855517,320.4199001789093,PLC -> IO,0.008672
1776354831.9195254,320.4839086532593,PLC -> IO,0.198832
1776354831.9835227,320.54790592193604,PLC -> IO,0.625888
1776354832.0475178,320.6119010448456,PLC -> IO,0.172528
1776354832.1115186,320.675901889801,PLC -> IO,0.110528
1776354832.1755297,320.73991298675537,PLC -> IO,0.137488
1776354832.2395291,320.80391240119934,PLC -> IO,0.128928
1776354832.303522,320.8679053783417,PLC -> IO,0.12164799999999999
1776354832.367518,320.93190121650696,PLC -> IO,0.187792
1776354832.4315512,320.99593448638916,PLC -> IO,0.147248
1776354832.4955668,321.0599501132965,PLC -> IO,0.146928
1776354832.5595245,321.12390780448914,PLC -> IO,0.200048
1776354832.6235244,321.18790769577026,PLC -> IO,0.17491199999999998
1776354832.6875353,321.25191855430603,PLC -> IO,0.016688
1776354832.7515428,321.3159260749817,PLC -> IO,0.165952
1776354832.8154862,321.37986946105957,PLC -> IO,0.044688000000000005
1776354832.879521,321.44390416145325,PLC -> IO,0.19963199999999998
1776354832.9435236,321.5079069137573,PLC -> IO,0.226352
1776354833.0075336,321.5719168186188,PLC -> IO,0.005248
1776354833.071526,321.63590931892395,PLC -> IO,0.008768
1776354833.1355233,321.6999065876007,PLC -> IO,0.937632
1776354833.1995268,321.7639100551605,PLC -> IO,0.006272000000000001
1776354833.2635393,321.82792258262634,PLC -> IO,0.140688
1776354833.3275306,321.8919138908386,PLC -> IO,0.001488
1776354833.3915222,321.9559054374695,PLC -> IO,0.0065119999999999996
1776354833.4555187,322.0199019908905,PLC -> IO,0.030751999999999998
1776354833.5195296,322.08391284942627,PLC -> IO,0.170992
1776354833.583532,322.14791536331177,PLC -> IO,0.758752
1776354833.6475253,322.2119085788727,PLC -> IO,0.003472
1776354833.7115347,322.275918006897,PLC -> IO,0.099648
1776354833.7756822,322.34006547927856,PLC -> IO,0.059168
1776354833.8395357,322.4039189815521,PLC -> IO,0.001168
1776354833.9035342,322.4679174423218,PLC -> IO,0.12124800000000001
1776354833.9675214,322.5319046974182,PLC -> IO,0.018672
1776354834.0315332,322.5959165096283,PLC -> IO,0.738752
1776354834.0955324,322.6599156856537,PLC -> IO,0.21476800000000001
1776354834.1595254,322.723908662796,PLC -> IO,0.008512
1776354834.2235215,322.7879047393799,PLC -> IO,0.004512
1776354834.2875478,322.8519310951233,PLC -> IO,0.729712
1776354834.3515344,322.915917634964,PLC -> IO,0.218752
1776354834.4155314,322.97991466522217,PLC -> IO,0.21643199999999999
1776354834.4795244,323.0439076423645,PLC -> IO,0.019552
1776354834.5435205,323.10790371894836,PLC -> IO,0.171072
1776354834.6075327,323.1719160079956,PLC -> IO,0.9969919999999999
1776354834.671525,323.2359082698822,PLC -> IO,0.005232
1776354834.7355278,323.2999110221863,PLC -> IO,0.20603200000000002
1776354834.7995234,323.363906621933,PLC -> IO,0.015072
1776354834.8635364,323.42791962623596,PLC -> IO,0.007408
1776354834.9276867,323.4920699596405,PLC -> IO,0.834608
1776354834.991533,323.5559163093567,PLC -> IO,0.003552
1776354835.0555282,323.61991143226624,PLC -> IO,0.009871999999999999
1776354835.1195447,323.6839280128479,PLC -> IO,0.15795199999999998
1776354835.1835332,323.74791646003723,PLC -> IO,0.194592
1776354835.24753,323.81191325187683,PLC -> IO,0.739552
1776354835.3115416,323.87592482566833,PLC -> IO,0.098528
1776354835.3755453,323.93992853164673,PLC -> IO,0.153712
1776354835.439539,324.0039222240448,PLC -> IO,0.7517119999999999
1776354835.5035436,324.0679268836975,PLC -> IO,0.104368
1776354835.5675402,324.13192343711853,PLC -> IO,0.186608
1776354835.6315346,324.19591784477234,PLC -> IO,0.021551999999999998
1776354835.6955483,324.25993156433105,PLC -> IO,0.207952
1776354835.7595413,324.3239245414734,PLC -> IO,0.20364800000000002
1776354835.8235292,324.38791251182556,PLC -> IO,0.28091200000000005
1776354835.8875499,324.45193314552307,PLC -> IO,0.003312
1776354835.951537,324.5159201622009,PLC -> IO,27.490351999999998
1776354836.0155346,324.57991790771484,PLC -> IO,0.020752
1776354836.0795271,324.64391040802,PLC -> IO,0.022592
1776354836.1435387,324.7079219818115,PLC -> IO,0.014511999999999999
1776354836.2075357,324.7719190120697,PLC -> IO,0.549728
1776354836.2715313,324.8359146118164,PLC -> IO,0.015152
1776354836.3355267,324.89990997314453,PLC -> IO,0.20331200000000002
1776354836.3995318,324.9639151096344,PLC -> IO,0.240048
1776354836.463531,325.0279142856598,PLC -> IO,0.014208
1776354836.5275323,325.0919156074524,PLC -> IO,0.004448
1776354836.5915244,325.1559076309204,PLC -> IO,0.008832
1776354836.655529,325.2199122905731,PLC -> IO,0.004672
1776354836.719542,325.2839252948761,PLC -> IO,0.171552
1776354836.7835345,325.3479177951813,PLC -> IO,0.257168
1776354836.8475301,325.411913394928,PLC -> IO,0.009072
1776354836.9115248,325.47590804100037,PLC -> IO,0.12444800000000002
1776354836.9755397,325.539922952652,PLC -> IO,0.016928000000000002
1776354837.0395539,325.60393714904785,PLC -> IO,1.024112
1776354837.103537,325.66792035102844,PLC -> IO,0.211648
1776354837.1675284,325.7319116592407,PLC -> IO,0.012832
1776354837.2315474,325.7959306240082,PLC -> IO,0.206672
1776354837.2955322,325.8599154949188,PLC -> IO,0.15772799999999998
1776354837.359531,325.92391419410706,PLC -> IO,0.020448
1776354837.4235291,325.98791241645813,PLC -> IO,0.0029119999999999997
1776354837.4875393,326.05192255973816,PLC -> IO,0.022208000000000002
1776354837.5515363,326.11591958999634,PLC -> IO,0.007728
1776354837.6155186,326.1799018383026,PLC -> IO,0.013648
1776354837.679532,326.24391531944275,PLC -> IO,0.009072
1776354837.743536,326.3079192638397,PLC -> IO,0.010832000000000001
1776354837.80754,326.3719232082367,PLC -> IO,0.085312
1776354837.8715332,326.4359164237976,PLC -> IO,0.001888
1776354837.9355316,326.49991488456726,PLC -> IO,0.007632000000000001
1776354837.9995384,326.5639216899872,PLC -> IO,0.012288
1776354838.0635407,326.6279239654541,PLC -> IO,0.000432
1776354838.1275167,326.6919000148773,PLC -> IO,0.018048
1776354838.1915276,326.7559108734131,PLC -> IO,1.5769119999999999
1776354838.2555308,326.8199141025543,PLC -> IO,0.014992
1776354838.3195422,326.88392543792725,PLC -> IO,0.21579199999999998
1776354838.3835335,326.9479167461395,PLC -> IO,0.004352
1776354838.447533,327.0119161605835,PLC -> IO,0.0036320000000000002
1776354838.5115387,327.0759220123291,PLC -> IO,0.107888
1776354838.5755467,327.1399300098419,PLC -> IO,0.179568
1776354838.6395388,327.20392203330994,PLC -> IO,0.0055520000000000005
1776354838.703648,327.2680313587189,PLC -> IO,0.5614720000000001
1776354838.767552,327.3319351673126,PLC -> IO,0.216848
1776354838.8315434,327.3959267139435,PLC -> IO,0.296672
1776354838.8955534,327.45993661880493,PLC -> IO,0.182832
1776354838.9595337,327.5239169597626,PLC -> IO,0.201232
1776354839.023532,327.58791518211365,PLC -> IO,0.195792
1776354839.0875664,327.65194964408875,PLC -> IO,0.193792
1776354839.1515396,327.715922832489,PLC -> IO,0.739712
1776354839.2155316,327.77991485595703,PLC -> IO,0.038112
1776354839.279533,327.84391617774963,PLC -> IO,0.634112
1776354839.3435466,327.90792989730835,PLC -> IO,0.009952
1776354839.4075239,327.97190713882446,PLC -> IO,0.021888
1776354839.4715383,328.0359215736389,PLC -> IO,0.001088
1776354839.535532,328.099915266037,PLC -> IO,0.021712000000000002
1776354839.5995388,328.1639220714569,PLC -> IO,0.0005120000000000001
1776354839.6635416,328.227924823761,PLC -> IO,0.015712
1776354839.7275338,328.2919170856476,PLC -> IO,0.185712
1776354839.7915647,328.355947971344,PLC -> IO,0.714928
1776354839.8555408,328.4199240207672,PLC -> IO,0.004352
1776354839.9195564,328.48393964767456,PLC -> IO,0.010591999999999999
1776354839.9835398,328.54792308807373,PLC -> IO,0.175888
1776354840.047546,328.6119291782379,PLC -> IO,0.323488
1776354840.111647,328.6760301589966,PLC -> IO,0.569152
1776354840.1755438,328.73992705345154,PLC -> IO,0.003648
1776354840.2395399,328.8039231300354,PLC -> IO,0.001712
1776354840.3036554,328.8680386543274,PLC -> IO,0.09459200000000001
1776354840.3675206,328.9319038391113,PLC -> IO,0.024912
1776354840.4315498,328.9959330558777,PLC -> IO,0.165712
1776354840.4955416,329.0599248409271,PLC -> IO,0.377888
1776354840.559543,329.1239261627197,PLC -> IO,0.699392
1776354840.6235344,329.1879177093506,PLC -> IO,0.159312
1776354840.687552,329.25193524360657,PLC -> IO,0.015888
1776354840.7515428,329.3159260749817,PLC -> IO,0.001072
1776354840.8155365,329.37991976737976,PLC -> IO,0.802592
1776354840.8795314,329.4439146518707,PLC -> IO,0.012192
1776354840.9435465,329.5079298019409,PLC -> IO,0.126448
1776354841.007555,329.5719382762909,PLC -> IO,0.121152
1776354841.071535,329.63591837882996,PLC -> IO,0.659632
1776354841.1355355,329.69991874694824,PLC -> IO,0.004432
1776354841.1995296,329.7639129161835,PLC -> IO,0.021008
1776354841.2635462,329.82792949676514,PLC -> IO,0.16803200000000001
1776354841.327538,329.8919212818146,PLC -> IO,0.129472
1776354841.3915334,329.9559166431427,PLC -> IO,0.013951999999999999
1776354841.4555387,330.01992201805115,PLC -> IO,0.727392
1776354841.519568,330.0839512348175,PLC -> IO,0.020687999999999998
1776354841.5835214,330.1479046344757,PLC -> IO,0.025632000000000002
1776354841.6475327,330.21191596984863,PLC -> IO,0.015392000000000001
1776354841.711543,330.27592635154724,PLC -> IO,0.109488
1776354841.7755456,330.33992886543274,PLC -> IO,0.003552
1776354841.8395383,330.4039216041565,PLC -> IO,0.436992
1776354841.9035664,330.46794962882996,PLC -> IO,0.09844800000000001
1776354841.9675303,330.53191351890564,PLC -> IO,0.016992
1776354842.0316432,330.59602642059326,PLC -> IO,0.569392
1776354842.0955482,330.6599314212799,PLC -> IO,0.008208
1776354842.1595364,330.72391963005066,PLC -> IO,0.640912
1776354842.2235358,330.78791904449463,PLC -> IO,0.713152
1776354842.2875583,330.85194158554077,PLC -> IO,0.009408
1776354842.351549,330.9159321784973,PLC -> IO,0.16972800000000002
1776354842.4155397,330.97992300987244,PLC -> IO,0.025152
1776354842.4795413,331.0439245700836,PLC -> IO,0.018192
1776354842.5435493,331.10793256759644,PLC -> IO,0.095008
1776354842.607547,331.17193031311035,PLC -> IO,0.006032
1776354842.6715415,331.23592472076416,PLC -> IO,0.010672000000000001
1776354842.7355402,331.2999234199524,PLC -> IO,0.893632
1776354842.7996988,331.3640820980072,PLC -> IO,0.734448
1776354842.8635423,331.42792558670044,PLC -> IO,0.007968000000000001
1776354842.9275358,331.49191904067993,PLC -> IO,0.0019520000000000002
1776354842.9915435,331.55592679977417,PLC -> IO,0.013152
1776354843.055567,331.61995029449463,PLC -> IO,0.304448
1776354843.1195734,331.6839566230774,PLC -> IO,0.173808
1776354843.183546,331.7479293346405,PLC -> IO,0.000848
1776354843.247544,331.811927318573,PLC -> IO,0.005152
1776354843.3115377,331.87592101097107,PLC -> IO,0.473328
1776354843.3755388,331.9399220943451,PLC -> IO,0.006672
1776354843.439541,332.003924369812,PLC -> IO,0.158672
1776354843.5035694,332.06795263290405,PLC -> IO,0.089808
1776354843.5675495,332.1319327354431,PLC -> IO,0.012688
1776354843.6315482,332.19593143463135,PLC -> IO,0.010832000000000001
1776354843.6955454,332.2599287033081,PLC -> IO,0.293328
1776354843.7595398,332.3239231109619,PLC -> IO,0.009311999999999999
1776354843.8235369,332.3879201412201,PLC -> IO,0.18035199999999998
1776354843.8875506,332.4519338607788,PLC -> IO,0.192768
1776354843.9515438,332.5159270763397,PLC -> IO,0.004512
1776354844.0155678,332.57995104789734,PLC -> IO,0.137248
1776354844.079543,332.6439263820648,PLC -> IO,0.0048319999999999995
1776354844.1435494,332.7079327106476,PLC -> IO,0.005488
1776354844.2075498,332.77193307876587,PLC -> IO,0.000592
1776354844.271543,332.8359262943268,PLC -> IO,0.008272
1776354844.33554,332.89992332458496,PLC -> IO,0.173632
1776354844.3995526,332.9639358520508,PLC -> IO,0.001632
1776354844.4635363,333.02791953086853,PLC -> IO,0.016832
1776354844.5275452,333.09192848205566,PLC -> IO,0.004111999999999999
1776354844.5916762,333.1560595035553,PLC -> IO,0.561792
1776354844.6555493,333.21993255615234,PLC -> IO,0.005168000000000001
1776354844.7195456,333.2839288711548,PLC -> IO,0.051551999999999994
1776354844.7835445,333.3479278087616,PLC -> IO,0.198512
1776354844.8475454,333.41192865371704,PLC -> IO,0.7150719999999999
1776354844.9115393,333.4759225845337,PLC -> IO,0.118688
1776354844.9755526,333.53993582725525,PLC -> IO,0.159472
1776354845.03955,333.6039333343506,PLC -> IO,0.000112
1776354845.1036525,333.6680357456207,PLC -> IO,0.099088
1776354845.167561,333.73194432258606,PLC -> IO,0.735152
1776354845.2315555,333.79593873023987,PLC -> IO,0.267792
1776354845.295574,333.85995721817017,PLC -> IO,0.116528
1776354845.3595526,333.92393589019775,PLC -> IO,0.633808
1776354845.4235458,333.98792910575867,PLC -> IO,0.17876799999999998
1776354845.4875605,334.0519437789917,PLC -> IO,0.008688000000000001
1776354845.551566,334.11594915390015,PLC -> IO,0.366048
1776354845.6155486,334.1799318790436,PLC -> IO,0.027792
1776354845.6795442,334.2439274787903,PLC -> IO,0.009552
1776354845.7435532,334.3079364299774,PLC -> IO,0.008128000000000002
1776354845.8075485,334.37193179130554,PLC -> IO,0.003312
1776354845.8715444,334.4359276294708,PLC -> IO,0.203952
1776354845.9355397,334.49992299079895,PLC -> IO,0.008352
1776354845.9995525,334.56393575668335,PLC -> IO,0.164912
1776354846.0635514,334.62793469429016,PLC -> IO,0.20244800000000002
1776354846.1275454,334.6919286251068,PLC -> IO,0.012832
1776354846.1915426,334.75592589378357,PLC -> IO,0.009392
1776354846.2555523,334.81993556022644,PLC -> IO,0.012768
1776354846.3195505,334.8839337825775,PLC -> IO,0.18443199999999998
1776354846.3835607,334.94794392585754,PLC -> IO,0.212128
1776354846.447546,335.01192927360535,PLC -> IO,0.003312
1776354846.5115426,335.07592582702637,PLC -> IO,0.118608
1776354846.5755594,335.1399426460266,PLC -> IO,0.078528
1776354846.639528,335.2039113044739,PLC -> IO,0.016288
1776354846.7036738,335.2680571079254,PLC -> IO,0.055552
1776354846.767544,335.3319272994995,PLC -> IO,0.014928
1776354846.8315558,335.3959391117096,PLC -> IO,0.652432
1776354846.8955534,335.45993661880493,PLC -> IO,0.011087999999999999
1776354846.9595416,335.5239248275757,PLC -> IO,0.011151999999999999
1776354847.0235608,335.5879440307617,PLC -> IO,0.168912
1776354847.0875742,335.65195751190186,PLC -> IO,0.147232
1776354847.151547,335.71593022346497,PLC -> IO,0.008832
1776354847.2155464,335.77992963790894,PLC -> IO,2.191152
1776354847.2795541,335.8439373970032,PLC -> IO,0.009248000000000001
1776354847.3435562,335.9079394340515,PLC -> IO,0.003472
1776354847.4075449,335.9719281196594,PLC -> IO,0.0074719999999999995
1776354847.4715455,336.0359287261963,PLC -> IO,0.007951999999999999
1776354847.5355456,336.099928855896,PLC -> IO,0.015872
1776354847.5995588,336.16394209861755,PLC -> IO,0.516208
1776354847.663548,336.2279312610626,PLC -> IO,0.000192
1776354847.727545,336.2919282913208,PLC -> IO,0.014032000000000001
1776354847.791534,336.3559172153473,PLC -> IO,0.198032
1776354847.8555593,336.4199426174164,PLC -> IO,0.762112
1776354847.9195535,336.4839367866516,PLC -> IO,0.155072
1776354847.9835477,336.54793095588684,PLC -> IO,0.008432
1776354848.0475464,336.6119296550751,PLC -> IO,0.000192
1776354848.1117978,336.67618107795715,PLC -> IO,0.09499200000000001
1776354848.1755435,336.73992681503296,PLC -> IO,0.722192
1776354848.239549,336.8039321899414,PLC -> IO,0.016592
1776354848.3035626,336.8679459095001,PLC -> IO,0.199408
1776354848.367546,336.9319293498993,PLC -> IO,0.312848
1776354848.4315574,336.9959406852722,PLC -> IO,0.290832
1776354848.4955487,337.0599319934845,PLC -> IO,0.016608
1776354848.5595496,337.12393283843994,PLC -> IO,0.003312
1776354848.6235602,337.18794345855713,PLC -> IO,0.002928
1776354848.6875675,337.2519507408142,PLC -> IO,0.007968000000000001
1776354848.7515464,337.3159296512604,PLC -> IO,0.137712
1776354848.8155513,337.37993454933167,PLC -> IO,0.019952
1776354848.8795483,337.44393157958984,PLC -> IO,0.016128
1776354848.943553,337.50793623924255,PLC -> IO,0.000192
1776354849.0075479,337.5719311237335,PLC -> IO,0.009472
1776354849.0715463,337.6359295845032,PLC -> IO,0.005712
1776354849.135547,337.69993019104004,PLC -> IO,0.019408
1776354849.1995568,337.7639400959015,PLC -> IO,0.002928
1776354849.2635453,337.8279285430908,PLC -> IO,0.021632
1776354849.3276873,337.8920705318451,PLC -> IO,1.0840319999999999
1776354849.3915536,337.9559369087219,PLC -> IO,0.231648
1776354849.4555478,338.01993107795715,PLC -> IO,0.014287999999999999
1776354849.5195456,338.08392882347107,PLC -> IO,0.024832
1776354849.5835464,338.1479296684265,PLC -> IO,0.007072
1776354849.6475494,338.21193265914917,PLC -> IO,0.44403200000000004
1776354849.711544,338.27592730522156,PLC -> IO,0.119648
1776354849.7755551,338.3399384021759,PLC -> IO,0.003088
1776354849.8398643,338.4042475223541,PLC -> IO,0.5665279999999999
1776354849.9035642,338.46794748306274,PLC -> IO,0.119328
1776354849.967562,338.53194522857666,PLC -> IO,0.737152
1776354850.0315568,338.5959401130676,PLC -> IO,0.048432
1776354850.0955565,338.6599397659302,PLC -> IO,0.009248000000000001
1776354850.1595554,338.723938703537,PLC -> IO,0.14468799999999998
1776354850.223547,338.78793025016785,PLC -> IO,0.021168000000000003
1776354850.2875566,338.8519399166107,PLC -> IO,0.026688
1776354850.3515491,338.9159324169159,PLC -> IO,0.0061920000000000005
1776354850.415549,338.979932308197,PLC -> IO,0.754352
1776354850.4795501,339.04393339157104,PLC -> IO,0.013568
1776354850.5435557,339.10793900489807,PLC -> IO,0.181728
1776354850.6075513,339.1719346046448,PLC -> IO,0.576688
1776354850.6715488,339.2359321117401,PLC -> IO,0.009712
1776354850.7355528,339.2999360561371,PLC -> IO,0.013168
1776354850.799555,339.363938331604,PLC -> IO,0.005791999999999999
1776354850.863549,339.42793226242065,PLC -> IO,0.004032
1776354850.927552,339.4919352531433,PLC -> IO,0.001712
1776354850.9915583,339.5559415817261,PLC -> IO,0.004928
1776354851.0555606,339.619943857193,PLC -> IO,0.002992
1776354851.1195507,339.6839339733124,PLC -> IO,0.214752
1776354851.1835577,339.7479410171509,PLC -> IO,0.014368
1776354851.247555,339.81193828582764,PLC -> IO,0.005008
1776354851.3115919,339.8759751319885,PLC -> IO,0.22060800000000003
1776354851.3755565,339.93993973731995,PLC -> IO,0.005392
1776354851.439551,340.00393438339233,PLC -> IO,0.0048319999999999995
1776354851.5035744,340.0679576396942,PLC -> IO,0.11076799999999999
1776354851.5675552,340.131938457489,PLC -> IO,0.008688000000000001
1776354851.6315634,340.1959466934204,PLC -> IO,0.09435199999999999
1776354851.6955736,340.25995683670044,PLC -> IO,0.090672
1776354851.759552,340.32393527030945,PLC -> IO,0.001072
1776354851.8235502,340.3879334926605,PLC -> IO,0.015888
1776354851.887565,340.45194816589355,PLC -> IO,0.009248000000000001
1776354851.9515495,340.5159327983856,PLC -> IO,0.015632
1776354852.0155528,340.57993602752686,PLC -> IO,0.031232000000000003
1776354852.079697,340.64408016204834,PLC -> IO,0.5949920000000001
1776354852.1435592,340.7079424858093,PLC -> IO,0.038272
1776354852.2075517,340.7719349861145,PLC -> IO,0.003472
1776354852.2715526,340.83593583106995,PLC -> IO,0.008112
1776354852.3355675,340.89995074272156,PLC -> IO,0.11419199999999999
1776354852.3997073,340.9640905857086,PLC -> IO,0.0041919999999999995
1776354852.4635513,341.027934551239,PLC -> IO,0.131712
1776354852.52755,341.09193325042725,PLC -> IO,0.015632
1776354852.5915656,341.1559488773346,PLC -> IO,0.18659199999999998
1776354852.6555612,341.2199444770813,PLC -> IO,0.311072
1776354852.7195542,341.28393745422363,PLC -> IO,0.230272
1776354852.7835553,341.34793853759766,PLC -> IO,0.186672
1776354852.847562,341.4119453430176,PLC -> IO,0.005888
1776354852.9115567,341.47593998908997,PLC -> IO,0.110608
1776354852.975561,341.5399441719055,PLC -> IO,0.134608
1776354853.0397131,341.6040964126587,PLC -> IO,0.267328
1776354853.1036744,341.66805768013,PLC -> IO,0.065552
1776354853.167564,341.731947183609,PLC -> IO,0.12875199999999998
1776354853.2315497,341.79593300819397,PLC -> IO,0.739312
1776354853.2955663,341.85994958877563,PLC -> IO,0.183392
1776354853.3595536,341.92393684387207,PLC -> IO,0.009392
1776354853.4235628,341.9879460334778,PLC -> IO,0.001728
1776354853.4875736,342.05195689201355,PLC -> IO,0.18091200000000002
1776354853.551556,342.1159393787384,PLC -> IO,0.016432000000000002
1776354853.6155503,342.17993354797363,PLC -> IO,0.209392
1776354853.6795645,342.2439477443695,PLC -> IO,0.004128
1776354853.7435591,342.3079423904419,PLC -> IO,0.177712
1776354853.8075569,342.3719401359558,PLC -> IO,0.011712
1776354853.8715553,342.43593859672546,PLC -> IO,0.009632
1776354853.9355705,342.49995374679565,PLC -> IO,0.165872
1776354853.999563,342.56394624710083,PLC -> IO,0.553248
1776354854.063555,342.62793827056885,PLC -> IO,0.173072
1776354854.1275544,342.6919376850128,PLC -> IO,0.013472000000000001
1776354854.191561,342.75594425201416,PLC -> IO,0.062368
1776354854.2555656,342.81994891166687,PLC -> IO,0.003472
1776354854.3195496,342.8839328289032,PLC -> IO,0.056272
1776354854.3835645,342.9479477405548,PLC -> IO,0.17244800000000002
1776354854.4475725,343.0119557380676,PLC -> IO,0.022032
1776354854.51156,343.07594323158264,PLC -> IO,0.103328
1776354854.575556,343.1399393081665,PLC -> IO,0.005392
1776354854.639554,343.203937292099,PLC -> IO,0.757312
1776354854.7035692,343.2679524421692,PLC -> IO,0.124768
1776354854.7675662,343.33194947242737,PLC -> IO,0.001968
1776354854.83156,343.39594316482544,PLC -> IO,0.030751999999999998
1776354854.8955717,343.4599549770355,PLC -> IO,0.011552
1776354854.9595618,343.5239450931549,PLC -> IO,0.007648
1776354855.0235603,343.58794355392456,PLC -> IO,0.010288
1776354855.0875704,343.6519536972046,PLC -> IO,0.007248
1776354855.1515548,343.7159380912781,PLC -> IO,0.021952
1776354855.2155492,343.7799324989319,PLC -> IO,0.746832
1776354855.2795627,343.843945980072,PLC -> IO,0.008848
1776354855.3435578,343.90794110298157,PLC -> IO,0.011472
1776354855.4076123,343.9719955921173,PLC -> IO,0.17604799999999998
1776354855.471558,344.035941362381,PLC -> IO,0.039072
1776354855.535566,344.0999493598938,PLC -> IO,0.004048
1776354855.5995622,344.16394543647766,PLC -> IO,0.014432
1776354855.663559,344.22794222831726,PLC -> IO,0.487392
1776354855.7275589,344.2919421195984,PLC -> IO,0.012912
1776354855.7916138,344.3559970855713,PLC -> IO,0.093872
1776354855.855567,344.4199502468109,PLC -> IO,0.0005120000000000001
1776354855.9195588,344.48394203186035,PLC -> IO,0.210832
1776354855.9835672,344.5479505062103,PLC -> IO,0.150608
1776354856.0475533,344.61193656921387,PLC -> IO,0.021968
1776354856.1115568,344.6759400367737,PLC -> IO,0.105488
1776354856.175556,344.7399392127991,PLC -> IO,0.009871999999999999
1776354856.2395573,344.8039405345917,PLC -> IO,0.008672
1776354856.3036976,344.8680808544159,PLC -> IO,0.036511999999999996
1776354856.367556,344.9319393634796,PLC -> IO,0.786912
1776354856.431605,344.99598836898804,PLC -> IO,0.125408
1776354856.4955742,345.05995750427246,PLC -> IO,0.000688
1776354856.5596538,345.124037027359,PLC -> IO,0.073888
1776354856.6235623,345.18794560432434,PLC -> IO,0.145088
1776354856.6875687,345.2519519329071,PLC -> IO,0.007088
1776354856.7515566,345.3159399032593,PLC -> IO,0.022272
1776354856.8155634,345.3799467086792,PLC -> IO,0.014752000000000001
1776354856.8795617,345.4439449310303,PLC -> IO,0.014287999999999999
1776354856.9435594,345.5079426765442,PLC -> IO,0.006032
1776354857.0075607,345.5719439983368,PLC -> IO,0.006752
1776354857.07157,345.6359531879425,PLC -> IO,0.157472
1776354857.1355588,345.699942111969,PLC -> IO,0.014128
1776354857.1995757,345.76395893096924,PLC -> IO,0.214368
1776354857.2635646,345.8279478549957,PLC -> IO,0.015072
1776354857.327569,345.89195227622986,PLC -> IO,0.033392
1776354857.3915603,345.95594358444214,PLC -> IO,0.092768
1776354857.4555655,346.019948720932,PLC -> IO,0.7321120000000001
1776354857.5195615,346.08394479751587,PLC -> IO,0.065152
1776354857.5835605,346.1479437351227,PLC -> IO,0.754752
1776354857.6475644,346.21194767951965,PLC -> IO,0.016767999999999998
1776354857.711563,346.2759463787079,PLC -> IO,0.104528
1776354857.7755578,346.3399410247803,PLC -> IO,0.023712
1776354857.8396885,346.4040718078613,PLC -> IO,0.564272
1776354857.9035652,346.46794843673706,PLC -> IO,0.140928
1776354857.9676518,346.532035112381,PLC -> IO,0.587232
1776354858.031563,346.5959463119507,PLC -> IO,0.038592
1776354858.0955703,346.65995359420776,PLC -> IO,0.16700800000000002
1776354858.159562,346.7239453792572,PLC -> IO,0.018368000000000002
1776354858.2235618,346.78794503211975,PLC -> IO,0.009568
1776354858.2875774,346.8519606590271,PLC -> IO,0.004032
1776354858.3515618,346.9159450531006,PLC -> IO,0.014912
1776354858.4155705,346.97995376586914,PLC -> IO,0.454288
1776354858.4795654,347.0439486503601,PLC -> IO,0.013168
1776354858.54356,347.1079432964325,PLC -> IO,0.006688
1776354858.6075637,347.1719470024109,PLC -> IO,0.005392
1776354858.6716058,347.2359890937805,PLC -> IO,0.783152
1776354858.7355719,347.2999551296234,PLC -> IO,0.137232
1776354858.7995617,347.3639450073242,PLC -> IO,0.159472
1776354858.8635657,347.4279489517212,PLC -> IO,0.032032
1776354858.9275653,347.49194860458374,PLC -> IO,0.614672
1776354858.9915688,347.55595207214355,PLC -> IO,0.026368
1776354859.0555665,347.61994981765747,PLC -> IO,0.6753119999999999
1776354859.119563,347.6839463710785,PLC -> IO,0.076512
1776354859.1835685,347.74795174598694,PLC -> IO,0.010048
1776354859.247559,347.8119423389435,PLC -> IO,0.208368
1776354859.3115616,347.875944852829,PLC -> IO,0.006128
1776354859.37559,347.9399733543396,PLC -> IO,0.008192000000000001
1776354859.4395647,348.00394797325134,PLC -> IO,0.010431999999999999
1776354859.503581,348.06796431541443,PLC -> IO,0.209008
1776354859.5675642,348.131947517395,PLC -> IO,0.007568
1776354859.631564,348.19594717025757,PLC -> IO,0.031472
1776354859.6955743,348.2599575519562,PLC -> IO,0.022128
1776354859.75956,348.32394337654114,PLC -> IO,0.020048
1776354859.8235617,348.3879449367523,PLC -> IO,0.010688
1776354859.88757,348.4519531726837,PLC -> IO,0.012928
1776354859.9515612,348.515944480896,PLC -> IO,0.017952
1776354860.0155764,348.5799596309662,PLC -> IO,0.001408
1776354860.0795631,348.64394640922546,PLC -> IO,0.206688
1776354860.143566,348.70794916152954,PLC -> IO,0.0041919999999999995
1776354860.207568,348.7719511985779,PLC -> IO,0.030768
1776354860.2715654,348.8359487056732,PLC -> IO,0.018208
1776354860.335571,348.89995431900024,PLC -> IO,0.006448
1776354860.3995697,348.9639530181885,PLC -> IO,0.012432
1776354860.4635696,349.0279529094696,PLC -> IO,0.032992
1776354860.5275705,349.09195375442505,PLC -> IO,0.258032
1776354860.5915668,349.1559500694275,PLC -> IO,0.010928
1776354860.6555707,349.21995401382446,PLC -> IO,0.008112
1776354860.7196066,349.28398990631104,PLC -> IO,0.06891199999999999
1776354860.7835789,349.347962141037,PLC -> IO,0.003968
1776354860.847573,349.4119563102722,PLC -> IO,0.007248
1776354860.9115732,349.4759564399719,PLC -> IO,0.008352
1776354860.9755738,349.5399570465088,PLC -> IO,0.002592
1776354861.0395703,349.6039535999298,PLC -> IO,0.008528
1776354861.103589,349.6679723262787,PLC -> IO,0.192768
1776354861.1675632,349.73194646835327,PLC -> IO,0.007168
1776354861.2315772,349.79596042633057,PLC -> IO,0.141072
1776354861.2955725,349.8599557876587,PLC -> IO,0.020448
1776354861.359564,349.92394733428955,PLC -> IO,0.020208
1776354861.4235666,349.98794984817505,PLC -> IO,0.852928
1776354861.487583,350.05196619033813,PLC -> IO,0.010688
1776354861.5515687,350.1159520149231,PLC -> IO,0.022832
1776354861.615582,350.17996525764465,PLC -> IO,0.001872
1776354861.679578,350.2439613342285,PLC -> IO,0.004528
1776354861.7435687,350.30795192718506,PLC -> IO,0.013552
1776354861.807568,350.371951341629,PLC -> IO,0.004752
1776354861.8715675,350.435950756073,PLC -> IO,0.015088
1776354861.9355693,350.49995255470276,PLC -> IO,0.005327999999999999
1776354861.9995565,350.5639398097992,PLC -> IO,0.019552
1776354862.0635686,350.62795186042786,PLC -> IO,0.18771200000000002
1776354862.1275673,350.6919505596161,PLC -> IO,0.003072
1776354862.1915693,350.75595259666443,PLC -> IO,0.237088
1776354862.2555678,350.8199510574341,PLC -> IO,0.287312
1776354862.3195672,350.88395047187805,PLC -> IO,0.115392
1776354862.3835719,350.94795513153076,PLC -> IO,0.005568
1776354862.447578,351.01196122169495,PLC -> IO,0.014672
1776354862.5115724,351.07595562934875,PLC -> IO,0.003712
1776354862.5755713,351.13995456695557,PLC -> IO,0.008832
1776354862.639575,351.20395827293396,PLC -> IO,0.149648
1776354862.703585,351.2679681777954,PLC -> IO,0.125248
1776354862.767568,351.331951379776,PLC -> IO,0.007088
1776354862.8315732,351.39595651626587,PLC -> IO,0.029471999999999998
1776354862.8955703,351.45995354652405,PLC -> IO,0.164528
1776354862.9595706,351.52395391464233,PLC -> IO,0.23932799999999999
1776354863.0235689,351.5879521369934,PLC -> IO,0.0028480000000000003
1776354863.087583,351.6519663333893,PLC -> IO,0.003088
1776354863.1515753,351.7159585952759,PLC -> IO,0.0038720000000000004
1776354863.2155893,351.7799725532532,PLC -> IO,0.209088
1776354863.2795687,351.8439519405365,PLC -> IO,0.014528000000000001
1776354863.3435664,351.9079496860504,PLC -> IO,0.015872
1776354863.4075708,351.97195410728455,PLC -> IO,0.006752
1776354863.4715884,352.0359716415405,PLC -> IO,0.091792
1776354863.5355804,352.09996366500854,PLC -> IO,0.15476800000000002
1776354863.5995727,352.16395592689514,PLC -> IO,0.169552
1776354863.663583,352.22796630859375,PLC -> IO,0.193808
1776354863.7275698,352.291953086853,PLC -> IO,0.007488
1776354863.791572,352.35595536231995,PLC -> IO,0.193488
1776354863.8555765,352.4199597835541,PLC -> IO,0.006832
1776354863.9196327,352.4840159416199,PLC -> IO,0.07291199999999999
1776354863.983572,352.5479552745819,PLC -> IO,0.002688
1776354864.0475676,352.6119508743286,PLC -> IO,0.012288
1776354864.1115727,352.6759560108185,PLC -> IO,0.003952
1776354864.1755753,352.739958524704,PLC -> IO,0.0065119999999999996
1776354864.2395802,352.80396342277527,PLC -> IO,0.002928
1776354864.303583,352.86796617507935,PLC -> IO,0.122848
1776354864.3675687,352.9319519996643,PLC -> IO,0.007488
1776354864.4315732,352.99595642089844,PLC -> IO,0.022832
1776354864.495575,353.0599582195282,PLC -> IO,0.203968
1776354864.5595632,353.12394642829895,PLC -> IO,0.019648
1776354864.6235716,353.1879549026489,PLC -> IO,0.005008
1776354864.6875873,353.2519705295563,PLC -> IO,0.002368
1776354864.75158,353.31596326828003,PLC -> IO,0.157008
1776354864.8155825,353.3799657821655,PLC -> IO,0.007872
1776354864.879574,353.4439573287964,PLC -> IO,0.010528
1776354864.9435744,353.5079576969147,PLC -> IO,0.009311999999999999
1776354865.007576,353.57195925712585,PLC -> IO,0.19020800000000002
1776354865.0715857,353.6359689235687,PLC -> IO,0.003408
1776354865.1355717,353.69995498657227,PLC -> IO,0.001328
1776354865.1995902,353.76397347450256,PLC -> IO,0.072368
1776354865.263573,353.827956199646,PLC -> IO,0.007968000000000001
1776354865.3275726,353.89195585250854,PLC -> IO,0.011248
1776354865.391573,353.95595622062683,PLC -> IO,0.003168
1776354865.4555738,354.0199570655823,PLC -> IO,0.09451200000000001
1776354865.5195782,354.0839614868164,PLC -> IO,0.153472
1776354865.5835724,354.14795565605164,PLC -> IO,0.017808
1776354865.647572,354.2119553089142,PLC -> IO,0.004368
1776354865.7115715,354.27595472335815,PLC -> IO,0.0038079999999999998
1776354865.7755766,354.339959859848,PLC -> IO,0.013632
1776354865.8395758,354.4039590358734,PLC -> IO,0.163408
1776354865.903586,354.46796917915344,PLC -> IO,0.12884800000000002
1776354865.9675746,354.53195786476135,PLC -> IO,0.001072
1776354866.0315738,354.59595704078674,PLC -> IO,0.031472
1776354866.0955777,354.6599609851837,PLC -> IO,0.345968
1776354866.1595764,354.72395968437195,PLC -> IO,0.010288
1776354866.2235758,354.7879590988159,PLC -> IO,0.320528
1776354866.2875896,354.85197281837463,PLC -> IO,0.004128
1776354866.3515775,354.9159607887268,PLC -> IO,0.004111999999999999
1776354866.4155934,354.97997665405273,PLC -> IO,0.294688
1776354866.4795897,355.0439729690552,PLC -> IO,0.341472
1776354866.5435772,355.1079604625702,PLC -> IO,0.008672
1776354866.6075783,355.1719615459442,PLC -> IO,0.004928
1776354866.6715753,355.2359585762024,PLC -> IO,0.017168
1776354866.7355742,355.2999575138092,PLC -> IO,0.0063679999999999995
1776354866.799573,355.36395621299744,PLC -> IO,0.019472
1776354866.8635852,355.4279685020447,PLC -> IO,0.000288
1776354866.9275672,355.4919505119324,PLC -> IO,0.016208
1776354866.9915762,355.5559594631195,PLC -> IO,0.008928
1776354867.055579,355.6199622154236,PLC -> IO,0.029152
1776354867.1197467,355.6841299533844,PLC -> IO,0.14684799999999998
1776354867.1835756,355.7479588985443,PLC -> IO,0.019808
1776354867.247573,355.81195616722107,PLC -> IO,0.005312
1776354867.311565,355.8759481906891,PLC -> IO,0.034992
1776354867.3755782,355.93996143341064,PLC -> IO,0.009232
1776354867.4395754,356.0039587020874,PLC -> IO,0.143008
1776354867.503589,356.06797218322754,PLC -> IO,0.119088
1776354867.567576,356.1319591999054,PLC -> IO,0.0018080000000000001
1776354867.631573,356.1959562301636,PLC -> IO,0.030912
1776354867.695577,356.25996017456055,PLC -> IO,0.362928
1776354867.7595747,356.32395792007446,PLC -> IO,0.008447999999999999
1776354867.8235714,356.38795471191406,PLC -> IO,0.007168
1776354867.887596,356.45197916030884,PLC -> IO,0.219872
1776354867.9515798,356.51596307754517,PLC -> IO,0.006912
1776354868.0155983,356.57998156547546,PLC -> IO,0.192768
1776354868.079578,356.64396119117737,PLC -> IO,0.169008
1776354868.1435783,356.70796155929565,PLC -> IO,0.006912
1776354868.207584,356.7719671726227,PLC -> IO,0.004928
1776354868.2715883,356.8359715938568,PLC -> IO,0.21851199999999998
1776354868.3355744,356.89995765686035,PLC -> IO,0.009328
1776354868.399579,356.96396231651306,PLC -> IO,0.014912
1776354868.4635847,357.0279679298401,PLC -> IO,0.00020800000000000001
1776354868.5275788,357.0919620990753,PLC -> IO,0.000192
1776354868.5915766,357.15595984458923,PLC -> IO,0.011647999999999999
1776354868.6555808,357.2199640274048,PLC -> IO,0.013072
1776354868.7195868,357.28397011756897,PLC -> IO,0.173152
1776354868.783579,357.34796237945557,PLC -> IO,0.142848
1776354868.847581,357.4119641780853,PLC -> IO,0.14627199999999999
1776354868.9115767,357.4759600162506,PLC -> IO,0.021232
1776354868.9755857,357.53996896743774,PLC -> IO,0.121808
1776354869.0395818,357.6039650440216,PLC -> IO,0.011168
1776354869.103593,357.66797637939453,PLC -> IO,0.118448
1776354869.1675925,357.7319757938385,PLC -> IO,0.130768
1776354869.231658,357.7960412502289,PLC -> IO,0.642288
1776354869.2955778,357.85996103286743,PLC -> IO,0.236928
1776354869.3595743,357.92395758628845,PLC -> IO,0.007648
1776354869.4235773,357.9879605770111,PLC -> IO,0.0050880000000000005
1776354869.4876034,358.05198669433594,PLC -> IO,0.5085120000000001
1776354869.551582,358.1159653663635,PLC -> IO,0.0057280000000000005
1776354869.6155896,358.1799728870392,PLC -> IO,0.15387199999999998
1776354869.6795807,358.2439639568329,PLC -> IO,0.006608
1776354869.7435842,358.3079674243927,PLC -> IO,0.007712
1776354869.8075755,358.371958732605,PLC -> IO,0.0074719999999999995
1776354869.8715825,358.4359657764435,PLC -> IO,0.007728
1776354869.9355805,358.499963760376,PLC -> IO,0.001632
1776354869.9995978,358.5639810562134,PLC -> IO,0.122288
1776354870.0635858,358.62796902656555,PLC -> IO,0.004912
1776354870.127581,358.6919641494751,PLC -> IO,0.011888000000000001
1776354870.1915805,358.75596380233765,PLC -> IO,0.0063679999999999995
1776354870.2555883,358.8199715614319,PLC -> IO,0.011632
1776354870.319592,358.8839752674103,PLC -> IO,0.169872
1776354870.3835788,358.94796204566956,PLC -> IO,0.014368
1776354870.4475772,359.0119605064392,PLC -> IO,0.010688
1776354870.511582,359.0759651660919,PLC -> IO,0.010832000000000001
1776354870.5755858,359.1399691104889,PLC -> IO,0.005952
1776354870.6395822,359.20396542549133,PLC -> IO,0.010368
1776354870.7036052,359.26798844337463,PLC -> IO,0.206848
1776354870.7675822,359.33196544647217,PLC -> IO,0.160992
1776354870.83159,359.3959732055664,PLC -> IO,0.038192000000000004
1776354870.8955808,359.4599640369415,PLC -> IO,0.189488
1776354870.959579,359.5239622592926,PLC -> IO,0.004608
1776354871.0235865,359.58796977996826,PLC -> IO,0.15364799999999998
1776354871.0875998,359.6519830226898,PLC -> IO,0.002928
1776354871.1515844,359.7159676551819,PLC -> IO,0.008528
1776354871.215588,359.7799713611603,PLC -> IO,0.013712
1776354871.2795794,359.84396266937256,PLC -> IO,0.011888000000000001
1776354871.3435824,359.9079656600952,PLC -> IO,0.011792
1776354871.4075854,359.97196865081787,PLC -> IO,0.004128
1776354871.471583,360.0359661579132,PLC -> IO,0.005808
1776354871.5355833,360.0999665260315,PLC -> IO,0.014032000000000001
1776354871.5995822,360.1639654636383,PLC -> IO,0.018112
1776354871.6635861,360.2279694080353,PLC -> IO,0.001328
1776354871.7275803,360.2919635772705,PLC -> IO,0.010608000000000001
1776354871.7915776,360.35596084594727,PLC -> IO,0.007328
1776354871.8555872,360.41997051239014,PLC -> IO,0.253552
1776354871.9195886,360.48397183418274,PLC -> IO,0.176592
1776354871.9835854,360.54796862602234,PLC -> IO,0.006928
1776354872.0475855,360.61196875572205,PLC -> IO,0.003008
1776354872.1115844,360.67596769332886,PLC -> IO,0.013951999999999999
1776354872.175591,360.7399742603302,PLC -> IO,0.000352
1776354872.2395892,360.8039724826813,PLC -> IO,0.760448
1776354872.3035998,360.86798310279846,PLC -> IO,0.119888
1776354872.367599,360.93198227882385,PLC -> IO,0.18340800000000002
1776354872.431728,360.9961111545563,PLC -> IO,0.045568000000000004
1776354872.4956172,361.0600004196167,PLC -> IO,0.838832
1776354872.5595803,361.12396359443665,PLC -> IO,0.010368
1776354872.6235907,361.18797397613525,PLC -> IO,0.000112
1776354872.6875992,361.25198245048523,PLC -> IO,0.012928
1776354872.751587,361.3159701824188,PLC -> IO,0.013488
1776354872.8156035,361.3799867630005,PLC -> IO,0.196288
1776354872.879594,361.44397735595703,PLC -> IO,0.002768
1776354872.9435945,361.5079777240753,PLC -> IO,0.000928
1776354873.007608,361.57199120521545,PLC -> IO,0.071712
1776354873.0715714,361.635954618454,PLC -> IO,0.021008
1776354873.1355827,361.6999659538269,PLC -> IO,0.005648
1776354873.19959,361.763973236084,PLC -> IO,0.013951999999999999
1776354873.2635882,361.82797145843506,PLC -> IO,0.005472
1776354873.3275843,361.8919675350189,PLC -> IO,0.007488
1776354873.3915858,361.9559690952301,PLC -> IO,0.189728
1776354873.4555826,362.0199658870697,PLC -> IO,0.014672
1776354873.5195928,362.08397603034973,PLC -> IO,0.17147199999999999
1776354873.5835862,362.1479694843292,PLC -> IO,0.000688
1776354873.6475866,362.2119698524475,PLC -> IO,0.010688
1776354873.7115862,362.27596950531006,PLC -> IO,0.017312
1776354873.775588,362.3399713039398,PLC -> IO,0.007712
1776354873.8395817,362.4039649963379,PLC -> IO,0.015488000000000002
1776354873.9036033,362.4679865837097,PLC -> IO,0.117648
1776354873.9675822,362.5319654941559,PLC -> IO,0.017391999999999998
1776354874.0316424,362.5960257053375,PLC -> IO,0.305408
1776354874.0955937,362.6599769592285,PLC -> IO,0.234768
1776354874.1595848,362.7239680290222,PLC -> IO,0.006768000000000001
1776354874.2235868,362.78797006607056,PLC -> IO,0.008352
1776354874.2876136,362.8519968986511,PLC -> IO,0.038352000000000004
1776354874.351588,362.9159712791443,PLC -> IO,0.013727999999999999
1776354874.4155943,362.97997760772705,PLC -> IO,0.015872
1776354874.4795938,363.043977022171,PLC -> IO,0.001328
1776354874.5435927,363.10797595977783,PLC -> IO,0.0033280000000000002
1776354874.6075897,363.171972990036,PLC -> IO,0.007328
1776354874.6716037,363.2359869480133,PLC -> IO,0.22723200000000002
1776354874.7355888,363.29997205734253,PLC -> IO,0.0041919999999999995
1776354874.7995932,363.36397647857666,PLC -> IO,0.163712
1776354874.8635957,363.42797899246216,PLC -> IO,0.003088
1776354874.9275897,363.4919729232788,PLC -> IO,0.007168
1776354874.9915864,363.5559697151184,PLC -> IO,0.001072
1776354875.0555978,363.61998105049133,PLC -> IO,0.004288
1776354875.1195953,363.68397855758667,PLC -> IO,0.176352
1776354875.1835885,363.7479717731476,PLC -> IO,0.15004800000000001
1776354875.2475822,363.81196546554565,PLC -> IO,0.14732800000000001
1776354875.3115952,363.87597846984863,PLC -> IO,0.0048319999999999995
1776354875.3755932,363.9399764537811,PLC -> IO,0.174928
1776354875.4395928,364.0039761066437,PLC -> IO,0.002928
1776354875.5036082,364.06799149513245,PLC -> IO,0.111648
1776354875.5675907,364.1319739818573,PLC -> IO,0.013231999999999999
1776354875.6316528,364.1960361003876,PLC -> IO,0.126528
1776354875.6955922,364.2599754333496,PLC -> IO,0.341248
1776354875.7595918,364.32397508621216,PLC -> IO,0.002928
1776354875.8235807,364.38796401023865,PLC -> IO,0.013951999999999999
1776354875.8876135,364.4519968032837,PLC -> IO,0.159392
1776354875.9515946,364.51597785949707,PLC -> IO,0.005008
1776354876.0156064,364.57998967170715,PLC -> IO,0.078848
1776354876.0795984,364.64398169517517,PLC -> IO,0.004528
1776354876.1436002,364.70798349380493,PLC -> IO,0.154528
1776354876.207592,364.77197527885437,PLC -> IO,0.009408
1776354876.2715943,364.8359775543213,PLC -> IO,0.070112
1776354876.3355913,364.89997458457947,PLC -> IO,0.004032
1776354876.3995948,364.9639780521393,PLC -> IO,0.005472
1776354876.463596,365.0279793739319,PLC -> IO,0.004368
1776354876.5275881,365.0919713973999,PLC -> IO,0.008048
1776354876.59159,365.15597319602966,PLC -> IO,0.005232
1776354876.6556005,365.21998381614685,PLC -> IO,0.001008
1776354876.7196069,365.2839901447296,PLC -> IO,0.172992
1776354876.7835915,365.3479747772217,PLC -> IO,0.002368
1776354876.8475933,365.41197657585144,PLC -> IO,0.136832
1776354876.9115944,365.47597765922546,PLC -> IO,0.010912
1776354876.9755945,365.53997778892517,PLC -> IO,0.006032
1776354877.0395954,365.6039786338806,PLC -> IO,0.5485279999999999
1776354877.1037228,365.66810607910156,PLC -> IO,0.026112
1776354877.1675968,365.7319800853729,PLC -> IO,0.007951999999999999
1776354877.2316005,365.7959837913513,PLC -> IO,0.102112
1776354877.2956216,365.860004901886,PLC -> IO,0.393712
1776354877.359591,365.923974275589,PLC -> IO,0.0046879999999999995
1776354877.4235916,365.98797488212585,PLC -> IO,0.12315199999999998
1776354877.487611,366.05199432373047,PLC -> IO,0.147472
1776354877.551592,366.11597537994385,PLC -> IO,0.006528
1776354877.6156104,366.17999362945557,PLC -> IO,0.006528
1776354877.6795905,366.24397373199463,PLC -> IO,0.011248
1776354877.7435942,366.307977437973,PLC -> IO,0.006048
1776354877.8075984,366.3719816207886,PLC -> IO,0.010848
1776354877.8715885,366.43597173690796,PLC -> IO,0.014368
1776354877.935592,366.4999752044678,PLC -> IO,0.013152
1776354877.9995973,366.5639805793762,PLC -> IO,0.008032000000000001
1776354878.0636048,366.6279881000519,PLC -> IO,0.006592
1776354878.127595,366.69197821617126,PLC -> IO,0.009568
1776354878.191593,366.75597620010376,PLC -> IO,0.004672
1776354878.2556036,366.81998682022095,PLC -> IO,0.000432
1776354878.3196094,366.88399267196655,PLC -> IO,0.171152
1776354878.3835957,366.9479789733887,PLC -> IO,0.001472
1776354878.4476633,367.01204657554626,PLC -> IO,0.099648
1776354878.5115995,367.0759828090668,PLC -> IO,0.010992
1776354878.5756013,367.13998460769653,PLC -> IO,0.005488
1776354878.639605,367.2039883136749,PLC -> IO,0.366352
1776354878.7036197,367.26800298690796,PLC -> IO,0.110528
1776354878.767604,367.33198738098145,PLC -> IO,0.0038720000000000004
1776354878.8315978,367.3959810733795,PLC -> IO,0.074512
1776354878.895595,367.4599783420563,PLC -> IO,0.175008
1776354878.9595935,367.5239768028259,PLC -> IO,0.001328
1776354879.0236008,367.587984085083,PLC -> IO,0.012512
1776354879.0876153,367.65199851989746,PLC -> IO,0.035311999999999996
1776354879.1515923,367.715975522995,PLC -> IO,0.009968
1776354879.215601,367.77998423576355,PLC -> IO,0.012432
1776354879.279616,367.84399938583374,PLC -> IO,0.068032
1776354879.3436003,367.90798354148865,PLC -> IO,0.006688
1776354879.4075966,367.9719798564911,PLC -> IO,0.004848
1776354879.4715965,368.0359797477722,PLC -> IO,0.007488
1776354879.5355923,368.0999755859375,PLC -> IO,0.022671999999999998
1776354879.599601,368.16398429870605,PLC -> IO,0.006752
1776354879.6636043,368.2279875278473,PLC -> IO,0.0046879999999999995
1776354879.7275949,368.29197812080383,PLC -> IO,0.003168
1776354879.7915866,368.35596990585327,PLC -> IO,0.003472
1776354879.8556051,368.41998839378357,PLC -> IO,0.002512
1776354879.9195962,368.48397946357727,PLC -> IO,0.187632
1776354879.9835968,368.54798007011414,PLC -> IO,0.001088
1776354880.0477695,368.6121528148651,PLC -> IO,0.46492799999999995
1776354880.1116,368.6759831905365,PLC -> IO,0.009632
1776354880.1756003,368.7399835586548,PLC -> IO,0.007648
1776354880.2396011,368.80398440361023,PLC -> IO,0.001472
1776354880.3037357,368.86811900138855,PLC -> IO,0.265472
1776354880.3676116,368.93199491500854,PLC -> IO,0.151888
1776354880.431609,368.9959921836853,PLC -> IO,0.06939200000000001
1776354880.4955988,369.0599820613861,PLC -> IO,0.015088
1776354880.559599,369.1239821910858,PLC -> IO,0.628032
1776354880.6235871,369.18797039985657,PLC -> IO,0.030032
1776354880.6876166,369.2519998550415,PLC -> IO,0.146672
1776354880.751598,369.31598114967346,PLC -> IO,0.007328
1776354880.8156056,369.3799889087677,PLC -> IO,0.016912
1776354880.8796146,369.44399785995483,PLC -> IO,0.183792
1776354880.9436035,369.5079867839813,PLC -> IO,0.001552
1776354881.0077436,369.57212686538696,PLC -> IO,0.189968
1776354881.0716035,369.63598680496216,PLC -> IO,0.000288
1776354881.1355934,369.69997668266296,PLC -> IO,0.016352
1776354881.1996026,369.7639858722687,PLC -> IO,0.006912
1776354881.2635963,369.82797956466675,PLC -> IO,0.008368
1776354881.3275998,369.89198303222656,PLC -> IO,0.004208
1776354881.3915987,369.9559819698334,PLC -> IO,0.004992
1776354881.4556098,370.0199930667877,PLC -> IO,0.016432000000000002
1776354881.519608,370.0839912891388,PLC -> IO,0.181232
1776354881.5836017,370.14798498153687,PLC -> IO,0.0025280000000000003
1776354881.6475968,370.2119801044464,PLC -> IO,0.010591999999999999
1776354881.7116044,370.27598762512207,PLC -> IO,0.011552
1776354881.7756069,370.33999013900757,PLC -> IO,0.004928
1776354881.8396096,370.40399289131165,PLC -> IO,0.030848
1776354881.9037964,370.4681797027588,PLC -> IO,0.036928
1776354881.9676068,370.53199005126953,PLC -> IO,0.005392
1776354882.031612,370.5959951877594,PLC -> IO,0.078192
1776354882.0957239,370.6601071357727,PLC -> IO,0.231568
1776354882.1596034,370.7239866256714,PLC -> IO,0.0029119999999999997
1776354882.2236085,370.78799176216125,PLC -> IO,0.010512
1776354882.287614,370.8519973754883,PLC -> IO,0.023488
1776354882.351603,370.91598629951477,PLC -> IO,0.0015680000000000002
1776354882.4156091,370.97999238967896,PLC -> IO,0.013152
1776354882.4796178,371.0440011024475,PLC -> IO,0.646672
1776354882.543606,371.10798931121826,PLC -> IO,0.001408
1776354882.6076152,371.171998500824,PLC -> IO,0.648272
1776354882.671603,371.23598623275757,PLC -> IO,0.014992
1776354882.7356043,371.29998755455017,PLC -> IO,0.008832
1776354882.7996058,371.36398911476135,PLC -> IO,0.006112
1776354882.863608,371.4279911518097,PLC -> IO,0.000272
1776354882.9276001,371.4919834136963,PLC -> IO,0.201888
1776354882.991751,371.556134223938,PLC -> IO,0.197488
1776354883.0556092,371.61999249458313,PLC -> IO,0.001088
1776354883.1196036,371.68398690223694,PLC -> IO,0.007168
1776354883.183604,371.7479872703552,PLC -> IO,0.006032
1776354883.2476113,371.8119945526123,PLC -> IO,0.06979199999999999
1776354883.311605,371.8759882450104,PLC -> IO,0.567952
1776354883.3756127,371.9399960041046,PLC -> IO,0.128208
1776354883.4396048,372.00398802757263,PLC -> IO,0.006128
1776354883.503625,372.068008184433,PLC -> IO,0.113248
1776354883.5676122,372.1319954395294,PLC -> IO,0.003312
1776354883.6316004,372.19598364830017,PLC -> IO,0.187792
1776354883.695626,372.26000928878784,PLC -> IO,0.008912
1776354883.7596009,372.32398414611816,PLC -> IO,0.13267199999999998
1776354883.8236167,372.3880000114441,PLC -> IO,0.236288
1776354883.8876143,372.45199751853943,PLC -> IO,0.019728000000000002
1776354883.951603,372.51598620414734,PLC -> IO,0.007088
1776354884.0156188,372.58000206947327,PLC -> IO,0.189552
1776354884.0796213,372.64400458335876,PLC -> IO,0.002592
1776354884.1436114,372.70799469947815,PLC -> IO,0.005327999999999999
1776354884.2076094,372.77199268341064,PLC -> IO,0.18443199999999998
1776354884.2716105,372.83599376678467,PLC -> IO,0.016832
1776354884.3356097,372.89999294281006,PLC -> IO,0.122352
1776354884.3996053,372.96398854255676,PLC -> IO,0.012352
1776354884.4636118,373.0279951095581,PLC -> IO,0.194752
1776354884.5276074,373.0919907093048,PLC -> IO,1.3190719999999998
1776354884.5916128,373.15599608421326,PLC -> IO,0.002208
1776354884.655611,373.21999430656433,PLC -> IO,0.006432
1776354884.7196093,373.2839925289154,PLC -> IO,0.003408
1776354884.783609,373.34799218177795,PLC -> IO,0.139568
1776354884.84763,373.4120132923126,PLC -> IO,0.247008
1776354884.9116063,373.4759895801544,PLC -> IO,0.0029119999999999997
1776354884.9756093,373.5399925708771,PLC -> IO,0.003152
1776354885.0396066,373.60398983955383,PLC -> IO,0.007728
1776354885.103737,373.6681203842163,PLC -> IO,0.020432
1776354885.1676147,373.73199796676636,PLC -> IO,0.0026079999999999996
1776354885.2316134,373.7959966659546,PLC -> IO,0.09499200000000001
1776354885.2956042,373.8599874973297,PLC -> IO,0.188368
1776354885.3595989,373.9239821434021,PLC -> IO,0.011792
1776354885.4235928,373.98797607421875,PLC -> IO,0.035072
1776354885.4876332,374.0520164966583,PLC -> IO,0.20116799999999999
1776354885.5516117,374.11599493026733,PLC -> IO,0.100112
1776354885.6156108,374.1799941062927,PLC -> IO,0.031632
1776354885.6796165,374.24399971961975,PLC -> IO,0.006688
1776354885.743613,374.30799627304077,PLC -> IO,0.0033280000000000002
1776354885.8076131,374.3719964027405,PLC -> IO,0.180608
1776354885.8716195,374.43600273132324,PLC -> IO,0.000192
1776354885.9356196,374.50000286102295,PLC -> IO,0.199648
1776354885.9996154,374.56399869918823,PLC -> IO,0.0018080000000000001
1776354886.0636122,374.62799549102783,PLC -> IO,0.156672
1776354886.1276076,374.69199085235596,PLC -> IO,0.010591999999999999
1776354886.1916134,374.75599670410156,PLC -> IO,0.004272
1776354886.2560883,374.82047152519226,PLC -> IO,0.273648
1776354886.319614,374.88399720191956,PLC -> IO,0.695392
1776354886.3836079,374.9479911327362,PLC -> IO,0.145232
1776354886.4476156,375.01199889183044,PLC -> IO,0.807552
1776354886.511608,375.07599115371704,PLC -> IO,0.255792
1776354886.5756116,375.13999485969543,PLC -> IO,0.008752
1776354886.6396182,375.2040014266968,PLC -> IO,0.195168
1776354886.7036402,375.26802349090576,PLC -> IO,0.09972800000000001
1776354886.767615,375.3319983482361,PLC -> IO,0.18795199999999998
1776354886.8317075,375.3960907459259,PLC -> IO,0.009072
1776354886.8956,375.45998334884644,PLC -> IO,0.22700800000000002
1776354886.9596145,375.5239977836609,PLC -> IO,0.004512
1776354887.0236096,375.58799290657043,PLC -> IO,0.013951999999999999
1776354887.0876362,375.6520195007324,PLC -> IO,0.18771200000000002
1776354887.1516104,375.715993642807,PLC -> IO,0.139488
1776354887.2156227,375.78000593185425,PLC -> IO,0.017872000000000002
1776354887.279617,375.84400033950806,PLC -> IO,0.005888
1776354887.3436155,375.9079988002777,PLC -> IO,0.004272
1776354887.4076102,375.9719934463501,PLC -> IO,0.191328
1776354887.4716082,376.0359914302826,PLC -> IO,0.013951999999999999
1776354887.5356138,376.0999970436096,PLC -> IO,0.003552
1776354887.5996187,376.1640019416809,PLC -> IO,0.000912
1776354887.6637754,376.2281587123871,PLC -> IO,1.361472
1776354887.7276127,376.29199600219727,PLC -> IO,0.005152
1776354887.7916179,376.35600113868713,PLC -> IO,0.003408
1776354887.8556168,376.42000007629395,PLC -> IO,0.663168
1776354887.9196131,376.4839963912964,PLC -> IO,0.0034879999999999998
1776354887.983612,376.5479953289032,PLC -> IO,0.007391999999999999
1776354888.0476131,376.6119964122772,PLC -> IO,0.0074719999999999995
1776354888.1116085,376.67599177360535,PLC -> IO,0.07875199999999999
1776354888.1756222,376.74000549316406,PLC -> IO,0.180512
1776354888.239612,376.80399537086487,PLC -> IO,0.164672
1776354888.303635,376.8680181503296,PLC -> IO,0.241328
1776354888.3676174,376.93200063705444,PLC -> IO,0.003472
1776354888.4316032,376.9959864616394,PLC -> IO,0.765552
1776354888.4956162,377.0599994659424,PLC -> IO,0.016288
1776354888.5596147,377.12399792671204,PLC -> IO,0.011151999999999999
1776354888.6236176,377.1880009174347,PLC -> IO,0.006768000000000001
1776354888.6876376,377.25202083587646,PLC -> IO,0.001712
1776354888.7516103,377.3159935474396,PLC -> IO,0.169968
1776354888.8156214,377.3800046443939,PLC -> IO,0.040352000000000006
1776354888.879627,377.44401025772095,PLC -> IO,0.0021119999999999997
1776354888.9436169,377.50800013542175,PLC -> IO,0.167408
1776354889.0076113,377.57199454307556,PLC -> IO,0.004928
1776354889.0716164,377.63599967956543,PLC -> IO,0.659392
1776354889.1356144,377.6999976634979,PLC -> IO,0.692512
1776354889.199619,377.76400232315063,PLC -> IO,0.689712
1776354889.2636135,377.82799673080444,PLC -> IO,0.004208
1776354889.3276217,377.89200496673584,PLC -> IO,0.0015680000000000002
1776354889.3916185,377.95600175857544,PLC -> IO,0.003888
1776354889.4556222,378.02000546455383,PLC -> IO,0.6738719999999999
1776354889.5196164,378.08399963378906,PLC -> IO,0.6734720000000001
1776354889.583617,378.1480002403259,PLC -> IO,0.008912
1776354889.6476054,378.21198868751526,PLC -> IO,0.010591999999999999
1776354889.7116206,378.27600383758545,PLC -> IO,0.6425120000000001
1776354889.7756162,378.33999943733215,PLC -> IO,0.008832
1776354889.8396125,378.4039957523346,PLC -> IO,0.010272
1776354889.9036844,378.4680676460266,PLC -> IO,0.069328
1776354889.9676242,378.5320074558258,PLC -> IO,0.005888
1776354890.0316322,378.5960154533386,PLC -> IO,0.107392
1776354890.0956354,378.66001868247986,PLC -> IO,0.085152
1776354890.1596107,378.72399401664734,PLC -> IO,0.014992
1776354890.2236269,378.78801012039185,PLC -> IO,0.0021119999999999997
1776354890.2876322,378.8520154953003,PLC -> IO,0.007328
1776354890.3516147,378.91599798202515,PLC -> IO,0.007408
1776354890.4156234,378.9800066947937,PLC -> IO,0.012272
1776354890.479622,379.04400515556335,PLC -> IO,0.014608
1776354890.5436172,379.1080005168915,PLC -> IO,0.000912
1776354890.6076117,379.1719949245453,PLC -> IO,0.003728
1776354890.6716204,379.23600363731384,PLC -> IO,0.001248
1776354890.7356138,379.29999709129333,PLC -> IO,0.004432
1776354890.799619,379.3640022277832,PLC -> IO,0.005808
1776354890.8636124,379.4279956817627,PLC -> IO,0.7214079999999999
1776354890.9276216,379.4920048713684,PLC -> IO,0.003088
1776354890.991617,379.55600023269653,PLC -> IO,0.019327999999999998
1776354891.0556257,379.6200089454651,PLC -> IO,0.007951999999999999
1776354891.1196218,379.68400502204895,PLC -> IO,0.45691200000000004
1776354891.1836233,379.74800658226013,PLC -> IO,0.001872
1776354891.2476184,379.8120017051697,PLC -> IO,0.000112
1776354891.3116233,379.87600660324097,PLC -> IO,0.180288
1776354891.3756201,379.94000339508057,PLC -> IO,0.005488
1776354891.4396193,380.00400257110596,PLC -> IO,0.177008
1776354891.503776,380.06815934181213,PLC -> IO,0.050352
1776354891.5676234,380.13200664520264,PLC -> IO,0.000448
1776354891.6316257,380.19600892066956,PLC -> IO,0.109312
1776354891.6956244,380.2600076198578,PLC -> IO,0.14468799999999998
1776354891.759622,380.3240053653717,PLC -> IO,0.22044799999999998
1776354891.823616,380.38799929618835,PLC -> IO,0.009311999999999999
1776354891.8876364,380.4520196914673,PLC -> IO,0.004768
1776354891.9516144,380.51599764823914,PLC -> IO,0.011392000000000001
1776354892.0156372,380.58002042770386,PLC -> IO,0.192688
1776354892.0796287,380.6440119743347,PLC -> IO,0.16651200000000002
1776354892.1436222,380.7080054283142,PLC -> IO,0.003008
1776354892.2076168,380.7720000743866,PLC -> IO,0.006432
1776354892.2716212,380.8360044956207,PLC -> IO,0.006032
1776354892.3356135,380.8999967575073,PLC -> IO,0.006048
1776354892.3996277,380.9640109539032,PLC -> IO,0.12084800000000001
1776354892.4636233,381.0280065536499,PLC -> IO,0.176592
1776354892.527662,381.0920453071594,PLC -> IO,0.25796800000000003
1776354892.5916214,381.1560046672821,PLC -> IO,0.0046879999999999995
1776354892.6556242,381.2200074195862,PLC -> IO,0.305328
1776354892.7196193,381.2840025424957,PLC -> IO,0.004512
1776354892.7836232,381.3480064868927,PLC -> IO,0.004032
1776354892.8476145,381.411997795105,PLC -> IO,0.006528
1776354892.9116883,381.47607159614563,PLC -> IO,0.091728
1776354892.975623,381.5400061607361,PLC -> IO,0.005072
1776354893.039624,381.6040072441101,PLC -> IO,0.098528
1776354893.1037266,381.6681098937988,PLC -> IO,0.11492799999999999
1776354893.1676269,381.7320101261139,PLC -> IO,0.001472
1776354893.2316253,381.79600858688354,PLC -> IO,0.109552
1776354893.2956407,381.8600239753723,PLC -> IO,0.146512
1776354893.3596194,381.9240026473999,PLC -> IO,0.002992
1776354893.4236271,381.98801040649414,PLC -> IO,0.001888
1776354893.4876432,382.05202651023865,PLC -> IO,0.6434719999999999
1776354893.5516186,382.1160018444061,PLC -> IO,0.006432
1776354893.6156282,382.180011510849,PLC -> IO,0.011472
1776354893.6796272,382.2440104484558,PLC -> IO,0.012848
1776354893.7436233,382.3080065250397,PLC -> IO,0.005648
1776354893.8076189,382.3720021247864,PLC -> IO,0.162912
1776354893.8716266,382.4360098838806,PLC -> IO,0.113872
1776354893.9356158,382.4999990463257,PLC -> IO,0.006288
1776354893.9996247,382.5640079975128,PLC -> IO,0.0028480000000000003
1776354894.0636225,382.62800574302673,PLC -> IO,0.001008
1776354894.12763,382.6920132637024,PLC -> IO,0.443472
1776354894.1916234,382.7560067176819,PLC -> IO,0.152112
1776354894.2556257,382.8200089931488,PLC -> IO,0.000368
1776354894.319622,382.88400530815125,PLC -> IO,0.002128
1776354894.3836267,382.94800996780396,PLC -> IO,0.002592
1776354894.4476328,383.01201605796814,PLC -> IO,1.014928
1776354894.5116282,383.07601141929626,PLC -> IO,0.000112
1776354894.5756242,383.1400074958801,PLC -> IO,0.001152
1776354894.639624,383.20400738716125,PLC -> IO,0.084608
1776354894.7037535,383.26813673973083,PLC -> IO,0.5325920000000001
1776354894.7676296,383.3320128917694,PLC -> IO,0.001472
1776354894.831625,383.39600825309753,PLC -> IO,0.213232
1776354894.8956351,383.46001839637756,PLC -> IO,0.010688
1776354894.959623,383.52400636672974,PLC -> IO,0.0005120000000000001
1776354895.02363,383.58801317214966,PLC -> IO,0.011632
1776354895.0876448,383.65202808380127,PLC -> IO,0.004608
1776354895.1516297,383.7160129547119,PLC -> IO,0.193552
1776354895.2156317,383.78001499176025,PLC -> IO,0.151632
1776354895.279631,383.84401416778564,PLC -> IO,0.008128000000000002
1776354895.343625,383.9080083370209,PLC -> IO,0.0008320000000000001
1776354895.407621,383.97200417518616,PLC -> IO,0.13515200000000002
1776354895.4716263,384.0360095500946,PLC -> IO,0.003952
1776354895.5356195,384.1000027656555,PLC -> IO,0.000768
1776354895.5996177,384.1640009880066,PLC -> IO,0.020592
1776354895.663701,384.2280843257904,PLC -> IO,0.27556800000000004
1776354895.727628,384.2920112609863,PLC -> IO,0.001312
1776354895.7916217,384.3560049533844,PLC -> IO,0.003792
1776354895.8556309,384.4200141429901,PLC -> IO,0.003072
1776354895.9196272,384.48401045799255,PLC -> IO,0.45467199999999997
1776354895.9836292,384.5480124950409,PLC -> IO,0.002512
1776354896.047621,384.61200428009033,PLC -> IO,0.001888
1776354896.1116266,384.67600989341736,PLC -> IO,0.004512
1776354896.1756268,384.74001002311707,PLC -> IO,0.00012800000000000002
1776354896.239775,384.8041582107544,PLC -> IO,0.181808
1776354896.3037577,384.8681409358978,PLC -> IO,0.063152
1776354896.3676295,384.932012796402,PLC -> IO,0.138272
1776354896.431633,384.9960162639618,PLC -> IO,0.102192
1776354896.4956293,385.06001257896423,PLC -> IO,0.337248
1776354896.5596285,385.1240117549896,PLC -> IO,0.15739199999999998
1776354896.6236303,385.1880135536194,PLC -> IO,0.004128
1776354896.6876485,385.2520318031311,PLC -> IO,0.12299199999999999
1776354896.7516305,385.3160138130188,PLC -> IO,0.005968
1776354896.8156345,385.38001775741577,PLC -> IO,0.019072
1776354896.8796432,385.4440264701843,PLC -> IO,0.065072
1776354896.9436185,385.5080018043518,PLC -> IO,0.009408
1776354897.007627,385.5720102787018,PLC -> IO,0.007391999999999999
1776354897.071633,385.63601636886597,PLC -> IO,0.010768
1776354897.1356347,385.70001792907715,PLC -> IO,0.609072
1776354897.199631,385.7640142440796,PLC -> IO,0.003712
1776354897.263636,385.82801938056946,PLC -> IO,0.198912
1776354897.3276246,385.8920078277588,PLC -> IO,0.009728
1776354897.3916216,385.95600485801697,PLC -> IO,0.004608
1776354897.4556475,386.0200307369232,PLC -> IO,0.242688
1776354897.5196333,386.0840165615082,PLC -> IO,0.143648
1776354897.5836277,386.148010969162,PLC -> IO,0.002928
1776354897.6476247,386.21200799942017,PLC -> IO,0.001248
1776354897.7116294,386.2760126590729,PLC -> IO,0.003648
1776354897.7756333,386.34001660346985,PLC -> IO,0.004272
1776354897.8396351,386.4040184020996,PLC -> IO,0.008512
1776354897.9037623,386.468145608902,PLC -> IO,0.048192
1776354897.9676342,386.5320174694061,PLC -> IO,0.000432
1776354898.0316436,386.5960268974304,PLC -> IO,0.101872
1776354898.0956342,386.66001749038696,PLC -> IO,0.076288
1776354898.1596236,386.7240068912506,PLC -> IO,0.000848
1776354898.2236338,386.78801703453064,PLC -> IO,0.002752
1776354898.287647,386.8520302772522,PLC -> IO,0.139408
1776354898.3516338,386.9160170555115,PLC -> IO,0.000928
1776354898.4156294,386.9800126552582,PLC -> IO,0.020272
1776354898.4796329,387.044016122818,PLC -> IO,0.008768
1776354898.543629,387.10801219940186,PLC -> IO,0.000608
1776354898.6076314,387.17201471328735,PLC -> IO,0.000288
1776354898.6716313,387.2360146045685,PLC -> IO,0.584928
1776354898.7356358,387.3000190258026,PLC -> IO,0.0005279999999999999
1776354898.7996352,387.3640184402466,PLC -> IO,0.0018080000000000001
1776354898.8636298,387.42801308631897,PLC -> IO,0.006768000000000001
1776354898.927626,387.49200916290283,PLC -> IO,0.007728
1776354898.9916255,387.5560088157654,PLC -> IO,0.008447999999999999
1776354899.0556326,387.6200158596039,PLC -> IO,0.001792
1776354899.119638,387.68402123451233,PLC -> IO,0.129968
1776354899.1836324,387.74801564216614,PLC -> IO,0.000448
1776354899.2476122,387.8119955062866,PLC -> IO,0.013231999999999999
1776354899.3116355,387.8760187625885,PLC -> IO,0.001872
1776354899.3758047,387.9401879310608,PLC -> IO,0.001872
1776354899.4396338,388.0040171146393,PLC -> IO,0.008928
1776354899.5037558,388.0681390762329,PLC -> IO,0.069632
1776354899.5676355,388.13201880455017,PLC -> IO,0.005408
1776354899.6316311,388.1960144042969,PLC -> IO,0.11419199999999999
1776354899.6956332,388.2600164413452,PLC -> IO,0.176448
1776354899.7596288,388.3240120410919,PLC -> IO,0.000368
1776354899.8236358,388.3880190849304,PLC -> IO,4.8e-05
1776354899.88765,388.4520332813263,PLC -> IO,0.006832
1776354899.951637,388.51602029800415,PLC -> IO,0.000592
1776354900.015636,388.58001923561096,PLC -> IO,0.015231999999999999
1776354900.0796342,388.64401745796204,PLC -> IO,0.014048
1776354900.143633,388.70801615715027,PLC -> IO,0.003232
1776354900.207636,388.7720193862915,PLC -> IO,0.17875200000000002
1776354900.271631,388.83601427078247,PLC -> IO,0.0041919999999999995
1776354900.335638,388.900021314621,PLC -> IO,0.216672
1776354900.3996356,388.9640188217163,PLC -> IO,0.683312
1776354900.4636362,389.0280194282532,PLC -> IO,0.177568
1776354900.5276334,389.09201669692993,PLC -> IO,0.003088
1776354900.5916216,389.1560049057007,PLC -> IO,0.217728
1776354900.6556346,389.22001791000366,PLC -> IO,0.001248
1776354900.7196243,389.2840075492859,PLC -> IO,0.013488
1776354900.783633,389.34801626205444,PLC -> IO,0.003152
1776354900.8476422,389.41202545166016,PLC -> IO,0.134512
1776354900.9116404,389.47602367401123,PLC -> IO,0.006752
1776354900.9756424,389.54002571105957,PLC -> IO,0.000912
1776354901.0396333,389.6040165424347,PLC -> IO,0.007168
1776354901.1037526,389.66813588142395,PLC -> IO,0.092432
1776354901.1676347,389.732017993927,PLC -> IO,0.005632
1776354901.2316399,389.79602313041687,PLC -> IO,0.7046720000000001
1776354901.2956362,389.8600194454193,PLC -> IO,0.19316799999999998
1776354901.3596284,389.9240117073059,PLC -> IO,0.006832
1776354901.4236352,389.98801851272583,PLC -> IO,0.006032
1776354901.487655,390.052038192749,PLC -> IO,0.181808
1776354901.5516374,390.1160206794739,PLC -> IO,0.707792
1776354901.6156304,390.1800136566162,PLC -> IO,0.013791999999999999
1776354901.6796415,390.24402475357056,PLC -> IO,0.001408
1776354901.7436328,390.30801606178284,PLC -> IO,0.002432
1776354901.8076377,390.3720209598541,PLC -> IO,0.014672
1776354901.871632,390.43601536750793,PLC -> IO,0.0019520000000000002
1776354901.935639,390.50002217292786,PLC -> IO,0.313312
1776354901.9996424,390.56402564048767,PLC -> IO,0.014032000000000001
1776354902.063635,390.6280183792114,PLC -> IO,0.0048319999999999995
1776354902.1277606,390.69214391708374,PLC -> IO,0.27868800000000005
1776354902.1916313,390.756014585495,PLC -> IO,0.008128000000000002
1776354902.2556245,390.8200078010559,PLC -> IO,0.197952
1776354902.3196394,390.8840227127075,PLC -> IO,4.8e-05
1776354902.3836336,390.94801688194275,PLC -> IO,0.017952
1776354902.4476278,391.012011051178,PLC -> IO,0.22076800000000002
1776354902.5116422,391.07602548599243,PLC -> IO,0.010112000000000001
1776354902.5756423,391.14002561569214,PLC -> IO,0.003712
1776354902.6396363,391.2040195465088,PLC -> IO,0.005808
1776354902.7037692,391.26815247535706,PLC -> IO,0.104912
1776354902.7676384,391.33202171325684,PLC -> IO,0.002672
1776354902.831647,391.3960301876068,PLC -> IO,0.114912
1776354902.895638,391.4600212574005,PLC -> IO,0.165408
1776354902.9596322,391.52401542663574,PLC -> IO,0.0025280000000000003
1776354903.0236428,391.58802604675293,PLC -> IO,0.14411200000000002
1776354903.0876577,391.65204095840454,PLC -> IO,0.002208
1776354903.1516418,391.71602511405945,PLC -> IO,0.000432
1776354903.2156374,391.78002071380615,PLC -> IO,0.016032
1776354903.279646,391.8440291881561,PLC -> IO,0.006688
1776354903.3436458,391.90802907943726,PLC -> IO,0.008208
1776354903.407638,391.97202134132385,PLC -> IO,0.006752
1776354903.4716377,392.0360209941864,PLC -> IO,0.21828799999999998
1776354903.5356426,392.1000258922577,PLC -> IO,0.000192
1776354903.599649,392.16403222084045,PLC -> IO,0.180608
1776354903.6636415,392.22802472114563,PLC -> IO,0.000352
1776354903.7276332,392.29201650619507,PLC -> IO,0.233232
1776354903.7916439,392.35602712631226,PLC -> IO,0.039632
1776354903.8556428,392.42002606391907,PLC -> IO,0.002672
1776354903.9196734,392.4840567111969,PLC -> IO,0.063872
1776354903.983637,392.548020362854,PLC -> IO,0.5959519999999999
1776354904.0476809,392.6120641231537,PLC -> IO,0.154288
1776354904.1116424,392.6760256290436,PLC -> IO,0.0019520000000000002
1776354904.17564,392.7400233745575,PLC -> IO,0.0050880000000000005
1776354904.2396402,392.8040235042572,PLC -> IO,0.003088
1776354904.3038669,392.86825013160706,PLC -> IO,0.001328
1776354904.3676388,392.93202209472656,PLC -> IO,0.0033280000000000002
1776354904.4316432,392.9960265159607,PLC -> IO,0.10579200000000001
1776354904.4956374,393.0600206851959,PLC -> IO,0.150448
1776354904.559646,393.1240291595459,PLC -> IO,0.14547200000000002
1776354904.623647,393.1880302429199,PLC -> IO,0.009311999999999999
1776354904.6876552,393.2520384788513,PLC -> IO,0.008048
1776354904.7516413,393.31602454185486,PLC -> IO,0.000848
1776354904.815637,393.38002038002014,PLC -> IO,0.016512
1776354904.8796484,393.44403171539307,PLC -> IO,0.159472
1776354904.9436433,393.50802659988403,PLC -> IO,0.29371200000000003
1776354905.0076401,393.57202339172363,PLC -> IO,0.002352
1776354905.0716257,393.63600897789,PLC -> IO,0.013791999999999999
1776354905.1356463,393.7000296115875,PLC -> IO,0.000672
1776354905.199661,393.76404428482056,PLC -> IO,0.123328
1776354905.26364,393.8280231952667,PLC -> IO,0.15348799999999999
1776354905.3276384,393.8920216560364,PLC -> IO,0.159728
1776354905.3916433,393.95602655410767,PLC -> IO,0.0036320000000000002
1776354905.4556403,394.02002358436584,PLC -> IO,0.10108800000000001
1776354905.519645,394.08402824401855,PLC -> IO,0.014032000000000001
1776354905.5836363,394.14801955223083,PLC -> IO,0.002128
1776354905.6476367,394.2120199203491,PLC -> IO,0.007408
1776354905.7116475,394.2760307788849,PLC -> IO,0.18940800000000002
1776354905.775647,394.34003019332886,PLC -> IO,0.000352
1776354905.8396394,394.40402269363403,PLC -> IO,0.004352
1776354905.90373,394.4681131839752,PLC -> IO,0.048768
1776354905.9676409,394.53202414512634,PLC -> IO,0.004512
1776354906.031648,394.59603118896484,PLC -> IO,0.199712
1776354906.095644,394.6600272655487,PLC -> IO,0.14740799999999998
1776354906.1596365,394.7240197658539,PLC -> IO,0.201008
1776354906.2236483,394.78803157806396,PLC -> IO,3.2000000000000005e-05
1776354906.2876647,394.85204792022705,PLC -> IO,0.009408
1776354906.3516364,394.91601967811584,PLC -> IO,0.001392
1776354906.4156501,394.98003339767456,PLC -> IO,0.006992
1776354906.4796474,395.0440306663513,PLC -> IO,0.442608
1776354906.543646,395.10802936553955,PLC -> IO,0.183952
1776354906.6076453,395.17202854156494,PLC -> IO,0.179088
1776354906.6716383,395.2360215187073,PLC -> IO,0.0028320000000000003
1776354906.73565,395.30003333091736,PLC -> IO,0.193952
1776354906.7996511,395.3640344142914,PLC -> IO,0.001392
1776354906.863647,395.42803025245667,PLC -> IO,0.161152
1776354906.9276378,395.4920210838318,PLC -> IO,0.19028799999999998
1776354906.9916496,395.55603289604187,PLC -> IO,0.015407999999999998
1776354907.0556414,395.6200246810913,PLC -> IO,0.009392
1776354907.1196413,395.68402457237244,PLC -> IO,0.0048319999999999995
1776354907.1836364,395.748019695282,PLC -> IO,0.0028320000000000003
1776354907.247635,395.81201815605164,PLC -> IO,0.021888
1776354907.3116524,395.8760356903076,PLC -> IO,0.006688
1776354907.3756456,395.94002890586853,PLC -> IO,0.005408
1776354907.4396393,396.0040225982666,PLC -> IO,0.004928
1776354907.5037541,396.06813740730286,PLC -> IO,0.025728
1776354907.567646,396.13202929496765,PLC -> IO,0.0019520000000000002
1776354907.6316485,396.19603180885315,PLC -> IO,0.108832
1776354907.6956596,396.2600429058075,PLC -> IO,0.147712
1776354907.7596364,396.32401967048645,PLC -> IO,0.013408
1776354907.8236403,396.3880236148834,PLC -> IO,0.008912
1776354907.8877807,396.45216393470764,PLC -> IO,0.004768
1776354907.9518769,396.5162601470947,PLC -> IO,0.360752
1776354908.0156496,396.58003282546997,PLC -> IO,0.210432
1776354908.0796497,396.6440329551697,PLC -> IO,0.014128
1776354908.1436498,396.7080330848694,PLC -> IO,0.003168
1776354908.207645,396.77202820777893,PLC -> IO,0.0028320000000000003
1776354908.2716417,396.83602499961853,PLC -> IO,0.001648
1776354908.3356533,396.90003657341003,PLC -> IO,0.002192
1776354908.3996527,396.964035987854,PLC -> IO,0.0048319999999999995
1776354908.4636467,397.02802991867065,PLC -> IO,0.004608
1776354908.5276644,397.0920476913452,PLC -> IO,0.111168
1776354908.5916495,397.15603280067444,PLC -> IO,0.015951999999999997
1776354908.6556528,397.2200360298157,PLC -> IO,0.005072
1776354908.7196462,397.28402948379517,PLC -> IO,0.009311999999999999
1776354908.783635,397.3480181694031,PLC -> IO,0.010512
1776354908.8476439,397.4120271205902,PLC -> IO,0.011968
1776354908.9116569,397.4760401248932,PLC -> IO,0.004928
1776354908.9756489,397.5400321483612,PLC -> IO,0.006688
1776354909.0396454,397.6040287017822,PLC -> IO,0.001008
1776354909.1037827,397.6681659221649,PLC -> IO,0.153712
1776354909.167655,397.7320382595062,PLC -> IO,0.000432
1776354909.2317681,397.7961513996124,PLC -> IO,0.037888
1776354909.2956438,397.86002707481384,PLC -> IO,0.016688
1776354909.3596444,397.9240276813507,PLC -> IO,0.5367679999999999
1776354909.4236617,397.9880449771881,PLC -> IO,0.031712
1776354909.4876647,398.05204796791077,PLC -> IO,0.671888
1776354909.5516434,398.11602663993835,PLC -> IO,0.007168
1776354909.6156542,398.1800374984741,PLC -> IO,0.007712
1776354909.6796641,398.24404740333557,PLC -> IO,0.198848
1776354909.7436402,398.3080234527588,PLC -> IO,0.011968
1776354909.8076434,398.3720266819,PLC -> IO,0.007951999999999999
1776354909.871647,398.43603014945984,PLC -> IO,0.010608000000000001
1776354909.9356503,398.50003361701965,PLC -> IO,0.006832
1776354909.9996507,398.56403398513794,PLC -> IO,0.021872
1776354910.063637,398.62802028656006,PLC -> IO,0.013152
1776354910.1276453,398.69202852249146,PLC -> IO,0.010128
1776354910.191648,398.75603127479553,PLC -> IO,0.002992
1776354910.2556553,398.8200385570526,PLC -> IO,0.015872
1776354910.319648,398.88403129577637,PLC -> IO,0.004512
1776354910.383643,398.94802618026733,PLC -> IO,0.13651200000000002
1776354910.4476466,399.0120298862457,PLC -> IO,0.535888
1776354910.5116613,399.07604455947876,PLC -> IO,0.778608
1776354910.5756502,399.14003348350525,PLC -> IO,0.0026079999999999996
1776354910.639646,399.20402932167053,PLC -> IO,0.001552
1776354910.7037818,399.26816511154175,PLC -> IO,0.029071999999999997
1776354910.7677763,399.33215951919556,PLC -> IO,0.527552
1776354910.8316457,399.3960289955139,PLC -> IO,0.883792
1776354910.8956487,399.4600319862366,PLC -> IO,0.18692799999999998
1776354910.9596558,399.5240390300751,PLC -> IO,0.6583519999999999
1776354911.0236602,399.5880434513092,PLC -> IO,0.000112
1776354911.0876687,399.6520519256592,PLC -> IO,0.14355199999999999
1776354911.1516385,399.71602177619934,PLC -> IO,0.012192
1776354911.2156677,399.7800509929657,PLC -> IO,0.199008
1776354911.279655,399.84403824806213,PLC -> IO,0.225328
1776354911.343652,399.9080352783203,PLC -> IO,0.005392
1776354911.4076464,399.9720296859741,PLC -> IO,0.001472
1776354911.47165,400.03603315353394,PLC -> IO,0.010208
1776354911.5356522,400.10003542900085,PLC -> IO,0.002272
1776354911.5996566,400.164039850235,PLC -> IO,0.0038720000000000004
1776354911.6636503,400.22803354263306,PLC -> IO,0.002272
1776354911.7276537,400.29203701019287,PLC -> IO,0.000432
1776354911.7916539,400.3560371398926,PLC -> IO,0.004992
1776354911.855653,400.42003631591797,PLC -> IO,0.006272000000000001
1776354911.919649,400.48403215408325,PLC -> IO,0.015632
1776354911.983638,400.5480213165283,PLC -> IO,0.011087999999999999
1776354912.047648,400.61203122138977,PLC -> IO,0.009167999999999999
1776354912.1116533,400.6760365962982,PLC -> IO,0.0038720000000000004
1776354912.1756485,400.74003171920776,PLC -> IO,0.007488
1776354912.239649,400.80403232574463,PLC -> IO,0.0038079999999999998
1776354912.3037858,400.86816906929016,PLC -> IO,0.041552
1776354912.367656,400.93203926086426,PLC -> IO,0.007552
1776354912.431655,400.99603819847107,PLC -> IO,0.113712
1776354912.4956512,401.0600345134735,PLC -> IO,0.908608
1776354912.5596476,401.12403082847595,PLC -> IO,0.008128000000000002
1776354912.6236522,401.18803548812866,PLC -> IO,0.14524800000000002
1776354912.6876721,401.25205540657043,PLC -> IO,0.18516800000000003
1776354912.7516475,401.3160307407379,PLC -> IO,0.226592
1776354912.815658,401.3800413608551,PLC -> IO,0.007312
1776354912.8796685,401.4440517425537,PLC -> IO,0.004848
1776354912.9436557,401.50803899765015,PLC -> IO,0.004032
1776354913.0076509,401.5720341205597,PLC -> IO,0.001392
1776354913.0716498,401.6360330581665,PLC -> IO,0.26828799999999997
1776354913.1356661,401.7000494003296,PLC -> IO,0.000368
1776354913.1996572,401.7640404701233,PLC -> IO,0.0055520000000000005
1776354913.263652,401.82803535461426,PLC -> IO,0.101648
1776354913.3276465,401.89202976226807,PLC -> IO,0.013888
1776354913.391657,401.95604038238525,PLC -> IO,0.005488
1776354913.455656,402.02003931999207,PLC -> IO,0.0074719999999999995
1776354913.5196474,402.08403062820435,PLC -> IO,0.003472
1776354913.5836506,402.1480338573456,PLC -> IO,0.0050880000000000005
1776354913.6476498,402.212033033371,PLC -> IO,0.005888
1776354913.711662,402.2760453224182,PLC -> IO,0.0008320000000000001
1776354913.7756493,402.34003257751465,PLC -> IO,0.002512
1776354913.8396473,402.40403056144714,PLC -> IO,0.005472
1776354913.9037933,402.46817660331726,PLC -> IO,0.041872
1776354913.9676578,402.53204107284546,PLC -> IO,0.005632
1776354914.0316532,402.5960364341736,PLC -> IO,0.110192
1776354914.0956502,402.66003346443176,PLC -> IO,0.191488
1776354914.1596477,402.7240309715271,PLC -> IO,0.011408
1776354914.2236621,402.78804540634155,PLC -> IO,0.0020480000000000003
1776354914.2876778,402.8520610332489,PLC -> IO,0.480368
1776354914.3516502,402.91603350639343,PLC -> IO,0.001392
1776354914.4156554,402.9800386428833,PLC -> IO,0.010992
1776354914.4796665,403.04404973983765,PLC -> IO,0.005327999999999999
1776354914.543649,403.1080322265625,PLC -> IO,0.007408
1776354914.6076508,403.17203402519226,PLC -> IO,0.001008
1776354914.67165,403.23603320121765,PLC -> IO,0.010608000000000001
1776354914.735711,403.3000943660736,PLC -> IO,0.095008
1776354914.7996562,403.36403942108154,PLC -> IO,0.004752
1776354914.8636508,403.42803406715393,PLC -> IO,0.002448
1776354914.9276552,403.49203848838806,PLC -> IO,0.347008
1776354914.991661,403.55604434013367,PLC -> IO,0.0077919999999999994
1776354915.05566,403.6200432777405,PLC -> IO,0.0048319999999999995
1776354915.1196628,403.68404603004456,PLC -> IO,0.114512
1776354915.1836526,403.74803590774536,PLC -> IO,0.011408
1776354915.2476628,403.8120460510254,PLC -> IO,0.009648
1776354915.3116746,403.8760578632355,PLC -> IO,0.158128
1776354915.3756526,403.9400358200073,PLC -> IO,0.0046879999999999995
1776354915.4396505,404.0040338039398,PLC -> IO,0.012368
1776354915.5038443,404.06822752952576,PLC -> IO,0.032688
1776354915.5676591,404.1320424079895,PLC -> IO,0.010272
1776354915.6316504,404.1960337162018,PLC -> IO,0.106832
1776354915.6956587,404.2600419521332,PLC -> IO,0.25668799999999997
1776354915.7596617,404.32404494285583,PLC -> IO,0.188112
1776354915.8236651,404.38804841041565,PLC -> IO,0.003392
1776354915.8876739,404.4520571231842,PLC -> IO,0.038751999999999995
1776354915.9516542,404.51603746414185,PLC -> IO,0.002672
1776354916.015659,404.58004236221313,PLC -> IO,0.011392000000000001
1776354916.07967,404.6440532207489,PLC -> IO,0.171008
1776354916.1436572,404.70804047584534,PLC -> IO,0.0077919999999999994
1776354916.2076573,404.77204060554504,PLC -> IO,3.2000000000000005e-05
1776354916.271657,404.8360402584076,PLC -> IO,0.007328
1776354916.3356678,404.90005111694336,PLC -> IO,0.023152000000000002
1776354916.3996623,404.96404552459717,PLC -> IO,0.130352
1776354916.4636552,405.0280385017395,PLC -> IO,0.003728
1776354916.5276551,405.09203839302063,PLC -> IO,0.146288
1776354916.5916631,405.15604639053345,PLC -> IO,0.009472
1776354916.6556578,405.22004103660583,PLC -> IO,0.008112
1776354916.7196534,405.28403663635254,PLC -> IO,0.003392
1776354916.7836573,405.3480405807495,PLC -> IO,0.004288
1776354916.8476686,405.41205191612244,PLC -> IO,0.000688
1776354916.911658,405.4760413169861,PLC -> IO,0.008192000000000001
1776354916.9756567,405.5400400161743,PLC -> IO,0.001088
1776354917.0396557,405.6040389537811,PLC -> IO,0.006848
1776354917.1037874,405.6681706905365,PLC -> IO,0.061152
1776354917.1676605,405.73204374313354,PLC -> IO,0.039552
1776354917.2316563,405.7960395812988,PLC -> IO,0.200432
1776354917.295658,405.8600413799286,PLC -> IO,0.5343680000000001
1776354917.3596566,405.92403984069824,PLC -> IO,0.014528000000000001
1776354917.4236634,405.98804664611816,PLC -> IO,0.0065119999999999996
1776354917.4876795,406.05206274986267,PLC -> IO,0.157792
1776354917.551657,406.11604022979736,PLC -> IO,0.263952
1776354917.6156623,406.1800456047058,PLC -> IO,0.007712
1776354917.6796677,406.24405097961426,PLC -> IO,0.006448
1776354917.7436619,406.3080451488495,PLC -> IO,0.09019200000000001
1776354917.8076527,406.3720359802246,PLC -> IO,0.006768000000000001
1776354917.8716574,406.4360406398773,PLC -> IO,0.187408
1776354917.93567,406.50005316734314,PLC -> IO,0.000672
1776354917.9996648,406.5640480518341,PLC -> IO,0.004032
1776354918.0636556,406.62803888320923,PLC -> IO,0.010448
1776354918.1276572,406.6920404434204,PLC -> IO,0.011168
1776354918.1916676,406.756050825119,PLC -> IO,0.006592
1776354918.2556581,406.82004141807556,PLC -> IO,0.008672
1776354918.3196597,406.88404297828674,PLC -> IO,0.0034879999999999998
1776354918.3836532,406.94803643226624,PLC -> IO,0.014528000000000001
1776354918.447671,407.0120542049408,PLC -> IO,0.004048
1776354918.5116673,407.07605051994324,PLC -> IO,0.003088
1776354918.5756578,407.1400411128998,PLC -> IO,0.004768
1776354918.6396596,407.20404291152954,PLC -> IO,0.003408
1776354918.7037885,407.26817178726196,PLC -> IO,0.07211200000000001
1776354918.7678096,407.33219289779663,PLC -> IO,0.407952
1776354918.8316607,407.3960440158844,PLC -> IO,0.100112
1776354918.895664,407.46004724502563,PLC -> IO,0.08212799999999999
1776354918.9596553,407.5240385532379,PLC -> IO,0.019568
1776354919.023667,407.588050365448,PLC -> IO,0.004272
1776354919.0878115,407.65219473838806,PLC -> IO,0.033472
1776354919.151659,407.71604228019714,PLC -> IO,0.008048
1776354919.2156856,407.78006887435913,PLC -> IO,0.19028799999999998
1776354919.2796776,407.84406089782715,PLC -> IO,0.007712
1776354919.343655,407.90803837776184,PLC -> IO,0.181328
1776354919.407657,407.9720401763916,PLC -> IO,0.016767999999999998
1776354919.4716775,408.0360608100891,PLC -> IO,0.12972799999999998
1776354919.535678,408.1000611782074,PLC -> IO,0.11812800000000001
1776354919.5996575,408.1640408039093,PLC -> IO,0.012512
1776354919.6636612,408.2280445098877,PLC -> IO,0.0018080000000000001
1776354919.72766,408.2920432090759,PLC -> IO,0.323648
1776354919.7916737,408.35605692863464,PLC -> IO,0.0005120000000000001
1776354919.8556607,408.4200439453125,PLC -> IO,0.008912
1776354919.9196568,408.48404002189636,PLC -> IO,0.002368
1776354919.9836597,408.548043012619,PLC -> IO,0.137248
1776354920.0476716,408.6120548248291,PLC -> IO,0.002928
1776354920.111664,408.6760473251343,PLC -> IO,0.002352
1776354920.1756587,408.74004197120667,PLC -> IO,0.000848
1776354920.2396567,408.80403995513916,PLC -> IO,0.011488
1776354920.3038516,408.868234872818,PLC -> IO,0.590928
1776354920.367663,408.93204617500305,PLC -> IO,0.012272
1776354920.431661,408.99604415893555,PLC -> IO,0.110032
1776354920.4956636,409.0600469112396,PLC -> IO,0.102768
1776354920.5596483,409.1240315437317,PLC -> IO,0.029887999999999998
1776354920.6236684,409.18805170059204,PLC -> IO,0.004912
1776354920.6876824,409.25206565856934,PLC -> IO,0.186192
1776354920.7516632,409.31604647636414,PLC -> IO,0.011008
1776354920.8156888,409.3800721168518,PLC -> IO,0.502448
1776354920.8796601,409.44404339790344,PLC -> IO,0.013872
1776354920.943663,409.5080461502075,PLC -> IO,0.0015680000000000002
1776354921.0076637,409.57204699516296,PLC -> IO,0.009008
1776354921.0716653,409.63604855537415,PLC -> IO,0.019408
1776354921.1356702,409.70005345344543,PLC -> IO,0.0077919999999999994
1776354921.199663,409.7640461921692,PLC -> IO,0.021152
1776354921.2636623,409.82804560661316,PLC -> IO,0.013727999999999999
1776354921.3276625,409.89204573631287,PLC -> IO,0.014688000000000001
1776354921.3916693,409.9560525417328,PLC -> IO,0.009871999999999999
1776354921.4556692,410.0200524330139,PLC -> IO,0.000288
1776354921.5196643,410.08404755592346,PLC -> IO,0.007232000000000001
1776354921.5836606,410.1480438709259,PLC -> IO,0.171888
1776354921.6476777,410.2120609283447,PLC -> IO,0.135568
1776354921.7116678,410.2760510444641,PLC -> IO,0.005872
1776354921.775669,410.3400523662567,PLC -> IO,0.447792
1776354921.839666,410.4040491580963,PLC -> IO,0.002928
1776354921.9038024,410.46818566322327,PLC -> IO,0.049072
1776354921.9676743,410.5320575237274,PLC -> IO,0.22588799999999998
1776354922.0316708,410.59605407714844,PLC -> IO,0.09715199999999999
1776354922.0956736,410.6600568294525,PLC -> IO,0.18012799999999998
1776354922.1596687,410.72405195236206,PLC -> IO,0.010528
1776354922.2236679,410.78805112838745,PLC -> IO,0.0077919999999999994
1776354922.2876906,410.8520739078522,PLC -> IO,0.174048
1776354922.3516634,410.9160466194153,PLC -> IO,0.008608
1776354922.4156883,410.9800715446472,PLC -> IO,0.17108800000000002
1776354922.479676,411.0440592765808,PLC -> IO,0.006448
1776354922.5436633,411.10804653167725,PLC -> IO,0.010752
1776354922.6076663,411.1720495223999,PLC -> IO,0.009648
1776354922.6717079,411.2360911369324,PLC -> IO,0.006928
1776354922.7356737,411.3000569343567,PLC -> IO,0.006592
1776354922.7996716,411.3640549182892,PLC -> IO,0.0021119999999999997
1776354922.8636622,411.4280455112457,PLC -> IO,0.014447999999999999
1776354922.927663,411.4920463562012,PLC -> IO,0.009648
1776354922.9916754,411.5560586452484,PLC -> IO,0.006592
1776354923.055664,411.6200473308563,PLC -> IO,0.009232
1776354923.1196616,411.68404483795166,PLC -> IO,0.0026079999999999996
1776354923.1836672,411.7480504512787,PLC -> IO,0.004992
1776354923.2476764,411.8120596408844,PLC -> IO,0.021392
1776354923.311831,411.87621426582336,PLC -> IO,0.9858079999999999
1776354923.3756683,411.94005155563354,PLC -> IO,2.600912
1776354923.4396799,412.00406312942505,PLC -> IO,0.008992
1776354923.503799,412.0681822299957,PLC -> IO,0.073632
1776354923.5676782,412.13206148147583,PLC -> IO,0.18500799999999998
1776354923.631667,412.19605016708374,PLC -> IO,0.724352
1776354923.6956806,412.26006388664246,PLC -> IO,0.284928
1776354923.759684,412.32406735420227,PLC -> IO,0.0008320000000000001
1776354923.8236709,412.38805413246155,PLC -> IO,0.709712
1776354923.8876634,412.4520466327667,PLC -> IO,0.18363200000000002
1776354923.9516752,412.5160584449768,PLC -> IO,0.001712
1776354924.015677,412.58006024360657,PLC -> IO,0.024032
1776354924.0796862,412.6440694332123,PLC -> IO,0.082608
1776354924.1436543,412.7080376148224,PLC -> IO,0.014287999999999999
1776354924.207675,412.7720582485199,PLC -> IO,0.0033280000000000002
1776354924.271686,412.83606934547424,PLC -> IO,0.012112
1776354924.3356721,412.9000554084778,PLC -> IO,0.014032000000000001
1776354924.3996701,412.9640533924103,PLC -> IO,0.011232
1776354924.4636788,413.02806210517883,PLC -> IO,0.091392
1776354924.527667,413.0920503139496,PLC -> IO,0.013248
1776354924.591671,413.15605425834656,PLC -> IO,0.013392
1776354924.6556644,413.22004771232605,PLC -> IO,0.003968
1776354924.7196677,413.2840509414673,PLC -> IO,0.011968
1776354924.7836823,413.3480656147003,PLC -> IO,0.6144320000000001
1776354924.8476753,413.41205859184265,PLC -> IO,0.011871999999999999
1776354924.9116719,413.4760551452637,PLC -> IO,0.000448
1776354924.9756703,413.5400536060333,PLC -> IO,0.008848
1776354925.0396733,413.604056596756,PLC -> IO,0.008688000000000001
1776354925.1038606,413.6682438850403,PLC -> IO,0.24740800000000002
1776354925.1676726,413.7320559024811,PLC -> IO,0.006672
1776354925.2316658,413.796049118042,PLC -> IO,0.118352
1776354925.29567,413.86005330085754,PLC -> IO,0.403568
1776354925.3596623,413.92404556274414,PLC -> IO,0.024448
1776354925.4236705,413.98805379867554,PLC -> IO,0.013072
1776354925.4876876,414.05207085609436,PLC -> IO,0.152992
1776354925.5516763,414.11605954170227,PLC -> IO,0.130288
1776354925.6156857,414.18006896972656,PLC -> IO,0.010992
1776354925.6796699,414.24405312538147,PLC -> IO,0.014432
1776354925.743671,414.3080542087555,PLC -> IO,0.006272000000000001
1776354925.8076727,414.37205600738525,PLC -> IO,0.005888
1776354925.8716824,414.4360656738281,PLC -> IO,0.008848
1776354925.935675,414.5000581741333,PLC -> IO,0.009552
1776354925.99967,414.56405329704285,PLC -> IO,0.010912
1776354926.0636787,414.6280620098114,PLC -> IO,0.0028320000000000003
1776354926.1276774,414.69206070899963,PLC -> IO,0.0015680000000000002
1776354926.1916788,414.75606203079224,PLC -> IO,0.0048319999999999995
1776354926.2556736,414.8200569152832,PLC -> IO,0.004752
1776354926.3196697,414.88405299186707,PLC -> IO,0.011807999999999999
1776354926.3836718,414.9480550289154,PLC -> IO,0.013088
1776354926.4476824,415.0120656490326,PLC -> IO,0.208128
1776354926.5116765,415.0760598182678,PLC -> IO,0.0038720000000000004
1776354926.5756812,415.14006447792053,PLC -> IO,0.259152
1776354926.6396818,415.2040650844574,PLC -> IO,0.022832
1776354926.7038548,415.26823806762695,PLC -> IO,0.034128000000000006
1776354926.7676735,415.33205676078796,PLC -> IO,0.18612800000000002
1776354926.8316705,415.39605379104614,PLC -> IO,0.105952
1776354926.895841,415.4602241516113,PLC -> IO,1.006688
1776354926.9596777,415.52406096458435,PLC -> IO,0.001632
1776354927.023674,415.5880572795868,PLC -> IO,0.196592
1776354927.0876915,415.6520748138428,PLC -> IO,0.13243200000000002
1776354927.1516716,415.71605491638184,PLC -> IO,0.015248000000000001
1776354927.2156818,415.78006505966187,PLC -> IO,0.014992
1776354927.2796848,415.8440680503845,PLC -> IO,0.000672
1776354927.3436732,415.90805649757385,PLC -> IO,0.17819200000000002
1776354927.407677,415.97206020355225,PLC -> IO,0.011248
1776354927.4716868,416.0360701084137,PLC -> IO,0.311952
1776354927.5356748,416.10005807876587,PLC -> IO,0.7136319999999999
1776354927.5996766,416.16405987739563,PLC -> IO,0.010752
1776354927.66368,416.22806334495544,PLC -> IO,0.003248
1776354927.7276819,416.2920651435852,PLC -> IO,0.004592000000000001
1776354927.791665,416.3560483455658,PLC -> IO,1.199872
1776354927.855678,416.4200613498688,PLC -> IO,0.0055520000000000005
1776354927.9196794,416.4840626716614,PLC -> IO,0.003248
1776354927.9836836,416.54806685447693,PLC -> IO,0.005327999999999999
1776354928.0476809,416.6120641231537,PLC -> IO,0.005712
1776354928.1116803,416.67606353759766,PLC -> IO,0.8056479999999999
1776354928.1756737,416.74005699157715,PLC -> IO,0.010448
1776354928.2396827,416.8040659427643,PLC -> IO,0.0041919999999999995
1776354928.3038025,416.8681857585907,PLC -> IO,0.052672
1776354928.3676693,416.9320526123047,PLC -> IO,0.002688
1776354928.4318433,416.99622654914856,PLC -> IO,0.211792
1776354928.4958074,417.0601906776428,PLC -> IO,0.055552
1776354928.5596843,417.12406754493713,PLC -> IO,0.107072
1776354928.6236782,417.1880614757538,PLC -> IO,0.008192000000000001
1776354928.687696,417.25207924842834,PLC -> IO,0.004111999999999999
1776354928.7516792,417.31606245040894,PLC -> IO,0.007968000000000001
1776354928.8156776,417.3800609111786,PLC -> IO,0.179232
1776354928.879688,417.4440712928772,PLC -> IO,0.18500799999999998
1776354928.943671,417.5080542564392,PLC -> IO,0.004912
1776354929.007677,417.5720603466034,PLC -> IO,0.010208
1776354929.0716896,417.6360728740692,PLC -> IO,0.008592
1776354929.135677,417.70006036758423,PLC -> IO,0.010272
1776354929.1996787,417.7640619277954,PLC -> IO,0.016912
1776354929.26368,417.828063249588,PLC -> IO,0.013328
1776354929.3276868,417.89207005500793,PLC -> IO,0.205152
1776354929.3916788,417.95606207847595,PLC -> IO,0.007872
1776354929.4556754,418.020058631897,PLC -> IO,0.018831999999999998
1776354929.5196743,418.0840575695038,PLC -> IO,0.024048
1776354929.5836883,418.1480715274811,PLC -> IO,0.238352
1776354929.6476774,418.21206068992615,PLC -> IO,0.015312
1776354929.7116745,418.2760577201843,PLC -> IO,0.7335520000000001
1776354929.7756743,418.34005761146545,PLC -> IO,0.353568
1776354929.839689,418.4040722846985,PLC -> IO,4.8e-05
1776354929.9036932,418.46807646751404,PLC -> IO,0.172608
1776354929.967677,418.53206038475037,PLC -> IO,0.006112
1776354930.0316918,418.5960750579834,PLC -> IO,0.145312
1776354930.095682,418.6600651741028,PLC -> IO,0.122288
1776354930.1596944,418.7240777015686,PLC -> IO,0.024432
1776354930.223678,418.78806138038635,PLC -> IO,0.009792
1776354930.2876995,418.8520827293396,PLC -> IO,0.007088
1776354930.3516839,418.9160671234131,PLC -> IO,0.003648
1776354930.4156802,418.9800634384155,PLC -> IO,0.032352
1776354930.4796844,419.0440676212311,PLC -> IO,0.014528000000000001
1776354930.5436726,419.10805583000183,PLC -> IO,0.008272
1776354930.6076927,419.1720759868622,PLC -> IO,0.232112
1776354930.671689,419.2360723018646,PLC -> IO,0.011248
1776354930.7356832,419.30006647109985,PLC -> IO,0.0041919999999999995
1776354930.79968,419.36406326293945,PLC -> IO,0.006112
1776354930.8636835,419.42806673049927,PLC -> IO,0.009888
1776354930.927691,419.4920742511749,PLC -> IO,0.176992
1776354930.991686,419.5560693740845,PLC -> IO,0.006432
1776354931.055681,419.62006425857544,PLC -> IO,0.003392
1776354931.1196783,419.6840615272522,PLC -> IO,0.016848
1776354931.1836843,419.7480676174164,PLC -> IO,0.18420799999999998
1776354931.2476828,419.81206607818604,PLC -> IO,0.0065119999999999996
1776354931.3116856,419.8760688304901,PLC -> IO,0.180368
1776354931.375695,419.9400782585144,PLC -> IO,0.141872
1776354931.439686,420.0040693283081,PLC -> IO,0.003408
1776354931.5036924,420.06807565689087,PLC -> IO,0.12500799999999998
1776354931.5676842,420.1320674419403,PLC -> IO,0.092192
1776354931.631693,420.19607615470886,PLC -> IO,0.09051200000000001
1776354931.6956873,420.26007056236267,PLC -> IO,0.28444800000000003
1776354931.7596784,420.3240616321564,PLC -> IO,0.192912
1776354931.8236792,420.3880624771118,PLC -> IO,0.010752
1776354931.8876963,420.45207953453064,PLC -> IO,0.097728
1776354931.9516861,420.51606941223145,PLC -> IO,0.009871999999999999
1776354932.0156815,420.58006477355957,PLC -> IO,0.025952000000000003
1776354932.079685,420.6440682411194,PLC -> IO,0.013808
1776354932.1436841,420.7080674171448,PLC -> IO,0.0070079999999999995
1776354932.2076807,420.7720639705658,PLC -> IO,0.013008
1776354932.2716885,420.83607172966003,PLC -> IO,0.001232
1776354932.33568,420.9000632762909,PLC -> IO,0.006272000000000001
1776354932.399682,420.96406531333923,PLC -> IO,0.020432
1776354932.4636726,421.0280559062958,PLC -> IO,0.017648
1776354932.5276837,421.0920670032501,PLC -> IO,0.006752
1776354932.5918028,421.1561861038208,PLC -> IO,0.274432
1776354932.6556785,421.2200617790222,PLC -> IO,0.010352
1776354932.7196977,421.28408098220825,PLC -> IO,0.17619200000000002
1776354932.7836888,421.34807205200195,PLC -> IO,0.004848
1776354932.8476837,421.4120669364929,PLC -> IO,0.22995200000000002
1776354932.91169,421.4760732650757,PLC -> IO,0.445648
1776354932.9756858,421.54006910324097,PLC -> IO,0.214608
1776354933.03969,421.6040732860565,PLC -> IO,0.129792
1776354933.103698,421.66808128356934,PLC -> IO,0.110528
1776354933.1676822,421.73206543922424,PLC -> IO,0.123552
1776354933.231683,421.7960662841797,PLC -> IO,0.021968
1776354933.2956862,421.8600695133209,PLC -> IO,0.116928
1776354933.359691,421.92407417297363,PLC -> IO,0.011552
1776354933.4236853,421.98806858062744,PLC -> IO,0.015712
1776354933.487706,422.05208921432495,PLC -> IO,0.011488
1776354933.5516949,422.11607813835144,PLC -> IO,0.6829120000000001
1776354933.6157067,422.1800899505615,PLC -> IO,0.128288
1776354933.6796927,422.24407601356506,PLC -> IO,0.006688
1776354933.7436943,422.30807757377625,PLC -> IO,0.18771200000000002
1776354933.8076897,422.37207293510437,PLC -> IO,0.011087999999999999
1776354933.8716881,422.436071395874,PLC -> IO,0.017632
1776354933.9356923,422.5000755786896,PLC -> IO,0.179168
1776354933.9996908,422.56407403945923,PLC -> IO,0.24563200000000002
1776354934.0636845,422.6280677318573,PLC -> IO,0.009728
1776354934.1276898,422.69207310676575,PLC -> IO,0.002432
1776354934.1916869,422.7560701370239,PLC -> IO,0.19571200000000002
1776354934.2556808,422.8200640678406,PLC -> IO,0.18251199999999998
1776354934.3196905,422.88407373428345,PLC -> IO,0.008608
1776354934.3836915,422.94807481765747,PLC -> IO,0.21715199999999998
1776354934.4476898,423.01207304000854,PLC -> IO,0.001712
1776354934.5116858,423.0760691165924,PLC -> IO,0.004032
1776354934.5756817,423.1400649547577,PLC -> IO,0.013888
1776354934.6396925,423.20407581329346,PLC -> IO,0.15771200000000002
1776354934.7036963,423.26807951927185,PLC -> IO,0.208448
1776354934.767685,423.33206820487976,PLC -> IO,0.18795199999999998
1776354934.831707,423.39609026908875,PLC -> IO,0.278352
1776354934.8956895,423.4600727558136,PLC -> IO,0.204928
1776354934.9596877,423.5240709781647,PLC -> IO,0.010591999999999999
1776354935.0237176,423.58810091018677,PLC -> IO,0.144432
1776354935.0877109,423.6520941257477,PLC -> IO,0.0046879999999999995
1776354935.1516955,423.71607875823975,PLC -> IO,0.15771200000000002
1776354935.2156873,423.7800705432892,PLC -> IO,0.163792
1776354935.279683,423.84406638145447,PLC -> IO,0.016848
1776354935.3436918,423.908075094223,PLC -> IO,0.008368
1776354935.407697,423.9720802307129,PLC -> IO,0.0048319999999999995
