timestamp,rel_time_s,direction,e2e_latency_ms
1776099148.0026467,0.0,IO -> PLC,1.0795
1776099148.0260708,0.023424148559570312,PLC -> IO,1.386032
1776099148.0666454,0.06399869918823242,IO -> PLC,1.06234
1776099148.0900736,0.08742690086364746,PLC -> IO,1.309352
1776099148.1306438,0.12799715995788574,IO -> PLC,1.04358
1776099148.154076,0.1514294147491455,PLC -> IO,1.307792
1776099148.1946425,0.19199585914611816,IO -> PLC,1.19676
1776099148.2180786,0.21543192863464355,PLC -> IO,1.681832
1776099148.2586412,0.2559945583343506,IO -> PLC,2.69647
1776099148.2820814,0.2794346809387207,PLC -> IO,1.252352
1776099148.3226388,0.3199920654296875,IO -> PLC,1.35653
1776099148.3460839,0.34343719482421875,PLC -> IO,1.369352
1776099148.3866374,0.3839907646179199,IO -> PLC,1.3313
1776099148.4100866,0.4074399471282959,PLC -> IO,1.493412
1776099148.450636,0.44798922538757324,IO -> PLC,1.51007
1776099148.4740891,0.47144246101379395,PLC -> IO,1.489132
1776099148.5146346,0.5119879245758057,IO -> PLC,0.95137
1776099148.5380917,0.535444974899292,PLC -> IO,1.235152
1776099148.5786333,0.5759866237640381,IO -> PLC,1.08191
1776099148.6020944,0.5994477272033691,PLC -> IO,1.452402
1776099148.6426318,0.6399850845336914,IO -> PLC,1.87006
1776099148.666097,0.6634502410888672,PLC -> IO,1.349642
1776099148.7066305,0.7039837837219238,IO -> PLC,1.05943
1776099148.7300997,0.7274529933929443,PLC -> IO,1.785062
1776099148.770628,0.7679812908172607,IO -> PLC,1.97336
1776099148.7941022,0.7914555072784424,PLC -> IO,1.485722
1776099148.8346264,0.8319797515869141,IO -> PLC,1.40458
1776099148.8581047,0.8554580211639404,PLC -> IO,1.639132
1776099148.8986251,0.8959784507751465,IO -> PLC,1.36198
1776099148.9221075,0.9194607734680176,PLC -> IO,1.228522
1776099148.9626238,0.9599771499633789,IO -> PLC,2.2924
1776099148.98611,0.9834632873535156,PLC -> IO,1.175272
1776099149.0266223,1.0239756107330322,IO -> PLC,1.52184
1776099149.0501127,1.0474660396575928,PLC -> IO,2.801132
1776099149.090621,1.0879743099212646,IO -> PLC,2.84955
1776099149.1141152,1.1114685535430908,PLC -> IO,1.656652
1776099149.1546195,1.151972770690918,IO -> PLC,1.11536
1776099149.178118,1.175471305847168,PLC -> IO,1.691412
1776099149.2186172,1.215970516204834,IO -> PLC,2.02312
1776099149.2421205,1.239473819732666,PLC -> IO,1.827312
1776099149.282616,1.2799692153930664,IO -> PLC,1.07936
1776099149.306123,1.303476333618164,PLC -> IO,1.291082
1776099149.3466144,1.3439676761627197,IO -> PLC,1.80512
1776099149.3701258,1.3674790859222412,PLC -> IO,1.213842
1776099149.410613,1.4079663753509521,IO -> PLC,1.40915
1776099149.4341283,1.4314815998077393,PLC -> IO,1.280922
1776099149.4746115,1.4719648361206055,IO -> PLC,1.9709
1776099149.498131,1.4954843521118164,PLC -> IO,1.210162
1776099149.5386102,1.535963535308838,IO -> PLC,1.19203
1776099149.5621336,1.5594868659973145,PLC -> IO,1.536532
1776099149.602609,1.5999622344970703,IO -> PLC,1.7313
1776099149.626136,1.6234893798828125,PLC -> IO,1.496022
1776099149.6666064,1.6639597415924072,IO -> PLC,1.145
1776099149.6901388,1.6874921321868896,PLC -> IO,1.341972
1776099149.730605,1.7279582023620605,IO -> PLC,1.31553
1776099149.7541413,1.7514946460723877,PLC -> IO,1.760502
1776099149.7946036,1.791956901550293,IO -> PLC,1.68352
1776099149.818144,1.8154973983764648,PLC -> IO,1.546622
1776099149.8586023,1.8559556007385254,IO -> PLC,3.7487
1776099149.8821466,1.879499912261963,PLC -> IO,1.267462
1776099149.9226007,1.9199540615081787,IO -> PLC,1.0775
1776099149.9461493,1.94350266456604,PLC -> IO,1.333332
1776099149.9865994,1.9839527606964111,IO -> PLC,1.24083
1776099150.0101519,2.007505178451538,PLC -> IO,1.466182
1776099150.050598,2.0479512214660645,IO -> PLC,1.40513
1776099150.0741544,2.071507692337036,PLC -> IO,1.431342
1776099150.1145966,2.111949920654297,IO -> PLC,1.77015
1776099150.1381571,2.1355104446411133,PLC -> IO,1.311462
1776099150.178594,2.175947427749634,IO -> PLC,1.1728
1776099150.2021596,2.1995129585266113,PLC -> IO,1.333422
1776099150.2425928,2.239946126937866,IO -> PLC,1.57566
1776099150.2661624,2.2635157108306885,PLC -> IO,1.331942
1776099150.3065915,2.3039448261260986,IO -> PLC,1.14306
1776099150.330165,2.3275182247161865,PLC -> IO,1.724562
1776099150.37059,2.367943286895752,IO -> PLC,1.13222
1776099150.3941674,2.3915207386016846,PLC -> IO,1.685862
1776099150.4345887,2.4319419860839844,IO -> PLC,1.10722
1776099150.4581702,2.4555234909057617,PLC -> IO,1.534142
1776099150.4985871,2.4959404468536377,IO -> PLC,1.47225
1776099150.5221727,2.5195260047912598,PLC -> IO,1.222252
1776099150.5625858,2.55993914604187,IO -> PLC,2.58378
1776099150.5861754,2.583528757095337,PLC -> IO,1.189482
1776099150.6265833,2.623936653137207,IO -> PLC,1.42009
1776099150.650178,2.647531270980835,PLC -> IO,1.329932
1776099150.690582,2.6879353523254395,IO -> PLC,2.17617
1776099150.7141805,2.711533784866333,PLC -> IO,1.339982
1776099150.7545805,2.7519338130950928,IO -> PLC,1.39547
1776099150.7781832,2.77553653717041,PLC -> IO,1.713322
1776099150.8185792,2.815932512283325,IO -> PLC,1.36423
1776099150.8421857,2.839539051055908,PLC -> IO,1.525262
1776099150.882578,2.8799312114715576,IO -> PLC,1.35347
1776099150.9061885,2.9035418033599854,PLC -> IO,1.509622
1776099150.9465764,2.943929672241211,IO -> PLC,1.71337
1776099150.970191,2.9675443172454834,PLC -> IO,1.378382
1776099151.010575,3.0079283714294434,IO -> PLC,1.12827
1776099151.0341938,3.0315470695495605,PLC -> IO,2.067072
1776099151.0745726,3.0719258785247803,IO -> PLC,3.57307
1776099151.0981963,3.0955495834350586,PLC -> IO,1.171732
1776099151.1385713,3.1359245777130127,IO -> PLC,1.25413
1776099151.1621988,3.1595520973205566,PLC -> IO,1.654502
1776099151.2025697,3.199923038482666,IO -> PLC,1.24753
1776099151.2262015,3.223554849624634,PLC -> IO,1.517252
1776099151.2665684,3.2639217376708984,IO -> PLC,1.22133
1776099151.290204,3.287557363510132,PLC -> IO,1.723322
1776099151.3305671,3.327920436859131,IO -> PLC,1.20643
1776099151.3542068,3.351560115814209,PLC -> IO,1.228702
1776099151.3945656,3.391918897628784,IO -> PLC,1.20287
1776099151.4182093,3.415562629699707,PLC -> IO,1.263132
1776099151.4585643,3.4559175968170166,IO -> PLC,1.56485
1776099151.482212,3.479565382003784,PLC -> IO,1.192772
1776099151.5225627,3.51991605758667,IO -> PLC,1.52233
1776099151.5462146,3.5435678958892822,PLC -> IO,1.399462
1776099151.5865605,3.583913803100586,IO -> PLC,1.5147
1776099151.610217,3.6075704097747803,PLC -> IO,1.488062
1776099151.650559,3.6479122638702393,IO -> PLC,1.12009
1776099151.6742198,3.6715731620788574,PLC -> IO,1.586102
1776099151.7145576,3.7119109630584717,IO -> PLC,1.67144
1776099151.7382224,3.7355756759643555,PLC -> IO,1.284292
1776099151.7785563,3.775909662246704,IO -> PLC,2.98586
1776099151.802225,3.7995784282684326,PLC -> IO,1.306402
1776099151.8425548,3.8399081230163574,IO -> PLC,3.74907
1776099151.8662276,3.8635809421539307,PLC -> IO,1.659262
1776099151.9065535,3.90390682220459,IO -> PLC,1.23668
1776099151.9302301,3.9275834560394287,PLC -> IO,1.622902
1776099151.9705522,3.9679055213928223,IO -> PLC,1.01719
1776099151.994233,3.991586208343506,PLC -> IO,1.439092
1776099152.0345497,4.031903028488159,IO -> PLC,2.32113
1776099152.0582354,4.055588722229004,PLC -> IO,2.223562
1776099152.0985482,4.0959014892578125,IO -> PLC,1.91932
1776099152.1222382,4.119591474533081,PLC -> IO,1.177412
1776099152.1625469,4.159900188446045,IO -> PLC,3.04318
1776099152.1862407,4.183593988418579,PLC -> IO,1.252722
1776099152.2265453,4.223898649215698,IO -> PLC,1.51987
1776099152.2502434,4.247596740722656,PLC -> IO,1.341982
1776099152.290544,4.287897348403931,IO -> PLC,2.43268
1776099152.314246,4.311599254608154,PLC -> IO,1.726112
1776099152.3545427,4.351896047592163,IO -> PLC,2.40776
1776099152.3782485,4.375601768493652,PLC -> IO,1.487982
1776099152.4185412,4.415894508361816,IO -> PLC,1.25719
1776099152.4422512,4.4396045207977295,PLC -> IO,1.486432
1776099152.482539,4.479892253875732,IO -> PLC,1.43805
1776099152.5062537,4.5036070346832275,PLC -> IO,1.248062
1776099152.5465374,4.543890714645386,IO -> PLC,1.21217
1776099152.5702565,4.567609786987305,PLC -> IO,1.210652
1776099152.610536,4.607889413833618,IO -> PLC,1.3919
1776099152.634259,4.631612300872803,PLC -> IO,1.193412
1776099152.6745348,4.671888113021851,IO -> PLC,2.3151
1776099152.6982615,4.695614814758301,PLC -> IO,1.202732
1776099152.7385333,4.735886573791504,IO -> PLC,1.35814
1776099152.7622643,4.759617567062378,PLC -> IO,1.982722
1776099152.802532,4.799885272979736,IO -> PLC,1.51428
1776099152.8262668,4.823620080947876,PLC -> IO,2.148692
1776099152.8665307,4.863883972167969,IO -> PLC,1.308
1776099152.8902695,4.887622833251953,PLC -> IO,1.242782
1776099152.930529,4.927882432937622,IO -> PLC,1.289
1776099152.954272,4.951625347137451,PLC -> IO,1.256672
1776099152.9945266,4.991879940032959,IO -> PLC,1.28328
1776099153.0182748,5.015628099441528,PLC -> IO,1.185592
1776099153.0585253,5.055878639221191,IO -> PLC,4.61197
1776099153.0822773,5.079630613327026,PLC -> IO,1.202102
1776099153.1225238,5.119877099990845,IO -> PLC,1.2393
1776099153.1462798,5.143633127212524,PLC -> IO,1.305112
1776099153.1865225,5.183875799179077,IO -> PLC,1.41703
1776099153.2102826,5.207635879516602,PLC -> IO,1.422522
1776099153.2505212,5.24787449836731,IO -> PLC,1.0161
1776099153.274285,5.2716383934021,PLC -> IO,1.676652
1776099153.3145196,5.311872959136963,IO -> PLC,1.36576
1776099153.3382878,5.335641145706177,PLC -> IO,1.882772
1776099153.3785183,5.375871658325195,IO -> PLC,1.7031
1776099153.4022903,5.399643659591675,PLC -> IO,1.430642
1776099153.4425159,5.439869165420532,IO -> PLC,1.60546
1776099153.4662929,5.463646173477173,PLC -> IO,1.339092
1776099153.5065145,5.503867864608765,IO -> PLC,1.30573
1776099153.5302956,5.52764892578125,PLC -> IO,1.597062
1776099153.5705132,5.567866563796997,IO -> PLC,1.68115
1776099153.5942981,5.591651439666748,PLC -> IO,1.552212
1776099153.6345117,5.63186502456665,IO -> PLC,1.25894
1776099153.6583009,5.655654191970825,PLC -> IO,1.681542
1776099153.6985104,5.695863723754883,IO -> PLC,1.25834
1776099153.7223034,5.719656705856323,PLC -> IO,1.175322
1776099153.7625089,5.759862184524536,IO -> PLC,2.38325
1776099153.7863061,5.7836594581604,PLC -> IO,1.342082
1776099153.8265076,5.8238608837127686,IO -> PLC,1.60229
1776099153.8503087,5.847661972045898,PLC -> IO,2.023192
1776099153.890505,5.8878583908081055,IO -> PLC,1.49233
1776099153.9143112,5.9116644859313965,PLC -> IO,1.638892
1776099153.9545038,5.951857089996338,IO -> PLC,1.1794
1776099153.978314,5.975667238235474,PLC -> IO,1.602542
1776099154.0185022,6.015855550765991,IO -> PLC,1.21705
1776099154.0423164,6.039669752120972,PLC -> IO,1.487222
1776099154.082501,6.079854249954224,IO -> PLC,1.52335
1776099154.1063192,6.103672504425049,PLC -> IO,1.201892
1776099154.1464996,6.143852949142456,IO -> PLC,2.06062
1776099154.1703217,6.167675018310547,PLC -> IO,1.189852
1776099154.210498,6.207851409912109,IO -> PLC,1.30039
1776099154.2343242,6.231677532196045,PLC -> IO,1.189902
1776099154.2744968,6.271850109100342,IO -> PLC,2.97611
1776099154.298327,6.295680284500122,PLC -> IO,1.349222
1776099154.3384943,6.335847616195679,IO -> PLC,1.25728
1776099154.3623295,6.35968279838562,PLC -> IO,1.807682
1776099154.402493,6.399846315383911,IO -> PLC,1.61103
1776099154.4263322,6.423685550689697,PLC -> IO,1.473142
1776099154.4664915,6.4638447761535645,IO -> PLC,1.60235
1776099154.4903347,6.487688064575195,PLC -> IO,1.251502
1776099154.5304902,6.527843475341797,IO -> PLC,1.19534
1776099154.5543375,6.5516908168792725,PLC -> IO,1.311472
1776099154.5944889,6.591842174530029,IO -> PLC,1.74876
1776099154.61834,6.6156933307647705,PLC -> IO,1.371422
1776099154.6584873,6.655840635299683,IO -> PLC,2.30235
1776099154.6823425,6.6796958446502686,PLC -> IO,1.204252
1776099154.722486,6.719839334487915,IO -> PLC,1.14667
1776099154.7463453,6.743698596954346,PLC -> IO,1.295822
1776099154.7864845,6.783837795257568,IO -> PLC,1.40529
1776099154.8103478,6.807701110839844,PLC -> IO,1.481312
1776099154.8504822,6.847835540771484,IO -> PLC,1.1058
1776099154.8743505,6.871703863143921,PLC -> IO,1.715682
1776099154.9144807,6.911834001541138,IO -> PLC,1.83436
1776099154.938353,6.935706377029419,PLC -> IO,1.460822
1776099154.9784794,6.97583270072937,IO -> PLC,2.00793
1776099155.0023558,6.999709129333496,PLC -> IO,1.267102
1776099155.042478,7.0398313999176025,IO -> PLC,2.27774
1776099155.0663583,7.063711643218994,PLC -> IO,1.485142
1776099155.1064765,7.103829860687256,IO -> PLC,1.03086
1776099155.1303608,7.127714157104492,PLC -> IO,1.661202
1776099155.1704752,7.167828559875488,IO -> PLC,1.00906
1776099155.1943636,7.191716909408569,PLC -> IO,1.527962
1776099155.234474,7.231827259063721,IO -> PLC,1.15495
1776099155.258366,7.255719423294067,PLC -> IO,1.497272
1776099155.2984715,7.295824766159058,IO -> PLC,1.1402
1776099155.3223689,7.3197221755981445,PLC -> IO,1.284352
1776099155.36247,7.359823226928711,IO -> PLC,3.03609
1776099155.3863714,7.383724689483643,PLC -> IO,2.088662
1776099155.4264686,7.423821926116943,IO -> PLC,1.50246
1776099155.450374,7.447727203369141,PLC -> IO,1.263312
1776099155.490467,7.487820386886597,IO -> PLC,1.27266
1776099155.5143766,7.511729955673218,PLC -> IO,1.236152
1776099155.5544658,7.551819086074829,IO -> PLC,1.45248
1776099155.5783792,7.575732469558716,PLC -> IO,1.509232
1776099155.6184645,7.6158177852630615,IO -> PLC,1.43652
1776099155.642382,7.639735221862793,PLC -> IO,1.911692
1776099155.682463,7.679816246032715,IO -> PLC,1.20879
1776099155.7063844,7.703737735748291,PLC -> IO,1.147792
1776099155.7464616,7.743814945220947,IO -> PLC,2.15024
1776099155.7703872,7.767740488052368,PLC -> IO,1.291282
1776099155.8104594,7.807812690734863,IO -> PLC,1.20256
1776099155.8343897,7.831743001937866,PLC -> IO,1.400532
1776099155.8744578,7.871811151504517,IO -> PLC,2.49331
1776099155.8983922,7.895745515823364,PLC -> IO,1.329842
1776099155.9384565,7.935809850692749,IO -> PLC,1.72476
1776099155.962395,7.959748268127441,PLC -> IO,1.691662
1776099156.002455,7.999808311462402,IO -> PLC,1.13334
1776099156.0263975,8.02375078201294,PLC -> IO,1.506572
1776099156.0664537,8.063807010650635,IO -> PLC,1.66533
1776099156.0904002,8.087753534317017,PLC -> IO,1.257482
1776099156.1304524,8.127805709838867,IO -> PLC,1.27375
1776099156.1544027,8.151756048202515,PLC -> IO,1.170962
1776099156.1944509,8.19180417060852,IO -> PLC,1.62966
1776099156.2184055,8.215758800506592,PLC -> IO,1.213652
1776099156.2584484,8.255801677703857,IO -> PLC,2.37566
1776099156.282408,8.27976131439209,PLC -> IO,1.484512
1776099156.322447,8.31980037689209,IO -> PLC,1.41854
1776099156.3464105,8.343763828277588,PLC -> IO,1.550472
1776099156.3864455,8.383798837661743,IO -> PLC,1.20313
1776099156.4104133,8.407766580581665,PLC -> IO,1.752922
1776099156.4504442,8.447797536849976,IO -> PLC,1.1943
1776099156.4744158,8.471769094467163,PLC -> IO,1.463912
1776099156.514443,8.511796236038208,IO -> PLC,1.16618
1776099156.5384185,8.53577184677124,PLC -> IO,1.303302
1776099156.5784414,8.575794696807861,IO -> PLC,2.2718
1776099156.602421,8.599774360656738,PLC -> IO,1.234782
1776099156.64244,8.639793395996094,IO -> PLC,2.1216
1776099156.6664236,8.663776874542236,PLC -> IO,1.311302
1776099156.7064376,8.70379090309143,IO -> PLC,1.30305
1776099156.7304263,8.727779626846313,PLC -> IO,1.567262
1776099156.7704363,8.767789602279663,IO -> PLC,1.26773
1776099156.7944288,8.791782140731812,PLC -> IO,1.402022
1776099156.834435,8.831788301467896,IO -> PLC,1.23737
1776099156.8584316,8.855784893035889,PLC -> IO,1.778782
1776099156.8984334,8.895786762237549,IO -> PLC,1.4355
1776099156.922434,8.919787406921387,PLC -> IO,1.306422
1776099156.9624321,8.959785461425781,IO -> PLC,3.12371
1776099156.9864368,8.983790159225464,PLC -> IO,1.491342
1776099157.0264306,9.023783922195435,IO -> PLC,3.54002
1776099157.0504394,9.047792673110962,PLC -> IO,2.568142
1776099157.0904293,9.087782621383667,IO -> PLC,1.37684
1776099157.1144419,9.11179518699646,PLC -> IO,1.288302
1776099157.1544268,9.151780128479004,IO -> PLC,1.52969
1776099157.1784446,9.175797939300537,PLC -> IO,1.457872
1776099157.2184255,9.215778827667236,IO -> PLC,1.34181
1776099157.2424471,9.239800453186035,PLC -> IO,1.626002
1776099157.2824242,9.279777526855469,IO -> PLC,2.27126
1776099157.30645,9.303803205490112,PLC -> IO,1.153142
1776099157.3464227,9.343775987625122,IO -> PLC,1.07677
1776099157.3704524,9.36780571937561,PLC -> IO,1.308712
1776099157.4104214,9.407774686813354,IO -> PLC,1.27083
1776099157.434455,9.431808233261108,PLC -> IO,1.301152
1776099157.4744198,9.471773147583008,IO -> PLC,2.20612
1776099157.4984577,9.495810985565186,PLC -> IO,1.291502
1776099157.5384185,9.53577184677124,IO -> PLC,1.23611
1776099157.5624602,9.559813499450684,PLC -> IO,1.745322
1776099157.6024172,9.599770545959473,IO -> PLC,1.38689
1776099157.626463,9.62381625175476,PLC -> IO,1.626482
1776099157.6664147,9.66376805305481,IO -> PLC,1.38749
1776099157.6904655,9.687818765640259,PLC -> IO,1.209472
1776099157.7304132,9.727766513824463,IO -> PLC,1.1688
1776099157.7544682,9.751821517944336,PLC -> IO,1.180872
1776099157.794412,9.791765213012695,IO -> PLC,1.83201
1776099157.8184707,9.815824031829834,PLC -> IO,1.123632
1776099157.8584106,9.855763912200928,IO -> PLC,4.37201
1776099157.8824732,9.879826545715332,PLC -> IO,1.175122
1776099157.922409,9.919762372970581,IO -> PLC,1.30759
1776099157.946476,9.94382929801941,PLC -> IO,1.761412
1776099157.9864078,9.983761072158813,IO -> PLC,1.46804
1776099158.0104785,10.007831811904907,PLC -> IO,1.542492
1776099158.0504062,10.047759532928467,IO -> PLC,1.46217
1776099158.0744812,10.071834564208984,PLC -> IO,1.489262
1776099158.114404,10.111757278442383,IO -> PLC,1.24068
1776099158.1384838,10.135837078094482,PLC -> IO,1.237042
1776099158.1784027,10.175755977630615,IO -> PLC,1.41513
1776099158.2024865,10.19983983039856,PLC -> IO,1.367252
1776099158.2424011,10.239754438400269,IO -> PLC,2.38331
1776099158.266489,10.263842344284058,PLC -> IO,1.274322
1776099158.3063998,10.303753137588501,IO -> PLC,1.1837
1776099158.3304915,10.327844858169556,PLC -> IO,1.573902
1776099158.3703983,10.367751598358154,IO -> PLC,1.73913
1776099158.3944943,10.391847610473633,PLC -> IO,1.370162
1776099158.434397,10.431750297546387,IO -> PLC,1.92206
1776099158.4584968,10.45585012435913,PLC -> IO,2.006872
1776099158.4983957,10.49574899673462,IO -> PLC,1.50681
1776099158.5224996,10.519852876663208,PLC -> IO,1.288652
1776099158.5623932,10.559746503829956,IO -> PLC,2.62562
1776099158.586502,10.583855390548706,PLC -> IO,1.263962
1776099158.6263916,10.62374496459961,IO -> PLC,1.47002
1776099158.6505046,10.647857904434204,PLC -> IO,1.258642
1776099158.6903903,10.687743663787842,IO -> PLC,1.2523
1776099158.7145073,10.711860656738281,PLC -> IO,1.600452
1776099158.754389,10.751742362976074,IO -> PLC,1.6122
1776099158.7785099,10.77586317062378,PLC -> IO,1.688332
1776099158.8183875,10.815740823745728,IO -> PLC,1.41103
1776099158.8425126,10.839865922927856,PLC -> IO,1.465092
1776099158.8823862,10.87973952293396,IO -> PLC,0.67632
1776099158.9065151,10.903868436813354,PLC -> IO,1.134792
1776099158.9463847,10.943737983703613,IO -> PLC,2.33068
1776099158.9705179,10.967871189117432,PLC -> IO,1.848952
1776099159.0103834,11.007736682891846,IO -> PLC,1.37981
1776099159.0345204,11.03187370300293,PLC -> IO,3.786322
1776099159.074381,11.071734428405762,IO -> PLC,1.28001
1776099159.098523,11.095876216888428,PLC -> IO,1.245722
1776099159.1383796,11.135732889175415,IO -> PLC,2.63844
1776099159.1625257,11.159878969192505,PLC -> IO,1.770102
1776099159.2023783,11.199731588363647,IO -> PLC,1.30554
1776099159.2265282,11.223881483078003,PLC -> IO,1.443972
1776099159.2663767,11.2637300491333,IO -> PLC,1.27326
1776099159.290531,11.28788423538208,PLC -> IO,1.249932
1776099159.3303754,11.327728748321533,IO -> PLC,1.44291
1776099159.3545334,11.351886749267578,PLC -> IO,1.266522
1776099159.3943741,11.391727447509766,IO -> PLC,1.4372
1776099159.4185362,11.415889501571655,PLC -> IO,1.263682
1776099159.4583726,11.455725908279419,IO -> PLC,3.31478
1776099159.4825387,11.479892015457153,PLC -> IO,1.724702
1776099159.52237,11.519723415374756,IO -> PLC,1.20888
1776099159.5465412,11.543894529342651,PLC -> IO,1.435442
1776099159.5863688,11.583722114562988,IO -> PLC,1.09052
1776099159.610544,11.607897281646729,PLC -> IO,1.476452
1776099159.6503675,11.64772081375122,IO -> PLC,1.15753
1776099159.6745465,11.671899795532227,PLC -> IO,1.450572
1776099159.714366,11.711719274520874,IO -> PLC,1.3403
1776099159.7385492,11.735902547836304,PLC -> IO,1.243002
1776099159.7783647,11.775717973709106,IO -> PLC,1.87845
1776099159.8025517,11.799905061721802,PLC -> IO,1.240312
1776099159.842363,11.83971643447876,IO -> PLC,3.99972
1776099159.8665543,11.8639075756073,PLC -> IO,1.952462
1776099159.9063618,11.903715133666992,IO -> PLC,1.27532
1776099159.930557,11.927910327911377,PLC -> IO,1.695942
1776099159.9703593,11.967712640762329,IO -> PLC,1.07423
1776099159.9945595,11.991912841796875,PLC -> IO,1.689342
1776099160.034358,12.031711339950562,IO -> PLC,1.62038
1776099160.0585623,12.055915594100952,PLC -> IO,1.763702
1776099160.0983567,12.095710039138794,IO -> PLC,1.60659
1776099160.1225648,12.11991810798645,PLC -> IO,1.270282
1776099160.1623552,12.159708499908447,IO -> PLC,3.29679
1776099160.1865675,12.183920860290527,PLC -> IO,1.302332
1776099160.226354,12.22370719909668,IO -> PLC,1.38234
1776099160.25057,12.247923374176025,PLC -> IO,1.264932
1776099160.2903523,12.287705659866333,IO -> PLC,0.64372
1776099160.3145726,12.311925888061523,PLC -> IO,1.215042
1776099160.354351,12.351704359054565,IO -> PLC,1.32812
1776099160.3785753,12.3759286403656,PLC -> IO,1.430932
1776099160.4183486,12.415701866149902,IO -> PLC,1.49865
1776099160.4425778,12.439931154251099,PLC -> IO,1.433612
1776099160.4823472,12.479700565338135,IO -> PLC,1.11316
1776099160.5065806,12.503933906555176,PLC -> IO,1.280052
1776099160.546346,12.543699264526367,IO -> PLC,1.27849
1776099160.570583,12.567936420440674,PLC -> IO,1.445692
1776099160.6103444,12.60769772529602,IO -> PLC,1.4335
1776099160.6345856,12.631938934326172,PLC -> IO,1.334452
1776099160.674343,12.671696424484253,IO -> PLC,1.36667
1776099160.6985884,12.695941686630249,PLC -> IO,1.198732
1776099160.7383418,12.735695123672485,IO -> PLC,1.41216
1776099160.762591,12.759944200515747,PLC -> IO,1.740782
1776099160.8023403,12.799693584442139,IO -> PLC,1.18739
1776099160.8265936,12.823946952819824,PLC -> IO,1.429942
1776099160.866339,12.863692283630371,IO -> PLC,1.00047
1776099160.8905962,12.887949466705322,PLC -> IO,1.212132
1776099160.9303365,12.927689790725708,IO -> PLC,1.33788
1776099160.954599,12.9519522190094,PLC -> IO,1.139042
1776099160.994335,12.991688251495361,IO -> PLC,1.51146
1776099161.0186014,13.015954732894897,PLC -> IO,1.272772
1776099161.0583336,13.055686950683594,IO -> PLC,0.8066
1776099161.082604,13.079957246780396,PLC -> IO,1.311282
1776099161.1223323,13.119685649871826,IO -> PLC,1.48267
1776099161.1466067,13.143959999084473,PLC -> IO,1.531822
1776099161.1863308,13.18368411064148,IO -> PLC,1.09214
1776099161.2106092,13.20796251296997,PLC -> IO,1.607452
1776099161.2503295,13.247682809829712,IO -> PLC,1.45724
1776099161.274612,13.271965265274048,PLC -> IO,1.536372
1776099161.3143282,13.311681509017944,IO -> PLC,1.4188
1776099161.3386145,13.335967779159546,PLC -> IO,1.211452
1776099161.3783257,13.375679016113281,IO -> PLC,2.13008
1776099161.4026172,13.399970531463623,PLC -> IO,1.157482
1776099161.4423244,13.439677715301514,IO -> PLC,1.92164
1776099161.4666197,13.463973045349121,PLC -> IO,1.269852
1776099161.5063229,13.503676176071167,IO -> PLC,1.37638
1776099161.5306222,13.52797555923462,PLC -> IO,1.795422
1776099161.5703216,13.5676748752594,IO -> PLC,1.3565
1776099161.594625,13.591978311538696,PLC -> IO,1.649302
1776099161.6343203,13.631673574447632,IO -> PLC,1.33631
1776099161.6586275,13.655980825424194,PLC -> IO,1.591752
1776099161.6983187,13.695672035217285,IO -> PLC,1.68605
1776099161.7226303,13.719983577728271,PLC -> IO,1.269532
1776099161.7623174,13.759670734405518,IO -> PLC,3.18376
1776099161.7866328,13.78398609161377,PLC -> IO,1.396062
1776099161.8263159,13.823669195175171,IO -> PLC,2.02927
1776099161.8506353,13.847988605499268,PLC -> IO,1.220732
1776099161.8903134,13.887666702270508,IO -> PLC,0.73238
1776099161.914638,13.911991357803345,PLC -> IO,1.232142
1776099161.954312,13.95166540145874,IO -> PLC,1.22837
1776099161.9786406,13.975993871688843,PLC -> IO,1.464352
1776099162.0183108,14.015664100646973,IO -> PLC,1.38874
1776099162.0426433,14.03999662399292,PLC -> IO,1.792312
1776099162.0823092,14.079662561416626,IO -> PLC,1.38599
1776099162.1066458,14.103999137878418,PLC -> IO,1.348102
1776099162.146308,14.143661260604858,IO -> PLC,1.36811
1776099162.1706486,14.168001890182495,PLC -> IO,1.295502
1776099162.2103066,14.20765995979309,IO -> PLC,1.34711
1776099162.234651,14.232004404067993,PLC -> IO,1.222822
1776099162.274305,14.271658420562744,IO -> PLC,1.13876
1776099162.2986536,14.296006917953491,PLC -> IO,1.268862
1776099162.3383029,14.33565616607666,IO -> PLC,1.29697
1776099162.3626564,14.360009670257568,PLC -> IO,1.741802
1776099162.4023013,14.399654626846313,IO -> PLC,1.47262
1776099162.4266589,14.424012184143066,PLC -> IO,1.764892
1776099162.4663,14.463653326034546,IO -> PLC,1.07688
1776099162.4906616,14.488014936447144,PLC -> IO,1.291782
1776099162.5302985,14.5276517868042,IO -> PLC,1.23606
1776099162.5546641,14.552017450332642,PLC -> IO,1.304632
1776099162.5942972,14.591650485992432,IO -> PLC,2.93843
1776099162.618667,14.616020202636719,PLC -> IO,1.308182
1776099162.6582959,14.655649185180664,IO -> PLC,2.50397
1776099162.6826694,14.680022716522217,PLC -> IO,1.275982
1776099162.7222943,14.719647645950317,IO -> PLC,1.18956
1776099162.746672,14.744025230407715,PLC -> IO,1.410992
1776099162.786292,14.783645391464233,IO -> PLC,1.16344
1776099162.8106747,14.808027982711792,PLC -> IO,1.506382
1776099162.8502905,14.847643852233887,IO -> PLC,1.91248
1776099162.8746772,14.87203049659729,PLC -> IO,2.096692
1776099162.9142892,14.91164255142212,IO -> PLC,1.32825
1776099162.93868,14.936033248901367,PLC -> IO,1.204772
1776099162.9782877,14.975641012191772,IO -> PLC,1.31543
1776099163.0026824,15.000035762786865,PLC -> IO,1.295862
1776099163.0422864,15.039639711380005,IO -> PLC,2.63601
1776099163.066685,15.064038276672363,PLC -> IO,2.322422
1776099163.106285,15.103638410568237,IO -> PLC,1.26327
1776099163.1306877,15.12804102897644,PLC -> IO,1.693542
1776099163.1702836,15.16763687133789,IO -> PLC,1.62829
1776099163.1946902,15.192043542861938,PLC -> IO,1.509582
1776099163.234281,15.231634378433228,IO -> PLC,1.79874
1776099163.258693,15.256046295166016,PLC -> IO,1.629612
1776099163.2982798,15.29563307762146,IO -> PLC,1.00883
1776099163.3226955,15.320048809051514,PLC -> IO,1.269402
1776099163.3622785,15.359631776809692,IO -> PLC,0.84448
1776099163.3866982,15.38405156135559,PLC -> IO,1.500662
1776099163.426277,15.423630237579346,IO -> PLC,1.73888
1776099163.4507008,15.448054075241089,PLC -> IO,1.231162
1776099163.4902756,15.487628936767578,IO -> PLC,1.1321
1776099163.5147033,15.512056589126587,PLC -> IO,1.407612
1776099163.554274,15.551627397537231,IO -> PLC,1.1143
1776099163.578706,15.576059341430664,PLC -> IO,2.012962
1776099163.6182728,15.615626096725464,IO -> PLC,1.87246
1776099163.6427085,15.640061855316162,PLC -> IO,1.708832
1776099163.6822715,15.679624795913696,IO -> PLC,1.4756
1776099163.7067113,15.70406460762024,PLC -> IO,1.287412
1776099163.746269,15.743622303009033,IO -> PLC,1.83775
1776099163.7707138,15.768067121505737,PLC -> IO,1.244252
1776099163.8102677,15.807621002197266,IO -> PLC,1.43578
1776099163.8347163,15.832069635391235,PLC -> IO,1.449822
1776099163.8742661,15.871619462966919,IO -> PLC,1.52751
1776099163.898719,15.896072387695312,PLC -> IO,1.226412
1776099163.9382648,15.935618162155151,IO -> PLC,1.2045
1776099163.9627216,15.96007490158081,PLC -> IO,1.881672
1776099164.0022635,15.999616861343384,IO -> PLC,1.36567
1776099164.0267243,16.024077653884888,PLC -> IO,1.393462
1776099164.066262,16.063615322113037,IO -> PLC,1.34691
1776099164.0907269,16.088080167770386,PLC -> IO,1.109082
1776099164.1302607,16.12761402130127,IO -> PLC,1.71594
1776099164.1547296,16.152082920074463,PLC -> IO,1.347222
1776099164.1942582,16.191611528396606,IO -> PLC,1.89047
1776099164.218732,16.21608543395996,PLC -> IO,1.417662
1776099164.258257,16.25561022758484,IO -> PLC,3.94221
1776099164.2827346,16.28008794784546,PLC -> IO,1.319532
1776099164.3222554,16.319608688354492,IO -> PLC,1.07836
1776099164.3467374,16.344090700149536,PLC -> IO,1.418782
1776099164.386254,16.383607387542725,IO -> PLC,2.01173
1776099164.41074,16.408093214035034,PLC -> IO,1.477462
1776099164.4502525,16.447605848312378,IO -> PLC,1.41952
1776099164.4747427,16.47209596633911,PLC -> IO,1.454072
1776099164.5142512,16.51160454750061,IO -> PLC,1.21307
1776099164.5387452,16.53609848022461,PLC -> IO,1.183382
1776099164.57825,16.575603246688843,IO -> PLC,1.40312
1776099164.602748,16.600101232528687,PLC -> IO,1.170052
1776099164.6422474,16.63960075378418,IO -> PLC,2.73587
1776099164.6667504,16.664103746414185,PLC -> IO,1.485792
1776099164.7062461,16.703599452972412,IO -> PLC,1.90267
1776099164.730753,16.728106260299683,PLC -> IO,1.697512
1776099164.7702446,16.767597913742065,IO -> PLC,1.13949
1776099164.7947557,16.79210901260376,PLC -> IO,1.581562
1776099164.8342433,16.831596612930298,IO -> PLC,1.49827
1776099164.8587582,16.856111526489258,PLC -> IO,1.564872
1776099164.898242,16.89559531211853,IO -> PLC,1.29095
1776099164.922761,16.920114278793335,PLC -> IO,1.246972
1776099164.9622405,16.959593772888184,IO -> PLC,3.02627
1776099164.9867635,16.984116792678833,PLC -> IO,1.189332
1776099165.0262392,17.023592472076416,IO -> PLC,2.02011
1776099165.050766,17.04811930656433,PLC -> IO,2.715512
1776099165.0902376,17.08759093284607,IO -> PLC,1.41444
1776099165.1147687,17.112122058868408,PLC -> IO,1.170692
1776099165.1542354,17.151588678359985,IO -> PLC,1.21209
1776099165.1787713,17.176124572753906,PLC -> IO,1.546502
1776099165.2182338,17.21558713912964,IO -> PLC,1.37742
1776099165.242774,17.240127325057983,PLC -> IO,1.570462
1776099165.2822325,17.27958583831787,IO -> PLC,1.91773
1776099165.3067765,17.30412983894348,PLC -> IO,1.263612
1776099165.346231,17.343584299087524,IO -> PLC,1.33862
1776099165.3707793,17.36813259124756,PLC -> IO,1.367972
1776099165.4102297,17.407582998275757,IO -> PLC,1.68612
1776099165.4347818,17.432135105133057,PLC -> IO,1.365532
1776099165.4742284,17.47158169746399,IO -> PLC,1.30688
1776099165.4987843,17.496137619018555,PLC -> IO,1.262932
1776099165.5382268,17.535580158233643,IO -> PLC,1.45773
1776099165.562787,17.560140371322632,PLC -> IO,1.719632
1776099165.6022246,17.59957790374756,IO -> PLC,1.25976
1776099165.6267896,17.62414288520813,PLC -> IO,1.951672
1776099165.666223,17.663576364517212,IO -> PLC,1.25101
1776099165.6907923,17.688145637512207,PLC -> IO,1.304732
1776099165.7302217,17.727575063705444,IO -> PLC,1.23513
1776099165.7547948,17.752148151397705,PLC -> IO,1.252532
1776099165.7942202,17.791573524475098,IO -> PLC,1.39847
1776099165.8187973,17.816150665283203,PLC -> IO,1.270732
1776099165.858219,17.85557222366333,IO -> PLC,5.3691
1776099165.8828,17.88015341758728,PLC -> IO,1.259102
1776099165.9222176,17.919570922851562,IO -> PLC,1.36984
1776099165.9468026,17.94415593147278,PLC -> IO,1.445942
1776099165.986216,17.983569383621216,IO -> PLC,1.52397
1776099166.0108054,18.008158683776855,PLC -> IO,1.626862
1776099166.0502138,18.047567129135132,IO -> PLC,1.31552
1776099166.074808,18.072161197662354,PLC -> IO,1.186982
1776099166.1142123,18.111565589904785,IO -> PLC,1.10916
1776099166.1388106,18.13616394996643,PLC -> IO,1.159412
1776099166.178211,18.175564289093018,IO -> PLC,1.86748
1776099166.2028131,18.20016646385193,PLC -> IO,1.307792
1776099166.2422094,18.23956274986267,IO -> PLC,2.82853
1776099166.2668157,18.264168977737427,PLC -> IO,1.393262
1776099166.3062081,18.303561449050903,IO -> PLC,1.24586
1776099166.3308184,18.328171730041504,PLC -> IO,1.676272
1776099166.3702068,18.367560148239136,IO -> PLC,1.04478
1776099166.394821,18.392174243927002,PLC -> IO,1.534552
1776099166.4342053,18.43155860900879,IO -> PLC,1.7815
1776099166.4588237,18.45617699623108,PLC -> IO,1.639862
1776099166.498204,18.49555730819702,IO -> PLC,1.37345
1776099166.5228262,18.520179510116577,PLC -> IO,1.202842
1776099166.5622015,18.55955481529236,IO -> PLC,2.88332
1776099166.586829,18.584182262420654,PLC -> IO,1.310732
1776099166.6262002,18.62355351448059,IO -> PLC,2.09837
1776099166.6508315,18.648184776306152,PLC -> IO,1.864542
1776099166.6901987,18.687551975250244,IO -> PLC,1.3135
1776099166.714834,18.71218729019165,PLC -> IO,1.576252
1776099166.7541974,18.751550674438477,IO -> PLC,1.67661
1776099166.7788367,18.776190042495728,PLC -> IO,1.671252
1776099166.8181958,18.81554913520813,IO -> PLC,1.84394
1776099166.8428392,18.840192556381226,PLC -> IO,1.743462
1776099166.8821945,18.879547834396362,IO -> PLC,1.27819
1776099166.906842,18.904195308685303,PLC -> IO,1.264692
1776099166.9461932,18.943546533584595,IO -> PLC,1.4324
1776099166.9708445,18.9681978225708,PLC -> IO,1.223612
1776099167.0101907,19.00754404067993,IO -> PLC,1.58758
1776099167.034847,19.0322003364563,PLC -> IO,3.669582
1776099167.0741894,19.071542739868164,IO -> PLC,5.41284
1776099167.0988498,19.096203088760376,PLC -> IO,1.213222
1776099167.138188,19.135541200637817,IO -> PLC,1.18813
1776099167.1628523,19.160205602645874,PLC -> IO,1.997362
1776099167.2021866,19.19953989982605,IO -> PLC,1.7406
1776099167.226855,19.22420835494995,PLC -> IO,1.679472
1776099167.2661853,19.263538599014282,IO -> PLC,2.09746
1776099167.2908576,19.28821086883545,PLC -> IO,1.294612
1776099167.3301837,19.327537059783936,IO -> PLC,1.8695
1776099167.3548603,19.352213621139526,PLC -> IO,1.229852
1776099167.3941824,19.391535758972168,IO -> PLC,0.99367
1776099167.4188628,19.416216135025024,PLC -> IO,1.238052
1776099167.45818,19.455533266067505,IO -> PLC,2.61299
1776099167.4828653,19.480218648910522,PLC -> IO,1.273542
1776099167.5221786,19.519531965255737,IO -> PLC,1.24441
1776099167.546868,19.5442214012146,PLC -> IO,1.405102
1776099167.586177,19.58353042602539,IO -> PLC,1.23077
1776099167.6108706,19.608223915100098,PLC -> IO,1.472992
1776099167.6501758,19.647529125213623,IO -> PLC,1.21369
1776099167.6748734,19.672226667404175,PLC -> IO,1.664712
1776099167.7141743,19.711527585983276,IO -> PLC,2.15131
1776099167.7388759,19.736229181289673,PLC -> IO,1.302742
1776099167.778173,19.77552628517151,IO -> PLC,1.88254
1776099167.8028784,19.80023169517517,PLC -> IO,1.443512
1776099167.8421717,19.83952498435974,IO -> PLC,4.58535
1776099167.8668811,19.864234447479248,PLC -> IO,1.239212
1776099167.9061692,19.903522491455078,IO -> PLC,1.70526
1776099167.9308836,19.928236961364746,PLC -> IO,1.535672
1776099167.9701679,19.96752119064331,IO -> PLC,1.32689
1776099167.9948864,19.992239713668823,PLC -> IO,1.471622
1776099168.0341663,20.031519651412964,IO -> PLC,1.2855
1776099168.058889,20.05624222755432,PLC -> IO,1.453662
1776099168.098165,20.095518350601196,IO -> PLC,1.08209
1776099168.1228917,20.1202449798584,PLC -> IO,1.183142
1776099168.1621637,20.15951704978943,IO -> PLC,1.63664
1776099168.1868942,20.184247493743896,PLC -> IO,1.159492
1776099168.2261622,20.223515510559082,IO -> PLC,2.19527
1776099168.2508967,20.248250007629395,PLC -> IO,1.292022
1776099168.290161,20.287514209747314,IO -> PLC,1.78514
1776099168.3148994,20.31225275993347,PLC -> IO,1.823602
1776099168.3541594,20.351512670516968,IO -> PLC,1.199
1776099168.378902,20.37625527381897,PLC -> IO,1.646512
1776099168.418157,20.415510416030884,IO -> PLC,0.99143
1776099168.4429047,20.440258026123047,PLC -> IO,1.629432
1776099168.4821556,20.479508876800537,IO -> PLC,1.34325
1776099168.5069072,20.504260540008545,PLC -> IO,1.289392
1776099168.5461543,20.54350757598877,IO -> PLC,2.46928
1776099168.57091,20.568263292312622,PLC -> IO,1.269742
1776099168.6101527,20.607506036758423,IO -> PLC,0.97685
1776099168.6349125,20.63226580619812,PLC -> IO,1.198742
1776099168.6741514,20.671504735946655,IO -> PLC,1.29859
1776099168.698915,20.696268320083618,PLC -> IO,1.189022
1776099168.7381501,20.735503435134888,IO -> PLC,1.28183
1776099168.7629178,20.760271072387695,PLC -> IO,1.540742
1776099168.8021486,20.79950189590454,IO -> PLC,1.25883
1776099168.8269203,20.824273586273193,PLC -> IO,1.515032
1776099168.8661463,20.863499641418457,IO -> PLC,1.40985
1776099168.890923,20.88827633857727,PLC -> IO,1.277462
1776099168.9301448,20.92749810218811,IO -> PLC,1.03252
1776099168.9549255,20.95227885246277,PLC -> IO,1.219262
1776099168.9941435,20.991496801376343,IO -> PLC,1.56451
1776099169.018928,21.016281366348267,PLC -> IO,1.405072
1776099169.058142,21.055495262145996,IO -> PLC,2.27986
1776099169.0829308,21.080284118652344,PLC -> IO,1.224952
1776099169.1221406,21.11949396133423,IO -> PLC,1.16098
1776099169.1469333,21.144286632537842,PLC -> IO,1.362432
1776099169.1861393,21.18349266052246,IO -> PLC,2.27356
1776099169.210936,21.20828938484192,PLC -> IO,2.130192
1776099169.2501378,21.247491121292114,IO -> PLC,1.11491
1776099169.2749386,21.272291898727417,PLC -> IO,1.605172
1776099169.3141356,21.31148886680603,IO -> PLC,1.6613
1776099169.3389413,21.336294651031494,PLC -> IO,1.297362
1776099169.378134,21.375487327575684,IO -> PLC,2.0416
1776099169.4029438,21.400297164916992,PLC -> IO,1.347092
1776099169.4421327,21.439486026763916,IO -> PLC,1.79444
1776099169.4669464,21.46429967880249,PLC -> IO,1.256722
1776099169.5061312,21.50348448753357,IO -> PLC,1.2175
1776099169.530949,21.528302431106567,PLC -> IO,1.515262
1776099169.5701299,21.5674831867218,IO -> PLC,0.86761
1776099169.5949516,21.592304944992065,PLC -> IO,1.701552
1776099169.6341286,21.631481885910034,IO -> PLC,1.36071
1776099169.6589544,21.656307697296143,PLC -> IO,1.588862
1776099169.698127,21.695480346679688,IO -> PLC,1.18004
1776099169.722957,21.72031021118164,PLC -> IO,1.167122
1776099169.7621257,21.75947904586792,IO -> PLC,2.29677
1776099169.7869594,21.78431272506714,PLC -> IO,1.153882
1776099169.8261232,21.823476552963257,IO -> PLC,1.77199
1776099169.8509622,21.848315477371216,PLC -> IO,1.454652
1776099169.890122,21.88747525215149,IO -> PLC,1.49594
1776099169.9149647,21.912317991256714,PLC -> IO,1.939592
1776099169.9541204,21.951473712921143,IO -> PLC,1.2619
1776099169.9789674,21.97632074356079,PLC -> IO,1.554582
1776099170.018119,22.015472412109375,IO -> PLC,1.44987
1776099170.04297,22.04032325744629,PLC -> IO,1.528462
1776099170.0821176,22.07947087287903,IO -> PLC,1.42792
1776099170.1069727,22.104326009750366,PLC -> IO,1.244972
1776099170.1461163,22.14346957206726,IO -> PLC,1.80302
1776099170.1709752,22.168328523635864,PLC -> IO,1.309252
1776099170.210115,22.207468271255493,IO -> PLC,2.54093
1776099170.2349777,22.232331037521362,PLC -> IO,1.274012
1776099170.2741125,22.27146577835083,IO -> PLC,1.0054
1776099170.2989805,22.29633378982544,PLC -> IO,1.165892
1776099170.3381112,22.335464477539062,IO -> PLC,0.62798
1776099170.362983,22.360336303710938,PLC -> IO,1.514512
1776099170.4021096,22.399462938308716,IO -> PLC,1.33814
1776099170.4269857,22.424339056015015,PLC -> IO,1.554142
1776099170.4661083,22.46346163749695,IO -> PLC,1.3253
1776099170.4909883,22.488341569900513,PLC -> IO,1.255532
1776099170.530107,22.52746033668518,IO -> PLC,1.496
1776099170.5549908,22.55234408378601,PLC -> IO,1.212692
1776099170.5941055,22.591458797454834,IO -> PLC,2.59721
1776099170.6189935,22.616346836090088,PLC -> IO,1.190012
1776099170.6581042,22.655457496643066,IO -> PLC,1.35568
1776099170.682996,22.680349349975586,PLC -> IO,1.819672
1776099170.7221017,22.719455003738403,IO -> PLC,1.05915
1776099170.7469988,22.744352102279663,PLC -> IO,2.132202
1776099170.7861001,22.783453464508057,IO -> PLC,1.22673
1776099170.8110013,22.80835461616516,PLC -> IO,1.657032
1776099170.8500988,22.84745216369629,IO -> PLC,1.38894
1776099170.875004,22.87235736846924,PLC -> IO,1.484172
1776099170.9140975,22.91145086288452,IO -> PLC,2.49839
1776099170.9390066,22.936359882354736,PLC -> IO,1.278452
1776099170.978096,22.975449323654175,IO -> PLC,2.11394
1776099171.003009,23.000362396240234,PLC -> IO,1.821952
1776099171.0420947,23.039448022842407,IO -> PLC,3.27173
1776099171.0670118,23.06436514854431,PLC -> IO,1.379812
1776099171.1060934,23.10344672203064,IO -> PLC,1.87843
1776099171.1310143,23.12836766242981,PLC -> IO,1.843392
1776099171.170091,23.167444229125977,IO -> PLC,1.29108
1776099171.195017,23.192370414733887,PLC -> IO,1.420942
1776099171.2340896,23.23144292831421,IO -> PLC,6.58593
1776099171.2590196,23.256372928619385,PLC -> IO,2.139162
1776099171.298088,23.295441389083862,IO -> PLC,1.2655
1776099171.3230221,23.320375442504883,PLC -> IO,1.190932
1776099171.3620868,23.359440088272095,IO -> PLC,1.80172
1776099171.3870249,23.38437819480896,PLC -> IO,1.616272
1776099171.4260855,23.423438787460327,IO -> PLC,2.36747
1776099171.4510274,23.448380708694458,PLC -> IO,1.444612
1776099171.490084,23.48743724822998,IO -> PLC,0.83105
1776099171.5150301,23.512383460998535,PLC -> IO,1.732742
1776099171.5540826,23.551435947418213,IO -> PLC,1.39768
1776099171.5790327,23.576385974884033,PLC -> IO,1.528862
1776099171.618081,23.615434408187866,IO -> PLC,0.65273
1776099171.6430354,23.64038872718811,PLC -> IO,1.543772
1776099171.6820786,23.679431915283203,IO -> PLC,1.32913
1776099171.707038,23.70439124107361,PLC -> IO,1.210842
1776099171.7460773,23.743430614471436,IO -> PLC,1.5047
1776099171.7710404,23.768393754959106,PLC -> IO,1.211692
1776099171.810076,23.807429313659668,IO -> PLC,2.43287
1776099171.8350432,23.832396507263184,PLC -> IO,1.138122
1776099171.8740745,23.87142777442932,IO -> PLC,1.2651
1776099171.8990457,23.89639902114868,PLC -> IO,1.337382
1776099171.9380732,23.935426473617554,IO -> PLC,1.43147
1776099171.9630485,23.96040177345276,PLC -> IO,1.523192
1776099172.0020719,23.999425172805786,IO -> PLC,1.22927
1776099172.027051,24.024404287338257,PLC -> IO,1.629952
1776099172.0660703,24.06342363357544,IO -> PLC,1.22252
1776099172.0910535,24.088406801223755,PLC -> IO,1.417572
1776099172.130068,24.127421379089355,IO -> PLC,1.95012
1776099172.1550562,24.152409553527832,PLC -> IO,1.254492
1776099172.1940665,24.19141983985901,IO -> PLC,2.3245
1776099172.2190588,24.21641206741333,PLC -> IO,1.242932
1776099172.2580652,24.25541853904724,IO -> PLC,1.33266
1776099172.2830615,24.280414819717407,PLC -> IO,1.173122
1776099172.3220637,24.319416999816895,IO -> PLC,1.13246
1776099172.347064,24.344417333602905,PLC -> IO,1.572222
1776099172.3860624,24.383415699005127,IO -> PLC,1.12898
1776099172.4110665,24.408419847488403,PLC -> IO,1.675942
1776099172.450061,24.44741439819336,IO -> PLC,1.47856
1776099172.4750693,24.47242259979248,PLC -> IO,1.442292
1776099172.5140595,24.511412858963013,IO -> PLC,2.2124
1776099172.5390718,24.53642511367798,PLC -> IO,1.288012
1776099172.5780582,24.575411558151245,IO -> PLC,1.44681
1776099172.6030746,24.600427865982056,PLC -> IO,1.341492
1776099172.6420557,24.639409065246582,IO -> PLC,5.64297
1776099172.667077,24.664430379867554,PLC -> IO,1.265922
1776099172.7060544,24.703407764434814,IO -> PLC,1.40178
1776099172.7310798,24.72843313217163,PLC -> IO,1.474372
1776099172.770053,24.767406225204468,IO -> PLC,0.54731
1776099172.7950823,24.79243564605713,PLC -> IO,1.355772
1776099172.8340516,24.8314049243927,IO -> PLC,1.17458
1776099172.8590848,24.856438159942627,PLC -> IO,1.430372
1776099172.89805,24.895403385162354,IO -> PLC,1.73201
1776099172.9230876,24.920440912246704,PLC -> IO,1.314802
1776099172.9620488,24.959402084350586,IO -> PLC,1.3198
1776099172.98709,24.984443426132202,PLC -> IO,1.316602
1776099173.0260475,25.02340078353882,IO -> PLC,3.20265
1776099173.0510929,25.04844617843628,PLC -> IO,2.563322
1776099173.090045,25.087398290634155,IO -> PLC,1.27077
1776099173.1150954,25.112448692321777,PLC -> IO,1.871972
1776099173.1540437,25.151396989822388,IO -> PLC,1.46986
1776099173.179098,25.176451206207275,PLC -> IO,1.647132
1776099173.2180421,25.21539545059204,IO -> PLC,1.24822
1776099173.2431006,25.240453958511353,PLC -> IO,1.558052
1776099173.2820408,25.279394149780273,IO -> PLC,1.22618
1776099173.3071032,25.30445647239685,PLC -> IO,1.271122
1776099173.3460393,25.343392610549927,IO -> PLC,1.96306
1776099173.371106,25.368459224700928,PLC -> IO,1.184512
1776099173.410038,25.40739130973816,IO -> PLC,4.21537
1776099173.4351084,25.432461738586426,PLC -> IO,1.301912
1776099173.4740367,25.47139000892639,IO -> PLC,1.55434
1776099173.4991112,25.496464490890503,PLC -> IO,1.322512
1776099173.5380342,25.53538751602173,IO -> PLC,1.16588
1776099173.5631137,25.560467004776,PLC -> IO,1.469432
1776099173.602033,25.59938621520996,IO -> PLC,1.70083
1776099173.6271162,25.6244695186615,PLC -> IO,1.560842
1776099173.6660314,25.663384675979614,IO -> PLC,1.2887
1776099173.691119,25.688472270965576,PLC -> IO,2.009062
1776099173.73003,25.727383375167847,IO -> PLC,1.28714
1776099173.7551215,25.752474784851074,PLC -> IO,1.215482
1776099173.7940285,25.7913818359375,IO -> PLC,1.83337
1776099173.8191242,25.81647753715515,PLC -> IO,1.879852
1776099173.8580272,25.855380535125732,IO -> PLC,1.22883
1776099173.8831267,25.88048005104065,PLC -> IO,1.185462
1776099173.922026,25.919379234313965,IO -> PLC,1.22408
1776099173.9471292,25.944482564926147,PLC -> IO,1.521352
1776099173.9860234,25.9833767414093,IO -> PLC,2.14224
1776099174.011132,26.008485317230225,PLC -> IO,2.119892
1776099174.050022,26.047375202178955,IO -> PLC,1.37577
1776099174.0751345,26.072487831115723,PLC -> IO,1.249742
1776099174.1140206,26.111373901367188,IO -> PLC,1.93441
1776099174.1391373,26.1364905834198,PLC -> IO,1.213952
1776099174.1780193,26.17537260055542,IO -> PLC,1.70956
1776099174.2031398,26.200493097305298,PLC -> IO,1.269912
1776099174.2420177,26.239371061325073,IO -> PLC,2.8355
1776099174.2671425,26.264495849609375,PLC -> IO,1.174342
1776099174.3060164,26.303369760513306,IO -> PLC,1.47285
1776099174.331145,26.328498363494873,PLC -> IO,1.461522
1776099174.370015,26.36736822128296,IO -> PLC,1.26776
1776099174.3951476,26.39250087738037,PLC -> IO,1.530612
1776099174.4340136,26.43136692047119,IO -> PLC,1.44013
1776099174.4591503,26.45650362968445,PLC -> IO,1.668492
1776099174.498011,26.49536442756653,IO -> PLC,1.25024
1776099174.5231528,26.520506143569946,PLC -> IO,1.307242
1776099174.5620098,26.55936312675476,IO -> PLC,2.35163
1776099174.5871556,26.584508895874023,PLC -> IO,1.294492
1776099174.6260085,26.623361825942993,IO -> PLC,2.5304
1776099174.651158,26.64851140975952,PLC -> IO,1.258932
1776099174.690007,26.687360286712646,IO -> PLC,0.99685
1776099174.7151606,26.71251392364502,PLC -> IO,1.704262
1776099174.7540057,26.75135898590088,IO -> PLC,1.35892
1776099174.7791634,26.776516675949097,PLC -> IO,1.519162
1776099174.8180041,26.815357446670532,IO -> PLC,1.33168
1776099174.8431659,26.840519189834595,PLC -> IO,1.999472
1776099174.8820028,26.879356145858765,IO -> PLC,1.49805
1776099174.9071686,26.904521942138672,PLC -> IO,1.117242
1776099174.9460003,26.9433536529541,IO -> PLC,1.68803
1776099174.9711711,26.96852445602417,PLC -> IO,1.329682
1776099175.009999,27.007352352142334,IO -> PLC,2.98805
1776099175.035174,27.032527208328247,PLC -> IO,3.921262
1776099175.0739975,27.071350812911987,IO -> PLC,0.66911
1776099175.0991764,27.096529722213745,PLC -> IO,1.323932
1776099175.1379962,27.13534951210022,IO -> PLC,1.2371
1776099175.163179,27.160532236099243,PLC -> IO,1.460932
1776099175.201995,27.199348211288452,IO -> PLC,1.21299
1776099175.2271817,27.22453498840332,PLC -> IO,1.496962
1776099175.2659934,27.263346672058105,IO -> PLC,1.20431
1776099175.2911842,27.28853750228882,PLC -> IO,1.196202
1776099175.329992,27.327345371246338,IO -> PLC,1.01634
1776099175.355187,27.352540254592896,PLC -> IO,1.193682
1776099175.3939896,27.391342878341675,IO -> PLC,1.5381
1776099175.4191895,27.416542768478394,PLC -> IO,1.175402
1776099175.4579883,27.455341577529907,IO -> PLC,1.14021
1776099175.483192,27.48054528236389,PLC -> IO,1.353782
1776099175.521987,27.51934027671814,IO -> PLC,1.2985
1776099175.5471947,27.54454803466797,PLC -> IO,1.472942
1776099175.5859854,27.583338737487793,IO -> PLC,1.27543
1776099175.6111972,27.608550548553467,PLC -> IO,1.703722
1776099175.6499841,27.647337436676025,IO -> PLC,1.64461
1776099175.6752,27.672553300857544,PLC -> IO,1.269172
1776099175.7139826,27.71133589744568,IO -> PLC,3.14632
1776099175.7392025,27.736555814743042,PLC -> IO,1.261452
1776099175.7779813,27.77533459663391,IO -> PLC,3.12437
1776099175.803205,27.80055832862854,PLC -> IO,1.201892
1776099175.84198,27.839333295822144,IO -> PLC,1.68082
1776099175.8672078,27.864561080932617,PLC -> IO,1.192022
1776099175.9059775,27.90333080291748,IO -> PLC,1.00852
1776099175.9312103,27.928563594818115,PLC -> IO,1.440062
1776099175.969976,27.967329263687134,IO -> PLC,1.18746
1776099175.995213,27.992566347122192,PLC -> IO,1.341212
1776099176.0339746,28.031327962875366,IO -> PLC,1.33943
1776099176.0592155,28.05656886100769,PLC -> IO,1.600302
1776099176.0979733,28.0953266620636,IO -> PLC,2.09054
1776099176.1232183,28.120571613311768,PLC -> IO,1.273782
1776099176.1619718,28.159325122833252,IO -> PLC,1.32103
1776099176.1872208,28.184574127197266,PLC -> IO,1.389012
1776099176.2259705,28.223323822021484,IO -> PLC,2.79307
1776099176.2512233,28.248576641082764,PLC -> IO,1.385932
1776099176.289969,28.287322282791138,IO -> PLC,1.2708
1776099176.315226,28.31257939338684,PLC -> IO,1.670552
1776099176.3539667,28.351320028305054,IO -> PLC,1.81823
1776099176.3792286,28.37658190727234,PLC -> IO,2.050682
1776099176.4179652,28.415318489074707,IO -> PLC,1.77868
1776099176.4432313,28.440584659576416,PLC -> IO,1.420702
1776099176.4819639,28.47931718826294,IO -> PLC,1.1987
1776099176.5072339,28.504587173461914,PLC -> IO,1.167302
1776099176.5459626,28.543315887451172,IO -> PLC,1.19618
1776099176.5712364,28.568589687347412,PLC -> IO,1.305592
1776099176.609961,28.607314348220825,IO -> PLC,2.6947
1776099176.6352391,28.63259243965149,PLC -> IO,1.281472
1776099176.6739597,28.671313047409058,IO -> PLC,1.15107
1776099176.6992416,28.696594953536987,PLC -> IO,1.289032
1776099176.7379584,28.73531174659729,IO -> PLC,1.31648
1776099176.7632444,28.760597705841064,PLC -> IO,1.519082
1776099176.801956,28.799309253692627,IO -> PLC,1.29245
1776099176.827247,28.824600219726562,PLC -> IO,1.595612
1776099176.8659544,28.86330771446228,IO -> PLC,1.27649
1776099176.8912497,28.88860297203064,PLC -> IO,1.232362
1776099176.929953,28.927306413650513,IO -> PLC,2.21922
1776099176.9552522,28.952605485916138,PLC -> IO,1.141432
1776099176.9939516,28.991304874420166,IO -> PLC,2.56873
1776099177.0192547,29.016607999801636,PLC -> IO,1.157872
1776099177.0579503,29.0553035736084,IO -> PLC,5.99364
1776099177.0832574,29.080610752105713,PLC -> IO,1.324562
1776099177.121949,29.11930227279663,IO -> PLC,1.02154
1776099177.14726,29.14461326599121,PLC -> IO,1.466452
1776099177.1859474,29.183300733566284,IO -> PLC,1.00159
1776099177.2112627,29.208616018295288,PLC -> IO,1.642492
1776099177.249946,29.247299432754517,IO -> PLC,0.98763
1776099177.2752652,29.272618532180786,PLC -> IO,1.260192
1776099177.3139436,29.311296939849854,IO -> PLC,2.85
1776099177.3392677,29.336621046066284,PLC -> IO,1.215752
1776099177.3779423,29.375295639038086,IO -> PLC,2.68468
1776099177.4032705,29.40062379837036,PLC -> IO,1.420762
1776099177.441941,29.43929433822632,IO -> PLC,1.33642
1776099177.467273,29.46462631225586,PLC -> IO,1.253032
1776099177.5059395,29.50329279899597,IO -> PLC,1.28894
1776099177.5312757,29.528629064559937,PLC -> IO,1.449392
1776099177.5699382,29.567291498184204,IO -> PLC,1.43668
1776099177.5952783,29.592631578445435,PLC -> IO,1.673362
1776099177.6339366,29.631289958953857,IO -> PLC,1.25
1776099177.6592808,29.656634092330933,PLC -> IO,1.581002
1776099177.6979353,29.69528865814209,IO -> PLC,1.40293
1776099177.7232835,29.72063684463501,PLC -> IO,1.253992
1776099177.7619328,29.759286165237427,IO -> PLC,1.57859
1776099177.787286,29.784639358520508,PLC -> IO,1.301712
1776099177.8259315,29.82328486442566,IO -> PLC,1.58447
1776099177.8512888,29.848642110824585,PLC -> IO,1.253982
1776099177.88993,29.887283325195312,IO -> PLC,1.17626
1776099177.9152913,29.912644624710083,PLC -> IO,1.879732
1776099177.9539287,29.951282024383545,IO -> PLC,1.1511
1776099177.979294,29.97664737701416,PLC -> IO,1.505512
1776099178.0179274,30.015280723571777,IO -> PLC,1.12306
1776099178.0432966,30.040649890899658,PLC -> IO,1.551562
1776099178.0819259,30.07927918434143,IO -> PLC,1.29744
1776099178.107299,30.104652404785156,PLC -> IO,1.330542
1776099178.1459246,30.143277883529663,IO -> PLC,2.0416
1776099178.1713018,30.168655157089233,PLC -> IO,1.258742
1776099178.209922,30.207275390625,IO -> PLC,2.66775
1776099178.2353044,30.23265767097473,PLC -> IO,1.353432
1776099178.2739208,30.271274089813232,IO -> PLC,1.05629
1776099178.299307,30.29666042327881,PLC -> IO,1.301632
1776099178.3379192,30.335272550582886,IO -> PLC,1.21458
1776099178.3633096,30.360662937164307,PLC -> IO,1.430712
1776099178.401918,30.399271249771118,IO -> PLC,1.38103
1776099178.4273121,30.424665451049805,PLC -> IO,1.876532
1776099178.4659166,30.46326994895935,IO -> PLC,1.55349
1776099178.491315,30.488668203353882,PLC -> IO,1.548072
1776099178.529915,30.527268409729004,IO -> PLC,1.54065
1776099178.5553174,30.55267071723938,PLC -> IO,1.123462
1776099178.5939138,30.591267108917236,IO -> PLC,2.10248
1776099178.6193202,30.616673469543457,PLC -> IO,1.437922
1776099178.6579123,30.65526556968689,IO -> PLC,1.31137
1776099178.6833227,30.680675983428955,PLC -> IO,1.284032
1776099178.72191,30.719263315200806,IO -> PLC,1.4779
1776099178.7473252,30.744678497314453,PLC -> IO,1.446402
1776099178.7859085,30.78326177597046,IO -> PLC,1.84893
1776099178.811328,30.80868124961853,PLC -> IO,1.762142
1776099178.8499072,30.84726047515869,IO -> PLC,1.25462
1776099178.8753304,30.87268376350403,PLC -> IO,1.270252
1776099178.9139056,30.911258935928345,IO -> PLC,2.36408
1776099178.9393332,30.936686515808105,PLC -> IO,1.230772
1776099178.9779043,30.975257635116577,IO -> PLC,1.41425
1776099179.0033357,31.000689029693604,PLC -> IO,1.195922
1776099179.041903,31.03925633430481,IO -> PLC,3.1034
1776099179.0673385,31.06469178199768,PLC -> IO,1.701902
1776099179.1059015,31.103254795074463,IO -> PLC,1.36009
1776099179.131341,31.12869429588318,PLC -> IO,1.713622
1776099179.1698992,31.16725254058838,IO -> PLC,1.15877
1776099179.1953435,31.192696809768677,PLC -> IO,1.636382
1776099179.2338977,31.231251001358032,IO -> PLC,1.52587
1776099179.2593462,31.256699562072754,PLC -> IO,1.623782
1776099179.2978964,31.295249700546265,IO -> PLC,1.48152
1776099179.3233488,31.320702075958252,PLC -> IO,1.260762
1776099179.3618948,31.359248161315918,IO -> PLC,2.62881
1776099179.3873515,31.38470482826233,PLC -> IO,1.210562
1776099179.4258935,31.42324686050415,IO -> PLC,4.11516
1776099179.451354,31.448707342147827,PLC -> IO,1.237402
1776099179.4898922,31.487245559692383,IO -> PLC,1.2534
1776099179.5153565,31.512709856033325,PLC -> IO,1.685462
1776099179.5538907,31.551244020462036,IO -> PLC,1.23864
1776099179.5793593,31.576712608337402,PLC -> IO,1.446772
1776099179.6178882,31.615241527557373,IO -> PLC,1.21564
1776099179.6433618,31.6407151222229,PLC -> IO,1.572092
1776099179.681887,31.679240226745605,IO -> PLC,1.57467
1776099179.7073646,31.704717874526978,PLC -> IO,1.315722
1776099179.7458856,31.743238925933838,IO -> PLC,1.92737
1776099179.771367,31.768720388412476,PLC -> IO,1.312002
1776099179.809884,31.80723738670349,IO -> PLC,3.253
1776099179.8353696,31.832722902297974,PLC -> IO,1.406852
1776099179.8738828,31.871236085891724,IO -> PLC,1.90074
1776099179.8993723,31.89672565460205,PLC -> IO,1.279282
1776099179.9378812,31.935234546661377,IO -> PLC,1.48461
1776099179.9633749,31.96072816848755,PLC -> IO,1.466852
1776099180.00188,31.99923324584961,IO -> PLC,1.10416
1776099180.0273776,32.024730920791626,PLC -> IO,1.471522
1776099180.0658774,32.063230752944946,IO -> PLC,1.45598
1776099180.0913801,32.088733434677124,PLC -> IO,1.155232
1776099180.1298761,32.12722945213318,IO -> PLC,1.44107
1776099180.1553829,32.1527361869812,PLC -> IO,1.318722
1776099180.1938748,32.19122815132141,IO -> PLC,1.79985
1776099180.2193854,32.2167387008667,PLC -> IO,1.310442
1776099180.2578733,32.255226612091064,IO -> PLC,1.5966
1776099180.283388,32.2807412147522,PLC -> IO,1.275192
1776099180.321872,32.3192253112793,IO -> PLC,1.38712
1776099180.3473907,32.344743967056274,PLC -> IO,1.465082
1776099180.3858705,32.38322377204895,IO -> PLC,1.36412
1776099180.4113932,32.40874648094177,PLC -> IO,1.708962
1776099180.4498692,32.44722247123718,IO -> PLC,1.32993
1776099180.475396,32.47274923324585,PLC -> IO,1.303232
1776099180.5138679,32.511221170425415,IO -> PLC,3.03533
1776099180.5393984,32.53675174713135,PLC -> IO,1.231832
1776099180.5778654,32.57521867752075,IO -> PLC,3.00833
1776099180.603401,32.600754261016846,PLC -> IO,1.194582
1776099180.6418638,32.639217138290405,IO -> PLC,2.08098
1776099180.6674037,32.66475701332092,PLC -> IO,1.272232
1776099180.7058625,32.70321583747864,IO -> PLC,1.26027
1776099180.7314062,32.72875952720642,PLC -> IO,1.607572
1776099180.7698612,32.76721453666687,IO -> PLC,2.00107
1776099180.795409,32.7927622795105,PLC -> IO,1.506812
1776099180.8338597,32.83121299743652,IO -> PLC,1.04515
1776099180.8594115,32.856764793395996,PLC -> IO,1.526772
1776099180.8978584,32.895211696624756,IO -> PLC,1.01815
1776099180.923414,32.920767307281494,PLC -> IO,1.237532
1776099180.9618568,32.95921015739441,IO -> PLC,1.56127
1776099180.9874167,32.98477005958557,PLC -> IO,1.316202
1776099181.0258546,33.023207902908325,IO -> PLC,3.05794
1776099181.0514193,33.04877257347107,PLC -> IO,2.786862
1776099181.089853,33.08720636367798,IO -> PLC,1.51216
1776099181.115422,33.11277532577515,PLC -> IO,1.644862
1776099181.1538517,33.15120506286621,IO -> PLC,1.30283
1776099181.1794245,33.176777839660645,PLC -> IO,1.504342
1776099181.2178504,33.21520376205444,IO -> PLC,1.28575
1776099181.2434273,33.24078059196472,PLC -> IO,1.597752
1776099181.281849,33.2792022228241,IO -> PLC,2.80699
1776099181.3074298,33.30478310585022,PLC -> IO,1.299702
1776099181.3458476,33.34320092201233,IO -> PLC,0.84046
1776099181.3714323,33.36878561973572,PLC -> IO,1.257572
1776099181.409846,33.40719938278198,IO -> PLC,3.13982
1776099181.435435,33.432788372039795,PLC -> IO,1.228252
1776099181.4738438,33.4711971282959,IO -> PLC,1.41178
1776099181.4994376,33.49679088592529,PLC -> IO,1.748002
1776099181.5378423,33.53519558906555,IO -> PLC,1.20229
1776099181.5634403,33.56079363822937,PLC -> IO,1.422912
1776099181.601841,33.599194288253784,IO -> PLC,1.37403
1776099181.6274428,33.62479615211487,PLC -> IO,1.537202
1776099181.6658394,33.66319274902344,IO -> PLC,1.36927
1776099181.6914454,33.688798666000366,PLC -> IO,1.180982
1776099181.7298381,33.72719144821167,IO -> PLC,0.69505
1776099181.755448,33.75280141830444,PLC -> IO,1.294372
1776099181.7938368,33.7911901473999,IO -> PLC,2.83783
1776099181.8194506,33.81680393218994,PLC -> IO,1.300172
1776099181.8578353,33.855188608169556,IO -> PLC,1.11076
1776099181.8834534,33.88080668449402,PLC -> IO,1.297102
1776099181.921834,33.91918730735779,IO -> PLC,1.09089
1776099181.947456,33.94480919837952,PLC -> IO,1.448352
1776099181.9858315,33.983184814453125,IO -> PLC,1.26534
1776099182.0114584,34.008811712265015,PLC -> IO,2.186182
1776099182.0498302,34.04718351364136,IO -> PLC,1.43276
1776099182.0754611,34.07281446456909,PLC -> IO,1.236672
1776099182.1138287,34.11118197441101,IO -> PLC,3.11991
1776099182.1394637,34.13681697845459,PLC -> IO,1.190072
1776099182.1778274,34.17518067359924,IO -> PLC,1.57717
1776099182.2034664,34.20081973075867,PLC -> IO,1.338282
1776099182.241826,34.239179372787476,IO -> PLC,1.16504
1776099182.267469,34.264822244644165,PLC -> IO,1.403612
1776099182.3058245,34.30317783355713,IO -> PLC,0.6465
1776099182.3314714,34.32882475852966,PLC -> IO,1.811352
1776099182.3698232,34.36717653274536,IO -> PLC,1.32378
1776099182.3954742,34.39282751083374,PLC -> IO,1.477062
1776099182.4338207,34.4311740398407,IO -> PLC,1.13485
1776099182.4594767,34.45683002471924,PLC -> IO,1.513502
1776099182.4978194,34.49517273902893,IO -> PLC,0.99522
1776099182.5234795,34.520832777023315,PLC -> IO,1.208402
1776099182.561818,34.559171199798584,IO -> PLC,1.4708
1776099182.587482,34.58483529090881,PLC -> IO,1.427252
1776099182.6258166,34.623169898986816,IO -> PLC,2.96843
1776099182.6514847,34.64883804321289,PLC -> IO,1.545932
1776099182.689815,34.68716835975647,IO -> PLC,1.22184
1776099182.7154872,34.71284055709839,PLC -> IO,1.668702
1776099182.7538137,34.7511670589447,IO -> PLC,1.207
1776099182.7794898,34.77684307098389,PLC -> IO,1.822272
1776099182.8178124,34.815165758132935,IO -> PLC,1.40418
1776099182.8434925,34.840845823287964,PLC -> IO,1.639742
1776099182.88181,34.87916326522827,IO -> PLC,1.18445
1776099182.907495,34.90484833717346,PLC -> IO,1.276652
1776099182.9458086,34.943161964416504,IO -> PLC,2.70873
1776099182.9714978,34.96885108947754,PLC -> IO,1.227982
1776099183.009807,35.00716042518616,IO -> PLC,5.01248
1776099183.0355003,35.03285360336304,PLC -> IO,3.687772
1776099183.0738058,35.07115912437439,IO -> PLC,1.87118
1776099183.0995028,35.096856117248535,PLC -> IO,1.978072
1776099183.1378043,35.13515758514404,IO -> PLC,1.46825
1776099183.1635056,35.16085886955261,PLC -> IO,1.352182
1776099183.201803,35.199156284332275,IO -> PLC,1.07443
1776099183.227508,35.22486138343811,PLC -> IO,1.418622
1776099183.2658017,35.26315498352051,IO -> PLC,1.4301
1776099183.2915108,35.28886413574219,PLC -> IO,1.287622
1776099183.3298001,35.32715344429016,IO -> PLC,1.40846
1776099183.3555133,35.352866649627686,PLC -> IO,1.302552
1776099183.3937976,35.3911509513855,IO -> PLC,1.97102
1776099183.4195158,35.416869163513184,PLC -> IO,1.392272
1776099183.4577963,35.45514965057373,IO -> PLC,1.37959
1776099183.4835186,35.48087191581726,PLC -> IO,1.265582
1776099183.521795,35.51914834976196,IO -> PLC,1.1733
1776099183.547521,35.54487442970276,PLC -> IO,1.881732
1776099183.5857935,35.583146810531616,IO -> PLC,1.91315
1776099183.6115239,35.608877182006836,PLC -> IO,1.609372
1776099183.6497922,35.64714550971985,IO -> PLC,1.32788
1776099183.6755264,35.672879695892334,PLC -> IO,1.179712
1776099183.7137907,35.7111439704895,IO -> PLC,1.96652
1776099183.739529,35.73688220977783,PLC -> IO,1.158882
1776099183.7777894,35.775142669677734,IO -> PLC,2.04681
1776099183.8035316,35.80088496208191,PLC -> IO,1.315882
1776099183.8417869,35.83914017677307,IO -> PLC,1.27618
1776099183.8675342,35.86488747596741,PLC -> IO,1.285442
1776099183.9057856,35.903138875961304,IO -> PLC,1.05845
1776099183.931537,35.928890228271484,PLC -> IO,1.560132
1776099183.9697843,35.967137575149536,IO -> PLC,1.03763
1776099183.9955394,35.99289274215698,PLC -> IO,1.626972
1776099184.0337827,36.03113603591919,IO -> PLC,1.3976
1776099184.0595422,36.05689549446106,PLC -> IO,1.599262
1776099184.0977814,36.09513473510742,IO -> PLC,1.9644
1776099184.1235447,36.12089800834656,PLC -> IO,1.218002
1776099184.1617799,36.159133195877075,IO -> PLC,2.67463
1776099184.1875472,36.184900522232056,PLC -> IO,1.245012
1776099184.2257786,36.22313189506531,IO -> PLC,4.1825
1776099184.25155,36.24890327453613,PLC -> IO,1.172482
1776099184.289776,36.287129402160645,IO -> PLC,1.49179
1776099184.3155525,36.31290578842163,PLC -> IO,1.798072
1776099184.3537748,36.35112810134888,IO -> PLC,1.1247
1776099184.3795552,36.37690854072571,PLC -> IO,1.523702
1776099184.4177732,36.41512656211853,IO -> PLC,1.46708
1776099184.4435577,36.440911054611206,PLC -> IO,1.497422
1776099184.481772,36.47912526130676,IO -> PLC,1.25367
1776099184.5075603,36.504913568496704,PLC -> IO,1.856042
1776099184.5457706,36.543123960494995,IO -> PLC,1.6279
1776099184.571563,36.56891632080078,PLC -> IO,1.252132
1776099184.609769,36.60712242126465,IO -> PLC,3.13585
1776099184.6355655,36.63291883468628,PLC -> IO,1.376012
1776099184.6737678,36.67112112045288,IO -> PLC,1.20925
1776099184.6995683,36.696921586990356,PLC -> IO,1.175322
1776099184.7377653,36.73511862754822,IO -> PLC,1.3705
1776099184.7635708,36.760924100875854,PLC -> IO,1.377292
1776099184.801764,36.79911732673645,IO -> PLC,1.45592
1776099184.8275733,36.82492661476135,PLC -> IO,1.559092
1776099184.8657625,36.8631157875061,IO -> PLC,1.53532
1776099184.891576,36.88892936706543,PLC -> IO,1.235602
1776099184.9297612,36.927114486694336,IO -> PLC,1.00351
1776099184.9555786,36.95293188095093,PLC -> IO,1.277092
1776099184.9937599,36.99111318588257,IO -> PLC,2.24089
1776099185.0195813,37.016934633255005,PLC -> IO,1.227052
1776099185.0577583,37.05511164665222,IO -> PLC,5.6206
1776099185.0835838,37.0809371471405,PLC -> IO,1.281582
1776099185.121757,37.119110345840454,IO -> PLC,1.08372
1776099185.1475863,37.144939661026,PLC -> IO,1.391052
1776099185.1857555,37.18310880661011,IO -> PLC,1.41818
1776099185.211589,37.20894241333008,PLC -> IO,1.661592
1776099185.2497532,37.24710655212402,IO -> PLC,1.21078
1776099185.2755916,37.272944927215576,PLC -> IO,1.306262
1776099185.3137517,37.31110501289368,IO -> PLC,3.65461
1776099185.3395944,37.33694767951965,PLC -> IO,1.297342
1776099185.3777504,37.37510371208191,IO -> PLC,2.74062
1776099185.4035969,37.40095019340515,PLC -> IO,1.270182
1776099185.4417489,37.43910217285156,IO -> PLC,1.17123
1776099185.4675994,37.46495270729065,PLC -> IO,1.304782
1776099185.5057476,37.503100872039795,IO -> PLC,1.1452
1776099185.5316021,37.52895545959473,PLC -> IO,1.534272
1776099185.5697463,37.56709957122803,IO -> PLC,1.12628
1776099185.5956047,37.592957973480225,PLC -> IO,1.885682
1776099185.6337447,37.63109803199768,IO -> PLC,1.29266
1776099185.6596074,37.6569607257843,PLC -> IO,1.501222
1776099185.6977425,37.6950957775116,IO -> PLC,1.2675
1776099185.72361,37.7209632396698,PLC -> IO,1.264132
1776099185.761741,37.75909423828125,IO -> PLC,1.26395
1776099185.7876127,37.78496599197388,PLC -> IO,1.247212
1776099185.8257396,37.82309293746948,IO -> PLC,2.6891
1776099185.8516152,37.848968505859375,PLC -> IO,1.649912
1776099185.889738,37.887091398239136,IO -> PLC,1.45965
1776099185.9156177,37.91297101974487,PLC -> IO,1.942852
1776099185.9537368,37.95109009742737,IO -> PLC,1.00343
1776099185.9796205,37.97697377204895,PLC -> IO,1.576152
1776099186.0177355,38.0150887966156,IO -> PLC,1.74936
1776099186.043623,38.04097628593445,PLC -> IO,1.473962
1776099186.081734,38.079087257385254,IO -> PLC,1.34866
1776099186.1076257,38.104979038238525,PLC -> IO,1.233672
1776099186.1457326,38.143085956573486,IO -> PLC,1.70521
1776099186.1716282,38.16898155212402,PLC -> IO,1.210992
1776099186.2097301,38.20708346366882,IO -> PLC,2.72177
1776099186.2356308,38.23298406600952,PLC -> IO,1.217272
1776099186.2737288,38.271082162857056,IO -> PLC,1.2844
1776099186.2996335,38.2969868183136,PLC -> IO,1.279072
1776099186.3377273,38.33508062362671,IO -> PLC,1.26356
1776099186.363636,38.3609893321991,PLC -> IO,1.525132
1776099186.401726,38.39907932281494,IO -> PLC,1.26513
1776099186.4276388,38.424992084503174,PLC -> IO,1.678542
1776099186.4657245,38.463077783584595,IO -> PLC,1.78991
1776099186.4916413,38.48899459838867,PLC -> IO,1.283612
1776099186.5297232,38.52707648277283,IO -> PLC,2.34943
1776099186.5556438,38.55299711227417,PLC -> IO,1.227632
1776099186.5937219,38.59107518196106,IO -> PLC,3.8513
1776099186.6196465,38.61699986457825,PLC -> IO,1.247602
1776099186.6577194,38.6550726890564,IO -> PLC,1.37964
1776099186.683649,38.681002378463745,PLC -> IO,1.260922
1776099186.721718,38.71907138824463,IO -> PLC,1.34648
1776099186.7476518,38.74500513076782,PLC -> IO,1.411762
1776099186.7857165,38.78306984901428,IO -> PLC,1.50261
1776099186.8116543,38.80900764465332,PLC -> IO,1.696372
1776099186.8497152,38.847068548202515,IO -> PLC,1.31064
1776099186.8756568,38.87301015853882,PLC -> IO,1.304322
1776099186.9137137,38.91106700897217,IO -> PLC,2.60859
1776099186.9396596,38.937012910842896,PLC -> IO,1.332452
1776099186.9777124,38.9750657081604,IO -> PLC,1.64035
1776099187.003662,39.001015424728394,PLC -> IO,1.428012
1776099187.041711,39.03906440734863,IO -> PLC,3.97355
1776099187.0676649,39.06501817703247,PLC -> IO,1.792952
1776099187.1057086,39.10306191444397,IO -> PLC,1.42243
1776099187.1316674,39.12902069091797,PLC -> IO,1.602512
1776099187.169707,39.16706037521362,IO -> PLC,1.02846
1776099187.19567,39.19302320480347,PLC -> IO,1.422462
1776099187.2337058,39.231059074401855,IO -> PLC,1.17131
1776099187.2596726,39.257025957107544,PLC -> IO,1.471462
1776099187.2977045,39.29505777359009,IO -> PLC,1.15864
1776099187.3236752,39.32102847099304,PLC -> IO,1.172452
1776099187.361703,39.35905623435974,IO -> PLC,1.34549
1776099187.387678,39.38503122329712,PLC -> IO,1.148412
1776099187.4257016,39.423054933547974,IO -> PLC,1.12281
1776099187.4516804,39.44903373718262,PLC -> IO,1.302682
1776099187.4897,39.48705339431763,IO -> PLC,1.30046
1776099187.5156832,39.513036489486694,PLC -> IO,2.060512
1776099187.5536978,39.55105113983154,IO -> PLC,1.28363
1776099187.5796857,39.57703900337219,PLC -> IO,1.526862
1776099187.6176963,39.615049600601196,IO -> PLC,1.26879
1776099187.6436882,39.64104151725769,PLC -> IO,2.099642
1776099187.681695,39.67904829978943,IO -> PLC,1.23732
1776099187.707691,39.70504426956177,PLC -> IO,1.251972
1776099187.7456937,39.74304699897766,IO -> PLC,1.6157
1776099187.7716935,39.769046783447266,PLC -> IO,1.210572
1776099187.8096921,39.807045459747314,IO -> PLC,4.44268
1776099187.8356962,39.83304953575134,PLC -> IO,1.153572
1776099187.8736908,39.87104415893555,IO -> PLC,1.19097
1776099187.8996987,39.89705204963684,PLC -> IO,1.187542
1776099187.9376893,39.9350426197052,IO -> PLC,1.55807
1776099187.9637012,39.96105456352234,PLC -> IO,1.494312
1776099188.001688,39.99904131889343,IO -> PLC,1.1489
1776099188.027704,40.025057315826416,PLC -> IO,1.569722
1776099188.0656855,40.06303882598877,IO -> PLC,1.13407
1776099188.0917065,40.089059829711914,PLC -> IO,1.260152
1776099188.1296842,40.127037525177,IO -> PLC,1.67533
1776099188.1557093,40.15306258201599,PLC -> IO,1.225942
1776099188.1936827,40.191035985946655,IO -> PLC,2.59534
1776099188.2197118,40.21706509590149,PLC -> IO,1.346392
1776099188.2576814,40.25503468513489,IO -> PLC,1.6455
1776099188.2837143,40.28106760978699,PLC -> IO,1.295632
1776099188.3216798,40.31903314590454,IO -> PLC,1.24473
1776099188.347717,40.345070362091064,PLC -> IO,1.381512
1776099188.3856785,40.38303184509277,IO -> PLC,1.77872
1776099188.4117196,40.40907287597656,PLC -> IO,1.401882
1776099188.4496772,40.447030544281006,IO -> PLC,1.38907
1776099188.4757223,40.47307562828064,PLC -> IO,1.301842
1776099188.5136747,40.51102805137634,IO -> PLC,2.32139
1776099188.5397248,40.53707814216614,PLC -> IO,1.311562
1776099188.5776734,40.575026750564575,IO -> PLC,1.9195
1776099188.6037273,40.601080656051636,PLC -> IO,1.213842
1776099188.641672,40.63902521133423,IO -> PLC,1.3384
1776099188.66773,40.66508340835571,PLC -> IO,2.101032
1776099188.7056706,40.70302391052246,IO -> PLC,1.32045
1776099188.7317326,40.72908592224121,PLC -> IO,1.283132
1776099188.7696693,40.76702260971069,IO -> PLC,0.76175
1776099188.7957354,40.79308867454529,PLC -> IO,1.539812
1776099188.8336678,40.83102107048035,IO -> PLC,1.26302
1776099188.8597379,40.857091188430786,PLC -> IO,1.616182
1776099188.8976665,40.89501976966858,IO -> PLC,1.44483
1776099188.9237404,40.921093702316284,PLC -> IO,1.174602
1776099188.961664,40.959017276763916,IO -> PLC,2.38652
1776099188.9877431,40.98509645462036,PLC -> IO,1.386162
1776099189.0256624,41.02301573753357,IO -> PLC,1.8115
1776099189.0517457,41.04909896850586,PLC -> IO,2.430322
1776099189.0896611,41.0870144367218,IO -> PLC,1.01726
1776099189.1157484,41.11310172080994,PLC -> IO,1.805222
1776099189.1536598,41.151013135910034,IO -> PLC,1.1726
1776099189.179751,41.177104234695435,PLC -> IO,1.579822
1776099189.2176583,41.21501159667969,IO -> PLC,1.15856
1776099189.2437534,41.24110674858093,PLC -> IO,1.447382
1776099189.281657,41.27901029586792,IO -> PLC,1.32406
1776099189.3077562,41.30510950088501,PLC -> IO,1.416222
1776099189.3456554,41.34300875663757,IO -> PLC,1.30834
1776099189.3717587,41.36911201477051,PLC -> IO,1.214812
1776099189.4096541,41.407007455825806,IO -> PLC,3.3772
1776099189.4357615,41.433114767074585,PLC -> IO,1.321972
1776099189.4736516,41.47100496292114,IO -> PLC,1.08587
1776099189.499764,41.49711728096008,PLC -> IO,1.360732
1776099189.5376503,41.535003662109375,IO -> PLC,1.24928
1776099189.5637665,41.56111979484558,PLC -> IO,1.518942
1776099189.601649,41.59900236129761,IO -> PLC,0.95387
1776099189.6277692,41.62512254714966,PLC -> IO,1.526492
1776099189.6656475,41.66300082206726,IO -> PLC,1.20832
1776099189.6917717,41.689125061035156,PLC -> IO,1.218372
1776099189.7296462,41.72699952125549,IO -> PLC,1.39006
1776099189.7557745,41.75312781333923,PLC -> IO,1.209052
1776099189.7936447,41.79099798202515,IO -> PLC,2.51399
1776099189.819777,41.81713032722473,PLC -> IO,1.294212
1776099189.8576434,41.85499668121338,IO -> PLC,1.1639
1776099189.8837795,41.88113284111023,PLC -> IO,1.198092
1776099189.9216409,41.918994188308716,IO -> PLC,1.71213
1776099189.9477823,41.94513559341431,PLC -> IO,1.384062
1776099189.9856396,41.98299288749695,IO -> PLC,1.49873
1776099190.0117848,42.009138107299805,PLC -> IO,2.023242
1776099190.049638,42.0469913482666,IO -> PLC,1.2974
1776099190.0757875,42.07314085960388,PLC -> IO,1.458222
1776099190.1136367,42.110990047454834,IO -> PLC,1.12072
1776099190.13979,42.13714337348938,PLC -> IO,1.274252
1776099190.1776352,42.17498850822449,IO -> PLC,2.5866
1776099190.2037926,42.20114588737488,PLC -> IO,1.204452
1776099190.241634,42.23898720741272,IO -> PLC,1.22202
1776099190.2677953,42.265148639678955,PLC -> IO,1.250502
1776099190.3056326,42.30298590660095,IO -> PLC,1.40807
1776099190.3317978,42.32915115356445,PLC -> IO,1.305582
1776099190.36963,42.36698341369629,IO -> PLC,1.20162
1776099190.3958006,42.39315390586853,PLC -> IO,1.391862
1776099190.4336288,42.43098211288452,IO -> PLC,1.17463
1776099190.459803,42.45715641975403,PLC -> IO,1.448952
1776099190.4976273,42.494980573654175,IO -> PLC,1.14939
1776099190.5238059,42.521159172058105,PLC -> IO,1.280662
1776099190.561626,42.55897927284241,IO -> PLC,1.34257
1776099190.5878084,42.5851616859436,PLC -> IO,1.329592
1776099190.6256247,42.62297797203064,IO -> PLC,1.49159
1776099190.651811,42.6491641998291,PLC -> IO,1.724442
1776099190.689623,42.68697643280029,IO -> PLC,1.27282
1776099190.7158136,42.71316695213318,PLC -> IO,1.935772
1776099190.7536218,42.750975131988525,IO -> PLC,1.26919
1776099190.7798162,42.77716946601868,PLC -> IO,1.564442
1776099190.8176203,42.81497359275818,IO -> PLC,1.24523
1776099190.843819,42.841172218322754,PLC -> IO,1.473362
1776099190.8816178,42.878971099853516,IO -> PLC,1.04215
1776099190.9078214,42.90517473220825,PLC -> IO,1.175782
1776099190.9456165,42.94296979904175,IO -> PLC,1.44388
1776099190.971824,42.96917724609375,PLC -> IO,1.173272
1776099191.0096152,43.00696849822998,IO -> PLC,4.40895
1776099191.0358267,43.03317999839783,PLC -> IO,4.064212
1776099191.0736136,43.070966958999634,IO -> PLC,0.83772
1776099191.0998292,43.097182512283325,PLC -> IO,1.524882
1776099191.1376123,43.134965658187866,IO -> PLC,1.34506
1776099191.163832,43.1611852645874,PLC -> IO,1.730612
1776099191.2016108,43.19896411895752,IO -> PLC,1.32111
1776099191.2278345,43.2251877784729,PLC -> IO,2.074832
1776099191.2656095,43.26296281814575,IO -> PLC,1.30611
1776099191.291837,43.2891902923584,PLC -> IO,1.300282
1776099191.329607,43.32696032524109,IO -> PLC,2.02067
1776099191.3558397,43.353193044662476,PLC -> IO,1.367042
1776099191.3936057,43.39095902442932,IO -> PLC,3.34093
1776099191.4198422,43.417195558547974,PLC -> IO,1.164272
1776099191.4576044,43.454957723617554,IO -> PLC,1.43569
1776099191.483845,43.48119831085205,PLC -> IO,1.162472
1776099191.5216029,43.51895618438721,IO -> PLC,4.04034
1776099191.5478475,43.54520082473755,PLC -> IO,1.523402
1776099191.5856016,43.58295488357544,IO -> PLC,1.21353
1776099191.61185,43.60920333862305,PLC -> IO,1.679612
1776099191.6496,43.64695334434509,IO -> PLC,1.75369
1776099191.6758528,43.673206090927124,PLC -> IO,1.279642
1776099191.7135987,43.710952043533325,IO -> PLC,3.06091
1776099191.7398553,43.73720860481262,PLC -> IO,1.261842
1776099191.7775962,43.77494955062866,IO -> PLC,2.47973
1776099191.803858,43.8012113571167,PLC -> IO,1.319082
1776099191.841595,43.838948249816895,IO -> PLC,1.49509
1776099191.8678606,43.8652138710022,PLC -> IO,1.316562
1776099191.9055934,43.90294671058655,IO -> PLC,1.47409
1776099191.931863,43.929216384887695,PLC -> IO,1.296122
1776099191.969592,43.96694540977478,IO -> PLC,1.46646
1776099191.9958658,43.99321913719177,PLC -> IO,1.389202
1776099192.0335908,44.03094410896301,IO -> PLC,1.24169
1776099192.0598683,44.05722165107727,PLC -> IO,1.543252
1776099192.0975893,44.094942569732666,IO -> PLC,2.00609
1776099192.123871,44.12122440338135,PLC -> IO,1.312722
1776099192.161588,44.1589412689209,IO -> PLC,1.78949
1776099192.1878736,44.185226917266846,PLC -> IO,1.264272
1776099192.2255864,44.22293972969055,IO -> PLC,1.19303
1776099192.251876,44.249229431152344,PLC -> IO,1.262482
1776099192.2895842,44.28693747520447,IO -> PLC,1.1702
1776099192.3158789,44.31323218345642,PLC -> IO,1.721902
1776099192.3535826,44.35093593597412,IO -> PLC,1.35792
1776099192.3798814,44.37723469734192,PLC -> IO,1.465932
1776099192.4175813,44.41493463516235,IO -> PLC,1.52438
1776099192.4438841,44.441237449645996,PLC -> IO,1.562452
1776099192.4815798,44.47893309593201,IO -> PLC,0.81832
1776099192.5078866,44.505239963531494,PLC -> IO,1.174002
1776099192.5455785,44.54293179512024,IO -> PLC,2.23602
1776099192.5718892,44.56924247741699,PLC -> IO,1.315652
1776099192.6095772,44.60693049430847,IO -> PLC,2.20391
1776099192.635892,44.63324522972107,PLC -> IO,1.321772
1776099192.6735756,44.670928955078125,IO -> PLC,1.23975
1776099192.6998944,44.69724774360657,PLC -> IO,1.301652
1776099192.7375734,44.73492670059204,IO -> PLC,1.22075
1776099192.7638972,44.761250495910645,PLC -> IO,1.999552
1776099192.8015718,44.798925161361694,IO -> PLC,1.21192
1776099192.8278997,44.82525300979614,PLC -> IO,1.512632
1776099192.8655705,44.86292386054993,IO -> PLC,1.18484
1776099192.8919022,44.88925552368164,PLC -> IO,1.208422
1776099192.929569,44.92692232131958,IO -> PLC,1.74348
1776099192.955905,44.95325827598572,PLC -> IO,1.374622
1776099192.9935677,44.99092102050781,IO -> PLC,2.87245
1776099193.0199075,45.017260789871216,PLC -> IO,1.261932
1776099193.0575664,45.054919719696045,IO -> PLC,1.37571
1776099193.0839102,45.08126354217529,PLC -> IO,1.486782
1776099193.1215649,45.1189181804657,IO -> PLC,1.30159
1776099193.1479127,45.14526605606079,PLC -> IO,1.502272
1776099193.1855624,45.182915687561035,IO -> PLC,1.85206
1776099193.2119153,45.20926856994629,PLC -> IO,1.604322
1776099193.249561,45.24691438674927,IO -> PLC,1.25648
1776099193.275918,45.273271322250366,PLC -> IO,1.243952
1776099193.3135598,45.3109130859375,IO -> PLC,1.63302
1776099193.3399205,45.337273836135864,PLC -> IO,1.250472
1776099193.3775582,45.37491154670715,IO -> PLC,3.55444
1776099193.4039233,45.40127658843994,PLC -> IO,1.214512
1776099193.441557,45.438910245895386,IO -> PLC,1.02365
1776099193.4679258,45.46527910232544,PLC -> IO,1.175992
1776099193.5055554,45.50290870666504,IO -> PLC,1.37434
1776099193.5319283,45.52928161621094,PLC -> IO,1.274122
1776099193.569554,45.56690740585327,IO -> PLC,1.38111
1776099193.595931,45.593284368515015,PLC -> IO,1.534412
1776099193.6335516,45.63090491294861,IO -> PLC,1.52485
1776099193.6599336,45.65728688240051,PLC -> IO,1.689102
1776099193.6975503,45.69490361213684,IO -> PLC,1.32976
1776099193.7239363,45.72128963470459,PLC -> IO,1.292882
1776099193.761549,45.75890231132507,IO -> PLC,2.46186
1776099193.7879388,45.78529214859009,PLC -> IO,1.286212
1776099193.8255475,45.82290077209473,IO -> PLC,1.09016
1776099193.8519413,45.849294662475586,PLC -> IO,1.232402
1776099193.8895462,45.88689947128296,IO -> PLC,1.2843
1776099193.915944,45.91329741477966,PLC -> IO,1.705822
1776099193.9535446,45.95089793205261,IO -> PLC,1.23666
1776099193.9799466,45.97729992866516,PLC -> IO,1.418002
1776099194.0175433,46.014896631240845,IO -> PLC,1.98466
1776099194.0439494,46.04130268096924,PLC -> IO,1.422532
1776099194.081542,46.07889533042908,IO -> PLC,1.20379
1776099194.1079519,46.105305194854736,PLC -> IO,1.157052
1776099194.1455395,46.142892837524414,IO -> PLC,1.20144
1776099194.1719544,46.169307708740234,PLC -> IO,1.313812
1776099194.209538,46.20689129829407,IO -> PLC,3.82536
1776099194.2359571,46.23331046104431,PLC -> IO,1.411782
1776099194.2735367,46.2708899974823,IO -> PLC,1.33129
1776099194.2999597,46.29731297492981,PLC -> IO,1.411662
1776099194.3375351,46.33488845825195,IO -> PLC,3.95857
1776099194.3639624,46.36131572723389,PLC -> IO,1.525222
1776099194.4015338,46.398887157440186,IO -> PLC,2.25614
1776099194.427965,46.425318241119385,PLC -> IO,1.492702
1776099194.4655323,46.46288561820984,IO -> PLC,1.28479
1776099194.4919674,46.48932075500488,PLC -> IO,1.189782
1776099194.529531,46.52688431739807,IO -> PLC,1.82701
1776099194.5559702,46.55332350730896,PLC -> IO,1.160062
1776099194.5935287,46.59088206291199,IO -> PLC,3.5345
1776099194.6199727,46.61732602119446,PLC -> IO,1.204342
1776099194.6575272,46.65488052368164,IO -> PLC,1.61006
1776099194.6839755,46.681328773498535,PLC -> IO,1.341032
1776099194.721526,46.71887922286987,IO -> PLC,1.21624
1776099194.747978,46.74533128738403,PLC -> IO,1.502842
1776099194.7855244,46.782877683639526,IO -> PLC,1.56679
1776099194.8119805,46.80933380126953,PLC -> IO,1.951612
1776099194.849523,46.84687638282776,IO -> PLC,1.16914
1776099194.8759832,46.87333655357361,PLC -> IO,1.407642
1776099194.9135218,46.91087508201599,IO -> PLC,0.98829
1776099194.9399858,46.937339067459106,PLC -> IO,1.221202
1776099194.9775202,46.974873542785645,IO -> PLC,3.22028
1776099195.0039885,47.001341819763184,PLC -> IO,1.217812
1776099195.0415177,47.03887104988098,IO -> PLC,1.88643
1776099195.067991,47.06534433364868,PLC -> IO,1.523622
1776099195.1055164,47.102869749069214,IO -> PLC,1.28996
1776099195.1319935,47.12934684753418,PLC -> IO,1.285092
1776099195.169515,47.16686820983887,IO -> PLC,1.45114
1776099195.1959963,47.19334959983826,PLC -> IO,1.543072
1776099195.2335136,47.2308669090271,IO -> PLC,1.42094
1776099195.2599988,47.257352113723755,PLC -> IO,1.618712
1776099195.2975123,47.29486560821533,IO -> PLC,1.80652
1776099195.3240016,47.32135486602783,PLC -> IO,1.764362
1776099195.3615108,47.358864068984985,IO -> PLC,1.60024
1776099195.388004,47.38535737991333,PLC -> IO,1.249742
1776099195.4255095,47.42286276817322,IO -> PLC,1.56068
1776099195.4520066,47.44935989379883,PLC -> IO,1.295142
1776099195.489508,47.48686122894287,IO -> PLC,1.16807
1776099195.5160093,47.513362646102905,PLC -> IO,1.559272
1776099195.5535057,47.55085897445679,IO -> PLC,1.34269
1776099195.5800118,47.5773651599884,PLC -> IO,1.425872
1776099195.6175041,47.61485743522644,IO -> PLC,1.13207
1776099195.6440146,47.64136791229248,PLC -> IO,1.840252
1776099195.6815028,47.67885613441467,IO -> PLC,1.12052
1776099195.708017,47.70537042617798,PLC -> IO,1.318272
1776099195.7455015,47.742854833602905,IO -> PLC,1.09729
1776099195.7720196,47.76937294006348,PLC -> IO,1.268242
1776099195.8095,47.80685329437256,IO -> PLC,0.9074
1776099195.8360224,47.833375692367554,PLC -> IO,1.235722
1776099195.8734987,47.87085199356079,IO -> PLC,1.61972
1776099195.900025,47.89737820625305,PLC -> IO,1.327682
1776099195.9374971,47.934850454330444,IO -> PLC,1.78906
1776099195.9640276,47.96138095855713,PLC -> IO,1.498692
1776099196.001495,47.99884819984436,IO -> PLC,1.58581
1776099196.0280302,48.02538347244263,PLC -> IO,1.615382
1776099196.0654933,48.062846660614014,IO -> PLC,1.55266
1776099196.0920327,48.089385986328125,PLC -> IO,1.482552
1776099196.129492,48.126845359802246,IO -> PLC,2.10817
1776099196.1560354,48.1533887386322,PLC -> IO,1.140582
1776099196.1934905,48.1908438205719,IO -> PLC,3.49339
1776099196.220038,48.2173912525177,PLC -> IO,1.309902
1776099196.2574892,48.25484251976013,IO -> PLC,1.15789
1776099196.2840407,48.28139400482178,PLC -> IO,1.599632
1776099196.321488,48.318841218948364,IO -> PLC,1.66917
1776099196.3480432,48.345396518707275,PLC -> IO,1.465502
1776099196.3854864,48.38283967971802,IO -> PLC,1.07079
1776099196.4120457,48.40939903259277,PLC -> IO,1.503482
1776099196.4494839,48.446837186813354,IO -> PLC,1.2566
1776099196.4760485,48.47340178489685,PLC -> IO,1.262312
1776099196.5134826,48.51083588600159,IO -> PLC,3.14129
1776099196.540051,48.53740429878235,PLC -> IO,1.234592
1776099196.5774813,48.57483458518982,IO -> PLC,2.37586
1776099196.6040537,48.601407051086426,PLC -> IO,1.228312
1776099196.6414797,48.63883304595947,IO -> PLC,0.99288
1776099196.6680562,48.665409564971924,PLC -> IO,1.261312
1776099196.7054784,48.702831745147705,IO -> PLC,1.36839
1776099196.7320588,48.72941207885742,PLC -> IO,1.577032
1776099196.769477,48.76683020591736,IO -> PLC,1.16499
1776099196.7960615,48.7934148311615,PLC -> IO,1.597712
1776099196.8334756,48.83082890510559,IO -> PLC,1.51576
1776099196.860064,48.857417345047,PLC -> IO,2.214102
1776099196.8974743,48.89482760429382,IO -> PLC,1.49677
1776099196.9240668,48.921420097351074,PLC -> IO,1.277702
1776099196.9614718,48.95882511138916,IO -> PLC,1.84963
1776099196.9880693,48.98542261123657,PLC -> IO,1.234872
1776099197.0254705,49.02282381057739,IO -> PLC,1.43853
1776099197.0520718,49.04942512512207,PLC -> IO,2.536312
1776099197.089469,49.086822271347046,IO -> PLC,2.57975
1776099197.1160746,49.11342787742615,PLC -> IO,2.422032
1776099197.1534677,49.15082097053528,IO -> PLC,1.41399
1776099197.180077,49.177430391311646,PLC -> IO,1.365082
1776099197.217466,49.21481943130493,IO -> PLC,1.20962
1776099197.2440798,49.24143314361572,PLC -> IO,1.676332
1776099197.2814648,49.278818130493164,IO -> PLC,1.56536
1776099197.3080823,49.30543565750122,PLC -> IO,1.304762
1776099197.3454635,49.3428168296814,IO -> PLC,2.31129
1776099197.3720849,49.36943817138672,PLC -> IO,1.293602
1776099197.409461,49.40681433677673,IO -> PLC,0.97878
1776099197.4360876,49.433440923690796,PLC -> IO,1.265072
1776099197.4734595,49.47081279754639,IO -> PLC,1.31933
1776099197.5000901,49.497443437576294,PLC -> IO,1.211602
1776099197.5374582,49.53481149673462,IO -> PLC,1.30418
1776099197.5640929,49.56144618988037,PLC -> IO,1.407492
1776099197.6014566,49.59880995750427,IO -> PLC,1.28854
1776099197.6280954,49.62544870376587,PLC -> IO,1.466172
1776099197.6654553,49.662808656692505,IO -> PLC,1.27146
1776099197.692098,49.68945121765137,PLC -> IO,1.182132
1776099197.7294538,49.72680711746216,IO -> PLC,1.63777
1776099197.7561007,49.753453969955444,PLC -> IO,1.311212
1776099197.7934525,49.79080581665039,IO -> PLC,3.13628
1776099197.8201032,49.81745648384094,PLC -> IO,1.432782
1776099197.8574502,49.85480356216431,IO -> PLC,1.02735
1776099197.884106,49.88145923614502,PLC -> IO,1.383782
1776099197.9214487,49.91880202293396,IO -> PLC,1.00115
1776099197.9481084,49.94546175003052,PLC -> IO,1.534622
1776099197.9854474,49.98280072212219,IO -> PLC,1.55067
1776099198.012111,50.009464263916016,PLC -> IO,1.772132
1776099198.0494459,50.046799182891846,IO -> PLC,1.32998
1776099198.0761137,50.07346701622009,PLC -> IO,1.228152
1776099198.1134446,50.11079788208008,IO -> PLC,3.4686
1776099198.1401162,50.13746953010559,PLC -> IO,1.197542
1776099198.1774433,50.17479658126831,IO -> PLC,2.25355
1776099198.204119,50.20147228240967,PLC -> IO,1.190382
1776099198.2414417,50.238795042037964,IO -> PLC,1.28028
1776099198.2681215,50.265474796295166,PLC -> IO,1.301792
1776099198.3054392,50.3027925491333,IO -> PLC,1.25111
1776099198.332124,50.329477310180664,PLC -> IO,1.947692
1776099198.369438,50.36679124832153,IO -> PLC,2.01352
1776099198.3961267,50.39348006248474,PLC -> IO,2.109172
1776099198.4334364,50.43078970909119,IO -> PLC,1.61259
1776099198.4601293,50.45748257637024,PLC -> IO,1.626242
1776099198.497435,50.49478840827942,IO -> PLC,1.01805
1776099198.524132,50.521485328674316,PLC -> IO,1.204112
1776099198.5614338,50.55878710746765,IO -> PLC,2.51776
1776099198.5881345,50.585487842559814,PLC -> IO,1.209022
1776099198.6254323,50.622785568237305,IO -> PLC,0.98029
1776099198.652137,50.64949035644531,PLC -> IO,1.248822
1776099198.689431,50.68678426742554,IO -> PLC,1.52357
1776099198.7161398,50.71349310874939,PLC -> IO,1.806332
1776099198.7534294,50.75078272819519,IO -> PLC,1.13191
1776099198.7801423,50.77749562263489,PLC -> IO,1.587242
1776099198.8174272,50.814780473709106,IO -> PLC,1.11596
1776099198.844145,50.841498374938965,PLC -> IO,1.576482
1776099198.8814256,50.87877893447876,IO -> PLC,1.47594
1776099198.9081476,50.90550088882446,PLC -> IO,1.292602
1776099198.9454243,50.94277763366699,IO -> PLC,1.50295
1776099198.97215,50.96950340270996,PLC -> IO,1.275042
1776099199.009423,51.006776332855225,IO -> PLC,1.41754
1776099199.0361528,51.03350615501404,PLC -> IO,4.085262
1776099199.0734215,51.07077479362488,IO -> PLC,1.78273
1776099199.1001554,51.097508668899536,PLC -> IO,1.610572
1776099199.1374202,51.13477349281311,IO -> PLC,1.55877
1776099199.164158,51.16151142120361,PLC -> IO,1.413972
1776099199.2014186,51.198771953582764,IO -> PLC,1.9413
1776099199.2281606,51.22551393508911,PLC -> IO,1.410802
1776099199.2654164,51.26276969909668,IO -> PLC,0.64641
1776099199.2921631,51.28951644897461,PLC -> IO,1.169802
1776099199.3294148,51.32676815986633,IO -> PLC,1.34033
1776099199.356166,51.35351920127869,PLC -> IO,1.317772
1776099199.3934135,51.390766859054565,IO -> PLC,3.20055
1776099199.4201684,51.417521715164185,PLC -> IO,1.301492
1776099199.457412,51.45476531982422,IO -> PLC,1.27978
1776099199.484171,51.48152422904968,PLC -> IO,1.271772
1776099199.5214107,51.51876401901245,IO -> PLC,1.47079
1776099199.5481737,51.54552698135376,PLC -> IO,1.462212
1776099199.5854094,51.582762718200684,IO -> PLC,1.45284
1776099199.6121762,51.60952949523926,PLC -> IO,1.727622
1776099199.6494079,51.64676117897034,IO -> PLC,1.23432
1776099199.676179,51.673532247543335,PLC -> IO,1.325652
1776099199.7134054,51.710758686065674,IO -> PLC,1.97615
1776099199.7401814,51.73753476142883,PLC -> IO,1.225212
1776099199.777404,51.774757385253906,IO -> PLC,3.2905
1776099199.804184,51.80153727531433,PLC -> IO,1.133962
1776099199.8414025,51.83875584602356,IO -> PLC,1.36278
1776099199.8681867,51.86554002761841,PLC -> IO,1.307522
1776099199.9054012,51.90275454521179,IO -> PLC,3.62757
1776099199.9321892,51.929542541503906,PLC -> IO,1.586532
1776099199.9694,51.966753244400024,IO -> PLC,2.67356
1776099199.996192,51.99354529380798,PLC -> IO,2.866932
1776099200.0333984,52.03075170516968,IO -> PLC,0.97522
1776099200.0601945,52.05754780769348,PLC -> IO,1.457492
1776099200.097397,52.09475040435791,IO -> PLC,2.04483
1776099200.124197,52.12155032157898,PLC -> IO,1.308962
1776099200.1613955,52.15874886512756,IO -> PLC,2.04336
1776099200.1881998,52.18555307388306,PLC -> IO,1.231952
1776099200.2253933,52.22274661064148,IO -> PLC,1.24824
1776099200.2522023,52.249555587768555,PLC -> IO,1.264722
1776099200.2893918,52.28674507141113,IO -> PLC,1.41134
1776099200.316205,52.31355834007263,PLC -> IO,1.734932
1776099200.3533905,52.350743770599365,IO -> PLC,1.39562
1776099200.3802075,52.37756085395813,PLC -> IO,1.555682
1776099200.4173892,52.4147424697876,IO -> PLC,1.38071
1776099200.44421,52.44156336784363,PLC -> IO,2.210002
1776099200.4813876,52.47874093055725,IO -> PLC,1.36995
1776099200.5082128,52.505566120147705,PLC -> IO,1.293282
1776099200.5453863,52.54273962974548,IO -> PLC,1.35008
1776099200.5722153,52.5695686340332,PLC -> IO,1.253652
1776099200.6093848,52.60673809051514,IO -> PLC,1.13347
1776099200.636218,52.63357138633728,PLC -> IO,1.235132
1776099200.6733823,52.670735597610474,IO -> PLC,1.31313
1776099200.7002206,52.69757390022278,PLC -> IO,1.221092
1776099200.737381,52.734734296798706,IO -> PLC,1.48678
1776099200.764223,52.761576414108276,PLC -> IO,1.444192
1776099200.8013797,52.79873299598694,IO -> PLC,1.2793
1776099200.8282259,52.82557916641235,PLC -> IO,1.472942
1776099200.8653781,52.86273145675659,IO -> PLC,1.82353
1776099200.8922284,52.88958168029785,PLC -> IO,1.432102
1776099200.9293768,52.926730155944824,IO -> PLC,2.17343
1776099200.956231,52.95358443260193,PLC -> IO,1.289182
1776099200.9933753,52.99072861671448,IO -> PLC,3.49282
1776099201.0202336,53.01758694648743,PLC -> IO,1.288662
1776099201.057374,53.05472731590271,IO -> PLC,5.57415
1776099201.0842361,53.081589460372925,PLC -> IO,1.223912
1776099201.1213715,53.11872482299805,IO -> PLC,1.17536
1776099201.148239,53.145592212677,PLC -> IO,1.440432
1776099201.1853702,53.18272352218628,IO -> PLC,1.15245
1776099201.2122414,53.2095947265625,PLC -> IO,1.531912
1776099201.249369,53.24672222137451,IO -> PLC,1.33106
1776099201.2762442,53.27359747886658,PLC -> IO,1.179622
1776099201.3133674,53.310720682144165,IO -> PLC,1.87529
1776099201.3402467,53.337599992752075,PLC -> IO,1.164382
1776099201.377366,53.3747193813324,IO -> PLC,3.22852
1776099201.4042492,53.40160250663757,PLC -> IO,1.274272
1776099201.4413645,53.43871784210205,IO -> PLC,1.43896
1776099201.468252,53.46560525894165,PLC -> IO,1.984892
1776099201.5053632,53.50271654129028,IO -> PLC,2.57642
1776099201.5322545,53.52960777282715,PLC -> IO,1.579562
1776099201.5693617,53.56671500205994,IO -> PLC,1.42889
1776099201.5962572,53.593610525131226,PLC -> IO,1.793442
1776099201.6333594,53.63071274757385,IO -> PLC,1.02276
1776099201.6602597,53.657613039016724,PLC -> IO,1.498042
1776099201.697358,53.694711208343506,IO -> PLC,1.93172
1776099201.7242622,53.72161555290222,PLC -> IO,1.192402
1776099201.7613566,53.75870990753174,IO -> PLC,2.02338
1776099201.788265,53.7856183052063,PLC -> IO,1.201962
1776099201.8253553,53.82270860671997,IO -> PLC,1.34403
1776099201.8522675,53.8496208190918,PLC -> IO,1.108562
1776099201.8893538,53.886707067489624,IO -> PLC,1.33311
1776099201.9162703,53.913623571395874,PLC -> IO,1.717182
1776099201.9533525,53.950705766677856,IO -> PLC,1.47901
1776099201.9802728,53.97762608528137,PLC -> IO,1.509292
1776099202.017351,54.01470422744751,IO -> PLC,2.40037
1776099202.0442753,54.04162859916687,PLC -> IO,1.643422
1776099202.0813484,54.07870173454285,IO -> PLC,1.25181
1776099202.108278,54.10563135147095,PLC -> IO,1.385852
1776099202.145347,54.14270043373108,IO -> PLC,2.77505
1776099202.1722806,54.169633865356445,PLC -> IO,1.222192
1776099202.2093458,54.20669913291931,IO -> PLC,1.31118
1776099202.236283,54.23363637924194,PLC -> IO,1.250162
1776099202.2733443,54.270697593688965,IO -> PLC,1.02697
1776099202.3002858,54.29763913154602,PLC -> IO,1.239322
1776099202.337343,54.3346962928772,IO -> PLC,1.37048
1776099202.3642883,54.36164164543152,PLC -> IO,1.453762
1776099202.4013414,54.39869475364685,IO -> PLC,1.35772
1776099202.428291,54.425644397735596,PLC -> IO,1.519492
1776099202.4653401,54.46269345283508,IO -> PLC,1.34184
1776099202.4922936,54.489646911621094,PLC -> IO,1.987142
1776099202.5293376,54.52669095993042,IO -> PLC,1.69254
1776099202.556296,54.55364942550659,PLC -> IO,1.266032
1776099202.5933363,54.59068965911865,IO -> PLC,1.59171
1776099202.6202989,54.61765217781067,PLC -> IO,1.362322
1776099202.657335,54.654688358306885,IO -> PLC,1.66384
1776099202.6843014,54.68165469169617,PLC -> IO,1.359082
1776099202.7213335,54.71868681907654,IO -> PLC,1.26099
1776099202.7483041,54.745657444000244,PLC -> IO,1.424082
1776099202.7853322,54.78268551826477,IO -> PLC,1.62192
1776099202.8123066,54.80965995788574,PLC -> IO,1.540052
1776099202.8493307,54.846683979034424,IO -> PLC,1.21067
1776099202.8763092,54.87366247177124,PLC -> IO,1.168882
1776099202.9133294,54.910682678222656,IO -> PLC,2.98296
1776099202.940312,54.93766522407532,PLC -> IO,1.296692
1776099202.9773278,54.97468113899231,IO -> PLC,2.43058
1776099203.0043144,55.001667737960815,PLC -> IO,1.291532
1776099203.0413256,55.038678884506226,IO -> PLC,2.39519
1776099203.0683172,55.06567049026489,PLC -> IO,1.312442
1776099203.105324,55.10267734527588,IO -> PLC,1.32453
1776099203.1323197,55.12967300415039,PLC -> IO,1.721772
1776099203.1693227,55.16667604446411,IO -> PLC,1.29634
1776099203.1963222,55.19367551803589,PLC -> IO,1.639662
1776099203.2333212,55.230674505233765,IO -> PLC,1.29271
1776099203.260325,55.257678270339966,PLC -> IO,1.639292
1776099203.29732,55.294673204422,IO -> PLC,1.65165
1776099203.3243275,55.321680784225464,PLC -> IO,1.198352
1776099203.3613186,55.35867190361023,IO -> PLC,2.02796
1776099203.3883302,55.38568353652954,PLC -> IO,1.428972
1776099203.425317,55.42267036437988,IO -> PLC,1.05883
1776099203.4523327,55.44968605041504,PLC -> IO,1.289012
1776099203.4893148,55.4866681098938,IO -> PLC,1.20168
1776099203.5163352,55.51368856430054,PLC -> IO,2.025392
1776099203.5533133,55.55066657066345,IO -> PLC,1.76024
1776099203.580338,55.577691316604614,PLC -> IO,1.490052
1776099203.617312,55.614665269851685,IO -> PLC,1.37155
1776099203.6443405,55.64169383049011,PLC -> IO,1.554322
1776099203.6813104,55.67866373062134,IO -> PLC,1.52792
1776099203.708343,55.70569634437561,PLC -> IO,1.241322
1776099203.745309,55.74266242980957,IO -> PLC,2.08943
1776099203.7723458,55.76969909667969,PLC -> IO,1.226882
1776099203.8093076,55.806660890579224,IO -> PLC,1.29855
1776099203.8363483,55.833701610565186,PLC -> IO,1.288672
1776099203.8733063,55.870659589767456,IO -> PLC,1.09715
1776099203.900351,55.89770436286926,PLC -> IO,1.298962
1776099203.9373038,55.93465709686279,IO -> PLC,1.26777
1776099203.9643536,55.96170687675476,PLC -> IO,1.594142
1776099204.0013025,55.998655796051025,IO -> PLC,2.58508
1776099204.028356,56.02570939064026,PLC -> IO,1.553462
1776099204.0653012,56.06265449523926,IO -> PLC,1.43339
1776099204.0923588,56.089712142944336,PLC -> IO,1.291252
1776099204.1292996,56.12665295600891,IO -> PLC,1.39527
1776099204.1563613,56.153714656829834,PLC -> IO,1.247522
1776099204.1932983,56.190651655197144,IO -> PLC,1.58516
1776099204.220364,56.21771740913391,PLC -> IO,1.267492
1776099204.2572968,56.2546501159668,IO -> PLC,1.74554
1776099204.2843666,56.28171992301941,PLC -> IO,1.224812
1776099204.3212955,56.31864881515503,IO -> PLC,1.35477
1776099204.3483691,56.34572243690491,PLC -> IO,1.413902
1776099204.385293,56.382646322250366,IO -> PLC,1.31633
1776099204.4123719,56.409725189208984,PLC -> IO,2.167002
1776099204.4492917,56.4466450214386,IO -> PLC,1.30054
1776099204.4763744,56.47372770309448,PLC -> IO,1.402222
1776099204.5132902,56.51064348220825,IO -> PLC,4.49392
1776099204.5403771,56.53773045539856,PLC -> IO,1.312732
1776099204.5772889,56.574642181396484,IO -> PLC,2.99102
1776099204.6043797,56.60173296928406,PLC -> IO,1.295092
1776099204.6412873,56.63864064216614,IO -> PLC,1.62044
1776099204.6683822,56.665735483169556,PLC -> IO,1.246172
1776099204.705286,56.70263934135437,IO -> PLC,1.23391
1776099204.732385,56.72973823547363,PLC -> IO,1.328062
1776099204.7692845,56.76663780212402,IO -> PLC,1.40757
1776099204.7963874,56.79374074935913,PLC -> IO,1.439142
1776099204.8332832,56.830636501312256,IO -> PLC,1.96092
1776099204.8603902,56.85774350166321,PLC -> IO,1.474612
1776099204.897281,56.89463424682617,IO -> PLC,2.67427
1776099204.9243927,56.921746015548706,PLC -> IO,1.199932
1776099204.9612794,56.958632707595825,IO -> PLC,2.47711
1776099204.9883952,56.985748529434204,PLC -> IO,1.322212
1776099205.025278,57.02263140678406,IO -> PLC,1.3255
1776099205.052398,57.04975128173828,PLC -> IO,2.576132
1776099205.0892766,57.08662986755371,IO -> PLC,1.29019
1776099205.1164005,57.11375379562378,PLC -> IO,1.905272
1776099205.1532753,57.15062856674194,IO -> PLC,1.296
1776099205.1804032,57.177756547927856,PLC -> IO,1.644822
1776099205.2172737,57.2146270275116,IO -> PLC,1.54309
1776099205.2444057,57.241759061813354,PLC -> IO,1.524062
1776099205.2812724,57.27862572669983,IO -> PLC,2.18069
1776099205.3084083,57.30576157569885,PLC -> IO,1.269292
1776099205.34527,57.342623233795166,IO -> PLC,1.6047
1776099205.372411,57.36976432800293,PLC -> IO,1.273092
1776099205.4092686,57.4066219329834,IO -> PLC,1.02144
1776099205.4364135,57.43376684188843,PLC -> IO,1.186822
1776099205.473267,57.47062039375305,IO -> PLC,1.02613
1776099205.500416,57.497769355773926,PLC -> IO,1.156212
1776099205.5372658,57.534619092941284,IO -> PLC,1.35627
1776099205.5644188,57.561772108078,PLC -> IO,1.493862
1776099205.6012645,57.59861779212952,IO -> PLC,1.71417
1776099205.6284213,57.6257746219635,PLC -> IO,1.615432
1776099205.665263,57.66261625289917,IO -> PLC,1.12083
1776099205.692424,57.68977737426758,PLC -> IO,1.395062
1776099205.7292616,57.7266149520874,IO -> PLC,2.62358
1776099205.7564266,57.753779888153076,PLC -> IO,1.220292
1776099205.79326,57.790613412857056,IO -> PLC,3.54999
1776099205.820429,57.817782402038574,PLC -> IO,1.252892
1776099205.8572578,57.85461115837097,IO -> PLC,1.45818
1776099205.8844318,57.88178515434265,PLC -> IO,1.220542
1776099205.9212563,57.918609619140625,IO -> PLC,1.06461
1776099205.9484344,57.94578766822815,PLC -> IO,1.417062
1776099205.985255,57.98260831832886,IO -> PLC,1.20634
1776099206.012437,58.00979042053223,PLC -> IO,1.751352
1776099206.0492535,58.04660677909851,IO -> PLC,1.09535
1776099206.0764396,58.073792934417725,PLC -> IO,1.484272
1776099206.1132522,58.11060547828674,IO -> PLC,2.50794
1776099206.1404421,58.13779544830322,PLC -> IO,1.616242
1776099206.1772506,58.1746039390564,IO -> PLC,1.18535
1776099206.204445,58.2017982006073,PLC -> IO,1.225462
1776099206.2412493,58.23860263824463,IO -> PLC,1.32813
1776099206.2684474,58.2658007144928,PLC -> IO,1.425822
1776099206.305247,58.302600383758545,IO -> PLC,1.12184
1776099206.3324502,58.329803466796875,PLC -> IO,1.355952
1776099206.3692455,58.3665988445282,IO -> PLC,1.47367
1776099206.3964527,58.39380598068237,PLC -> IO,1.417342
1776099206.4332442,58.43059754371643,IO -> PLC,1.27122
1776099206.4604552,58.45780849456787,PLC -> IO,1.430502
1776099206.4972427,58.494596004486084,IO -> PLC,1.24639
1776099206.524458,58.52181124687195,PLC -> IO,1.360152
1776099206.5612414,58.558594703674316,IO -> PLC,2.37417
1776099206.5884604,58.585813760757446,PLC -> IO,1.325062
1776099206.6252398,58.62259316444397,IO -> PLC,1.22576
1776099206.6524632,58.64981651306152,PLC -> IO,1.299342
1776099206.6892385,58.6865918636322,IO -> PLC,1.39837
1776099206.7164657,58.71381902694702,PLC -> IO,1.791322
1776099206.753236,58.75058937072754,IO -> PLC,0.99336
1776099206.7804682,58.77782154083252,PLC -> IO,1.565192
1776099206.8172348,58.81458806991577,IO -> PLC,1.53767
1776099206.844471,58.8418242931366,PLC -> IO,1.718762
1776099206.8812332,58.878586530685425,IO -> PLC,1.50747
1776099206.9084735,58.905826807022095,PLC -> IO,1.326952
1776099206.945232,58.94258522987366,IO -> PLC,2.12243
1776099206.972476,58.96982932090759,PLC -> IO,1.222192
1776099207.0092304,59.00658369064331,IO -> PLC,1.19315
1776099207.0364788,59.03383207321167,PLC -> IO,3.797362
1776099207.073229,59.07058238983154,IO -> PLC,1.28568
1776099207.1004813,59.09783458709717,PLC -> IO,2.101182
1776099207.1372278,59.134581089019775,IO -> PLC,1.63438
1776099207.164484,59.161837339401245,PLC -> IO,1.501452
1776099207.2012253,59.19857859611511,IO -> PLC,1.24064
1776099207.2284865,59.22583985328674,PLC -> IO,1.560612
1776099207.2652237,59.262577056884766,IO -> PLC,1.04348
1776099207.292489,59.28984236717224,PLC -> IO,1.208562
1776099207.3292224,59.326575756073,IO -> PLC,1.77316
1776099207.3564918,59.35384511947632,PLC -> IO,1.241892
1776099207.3932211,59.39057445526123,IO -> PLC,1.17654
1776099207.4204943,59.417847633361816,PLC -> IO,1.305852
1776099207.4572196,59.454572916030884,IO -> PLC,1.3482
1776099207.484497,59.481850385665894,PLC -> IO,1.304442
1776099207.5212183,59.518571615219116,IO -> PLC,1.31496
1776099207.5484996,59.54585289955139,PLC -> IO,1.371932
1776099207.5852168,59.58257007598877,IO -> PLC,1.5039
1776099207.612502,59.60985541343689,PLC -> IO,2.013112
1776099207.6492155,59.646568775177,IO -> PLC,1.38042
1776099207.6765049,59.67385816574097,PLC -> IO,1.300892
1776099207.713213,59.71056628227234,IO -> PLC,2.97733
1776099207.7405074,59.737860679626465,PLC -> IO,1.270302
1776099207.7772117,59.77456498146057,IO -> PLC,3.54012
1776099207.80451,59.80186343193054,PLC -> IO,1.212742
1776099207.8412104,59.838563680648804,IO -> PLC,1.23646
1776099207.8685126,59.86586594581604,PLC -> IO,1.198132
1776099207.9052088,59.90256214141846,IO -> PLC,1.21459
1776099207.9325151,59.92986845970154,PLC -> IO,1.305772
1776099207.9692075,59.96656084060669,IO -> PLC,1.19055
1776099207.996518,59.993871212005615,PLC -> IO,1.425342
1776099208.033206,60.03055930137634,IO -> PLC,1.1838
1776099208.0605204,60.05787372589111,PLC -> IO,1.485462
1776099208.0972047,60.094558000564575,IO -> PLC,2.27901
1776099208.124523,60.12187623977661,PLC -> IO,1.291262
1776099208.1612022,60.15855550765991,IO -> PLC,2.47203
1776099208.1885257,60.18587899208069,PLC -> IO,1.308732
1776099208.2252007,60.222553968429565,IO -> PLC,1.10977
1776099208.2525282,60.24988150596619,PLC -> IO,1.230042
1776099208.2891994,60.2865526676178,IO -> PLC,1.27998
1776099208.316531,60.313884258270264,PLC -> IO,1.917542
1776099208.353198,60.35055136680603,IO -> PLC,1.45883
1776099208.3805335,60.37788677215576,PLC -> IO,1.483742
1776099208.4171965,60.414549827575684,IO -> PLC,1.61393
1776099208.444536,60.44188928604126,PLC -> IO,1.474012
1776099208.4811952,60.478548526763916,IO -> PLC,1.59797
1776099208.5085387,60.50589203834534,PLC -> IO,1.182612
1776099208.5451937,60.54254698753357,IO -> PLC,2.15372
1776099208.5725412,60.569894552230835,PLC -> IO,1.337212
1776099208.6091914,60.606544733047485,IO -> PLC,1.09332
1776099208.636544,60.63389730453491,PLC -> IO,1.421642
1776099208.6731899,60.67054319381714,IO -> PLC,1.17465
1776099208.7005465,60.69789981842041,PLC -> IO,1.449062
1776099208.7371886,60.73454189300537,IO -> PLC,1.53983
1776099208.764549,60.76190233230591,PLC -> IO,1.544622
1776099208.8011873,60.7985405921936,IO -> PLC,2.05934
1776099208.8285518,60.825905084609985,PLC -> IO,1.515702
1776099208.8651857,60.86253905296326,IO -> PLC,1.49169
1776099208.8925543,60.88990759849548,PLC -> IO,1.392942
1776099208.9291844,60.92653775215149,IO -> PLC,1.85271
1776099208.956557,60.95391035079956,PLC -> IO,1.179292
1776099208.993183,60.99053621292114,IO -> PLC,1.84394
1776099209.0205595,61.01791286468506,PLC -> IO,1.457742
1776099209.0571816,61.054534912109375,IO -> PLC,2.76091
1776099209.084562,61.08191537857056,PLC -> IO,1.163302
1776099209.121179,61.11853241920471,IO -> PLC,1.62067
1776099209.1485648,61.145918130874634,PLC -> IO,1.803752
1776099209.1851778,61.182531118392944,IO -> PLC,1.95601
1776099209.2125673,61.20992064476013,PLC -> IO,1.788592
1776099209.2491763,61.2465295791626,IO -> PLC,1.5634
1776099209.2765698,61.27392315864563,PLC -> IO,1.458702
1776099209.313175,61.31052827835083,IO -> PLC,1.93762
1776099209.3405726,61.33792591094971,PLC -> IO,1.245782
1776099209.3771737,61.37452697753906,IO -> PLC,3.78855
1776099209.404575,61.401928424835205,PLC -> IO,1.258772
1776099209.4411721,61.438525438308716,IO -> PLC,1.49105
1776099209.4685779,61.46593117713928,PLC -> IO,1.204422
1776099209.5051708,61.50252413749695,IO -> PLC,1.48134
1776099209.5325804,61.52993369102478,PLC -> IO,1.341032
1776099209.5691683,61.566521644592285,IO -> PLC,0.78367
1776099209.596583,61.59393620491028,PLC -> IO,1.531162
1776099209.6331668,61.63052010536194,IO -> PLC,1.44247
1776099209.6605856,61.657938957214355,PLC -> IO,2.015622
1776099209.6971655,61.69451880455017,IO -> PLC,1.42451
1776099209.7245882,61.72194147109985,PLC -> IO,1.328512
1776099209.7611642,61.7585175037384,IO -> PLC,2.74909
1776099209.788591,61.78594422340393,PLC -> IO,1.250632
1776099209.8251626,61.82251596450806,IO -> PLC,1.19931
1776099209.8525934,61.84994673728943,PLC -> IO,1.575162
1776099209.8891613,61.88651466369629,IO -> PLC,2.11619
1776099209.916596,61.91394925117493,PLC -> IO,1.891062
1776099209.9531598,61.95051312446594,IO -> PLC,1.72566
1776099209.9805987,61.977952003479004,PLC -> IO,1.436042
1776099210.0171576,62.01451086997986,IO -> PLC,0.81791
1776099210.0446012,62.0419545173645,PLC -> IO,1.514562
1776099210.081156,62.07850933074951,IO -> PLC,1.31398
1776099210.108604,62.10595726966858,PLC -> IO,1.161552
1776099210.1451547,62.142508029937744,IO -> PLC,2.05798
1776099210.1726065,62.16995978355408,PLC -> IO,1.311522
1776099210.2091532,62.2065064907074,IO -> PLC,1.28335
1776099210.236609,62.233962297439575,PLC -> IO,1.293722
1776099210.2731519,62.27050518989563,IO -> PLC,1.25627
1776099210.3006117,62.29796504974365,PLC -> IO,1.297842
1776099210.3371506,62.33450388908386,IO -> PLC,1.43289
1776099210.3646142,62.36196756362915,PLC -> IO,1.563742
1776099210.401149,62.398502349853516,IO -> PLC,1.40157
1776099210.4286168,62.42597007751465,PLC -> IO,1.531212
1776099210.4651477,62.46250104904175,IO -> PLC,1.55978
1776099210.4926195,62.489972829818726,PLC -> IO,1.355732
1776099210.5291452,62.526498556137085,IO -> PLC,2.15418
1776099210.556622,62.553975343704224,PLC -> IO,1.213132
1776099210.593144,62.59049725532532,IO -> PLC,1.53932
1776099210.6206248,62.6179780960083,PLC -> IO,1.261572
1776099210.6571424,62.65449571609497,IO -> PLC,1.69249
1776099210.6846273,62.6819806098938,PLC -> IO,1.311452
1776099210.721141,62.7184944152832,IO -> PLC,1.8855
1776099210.7486298,62.7459831237793,PLC -> IO,1.501742
1776099210.7851396,62.782492876052856,IO -> PLC,1.10767
1776099210.8126326,62.809985876083374,PLC -> IO,1.651152
1776099210.8491383,62.84649157524109,IO -> PLC,1.08155
1776099210.876635,62.87398838996887,PLC -> IO,1.238792
1776099210.913137,62.91049027442932,IO -> PLC,1.9986
1776099210.9406378,62.93799114227295,PLC -> IO,1.309392
1776099210.9771345,62.97448778152466,IO -> PLC,3.12245
1776099211.0046403,63.00199365615845,PLC -> IO,2.522122
1776099211.041133,63.03848624229431,IO -> PLC,0.67055
1776099211.0686429,63.065996170043945,PLC -> IO,1.572202
1776099211.1051316,63.102484941482544,IO -> PLC,1.1891
1776099211.1326456,63.12999892234802,PLC -> IO,1.347432
1776099211.16913,63.1664834022522,IO -> PLC,1.37491
1776099211.1966481,63.19400143623352,PLC -> IO,1.328832
1776099211.2331288,63.23048210144043,IO -> PLC,1.35608
1776099211.2606509,63.2580041885376,PLC -> IO,1.581282
1776099211.2971272,63.29448056221008,IO -> PLC,1.71078
1776099211.3246534,63.322006702423096,PLC -> IO,1.279402
1776099211.361126,63.358479261398315,IO -> PLC,2.64743
1776099211.388656,63.386009216308594,PLC -> IO,1.350002
1776099211.4251237,63.42247700691223,IO -> PLC,1.28381
1776099211.4526587,63.45001196861267,PLC -> IO,1.249072
1776099211.4891222,63.486475467681885,IO -> PLC,1.08065
1776099211.5166612,63.51401448249817,PLC -> IO,1.435042
1776099211.5531209,63.55047416687012,IO -> PLC,1.25606
1776099211.5806637,63.57801699638367,PLC -> IO,1.413082
1776099211.6171193,63.61447262763977,IO -> PLC,1.6222
1776099211.6446664,63.642019748687744,PLC -> IO,1.564492
1776099211.681118,63.678471326828,IO -> PLC,1.03806
1776099211.708669,63.70602226257324,PLC -> IO,1.258112
1776099211.7451165,63.742469787597656,IO -> PLC,2.51514
1776099211.7726717,63.77002501487732,PLC -> IO,1.311032
1776099211.8091152,63.80646848678589,IO -> PLC,2.31301
1776099211.8366742,63.83402752876282,PLC -> IO,1.320362
1776099211.8731127,63.870465993881226,IO -> PLC,0.6433
1776099211.9006767,63.898030042648315,PLC -> IO,1.472162
1776099211.9371114,63.93446469306946,IO -> PLC,1.14561
1776099211.9646795,63.96203279495239,PLC -> IO,1.507482
1776099212.0011098,63.99846315383911,IO -> PLC,1.29366
1776099212.028682,64.02603530883789,PLC -> IO,1.477922
1776099212.0651085,64.06246185302734,IO -> PLC,1.64637
1776099212.0926847,64.09003806114197,PLC -> IO,1.173942
1776099212.1291072,64.12646055221558,IO -> PLC,1.45848
1776099212.1566873,64.15404057502747,PLC -> IO,1.159192
1776099212.1931057,64.19045901298523,IO -> PLC,1.06171
1776099212.2206898,64.21804308891296,PLC -> IO,1.238192
1776099212.2571044,64.25445771217346,IO -> PLC,1.23416
1776099212.2846925,64.28204584121704,PLC -> IO,1.499042
1776099212.3211029,64.31845617294312,IO -> PLC,1.57367
1776099212.348695,64.34604835510254,PLC -> IO,1.581722
1776099212.3851004,64.38245368003845,IO -> PLC,1.00897
1776099212.4126976,64.41005086898804,PLC -> IO,1.604402
1776099212.449099,64.44645237922668,IO -> PLC,1.55216
1776099212.4767003,64.47405362129211,PLC -> IO,1.268202
1776099212.5130978,64.51045107841492,IO -> PLC,3.03963
1776099212.5407028,64.53805613517761,PLC -> IO,1.248012
1776099212.5770962,64.57444953918457,IO -> PLC,1.51625
1776099212.6047056,64.60205888748169,PLC -> IO,1.165092
1776099212.641095,64.6384482383728,IO -> PLC,1.47677
1776099212.668708,64.66606140136719,PLC -> IO,1.184492
1776099212.7050934,64.70244669914246,IO -> PLC,1.27041
1776099212.7327106,64.73006391525269,PLC -> IO,1.292702
1776099212.769092,64.76644539833069,IO -> PLC,1.25461
1776099212.7967134,64.79406666755676,PLC -> IO,1.555152
1776099212.8330896,64.83044290542603,IO -> PLC,1.42706
1776099212.8607159,64.85806918144226,PLC -> IO,1.692152
1776099212.8970883,64.89444160461426,IO -> PLC,1.41751
1776099212.9247186,64.92207193374634,PLC -> IO,1.429232
1776099212.9610868,64.95844006538391,IO -> PLC,2.73281
1776099212.9887211,64.98607444763184,PLC -> IO,1.310782
1776099213.0250854,65.02243876457214,IO -> PLC,1.58345
1776099213.0527236,65.05007696151733,PLC -> IO,2.117892
1776099213.0890841,65.08643746376038,IO -> PLC,1.17427
1776099213.1167264,65.11407971382141,PLC -> IO,1.696152
1776099213.1530826,65.15043592453003,IO -> PLC,1.33337
1776099213.180729,65.17808222770691,PLC -> IO,1.420982
1776099213.2170813,65.21443462371826,IO -> PLC,1.10788
1776099213.2447314,65.24208474159241,PLC -> IO,1.440392
1776099213.2810788,65.2784321308136,IO -> PLC,1.8774
1776099213.3087342,65.30608749389648,PLC -> IO,1.342822
1776099213.3450775,65.34243083000183,IO -> PLC,2.23619
1776099213.3727367,65.37009000778198,PLC -> IO,1.285112
1776099213.409076,65.40642929077148,IO -> PLC,1.26691
1776099213.4367394,65.43409276008606,PLC -> IO,1.391142
1776099213.4730747,65.47042798995972,IO -> PLC,1.61153
1776099213.500742,65.49809527397156,PLC -> IO,1.624472
1776099213.5370731,65.53442645072937,IO -> PLC,1.22396
1776099213.5647445,65.56209778785706,PLC -> IO,1.507302
1776099213.6010718,65.5984251499176,IO -> PLC,0.8159
1776099213.6287472,65.62610054016113,PLC -> IO,1.458682
1776099213.6650705,65.66242384910583,IO -> PLC,1.73599
1776099213.6927497,65.69010305404663,PLC -> IO,1.316732
1776099213.729069,65.72642230987549,IO -> PLC,2.85377
1776099213.7567525,65.75410580635071,PLC -> IO,1.154762
1776099213.7930665,65.79041981697083,IO -> PLC,1.3407
1776099213.820755,65.8181083202362,PLC -> IO,1.346812
1776099213.8570652,65.85441851615906,IO -> PLC,1.11914
1776099213.8847575,65.8821108341217,PLC -> IO,1.290292
1776099213.9210637,65.91841697692871,IO -> PLC,1.10718
1776099213.9487603,65.94611358642578,PLC -> IO,1.509782
1776099213.9850624,65.98241567611694,IO -> PLC,1.26036
1776099214.0127628,66.01011610031128,PLC -> IO,1.925762
1776099214.0490608,66.0464141368866,IO -> PLC,1.264
1776099214.0767653,66.07411861419678,PLC -> IO,1.328492
1776099214.1130595,66.11041283607483,IO -> PLC,2.58331
1776099214.140768,66.13812136650085,PLC -> IO,1.204292
1776099214.1770582,66.17441153526306,IO -> PLC,1.03152
1776099214.2047706,66.20212388038635,PLC -> IO,1.197692
1776099214.2410557,66.2384090423584,IO -> PLC,1.18661
1776099214.2687733,66.26612663269043,PLC -> IO,1.148212
1776099214.3050544,66.30240774154663,IO -> PLC,1.37347
1776099214.3327758,66.33012914657593,PLC -> IO,1.835472
1776099214.369053,66.36640620231628,IO -> PLC,1.33719
1776099214.3967783,66.39413166046143,PLC -> IO,1.570142
1776099214.4330516,66.43040490150452,IO -> PLC,1.15947
1776099214.460781,66.4581344127655,PLC -> IO,1.466342
1776099214.49705,66.49440336227417,IO -> PLC,1.51521
1776099214.5247836,66.522136926651,PLC -> IO,1.243652
1776099214.5610487,66.5584020614624,IO -> PLC,3.18813
1776099214.5887864,66.58613967895508,PLC -> IO,1.200962
1776099214.6250472,66.62240052223206,IO -> PLC,1.08736
1776099214.6527889,66.65014219284058,PLC -> IO,1.334522
1776099214.689045,66.68639826774597,IO -> PLC,1.62735
1776099214.7167914,66.71414470672607,PLC -> IO,1.538502
1776099214.7530434,66.75039672851562,IO -> PLC,1.41507
1776099214.7807941,66.77814745903015,PLC -> IO,1.653342
1776099214.817042,66.81439542770386,IO -> PLC,2.16307
1776099214.8447967,66.84214997291565,PLC -> IO,1.578512
1776099214.8810408,66.87839412689209,IO -> PLC,1.20603
1776099214.9087992,66.90615248680115,PLC -> IO,1.282452
1776099214.9450393,66.94239258766174,IO -> PLC,2.54197
1776099214.972802,66.97015523910522,PLC -> IO,1.300262
1776099215.009038,67.00639128684998,IO -> PLC,1.16212
1776099215.0368044,67.03415775299072,PLC -> IO,4.234552
1776099215.0730364,67.07038974761963,IO -> PLC,1.56914
1776099215.1008072,67.0981605052948,PLC -> IO,1.565062
1776099215.137034,67.13438725471497,IO -> PLC,1.30853
1776099215.1648097,67.1621630191803,PLC -> IO,2.114082
1776099215.2010326,67.1983859539032,IO -> PLC,1.86092
1776099215.2288122,67.2261655330658,PLC -> IO,1.451862
1776099215.2650313,67.26238465309143,IO -> PLC,1.46527
1776099215.292815,67.29016828536987,PLC -> IO,1.303572
1776099215.3290298,67.32638311386108,IO -> PLC,2.0167
1776099215.3568175,67.35417079925537,PLC -> IO,1.287772
1776099215.3930285,67.39038181304932,IO -> PLC,1.99666
1776099215.4208202,67.41817355155945,PLC -> IO,1.316042
1776099215.457027,67.45438027381897,IO -> PLC,1.58645
1776099215.4848228,67.48217606544495,PLC -> IO,1.259922
1776099215.5210257,67.5183789730072,IO -> PLC,1.57378
1776099215.5488253,67.54617857933044,PLC -> IO,1.460612
1776099215.585024,67.58237743377686,IO -> PLC,1.53446
1776099215.612828,67.61018133163452,PLC -> IO,1.566882
1776099215.6490219,67.64637517929077,IO -> PLC,1.41602
1776099215.6768305,67.67418384552002,PLC -> IO,1.248842
1776099215.7130203,67.71037364006042,IO -> PLC,2.27058
1776099215.740833,67.73818635940552,PLC -> IO,1.210312
1776099215.777019,67.77437233924866,IO -> PLC,1.48979
1776099215.8048358,67.8021891117096,PLC -> IO,1.170192
1776099215.8410177,67.83837103843689,IO -> PLC,1.28239
1776099215.8688383,67.86619162559509,PLC -> IO,1.430322
1776099215.9050162,67.90236949920654,IO -> PLC,1.26851
1776099215.932841,67.93019437789917,PLC -> IO,1.925662
1776099215.969015,67.96636819839478,IO -> PLC,1.43496
1776099215.9968436,67.99419689178467,PLC -> IO,1.482162
1776099216.0330133,68.03036665916443,IO -> PLC,1.60439
1776099216.060846,68.05819940567017,PLC -> IO,1.537652
1776099216.097011,68.09436440467834,IO -> PLC,1.97357
1776099216.1248488,68.12220215797424,PLC -> IO,1.204632
1776099216.1610096,68.158362865448,IO -> PLC,1.20822
1776099216.1888514,68.18620467185974,PLC -> IO,1.205562
1776099216.2250082,68.22236156463623,IO -> PLC,1.36643
1776099216.252854,68.25020742416382,PLC -> IO,1.186082
1776099216.2890067,68.28636002540588,IO -> PLC,1.14991
1776099216.3168566,68.31420993804932,PLC -> IO,1.399092
1776099216.3530054,68.35035872459412,IO -> PLC,1.30596
1776099216.3808591,68.37821245193481,PLC -> IO,1.458322
1776099216.417004,68.41435742378235,IO -> PLC,1.87579
1776099216.444862,68.44221520423889,PLC -> IO,1.601582
1776099216.4810026,68.478355884552,IO -> PLC,1.47694
1776099216.5088644,68.50621771812439,PLC -> IO,1.396732
1776099216.5450013,68.54235458374023,IO -> PLC,2.4075
1776099216.572867,68.57022023200989,PLC -> IO,1.250202
1776099216.6089988,68.60635209083557,IO -> PLC,1.89081
1776099216.6368697,68.63422298431396,PLC -> IO,1.225762
1776099216.6729972,68.67035055160522,IO -> PLC,1.40787
1776099216.7008722,68.69822549819946,PLC -> IO,1.257492
1776099216.736996,68.73434925079346,IO -> PLC,1.57432
1776099216.764875,68.76222825050354,PLC -> IO,1.483782
1776099216.8009944,68.79834771156311,IO -> PLC,1.76317
1776099216.8288774,68.82623076438904,PLC -> IO,1.377902
1776099216.864993,68.86234641075134,IO -> PLC,1.36128
1776099216.89288,68.89023327827454,PLC -> IO,1.285932
1776099216.9289918,68.92634510993958,IO -> PLC,2.09704
1776099216.9568827,68.95423603057861,PLC -> IO,1.500862
1776099216.9929903,68.99034357070923,IO -> PLC,1.68803
1776099217.0208852,69.01823854446411,PLC -> IO,1.346822
1776099217.056988,69.05434131622314,IO -> PLC,0.6409
1776099217.084888,69.08224129676819,PLC -> IO,1.396302
1776099217.1209865,69.1183397769928,IO -> PLC,1.6614
1776099217.1488905,69.14624381065369,PLC -> IO,1.469072
1776099217.1849852,69.18233847618103,IO -> PLC,1.4592
1776099217.212893,69.21024632453918,PLC -> IO,1.560472
1776099217.2489836,69.24633693695068,IO -> PLC,1.81182
1776099217.2768958,69.27424907684326,PLC -> IO,1.230592
1776099217.3129823,69.31033563613892,IO -> PLC,2.94496
1776099217.3408983,69.33825159072876,PLC -> IO,1.187192
1776099217.3769808,69.37433409690857,IO -> PLC,3.55791
1776099217.4049008,69.40225410461426,PLC -> IO,1.123392
1776099217.4409795,69.4383327960968,IO -> PLC,1.0024
1776099217.4689035,69.46625685691833,PLC -> IO,1.337032
1776099217.504977,69.50233030319214,IO -> PLC,0.83099
1776099217.532906,69.53025937080383,PLC -> IO,1.666852
1776099217.5689757,69.56632900238037,IO -> PLC,1.90565
1776099217.5969088,69.59426212310791,PLC -> IO,1.618802
1776099217.6329744,69.6303277015686,IO -> PLC,1.13494
1776099217.6609113,69.65826463699341,PLC -> IO,1.563012
1776099217.6969728,69.69432616233826,IO -> PLC,1.47652
1776099217.7249138,69.7222671508789,PLC -> IO,1.375612
1776099217.7609715,69.75832486152649,IO -> PLC,2.79598
1776099217.7889166,69.78626990318298,PLC -> IO,1.237232
1776099217.82497,69.82232332229614,IO -> PLC,1.2626
1776099217.852919,69.85027241706848,PLC -> IO,1.203602
1776099217.8889687,69.88632202148438,IO -> PLC,1.05319
1776099217.9169216,69.91427493095398,PLC -> IO,1.544932
1776099217.9529662,69.95031952857971,IO -> PLC,1.22774
1776099217.9809244,69.97827768325806,PLC -> IO,1.537702
1776099218.0169647,70.01431798934937,IO -> PLC,3.0777
1776099218.044927,70.04228019714355,PLC -> IO,1.580772
1776099218.0809634,70.0783166885376,IO -> PLC,1.54
1776099218.1089296,70.10628294944763,PLC -> IO,1.295292
1776099218.144962,70.14231538772583,IO -> PLC,2.68426
1776099218.1729321,70.17028546333313,PLC -> IO,1.216132
1776099218.2089605,70.20631384849548,IO -> PLC,1.50633
1776099218.2369347,70.23428797721863,PLC -> IO,1.215372
1776099218.2729592,70.27031254768372,IO -> PLC,1.12883
1776099218.3009374,70.2982907295227,PLC -> IO,1.788152
1776099218.3369577,70.33431100845337,IO -> PLC,1.28921
1776099218.36494,70.3622932434082,PLC -> IO,1.399212
1776099218.4009564,70.3983097076416,IO -> PLC,1.84472
1776099218.4289427,70.42629599571228,PLC -> IO,1.350052
1776099218.464954,70.46230721473694,IO -> PLC,1.24913
1776099218.4929452,70.49029850959778,PLC -> IO,1.343382
1776099218.5289526,70.52630591392517,IO -> PLC,2.00649
1776099218.5569477,70.55430102348328,PLC -> IO,1.316222
1776099218.592951,70.59030437469482,IO -> PLC,1.2001
1776099218.6209505,70.61830377578735,PLC -> IO,1.298822
1776099218.6569498,70.65430307388306,IO -> PLC,1.19663
1776099218.684953,70.68230628967285,PLC -> IO,1.222692
1776099218.7209482,70.71830153465271,IO -> PLC,0.98811
1776099218.7489555,70.74630880355835,PLC -> IO,1.486902
1776099218.784947,70.78230023384094,IO -> PLC,1.71667
1776099218.8129582,70.81031155586243,PLC -> IO,1.710872
1776099218.8489456,70.84629893302917,IO -> PLC,1.88616
1776099218.8769608,70.87431406974792,PLC -> IO,1.370822
1776099218.9129431,70.91029644012451,IO -> PLC,2.2451
1776099218.9409635,70.938316822052,PLC -> IO,1.172452
1776099218.9769418,70.97429513931274,IO -> PLC,1.66
1776099219.004966,71.0023193359375,PLC -> IO,1.465542
1776099219.0409403,71.0382936000824,IO -> PLC,5.35925
1776099219.0689685,71.066321849823,PLC -> IO,1.276212
1776099219.104939,71.10229229927063,IO -> PLC,1.43672
1776099219.1329713,71.13032460212708,PLC -> IO,1.395872
1776099219.1689374,71.16629076004028,IO -> PLC,1.04194
1776099219.1969738,71.19432711601257,PLC -> IO,1.456382
1776099219.2329361,71.23028945922852,IO -> PLC,1.18576
1776099219.2609763,71.25832962989807,PLC -> IO,1.195212
1776099219.2969346,71.29428791999817,IO -> PLC,1.74935
1776099219.324979,71.32233238220215,PLC -> IO,1.227662
1776099219.3609324,71.35828566551208,IO -> PLC,1.37106
1776099219.3889816,71.38633489608765,PLC -> IO,1.719792
1776099219.4249308,71.42228412628174,IO -> PLC,1.15358
1776099219.4529843,71.45033764839172,PLC -> IO,1.264062
1776099219.4889295,71.48628282546997,IO -> PLC,1.31795
1776099219.5169868,71.51434016227722,PLC -> IO,2.012922
1776099219.552928,71.55028128623962,IO -> PLC,1.49144
1776099219.5809894,71.57834267616272,PLC -> IO,1.498302
1776099219.6169267,71.61427998542786,IO -> PLC,1.7143
1776099219.644992,71.6423454284668,PLC -> IO,1.574752
1776099219.6809254,71.67827868461609,IO -> PLC,1.08599
1776099219.7089946,71.7063479423523,PLC -> IO,1.260302
1776099219.7449238,71.74227714538574,IO -> PLC,2.76899
1776099219.7729974,71.77035069465637,PLC -> IO,1.242892
1776099219.8089225,71.80627584457397,IO -> PLC,1.40442
1776099219.837,71.83435320854187,PLC -> IO,1.264702
1776099219.87292,71.87027335166931,IO -> PLC,1.02085
1776099219.9010024,71.89835572242737,PLC -> IO,1.522342
1776099219.9369185,71.93427181243896,IO -> PLC,1.38179
1776099219.9650052,71.96235847473145,PLC -> IO,1.666712
1776099220.0009172,71.9982705116272,IO -> PLC,1.55544
1776099220.0290077,72.02636098861694,PLC -> IO,1.675002
1776099220.0649157,72.06226897239685,IO -> PLC,2.10495
1776099220.0930102,72.09036350250244,PLC -> IO,1.464222
1776099220.1289144,72.12626767158508,IO -> PLC,2.44949
1776099220.157013,72.15436625480652,PLC -> IO,1.249142
1776099220.192913,72.19026637077332,IO -> PLC,1.47301
1776099220.2210155,72.21836876869202,PLC -> IO,1.284062
1776099220.2569115,72.25426483154297,IO -> PLC,1.66091
1776099220.2850182,72.2823715209961,PLC -> IO,1.256752
1776099220.3209093,72.31826257705688,IO -> PLC,1.26614
1776099220.3490207,72.34637403488159,PLC -> IO,1.434542
1776099220.3849077,72.38226103782654,IO -> PLC,1.24011
1776099220.4130232,72.41037654876709,PLC -> IO,1.546042
1776099220.4489064,72.44625973701477,IO -> PLC,2.17659
1776099220.477026,72.47437930107117,PLC -> IO,1.129342
1776099220.512905,72.51025819778442,IO -> PLC,2.34592
1776099220.5410285,72.53838181495667,PLC -> IO,1.275872
1776099220.5769036,72.57425689697266,IO -> PLC,0.66101
1776099220.605031,72.60238432884216,PLC -> IO,1.278552
1776099220.640902,72.63825535774231,IO -> PLC,1.5339
1776099220.6690338,72.66638708114624,PLC -> IO,1.391392
1776099220.7049007,72.70225405693054,IO -> PLC,1.33593
1776099220.7330363,72.73038959503174,PLC -> IO,1.735282
1776099220.7688982,72.76625156402588,IO -> PLC,1.13766
1776099220.797039,72.79439234733582,PLC -> IO,1.518662
1776099220.832897,72.83025026321411,IO -> PLC,1.29075
1776099220.8610415,72.85839486122131,PLC -> IO,1.188932
1776099220.8968956,72.89424896240234,IO -> PLC,1.27495
1776099220.925044,72.92239737510681,PLC -> IO,1.210012
1776099220.960894,72.958247423172,IO -> PLC,1.05434
1776099220.9890468,72.98640012741089,PLC -> IO,1.180532
1776099221.0248928,73.02224612236023,IO -> PLC,1.4132
1776099221.0530493,73.05040264129639,PLC -> IO,2.340122
1776099221.0888913,73.08624458312988,IO -> PLC,1.2242
1776099221.1170518,73.11440515518188,PLC -> IO,1.777582
1776099221.15289,73.15024328231812,IO -> PLC,1.37945
1776099221.1810546,73.17840790748596,PLC -> IO,1.483132
1776099221.2168884,73.21424174308777,IO -> PLC,2.491
1776099221.245057,73.24241042137146,PLC -> IO,1.518772
1776099221.280886,73.2782392501831,IO -> PLC,2.90642
1776099221.3090599,73.30641317367554,PLC -> IO,1.399212
1776099221.3448846,73.34223794937134,IO -> PLC,2.66701
1776099221.3730624,73.37041568756104,PLC -> IO,1.202682
1776099221.4088833,73.40623664855957,IO -> PLC,1.88926
1776099221.437065,73.43441820144653,PLC -> IO,1.219522
1776099221.4728818,73.47023510932922,IO -> PLC,1.48329
1776099221.5010676,73.49842095375061,PLC -> IO,1.483262
1776099221.5368805,73.53423380851746,IO -> PLC,1.27276
1776099221.5650702,73.56242346763611,PLC -> IO,1.545532
1776099221.600879,73.59823226928711,IO -> PLC,1.45177
1776099221.629073,73.62642621994019,PLC -> IO,1.517982
1776099221.6648777,73.66223096847534,IO -> PLC,1.61279
1776099221.6930754,73.69042873382568,PLC -> IO,1.309922
1776099221.7288752,73.72622847557068,IO -> PLC,2.534
1776099221.757078,73.75443124771118,PLC -> IO,1.262772
1776099221.7928739,73.79022717475891,IO -> PLC,1.20126
1776099221.8210807,73.81843400001526,PLC -> IO,1.300572
1776099221.8568723,73.85422563552856,IO -> PLC,1.56532
1776099221.8850832,73.88243651390076,PLC -> IO,1.336452
1776099221.920871,73.9182243347168,IO -> PLC,1.14679
1776099221.9490857,73.94643902778625,PLC -> IO,1.490182
1776099221.9848695,73.98222279548645,IO -> PLC,1.14635
1776099222.0130885,74.01044178009033,PLC -> IO,1.978002
1776099222.0488682,74.04622149467468,IO -> PLC,2.05829
1776099222.077091,74.07444429397583,PLC -> IO,1.299542
1776099222.1128669,74.11022019386292,IO -> PLC,3.38815
1776099222.1410937,74.13844704627991,PLC -> IO,1.312532
1776099222.1768644,74.17421770095825,IO -> PLC,1.09081
1776099222.2050962,74.2024495601654,PLC -> IO,1.260012
1776099222.240863,74.23821640014648,IO -> PLC,1.81713
1776099222.2690988,74.2664520740509,PLC -> IO,1.243422
1776099222.3048615,74.30221486091614,IO -> PLC,1.04258
1776099222.3331015,74.33045482635498,PLC -> IO,1.441462
1776099222.3688602,74.36621356010437,IO -> PLC,1.40152
1776099222.397104,74.39445734024048,PLC -> IO,1.430862
1776099222.4328587,74.43021202087402,IO -> PLC,1.38973
1776099222.4611065,74.45845985412598,PLC -> IO,1.302492
1776099222.4968574,74.49421072006226,IO -> PLC,1.37281
1776099222.5251093,74.52246260643005,PLC -> IO,1.256452
1776099222.5608559,74.55820918083191,IO -> PLC,1.13981
1776099222.5891118,74.58646512031555,PLC -> IO,1.304882
1776099222.6248546,74.62220788002014,IO -> PLC,1.14233
1776099222.6531146,74.65046787261963,PLC -> IO,1.693412
1776099222.688852,74.68620538711548,IO -> PLC,1.49119
1776099222.717117,74.71447038650513,PLC -> IO,1.638332
1776099222.7528508,74.75020408630371,IO -> PLC,1.46603
1776099222.7811196,74.77847290039062,PLC -> IO,1.598532
1776099222.8168492,74.81420254707336,IO -> PLC,1.85763
1776099222.8451223,74.8424756526947,PLC -> IO,1.525132
1776099222.880848,74.8782012462616,IO -> PLC,1.42501
1776099222.9091249,74.9064781665802,PLC -> IO,1.245552
1776099222.9448466,74.94219994544983,IO -> PLC,2.15061
1776099222.9731274,74.9704806804657,PLC -> IO,1.849292
1776099223.008845,75.00619840621948,IO -> PLC,1.41382
1776099223.03713,75.03448343276978,PLC -> IO,3.926612
1776099223.0728438,75.07019710540771,IO -> PLC,2.32158
1776099223.1011326,75.09848594665527,PLC -> IO,1.693842
1776099223.1368413,75.13419461250305,IO -> PLC,1.16685
1776099223.1651354,75.16248869895935,PLC -> IO,1.589802
1776099223.2008398,75.1981930732727,IO -> PLC,1.72053
1776099223.229138,75.22649121284485,PLC -> IO,1.537432
1776099223.2648385,75.26219177246094,IO -> PLC,1.50273
1776099223.2931404,75.29049372673035,PLC -> IO,1.226272
1776099223.328837,75.32619023323059,IO -> PLC,2.62378
1776099223.3571432,75.35449647903442,PLC -> IO,1.241352
1776099223.3928356,75.39018893241882,IO -> PLC,1.28376
1776099223.4211457,75.41849899291992,PLC -> IO,1.270032
1776099223.4568343,75.45418763160706,IO -> PLC,1.34885
1776099223.4851482,75.48250150680542,PLC -> IO,1.215512
1776099223.5208328,75.51818609237671,IO -> PLC,1.24898
1776099223.549151,75.5465042591095,PLC -> IO,1.375792
1776099223.5848305,75.58218383789062,IO -> PLC,1.2259
1776099223.6131535,75.610506772995,PLC -> IO,1.661282
1776099223.648829,75.64618229866028,IO -> PLC,1.24491
1776099223.6771562,75.67450952529907,PLC -> IO,1.432522
1776099223.7128277,75.71018099784851,IO -> PLC,2.51525
1776099223.7411587,75.73851203918457,PLC -> IO,1.459832
1776099223.7768261,75.77417945861816,IO -> PLC,1.16491
1776099223.8051612,75.80251455307007,PLC -> IO,1.233232
1776099223.8408248,75.8381781578064,IO -> PLC,1.32937
1776099223.869164,75.86651730537415,PLC -> IO,1.212952
1776099223.9048233,75.90217661857605,IO -> PLC,0.55986
1776099223.9331665,75.93051981925964,PLC -> IO,1.429632
1776099223.968822,75.96617531776428,IO -> PLC,1.47763
1776099223.9971693,75.99452257156372,PLC -> IO,1.417992
1776099224.0328195,76.03017282485962,IO -> PLC,1.46087
1776099224.0611718,76.05852508544922,PLC -> IO,1.180892
1776099224.0968182,76.09417152404785,IO -> PLC,2.40351
1776099224.1251743,76.12252759933472,PLC -> IO,1.177342
1776099224.1608167,76.1581699848175,IO -> PLC,1.23248
1776099224.189177,76.1865303516388,PLC -> IO,1.487882
1776099224.2248154,76.22216868400574,IO -> PLC,1.80446
1776099224.2531796,76.25053286552429,PLC -> IO,1.307112
1776099224.288814,76.28616738319397,IO -> PLC,1.20992
1776099224.317182,76.31453537940979,PLC -> IO,1.659572
1776099224.3528125,76.35016584396362,IO -> PLC,0.6637
1776099224.3811848,76.37853813171387,PLC -> IO,1.549602
1776099224.4168112,76.41416454315186,IO -> PLC,3.62676
1776099224.4451873,76.44254064559937,PLC -> IO,1.511312
1776099224.4808097,76.47816300392151,IO -> PLC,1.51768
1776099224.50919,76.50654339790344,PLC -> IO,1.189102
1776099224.5448072,76.54216051101685,IO -> PLC,3.01843
1776099224.5731926,76.57054591178894,PLC -> IO,1.194502
1776099224.608806,76.60615921020508,IO -> PLC,1.29871
1776099224.637195,76.63454842567444,PLC -> IO,1.184622
1776099224.6728046,76.67015790939331,IO -> PLC,1.27548
1776099224.7011979,76.69855117797852,PLC -> IO,1.520122
1776099224.736803,76.73415637016296,IO -> PLC,1.43177
1776099224.7652004,76.76255369186401,PLC -> IO,1.607112
1776099224.8008018,76.7981550693512,IO -> PLC,1.42798
1776099224.829203,76.82655620574951,PLC -> IO,1.554042
1776099224.8648002,76.86215353012085,IO -> PLC,1.23433
1776099224.8932056,76.89055895805359,PLC -> IO,1.383512
1776099224.928799,76.92615222930908,IO -> PLC,2.70908
1776099224.9572082,76.95456147193909,PLC -> IO,1.178912
1776099224.9927964,76.99014973640442,IO -> PLC,1.56588
1776099225.021211,77.01856422424316,PLC -> IO,1.617362
1776099225.0567951,77.05414843559265,IO -> PLC,4.22484
1776099225.0852134,77.08256673812866,PLC -> IO,1.170102
1776099225.1207936,77.1181468963623,IO -> PLC,1.51165
1776099225.149216,77.14656925201416,PLC -> IO,1.379112
1776099225.1847923,77.18214559555054,IO -> PLC,1.50177
1776099225.2132187,77.21057200431824,PLC -> IO,1.660602
1776099225.2487907,77.24614405632019,IO -> PLC,1.32317
1776099225.2772212,77.27457451820374,PLC -> IO,1.307272
1776099225.3127894,77.31014275550842,IO -> PLC,3.37394
1776099225.3412237,77.33857703208923,PLC -> IO,1.268592
1776099225.376788,77.37414121627808,IO -> PLC,3.80657
1776099225.4052265,77.40257978439331,PLC -> IO,1.275362
1776099225.4407856,77.43813896179199,IO -> PLC,1.6218
1776099225.469229,77.46658229827881,PLC -> IO,1.318912
1776099225.504784,77.50213742256165,IO -> PLC,1.21663
1776099225.5332317,77.53058505058289,PLC -> IO,1.768822
1776099225.5687828,77.56613612174988,IO -> PLC,1.56437
1776099225.5972342,77.59458756446838,PLC -> IO,1.536052
1776099225.6327815,77.63013482093811,IO -> PLC,0.79405
1776099225.6612368,77.65859007835388,PLC -> IO,1.164002
1776099225.69678,77.69413328170776,IO -> PLC,1.54294
1776099225.7252395,77.72259283065796,PLC -> IO,1.298682
1776099225.7607787,77.758131980896,IO -> PLC,1.31193
1776099225.789242,77.78659534454346,PLC -> IO,1.286972
1776099225.8247771,77.82213044166565,IO -> PLC,1.10765
1776099225.8532445,77.85059785842896,PLC -> IO,1.271882
1776099225.8887758,77.88612914085388,IO -> PLC,1.2741
1776099225.9172473,77.91460061073303,PLC -> IO,1.609382
1776099225.9527733,77.95012664794922,IO -> PLC,2.03547
1776099225.9812498,77.97860312461853,PLC -> IO,1.993362
1776099226.016772,78.01412534713745,IO -> PLC,2.86035
1776099226.0452526,78.04260587692261,PLC -> IO,1.519052
1776099226.0807705,78.0781238079071,IO -> PLC,1.99035
1776099226.109255,78.1066083908081,PLC -> IO,1.330772
1776099226.1447692,78.14212250709534,IO -> PLC,1.41229
1776099226.1732576,78.1706109046936,PLC -> IO,1.144482
1776099226.2087677,78.20612096786499,IO -> PLC,1.77235
1776099226.2372603,78.23461365699768,PLC -> IO,1.496062
1776099226.2727664,78.27011966705322,IO -> PLC,1.36022
1776099226.3012629,78.29861617088318,PLC -> IO,1.322902
1776099226.3367648,78.33411812782288,IO -> PLC,1.34114
1776099226.3652654,78.36261868476868,PLC -> IO,1.572772
1776099226.4007626,78.39811587333679,IO -> PLC,1.11742
1776099226.4292681,78.42662143707275,PLC -> IO,1.448572
1776099226.464761,78.46211433410645,IO -> PLC,1.31859
1776099226.4932706,78.49062395095825,PLC -> IO,1.230922
1776099226.5287597,78.52611303329468,IO -> PLC,2.79263
1776099226.5572734,78.55462670326233,PLC -> IO,1.274722
1776099226.5927582,78.59011149406433,IO -> PLC,1.27148
1776099226.621276,78.61862921714783,PLC -> IO,1.254202
1776099226.6567569,78.65411019325256,IO -> PLC,1.42561
1776099226.6852784,78.68263173103333,PLC -> IO,1.341692
1776099226.7207556,78.7181088924408,IO -> PLC,1.20997
1776099226.7492812,78.7466344833374,PLC -> IO,1.656692
1776099226.784754,78.78210735321045,IO -> PLC,1.5762
1776099226.8132837,78.8106369972229,PLC -> IO,1.775872
1776099226.8487515,78.84610486030579,IO -> PLC,1.37695
1776099226.8772862,78.8746395111084,PLC -> IO,1.271732
1776099226.9127502,78.91010355949402,IO -> PLC,2.16919
1776099226.941289,78.93864226341248,PLC -> IO,1.263612
1776099226.9767487,78.97410202026367,IO -> PLC,1.33904
1776099227.0052915,79.00264477729797,PLC -> IO,1.251252
1776099227.0407474,79.0381007194519,IO -> PLC,4.52443
1776099227.0692942,79.06664752960205,PLC -> IO,1.468902
1776099227.1047459,79.10209918022156,IO -> PLC,1.30849
1776099227.1332967,79.13065004348755,PLC -> IO,1.376212
1776099227.1687446,79.16609787940979,IO -> PLC,1.09708
1776099227.1972992,79.19465255737305,PLC -> IO,1.396502
1776099227.2327433,79.23009657859802,IO -> PLC,1.43642
1776099227.261302,79.25865530967712,PLC -> IO,1.419432
1776099227.2967417,79.29409503936768,IO -> PLC,1.61512
1776099227.3253045,79.32265782356262,PLC -> IO,1.417942
1776099227.3607395,79.35809278488159,IO -> PLC,1.41996
1776099227.389307,79.38666033744812,PLC -> IO,1.254462
1776099227.424738,79.42209124565125,IO -> PLC,1.02206
1776099227.4533098,79.4506630897522,PLC -> IO,1.276902
1776099227.4887366,79.48608994483948,IO -> PLC,1.56653
1776099227.5173123,79.5146656036377,PLC -> IO,1.557192
1776099227.552735,79.55008840560913,IO -> PLC,1.37041
1776099227.581315,79.57866835594177,PLC -> IO,1.484102
1776099227.6167338,79.61408710479736,IO -> PLC,2.09585
1776099227.6453176,79.64267086982727,PLC -> IO,1.968562
1776099227.6807323,79.67808556556702,IO -> PLC,1.33258
1776099227.70932,79.70667338371277,PLC -> IO,1.204262
1776099227.744731,79.74208426475525,IO -> PLC,1.48767
1776099227.7733228,79.77067613601685,PLC -> IO,1.400462
1776099227.8087285,79.80608177185059,IO -> PLC,1.28947
1776099227.8373253,79.83467864990234,PLC -> IO,1.313702
1776099227.8727272,79.87008047103882,IO -> PLC,1.26127
1776099227.9013278,79.89868116378784,PLC -> IO,1.699682
1776099227.9367259,79.93407917022705,IO -> PLC,1.05395
1776099227.9653306,79.96268391609192,PLC -> IO,1.500592
1776099228.0007243,79.9980776309967,IO -> PLC,1.60658
1776099228.029333,80.02668642997742,PLC -> IO,1.413272
1776099228.064723,80.06207633018494,IO -> PLC,1.40622
1776099228.0933359,80.0906891822815,PLC -> IO,1.217322
1776099228.1287215,80.12607479095459,IO -> PLC,2.88241
1776099228.1573384,80.15469169616699,PLC -> IO,1.212632
1776099228.1927202,80.19007349014282,IO -> PLC,1.16157
1776099228.221341,80.21869421005249,PLC -> IO,1.251552
1776099228.2567177,80.25407099723816,IO -> PLC,1.33299
1776099228.2853436,80.28269696235657,PLC -> IO,1.557932
1776099228.3207161,80.31806945800781,IO -> PLC,1.32232
1776099228.3493462,80.34669947624207,PLC -> IO,1.533482
1776099228.3847148,80.38206815719604,IO -> PLC,1.29516
1776099228.4133487,80.41070199012756,PLC -> IO,1.594332
1776099228.4487135,80.44606685638428,IO -> PLC,2.61878
1776099228.4773514,80.47470474243164,PLC -> IO,1.567892
1776099228.512712,80.51006531715393,IO -> PLC,2.59571
1776099228.541354,80.53870725631714,PLC -> IO,1.349202
1776099228.5767107,80.57406401634216,IO -> PLC,1.21169
1776099228.6053567,80.60271000862122,PLC -> IO,1.198902
1776099228.6407092,80.63806247711182,IO -> PLC,1.20606
1776099228.6693592,80.66671252250671,PLC -> IO,1.255272
1776099228.704707,80.70206022262573,IO -> PLC,1.2025
1776099228.7333617,80.73071503639221,PLC -> IO,1.318432
1776099228.7687054,80.76605868339539,IO -> PLC,0.85582
1776099228.7973645,80.79471778869629,PLC -> IO,1.541672
1776099228.832704,80.83005738258362,IO -> PLC,1.53645
1776099228.861367,80.85872030258179,PLC -> IO,1.332662
1776099228.8967025,80.89405584335327,IO -> PLC,1.52033
1776099228.9253695,80.92272281646729,PLC -> IO,1.301582
1776099228.9607012,80.9580545425415,IO -> PLC,1.30893
1776099228.9893723,80.98672556877136,PLC -> IO,1.327712
1776099229.0246997,81.02205300331116,IO -> PLC,1.47034
1776099229.0533748,81.05072808265686,PLC -> IO,2.329452
1776099229.0886984,81.08605170249939,IO -> PLC,1.08869
1776099229.1173775,81.11473083496094,PLC -> IO,1.709472
1776099229.1526968,81.15005016326904,IO -> PLC,1.2481
1776099229.18138,81.17873334884644,PLC -> IO,1.474382
1776099229.2166946,81.21404790878296,IO -> PLC,3.33449
1776099229.2453825,81.24273586273193,PLC -> IO,1.382412
1776099229.280693,81.27804636955261,IO -> PLC,1.97087
1776099229.3093853,81.30673861503601,PLC -> IO,1.110452
1776099229.3446918,81.34204506874084,IO -> PLC,1.00695
1776099229.3733878,81.37074112892151,PLC -> IO,1.288812
1776099229.4086902,81.4060435295105,IO -> PLC,1.17533
1776099229.4373903,81.434743642807,PLC -> IO,1.381092
1776099229.472689,81.47004222869873,IO -> PLC,1.16561
1776099229.501393,81.49874639511108,PLC -> IO,1.604672
1776099229.5366876,81.53404092788696,IO -> PLC,1.50095
1776099229.5653956,81.56274890899658,PLC -> IO,1.546862
1776099229.600686,81.59803938865662,IO -> PLC,1.49027
1776099229.6293983,81.62675166130066,PLC -> IO,1.500262
1776099229.6646838,81.66203713417053,IO -> PLC,1.66785
1776099229.6934009,81.69075417518616,PLC -> IO,1.321892
1776099229.7286823,81.72603559494019,IO -> PLC,3.1482
1776099229.7574034,81.75475668907166,PLC -> IO,1.257452
1776099229.792681,81.79003429412842,IO -> PLC,1.44569
1776099229.8214061,81.81875944137573,PLC -> IO,1.229422
1776099229.8566794,81.85403275489807,IO -> PLC,1.04396
1776099229.8854086,81.88276195526123,PLC -> IO,1.310012
1776099229.9206781,81.9180314540863,IO -> PLC,1.20609
1776099229.9494112,81.94676446914673,PLC -> IO,1.484702
1776099229.9846766,81.98202991485596,IO -> PLC,1.19437
1776099230.013414,82.0107672214508,PLC -> IO,1.865562
1776099230.0486753,82.04602861404419,IO -> PLC,1.20506
1776099230.0774164,82.0747697353363,PLC -> IO,1.273032
1776099230.1126738,82.11002707481384,IO -> PLC,3.99315
1776099230.1414192,82.13877248764038,PLC -> IO,1.229782
1776099230.1766715,82.17402482032776,IO -> PLC,1.32492
1776099230.2054217,82.20277500152588,PLC -> IO,1.199102
1776099230.24067,82.23802328109741,IO -> PLC,1.29776
1776099230.2694242,82.26677751541138,PLC -> IO,1.265712
1776099230.3046687,82.30202198028564,IO -> PLC,1.09444
1776099230.333427,82.33078026771545,PLC -> IO,1.496482
1776099230.3686671,82.3660204410553,IO -> PLC,1.27945
1776099230.3974295,82.39478278160095,PLC -> IO,1.579322
1776099230.4326658,82.43001914024353,IO -> PLC,1.69879
1776099230.461432,82.45878529548645,PLC -> IO,1.474552
1776099230.4966645,82.49401783943176,IO -> PLC,1.78325
1776099230.5254347,82.52278804779053,PLC -> IO,1.263782
1776099230.560663,82.55801630020142,IO -> PLC,1.38751
1776099230.5894372,82.58679056167603,PLC -> IO,1.219502
1776099230.6246605,82.62201380729675,IO -> PLC,1.5446
1776099230.6534398,82.65079307556152,PLC -> IO,1.561472
1776099230.6886592,82.68601250648499,IO -> PLC,0.65437
1776099230.7174425,82.7147958278656,PLC -> IO,1.551282
1776099230.7526577,82.75001096725464,IO -> PLC,1.34085
1776099230.781445,82.7787983417511,PLC -> IO,1.539962
1776099230.8166564,82.81400966644287,IO -> PLC,1.89444
1776099230.8454478,82.84280109405518,PLC -> IO,1.601122
1776099230.8806548,82.87800812721252,IO -> PLC,0.83603
1776099230.9094503,82.90680360794067,PLC -> IO,1.482202
1776099230.9446535,82.94200682640076,IO -> PLC,1.67524
1776099230.9734528,82.97080612182617,PLC -> IO,1.262792
1776099231.0086522,83.00600552558899,IO -> PLC,1.64896
1776099231.0374556,83.03480887413025,PLC -> IO,4.089662
1776099231.0726497,83.07000303268433,IO -> PLC,2.10223
1776099231.101458,83.09881138801575,PLC -> IO,1.607202
1776099231.1366482,83.13400149345398,IO -> PLC,1.58969
1776099231.1654606,83.16281390190125,PLC -> IO,1.465162
1776099231.2006469,83.19800019264221,IO -> PLC,1.37917
1776099231.2294633,83.22681665420532,PLC -> IO,1.415282
1776099231.2646456,83.26199889183044,IO -> PLC,1.17288
1776099231.2934659,83.29081916809082,PLC -> IO,1.159002
1776099231.328644,83.3259973526001,IO -> PLC,0.62443
1776099231.3574686,83.3548219203949,PLC -> IO,1.175592
1776099231.3926427,83.38999605178833,IO -> PLC,2.47847
1776099231.421471,83.4188244342804,PLC -> IO,1.411072
1776099231.4566412,83.45399451255798,IO -> PLC,1.32198
1776099231.4854736,83.4828269481659,PLC -> IO,1.397272
1776099231.520639,83.5179922580719,IO -> PLC,1.84566
1776099231.5494764,83.54682970046997,PLC -> IO,1.558932
1776099231.5846374,83.58199071884155,IO -> PLC,1.4652
1776099231.613479,83.61083221435547,PLC -> IO,1.748252
1776099231.648636,83.64598941802979,IO -> PLC,1.67982
1776099231.6774814,83.67483472824097,PLC -> IO,1.231312
1776099231.7126346,83.70998787879944,IO -> PLC,1.49906
1776099231.7414842,83.73883748054504,PLC -> IO,1.168472
1776099231.7766333,83.77398657798767,IO -> PLC,1.23037
1776099231.8054867,83.80283999443054,PLC -> IO,1.217072
1776099231.8406317,83.83798503875732,IO -> PLC,1.18473
1776099231.8694894,83.86684274673462,PLC -> IO,1.157022
1776099231.9046304,83.90198373794556,IO -> PLC,0.98861
1776099231.933492,83.93084526062012,PLC -> IO,1.497232
1776099231.968629,83.96598219871521,IO -> PLC,1.34139
1776099231.9974945,83.99484777450562,PLC -> IO,1.544962
1776099232.0326266,84.02997994422913,IO -> PLC,1.5056
1776099232.0614972,84.05885052680969,PLC -> IO,1.239632
1776099232.096625,84.09397840499878,IO -> PLC,2.4761
1776099232.1254997,84.12285304069519,PLC -> IO,1.358472
1776099232.1606238,84.15797710418701,IO -> PLC,1.10728
1776099232.1895022,84.18685555458069,PLC -> IO,1.237472
1776099232.2246225,84.22197580337524,IO -> PLC,1.36997
1776099232.253505,84.25085830688477,PLC -> IO,1.210312
1776099232.288621,84.2859742641449,IO -> PLC,1.24466
1776099232.3175075,84.31486082077026,PLC -> IO,1.439892
1776099232.3526196,84.34997296333313,IO -> PLC,1.04957
1776099232.3815103,84.37886357307434,PLC -> IO,1.411282
1776099232.416618,84.41397142410278,IO -> PLC,2.35776
1776099232.4455128,84.44286608695984,PLC -> IO,1.588382
1776099232.4806156,84.47796893119812,IO -> PLC,1.39456
1776099232.5095153,84.50686860084534,PLC -> IO,1.302412
1776099232.5446143,84.54196763038635,IO -> PLC,1.16475
1776099232.573518,84.57087135314941,PLC -> IO,1.285102
1776099232.6086128,84.605966091156,IO -> PLC,1.34545
1776099232.6375206,84.63487386703491,PLC -> IO,1.278972
1776099232.6726115,84.66996479034424,IO -> PLC,1.50262
1776099232.701523,84.69887638092041,PLC -> IO,1.694782
1776099232.7366102,84.73396348953247,IO -> PLC,1.10377
1776099232.7655258,84.76287913322449,PLC -> IO,1.610262
1776099232.8006086,84.79796195030212,IO -> PLC,1.66745
1776099232.8295283,84.82688164710999,PLC -> IO,1.411652
1776099232.8646073,84.86196064949036,IO -> PLC,1.44484
1776099232.8935308,84.89088416099548,PLC -> IO,1.119362
1776099232.9286058,84.92595911026001,IO -> PLC,1.28055
1776099232.9575336,84.95488691329956,PLC -> IO,1.293402
1776099232.9926033,84.98995661735535,IO -> PLC,1.20724
1776099233.021536,85.01888942718506,PLC -> IO,1.371212
1776099233.056602,85.05395531654358,IO -> PLC,1.97788
1776099233.0855389,85.08289217948914,PLC -> IO,1.322042
1776099233.1206007,85.11795401573181,IO -> PLC,1.01276
1776099233.1495414,85.14689469337463,PLC -> IO,1.473692
1776099233.1845992,85.18195247650146,IO -> PLC,1.17002
1776099233.213544,85.21089720726013,PLC -> IO,1.572862
1776099233.2485979,85.2459511756897,IO -> PLC,1.5604
1776099233.2775466,85.27489995956421,PLC -> IO,1.428332
1776099233.3125963,85.30994963645935,IO -> PLC,3.03354
1776099233.3415492,85.3389024734497,PLC -> IO,1.403332
1776099233.376595,85.37394833564758,IO -> PLC,1.93443
1776099233.4055517,85.4029049873352,PLC -> IO,1.130182
1776099233.4405925,85.43794584274292,IO -> PLC,1.27012
1776099233.4695544,85.46690773963928,PLC -> IO,1.334072
1776099233.5045912,85.50194454193115,IO -> PLC,1.46945
1776099233.533557,85.53091025352478,PLC -> IO,1.537712
1776099233.5685897,85.5659430027008,IO -> PLC,1.4391
1776099233.5975597,85.59491300582886,PLC -> IO,1.604312
1776099233.6325884,85.62994170188904,IO -> PLC,1.78284
1776099233.6615622,85.65891551971436,PLC -> IO,1.267382
1776099233.6965868,85.69394016265869,IO -> PLC,2.16003
1776099233.7255647,85.72291803359985,PLC -> IO,1.266302
1776099233.7605855,85.75793886184692,IO -> PLC,1.35579
1776099233.7895675,85.78692078590393,PLC -> IO,1.714512
1776099233.8245842,85.82193756103516,IO -> PLC,1.35111
1776099233.85357,85.85092329978943,PLC -> IO,1.499192
1776099233.8885818,85.8859350681305,IO -> PLC,1.52069
1776099233.9175725,85.91492581367493,PLC -> IO,1.761882
1776099233.9525805,85.94993376731873,IO -> PLC,1.31121
1776099233.9815753,85.978928565979,PLC -> IO,1.546802
1776099234.016579,86.01393222808838,IO -> PLC,2.94916
1776099234.0455778,86.0429310798645,PLC -> IO,1.586612
1776099234.0805776,86.07793092727661,IO -> PLC,1.47187
1776099234.1095805,86.10693383216858,PLC -> IO,1.269592
1776099234.144576,86.14192938804626,IO -> PLC,1.2503
1776099234.173583,86.17093634605408,PLC -> IO,1.226442
1776099234.2085748,86.2059280872345,IO -> PLC,1.05225
1776099234.2375855,86.23493885993958,PLC -> IO,1.247682
1776099234.2725732,86.26992654800415,IO -> PLC,1.22071
1776099234.3015883,86.29894161224365,PLC -> IO,1.577662
1776099234.3365707,86.33392405509949,IO -> PLC,1.02354
1776099234.3655908,86.36294412612915,PLC -> IO,1.471462
1776099234.4005694,86.39792275428772,IO -> PLC,1.1776
1776099234.4295933,86.42694664001465,PLC -> IO,1.422292
1776099234.4645681,86.46192145347595,IO -> PLC,1.73103
1776099234.493596,86.49094939231873,PLC -> IO,1.405532
1776099234.5285666,86.5259199142456,IO -> PLC,1.79931
1776099234.5575986,86.55495190620422,PLC -> IO,1.467502
1776099234.5925653,86.58991861343384,IO -> PLC,1.12286
1776099234.621601,86.61895442008972,PLC -> IO,1.418012
1776099234.6565638,86.65391707420349,IO -> PLC,1.30459
1776099234.6856039,86.6829571723938,PLC -> IO,1.258692
1776099234.7205625,86.71791577339172,IO -> PLC,1.85185
1776099234.7496064,86.7469596862793,PLC -> IO,1.502822
1776099234.7845612,86.78191447257996,IO -> PLC,1.45421
1776099234.8136091,86.81096243858337,PLC -> IO,1.677272
1776099234.8485587,86.8459119796753,IO -> PLC,1.46585
1776099234.8776116,86.87496495246887,PLC -> IO,1.179692
1776099234.9125571,86.90991044044495,IO -> PLC,1.58631
1776099234.9416142,86.93896746635437,PLC -> IO,1.113172
1776099234.9765558,86.97390913963318,IO -> PLC,1.38386
1776099235.005617,87.00297021865845,PLC -> IO,1.152892
1776099235.0405543,87.03790760040283,IO -> PLC,4.99518
1776099235.0696194,87.06697273254395,PLC -> IO,1.304522
1776099235.104553,87.10190629959106,IO -> PLC,1.33179
1776099235.133622,87.13097524642944,PLC -> IO,1.872432
1776099235.1685514,87.16590476036072,IO -> PLC,1.34463
1776099235.1976247,87.19497799873352,PLC -> IO,1.537822
1776099235.2325501,87.22990345954895,IO -> PLC,1.13003
1776099235.2616272,87.25898051261902,PLC -> IO,1.261542
1776099235.2965477,87.29390096664429,IO -> PLC,2.06436
1776099235.32563,87.3229832649231,PLC -> IO,1.256142
1776099235.3605464,87.35789966583252,IO -> PLC,1.2714
1776099235.3896325,87.3869857788086,PLC -> IO,1.220892
1776099235.4245448,87.42189812660217,IO -> PLC,1.24017
1776099235.453635,87.45098829269409,PLC -> IO,1.186942
1776099235.4885435,87.4858968257904,IO -> PLC,1.43718
1776099235.5176377,87.51499104499817,PLC -> IO,1.604192
1776099235.552542,87.54989528656006,IO -> PLC,1.0353
1776099235.5816402,87.57899355888367,PLC -> IO,1.537912
1776099235.6165407,87.61389398574829,IO -> PLC,1.56728
1776099235.6456428,87.64299607276917,PLC -> IO,2.009012
1776099235.6805391,87.67789244651794,IO -> PLC,1.55668
1776099235.7096455,87.70699882507324,PLC -> IO,1.419032
1776099235.7445369,87.74189019203186,IO -> PLC,1.16488
1776099235.773648,87.77100133895874,PLC -> IO,1.238812
1776099235.8085356,87.80588889122009,IO -> PLC,1.29973
1776099235.8376508,87.83500409126282,PLC -> IO,1.241502
1776099235.872534,87.86988735198975,IO -> PLC,1.1352
1776099235.9016533,87.89900660514832,PLC -> IO,1.540192
1776099235.9365327,87.93388605117798,IO -> PLC,1.49111
1776099235.9656558,87.96300911903381,PLC -> IO,1.485992
1776099236.0005312,87.99788451194763,IO -> PLC,1.27538
1776099236.0296586,88.02701187133789,PLC -> IO,1.429152
1776099236.06453,88.06188321113586,IO -> PLC,1.62633
1776099236.093661,88.09101438522339,PLC -> IO,1.300302
1776099236.1285284,88.12588167190552,IO -> PLC,1.4474
1776099236.1576636,88.15501689910889,PLC -> IO,1.285552
1776099236.192527,88.18988037109375,IO -> PLC,1.58218
1776099236.2216663,88.21901965141296,PLC -> IO,1.359922
1776099236.2565246,88.25387787818909,IO -> PLC,1.01843
1776099236.2856688,88.28302216529846,PLC -> IO,2.350312
1776099236.3205233,88.31787657737732,IO -> PLC,1.92124
1776099236.3496714,88.34702467918396,PLC -> IO,1.599132
1776099236.3845217,88.38187503814697,IO -> PLC,1.54583
1776099236.413674,88.41102743148804,PLC -> IO,1.706622
1776099236.4485204,88.4458737373352,IO -> PLC,1.77052
1776099236.4776766,88.47502994537354,PLC -> IO,1.164482
1776099236.512519,88.50987219810486,IO -> PLC,3.38489
1776099236.5416794,88.53903269767761,PLC -> IO,1.134602
1776099236.5765176,88.57387089729309,IO -> PLC,1.10291
1776099236.605682,88.60303521156311,PLC -> IO,1.298972
1776099236.640516,88.63786935806274,IO -> PLC,1.27648
1776099236.6696844,88.66703772544861,PLC -> IO,1.285332
1776099236.7045138,88.70186710357666,IO -> PLC,1.24212
1776099236.7336872,88.73104047775269,PLC -> IO,1.494902
1776099236.7685122,88.76586556434631,IO -> PLC,1.97492
1776099236.7976897,88.79504299163818,PLC -> IO,1.899912
1776099236.832511,88.82986426353455,IO -> PLC,1.76448
1776099236.8616922,88.85904550552368,PLC -> IO,1.213202
1776099236.8965094,88.8938627243042,IO -> PLC,2.32623
1776099236.925695,88.92304825782776,PLC -> IO,1.358452
1776099236.960508,88.95786142349243,IO -> PLC,1.55872
1776099236.9896975,88.98705077171326,PLC -> IO,1.212642
1776099237.0245068,89.02186012268066,IO -> PLC,2.272
1776099237.0537,89.05105328559875,PLC -> IO,2.134312
1776099237.0885053,89.08585858345032,IO -> PLC,1.51753
1776099237.1177027,89.11505603790283,PLC -> IO,1.622022
1776099237.1525028,89.14985609054565,IO -> PLC,1.47718
1776099237.1817052,89.17905855178833,PLC -> IO,1.586222
1776099237.2165015,89.21385478973389,IO -> PLC,2.79768
1776099237.245708,89.24306130409241,PLC -> IO,1.553142
1776099237.2805,89.27785325050354,IO -> PLC,2.22378
1776099237.3097105,89.3070638179779,PLC -> IO,1.244612
1776099237.3444986,89.34185194969177,IO -> PLC,1.43579
1776099237.373713,89.3710663318634,PLC -> IO,1.224972
1776099237.408497,89.40585041046143,IO -> PLC,1.21718
1776099237.4377158,89.43506908416748,PLC -> IO,1.228462
1776099237.4724958,89.46984910964966,IO -> PLC,0.68713
1776099237.5017183,89.49907159805298,PLC -> IO,1.615552
1776099237.5364945,89.53384780883789,IO -> PLC,1.18431
1776099237.5657208,89.56307411193848,PLC -> IO,1.547272
1776099237.600493,89.59784626960754,IO -> PLC,2.68523
1776099237.6297235,89.62707686424255,PLC -> IO,1.583162
1776099237.6644905,89.66184377670288,IO -> PLC,1.51298
1776099237.693726,89.69107937812805,PLC -> IO,1.289342
1776099237.7284892,89.72584247589111,IO -> PLC,1.53103
1776099237.7577288,89.75508213043213,PLC -> IO,1.719792
1776099237.7924876,89.78984093666077,IO -> PLC,1.11577
1776099237.8217313,89.81908464431763,PLC -> IO,1.333502
1776099237.8564863,89.853839635849,IO -> PLC,1.27182
1776099237.8857338,89.88308715820312,PLC -> IO,1.278422
1776099237.920485,89.91783833503723,IO -> PLC,1.47116
1776099237.9497366,89.9470899105072,PLC -> IO,1.487422
1776099237.9844835,89.98183679580688,IO -> PLC,1.23815
1776099238.013739,90.0110924243927,PLC -> IO,1.757312
1776099238.0484822,90.04583549499512,IO -> PLC,2.00664
1776099238.0777416,90.0750949382782,PLC -> IO,1.185412
1776099238.1124797,90.10983300209045,IO -> PLC,3.87108
1776099238.1417444,90.13909769058228,PLC -> IO,1.438732
1776099238.1764784,90.17383170127869,IO -> PLC,1.3831
1776099238.205747,90.20310020446777,PLC -> IO,1.320612
1776099238.2404768,90.23783016204834,IO -> PLC,1.35378
1776099238.2697494,90.26710271835327,PLC -> IO,1.236412
1776099238.3044755,90.30182886123657,IO -> PLC,1.15773
1776099238.3337522,90.33110547065735,PLC -> IO,1.512702
1776099238.368474,90.36582732200623,IO -> PLC,1.89046
1776099238.3977547,90.39510798454285,PLC -> IO,1.412102
1776099238.4324727,90.42982602119446,IO -> PLC,1.28575
1776099238.4617574,90.45911073684692,PLC -> IO,1.226942
1776099238.4964712,90.49382448196411,IO -> PLC,2.42098
1776099238.52576,90.52311325073242,PLC -> IO,1.213622
1776099238.560469,90.55782222747803,IO -> PLC,1.06039
1776099238.5897624,90.58711576461792,PLC -> IO,1.252132
1776099238.6244674,90.62182068824768,IO -> PLC,1.24021
1776099238.6537652,90.651118516922,PLC -> IO,1.266172
1776099238.688466,90.68581938743591,IO -> PLC,1.21409
1776099238.7177677,90.7151210308075,PLC -> IO,1.666712
1776099238.7524645,90.74981784820557,IO -> PLC,1.57904
1776099238.7817702,90.779123544693,PLC -> IO,1.683312
1776099238.8164632,90.8138165473938,IO -> PLC,2.73498
1776099238.845773,90.84312629699707,PLC -> IO,1.472872
1776099238.880462,90.87781524658203,IO -> PLC,1.72561
1776099238.9097755,90.90712881088257,PLC -> IO,1.246262
1776099238.9444604,90.94181370735168,IO -> PLC,1.32276
1776099238.973778,90.97113132476807,PLC -> IO,1.190462
1776099239.008458,91.00581121444702,IO -> PLC,1.49929
1776099239.0377808,91.03513407707214,PLC -> IO,3.741552
1776099239.0724566,91.06980991363525,IO -> PLC,2.79116
1776099239.1017833,91.09913659095764,PLC -> IO,1.587922
1776099239.136455,91.13380837440491,IO -> PLC,1.28138
1776099239.165786,91.16313934326172,PLC -> IO,1.556852
1776099239.2004538,91.19780707359314,IO -> PLC,1.25102
1776099239.2297885,91.22714185714722,PLC -> IO,1.594652
1776099239.2644525,91.26180577278137,IO -> PLC,1.23083
1776099239.293791,91.29114437103271,PLC -> IO,1.368202
1776099239.328451,91.32580423355103,IO -> PLC,1.04623
1776099239.3577938,91.35514712333679,PLC -> IO,1.335122
1776099239.3924496,91.38980293273926,IO -> PLC,1.58037
1776099239.4217963,91.41914963722229,PLC -> IO,1.322042
1776099239.456448,91.45380139350891,IO -> PLC,1.56641
1776099239.4857988,91.48315215110779,PLC -> IO,1.205922
1776099239.5204456,91.51779890060425,IO -> PLC,1.33045
1776099239.5498016,91.54715490341187,PLC -> IO,1.396602
1776099239.5844443,91.58179759979248,IO -> PLC,1.5173
1776099239.613804,91.61115741729736,PLC -> IO,1.495452
1776099239.6484427,91.64579606056213,IO -> PLC,1.53616
1776099239.6778069,91.67516016960144,PLC -> IO,1.297802
1776099239.7124414,91.70979475975037,IO -> PLC,4.14383
1776099239.7418094,91.73916268348694,PLC -> IO,1.270642
1776099239.7764401,91.7737934589386,IO -> PLC,1.26375
1776099239.805812,91.80316519737244,PLC -> IO,1.290602
1776099239.8404386,91.83779191970825,IO -> PLC,1.251
1776099239.8698146,91.86716794967651,PLC -> IO,1.273362
1776099239.9044373,91.90179061889648,IO -> PLC,1.23817
1776099239.9338171,91.93117046356201,PLC -> IO,1.817182
1776099239.9684348,91.96578812599182,IO -> PLC,1.59414
1776099239.9978197,91.99517297744751,PLC -> IO,1.481852
1776099240.0324333,92.02978658676147,IO -> PLC,1.46651
1776099240.0618224,92.05917572975159,PLC -> IO,1.199792
1776099240.096432,92.0937852859497,IO -> PLC,3.25599
1776099240.125825,92.12317824363708,PLC -> IO,1.163592
1776099240.1604307,92.15778398513794,IO -> PLC,1.52283
1776099240.1898274,92.18718075752258,PLC -> IO,1.292122
1776099240.2244291,92.22178244590759,IO -> PLC,1.32159
1776099240.2538302,92.25118350982666,PLC -> IO,1.271442
1776099240.2884278,92.28578114509583,IO -> PLC,1.67349
1776099240.3178327,92.31518602371216,PLC -> IO,1.591892
1776099240.3524263,92.34977960586548,IO -> PLC,1.48249
1776099240.3818355,92.37918877601624,PLC -> IO,1.486012
1776099240.416424,92.4137773513794,IO -> PLC,2.77739
1776099240.445838,92.44319128990173,PLC -> IO,1.534862
1776099240.4804225,92.47777581214905,IO -> PLC,1.82956
1776099240.5098405,92.50719380378723,PLC -> IO,1.346022
1776099240.5444212,92.54177451133728,IO -> PLC,1.21973
1776099240.5738432,92.57119655609131,PLC -> IO,1.341342
1776099240.6084197,92.60577297210693,IO -> PLC,1.58692
1776099240.6378458,92.6351990699768,PLC -> IO,1.184252
1776099240.6724184,92.66977167129517,IO -> PLC,1.17982
1776099240.7018483,92.6992015838623,PLC -> IO,1.636062
1776099240.7364168,92.73377013206482,IO -> PLC,1.15779
1776099240.765851,92.76320433616638,PLC -> IO,1.609462
1776099240.8004155,92.79776883125305,IO -> PLC,1.33344
1776099240.8298535,92.82720685005188,PLC -> IO,1.556942
1776099240.864414,92.8617672920227,IO -> PLC,1.31565
1776099240.8938563,92.89120960235596,PLC -> IO,1.248572
1776099240.9284117,92.92576503753662,IO -> PLC,1.12576
1776099240.9578588,92.95521211624146,PLC -> IO,1.247652
1776099240.9924102,92.98976349830627,IO -> PLC,1.2879
1776099241.0218613,93.01921463012695,PLC -> IO,1.299212
1776099241.056409,93.0537621974945,IO -> PLC,2.80409
1776099241.085864,93.08321738243103,PLC -> IO,1.518462
1776099241.1204073,93.11776065826416,IO -> PLC,1.99355
1776099241.1498666,93.14721989631653,PLC -> IO,1.549782
1776099241.184406,93.18175935745239,IO -> PLC,1.41132
1776099241.213869,93.21122241020203,PLC -> IO,1.617502
1776099241.2484047,93.24575805664062,IO -> PLC,1.61354
1776099241.2778718,93.2752251625061,PLC -> IO,1.299062
1776099241.3124032,93.30975651741028,IO -> PLC,3.28838
1776099241.3418744,93.3392276763916,PLC -> IO,1.253892
1776099241.3764007,93.37375402450562,IO -> PLC,3.48356
1776099241.4058769,93.4032301902771,PLC -> IO,1.582662
1776099241.4403994,93.43775272369385,IO -> PLC,1.33342
1776099241.4698796,93.46723294258118,PLC -> IO,1.233102
1776099241.504398,93.50175142288208,IO -> PLC,1.49987
1776099241.5338821,93.53123545646667,PLC -> IO,1.482432
1776099241.5683966,93.56574988365173,IO -> PLC,0.91165
1776099241.597885,93.59523820877075,PLC -> IO,1.551442
1776099241.6323953,93.62974858283997,IO -> PLC,2.23631
1776099241.6618874,93.65924072265625,PLC -> IO,1.144432
1776099241.6963937,93.69374704360962,IO -> PLC,2.58286
1776099241.72589,93.72324323654175,PLC -> IO,1.598812
1776099241.7603924,93.75774574279785,IO -> PLC,1.42621
1776099241.7898927,93.78724598884583,PLC -> IO,1.305002
1776099241.82439,93.82174324989319,IO -> PLC,2.34942
1776099241.8538952,93.85124850273132,PLC -> IO,1.279842
1776099241.8883884,93.88574171066284,IO -> PLC,1.01772
1776099241.9178977,93.91525101661682,PLC -> IO,1.615412
1776099241.952387,93.94974040985107,IO -> PLC,1.19426
1776099241.9819005,93.9792537689209,PLC -> IO,1.673212
1776099242.0163858,94.0137391090393,IO -> PLC,3.55617
1776099242.045903,94.0432562828064,PLC -> IO,1.541802
1776099242.0803843,94.07773756980896,IO -> PLC,1.72765
1776099242.1099055,94.1072587966919,PLC -> IO,1.192782
1776099242.144383,94.14173626899719,IO -> PLC,1.30944
1776099242.1739082,94.17126154899597,PLC -> IO,1.192742
1776099242.2083814,94.20573472976685,IO -> PLC,1.29877
1776099242.2379107,94.23526406288147,PLC -> IO,1.176622
1776099242.27238,94.26973342895508,IO -> PLC,1.27361
1776099242.3019135,94.29926681518555,PLC -> IO,1.715322
1776099242.3363776,94.33373093605042,IO -> PLC,1.07037
1776099242.365916,94.36326932907104,PLC -> IO,1.614402
1776099242.4003763,94.39772963523865,IO -> PLC,1.62187
1776099242.4299185,94.42727184295654,PLC -> IO,1.540442
1776099242.4643748,94.4617280960083,IO -> PLC,1.41551
1776099242.4939213,94.49127459526062,PLC -> IO,1.264632
1776099242.5283735,94.52572679519653,IO -> PLC,1.01658
1776099242.5579238,94.55527710914612,PLC -> IO,1.258512
1776099242.592372,94.58972525596619,IO -> PLC,0.99767
1776099242.6219263,94.61927962303162,PLC -> IO,1.290072
1776099242.6563706,94.65372395515442,IO -> PLC,1.54485
1776099242.685929,94.6832823753357,PLC -> IO,1.208912
1776099242.720369,94.71772241592407,IO -> PLC,1.13496
1776099242.7499316,94.74728488922119,PLC -> IO,1.368962
1776099242.7843668,94.78172016143799,IO -> PLC,0.70026
1776099242.813934,94.81128740310669,PLC -> IO,2.209352
1776099242.8483653,94.84571862220764,IO -> PLC,1.53523
1776099242.8779368,94.87529015541077,PLC -> IO,1.334952
1776099242.912364,94.90971732139587,IO -> PLC,3.36776
1776099242.9419394,94.93929266929626,PLC -> IO,1.392032
1776099242.9763625,94.97371578216553,IO -> PLC,1.44316
1776099243.005942,95.00329542160034,PLC -> IO,1.247992
1776099243.0403612,95.03771448135376,IO -> PLC,6.10493
1776099243.0699446,95.06729793548584,PLC -> IO,1.535472
1776099243.1043596,95.10171294212341,IO -> PLC,1.02635
1776099243.1339471,95.13130044937134,PLC -> IO,1.459192
1776099243.1683583,95.16571164131165,IO -> PLC,1.01567
1776099243.19795,95.19530320167542,PLC -> IO,1.414032
1776099243.2323558,95.22970914840698,IO -> PLC,1.56399
1776099243.2619524,95.25930571556091,PLC -> IO,1.123822
1776099243.2963545,95.29370784759521,IO -> PLC,2.87225
1776099243.325955,95.32330822944641,PLC -> IO,1.338592
1776099243.360353,95.35770630836487,IO -> PLC,1.7064
1776099243.3899577,95.38731098175049,PLC -> IO,1.272462
1776099243.4243517,95.4217050075531,IO -> PLC,1.30332
1776099243.4539602,95.45131349563599,PLC -> IO,1.272102
1776099243.4883502,95.48570346832275,IO -> PLC,1.08575
1776099243.5179627,95.51531600952148,PLC -> IO,1.676402
1776099243.5523489,95.54970216751099,IO -> PLC,1.46301
1776099243.5819654,95.57931876182556,PLC -> IO,1.587322
1776099243.6163476,95.61370086669922,IO -> PLC,3.06129
1776099243.645968,95.64332127571106,PLC -> IO,1.566242
1776099243.680346,95.67769932746887,IO -> PLC,0.90219
1776099243.7099707,95.70732402801514,PLC -> IO,1.179072
1776099243.7443438,95.74169707298279,IO -> PLC,1.4001
1776099243.7739732,95.77132654190063,PLC -> IO,1.158712
1776099243.8083422,95.80569553375244,IO -> PLC,1.38935
1776099243.8379757,95.83532905578613,PLC -> IO,1.301472
1776099243.872341,95.86969423294067,IO -> PLC,1.36227
1776099243.9019785,95.89933180809021,PLC -> IO,1.651042
1776099243.9363394,95.93369269371033,IO -> PLC,1.53089
1776099243.965981,95.96333432197571,PLC -> IO,1.558202
1776099244.000338,95.99769139289856,IO -> PLC,1.50965
1776099244.0299835,96.0273368358612,PLC -> IO,1.664242
1776099244.0643365,96.06168985366821,IO -> PLC,1.68227
1776099244.0939863,96.09133958816528,PLC -> IO,1.306022
1776099244.1283352,96.12568855285645,IO -> PLC,1.27013
1776099244.1579888,96.15534210205078,PLC -> IO,1.326062
1776099244.1923327,96.18968605995178,IO -> PLC,1.83396
1776099244.2219913,96.21934461593628,PLC -> IO,1.269382
1776099244.2563314,96.25368475914001,IO -> PLC,1.24542
1776099244.285994,96.28334736824036,PLC -> IO,1.544402
1776099244.32033,96.31768321990967,IO -> PLC,1.97518
1776099244.3499966,96.34734988212585,PLC -> IO,1.545002
1776099244.3843286,96.3816819190979,IO -> PLC,1.5916
1776099244.4139993,96.41135263442993,PLC -> IO,1.821692
1776099244.448327,96.44568037986755,IO -> PLC,1.45605
1776099244.4780018,96.47535514831543,PLC -> IO,2.253352
1776099244.5123258,96.50967907905579,IO -> PLC,2.46517
1776099244.5420043,96.53935766220093,PLC -> IO,1.296802
1776099244.5763242,96.57367753982544,IO -> PLC,1.14764
1776099244.606007,96.603360414505,PLC -> IO,1.581172
1776099244.6403217,96.63767504692078,IO -> PLC,1.69507
1776099244.6700096,96.6673629283905,PLC -> IO,1.438802
1776099244.7043204,96.70167374610901,IO -> PLC,1.12525
1776099244.7340121,96.731365442276,PLC -> IO,1.585572
1776099244.7683191,96.76567244529724,IO -> PLC,1.47379
1776099244.7980149,96.79536819458008,PLC -> IO,1.369362
1776099244.8323176,96.8296709060669,IO -> PLC,2.49453
1776099244.8620174,96.85937070846558,PLC -> IO,1.316442
1776099244.8963163,96.89366960525513,IO -> PLC,2.76099
1776099244.92602,96.92337322235107,PLC -> IO,1.292002
1776099244.9603148,96.95766806602478,IO -> PLC,1.40897
1776099244.9900227,96.98737597465515,PLC -> IO,1.358852
1776099245.0243134,97.02166676521301,IO -> PLC,1.20669
1776099245.0540252,97.05137848854065,PLC -> IO,2.139552
1776099245.088311,97.08566427230835,IO -> PLC,1.57778
1776099245.118028,97.11538124084473,PLC -> IO,1.620222
1776099245.1523097,97.14966297149658,IO -> PLC,1.73
1776099245.1820304,97.17938375473022,PLC -> IO,1.419132
1776099245.216308,97.21366143226624,IO -> PLC,3.42212
1776099245.246033,97.24338626861572,PLC -> IO,1.479492
1776099245.2803068,97.27766013145447,IO -> PLC,1.77617
1776099245.3100357,97.3073890209198,PLC -> IO,1.331852
1776099245.3443053,97.34165859222412,IO -> PLC,1.10994
1776099245.3740382,97.3713915348053,PLC -> IO,1.472302
1776099245.408304,97.40565729141235,IO -> PLC,1.65002
1776099245.4380407,97.4353940486908,PLC -> IO,1.311842
1776099245.4723024,97.469655752182,IO -> PLC,1.07411
1776099245.5020435,97.49939680099487,PLC -> IO,1.627022
1776099245.5363011,97.53365445137024,IO -> PLC,1.0552
1776099245.566046,97.56339931488037,PLC -> IO,1.543292
1776099245.6002986,97.59765195846558,IO -> PLC,1.97113
1776099245.6300485,97.62740182876587,PLC -> IO,1.538142
1776099245.6642973,97.66165065765381,IO -> PLC,1.76172
1776099245.6940513,97.69140458106995,PLC -> IO,1.338892
1776099245.7282958,97.72564911842346,IO -> PLC,1.21543
1776099245.7580538,97.75540709495544,PLC -> IO,1.223492
1776099245.7922945,97.7896478176117,IO -> PLC,0.64432
1776099245.8220565,97.81940984725952,PLC -> IO,1.222092
1776099245.856293,97.85364627838135,IO -> PLC,1.33016
1776099245.886059,97.88341236114502,PLC -> IO,1.653902
1776099245.9202917,97.91764497756958,IO -> PLC,2.08224
1776099245.9500616,97.94741487503052,PLC -> IO,1.675862
1776099245.9842901,97.98164343833923,IO -> PLC,1.86676
1776099246.0140643,98.0114176273346,PLC -> IO,2.255132
1776099246.0482879,98.04564118385315,IO -> PLC,1.50782
1776099246.0780668,98.07542014122009,PLC -> IO,1.258812
1776099246.1122863,98.1096396446228,IO -> PLC,1.45907
1776099246.1420693,98.13942265510559,PLC -> IO,1.239582
1776099246.176285,98.17363834381104,IO -> PLC,1.41871
1776099246.206072,98.20342540740967,PLC -> IO,1.216182
1776099246.2402837,98.23763704299927,IO -> PLC,1.58405
1776099246.2700746,98.26742792129517,PLC -> IO,1.262302
1776099246.3042822,98.30163550376892,IO -> PLC,1.39833
1776099246.3340771,98.33143043518066,PLC -> IO,1.446822
1776099246.368281,98.36563420295715,IO -> PLC,1.19388
1776099246.3980799,98.39543318748474,PLC -> IO,1.518462
1776099246.4322793,98.4296326637268,IO -> PLC,1.53762
1776099246.4620824,98.45943570137024,PLC -> IO,1.292742
1776099246.496278,98.49363136291504,IO -> PLC,3.03301
1776099246.526085,98.52343821525574,PLC -> IO,1.459112
1776099246.5602756,98.55762887001038,IO -> PLC,1.1597
1776099246.5900877,98.58744096755981,PLC -> IO,1.258422
1776099246.6242743,98.62162756919861,IO -> PLC,2.06034
1776099246.6540902,98.65144348144531,PLC -> IO,1.278542
1776099246.6882727,98.68562602996826,IO -> PLC,1.65725
1776099246.718093,98.71544623374939,PLC -> IO,1.549312
1776099246.7522714,98.7496247291565,IO -> PLC,1.43473
1776099246.7820954,98.77944874763489,PLC -> IO,13.053672
1776099246.8162699,98.81362318992615,IO -> PLC,2.77243
1776099246.846098,98.84345126152039,PLC -> IO,1.401552
1776099246.8802686,98.87762188911438,IO -> PLC,2.36118
1776099246.9101007,98.90745401382446,PLC -> IO,1.131342
1776099246.944267,98.94162034988403,IO -> PLC,1.58567
1776099246.9741032,98.97145652770996,PLC -> IO,1.310342
1776099247.0082648,99.00561809539795,IO -> PLC,1.56155
1776099247.0381057,99.03545904159546,PLC -> IO,4.239212
1776099247.0722632,99.0696165561676,IO -> PLC,3.64409
1776099247.1021085,99.09946179389954,PLC -> IO,1.812362
1776099247.136262,99.13361525535583,IO -> PLC,2.07567
1776099247.166111,99.16346430778503,PLC -> IO,1.621032
1776099247.2002604,99.19761371612549,IO -> PLC,2.26468
1776099247.2301135,99.22746682167053,PLC -> IO,1.472512
1776099247.264259,99.26161241531372,IO -> PLC,1.85543
1776099247.2941163,99.29146957397461,PLC -> IO,1.187262
1776099247.3282576,99.32561087608337,IO -> PLC,1.25585
1776099247.3581188,99.35547208786011,PLC -> IO,1.181862
1776099247.3922563,99.3896095752716,IO -> PLC,2.00912
1776099247.4221215,99.41947484016418,PLC -> IO,1.260222
1776099247.4562538,99.45360708236694,IO -> PLC,1.14649
1776099247.486124,99.48347735404968,PLC -> IO,1.301622
1776099247.5202525,99.51760578155518,IO -> PLC,1.01885
1776099247.5501266,99.54747986793518,PLC -> IO,1.510632
1776099247.584251,99.58160424232483,IO -> PLC,1.5662
1776099247.6141293,99.61148262023926,PLC -> IO,1.752042
1776099247.6482496,99.64560294151306,IO -> PLC,3.67323
1776099247.6781318,99.67548513412476,PLC -> IO,1.257572
1776099247.712248,99.70960140228271,IO -> PLC,1.16171
1776099247.7421343,99.73948764801025,PLC -> IO,1.345622
1776099247.7762468,99.77360010147095,IO -> PLC,1.14264
1776099247.806137,99.80349040031433,PLC -> IO,1.349892
1776099247.8402455,99.83759880065918,IO -> PLC,1.59574
1776099247.8701396,99.86749291419983,PLC -> IO,1.178022
1776099247.904243,99.90159630775452,IO -> PLC,1.46539
1776099247.934142,99.93149542808533,PLC -> IO,1.451992
1776099247.9682415,99.96559476852417,IO -> PLC,1.45263
1776099247.9981449,99.9954981803894,PLC -> IO,1.529472
1776099248.0322402,100.0295934677124,IO -> PLC,1.43555
1776099248.0621474,100.0595006942749,PLC -> IO,1.366152
1776099248.0962386,100.09359192848206,IO -> PLC,3.88052
1776099248.1261501,100.12350344657898,PLC -> IO,1.297462
1776099248.1602373,100.15759062767029,IO -> PLC,1.21643
1776099248.1901526,100.18750596046448,PLC -> IO,1.273502
1776099248.2242358,100.22158908843994,IO -> PLC,1.37465
1776099248.2541552,100.25150847434998,PLC -> IO,1.212102
1776099248.2882345,100.28558778762817,IO -> PLC,1.06708
1776099248.318158,100.31551122665405,PLC -> IO,1.772642
1776099248.3522332,100.3495864868164,IO -> PLC,2.09357
1776099248.3821604,100.37951374053955,PLC -> IO,1.522832
1776099248.4162307,100.41358399391174,IO -> PLC,3.63825
1776099248.446163,100.44351625442505,PLC -> IO,1.413912
1776099248.4802291,100.4775824546814,IO -> PLC,2.44176
1776099248.5101657,100.50751900672913,PLC -> IO,1.331152
1776099248.5442278,100.54158115386963,IO -> PLC,0.92982
1776099248.5741682,100.57152152061462,PLC -> IO,1.309752
1776099248.6082263,100.60557961463928,IO -> PLC,1.4402
1776099248.6381707,100.63552403450012,PLC -> IO,1.301472
1776099248.672225,100.66957831382751,IO -> PLC,1.55354
1776099248.7021735,100.6995267868042,PLC -> IO,1.566242
1776099248.7362235,100.73357677459717,IO -> PLC,1.03683
1776099248.766176,100.7635293006897,PLC -> IO,1.426432
1776099248.8002222,100.7975754737854,IO -> PLC,1.76131
1776099248.8301785,100.8275318145752,PLC -> IO,1.466242
1776099248.8642197,100.86157298088074,IO -> PLC,1.93585
1776099248.8941813,100.89153456687927,PLC -> IO,1.210112
1776099248.9282184,100.92557168006897,IO -> PLC,1.73868
1776099248.9581838,100.95553708076477,PLC -> IO,1.266632
1776099248.9922168,100.98957014083862,IO -> PLC,1.14543
1776099249.0221865,101.01953983306885,PLC -> IO,1.410122
1776099249.0562155,101.05356884002686,IO -> PLC,4.16992
1776099249.086189,101.08354234695435,PLC -> IO,1.290242
1776099249.120214,101.11756730079651,IO -> PLC,2.25741
1776099249.1501915,101.14754486083984,PLC -> IO,1.567652
1776099249.1842127,101.18156599998474,IO -> PLC,1.27173
1776099249.2141943,101.21154761314392,PLC -> IO,1.717622
1776099249.2482114,101.24556469917297,IO -> PLC,1.4741
1776099249.2781968,101.27555012702942,PLC -> IO,1.265962
1776099249.3122098,101.30956315994263,IO -> PLC,4.08787
1776099249.3421993,101.33955264091492,PLC -> IO,8.576022
1776099249.3762076,101.37356090545654,IO -> PLC,3.90198
1776099249.406202,101.403555393219,PLC -> IO,1.154442
1776099249.440206,101.4375593662262,IO -> PLC,1.20022
1776099249.4702046,101.46755790710449,PLC -> IO,1.425362
1776099249.5042048,101.50155806541443,IO -> PLC,1.37476
1776099249.534207,101.53156042098999,PLC -> IO,1.980152
1776099249.5682032,101.56555652618408,IO -> PLC,1.7305
1776099249.5982099,101.59556317329407,PLC -> IO,1.860272
1776099249.632202,101.62955522537231,IO -> PLC,2.66707
1776099249.6622124,101.65956568717957,PLC -> IO,1.283732
1776099249.6962004,101.69355368614197,IO -> PLC,2.64407
1776099249.7262151,101.72356843948364,PLC -> IO,1.256742
1776099249.760199,101.7575523853302,IO -> PLC,2.04457
1776099249.7902176,101.78757095336914,PLC -> IO,1.195972
1776099249.8241966,101.82154989242554,IO -> PLC,1.46227
1776099249.8542202,101.85157346725464,PLC -> IO,1.530022
1776099249.8881953,101.88554859161377,IO -> PLC,1.26518
1776099249.918223,101.91557621955872,PLC -> IO,1.500542
1776099249.9521937,101.94954705238342,IO -> PLC,1.7931
1776099249.9822254,101.97957873344421,PLC -> IO,1.418822
1776099250.0161924,102.01354575157166,IO -> PLC,1.80603
1776099250.046228,102.04358124732971,PLC -> IO,1.491182
1776099250.080191,102.07754421234131,IO -> PLC,2.71579
1776099250.1102307,102.10758399963379,PLC -> IO,2.275492
1776099250.1441896,102.14154291152954,IO -> PLC,1.16185
1776099250.1742332,102.17158651351929,PLC -> IO,1.359412
1776099250.208188,102.2055413722992,IO -> PLC,1.73167
1776099250.2382357,102.23558902740479,PLC -> IO,1.276652
1776099250.2721858,102.26953911781311,IO -> PLC,1.33082
1776099250.3022385,102.29959177970886,PLC -> IO,1.557982
1776099250.3361843,102.33353757858276,IO -> PLC,1.31071
1776099250.366241,102.36359429359436,PLC -> IO,1.474332
1776099250.400183,102.397536277771,IO -> PLC,1.48852
1776099250.4302435,102.42759680747986,PLC -> IO,1.492132
1776099250.4641814,102.46153473854065,IO -> PLC,2.03387
1776099250.4942462,102.49159955978394,PLC -> IO,1.286962
1776099250.5281801,102.52553343772888,IO -> PLC,1.43324
1776099250.5582488,102.55560207366943,PLC -> IO,1.300122
1776099250.5921786,102.58953189849854,IO -> PLC,1.79707
1776099250.6222515,102.61960482597351,PLC -> IO,1.942342
1776099250.6561773,102.65353059768677,IO -> PLC,1.58983
1776099250.686254,102.68360733985901,PLC -> IO,1.603252
1776099250.7201748,102.7175281047821,IO -> PLC,2.90529
1776099250.7502565,102.7476098537445,PLC -> IO,1.641452
1776099250.7841735,102.78152680397034,IO -> PLC,1.94122
1776099250.8142593,102.81161260604858,PLC -> IO,1.637492
1776099250.848172,102.84552526473999,IO -> PLC,1.57925
1776099250.8782618,102.87561511993408,PLC -> IO,1.238232
1776099250.9121706,102.90952396392822,IO -> PLC,0.96022
1776099250.9422643,102.93961763381958,PLC -> IO,1.208352
1776099250.976169,102.97352242469788,IO -> PLC,1.31804
1776099251.006267,103.00362038612366,PLC -> IO,1.166792
1776099251.0401678,103.03752112388611,IO -> PLC,0.84526
1776099251.0702696,103.06762290000916,PLC -> IO,1.295562
1776099251.1041665,103.10151982307434,IO -> PLC,1.26981
1776099251.134272,103.13162541389465,PLC -> IO,1.578342
1776099251.168165,103.165518283844,IO -> PLC,1.43419
1776099251.1982749,103.19562816619873,PLC -> IO,1.530152
1776099251.2321625,103.22951579093933,IO -> PLC,1.22998
1776099251.2622774,103.25963068008423,PLC -> IO,1.341302
1776099251.2961612,103.29351449012756,IO -> PLC,1.23347
1776099251.32628,103.3236334323883,PLC -> IO,1.365582
1776099251.3601596,103.35751295089722,IO -> PLC,1.18591
1776099251.3902826,103.3876359462738,PLC -> IO,1.388742
1776099251.4241583,103.42151165008545,IO -> PLC,0.75209
1776099251.4542851,103.4516384601593,PLC -> IO,1.269012
1776099251.4881568,103.4855101108551,IO -> PLC,1.32825
1776099251.518288,103.51564121246338,PLC -> IO,1.526982
1776099251.5521555,103.54950881004333,IO -> PLC,1.32557
1776099251.5822904,103.57964372634888,PLC -> IO,1.561912
1776099251.6161542,103.61350750923157,IO -> PLC,3.09578
1776099251.646293,103.64364624023438,PLC -> IO,1.616512
1776099251.6801517,103.6775050163269,IO -> PLC,0.54643
1776099251.7102957,103.70764899253845,PLC -> IO,1.289662
1776099251.7441502,103.74150347709656,IO -> PLC,1.26786
1776099251.7742982,103.77165150642395,PLC -> IO,1.415062
1776099251.8081489,103.80550217628479,IO -> PLC,1.43112
1776099251.8383007,103.83565402030945,PLC -> IO,1.237262
1776099251.8721473,103.86950063705444,IO -> PLC,1.04043
1776099251.9023035,103.89965677261353,PLC -> IO,1.678832
1776099251.936146,103.93349933624268,IO -> PLC,2.15708
1776099251.966306,103.96365928649902,PLC -> IO,1.531272
1776099252.0001445,103.99749779701233,IO -> PLC,2.30818
1776099252.0303085,104.02766180038452,PLC -> IO,1.448432
1776099252.0641432,104.06149649620056,IO -> PLC,2.30575
1776099252.0943112,104.0916645526886,PLC -> IO,1.307502
1776099252.1281407,104.1254940032959,IO -> PLC,1.11941
1776099252.1583138,104.1556670665741,PLC -> IO,1.304272
1776099252.1921394,104.18949270248413,IO -> PLC,1.1413
1776099252.2223165,104.21966981887817,PLC -> IO,1.394712
1776099252.2561378,104.25349116325378,IO -> PLC,1.47671
1776099252.286319,104.28367233276367,PLC -> IO,1.635712
1776099252.3201365,104.31748986244202,IO -> PLC,2.02503
1776099252.3503215,104.34767484664917,PLC -> IO,1.513662
1776099252.384135,104.38148832321167,IO -> PLC,1.45617
1776099252.4143243,104.41167759895325,PLC -> IO,1.532412
1776099252.4481337,104.4454870223999,IO -> PLC,1.87255
1776099252.4783268,104.47568011283875,PLC -> IO,1.226442
1776099252.5121322,104.50948548316956,IO -> PLC,1.04384
1776099252.5423293,104.53968262672424,PLC -> IO,1.257362
1776099252.57613,104.57348322868347,IO -> PLC,1.96057
1776099252.606332,104.60368537902832,PLC -> IO,1.302922
1776099252.6401284,104.63748168945312,IO -> PLC,1.64476
1776099252.6703346,104.66768789291382,PLC -> IO,1.263202
1776099252.704127,104.70148038864136,IO -> PLC,1.35439
1776099252.734337,104.73169040679932,PLC -> IO,1.526692
1776099252.7681255,104.76547884941101,IO -> PLC,1.14387
1776099252.7983398,104.7956931591034,PLC -> IO,1.505292
1776099252.8321242,104.82947754859924,IO -> PLC,1.50489
1776099252.8623424,104.85969567298889,PLC -> IO,1.218202
1776099252.896123,104.89347624778748,IO -> PLC,1.10612
1776099252.9263449,104.92369818687439,PLC -> IO,1.938262
1776099252.9601214,104.95747470855713,IO -> PLC,1.09321
1776099252.9903476,104.98770093917847,PLC -> IO,1.163712
1776099253.02412,105.02147340774536,IO -> PLC,2.39642
1776099253.0543501,105.05170345306396,PLC -> IO,2.065232
1776099253.0881176,105.0854709148407,IO -> PLC,0.87008
1776099253.118353,105.11570620536804,PLC -> IO,1.838802
1776099253.1521163,105.14946961402893,IO -> PLC,2.35948
1776099253.1823554,105.17970871925354,PLC -> IO,1.655552
1776099253.2161148,105.21346807479858,IO -> PLC,2.52393
1776099253.246358,105.24371123313904,PLC -> IO,1.504542
1776099253.2801135,105.27746677398682,IO -> PLC,3.27497
1776099253.3103607,105.30771398544312,PLC -> IO,1.232972
1776099253.344112,105.34146523475647,IO -> PLC,1.53053
1776099253.3743632,105.37171649932861,PLC -> IO,1.269332
1776099253.4081106,105.4054639339447,IO -> PLC,1.51674
1776099253.4383657,105.43571901321411,PLC -> IO,1.228572
1776099253.472109,105.46946239471436,IO -> PLC,1.10973
1776099253.5023685,105.49972176551819,PLC -> IO,1.538942
1776099253.5361068,105.53346014022827,IO -> PLC,1.2945
1776099253.566371,105.56372427940369,PLC -> IO,1.424262
1776099253.6001053,105.59745860099792,IO -> PLC,2.4102
1776099253.6303735,105.62772679328918,PLC -> IO,2.087842
1776099253.664104,105.66145730018616,IO -> PLC,2.57145
1776099253.6943762,105.69172954559326,PLC -> IO,1.306732
1776099253.7281024,105.72545576095581,IO -> PLC,1.22231
1776099253.7583787,105.75573205947876,PLC -> IO,1.460302
1776099253.7921011,105.78945446014404,IO -> PLC,1.60478
1776099253.8223813,105.81973457336426,PLC -> IO,1.361702
1776099253.8560996,105.8534529209137,IO -> PLC,1.20385
1776099253.886384,105.88373732566833,PLC -> IO,1.253352
1776099253.9200983,105.91745162010193,IO -> PLC,1.55886
1776099253.9503865,105.94773983955383,PLC -> IO,1.674762
1776099253.9840958,105.98144912719727,IO -> PLC,1.54075
1776099254.0143893,106.01174259185791,PLC -> IO,1.885212
1776099254.0480945,106.0454478263855,IO -> PLC,1.74001
1776099254.0783918,106.07574510574341,PLC -> IO,1.164272
1776099254.112093,106.10944628715515,IO -> PLC,1.29819
1776099254.1423943,106.1397476196289,PLC -> IO,1.167512
1776099254.1760917,106.17344498634338,IO -> PLC,1.48488
1776099254.206397,106.20375037193298,PLC -> IO,1.329152
1776099254.2400901,106.23744344711304,IO -> PLC,1.44149
1776099254.2703996,106.26775288581848,PLC -> IO,1.294472
1776099254.3040888,106.30144214630127,IO -> PLC,1.35904
1776099254.334402,106.33175539970398,PLC -> IO,1.835182
1776099254.3680873,106.36544060707092,IO -> PLC,2.36722
1776099254.3984048,106.39575815200806,PLC -> IO,1.621762
1776099254.432086,106.42943930625916,IO -> PLC,2.552
1776099254.4624074,106.45976066589355,PLC -> IO,1.206432
1776099254.4960835,106.49343681335449,IO -> PLC,1.59919
1776099254.5264099,106.52376317977905,PLC -> IO,1.222482
1776099254.5600822,106.55743551254272,IO -> PLC,0.98313
1776099254.5904126,106.58776593208313,PLC -> IO,1.169242
1776099254.6240807,106.62143397331238,IO -> PLC,1.3452
1776099254.6544151,106.65176844596863,PLC -> IO,1.345852
1776099254.6880794,106.68543267250061,IO -> PLC,1.13691
1776099254.7184176,106.71577095985413,PLC -> IO,1.629582
1776099254.7520778,106.74943113327026,IO -> PLC,1.26544
1776099254.7824204,106.7797737121582,PLC -> IO,1.613382
1776099254.8160765,106.8134298324585,IO -> PLC,2.23457
1776099254.846423,106.8437762260437,PLC -> IO,1.492772
1776099254.8800752,106.87742853164673,IO -> PLC,3.15978
1776099254.9104257,106.90777897834778,PLC -> IO,1.364092
1776099254.9440727,106.94142603874207,IO -> PLC,1.06517
1776099254.9744282,106.97178149223328,PLC -> IO,1.390922
1776099255.0080712,107.00542449951172,IO -> PLC,1.2285
1776099255.0384307,107.03578400611877,PLC -> IO,4.107222
1776099255.07207,107.06942319869995,IO -> PLC,3.77794
1776099255.1024334,107.09978675842285,PLC -> IO,1.279332
1776099255.1360683,107.1334216594696,IO -> PLC,1.75582
1776099255.166436,107.16378927230835,PLC -> IO,1.405542
1776099255.200067,107.19742035865784,IO -> PLC,1.17368
1776099255.2304385,107.22779178619385,PLC -> IO,1.604632
1776099255.2640655,107.26141881942749,IO -> PLC,2.47882
1776099255.2944412,107.29179453849792,PLC -> IO,1.308022
1776099255.3280642,107.32541751861572,IO -> PLC,1.51778
1776099255.3584437,107.35579705238342,PLC -> IO,1.286222
1776099255.3920617,107.38941502571106,IO -> PLC,2.04985
1776099255.4224463,107.41979956626892,PLC -> IO,1.461152
1776099255.4560604,107.45341372489929,IO -> PLC,1.66027
1776099255.486449,107.483802318573,PLC -> IO,1.560152
1776099255.5200589,107.51741218566895,IO -> PLC,2.60373
1776099255.5504515,107.5478048324585,PLC -> IO,1.562992
1776099255.5840576,107.58141088485718,IO -> PLC,2.39113
1776099255.614454,107.611807346344,PLC -> IO,1.939922
1776099255.648056,107.64540934562683,IO -> PLC,3.33922
1776099255.6784568,107.67581009864807,PLC -> IO,1.119712
1776099255.7120547,107.70940804481506,IO -> PLC,1.01099
1776099255.7424593,107.73981261253357,PLC -> IO,1.309602
1776099255.7760532,107.77340650558472,IO -> PLC,1.57266
1776099255.806462,107.80381536483765,PLC -> IO,1.303002
1776099255.840052,107.83740520477295,IO -> PLC,1.53839
1776099255.8704646,107.86781787872314,PLC -> IO,1.268402
1776099255.9040494,107.90140271186829,IO -> PLC,1.14657
1776099255.934467,107.93182039260864,PLC -> IO,1.506602
1776099255.968048,107.96540141105652,IO -> PLC,1.71041
1776099255.9984698,107.99582314491272,PLC -> IO,1.477842
1776099256.0320466,108.02939987182617,IO -> PLC,2.05487
1776099256.0624723,108.05982565879822,PLC -> IO,1.203712
1776099256.0960453,108.0933985710144,IO -> PLC,1.74305
1776099256.1264749,108.12382817268372,PLC -> IO,1.280872
1776099256.1600437,108.15739703178406,IO -> PLC,1.23788
1776099256.1904776,108.1878309249878,PLC -> IO,1.290832
1776099256.2240424,108.22139573097229,IO -> PLC,1.81995
1776099256.2544801,108.25183343887329,PLC -> IO,1.300732
1776099256.2880409,108.28539419174194,IO -> PLC,1.79063
1776099256.3184826,108.31583595275879,PLC -> IO,1.648942
1776099256.3520386,108.34939193725586,IO -> PLC,1.39594
1776099256.3824854,108.37983870506287,PLC -> IO,1.725622
1776099256.416037,108.41339039802551,IO -> PLC,2.50028
1776099256.446488,108.44384121894836,PLC -> IO,1.443012
1776099256.4800358,108.47738909721375,IO -> PLC,0.64744
1776099256.5104904,108.50784373283386,PLC -> IO,1.251842
1776099256.5440342,108.5413875579834,IO -> PLC,1.334
1776099256.5744932,108.57184648513794,PLC -> IO,1.213162
1776099256.608033,108.60538625717163,IO -> PLC,1.49221
1776099256.6384957,108.63584899902344,PLC -> IO,1.206722
1776099256.6720314,108.66938471794128,IO -> PLC,1.84812
1776099256.7024984,108.69985175132751,PLC -> IO,1.613182
1776099256.73603,108.73338341712952,IO -> PLC,2.03176
1776099256.766501,108.76385426521301,PLC -> IO,1.672022
1776099256.8000276,108.79738092422485,IO -> PLC,2.38975
1776099256.8305035,108.82785677909851,PLC -> IO,1.569092
1776099256.8640263,108.86137962341309,IO -> PLC,2.36979
1776099256.8945062,108.89185953140259,PLC -> IO,1.239362
1776099256.928025,108.92537832260132,IO -> PLC,1.39947
1776099256.9585087,108.95586204528809,PLC -> IO,1.218842
1776099256.9920235,108.98937678337097,IO -> PLC,1.97042
1776099257.0225112,109.01986455917358,PLC -> IO,1.309362
1776099257.0560222,109.0533754825592,IO -> PLC,5.1599
1776099257.086514,109.08386731147766,PLC -> IO,1.300602
1776099257.1200206,109.11737394332886,IO -> PLC,2.29404
1776099257.1505165,109.14786982536316,PLC -> IO,1.491052
1776099257.1840193,109.18137264251709,IO -> PLC,1.71295
1776099257.214519,109.21187233924866,PLC -> IO,1.465902
1776099257.2480178,109.24537110328674,IO -> PLC,1.90292
1776099257.2785218,109.27587509155273,PLC -> IO,1.300652
1776099257.3120155,109.30936884880066,IO -> PLC,1.0943
1776099257.3425243,109.33987760543823,PLC -> IO,1.459742
1776099257.376014,109.37336730957031,IO -> PLC,2.57792
1776099257.4065268,109.40388011932373,PLC -> IO,1.416652
1776099257.4400127,109.43736600875854,IO -> PLC,1.06062
1776099257.4705296,109.46788287162781,PLC -> IO,1.233962
1776099257.5040112,109.5013644695282,IO -> PLC,1.227
1776099257.534532,109.5318853855133,PLC -> IO,1.491532
1776099257.5680099,109.56536316871643,IO -> PLC,1.57873
1776099257.5985348,109.59588813781738,PLC -> IO,1.565492
1776099257.6320083,109.62936162948608,IO -> PLC,1.76567
1776099257.6625373,109.65989065170288,PLC -> IO,1.183372
1776099257.696007,109.69336032867432,IO -> PLC,0.99008
1776099257.7265399,109.72389316558838,PLC -> IO,1.202452
1776099257.7600045,109.75735783576965,IO -> PLC,0.62483
1776099257.7905426,109.78789591789246,PLC -> IO,1.287462
1776099257.8240032,109.82135653495789,IO -> PLC,1.33002
1776099257.854545,109.85189843177795,PLC -> IO,1.671582
1776099257.8880017,109.88535499572754,IO -> PLC,1.30495
1776099257.9185476,109.91590094566345,PLC -> IO,1.840842
1776099257.9520004,109.94935369491577,IO -> PLC,2.80771
1776099257.9825504,109.97990369796753,PLC -> IO,1.778882
1776099258.0159988,110.01335215568542,IO -> PLC,3.79643
1776099258.046553,110.04390621185303,PLC -> IO,1.459392
1776099258.0799975,110.07735085487366,IO -> PLC,2.97044
1776099258.1105554,110.10790872573853,PLC -> IO,1.272232
1776099258.143996,110.14134931564331,IO -> PLC,1.61203
1776099258.1745582,110.1719114780426,PLC -> IO,1.219462
1776099258.2079935,110.20534682273865,IO -> PLC,1.21022
1776099258.2385607,110.2359139919281,PLC -> IO,1.145342
1776099258.2719922,110.26934552192688,IO -> PLC,1.17897
1776099258.3025632,110.2999165058136,PLC -> IO,1.673802
1776099258.335991,110.33334422111511,IO -> PLC,0.87837
1776099258.366566,110.36391925811768,PLC -> IO,1.522472
1776099258.3999894,110.39734268188477,IO -> PLC,0.66193
1776099258.4305685,110.42792177200317,PLC -> IO,1.632992
1776099258.463988,110.461341381073,IO -> PLC,2.65093
1776099258.494571,110.49192428588867,PLC -> IO,1.267262
1776099258.5279865,110.52533984184265,IO -> PLC,1.67582
1776099258.5585737,110.55592703819275,PLC -> IO,1.420592
1776099258.5919852,110.58933854103088,IO -> PLC,1.4713
1776099258.6225762,110.61992955207825,PLC -> IO,1.308302
1776099258.6559827,110.65333604812622,IO -> PLC,1.25686
1776099258.686579,110.68393230438232,PLC -> IO,1.226422
1776099258.7199812,110.71733450889587,IO -> PLC,2.16878
1776099258.7505815,110.74793481826782,PLC -> IO,1.390062
1776099258.78398,110.7813332080841,IO -> PLC,1.96537
1776099258.814584,110.81193733215332,PLC -> IO,1.637232
1776099258.8479786,110.84533190727234,IO -> PLC,2.19111
1776099258.8785868,110.8759400844574,PLC -> IO,1.489432
1776099258.911977,110.90933036804199,IO -> PLC,1.95306
1776099258.9425893,110.9399425983429,PLC -> IO,1.300512
1776099258.9759758,110.97332906723022,IO -> PLC,1.54917
1776099259.0065918,111.0039451122284,PLC -> IO,1.302632
1776099259.0399742,111.03732752799988,IO -> PLC,1.72387
1776099259.0705945,111.06794786453247,PLC -> IO,1.577572
1776099259.103973,111.10132622718811,IO -> PLC,1.12933
1776099259.134597,111.13195037841797,PLC -> IO,1.499442
1776099259.1679704,111.16532373428345,IO -> PLC,3.1881
1776099259.1985996,111.19595289230347,PLC -> IO,1.567172
1776099259.2319689,111.2293221950531,IO -> PLC,3.37296
1776099259.2626023,111.25995564460754,PLC -> IO,1.183042
1776099259.2959676,111.29332089424133,IO -> PLC,1.27523
1776099259.3266048,111.32395815849304,PLC -> IO,1.162122
1776099259.3599663,111.35731959342957,IO -> PLC,1.414
1776099259.3906074,111.38796067237854,PLC -> IO,1.304412
1776099259.4239647,111.42131805419922,IO -> PLC,1.21491
1776099259.45461,111.45196342468262,PLC -> IO,1.302132
1776099259.4879634,111.48531675338745,IO -> PLC,1.20624
1776099259.5186126,111.51596593856812,PLC -> IO,1.639702
1776099259.551962,111.5493152141571,IO -> PLC,1.76783
1776099259.5826154,111.57996869087219,PLC -> IO,1.528612
1776099259.6159596,111.61331295967102,IO -> PLC,1.72635
1776099259.646618,111.64397120475769,PLC -> IO,1.537622
1776099259.679958,111.67731142044067,IO -> PLC,1.36438
1776099259.7106204,111.70797371864319,PLC -> IO,1.175822
1776099259.7439568,111.7413101196289,IO -> PLC,1.31059
1776099259.7746232,111.77197647094727,PLC -> IO,1.280262
1776099259.8079553,111.80530858039856,IO -> PLC,1.10422
1776099259.8386257,111.83597898483276,PLC -> IO,1.159092
1776099259.871954,111.86930727958679,IO -> PLC,1.27355
1776099259.9026282,111.89998149871826,PLC -> IO,1.652902
1776099259.9359524,111.93330574035645,IO -> PLC,1.45537
1776099259.966631,111.96398425102234,PLC -> IO,1.486772
1776099259.9999511,111.99730443954468,IO -> PLC,1.24308
1776099260.0306334,112.02798676490784,PLC -> IO,1.526412
1776099260.0639496,112.06130290031433,IO -> PLC,2.7376
1776099260.094636,112.09198927879333,PLC -> IO,1.257492
1776099260.1279473,112.12530064582825,IO -> PLC,1.01572
1776099260.1586387,112.15599203109741,PLC -> IO,1.175442
1776099260.1919458,112.1892991065979,IO -> PLC,1.18818
1776099260.2226412,112.21999454498291,PLC -> IO,1.298692
1776099260.2559445,112.25329780578613,IO -> PLC,1.33319
1776099260.2866437,112.28399705886841,PLC -> IO,1.513862
1776099260.319943,112.31729626655579,IO -> PLC,1.07451
1776099260.3506465,112.34799981117249,PLC -> IO,1.526292
1776099260.3839417,112.38129496574402,IO -> PLC,2.63366
1776099260.414649,112.41200232505798,PLC -> IO,1.813952
1776099260.44794,112.44529342651367,IO -> PLC,2.48466
1776099260.4786515,112.47600483894348,PLC -> IO,1.300222
1776099260.5119388,112.5092921257019,IO -> PLC,1.27177
1776099260.5426543,112.54000759124756,PLC -> IO,1.251302
1776099260.5759363,112.57328963279724,IO -> PLC,1.26198
1776099260.6066568,112.60401010513306,PLC -> IO,1.232942
1776099260.639935,112.63728833198547,IO -> PLC,1.05057
1776099260.6706595,112.66801285743713,PLC -> IO,1.219852
1776099260.7039335,112.70128679275513,IO -> PLC,1.21398
1776099260.734662,112.73201537132263,PLC -> IO,1.445412
1776099260.7679322,112.76528549194336,IO -> PLC,1.77061
1776099260.7986646,112.79601788520813,PLC -> IO,1.439542
1776099260.8319306,112.82928395271301,IO -> PLC,0.62821
1776099260.8626673,112.8600206375122,PLC -> IO,1.176532
1776099260.8959293,112.89328265190125,IO -> PLC,1.34324
1776099260.9266698,112.9240231513977,PLC -> IO,1.402662
1776099260.9599278,112.9572811126709,IO -> PLC,1.32233
1776099260.9906723,112.9880256652832,PLC -> IO,1.467582
1776099261.0239255,113.02127885818481,IO -> PLC,2.43907
1776099261.054675,113.05202841758728,PLC -> IO,2.276062
1776099261.087924,113.08527731895447,IO -> PLC,2.0555
1776099261.1186776,113.11603093147278,PLC -> IO,1.650872
1776099261.1519227,113.1492760181427,IO -> PLC,2.60492
1776099261.1826801,113.18003344535828,PLC -> IO,1.475952
1776099261.2159212,113.21327447891235,IO -> PLC,3.22188
1776099261.246683,113.24403619766235,PLC -> IO,1.237262
1776099261.2799199,113.27727317810059,IO -> PLC,1.54009
1776099261.3106854,113.30803871154785,PLC -> IO,1.213142
1776099261.3439183,113.34127163887024,IO -> PLC,0.57177
1776099261.374688,113.37204122543335,PLC -> IO,1.163502
1776099261.407917,113.40527033805847,IO -> PLC,1.38121
1776099261.4386907,113.43604397773743,PLC -> IO,1.764052
1776099261.4719145,113.46926784515381,IO -> PLC,1.16476
1776099261.5026932,113.50004649162292,PLC -> IO,1.695532
1776099261.5359132,113.53326654434204,IO -> PLC,2.66032
1776099261.5666957,113.56404900550842,PLC -> IO,1.672852
1776099261.5999117,113.5972650051117,IO -> PLC,3.4268
1776099261.6306984,113.6280517578125,PLC -> IO,1.515922
1776099261.6639104,113.66126370429993,IO -> PLC,2.73409
1776099261.694701,113.692054271698,PLC -> IO,1.181632
1776099261.7279088,113.72526216506958,IO -> PLC,1.08478
1776099261.7587035,113.7560567855835,PLC -> IO,1.196562
1776099261.7919075,113.78926086425781,IO -> PLC,1.26564
1776099261.8227062,113.82005953788757,PLC -> IO,1.285002
1776099261.855906,113.85325932502747,IO -> PLC,1.2488
1776099261.8867087,113.88406205177307,PLC -> IO,1.178632
1776099261.9199047,113.9172580242157,IO -> PLC,1.79079
1776099261.9507115,113.94806480407715,PLC -> IO,1.528042
1776099261.9839022,113.98125553131104,IO -> PLC,1.9574
1776099262.014714,114.01206731796265,PLC -> IO,1.864422
1776099262.047901,114.04525423049927,IO -> PLC,2.5426
1776099262.0787165,114.07606983184814,PLC -> IO,1.261812
1776099262.1118994,114.10925269126892,IO -> PLC,0.96921
1776099262.1427193,114.14007258415222,PLC -> IO,1.374492
1776099262.175898,114.17325139045715,IO -> PLC,1.33639
1776099262.2067218,114.20407509803772,PLC -> IO,1.339962
1776099262.2398965,114.2372498512268,IO -> PLC,1.22307
1776099262.2707243,114.26807761192322,PLC -> IO,1.193042
1776099262.3038952,114.30124855041504,IO -> PLC,1.30144
1776099262.334727,114.3320803642273,PLC -> IO,1.382842
1776099262.3678937,114.36524701118469,IO -> PLC,1.66854
1776099262.3987296,114.3960828781128,PLC -> IO,1.392582
1776099262.4318914,114.42924475669861,IO -> PLC,1.8298
1776099262.462732,114.46008539199829,PLC -> IO,1.306542
1776099262.49589,114.49324321746826,IO -> PLC,1.23237
1776099262.5267348,114.52408814430237,PLC -> IO,1.321702
1776099262.5598886,114.5572419166565,IO -> PLC,1.22362
1776099262.5907373,114.58809065818787,PLC -> IO,1.337582
1776099262.623887,114.62124037742615,IO -> PLC,1.19646
1776099262.6547399,114.65209317207336,PLC -> IO,1.778912
1776099262.6878858,114.68523907661438,IO -> PLC,2.13407
1776099262.7187426,114.71609592437744,PLC -> IO,1.786322
1776099262.7518845,114.74923777580261,IO -> PLC,2.30044
1776099262.7827451,114.78009843826294,PLC -> IO,1.804682
1776099262.815883,114.81323623657227,IO -> PLC,4.25482
1776099262.8467479,114.84410119056702,PLC -> IO,1.181022
1776099262.8798804,114.8772337436676,IO -> PLC,1.51386
1776099262.9107504,114.90810370445251,PLC -> IO,1.147132
1776099262.9438791,114.94123244285583,IO -> PLC,1.28718
1776099262.974753,114.97210621833801,PLC -> IO,1.498392
1776099263.0078776,115.00523090362549,IO -> PLC,1.09112
1776099263.0387557,115.03610897064209,PLC -> IO,3.873712
1776099263.0718763,115.06922960281372,IO -> PLC,3.95482
1776099263.1027582,115.10011148452759,PLC -> IO,1.434312
1776099263.135875,115.13322830200195,IO -> PLC,1.607
1776099263.1667607,115.16411399841309,PLC -> IO,1.517152
1776099263.1998734,115.1972267627716,IO -> PLC,1.96611
1776099263.2307634,115.22811675071716,PLC -> IO,1.517662
1776099263.2638721,115.26122546195984,IO -> PLC,3.09093
1776099263.294766,115.29211926460266,PLC -> IO,1.182012
1776099263.3278706,115.32522392272949,IO -> PLC,2.12588
1776099263.3587685,115.35612177848816,PLC -> IO,1.349742
1776099263.391868,115.38922142982483,IO -> PLC,2.16929
1776099263.4227712,115.42012453079224,PLC -> IO,1.260572
1776099263.4558668,115.45322012901306,IO -> PLC,1.70388
1776099263.4867737,115.48412704467773,PLC -> IO,1.634462
1776099263.5198653,115.51721858978271,IO -> PLC,2.44692
1776099263.5507762,115.54812955856323,PLC -> IO,1.521782
1776099263.583864,115.58121728897095,IO -> PLC,1.66804
1776099263.614779,115.61213231086731,PLC -> IO,1.775272
1776099263.6478627,115.64521598815918,IO -> PLC,2.40684
1776099263.6787815,115.67613482475281,PLC -> IO,1.279852
1776099263.7118611,115.70921444892883,IO -> PLC,1.24323
1776099263.742784,115.7401373386383,PLC -> IO,1.214372
1776099263.7758598,115.77321314811707,IO -> PLC,1.43209
1776099263.8067868,115.80414009094238,PLC -> IO,1.281122
1776099263.8398573,115.8372106552124,IO -> PLC,1.22477
1776099263.8707893,115.86814260482788,PLC -> IO,1.183652
1776099263.9038558,115.90120911598206,IO -> PLC,1.18008
1776099263.9347918,115.93214511871338,PLC -> IO,1.670752
1776099263.9678545,115.96520781517029,IO -> PLC,4.13907
1776099263.9987946,115.99614787101746,PLC -> IO,1.713432
1776099264.031853,116.02920627593994,IO -> PLC,2.86474
1776099264.062797,116.06015038490295,PLC -> IO,1.353542
1776099264.0958517,116.09320497512817,IO -> PLC,1.14174
1776099264.1267998,116.12415313720703,PLC -> IO,1.288062
1776099264.1598504,116.1572036743164,IO -> PLC,1.3214
1776099264.1908023,116.18815565109253,PLC -> IO,1.267952
1776099264.2238488,116.22120213508606,IO -> PLC,1.10703
1776099264.2548048,116.25215816497803,PLC -> IO,1.214152
1776099264.2878463,116.2851996421814,IO -> PLC,0.71434
1776099264.3188076,116.3161609172821,PLC -> IO,1.584602
1776099264.351845,116.34919834136963,IO -> PLC,2.02132
1776099264.38281,116.3801634311676,PLC -> IO,1.459682
1776099264.4158435,116.41319680213928,IO -> PLC,4.76422
1776099264.4468126,116.4441659450531,PLC -> IO,1.139312
1776099264.4798422,116.47719550132751,IO -> PLC,1.79413
1776099264.5108154,116.50816869735718,PLC -> IO,1.169032
1776099264.5438406,116.54119396209717,IO -> PLC,1.57344
1776099264.574818,116.57217121124268,PLC -> IO,1.661722
1776099264.6078393,116.6051926612854,IO -> PLC,1.36603
1776099264.6388204,116.63617372512817,PLC -> IO,1.316632
1776099264.671838,116.66919136047363,IO -> PLC,1.53257
1776099264.7028232,116.70017647743225,PLC -> IO,1.396442
1776099264.7358356,116.73318886756897,IO -> PLC,1.70806
1776099264.7668257,116.76417899131775,PLC -> IO,1.501522
1776099264.799834,116.79718732833862,IO -> PLC,1.70147
1776099264.8308282,116.82818150520325,PLC -> IO,1.477802
1776099264.8638327,116.86118602752686,IO -> PLC,2.99733
1776099264.894831,116.89218425750732,PLC -> IO,1.172542
1776099264.9278312,116.92518448829651,IO -> PLC,1.2601
1776099264.9588335,116.95618677139282,PLC -> IO,1.181552
1776099264.9918299,116.98918318748474,IO -> PLC,1.23182
1776099265.022836,117.02018928527832,PLC -> IO,1.265272
1776099265.0558283,117.0531816482544,IO -> PLC,3.57142
1776099265.0868387,117.0841920375824,PLC -> IO,1.305232
1776099265.119827,117.11718034744263,IO -> PLC,3.4797
1776099265.1508412,117.1481945514679,PLC -> IO,1.627612
1776099265.1838257,117.18117904663086,IO -> PLC,2.70794
1776099265.2148438,117.2121970653534,PLC -> IO,1.758702
1776099265.2478232,117.2451765537262,IO -> PLC,3.66915
1776099265.2788465,117.27619981765747,PLC -> IO,1.227282
1776099265.3118217,117.30917501449585,IO -> PLC,1.34717
1776099265.342849,117.34020233154297,PLC -> IO,1.167722
1776099265.3758204,117.37317371368408,IO -> PLC,6.22192
1776099265.4068518,117.40420508384705,PLC -> IO,1.208322
1776099265.4398189,117.43717217445374,IO -> PLC,1.31135
1776099265.4708543,117.46820759773254,PLC -> IO,1.173412
1776099265.5038176,117.50117087364197,IO -> PLC,1.47147
1776099265.5348568,117.53221011161804,PLC -> IO,1.416412
1776099265.567816,117.56516933441162,IO -> PLC,2.22059
1776099265.5988595,117.59621286392212,PLC -> IO,1.695262
1776099265.6318147,117.62916803359985,IO -> PLC,1.8187
1776099265.662862,117.66021537780762,PLC -> IO,1.360332
1776099265.6958122,117.69316554069519,IO -> PLC,1.40545
1776099265.7268646,117.72421789169312,PLC -> IO,1.360852
1776099265.759811,117.75716423988342,IO -> PLC,1.37942
1776099265.7908673,117.78822064399719,PLC -> IO,1.396502
1776099265.8238094,117.82116270065308,IO -> PLC,1.937
1776099265.8548698,117.85222315788269,PLC -> IO,1.609992
1776099265.887808,117.88516139984131,IO -> PLC,1.36094
1776099265.9188724,117.91622567176819,PLC -> IO,1.709392
1776099265.9518065,117.94915986061096,IO -> PLC,1.7282
1776099265.982875,117.98022842407227,PLC -> IO,1.475412
1776099266.0158052,118.0131585597992,IO -> PLC,4.06436
1776099266.0468776,118.04423093795776,PLC -> IO,1.122812
1776099266.0798037,118.07715702056885,IO -> PLC,1.29292
1776099266.1108801,118.10823345184326,PLC -> IO,1.378542
1776099266.1438015,118.14115476608276,IO -> PLC,1.47264
1776099266.174883,118.17223620414734,PLC -> IO,1.286812
1776099266.2078,118.20515322685242,IO -> PLC,1.27132
1776099266.2388854,118.23623871803284,PLC -> IO,1.366382
1776099266.2717986,118.26915192604065,IO -> PLC,1.42026
1776099266.302888,118.30024123191833,PLC -> IO,1.621312
1776099266.335797,118.3331503868103,IO -> PLC,2.55251
1776099266.3668907,118.36424398422241,PLC -> IO,1.621262
1776099266.3997958,118.39714908599854,IO -> PLC,2.74145
1776099266.4308932,118.42824649810791,PLC -> IO,1.480902
1776099266.4637942,118.46114754676819,IO -> PLC,4.03731
1776099266.494896,118.49224925041199,PLC -> IO,1.201012
1776099266.527793,118.52514624595642,IO -> PLC,1.16426
1776099266.5588984,118.55625176429749,PLC -> IO,1.166092
1776099266.5917914,118.58914470672607,IO -> PLC,1.52945
1776099266.622901,118.62025427818298,PLC -> IO,1.418462
1776099266.6557891,118.65314245223999,IO -> PLC,1.30676
1776099266.6869037,118.68425703048706,PLC -> IO,1.782432
1776099266.7197876,118.71714091300964,IO -> PLC,2.06396
1776099266.7509062,118.74825954437256,PLC -> IO,1.557432
1776099266.7837863,118.78113961219788,IO -> PLC,2.11577
1776099266.8149087,118.81226205825806,PLC -> IO,1.758192
1776099266.847785,118.84513831138611,IO -> PLC,2.62831
1776099266.8789115,118.87626481056213,PLC -> IO,1.207172
1776099266.9117835,118.90913677215576,IO -> PLC,1.23094
1776099266.942914,118.94026732444763,PLC -> IO,1.256482
1776099266.9757822,118.973135471344,IO -> PLC,1.21082
1776099267.0069165,119.00426983833313,PLC -> IO,1.302462
1776099267.0397806,119.03713393211365,IO -> PLC,2.01843
1776099267.0709193,119.0682725906372,PLC -> IO,1.166892
1776099267.1037781,119.10113143920898,IO -> PLC,1.37877
1776099267.1349218,119.1322751045227,PLC -> IO,1.531592
1776099267.1677768,119.16513013839722,IO -> PLC,1.92652
1776099267.1989243,119.1962776184082,PLC -> IO,1.587232
1776099267.2317755,119.22912883758545,IO -> PLC,2.0956
1776099267.262927,119.26028037071228,PLC -> IO,1.261982
1776099267.295774,119.2931272983551,IO -> PLC,1.87916
1776099267.3269296,119.32428288459778,PLC -> IO,1.223142
1776099267.3597727,119.35712599754333,IO -> PLC,1.47207
1776099267.390932,119.38828539848328,PLC -> IO,1.238462
1776099267.4237711,119.42112445831299,IO -> PLC,1.4746
1776099267.4549348,119.45228815078735,PLC -> IO,1.196182
1776099267.4877698,119.48512315750122,IO -> PLC,2.00779
1776099267.5189373,119.51629066467285,PLC -> IO,1.552472
1776099267.5517673,119.54912066459656,IO -> PLC,2.57353
1776099267.5829399,119.58029317855835,PLC -> IO,1.554832
1776099267.615766,119.61311936378479,IO -> PLC,3.30713
1776099267.6469426,119.64429593086243,PLC -> IO,1.297022
1776099267.6797645,119.67711782455444,IO -> PLC,1.01795
1776099267.7109451,119.70829844474792,PLC -> IO,1.318672
1776099267.7437632,119.74111652374268,IO -> PLC,1.18321
1776099267.774948,119.772301197052,PLC -> IO,1.245032
1776099267.8077617,119.80511498451233,IO -> PLC,0.64115
1776099267.8389504,119.8363037109375,PLC -> IO,1.298342
1776099267.8717604,119.86911368370056,IO -> PLC,1.32355
1776099267.902953,119.900306224823,PLC -> IO,1.328942
1776099267.9357588,119.93311214447021,IO -> PLC,2.10034
1776099267.9669557,119.96430897712708,PLC -> IO,1.538522
1776099267.9997575,119.99711084365845,IO -> PLC,2.03942
1776099268.0309582,120.02831149101257,PLC -> IO,1.416312
1776099268.063755,120.06110835075378,IO -> PLC,2.79975
1776099268.0949607,120.09231400489807,PLC -> IO,1.116742
1776099268.1277537,120.12510704994202,IO -> PLC,1.27148
1776099268.1589634,120.15631675720215,PLC -> IO,1.429842
1776099268.1917522,120.18910551071167,IO -> PLC,1.60675
1776099268.222966,120.22031927108765,PLC -> IO,1.502212
1776099268.255751,120.2531042098999,IO -> PLC,1.20597
1776099268.2869685,120.28432178497314,PLC -> IO,1.644252
1776099268.3197494,120.31710267066956,IO -> PLC,1.60787
1776099268.3509712,120.34832453727722,PLC -> IO,1.482612
1776099268.383748,120.38110136985779,IO -> PLC,1.73936
1776099268.4149737,120.41232705116272,PLC -> IO,1.524022
1776099268.4477465,120.44509983062744,IO -> PLC,2.68905
1776099268.4789762,120.47632956504822,PLC -> IO,1.220052
1776099268.511744,120.50909733772278,IO -> PLC,1.14455
1776099268.542979,120.5403323173523,PLC -> IO,1.181852
1776099268.5757427,120.57309603691101,IO -> PLC,1.29956
1776099268.6069815,120.6043348312378,PLC -> IO,1.172862
1776099268.6397414,120.63709473609924,IO -> PLC,1.48034
1776099268.670984,120.66833734512329,PLC -> IO,1.345552
1776099268.70374,120.7010931968689,IO -> PLC,1.44613
1776099268.7349868,120.73234009742737,PLC -> IO,1.584802
1776099268.7677386,120.76509189605713,IO -> PLC,2.58439
1776099268.7989893,120.79634261131287,PLC -> IO,1.675162
1776099268.831737,120.82909035682678,IO -> PLC,2.74973
1776099268.8629918,120.86034512519836,PLC -> IO,1.263512
1776099268.8957357,120.89308905601501,IO -> PLC,1.2069
1776099268.9269946,120.92434787750244,PLC -> IO,1.279472
1776099268.9597332,120.95708656311035,IO -> PLC,0.99958
1776099268.990997,120.98835039138794,PLC -> IO,1.208622
1776099269.0237317,121.02108502388,IO -> PLC,3.4415
1776099269.0549996,121.05235290527344,PLC -> IO,2.409592
1776099269.0877304,121.08508372306824,IO -> PLC,1.71843
1776099269.1190023,121.11635565757751,PLC -> IO,1.626962
1776099269.151729,121.14908242225647,IO -> PLC,2.83307
1776099269.1830049,121.18035817146301,PLC -> IO,1.514832
1776099269.2157276,121.21308088302612,IO -> PLC,2.64207
1776099269.2470076,121.24436092376709,PLC -> IO,1.481752
1776099269.2797263,121.27707958221436,IO -> PLC,1.66976
1776099269.3110101,121.30836343765259,PLC -> IO,1.255792
1776099269.3437247,121.34107804298401,IO -> PLC,1.26586
1776099269.3750126,121.37236595153809,PLC -> IO,1.411032
1776099269.4077222,121.40507555007935,IO -> PLC,1.44752
1776099269.4390154,121.43636870384216,PLC -> IO,1.257142
1776099269.471721,121.46907424926758,IO -> PLC,1.22684
1776099269.503018,121.50037121772766,PLC -> IO,1.431282
1776099269.5357194,121.53307271003723,IO -> PLC,2.34165
1776099269.5670204,121.56437373161316,PLC -> IO,1.504042
1776099269.599718,121.59707140922546,IO -> PLC,1.78502
1776099269.6310232,121.62837648391724,PLC -> IO,1.364712
1776099269.6637168,121.6610701084137,IO -> PLC,0.98159
1776099269.6950257,121.69237899780273,PLC -> IO,1.295962
1776099269.7277153,121.72506856918335,IO -> PLC,1.33038
1776099269.7590282,121.75638151168823,PLC -> IO,1.319522
1776099269.791714,121.78906726837158,IO -> PLC,1.31042
1776099269.823031,121.82038426399231,PLC -> IO,1.374682
1776099269.8557124,121.85306572914124,IO -> PLC,1.29343
1776099269.8870335,121.88438677787781,PLC -> IO,1.533282
1776099269.91971,121.91706323623657,IO -> PLC,3.73743
1776099269.951036,121.9483892917633,PLC -> IO,1.581732
1776099269.9837086,121.9810619354248,IO -> PLC,2.41781
1776099270.0150387,122.01239204406738,PLC -> IO,1.919942
1776099270.047707,122.04506039619446,IO -> PLC,3.52238
1776099270.0790412,122.07639455795288,PLC -> IO,1.211472
1776099270.1117058,122.10905909538269,IO -> PLC,1.22696
1776099270.1430438,122.14039707183838,PLC -> IO,1.136802
1776099270.1757045,122.17305779457092,IO -> PLC,1.77111
1776099270.2070465,122.20439982414246,PLC -> IO,1.307812
1776099270.239703,122.23705625534058,IO -> PLC,1.56195
1776099270.271049,122.26840233802795,PLC -> IO,1.311772
1776099270.3037016,122.30105495452881,IO -> PLC,0.77172
1776099270.3350515,122.33240485191345,PLC -> IO,1.501112
1776099270.3676991,122.36505246162415,IO -> PLC,2.47625
1776099270.3990543,122.39640760421753,PLC -> IO,1.491072
1776099270.4316976,122.4290509223938,IO -> PLC,2.45421
1776099270.4630568,122.46041011810303,PLC -> IO,1.223992
1776099270.4956963,122.49304962158203,IO -> PLC,1.27508
1776099270.5270596,122.5244128704071,PLC -> IO,1.267002
1776099270.5596948,122.55704808235168,IO -> PLC,1.84507
1776099270.591062,122.5884153842926,PLC -> IO,1.478722
1776099270.6236935,122.62104678153992,IO -> PLC,1.64783
1776099270.6550646,122.6524178981781,PLC -> IO,1.668612
1776099270.6876922,122.68504548072815,IO -> PLC,1.24369
1776099270.7190673,122.71642065048218,PLC -> IO,1.630092
1776099270.7516906,122.7490439414978,IO -> PLC,2.37595
1776099270.7830698,122.78042316436768,PLC -> IO,1.690872
1776099270.8156881,122.81304144859314,IO -> PLC,2.23727
1776099270.8470724,122.84442567825317,PLC -> IO,1.336732
1776099270.8796868,122.87704014778137,IO -> PLC,0.99054
1776099270.911075,122.90842843055725,PLC -> IO,1.262612
1776099270.9436853,122.94103860855103,IO -> PLC,0.64889
1776099270.9750776,122.97243094444275,PLC -> IO,1.325772
1776099271.007684,123.00503730773926,IO -> PLC,1.33952
1776099271.0390801,123.03643345832825,PLC -> IO,4.006302
1776099271.0716825,123.06903576850891,IO -> PLC,4.76652
1776099271.103083,123.10043621063232,PLC -> IO,1.389532
1776099271.1356812,123.13303446769714,IO -> PLC,2.82248
1776099271.1670854,123.16443872451782,PLC -> IO,1.554622
1776099271.1996799,123.19703316688538,IO -> PLC,3.16286
1776099271.231088,123.22844123840332,PLC -> IO,1.554652
1776099271.2636783,123.26103162765503,IO -> PLC,1.46451
1776099271.2950907,123.2924439907074,PLC -> IO,1.293472
1776099271.3276758,123.32502913475037,IO -> PLC,1.23559
1776099271.3590932,123.3564465045929,PLC -> IO,1.303762
1776099271.3916745,123.3890278339386,IO -> PLC,2.33905
1776099271.4230957,123.4204490184784,PLC -> IO,1.370042
1776099271.455673,123.45302629470825,IO -> PLC,1.20392
1776099271.4870985,123.48445177078247,PLC -> IO,1.566092
1776099271.5196717,123.51702499389648,IO -> PLC,2.89203
1776099271.551101,123.54845428466797,PLC -> IO,1.612692
1776099271.5836701,123.58102345466614,IO -> PLC,1.9198
1776099271.6151035,123.61245679855347,PLC -> IO,1.549372
1776099271.6476688,123.64502215385437,IO -> PLC,3.2279
1776099271.6791062,123.67645955085754,PLC -> IO,1.140752
1776099271.7116675,123.7090208530426,IO -> PLC,1.30226
1776099271.7431087,123.74046206474304,PLC -> IO,1.297932
1776099271.775665,123.77301836013794,IO -> PLC,1.47176
1776099271.8071113,123.80446457862854,PLC -> IO,1.474782
1776099271.8396635,123.83701682090759,IO -> PLC,2.21976
1776099271.871114,123.86846733093262,PLC -> IO,1.311292
1776099271.9036622,123.90101552009583,IO -> PLC,0.88294
1776099271.9351165,123.93246984481812,PLC -> IO,1.461102
1776099271.9676607,123.96501398086548,IO -> PLC,2.35402
1776099271.9991193,123.99647259712219,PLC -> IO,1.662502
1776099272.0316594,124.02901268005371,IO -> PLC,3.28833
1776099272.0631218,124.06047511100769,PLC -> IO,1.193812
1776099272.0956578,124.09301114082336,IO -> PLC,1.19269
1776099272.1271243,124.12447762489319,PLC -> IO,1.167372
1776099272.1596565,124.1570098400116,IO -> PLC,1.17569
1776099272.191127,124.18848037719727,PLC -> IO,1.145412
1776099272.223654,124.22100734710693,IO -> PLC,1.716
1776099272.2551296,124.25248289108276,PLC -> IO,1.715872
1776099272.2876527,124.28500604629517,IO -> PLC,0.94225
1776099272.319132,124.31648540496826,PLC -> IO,1.828172
1776099272.3516512,124.34900450706482,IO -> PLC,0.77077
1776099272.3831348,124.38048815727234,PLC -> IO,1.742122
1776099272.41565,124.41300320625305,IO -> PLC,3.75831
1776099272.4471374,124.44449067115784,PLC -> IO,1.236222
1776099272.4796484,124.4770016670227,IO -> PLC,1.4569
1776099272.5111399,124.50849318504333,PLC -> IO,1.246122
1776099272.543647,124.54100036621094,IO -> PLC,1.61407
1776099272.5751426,124.57249593734741,PLC -> IO,1.391602
1776099272.6076455,124.60499882698059,IO -> PLC,1.22657
1776099272.6391451,124.63649845123291,PLC -> IO,1.237482
1776099272.6716433,124.6689965724945,IO -> PLC,1.02733
1776099272.7031476,124.70050096511841,PLC -> IO,1.292652
1776099272.7356417,124.73299503326416,IO -> PLC,2.51904
1776099272.7671504,124.76450371742249,PLC -> IO,1.372532
1776099272.7996404,124.79699373245239,IO -> PLC,2.49477
1776099272.831153,124.82850623130798,PLC -> IO,1.530252
1776099272.8636389,124.86099219322205,IO -> PLC,1.15283
1776099272.8951554,124.89250874519348,PLC -> IO,1.322212
1776099272.9276376,124.92499089241028,IO -> PLC,1.32336
1776099272.9591582,124.95651149749756,PLC -> IO,1.392022
1776099272.991636,124.98898935317993,IO -> PLC,2.43282
1776099273.0231607,125.02051401138306,PLC -> IO,1.515902
1776099273.0556347,125.05298805236816,IO -> PLC,1.58947
1776099273.0871632,125.08451652526855,PLC -> IO,1.642992
1776099273.1196332,125.11698651313782,IO -> PLC,1.6864
1776099273.151166,125.14851927757263,PLC -> IO,1.522062
1776099273.183631,125.18098425865173,IO -> PLC,2.3688
1776099273.2151685,125.21252179145813,PLC -> IO,1.561472
1776099273.2476294,125.24498271942139,IO -> PLC,3.11375
1776099273.279171,125.27652430534363,PLC -> IO,1.187102
1776099273.311628,125.30898141860962,IO -> PLC,1.20651
1776099273.3431737,125.3405270576477,PLC -> IO,1.303942
1776099273.3756266,125.37297987937927,IO -> PLC,4.79736
1776099273.4071763,125.4045295715332,PLC -> IO,1.323412
1776099273.4396253,125.4369785785675,IO -> PLC,1.54126
1776099273.4711788,125.4685320854187,PLC -> IO,1.304582
1776099273.5036237,125.50097703933716,IO -> PLC,0.77295
1776099273.5351815,125.53253483772278,PLC -> IO,1.437422
1776099273.5676224,125.56497573852539,IO -> PLC,0.80211
1776099273.599184,125.59653735160828,PLC -> IO,1.685142
1776099273.63162,125.62897324562073,IO -> PLC,3.20587
1776099273.6631868,125.66054010391235,PLC -> IO,1.224292
1776099273.6956186,125.69297194480896,IO -> PLC,1.46968
1776099273.7271893,125.72454261779785,PLC -> IO,1.200162
1776099273.759617,125.75697040557861,IO -> PLC,1.07403
1776099273.7911918,125.78854513168335,PLC -> IO,1.187572
1776099273.8236158,125.82096910476685,IO -> PLC,1.42456
1776099273.8551946,125.85254788398743,PLC -> IO,1.613702
1776099273.8876143,125.8849675655365,IO -> PLC,1.59421
1776099273.919197,125.91655039787292,PLC -> IO,1.698632
1776099273.951613,125.94896626472473,IO -> PLC,3.09385
1776099273.9831996,125.98055291175842,PLC -> IO,1.724272
1776099274.0156114,126.01296472549438,IO -> PLC,4.53012
1776099274.0472023,126.0445556640625,PLC -> IO,1.264862
1776099274.0796092,126.0769624710083,IO -> PLC,1.16449
1776099274.1112049,126.108558177948,PLC -> IO,1.247952
1776099274.1436076,126.14096093177795,IO -> PLC,0.7606
1776099274.1752074,126.1725606918335,PLC -> IO,1.492082
1776099274.2076063,126.20495963096619,IO -> PLC,1.68893
1776099274.2392101,126.23656344413757,PLC -> IO,1.265072
1776099274.2716048,126.26895809173584,IO -> PLC,1.66897
1776099274.3032126,126.30056595802307,PLC -> IO,1.324312
1776099274.3356035,126.33295679092407,IO -> PLC,2.23072
1776099274.3672152,126.36456847190857,PLC -> IO,1.523812
1776099274.399602,126.39695525169373,IO -> PLC,2.59359
1776099274.431218,126.42857122421265,PLC -> IO,1.491932
1776099274.4636006,126.46095395088196,IO -> PLC,1.22901
1776099274.4952204,126.49257373809814,PLC -> IO,1.303312
1776099274.527599,126.52495241165161,IO -> PLC,1.22649
1776099274.559223,126.55657625198364,PLC -> IO,1.233282
1776099274.5915968,126.58895015716553,IO -> PLC,1.7636
1776099274.6232257,126.62057900428772,PLC -> IO,1.338602
1776099274.6555953,126.65294861793518,IO -> PLC,1.36579
1776099274.6872282,126.68458151817322,PLC -> IO,1.543682
1776099274.719594,126.71694731712341,IO -> PLC,1.96738
1776099274.7512307,126.74858403205872,PLC -> IO,1.542932
1776099274.7835925,126.78094577789307,IO -> PLC,1.38228
1776099274.8152335,126.8125867843628,PLC -> IO,1.634812
1776099274.8475912,126.8449444770813,IO -> PLC,3.60795
1776099274.879236,126.87658929824829,PLC -> IO,1.323242
1776099274.9115896,126.90894293785095,IO -> PLC,1.29421
1776099274.9432385,126.94059181213379,PLC -> IO,1.275682
1776099274.9755883,126.97294163703918,IO -> PLC,1.82308
1776099275.0072412,127.00459456443787,PLC -> IO,1.284762
1776099275.0395858,127.03693914413452,IO -> PLC,2.93877
1776099275.0712438,127.06859707832336,PLC -> IO,1.745382
1776099275.1035845,127.10093784332275,IO -> PLC,2.19487
1776099275.1352465,127.13259983062744,PLC -> IO,1.505652
1776099275.167583,127.16493630409241,IO -> PLC,2.54965
1776099275.199249,127.19660234451294,PLC -> IO,1.476332
1776099275.2315817,127.22893500328064,IO -> PLC,2.29936
1776099275.2632515,127.26060485839844,PLC -> IO,1.850712
1776099275.2955801,127.2929334640503,IO -> PLC,1.17951
1776099275.3272543,127.32460761070251,PLC -> IO,1.229532
1776099275.3595788,127.35693216323853,IO -> PLC,1.71558
1776099275.3912568,127.38861012458801,PLC -> IO,1.454452
1776099275.4235773,127.42093062400818,IO -> PLC,2.08156
1776099275.4552593,127.45261263847351,PLC -> IO,1.331692
1776099275.487575,127.4849283695221,IO -> PLC,0.72539
1776099275.519262,127.51661539077759,PLC -> IO,1.661262
1776099275.5515735,127.54892683029175,IO -> PLC,1.55747
1776099275.5832646,127.58061790466309,PLC -> IO,1.511382
1776099275.6155722,127.61292552947998,IO -> PLC,3.9357
1776099275.647267,127.64462041854858,PLC -> IO,1.256862
1776099275.6795707,127.67692399024963,IO -> PLC,1.24307
1776099275.7112699,127.70862317085266,PLC -> IO,1.263132
1776099275.7435694,127.74092268943787,IO -> PLC,1.60793
1776099275.7752724,127.77262568473816,PLC -> IO,1.302382
1776099275.8075678,127.80492115020752,IO -> PLC,1.57886
1776099275.839275,127.83662819862366,PLC -> IO,1.169372
1776099275.8715665,127.86891984939575,IO -> PLC,1.95212
1776099275.9032776,127.90063095092773,PLC -> IO,1.449342
1776099275.935564,127.93291735649109,IO -> PLC,2.49123
1776099275.9672801,127.96463346481323,PLC -> IO,1.691482
1776099275.9995627,127.99691605567932,IO -> PLC,3.44012
1776099276.0312827,128.02863597869873,PLC -> IO,1.623282
1776099276.0635612,128.06091451644897,IO -> PLC,1.32287
1776099276.0952854,128.0926387310028,PLC -> IO,1.251712
1776099276.12756,128.1249132156372,IO -> PLC,1.29066
1776099276.159288,128.1566412448883,PLC -> IO,1.452792
1776099276.1915584,128.18891167640686,IO -> PLC,1.47016
1776099276.2232904,128.2206437587738,PLC -> IO,1.306102
1776099276.255557,128.2529103755951,IO -> PLC,1.44524
1776099276.2872932,128.28464651107788,PLC -> IO,1.918012
1776099276.3195555,128.31690883636475,IO -> PLC,0.58869
1776099276.3512957,128.34864902496338,PLC -> IO,1.400832
1776099276.3835542,128.38090753555298,IO -> PLC,2.36794
1776099276.4152982,128.41265153884888,PLC -> IO,1.463992
1776099276.4475517,128.44490504264832,IO -> PLC,0.57238
1776099276.479301,128.47665429115295,PLC -> IO,1.309792
1776099276.5115504,128.50890374183655,IO -> PLC,1.00493
1776099276.5433035,128.54065680503845,PLC -> IO,1.300632
1776099276.575549,128.5729022026062,IO -> PLC,2.11438
1776099276.607306,128.60465931892395,PLC -> IO,1.403082
1776099276.6395476,128.63690090179443,IO -> PLC,2.28292
1776099276.6713088,128.66866207122803,PLC -> IO,1.237282
1776099276.703546,128.7008993625641,IO -> PLC,0.94386
1776099276.7353113,128.73266458511353,PLC -> IO,1.503002
1776099276.7675447,128.76489806175232,IO -> PLC,2.82567
1776099276.7993138,128.79666709899902,PLC -> IO,1.426882
1776099276.8315432,128.82889652252197,IO -> PLC,1.08652
1776099276.8633165,128.8606698513031,PLC -> IO,1.179152
1776099276.895541,128.8928942680359,IO -> PLC,1.24545
1776099276.927319,128.9246723651886,PLC -> IO,1.135832
1776099276.9595394,128.95689272880554,IO -> PLC,1.63424
1776099276.9913218,128.98867511749268,PLC -> IO,1.263652
1776099277.023538,129.02089142799377,IO -> PLC,1.78413
1776099277.0553243,129.05267763137817,PLC -> IO,2.497812
1776099277.0875366,129.08488988876343,IO -> PLC,0.80989
1776099277.1193268,129.11668014526367,PLC -> IO,1.850152
1776099277.1515353,129.14888858795166,IO -> PLC,0.85145
1776099277.1833296,129.18068289756775,PLC -> IO,1.589462
1776099277.2155337,129.2128870487213,IO -> PLC,4.00484
1776099277.247332,129.24468541145325,PLC -> IO,1.261492
1776099277.2795324,129.27688574790955,IO -> PLC,2.10984
1776099277.3113346,129.30868792533875,PLC -> IO,1.204812
1776099277.343531,129.3408842086792,IO -> PLC,0.75158
1776099277.3753374,129.37269067764282,PLC -> IO,1.242532
1776099277.4075286,129.40488195419312,IO -> PLC,1.09516
1776099277.4393399,129.43669319152832,PLC -> IO,1.144662
1776099277.471527,129.46888041496277,IO -> PLC,1.08729
1776099277.5033424,129.50069570541382,PLC -> IO,1.414142
1776099277.5355258,129.532879114151,IO -> PLC,2.40675
1776099277.5673451,129.5646984577179,PLC -> IO,1.500032
1776099277.5995243,129.59687757492065,IO -> PLC,3.53069
1776099277.6313477,129.6287009716034,PLC -> IO,1.538392
1776099277.663523,129.6608762741089,IO -> PLC,1.21807
1776099277.6953502,129.6927034854889,PLC -> IO,1.216742
1776099277.7275214,129.72487473487854,IO -> PLC,1.203
1776099277.759353,129.75670623779297,PLC -> IO,1.368632
1776099277.79152,129.78887343406677,IO -> PLC,2.11916
1776099277.8233554,129.82070875167847,PLC -> IO,1.398342
1776099277.8555176,129.8528709411621,IO -> PLC,1.35253
1776099277.887358,129.88471126556396,PLC -> IO,1.481352
1776099277.9195163,129.91686964035034,IO -> PLC,3.24035
1776099277.9513607,129.94871401786804,PLC -> IO,1.353072
1776099277.9835148,129.98086810112,IO -> PLC,0.78732
1776099278.0153632,130.01271653175354,PLC -> IO,2.002012
1776099278.0475135,130.04486680030823,IO -> PLC,1.5138
1776099278.0793657,130.07671904563904,PLC -> IO,1.515642
1776099278.111512,130.10886526107788,IO -> PLC,1.45928
1776099278.1433685,130.14072179794312,PLC -> IO,1.211432
1776099278.1755106,130.1728639602661,IO -> PLC,0.85754
1776099278.207371,130.2047243118286,PLC -> IO,1.245072
1776099278.239509,130.23686242103577,IO -> PLC,1.9926
1776099278.2713735,130.2687268257141,PLC -> IO,1.226712
1776099278.3035066,130.3008599281311,IO -> PLC,1.41045
1776099278.3353763,130.3327295780182,PLC -> IO,1.416272
1776099278.3675053,130.36485862731934,IO -> PLC,1.0628
1776099278.3993788,130.3967320919037,PLC -> IO,1.565212
1776099278.431504,130.42885732650757,IO -> PLC,3.65304
1776099278.4633813,130.46073460578918,PLC -> IO,1.214362
1776099278.4955025,130.49285578727722,IO -> PLC,1.34554
1776099278.527384,130.52473735809326,PLC -> IO,1.321282
1776099278.5595012,130.55685448646545,IO -> PLC,1.50991
1776099278.5913866,130.58873987197876,PLC -> IO,1.281562
1776099278.6234996,130.6208529472351,IO -> PLC,1.70093
1776099278.655389,130.65274238586426,PLC -> IO,1.260472
1776099278.6874983,130.68485164642334,IO -> PLC,1.10223
1776099278.7193918,130.71674513816833,PLC -> IO,1.651172
1776099278.7514958,130.74884915351868,IO -> PLC,2.79755
1776099278.7833943,130.78074765205383,PLC -> IO,1.585052
1776099278.8154943,130.81284761428833,IO -> PLC,3.729
1776099278.847397,130.8447504043579,PLC -> IO,1.231002
1776099278.879493,130.87684631347656,IO -> PLC,1.24509
1776099278.9113996,130.9087529182434,PLC -> IO,1.210162
1776099278.9434917,130.9408450126648,IO -> PLC,0.84416
1776099278.975402,130.9727554321289,PLC -> IO,1.304682
1776099279.0074902,131.00484347343445,IO -> PLC,1.37727
1776099279.0394049,131.03675818443298,PLC -> IO,4.328762
1776099279.0714889,131.06884217262268,IO -> PLC,5.64375
1776099279.1034074,131.10076069831848,PLC -> IO,1.500532
1776099279.1354873,131.13284063339233,IO -> PLC,2.66766
1776099279.16741,131.16476321220398,PLC -> IO,1.516732
1776099279.199486,131.19683933258057,IO -> PLC,2.83907
1776099279.2314126,131.22876596450806,PLC -> IO,1.543732
1776099279.2634835,131.2608368396759,IO -> PLC,1.30033
1776099279.2954152,131.29276847839355,PLC -> IO,1.237202
1776099279.327482,131.32483530044556,IO -> PLC,2.03425
1776099279.3594177,131.35677099227905,PLC -> IO,1.212772
1776099279.3914807,131.3888339996338,IO -> PLC,2.688
1776099279.4234204,131.42077374458313,PLC -> IO,1.299612
1776099279.4554794,131.45283269882202,IO -> PLC,1.6164
1776099279.487423,131.48477625846863,PLC -> IO,1.475502
1776099279.5194778,131.51683115959167,IO -> PLC,0.74552
1776099279.5514255,131.54877877235413,PLC -> IO,1.655632
1776099279.5834765,131.5808298587799,IO -> PLC,1.81402
1776099279.6154282,131.6127815246582,PLC -> IO,1.778232
1776099279.647475,131.64482831954956,IO -> PLC,4.4125
1776099279.6794307,131.6767840385437,PLC -> IO,1.294982
1776099279.7114725,131.7088258266449,IO -> PLC,1.17616
1776099279.7434332,131.7407865524292,PLC -> IO,1.251582
1776099279.7754712,131.77282452583313,IO -> PLC,1.1386
1776099279.807436,131.80478930473328,PLC -> IO,1.284022
1776099279.8394697,131.83682298660278,IO -> PLC,1.13409
1776099279.8714385,131.86879181861877,PLC -> IO,1.235982
1776099279.9034684,131.90082168579102,IO -> PLC,1.50111
1776099279.935441,131.93279433250427,PLC -> IO,1.491632
1776099279.967467,131.96482038497925,IO -> PLC,2.80642
1776099279.9994438,131.99679708480835,PLC -> IO,1.386712
1776099280.0314655,132.0288188457489,IO -> PLC,0.92982
1776099280.0634463,132.06079959869385,PLC -> IO,1.412992
1776099280.0954642,132.09281754493713,IO -> PLC,2.36904
1776099280.1274488,132.12480211257935,PLC -> IO,1.317032
1776099280.1594617,132.15681505203247,IO -> PLC,1.97315
1776099280.1914515,132.18880486488342,PLC -> IO,1.430432
1776099280.2234602,132.22081351280212,IO -> PLC,2.53402
1776099280.255454,132.25280737876892,PLC -> IO,1.468232
1776099280.287459,132.28481221199036,IO -> PLC,1.76019
1776099280.3194566,132.31680989265442,PLC -> IO,1.627562
1776099280.3514574,132.34881067276,IO -> PLC,1.66567
1776099280.3834593,132.3808126449585,PLC -> IO,1.424872
1776099280.415456,132.41280937194824,IO -> PLC,4.37576
1776099280.4474618,132.444815158844,PLC -> IO,1.267552
1776099280.4794548,132.47680807113647,IO -> PLC,1.32142
1776099280.5114644,132.5088176727295,PLC -> IO,1.155982
1776099280.5434532,132.54080653190613,IO -> PLC,0.91857
1776099280.575467,132.57282042503357,PLC -> IO,1.337242
1776099280.607452,132.60480523109436,IO -> PLC,1.27639
1776099280.6394696,132.63682293891907,PLC -> IO,1.313682
1776099280.6714494,132.6688027381897,IO -> PLC,1.63429
1776099280.7034721,132.70082545280457,PLC -> IO,1.415092
1776099280.735448,132.73280119895935,IO -> PLC,2.36813
1776099280.767475,132.76482820510864,PLC -> IO,1.630172
1776099280.7994466,132.79679989814758,IO -> PLC,1.65687
1776099280.8314774,132.82883071899414,PLC -> IO,1.603012
1776099280.863445,132.86079835891724,IO -> PLC,1.37578
1776099280.8954802,132.89283347129822,PLC -> IO,1.279762
1776099280.9274437,132.92479705810547,IO -> PLC,1.37622
1776099280.9594827,132.95683598518372,PLC -> IO,1.217322
1776099280.9914424,132.9887957572937,IO -> PLC,1.35003
1776099281.0234852,133.0208384990692,PLC -> IO,1.266092
1776099281.055441,133.05279421806335,IO -> PLC,5.9822
1776099281.087488,133.0848412513733,PLC -> IO,1.646062
1776099281.1194384,133.1167917251587,IO -> PLC,1.42284
1776099281.1514904,133.1488437652588,PLC -> IO,1.602912
1776099281.183437,133.18079042434692,IO -> PLC,2.63886
1776099281.215493,133.2128462791443,PLC -> IO,1.595902
1776099281.2474356,133.24478888511658,IO -> PLC,2.58235
1776099281.2794957,133.27684903144836,PLC -> IO,1.259122
1776099281.3114343,133.3087875843048,IO -> PLC,1.4489
1776099281.3434982,133.34085154533386,PLC -> IO,1.224372
1776099281.3754327,133.37278604507446,IO -> PLC,5.64186
1776099281.4075007,133.40485405921936,PLC -> IO,1.329612
1776099281.4394314,133.4367847442627,IO -> PLC,2.1791
1776099281.4715035,133.46885681152344,PLC -> IO,1.178052
1776099281.5034301,133.50078344345093,IO -> PLC,1.6032
1776099281.535506,133.53285932540894,PLC -> IO,1.416172
1776099281.5674276,133.56478095054626,IO -> PLC,2.88883
1776099281.5995085,133.59686183929443,PLC -> IO,1.639182
1776099281.631426,133.62877941131592,IO -> PLC,0.58429
1776099281.6635113,133.6608645915985,PLC -> IO,1.332892
1776099281.6954248,133.69277811050415,IO -> PLC,1.5175
1776099281.7275138,133.724867105484,PLC -> IO,1.297012
1776099281.7594233,133.7567765712738,IO -> PLC,1.31241
1776099281.7915163,133.7888696193695,PLC -> IO,1.295772
1776099281.823422,133.82077527046204,IO -> PLC,1.66511
1776099281.855519,133.85287237167358,PLC -> IO,1.606862
1776099281.8874204,133.8847737312317,IO -> PLC,1.64412
1776099281.9195216,133.91687488555908,PLC -> IO,1.748752
1776099281.951419,133.94877243041992,IO -> PLC,0.92061
1776099281.983524,133.98087739944458,PLC -> IO,1.654942
1776099282.0154166,134.01276993751526,IO -> PLC,3.22228
1776099282.0475268,134.04488015174866,PLC -> IO,1.308822
1776099282.0794153,134.0767686367035,IO -> PLC,1.21455
1776099282.1115294,134.10888266563416,PLC -> IO,1.310772
1776099282.1434138,134.14076709747314,IO -> PLC,1.39333
1776099282.1755319,134.17288517951965,PLC -> IO,1.372182
1776099282.2074125,134.20476579666138,IO -> PLC,1.55146
1776099282.2395346,134.23688793182373,PLC -> IO,1.308452
1776099282.271411,134.26876425743103,IO -> PLC,1.52326
1776099282.3035371,134.30089044570923,PLC -> IO,1.389292
1776099282.3354096,134.33276295661926,IO -> PLC,2.82729
1776099282.3675396,134.36489295959473,PLC -> IO,1.486132
1776099282.399408,134.39676141738892,IO -> PLC,2.06818
1776099282.4315424,134.4288957118988,PLC -> IO,1.512412
1776099282.4634068,134.46076011657715,IO -> PLC,1.28715
1776099282.495545,134.4928982257843,PLC -> IO,1.195652
1776099282.5274043,134.52475762367249,IO -> PLC,1.26719
1776099282.5595474,134.5569007396698,PLC -> IO,1.265292
1776099282.591403,134.58875632286072,IO -> PLC,2.57026
1776099282.6235502,134.62090349197388,PLC -> IO,1.408062
1776099282.6554015,134.65275478363037,IO -> PLC,4.46015
1776099282.6875527,134.68490600585938,PLC -> IO,1.623222
1776099282.7194002,134.7167534828186,IO -> PLC,3.87497
1776099282.7515552,134.74890851974487,PLC -> IO,1.525662
1776099282.7833986,134.78075194358826,IO -> PLC,3.46795
1776099282.815558,134.81291127204895,PLC -> IO,1.758902
1776099282.8473973,134.8447506427765,IO -> PLC,1.95601
1776099282.8795605,134.87691378593445,PLC -> IO,1.226132
1776099282.9113958,134.90874910354614,IO -> PLC,1.35035
1776099282.943563,134.94091629981995,PLC -> IO,1.207932
1776099282.9753933,134.97274661064148,IO -> PLC,1.12846
1776099283.0075657,135.00491905212402,PLC -> IO,1.177332
1776099283.039392,135.0367453098297,IO -> PLC,2.95275
1776099283.0715683,135.06892156600952,PLC -> IO,1.563312
1776099283.1033905,135.10074377059937,IO -> PLC,2.04716
1776099283.135571,135.1329243183136,PLC -> IO,1.440942
1776099283.1673892,135.1647424697876,IO -> PLC,1.31869
1776099283.1995735,135.1969268321991,PLC -> IO,1.685002
1776099283.2313879,135.22874116897583,IO -> PLC,3.70484
1776099283.263576,135.2609293460846,PLC -> IO,1.308862
1776099283.2953863,135.29273962974548,IO -> PLC,1.21909
1776099283.3275788,135.32493209838867,PLC -> IO,1.298752
1776099283.359385,135.35673832893372,IO -> PLC,2.16686
1776099283.3915813,135.38893461227417,PLC -> IO,1.265902
1776099283.4233825,135.42073583602905,IO -> PLC,2.31075
1776099283.4555838,135.45293712615967,PLC -> IO,1.206502
1776099283.487381,135.4847342967987,IO -> PLC,1.17363
1776099283.5195866,135.51693987846375,PLC -> IO,1.618232
1776099283.5513797,135.54873299598694,IO -> PLC,2.68246
1776099283.583589,135.58094239234924,PLC -> IO,1.362272
1776099283.6153781,135.6127314567566,IO -> PLC,3.58927
1776099283.6475916,135.64494490623474,PLC -> IO,1.212862
1776099283.6793768,135.67673015594482,IO -> PLC,1.30001
1776099283.7115943,135.70894765853882,PLC -> IO,1.348432
1776099283.7433755,135.74072885513306,IO -> PLC,1.46438
1776099283.7755969,135.77295017242432,PLC -> IO,1.378312
1776099283.807374,135.8047273159027,IO -> PLC,1.8366
1776099283.8395994,135.83695268630981,PLC -> IO,1.399062
1776099283.8713727,135.86872601509094,IO -> PLC,0.8582
1776099283.9036021,135.9009554386139,PLC -> IO,1.397992
1776099283.9353702,135.93272352218628,IO -> PLC,2.74906
1776099283.9676046,135.9649579524994,PLC -> IO,1.451472
1776099283.9993687,135.99672198295593,IO -> PLC,1.97851
1776099284.0316072,136.0289604663849,PLC -> IO,1.462792
1776099284.0633674,136.06072068214417,IO -> PLC,1.57037
1776099284.09561,136.09296321868896,PLC -> IO,1.192822
1776099284.1273658,136.12471914291382,IO -> PLC,1.53923
1776099284.1596124,136.15696573257446,PLC -> IO,1.144392
1776099284.1913645,136.18871784210205,IO -> PLC,1.53551
1776099284.223615,136.22096824645996,PLC -> IO,1.426282
1776099284.2553632,136.25271654129028,IO -> PLC,1.88533
1776099284.2876177,136.28497099876404,PLC -> IO,2.356042
1776099284.3193617,136.31671500205994,IO -> PLC,1.59312
1776099284.3516202,136.34897351264954,PLC -> IO,1.496362
1776099284.3833592,136.38071250915527,IO -> PLC,1.32004
1776099284.4156227,136.41297602653503,PLC -> IO,2.560202
1776099284.447358,136.4447112083435,IO -> PLC,4.66191
1776099284.4796255,136.4769787788391,PLC -> IO,1.445242
1776099284.5113564,136.50870966911316,IO -> PLC,1.42965
1776099284.543628,136.5409812927246,PLC -> IO,1.195272
1776099284.575355,136.5727083683014,IO -> PLC,1.22945
1776099284.6076305,136.6049838066101,PLC -> IO,1.191152
1776099284.6393535,136.63670682907104,IO -> PLC,1.21149
1776099284.6716332,136.66898655891418,PLC -> IO,1.168072
1776099284.7033522,136.70070552825928,IO -> PLC,2.12038
1776099284.7356358,136.73298907279968,PLC -> IO,1.571872
1776099284.767351,136.7647042274475,IO -> PLC,1.92521
1776099284.7996383,136.79699158668518,PLC -> IO,1.549362
1776099284.8313484,136.82870173454285,IO -> PLC,3.23764
1776099284.863641,136.86099433898926,PLC -> IO,1.468762
1776099284.8953469,136.8927001953125,IO -> PLC,2.24988
1776099284.9276435,136.92499685287476,PLC -> IO,1.243912
1776099284.9593456,136.95669889450073,IO -> PLC,1.30196
1776099284.991646,136.98899936676025,PLC -> IO,1.358442
1776099285.023344,137.02069735527039,IO -> PLC,1.46145
1776099285.0556488,137.05300211906433,PLC -> IO,2.101862
1776099285.0873427,137.08469605445862,IO -> PLC,1.63183
1776099285.1196513,137.11700463294983,PLC -> IO,1.710932
1776099285.1513412,137.14869451522827,IO -> PLC,1.99093
1776099285.1836538,137.18100714683533,PLC -> IO,1.364802
1776099285.21534,137.2126932144165,IO -> PLC,3.31127
1776099285.2476566,137.2450098991394,PLC -> IO,1.349652
1776099285.2793386,137.27669191360474,IO -> PLC,1.37755
1776099285.311659,137.3090124130249,PLC -> IO,1.293132
1776099285.343336,137.34068942070007,IO -> PLC,1.56544
1776099285.3756616,137.3730149269104,PLC -> IO,1.363732
1776099285.4073346,137.40468788146973,IO -> PLC,1.71325
1776099285.4396644,137.43701767921448,PLC -> IO,1.221762
1776099285.4713333,137.46868658065796,IO -> PLC,0.94166
1776099285.5036669,137.50102019309998,PLC -> IO,1.344212
1776099285.5353317,137.5326850414276,IO -> PLC,2.07776
1776099285.5676694,137.56502270698547,PLC -> IO,1.604732
1776099285.5993304,137.59668374061584,IO -> PLC,2.54335
1776099285.6316721,137.62902545928955,PLC -> IO,1.551262
1776099285.663329,137.6606822013855,IO -> PLC,0.8818
1776099285.6956747,137.69302797317505,PLC -> IO,1.116002
1776099285.7273276,137.72468090057373,IO -> PLC,1.63299
1776099285.7596772,137.75703048706055,PLC -> IO,1.306532
1776099285.791325,137.78867840766907,IO -> PLC,1.42959
1776099285.82368,137.82103323936462,PLC -> IO,1.595062
1776099285.8553238,137.8526771068573,IO -> PLC,2.3456
1776099285.8876824,137.88503575325012,PLC -> IO,1.596862
1776099285.9193223,137.91667556762695,IO -> PLC,3.85755
1776099285.9516852,137.9490385055542,PLC -> IO,1.876032
1776099285.983321,137.98067426681519,IO -> PLC,1.74343
1776099286.0156877,138.0130410194397,PLC -> IO,1.823912
1776099286.0473194,138.04467272758484,IO -> PLC,1.33762
1776099286.0796902,138.0770435333252,PLC -> IO,1.738192
1776099286.111318,138.10867142677307,IO -> PLC,1.32982
1776099286.143693,138.14104628562927,PLC -> IO,1.203822
1776099286.1753166,138.17266988754272,IO -> PLC,2.4528
1776099286.2076955,138.20504879951477,PLC -> IO,1.293622
1776099286.2393143,138.23666763305664,IO -> PLC,1.48848
1776099286.271698,138.26905131340027,PLC -> IO,1.336312
1776099286.3033128,138.3006660938263,IO -> PLC,1.36412
1776099286.3357008,138.33305406570435,PLC -> IO,2.057252
1776099286.3673115,138.36466479301453,IO -> PLC,0.9183
1776099286.3997033,138.39705657958984,PLC -> IO,1.496722
1776099286.43131,138.42866325378418,IO -> PLC,2.94212
1776099286.4637058,138.46105909347534,PLC -> IO,1.302352
1776099286.4953086,138.4926619529724,IO -> PLC,1.21008
1776099286.5277085,138.52506184577942,PLC -> IO,1.219512
1776099286.559307,138.55666041374207,IO -> PLC,1.17693
1776099286.591711,138.58906435966492,PLC -> IO,1.172742
1776099286.6233058,138.6206591129303,IO -> PLC,2.32614
1776099286.6557136,138.65306687355042,PLC -> IO,1.221512
1776099286.6873043,138.68465757369995,IO -> PLC,2.65748
1776099286.7197163,138.7170696258545,PLC -> IO,1.572922
1776099286.751302,138.74865531921387,IO -> PLC,2.8557
1776099286.7837188,138.78107213974,PLC -> IO,1.725932
1776099286.8153005,138.81265377998352,IO -> PLC,2.75582
1776099286.8477213,138.8450746536255,PLC -> IO,1.452362
1776099286.8792992,138.87665247917175,IO -> PLC,1.47012
1776099286.911724,138.90907740592957,PLC -> IO,1.243512
1776099286.9432976,138.9406509399414,IO -> PLC,1.26904
1776099286.9757266,138.97307991981506,PLC -> IO,1.334432
1776099287.0072963,139.00464963912964,IO -> PLC,2.18905
1776099287.039729,139.03708243370056,PLC -> IO,4.183052
1776099287.0712948,139.0686480998993,IO -> PLC,1.05184
1776099287.1037319,139.10108518600464,PLC -> IO,1.485472
1776099287.1352935,139.13264679908752,IO -> PLC,1.7784
1776099287.1677344,139.16508769989014,PLC -> IO,1.492882
1776099287.199291,139.19664430618286,IO -> PLC,3.10707
1776099287.231737,139.22909021377563,PLC -> IO,1.445152
1776099287.2632895,139.26064276695251,IO -> PLC,1.36376
1776099287.2957397,139.2930929660797,PLC -> IO,1.331432
1776099287.3272882,139.32464146614075,IO -> PLC,1.7215
1776099287.3597422,139.3570954799652,PLC -> IO,1.309862
1776099287.3912866,139.3886399269104,IO -> PLC,2.65599
1776099287.4237447,139.4210979938507,PLC -> IO,1.529512
1776099287.4552853,139.45263862609863,IO -> PLC,1.11324
1776099287.4877474,139.48510074615479,PLC -> IO,1.600832
1776099287.519284,139.51663732528687,IO -> PLC,0.5875
1776099287.55175,139.54910326004028,PLC -> IO,1.456792
1776099287.5832825,139.58063578605652,IO -> PLC,3.34271
1776099287.6157525,139.61310577392578,PLC -> IO,1.597952
1776099287.64728,139.64463329315186,IO -> PLC,0.66735
1776099287.6797552,139.67710852622986,PLC -> IO,1.176232
1776099287.7112787,139.7086319923401,IO -> PLC,1.78705
1776099287.7437577,139.74111104011536,PLC -> IO,1.128332
1776099287.7752771,139.77263045310974,IO -> PLC,1.77117
1776099287.8077602,139.80511355400085,PLC -> IO,1.303502
1776099287.8392758,139.83662915229797,IO -> PLC,1.18607
1776099287.871763,139.86911630630493,PLC -> IO,1.319132
1776099287.9032743,139.90062761306763,IO -> PLC,0.56297
1776099287.9357655,139.93311882019043,PLC -> IO,1.552152
1776099287.967273,139.96462631225586,IO -> PLC,2.53558
1776099287.999768,139.99712133407593,PLC -> IO,1.622352
1776099288.0312717,140.0286250114441,IO -> PLC,1.53966
1776099288.0637708,140.06112408638,PLC -> IO,1.336712
1776099288.0952692,140.09262251853943,IO -> PLC,0.8984
1776099288.1277733,140.1251266002655,PLC -> IO,1.249392
1776099288.1592677,140.15662097930908,IO -> PLC,1.2643
1776099288.1917758,140.189129114151,PLC -> IO,1.228722
1776099288.2232664,140.22061967849731,IO -> PLC,1.0641
1776099288.2557786,140.25313186645508,PLC -> IO,1.190762
1776099288.2872648,140.28461813926697,IO -> PLC,2.20124
1776099288.319781,140.31713438034058,PLC -> IO,1.739782
1776099288.3512635,140.3486168384552,IO -> PLC,2.16304
1776099288.3837836,140.38113689422607,PLC -> IO,1.518372
1776099288.415262,140.41261529922485,IO -> PLC,1.10976
1776099288.4477863,140.44513964653015,PLC -> IO,1.288162
1776099288.4792607,140.4766139984131,IO -> PLC,1.94792
1776099288.5117888,140.50914216041565,PLC -> IO,1.246762
1776099288.5432594,140.54061269760132,IO -> PLC,1.3453
1776099288.5757914,140.57314467430115,PLC -> IO,1.345292
1776099288.607257,140.60461020469666,IO -> PLC,2.44667
1776099288.639794,140.63714742660522,PLC -> IO,1.310522
1776099288.6712554,140.6686086654663,IO -> PLC,1.30435
1776099288.7037966,140.70114994049072,PLC -> IO,1.332482
1776099288.735254,140.73260736465454,IO -> PLC,2.06355
1776099288.7677991,140.76515245437622,PLC -> IO,1.607412
1776099288.7992525,140.7966058254242,IO -> PLC,2.97563
1776099288.831802,140.8291552066803,PLC -> IO,1.453852
1776099288.8632512,140.86060452461243,IO -> PLC,0.8707
1776099288.8958044,140.8931577205658,PLC -> IO,1.334122
1776099288.9272497,140.92460298538208,IO -> PLC,1.99976
1776099288.959807,140.9571602344513,PLC -> IO,1.310252
1776099288.9912484,140.9886016845703,IO -> PLC,1.21481
1776099289.0238097,141.02116298675537,PLC -> IO,1.366212
1776099289.0552459,141.05259919166565,IO -> PLC,2.87638
1776099289.0878122,141.08516550064087,PLC -> IO,1.897472
1776099289.1192446,141.11659789085388,IO -> PLC,4.96996
1776099289.1518147,141.14916801452637,PLC -> IO,1.472632
1776099289.183243,141.18059635162354,IO -> PLC,3.29624
1776099289.2158175,141.21317076683044,PLC -> IO,1.733472
1776099289.2472417,141.24459505081177,IO -> PLC,1.02723
1776099289.27982,141.27717328071594,PLC -> IO,1.206622
1776099289.3112402,141.30859351158142,IO -> PLC,0.74526
1776099289.3438227,141.34117603302002,PLC -> IO,1.177292
1776099289.375239,141.37259221076965,IO -> PLC,6.01842
1776099289.4078252,141.40517854690552,PLC -> IO,1.313102
1776099289.4392374,141.4365906715393,IO -> PLC,1.64755
1776099289.4718277,141.46918106079102,PLC -> IO,1.308662
1776099289.503235,141.50058841705322,IO -> PLC,2.39035
1776099289.5358305,141.5331838130951,PLC -> IO,1.554872
1776099289.5672336,141.56458687782288,IO -> PLC,1.95669
1776099289.599833,141.5971863269806,PLC -> IO,1.647792
1776099289.6312323,141.6285855770111,IO -> PLC,0.64124
1776099289.6638355,141.6611888408661,PLC -> IO,1.229512
1776099289.6952307,141.69258403778076,IO -> PLC,1.38619
1776099289.7278383,141.72519159317017,PLC -> IO,1.185552
1776099289.7592294,141.756582736969,IO -> PLC,1.36008
1776099289.7918408,141.78919410705566,PLC -> IO,1.296082
1776099289.823228,141.82058119773865,IO -> PLC,2.49729
1776099289.8558433,141.85319662094116,PLC -> IO,1.648942
1776099289.8872266,141.88457989692688,IO -> PLC,1.70227
1776099289.919846,141.91719937324524,PLC -> IO,1.739552
1776099289.951225,141.94857835769653,IO -> PLC,1.15893
1776099289.9838486,141.98120188713074,PLC -> IO,1.493342
1776099290.0152228,142.01257610321045,IO -> PLC,4.90227
1776099290.047851,142.04520440101624,PLC -> IO,1.248742
1776099290.0792212,142.0765745639801,IO -> PLC,0.69916
1776099290.1118538,142.1092071533203,PLC -> IO,1.268532
1776099290.14322,142.14057326316833,IO -> PLC,1.81293
1776099290.1758564,142.1732096672058,PLC -> IO,1.231292
1776099290.2072184,142.204571723938,IO -> PLC,1.41192
1776099290.2398589,142.2372121810913,PLC -> IO,1.192622
1776099290.271217,142.26857042312622,IO -> PLC,1.02947
1776099290.3038616,142.30121493339539,PLC -> IO,1.334252
1776099290.3352156,142.33256888389587,IO -> PLC,2.52622
1776099290.3678641,142.36521744728088,PLC -> IO,1.465342
1776099290.3992143,142.3965675830841,IO -> PLC,2.91356
1776099290.4318666,142.42921996116638,PLC -> IO,1.713382
1776099290.4632118,142.46056509017944,IO -> PLC,4.55456
1776099290.4958694,142.49322271347046,PLC -> IO,1.462462
1776099290.5272102,142.5245635509491,IO -> PLC,1.51783
1776099290.559872,142.55722522735596,PLC -> IO,1.251692
1776099290.591209,142.58856225013733,IO -> PLC,1.68629
1776099290.6238744,142.62122774124146,PLC -> IO,1.353982
1776099290.6552074,142.65256071090698,IO -> PLC,3.93764
1776099290.6878772,142.68523049354553,PLC -> IO,1.530502
1776099290.719206,142.71655941009521,IO -> PLC,3.04636
1776099290.7518797,142.74923300743103,PLC -> IO,1.420552
1776099290.7832048,142.78055810928345,IO -> PLC,0.75718
1776099290.8158822,142.81323552131653,PLC -> IO,1.575952
1776099290.8472033,142.8445565700531,IO -> PLC,1.39349
1776099290.879885,142.8772382736206,PLC -> IO,1.286382
1776099290.9112008,142.90855407714844,IO -> PLC,0.63926
1776099290.9438875,142.9412407875061,PLC -> IO,1.322182
1776099290.9751995,142.97255277633667,IO -> PLC,1.36798
1776099291.00789,143.0052433013916,PLC -> IO,1.420152
1776099291.039198,143.03655123710632,IO -> PLC,4.31152
1776099291.0718927,143.06924605369568,PLC -> IO,1.479882
1776099291.1031966,143.10054993629456,IO -> PLC,2.46252
1776099291.1358953,143.13324856758118,PLC -> IO,1.523682
1776099291.167195,143.1645483970642,IO -> PLC,2.45792
1776099291.1998978,143.19725108146667,PLC -> IO,1.454362
1776099291.2311938,143.22854709625244,IO -> PLC,3.56547
1776099291.2639005,143.26125383377075,PLC -> IO,1.206862
1776099291.2951925,143.29254579544067,IO -> PLC,0.90451
1776099291.327903,143.32525634765625,PLC -> IO,1.230272
1776099291.35919,143.356543302536,IO -> PLC,0.70543
1776099291.3919055,143.38925886154175,PLC -> IO,1.186222
1776099291.4231884,143.42054176330566,IO -> PLC,1.04589
1776099291.4559083,143.45326161384583,PLC -> IO,1.308122
1776099291.4871871,143.4845404624939,IO -> PLC,2.37447
1776099291.5199108,143.51726412773132,PLC -> IO,1.810572
1776099291.5511856,143.54853892326355,IO -> PLC,2.73037
1776099291.5839133,143.58126664161682,PLC -> IO,1.629812
1776099291.6151843,143.61253762245178,IO -> PLC,3.13123
1776099291.647916,143.6452693939209,PLC -> IO,1.384162
1776099291.6791828,143.67653608322144,IO -> PLC,0.97006
1776099291.7119186,143.7092719078064,PLC -> IO,1.216602
1776099291.7431815,143.74053478240967,IO -> PLC,0.75041
1776099291.775921,143.7732744216919,PLC -> IO,1.230962
1776099291.8071802,143.8045334815979,IO -> PLC,1.70226
1776099291.8399239,143.83727717399597,PLC -> IO,1.195152
1776099291.8711777,143.86853098869324,IO -> PLC,1.30046
1776099291.9039264,143.90127968788147,PLC -> IO,1.309272
1776099291.9351761,143.9325294494629,IO -> PLC,2.39647
1776099291.967929,143.96528220176697,PLC -> IO,1.550352
1776099291.9991748,143.99652814865112,IO -> PLC,2.39492
1776099292.0319316,144.02928495407104,PLC -> IO,1.758812
1776099292.0631733,144.06052660942078,IO -> PLC,0.85129
1776099292.0959342,144.09328746795654,PLC -> IO,2.075662
1776099292.127172,144.124525308609,IO -> PLC,0.60708
1776099292.1599367,144.15728998184204,PLC -> IO,1.272802
1776099292.1911705,144.18852376937866,IO -> PLC,1.20163
1776099292.2239394,144.22129273414612,PLC -> IO,1.489882
1776099292.2551692,144.2525224685669,IO -> PLC,1.00239
1776099292.287942,144.28529524803162,PLC -> IO,1.585382
1776099292.3191667,144.31651997566223,IO -> PLC,2.87788
1776099292.3519444,144.34929776191711,PLC -> IO,1.371892
1776099292.3831654,144.38051867485046,IO -> PLC,2.46166
1776099292.4159472,144.4133005142212,PLC -> IO,1.680982
1776099292.4471638,144.44451713562012,IO -> PLC,1.11654
1776099292.4799497,144.4773030281067,PLC -> IO,1.455982
1776099292.5111625,144.50851583480835,IO -> PLC,1.85438
1776099292.5439522,144.5413055419922,PLC -> IO,1.277212
1776099292.575161,144.572514295578,IO -> PLC,1.27431
1776099292.607955,144.60530829429626,PLC -> IO,1.269652
1776099292.6391597,144.63651299476624,IO -> PLC,0.68897
1776099292.6719575,144.66931080818176,PLC -> IO,1.213692
1776099292.7031581,144.7005114555359,IO -> PLC,1.97267
1776099292.73596,144.73331332206726,PLC -> IO,1.514152
1776099292.767156,144.7645092010498,IO -> PLC,3.48575
1776099292.7999628,144.79731607437134,PLC -> IO,1.626102
1776099292.8311543,144.82850766181946,IO -> PLC,1.58242
1776099292.8639653,144.86131858825684,PLC -> IO,1.348382
1776099292.895153,144.8925063610077,IO -> PLC,0.98604
1776099292.9279678,144.92532110214233,PLC -> IO,1.157612
1776099292.9591515,144.95650482177734,IO -> PLC,1.14713
1776099292.9919705,144.9893238544464,PLC -> IO,1.288452
1776099293.0231502,145.02050352096558,IO -> PLC,2.07235
1776099293.055973,145.0533263683319,PLC -> IO,1.995562
1776099293.0871487,145.08450198173523,IO -> PLC,0.54936
1776099293.1199758,145.117329120636,PLC -> IO,1.844722
1776099293.1511474,145.14850068092346,IO -> PLC,2.43285
1776099293.1839783,145.18133163452148,PLC -> IO,1.479152
1776099293.2151458,145.21249914169312,IO -> PLC,3.72568
1776099293.2479808,145.24533414840698,PLC -> IO,1.277892
1776099293.2791433,145.27649664878845,IO -> PLC,0.86631
1776099293.3119836,145.30933690071106,PLC -> IO,1.212902
1776099293.343142,145.34049534797668,IO -> PLC,1.62127
1776099293.375986,145.37333941459656,PLC -> IO,2.258502
1776099293.4071405,145.40449380874634,IO -> PLC,1.98845
1776099293.4399886,145.43734192848206,PLC -> IO,1.313472
1776099293.4711392,145.46849250793457,IO -> PLC,0.88636
1776099293.5039914,145.50134468078613,PLC -> IO,1.466722
1776099293.535138,145.5324912071228,IO -> PLC,1.02681
1776099293.5679939,145.56534719467163,PLC -> IO,1.548762
1776099293.5991364,145.59648966789246,IO -> PLC,3.24961
1776099293.6319964,145.62934970855713,PLC -> IO,1.483442
1776099293.663135,145.6604883670807,IO -> PLC,1.3034
1776099293.6959991,145.6933524608612,PLC -> IO,1.247712
1776099293.7271326,145.72448587417603,IO -> PLC,1.5037
1776099293.7600017,145.7573549747467,PLC -> IO,1.210802
1776099293.791131,145.78848433494568,IO -> PLC,1.1018
1776099293.8240042,145.8213574886322,PLC -> IO,1.321892
1776099293.8551297,145.8524830341339,IO -> PLC,2.97201
1776099293.888007,145.88536024093628,PLC -> IO,1.565222
1776099293.9191282,145.91648149490356,IO -> PLC,4.83646
1776099293.9520094,145.94936275482178,PLC -> IO,1.435672
1776099293.9831269,145.9804801940918,IO -> PLC,2.9733
1776099294.016012,146.01336526870728,PLC -> IO,2.116132
1776099294.0471256,146.04447889328003,IO -> PLC,0.74428
1776099294.0800147,146.07736802101135,PLC -> IO,1.300392
1776099294.111124,146.10847735404968,IO -> PLC,1.93063
1776099294.1440172,146.14137053489685,PLC -> IO,1.281462
1776099294.1751215,146.17247486114502,IO -> PLC,0.59285
1776099294.2080197,146.20537304878235,PLC -> IO,1.253422
1776099294.2391202,146.23647356033325,IO -> PLC,1.52398
1776099294.2720225,146.26937580108643,PLC -> IO,1.253952
1776099294.3031187,146.3004720211029,IO -> PLC,2.08797
1776099294.336025,146.33337831497192,PLC -> IO,1.484862
1776099294.3671174,146.36447072029114,IO -> PLC,2.44459
1776099294.4000275,146.39738082885742,PLC -> IO,1.474992
1776099294.4311159,146.4284691810608,IO -> PLC,2.04278
1776099294.4640303,146.4613835811615,PLC -> IO,1.183412
1776099294.4951146,146.49246788024902,IO -> PLC,2.58604
1776099294.5280328,146.525386095047,PLC -> IO,1.320902
1776099294.5591133,146.55646657943726,IO -> PLC,1.60564
1776099294.5920353,146.5893886089325,PLC -> IO,1.402702
1776099294.6231117,146.6204650402069,IO -> PLC,2.75095
1776099294.656038,146.65339136123657,PLC -> IO,1.401782
1776099294.6871092,146.68446254730225,IO -> PLC,2.16665
1776099294.7200406,146.71739387512207,PLC -> IO,1.684642
1776099294.751108,146.74846124649048,IO -> PLC,3.45035
1776099294.784043,146.78139638900757,PLC -> IO,1.575312
1776099294.8151064,146.81245970726013,IO -> PLC,4.4002
1776099294.8480458,146.84539914131165,PLC -> IO,1.221972
1776099294.879105,146.87645840644836,IO -> PLC,2.0955
1776099294.9120483,146.90940165519714,PLC -> IO,1.207202
1776099294.9431036,146.94045686721802,IO -> PLC,1.6988
1776099294.9760509,146.97340416908264,PLC -> IO,1.165892
1776099295.0071023,147.00445556640625,IO -> PLC,1.29283
1776099295.0400536,147.03740692138672,PLC -> IO,3.887072
1776099295.071101,147.06845426559448,IO -> PLC,5.09233
1776099295.1040561,147.10140943527222,PLC -> IO,2.227452
1776099295.1350985,147.13245177268982,IO -> PLC,2.59234
1776099295.1680586,147.16541194915771,PLC -> IO,1.511552
1776099295.199097,147.19645023345947,IO -> PLC,2.60007
1776099295.2320614,147.2294147014618,PLC -> IO,1.558232
1776099295.2630956,147.2604489326477,IO -> PLC,0.65882
1776099295.296064,147.2934172153473,PLC -> IO,1.227862
1776099295.327094,147.32444739341736,IO -> PLC,0.62959
1776099295.3600664,147.3574197292328,PLC -> IO,1.248942
1776099295.3910928,147.3884460926056,IO -> PLC,2.81037
1776099295.4240692,147.42142248153687,PLC -> IO,1.324822
1776099295.4550912,147.45244455337524,IO -> PLC,1.52892
1776099295.4880717,147.48542499542236,PLC -> IO,1.504882
1776099295.51909,147.51644325256348,IO -> PLC,3.22601
1776099295.5520742,147.54942750930786,PLC -> IO,1.375792
1776099295.5830874,147.5804407596588,IO -> PLC,2.26305
1776099295.616077,147.61343026161194,PLC -> IO,1.658412
1776099295.647086,147.64443922042847,IO -> PLC,0.92423
1776099295.6800795,147.67743277549744,PLC -> IO,1.292832
1776099295.7110846,147.7084379196167,IO -> PLC,1.46742
1776099295.744082,147.74143528938293,PLC -> IO,1.227352
1776099295.7750833,147.77243661880493,IO -> PLC,1.82524
1776099295.8080847,147.805438041687,PLC -> IO,1.418692
1776099295.8390818,147.83643507957458,IO -> PLC,1.99569
1776099295.8720872,147.8694405555725,PLC -> IO,1.344322
1776099295.9030805,147.90043377876282,IO -> PLC,2.37015
1776099295.9360898,147.933443069458,PLC -> IO,1.451242
1776099295.967079,147.96443223953247,IO -> PLC,2.33268
1776099296.0000925,147.99744582176208,PLC -> IO,1.400722
1776099296.0310764,148.0284297466278,IO -> PLC,1.56101
1776099296.064095,148.06144833564758,PLC -> IO,1.163312
1776099296.0950751,148.09242844581604,IO -> PLC,1.7193
1776099296.1280975,148.12545084953308,PLC -> IO,1.337362
1776099296.1590736,148.1564269065857,IO -> PLC,0.94667
1776099296.1921003,148.18945360183716,PLC -> IO,1.293952
1776099296.2230723,148.22042560577393,IO -> PLC,1.88108
1776099296.2561028,148.25345611572266,PLC -> IO,1.236562
1776099296.287071,148.28442430496216,IO -> PLC,1.56919
1776099296.3201053,148.31745862960815,PLC -> IO,1.714292
1776099296.3510695,148.3484227657318,IO -> PLC,2.97169
1776099296.384108,148.38146138191223,PLC -> IO,1.546012
1776099296.4150681,148.41242146492004,IO -> PLC,3.14536
1776099296.4481106,148.44546389579773,PLC -> IO,1.357972
1776099296.4790666,148.4764199256897,IO -> PLC,1.61909
1776099296.512113,148.50946640968323,PLC -> IO,1.152802
1776099296.543064,148.54041743278503,IO -> PLC,0.84126
1776099296.5761158,148.5734691619873,PLC -> IO,1.152602
1776099296.6070628,148.60441613197327,IO -> PLC,1.01483
1776099296.6401184,148.6374716758728,PLC -> IO,1.307282
1776099296.6710613,148.66841459274292,IO -> PLC,1.75259
1776099296.7041209,148.7014741897583,PLC -> IO,1.460782
1776099296.73506,148.73241329193115,IO -> PLC,2.49747
1776099296.7681236,148.76547694206238,PLC -> IO,1.734842
1776099296.7990587,148.79641199111938,IO -> PLC,3.7995
1776099296.8321261,148.82947945594788,PLC -> IO,1.410462
1776099296.8630571,148.86041045188904,IO -> PLC,1.49704
1776099296.8961287,148.89348196983337,PLC -> IO,1.623392
1776099296.9270558,148.92440915107727,IO -> PLC,2.22055
1776099296.9601314,148.95748472213745,PLC -> IO,1.234052
1776099296.9910533,148.9884066581726,IO -> PLC,1.47352
1776099297.024134,149.02148723602295,PLC -> IO,1.556822
1776099297.0550518,149.05240511894226,IO -> PLC,1.42901
1776099297.0881364,149.08548974990845,PLC -> IO,1.276222
1776099297.1190505,149.1164038181305,IO -> PLC,3.29329
1776099297.1521392,149.14949250221252,PLC -> IO,1.502342
1776099297.183049,149.18040227890015,IO -> PLC,2.35881
1776099297.2161417,149.21349501609802,PLC -> IO,1.611592
1776099297.2470477,149.24440097808838,IO -> PLC,1.01361
1776099297.2801442,149.27749752998352,PLC -> IO,1.294812
1776099297.3110464,149.3083996772766,IO -> PLC,0.98869
1776099297.344147,149.3415002822876,PLC -> IO,1.221342
1776099297.3750448,149.37239813804626,IO -> PLC,2.70857
1776099297.4081495,149.4055027961731,PLC -> IO,1.193542
1776099297.4390423,149.4363956451416,IO -> PLC,2.09051
1776099297.472152,149.4695053100586,PLC -> IO,1.193582
1776099297.503041,149.50039434432983,IO -> PLC,2.24352
1776099297.5361547,149.53350806236267,PLC -> IO,1.488432
1776099297.5670395,149.5643928050995,IO -> PLC,2.81463
1776099297.6001573,149.59751057624817,PLC -> IO,1.671102
1776099297.6310382,149.62839150428772,IO -> PLC,2.23241
1776099297.6641598,149.66151309013367,PLC -> IO,1.433542
1776099297.6950366,149.69238996505737,IO -> PLC,1.62459
1776099297.7281625,149.72551584243774,PLC -> IO,1.306142
1776099297.7590353,149.7563886642456,IO -> PLC,1.04341
1776099297.792165,149.78951835632324,PLC -> IO,1.302892
1776099297.8230338,149.82038712501526,IO -> PLC,1.52227
1776099297.8561676,149.85352087020874,PLC -> IO,1.662382
1776099297.8870325,149.8843858242035,IO -> PLC,2.12386
1776099297.9201703,149.91752362251282,PLC -> IO,1.759372
1776099297.95103,149.94838333129883,IO -> PLC,2.49496
1776099297.9841728,149.98152613639832,PLC -> IO,1.473732
1776099298.0150287,150.01238203048706,IO -> PLC,2.06956
1776099298.0481753,150.0455286502838,PLC -> IO,1.253202
1776099298.0790272,150.0763804912567,IO -> PLC,0.7409
1776099298.112178,150.1095314025879,PLC -> IO,1.158512
1776099298.1430259,150.14037919044495,IO -> PLC,2.23749
1776099298.1761806,150.1735339164734,PLC -> IO,1.310642
1776099298.2070243,150.2043776512146,IO -> PLC,1.85184
1776099298.240183,150.2375364303589,PLC -> IO,1.449642
1776099298.271023,150.26837635040283,IO -> PLC,2.10125
1776099298.3041859,150.30153918266296,PLC -> IO,1.603042
1776099298.3350215,150.33237481117249,IO -> PLC,3.32047
1776099298.3681884,150.36554169654846,PLC -> IO,1.444042
1776099298.399019,150.39637231826782,IO -> PLC,3.30053
1776099298.432191,150.42954421043396,PLC -> IO,1.406632
1776099298.4630177,150.46037101745605,IO -> PLC,2.15004
1776099298.4961936,150.49354696273804,PLC -> IO,1.231472
1776099298.5270164,150.5243697166443,IO -> PLC,1.18572
1776099298.5601962,150.55754947662354,PLC -> IO,1.168322
1776099298.5910149,150.58836817741394,IO -> PLC,1.15368
1776099298.6241987,150.62155199050903,PLC -> IO,1.292032
1776099298.6550136,150.65236687660217,IO -> PLC,1.9108
1776099298.6882014,150.6855547428131,PLC -> IO,1.706572
1776099298.719012,150.71636533737183,IO -> PLC,3.84589
1776099298.752204,150.7495572566986,PLC -> IO,1.536522
1776099298.7830107,150.78036403656006,IO -> PLC,4.18932
1776099298.8162065,150.8135597705841,PLC -> IO,1.908412
1776099298.8470082,150.8443615436554,IO -> PLC,1.83557
1776099298.8802092,150.87756252288818,PLC -> IO,1.239472
1776099298.9110067,150.90836000442505,IO -> PLC,1.4604
1776099298.9442117,150.94156503677368,PLC -> IO,1.251582
1776099298.9750054,150.97235870361328,IO -> PLC,2.37937
1776099299.0082142,151.00556755065918,PLC -> IO,1.216672
1776099299.039004,151.0363574028015,IO -> PLC,2.63278
1776099299.072217,151.06957030296326,PLC -> IO,1.260072
1776099299.1030025,151.10035586357117,IO -> PLC,2.57402
1776099299.1362195,151.13357281684875,PLC -> IO,1.429632
1776099299.1670012,151.1643545627594,IO -> PLC,3.65476
1776099299.200222,151.19757533073425,PLC -> IO,1.523762
1776099299.2309997,151.22835302352905,IO -> PLC,1.71056
1776099299.2642248,151.26157808303833,PLC -> IO,1.314592
1776099299.2949972,151.2923505306244,IO -> PLC,1.14282
1776099299.3282273,151.32558059692383,PLC -> IO,1.269272
1776099299.358996,151.35634922981262,IO -> PLC,2.07114
1776099299.3922298,151.38958311080933,PLC -> IO,1.351082
1776099299.4229944,151.42034769058228,IO -> PLC,2.62353
1776099299.4562325,151.4535858631134,PLC -> IO,1.296152
1776099299.486993,151.4843463897705,IO -> PLC,2.41101
1776099299.520235,151.5175883769989,PLC -> IO,1.700132
1776099299.5509915,151.54834485054016,IO -> PLC,2.74859
1776099299.5842376,151.5815908908844,PLC -> IO,1.494572
1776099299.6149902,151.6123435497284,IO -> PLC,3.7658
1776099299.6482403,151.64559364318848,PLC -> IO,1.215952
1776099299.6789887,151.67634201049805,IO -> PLC,0.83563
1776099299.7122428,151.70959615707397,PLC -> IO,1.309922
1776099299.7429874,151.74034070968628,IO -> PLC,1.56739
1776099299.7762454,151.77359867095947,PLC -> IO,1.307252
1776099299.806985,151.80433821678162,IO -> PLC,0.81004
1776099299.840248,151.83760142326355,PLC -> IO,1.273362
1776099299.8709836,151.86833691596985,IO -> PLC,2.11823
1776099299.9042506,151.90160393714905,PLC -> IO,1.826952
1776099299.934982,151.9323353767395,IO -> PLC,2.65438
1776099299.9682531,151.96560645103455,PLC -> IO,1.506012
1776099299.9989808,151.99633407592773,IO -> PLC,5.47607
1776099300.032256,152.02960920333862,PLC -> IO,1.683972
1776099300.0629792,152.0603325366974,IO -> PLC,3.76444
1776099300.0962584,152.09361171722412,PLC -> IO,1.388972
1776099300.126978,152.12433123588562,IO -> PLC,1.08396
1776099300.160261,152.15761423110962,PLC -> IO,1.181242
1776099300.1909764,152.18832969665527,IO -> PLC,2.58263
1776099300.2242637,152.2216169834137,PLC -> IO,2.636622
1776099300.2549741,152.2523274421692,IO -> PLC,1.61336
1776099300.2882662,152.2856194972992,PLC -> IO,1.712872
1776099300.3189726,152.31632590293884,IO -> PLC,3.35988
1776099300.3522687,152.3496220111847,PLC -> IO,1.538982
1776099300.3829713,152.38032460212708,IO -> PLC,3.11264
1776099300.4162714,152.41362476348877,PLC -> IO,1.708232
1776099300.4469697,152.44432306289673,IO -> PLC,0.97394
1776099300.480274,152.47762727737427,PLC -> IO,1.227782
1776099300.5109684,152.50832176208496,IO -> PLC,1.91147
1776099300.5442765,152.54162979125977,PLC -> IO,1.177732
1776099300.574967,152.57232022285461,IO -> PLC,1.88432
1776099300.6082792,152.60563254356384,PLC -> IO,1.346102
1776099300.6389656,152.63631892204285,IO -> PLC,2.82497
1776099300.6722817,152.66963505744934,PLC -> IO,1.622222
1776099300.702963,152.70031642913818,IO -> PLC,3.00462
1776099300.7362843,152.73363757133484,PLC -> IO,1.428892
1776099300.7669618,152.76431512832642,IO -> PLC,2.5964
1776099300.800287,152.79764032363892,PLC -> IO,1.551102
1776099300.8309603,152.82831358909607,IO -> PLC,2.58684
1776099300.8642895,152.8616428375244,PLC -> IO,1.316652
1776099300.894959,152.8923122882843,IO -> PLC,0.66721
1776099300.928292,152.9256453514099,PLC -> IO,1.268052
1776099300.9589574,152.95631074905396,IO -> PLC,2.35029
1776099300.9922948,152.989648103714,PLC -> IO,1.338592
1776099301.0229561,153.0203094482422,IO -> PLC,3.55079
1776099301.0562973,153.0536506175995,PLC -> IO,1.785772
1776099301.0869546,153.08430790901184,IO -> PLC,3.07121
1776099301.1202998,153.11765313148499,PLC -> IO,2.596322
1776099301.1509533,153.14830660820007,IO -> PLC,3.05421
1776099301.1843026,153.18165588378906,PLC -> IO,1.464652
1776099301.2149508,153.2123041152954,IO -> PLC,4.74146
1776099301.248305,153.24565839767456,PLC -> IO,1.293642
1776099301.2789495,153.27630281448364,IO -> PLC,1.10142
1776099301.3123076,153.30966091156006,PLC -> IO,1.293842
1776099301.342948,153.3403012752533,IO -> PLC,1.87734
1776099301.3763103,153.37366366386414,PLC -> IO,2.293122
1776099301.4069467,153.40429997444153,IO -> PLC,0.88838
1776099301.4403129,153.43766617774963,PLC -> IO,1.303442
1776099301.4709451,153.46829843521118,IO -> PLC,2.38497
1776099301.5043154,153.50166869163513,PLC -> IO,1.400372
1776099301.5349436,153.53229689598083,IO -> PLC,2.55863
1776099301.5683181,153.5656714439392,PLC -> IO,1.521122
1776099301.5989423,153.59629559516907,IO -> PLC,1.49838
1776099301.6323206,153.6296739578247,PLC -> IO,1.412602
1776099301.6629398,153.6602931022644,IO -> PLC,1.00416
1776099301.6963232,153.6936764717102,PLC -> IO,1.148552
1776099301.7269385,153.72429180145264,IO -> PLC,0.97509
1776099301.760326,153.75767922401428,PLC -> IO,1.155392
1776099301.790937,153.7882902622223,IO -> PLC,0.55367
1776099301.8243284,153.82168173789978,PLC -> IO,1.510012
1776099301.8549356,153.85228896141052,IO -> PLC,4.35742
1776099301.888331,153.88568425178528,PLC -> IO,1.774702
1776099301.918934,153.91628742218018,IO -> PLC,3.75871
1776099301.9523337,153.94968700408936,PLC -> IO,1.549292
1776099301.9829328,153.9802861213684,IO -> PLC,3.37442
1776099302.0163362,154.01368951797485,PLC -> IO,1.860952
1776099302.0469313,154.04428458213806,IO -> PLC,2.39898
1776099302.0803387,154.07769203186035,PLC -> IO,1.190662
1776099302.110929,154.10828232765198,IO -> PLC,1.62819
1776099302.1443415,154.14169478416443,PLC -> IO,1.192612
1776099302.1749275,154.17228078842163,IO -> PLC,1.04933
1776099302.208344,154.20569729804993,PLC -> IO,1.174422
1776099302.2389262,154.23627948760986,IO -> PLC,1.01385
1776099302.2723465,154.26969981193542,PLC -> IO,1.443922
1776099302.3029246,154.30027794837952,IO -> PLC,2.13979
1776099302.3363492,154.3337025642395,PLC -> IO,1.715562
1776099302.3669233,154.36427664756775,IO -> PLC,3.06515
1776099302.4003518,154.397705078125,PLC -> IO,1.694252
1776099302.4309218,154.4282751083374,IO -> PLC,1.71594
1776099302.4643543,154.4617075920105,PLC -> IO,1.349882
1776099302.4949205,154.49227380752563,IO -> PLC,1.69599
1776099302.528357,154.52571034431458,PLC -> IO,1.260232
1776099302.558918,154.55627131462097,IO -> PLC,2.04661
1776099302.5923595,154.58971285820007,PLC -> IO,1.231962
1776099302.6229167,154.6202700138092,IO -> PLC,1.4583
1776099302.656362,154.65371537208557,PLC -> IO,1.901782
1776099302.6869152,154.68426847457886,IO -> PLC,2.77881
1776099302.7203648,154.71771812438965,PLC -> IO,1.582282
1776099302.7509139,154.7482671737671,IO -> PLC,1.28118
1776099302.7843673,154.78172063827515,PLC -> IO,1.513772
1776099302.8149123,154.81226563453674,IO -> PLC,1.21211
1776099302.8483698,154.84572315216064,PLC -> IO,1.333802
1776099302.878911,154.87626433372498,IO -> PLC,2.33381
1776099302.9123726,154.90972590446472,PLC -> IO,1.930502
1776099302.9429095,154.94026279449463,IO -> PLC,1.94527
1776099302.976375,154.97372841835022,PLC -> IO,1.290602
1776099303.0069082,155.00426149368286,IO -> PLC,1.148
1776099303.0403776,155.03773093223572,PLC -> IO,4.018262
1776099303.0709057,155.0682590007782,IO -> PLC,1.78752
1776099303.1043804,155.1017336845398,PLC -> IO,1.509652
1776099303.1349041,155.13225746154785,IO -> PLC,3.01706
1776099303.168383,155.1657361984253,PLC -> IO,1.491142
1776099303.1989028,155.19625616073608,IO -> PLC,3.38
1776099303.2323854,155.2297387123108,PLC -> IO,1.183892
1776099303.2629013,155.26025462150574,IO -> PLC,1.45523
1776099303.2963881,155.29374146461487,PLC -> IO,1.192252
1776099303.3269,155.32425332069397,IO -> PLC,1.05526
1776099303.3603907,155.35774397850037,PLC -> IO,1.324692
1776099303.3908985,155.38825178146362,IO -> PLC,3.32101
1776099303.4243932,155.42174649238586,PLC -> IO,1.414822
1776099303.4548972,155.45225048065186,IO -> PLC,1.17432
1776099303.488396,155.48574924468994,PLC -> IO,1.655432
1776099303.5188947,155.5162479877472,IO -> PLC,3.67536
1776099303.5523984,155.54975175857544,PLC -> IO,1.465782
1776099303.5828934,155.58024668693542,IO -> PLC,4.01998
1776099303.616401,155.61375427246094,PLC -> IO,1.676552
1776099303.6468918,155.64424514770508,IO -> PLC,2.09929
1776099303.6804037,155.67775702476501,PLC -> IO,1.355942
1776099303.7108905,155.7082438468933,IO -> PLC,1.51428
1776099303.7444062,155.7417595386505,PLC -> IO,1.214302
1776099303.774889,155.77224230766296,IO -> PLC,1.11014
1776099303.8084087,155.805762052536,PLC -> IO,1.146342
1776099303.8388877,155.8362410068512,IO -> PLC,2.2372
1776099303.8724115,155.8697648048401,PLC -> IO,1.302232
1776099303.9028862,155.90023946762085,IO -> PLC,2.40861
1776099303.936414,155.9337673187256,PLC -> IO,1.588052
1776099303.9668849,155.96423816680908,IO -> PLC,2.78708
1776099304.0004165,155.99776983261108,PLC -> IO,1.499132
1776099304.0308824,156.02823567390442,IO -> PLC,1.23721
1776099304.0644193,156.06177258491516,PLC -> IO,1.244442
1776099304.094881,156.09223437309265,IO -> PLC,1.97081
1776099304.1284218,156.12577509880066,PLC -> IO,1.269522
1776099304.1588795,156.1562328338623,IO -> PLC,1.94581
1776099304.1924243,156.18977761268616,PLC -> IO,1.256212
1776099304.2228782,156.22023153305054,IO -> PLC,1.5584
1776099304.256427,156.25378036499023,PLC -> IO,1.360812
1776099304.2868767,156.2842299938202,IO -> PLC,4.37177
1776099304.3204296,156.31778287887573,PLC -> IO,1.649502
1776099304.3508754,156.34822869300842,IO -> PLC,2.66518
1776099304.384432,156.38178539276123,PLC -> IO,1.560432
1776099304.4148738,156.41222715377808,IO -> PLC,1.50141
1776099304.4484348,156.4457881450653,PLC -> IO,1.318532
1776099304.4788716,156.476224899292,IO -> PLC,1.66354
1776099304.5124373,156.5097906589508,PLC -> IO,1.277452
1776099304.54287,156.54022336006165,IO -> PLC,1.4491
1776099304.5764399,156.5737931728363,PLC -> IO,1.342462
1776099304.6068687,156.60422205924988,IO -> PLC,1.81636
1776099304.6404426,156.63779592514038,PLC -> IO,1.247772
1776099304.6708672,156.66822052001953,IO -> PLC,2.00713
1776099304.7044451,156.70179843902588,PLC -> IO,1.365902
1776099304.734866,156.73221921920776,IO -> PLC,2.71561
1776099304.7684476,156.76580095291138,PLC -> IO,1.395472
1776099304.7988644,156.79621767997742,IO -> PLC,3.32729
1776099304.8324504,156.82980370521545,PLC -> IO,1.508142
1776099304.862863,156.86021637916565,IO -> PLC,0.97555
1776099304.896453,156.89380621910095,PLC -> IO,1.304582
1776099304.9268606,156.924213886261,IO -> PLC,1.13808
1776099304.9604554,156.95780873298645,PLC -> IO,1.309352
1776099304.990859,156.98821234703064,IO -> PLC,1.32901
1776099305.0244582,157.02181148529053,PLC -> IO,1.382752
1776099305.0548577,157.05221104621887,IO -> PLC,3.17266
1776099305.0884607,157.08581399917603,PLC -> IO,1.449912
1776099305.1188562,157.11620950698853,IO -> PLC,4.06307
1776099305.1524632,157.14981651306152,PLC -> IO,1.497082
1776099305.182855,157.18020820617676,IO -> PLC,2.78753
1776099305.216466,157.2138192653656,PLC -> IO,1.540472
1776099305.2468534,157.2442066669464,IO -> PLC,1.62584
1776099305.2804685,157.2778217792511,PLC -> IO,1.168982
1776099305.310852,157.30820536613464,IO -> PLC,2.35352
1776099305.344471,157.3418242931366,PLC -> IO,1.191502
1776099305.3748496,157.37220287322998,IO -> PLC,4.66424
1776099305.4084737,157.40582704544067,PLC -> IO,1.412432
1776099305.4388483,157.4362015724182,IO -> PLC,1.75855
1776099305.4724762,157.46982955932617,PLC -> IO,1.439262
1776099305.5028467,157.50020003318787,IO -> PLC,1.40473
1776099305.5364788,157.53383207321167,PLC -> IO,1.569552
1776099305.5668454,157.5641987323761,IO -> PLC,2.48555
1776099305.6004815,157.59783482551575,PLC -> IO,1.622002
1776099305.6308439,157.62819719314575,IO -> PLC,0.93673
1776099305.664484,157.66183733940125,PLC -> IO,1.266822
1776099305.6948426,157.69219589233398,IO -> PLC,0.73236
1776099305.7284865,157.72583985328674,PLC -> IO,1.234782
1776099305.758841,157.75619435310364,IO -> PLC,1.28395
1776099305.7924893,157.78984260559082,PLC -> IO,1.228662
1776099305.8228397,157.82019305229187,IO -> PLC,4.58782
1776099305.8564918,157.85384511947632,PLC -> IO,1.620952
1776099305.8868372,157.8841905593872,IO -> PLC,2.39698
1776099305.9204943,157.91784763336182,PLC -> IO,2.156612
1776099305.950836,157.94818925857544,IO -> PLC,1.20969
1776099305.984497,157.9818503856659,PLC -> IO,1.524082
1776099306.0148344,158.0121877193451,IO -> PLC,2.43586
1776099306.0484996,158.0458528995514,PLC -> IO,1.395782
1776099306.078833,158.07618641853333,IO -> PLC,1.00272
1776099306.112502,158.1098554134369,PLC -> IO,1.251012
1776099306.1428316,158.14018487930298,IO -> PLC,2.30483
1776099306.1765049,158.17385816574097,PLC -> IO,1.257382
1776099306.2068303,158.2041835784912,IO -> PLC,0.76313
1776099306.2405074,158.23786067962646,PLC -> IO,1.196702
1776099306.2708287,158.26818203926086,IO -> PLC,2.65813
1776099306.3045099,158.30186319351196,PLC -> IO,1.381942
1776099306.3348262,158.3321795463562,IO -> PLC,2.81114
1776099306.3685126,158.36586594581604,PLC -> IO,1.384472
1776099306.398825,158.39617824554443,IO -> PLC,1.69035
1776099306.4325151,158.42986845970154,PLC -> IO,1.154102
1776099306.4628234,158.4601767063141,IO -> PLC,1.04996
1776099306.4965177,158.49387097358704,PLC -> IO,1.330702
1776099306.526822,158.52417540550232,IO -> PLC,0.84047
1776099306.5605204,158.5578737258911,PLC -> IO,1.298822
1776099306.5908208,158.58817410469055,IO -> PLC,2.35347
1776099306.624523,158.6218762397766,PLC -> IO,1.486622
1776099306.6548193,158.6521725654602,IO -> PLC,3.6607
1776099306.6885254,158.6858787536621,PLC -> IO,1.714672
1776099306.718818,158.71617126464844,IO -> PLC,3.18608
1776099306.7525282,158.7498815059662,PLC -> IO,1.433192
1776099306.7828155,158.78016877174377,IO -> PLC,3.84487
1776099306.8165307,158.81388401985168,PLC -> IO,1.677242
1776099306.846814,158.84416723251343,IO -> PLC,1.13392
1776099306.8805332,158.87788653373718,PLC -> IO,1.228312
1776099306.9108126,158.90816593170166,IO -> PLC,2.07641
1776099306.944536,158.94188928604126,PLC -> IO,1.115312
1776099306.974811,158.9721643924713,IO -> PLC,1.29265
1776099307.0085385,159.00589179992676,PLC -> IO,1.330082
1776099307.0388098,159.03616309165955,IO -> PLC,3.15678
1776099307.072541,159.06989431381226,PLC -> IO,1.326282
1776099307.1028085,159.10016179084778,IO -> PLC,3.13987
1776099307.1365438,159.13389706611633,PLC -> IO,1.539442
1776099307.166807,159.16416025161743,IO -> PLC,2.94583
1776099307.2005463,159.19789958000183,PLC -> IO,1.605722
1776099307.2308056,159.22815895080566,IO -> PLC,1.9735
1776099307.2645488,159.26190209388733,PLC -> IO,1.401042
1776099307.2948031,159.292156457901,IO -> PLC,1.0115
1776099307.3285515,159.3259048461914,PLC -> IO,1.240672
1776099307.3588016,159.35615491867065,IO -> PLC,1.181
1776099307.392554,159.3899073600769,PLC -> IO,1.151672
1776099307.4228003,159.4201536178589,IO -> PLC,1.92092
1776099307.4565566,159.4539098739624,PLC -> IO,1.143712
1776099307.4867988,159.48415207862854,IO -> PLC,2.29202
1776099307.5205593,159.51791262626648,PLC -> IO,1.643762
1776099307.5507975,159.54815077781677,IO -> PLC,1.88612
1776099307.5845618,159.58191514015198,PLC -> IO,1.515652
1776099307.6147962,159.612149477005,IO -> PLC,0.90757
1776099307.6485643,159.64591765403748,PLC -> IO,1.273922
1776099307.6787946,159.67614793777466,IO -> PLC,1.63925
1776099307.712567,159.70992040634155,PLC -> IO,1.476442
1776099307.7427921,159.74014544487,IO -> PLC,1.06518
1776099307.7765696,159.77392292022705,PLC -> IO,1.249832
1776099307.8067908,159.80414414405823,IO -> PLC,1.99768
1776099307.840572,159.83792543411255,PLC -> IO,1.392522
1776099307.8707893,159.86814260482788,IO -> PLC,3.87517
1776099307.9045749,159.90192818641663,PLC -> IO,1.334802
1776099307.934788,159.9321413040161,IO -> PLC,2.52811
1776099307.9685774,159.96593070030212,PLC -> IO,1.445152
1776099307.9987864,159.99613976478577,IO -> PLC,1.16057
1776099308.03258,160.02993321418762,PLC -> IO,1.509762
1776099308.0627851,160.060138463974,IO -> PLC,0.95733
1776099308.0965827,160.0939359664917,PLC -> IO,1.328522
1776099308.1267836,160.12413692474365,IO -> PLC,1.31403
1776099308.1605852,160.1579384803772,PLC -> IO,1.308882
1776099308.190781,160.188134431839,IO -> PLC,1.12623
1776099308.2245877,160.2219409942627,PLC -> IO,1.345232
1776099308.2547798,160.25213313102722,IO -> PLC,2.23992
1776099308.2885904,160.28594374656677,PLC -> IO,1.703692
1776099308.3187785,160.31613183021545,IO -> PLC,2.7832
1776099308.352593,160.34994626045227,PLC -> IO,1.607402
1776099308.382777,160.3801302909851,IO -> PLC,1.28245
1776099308.4165955,160.41394877433777,PLC -> IO,1.618002
1776099308.4467757,160.44412899017334,IO -> PLC,1.98228
1776099308.4805982,160.47795152664185,PLC -> IO,1.294042
1776099308.5107741,160.508127450943,IO -> PLC,1.00797
1776099308.5446007,160.54195404052734,PLC -> IO,1.301762
1776099308.5747728,160.57212615013123,IO -> PLC,1.18154
1776099308.6086032,160.60595655441284,PLC -> IO,1.312762
1776099308.6387703,160.63612365722656,IO -> PLC,2.68117
1776099308.672606,160.66995930671692,PLC -> IO,1.285272
1776099308.7027688,160.70012211799622,IO -> PLC,2.86202
1776099308.7366085,160.73396182060242,PLC -> IO,1.513892
1776099308.7667675,160.76412081718445,IO -> PLC,2.47958
1776099308.800611,160.79796433448792,PLC -> IO,1.442812
1776099308.8307662,160.82811951637268,IO -> PLC,2.06512
1776099308.8646138,160.861967086792,PLC -> IO,1.222122
1776099308.8947647,160.89211797714233,IO -> PLC,1.27321
1776099308.9286163,160.9259696006775,PLC -> IO,1.162562
1776099308.9587634,160.95611667633057,IO -> PLC,2.39594
1776099308.9926188,160.989972114563,PLC -> IO,1.095732
1776099309.0227618,161.02011513710022,IO -> PLC,2.55936
1776099309.0566216,161.05397486686707,PLC -> IO,2.174212
1776099309.0867605,161.08411383628845,IO -> PLC,2.37668
1776099309.120624,161.11797738075256,PLC -> IO,1.825672
1776099309.150758,161.1481113433838,IO -> PLC,2.71194
1776099309.1846266,161.18197989463806,PLC -> IO,1.557132
1776099309.2147565,161.21210980415344,IO -> PLC,1.04039
1776099309.2486293,161.24598264694214,PLC -> IO,1.345092
1776099309.2787552,161.27610850334167,IO -> PLC,1.36125
1776099309.3126318,161.30998516082764,PLC -> IO,1.253692
1776099309.3427536,161.34010696411133,IO -> PLC,1.1284
1776099309.3766344,161.37398767471313,PLC -> IO,2.240402
1776099309.4067523,161.40410566329956,IO -> PLC,2.26755
1776099309.440637,161.4379904270172,PLC -> IO,1.216892
1776099309.4707508,161.4681041240692,IO -> PLC,3.20907
1776099309.5046396,161.5019929409027,PLC -> IO,1.361432
1776099309.5347495,161.53210282325745,IO -> PLC,3.35512
1776099309.5686421,161.5659954547882,PLC -> IO,1.550992
1776099309.598747,161.59610033035278,IO -> PLC,2.74129
1776099309.632645,161.62999820709229,PLC -> IO,1.643682
1776099309.6627457,161.66009902954102,IO -> PLC,0.68965
1776099309.6966474,161.69400072097778,PLC -> IO,1.424832
1776099309.7267442,161.72409749031067,IO -> PLC,1.42229
1776099309.76065,161.75800323486328,PLC -> IO,1.250952
1776099309.7907429,161.7880961894989,IO -> PLC,1.21584
1776099309.8246527,161.82200598716736,PLC -> IO,1.331942
1776099309.8547413,161.85209465026855,IO -> PLC,4.02937
1776099309.8886552,161.88600850105286,PLC -> IO,1.275992
1776099309.91874,161.9160933494568,IO -> PLC,3.27227
1776099309.9526577,161.95001101493835,PLC -> IO,1.448122
1776099309.9827385,161.98009181022644,IO -> PLC,0.77812
1776099310.0166605,162.01401376724243,PLC -> IO,1.479592
1776099310.0467372,162.04409050941467,IO -> PLC,1.1217
1776099310.080663,162.07801628112793,PLC -> IO,1.290112
1776099310.1107347,162.10808801651,IO -> PLC,2.05923
1776099310.1446655,162.14201879501343,PLC -> IO,1.290072
1776099310.1747334,162.17208671569824,IO -> PLC,1.65622
1776099310.2086682,162.2060215473175,PLC -> IO,1.373312
1776099310.2387319,162.2360851764679,IO -> PLC,1.47977
1776099310.2726707,162.270024061203,PLC -> IO,1.413042
1776099310.3027306,162.30008387565613,IO -> PLC,2.76011
1776099310.3366733,162.3340265750885,PLC -> IO,1.503802
1776099310.366729,162.36408233642578,IO -> PLC,2.93057
1776099310.400676,162.39802932739258,PLC -> IO,1.426392
1776099310.4307277,162.428081035614,IO -> PLC,1.39406
1776099310.4646785,162.46203184127808,PLC -> IO,1.211312
1776099310.4947262,162.49207949638367,IO -> PLC,1.74476
1776099310.528681,162.52603435516357,PLC -> IO,1.165022
1776099310.5587237,162.556077003479,IO -> PLC,0.59244
1776099310.5926838,162.59003710746765,PLC -> IO,1.319872
1776099310.6227224,162.62007570266724,IO -> PLC,1.72534
1776099310.6566863,162.65403962135315,PLC -> IO,1.891942
1776099310.6867208,162.6840741634369,IO -> PLC,2.6331
1776099310.7206888,162.71804213523865,PLC -> IO,1.740442
1776099310.7507195,162.74807286262512,IO -> PLC,3.19686
1776099310.7846916,162.78204488754272,PLC -> IO,1.630242
1776099310.814718,162.81207132339478,IO -> PLC,1.8498
1776099310.848694,162.84604740142822,PLC -> IO,1.367482
1776099310.8787167,162.876070022583,IO -> PLC,1.63415
1776099310.9126966,162.91004991531372,PLC -> IO,1.246002
1776099310.9427152,162.94006848335266,IO -> PLC,1.60819
1776099310.9766994,162.9740526676178,PLC -> IO,1.178822
1776099311.006713,163.00406622886658,IO -> PLC,1.00862
1776099311.0407019,163.0380551815033,PLC -> IO,3.865042
1776099311.0707114,163.06806468963623,IO -> PLC,5.92848
1776099311.1047044,163.1020576953888,PLC -> IO,1.638202
1776099311.13471,163.13206338882446,IO -> PLC,1.41608
1776099311.1687071,163.16606044769287,PLC -> IO,1.533682
1776099311.1987085,163.19606184959412,IO -> PLC,1.1626
1776099311.2327096,163.23006296157837,PLC -> IO,1.300192
1776099311.2627072,163.26006054878235,IO -> PLC,1.12232
1776099311.2967122,163.29406547546387,PLC -> IO,1.255752
1776099311.3267057,163.324059009552,IO -> PLC,1.87744
1776099311.360715,163.35806822776794,PLC -> IO,1.232762
1776099311.3907044,163.38805770874023,IO -> PLC,3.82878
1776099311.4247174,163.42207074165344,PLC -> IO,1.488012
1776099311.454702,163.45205521583557,IO -> PLC,3.92139
1776099311.48872,163.48607325553894,PLC -> IO,3.168102
1776099311.5187006,163.5160539150238,IO -> PLC,3.78982
1776099311.5527227,163.55007600784302,PLC -> IO,1.364972
1776099311.582699,163.58005237579346,IO -> PLC,3.31304
1776099311.6167252,163.61407852172852,PLC -> IO,1.724302
1776099311.6466978,163.6440510749817,IO -> PLC,1.39557
1776099311.6807277,163.678081035614,PLC -> IO,1.321292
1776099311.7106962,163.70804953575134,IO -> PLC,1.37057
1776099311.7447305,163.7420837879181,PLC -> IO,1.243882
1776099311.774695,163.77204823493958,IO -> PLC,0.97883
1776099311.808733,163.8060863018036,PLC -> IO,1.244082
1776099311.8386934,163.83604669570923,IO -> PLC,1.69844
1776099311.8727355,163.8700888156891,PLC -> IO,1.289332
1776099311.902692,163.90004539489746,IO -> PLC,3.20191
1776099311.9367383,163.93409156799316,PLC -> IO,1.467852
1776099311.9666896,163.9640429019928,IO -> PLC,2.82161
1776099312.0007408,163.99809408187866,PLC -> IO,1.452772
1776099312.030688,164.02804136276245,IO -> PLC,2.61318
1776099312.0647433,164.06209659576416,PLC -> IO,1.313052
1776099312.0946867,164.09204006195068,IO -> PLC,1.07259
1776099312.128746,164.12609934806824,PLC -> IO,1.174692
1776099312.1586852,164.15603852272034,IO -> PLC,1.82483
1776099312.1927485,164.19010186195374,PLC -> IO,1.287052
1776099312.222684,164.22003722190857,IO -> PLC,1.99321
1776099312.256751,164.25410437583923,PLC -> IO,1.321092
1776099312.2866824,164.28403568267822,IO -> PLC,2.91745
1776099312.3207538,164.3181071281433,PLC -> IO,1.684342
1776099312.350681,164.34803438186646,IO -> PLC,2.70796
1776099312.3847563,164.3821096420288,PLC -> IO,1.444772
1776099312.4146786,164.4120318889618,IO -> PLC,2.11455
1776099312.4487588,164.4461121559143,PLC -> IO,1.227862
1776099312.4786773,164.47603058815002,IO -> PLC,0.78181
1776099312.5127616,164.51011490821838,PLC -> IO,1.219092
1776099312.5426757,164.54002904891968,IO -> PLC,2.26408
1776099312.576764,164.57411742210388,PLC -> IO,1.175372
1776099312.6066744,164.6040277481079,IO -> PLC,2.07315
1776099312.6407666,164.63811993598938,PLC -> IO,1.467502
1776099312.670673,164.66802620887756,IO -> PLC,3.55943
1776099312.7047694,164.70212268829346,PLC -> IO,1.525852
1776099312.7346716,164.7320249080658,IO -> PLC,2.59639
1776099312.768772,164.76612520217896,PLC -> IO,1.493102
1776099312.79867,164.79602336883545,IO -> PLC,1.80632
1776099312.8327744,164.83012771606445,PLC -> IO,1.265612
1776099312.8626678,164.86002111434937,IO -> PLC,1.21698
1776099312.8967772,164.89413046836853,PLC -> IO,1.242212
1776099312.9266663,164.92401957511902,IO -> PLC,1.0107
1776099312.9607797,164.95813298225403,PLC -> IO,1.215922
1776099312.990665,164.98801827430725,IO -> PLC,1.60092
1776099313.0247822,165.02213549613953,PLC -> IO,1.265972
1776099313.0546634,165.0520167350769,IO -> PLC,3.89756
1776099313.088785,165.0861382484436,PLC -> IO,1.273772
1776099313.118662,165.11601543426514,IO -> PLC,3.65327
1776099313.1527874,165.1501407623291,PLC -> IO,1.360702
1776099313.1826606,165.1800138950348,IO -> PLC,3.40586
1776099313.21679,165.2141432762146,PLC -> IO,1.760912
1776099313.2466593,165.24401259422302,IO -> PLC,2.06073
1776099313.2807927,165.27814602851868,PLC -> IO,1.389582
1776099313.3106577,165.30801105499268,IO -> PLC,2.41055
1776099313.3447952,165.34214854240417,PLC -> IO,1.241622
1776099313.3746552,165.372008562088,IO -> PLC,1.84369
1776099313.4087977,165.40615105628967,PLC -> IO,1.406382
1776099313.438654,165.43600726127625,IO -> PLC,2.76066
1776099313.4728003,165.47015357017517,PLC -> IO,1.494032
1776099313.5026524,165.5000057220459,IO -> PLC,2.92415
1776099313.536803,165.53415632247925,PLC -> IO,1.484142
1776099313.566651,165.56400442123413,IO -> PLC,2.168
1776099313.6008055,165.59815883636475,PLC -> IO,1.514032
1776099313.6306498,165.62800312042236,IO -> PLC,0.98863
1776099313.664808,165.66216135025024,PLC -> IO,1.138062
1776099313.6946483,165.69200158119202,IO -> PLC,0.97076
1776099313.7288108,165.72616410255432,PLC -> IO,1.840052
1776099313.758647,165.75600028038025,IO -> PLC,2.08645
1776099313.7928133,165.79016661643982,PLC -> IO,1.270942
1776099313.8226445,165.8199977874756,IO -> PLC,2.83549
1776099313.8568158,165.85416913032532,PLC -> IO,1.820842
1776099313.886643,165.88399624824524,IO -> PLC,2.51753
1776099313.9208186,165.9181718826294,PLC -> IO,1.609362
1776099313.9506416,165.94799494743347,IO -> PLC,2.28772
1776099313.984821,165.9821743965149,PLC -> IO,1.467162
1776099314.01464,166.01199340820312,IO -> PLC,2.19295
1776099314.0488236,166.0461769104004,PLC -> IO,1.235342
1776099314.0786388,166.07599210739136,IO -> PLC,2.18213
1776099314.1128263,166.11017966270447,PLC -> IO,1.164022
1776099314.1426375,166.1399908065796,IO -> PLC,1.01748
1776099314.1768289,166.17418217658997,PLC -> IO,2.010492
1776099314.206636,166.20398926734924,IO -> PLC,1.37529
1776099314.2408314,166.23818469047546,PLC -> IO,1.320672
1776099314.2706335,166.26798677444458,IO -> PLC,2.89349
1776099314.3048341,166.30218744277954,PLC -> IO,1.513672
1776099314.3346322,166.3319854736328,IO -> PLC,3.42636
1776099314.3688366,166.36618995666504,PLC -> IO,1.573242
1776099314.3986306,166.39598393440247,IO -> PLC,2.46036
1776099314.4328392,166.43019247055054,PLC -> IO,1.363032
1776099314.4626293,166.4599826335907,IO -> PLC,2.24368
1776099314.496842,166.49419522285461,PLC -> IO,1.354352
1776099314.5266278,166.52398109436035,IO -> PLC,2.62206
1776099314.5608444,166.5581977367401,PLC -> IO,1.246792
1776099314.5906265,166.58797979354858,IO -> PLC,2.77915
1776099314.624847,166.6222002506256,PLC -> IO,1.259722
1776099314.654625,166.65197825431824,IO -> PLC,2.76232
1776099314.6888497,166.6862030029297,PLC -> IO,1.270572
1776099314.7186224,166.71597576141357,IO -> PLC,3.75713
1776099314.7528522,166.75020551681519,PLC -> IO,1.511262
1776099314.7826211,166.7799744606018,IO -> PLC,3.64828
1776099314.8168547,166.81420803070068,PLC -> IO,1.685552
1776099314.8466198,166.84397315979004,IO -> PLC,2.14227
1776099314.8808575,166.87821078300476,PLC -> IO,1.231002
1776099314.9106183,166.9079716205597,IO -> PLC,2.48889
1776099314.94486,166.94221329689026,PLC -> IO,1.236082
1776099314.974617,166.97197031974792,IO -> PLC,1.71217
1776099315.0088625,167.00621581077576,PLC -> IO,1.279082
1776099315.0386155,167.03596878051758,IO -> PLC,3.4403
1776099315.0728652,167.07021856307983,PLC -> IO,1.586022
1776099315.1026142,167.0999674797058,IO -> PLC,1.91388
1776099315.1368678,167.13422107696533,PLC -> IO,1.444052
1776099315.1666126,167.16396594047546,IO -> PLC,2.99269
1776099315.2008703,167.19822359085083,PLC -> IO,1.369142
1776099315.2306101,167.2279634475708,IO -> PLC,1.07121
1776099315.264873,167.2622263431549,PLC -> IO,1.323662
1776099315.2946088,167.29196214675903,IO -> PLC,2.00058
1776099315.3288755,167.3262288570404,PLC -> IO,1.319702
1776099315.3586075,167.35596084594727,IO -> PLC,2.55088
1776099315.392878,167.3902313709259,PLC -> IO,1.233022
1776099315.422606,167.41995930671692,IO -> PLC,1.77426
1776099315.4568808,167.45423412322998,PLC -> IO,1.216092
1776099315.4866047,167.48395800590515,IO -> PLC,1.60557
1776099315.5208833,167.51823663711548,PLC -> IO,1.620392
1776099315.5506032,167.5479564666748,IO -> PLC,3.81933
1776099315.5848858,167.58223915100098,PLC -> IO,1.608192
1776099315.6146016,167.61195492744446,IO -> PLC,0.80499
1776099315.6488886,167.64624190330505,PLC -> IO,1.332472
1776099315.6785994,167.67595267295837,IO -> PLC,1.3257
1776099315.712891,167.71024441719055,PLC -> IO,1.143612
1776099315.7425978,167.73995113372803,IO -> PLC,1.30686
1776099315.7768936,167.77424693107605,PLC -> IO,1.321672
1776099315.8065965,167.80394983291626,IO -> PLC,1.85926
1776099315.8408964,167.83824968338013,PLC -> IO,1.299552
1776099315.870595,167.8679482936859,IO -> PLC,1.11934
1776099315.904899,167.90225219726562,PLC -> IO,1.450002
1776099315.9345937,167.93194699287415,IO -> PLC,3.70343
1776099315.9689014,167.96625471115112,PLC -> IO,1.481572
1776099315.9985921,167.9959454536438,IO -> PLC,1.9826
1776099316.0329041,168.0302574634552,PLC -> IO,1.263592
1776099316.0625908,168.05994415283203,IO -> PLC,2.5157
1776099316.0969067,168.0942599773407,PLC -> IO,1.233312
1776099316.1265883,168.12394165992737,IO -> PLC,1.37234
1776099316.1609092,168.1582624912262,PLC -> IO,1.224322
1776099316.190587,168.1879403591156,IO -> PLC,2.88429
1776099316.224912,168.22226524353027,PLC -> IO,1.333642
1776099316.2545855,168.25193881988525,IO -> PLC,3.41836
1776099316.2889144,168.28626775741577,PLC -> IO,2.213702
1776099316.3185842,168.3159375190735,IO -> PLC,2.30044
1776099316.352917,168.35027027130127,PLC -> IO,1.516932
1776099316.3825827,168.37993597984314,IO -> PLC,3.94872
1776099316.4169197,168.41427302360535,PLC -> IO,1.667782
1776099316.4465814,168.44393467903137,IO -> PLC,1.08599
1776099316.4809222,168.47827553749084,PLC -> IO,1.216532
1776099316.5105798,168.50793313980103,IO -> PLC,1.13764
1776099316.5449247,168.54227805137634,PLC -> IO,1.218172
1776099316.5745785,168.57193183898926,IO -> PLC,2.18693
1776099316.6089275,168.60628080368042,PLC -> IO,1.227322
1776099316.638576,168.6359293460846,IO -> PLC,3.10286
1776099316.67293,168.67028331756592,PLC -> IO,1.528332
1776099316.7025745,168.69992780685425,IO -> PLC,3.27644
1776099316.7369325,168.73428583145142,PLC -> IO,2.243522
1776099316.7665732,168.76392650604248,IO -> PLC,2.88262
1776099316.8009353,168.7982885837555,PLC -> IO,1.551382
1776099316.8305717,168.82792496681213,IO -> PLC,0.81065
1776099316.8649378,168.862291097641,PLC -> IO,1.432222
1776099316.8945704,168.89192366600037,IO -> PLC,1.32216
1776099316.9289403,168.9262936115265,PLC -> IO,1.377692
1776099316.9585688,168.95592212677002,IO -> PLC,1.171
1776099316.992943,168.99029636383057,PLC -> IO,1.268772
1776099317.0225675,169.01992082595825,IO -> PLC,2.58694
1776099317.0569456,169.05429887771606,PLC -> IO,1.725312
1776099317.086565,169.0839183330536,IO -> PLC,2.79212
1776099317.120948,169.11830139160156,PLC -> IO,1.610312
1776099317.1505637,169.14791703224182,IO -> PLC,3.92022
1776099317.1849508,169.18230414390564,PLC -> IO,1.487532
1776099317.2145622,169.21191549301147,IO -> PLC,2.19203
1776099317.2489533,169.24630665779114,PLC -> IO,1.233572
1776099317.2785609,169.2759141921997,IO -> PLC,2.17519
1776099317.3129559,169.31030917167664,PLC -> IO,1.324972
1776099317.3425593,169.33991265296936,IO -> PLC,2.32212
1776099317.3769586,169.3743119239807,PLC -> IO,2.355772
1776099317.406558,169.4039113521576,IO -> PLC,0.64722
1776099317.4409611,169.4383144378662,PLC -> IO,1.443552
1776099317.4705565,169.46790981292725,IO -> PLC,1.02359
1776099317.5049636,169.5023169517517,PLC -> IO,1.578782
1776099317.5345542,169.53190755844116,IO -> PLC,1.95296
1776099317.5689664,169.5663197040558,PLC -> IO,1.471702
1776099317.5985527,169.59590601921082,IO -> PLC,1.31962
1776099317.632969,169.63032221794128,PLC -> IO,1.239342
1776099317.6625514,169.65990471839905,IO -> PLC,2.24283
1776099317.6969714,169.69432473182678,PLC -> IO,1.218832
1776099317.7265499,169.7239031791687,IO -> PLC,2.03222
1776099317.760974,169.75832724571228,PLC -> IO,1.243272
1776099317.7905486,169.78790187835693,IO -> PLC,1.63449
1776099317.8249767,169.82232999801636,PLC -> IO,1.451712
1776099317.854547,169.8519003391266,IO -> PLC,0.78802
1776099317.8889792,169.88633251190186,PLC -> IO,1.448552
1776099317.9185457,169.91589903831482,IO -> PLC,3.16136
1776099317.9529817,169.95033502578735,PLC -> IO,1.525962
1776099317.9825442,169.97989749908447,IO -> PLC,3.65752
1776099318.0169845,170.01433777809143,PLC -> IO,1.721452
1776099318.0465417,170.0438950061798,IO -> PLC,2.89193
1776099318.080987,170.07834029197693,PLC -> IO,1.353002
1776099318.1105404,170.10789370536804,IO -> PLC,2.29035
1776099318.1449895,170.14234280586243,PLC -> IO,1.209672
1776099318.1745389,170.1718921661377,IO -> PLC,2.45688
1776099318.2089922,170.2063455581665,PLC -> IO,1.201402
1776099318.2385375,170.23589086532593,IO -> PLC,1.67081
1776099318.2729948,170.270348072052,PLC -> IO,1.437612
1776099318.302536,170.29988932609558,IO -> PLC,1.71126
1776099318.3369973,170.3343505859375,PLC -> IO,1.360212
1776099318.3665347,170.3638880252838,IO -> PLC,3.3573
1776099318.401,170.39835333824158,PLC -> IO,1.512902
1776099318.4305334,170.42788672447205,IO -> PLC,2.5837
1776099318.4650025,170.46235585212708,PLC -> IO,1.266282
1776099318.494531,170.49188423156738,IO -> PLC,2.1839
1776099318.529005,170.52635836601257,PLC -> IO,1.394892
1776099318.5585294,170.55588269233704,IO -> PLC,3.29231
1776099318.5930078,170.59036111831665,PLC -> IO,1.297882
1776099318.622528,170.61988139152527,IO -> PLC,3.26619
1776099318.6570103,170.65436363220215,PLC -> IO,1.396492
1776099318.6865265,170.68387985229492,IO -> PLC,1.22583
1776099318.7210128,170.71836614608765,PLC -> IO,1.711512
1776099318.7505252,170.74787855148315,IO -> PLC,3.29388
1776099318.7850156,170.78236889839172,PLC -> IO,1.497852
1776099318.8145237,170.8118770122528,IO -> PLC,2.44654
1776099318.849018,170.84637141227722,PLC -> IO,1.187002
1776099318.8785224,170.87587571144104,IO -> PLC,2.42874
1776099318.9130206,170.91037392616272,PLC -> IO,1.318972
1776099318.94252,170.93987321853638,IO -> PLC,2.41574
1776099318.9770234,170.9743766784668,PLC -> IO,1.286772
1776099319.0065184,171.00387167930603,IO -> PLC,2.20962
1776099319.0410259,171.0383791923523,PLC -> IO,3.538182
1776099319.070517,171.06787037849426,IO -> PLC,5.91807
1776099319.1050284,171.1023817062378,PLC -> IO,1.569752
1776099319.1345158,171.1318690776825,IO -> PLC,4.05795
1776099319.1690311,171.16638445854187,PLC -> IO,1.460752
1776099319.1985142,171.19586753845215,IO -> PLC,4.81819
1776099319.2330337,171.23038697242737,PLC -> IO,1.264712
1776099319.262513,171.25986623764038,IO -> PLC,2.7451
1776099319.2970362,171.29438948631287,PLC -> IO,1.326992
1776099319.3265114,171.32386469841003,IO -> PLC,1.36205
1776099319.361039,171.35839223861694,PLC -> IO,1.172632
1776099319.390509,171.38786220550537,IO -> PLC,3.7938
1776099319.4250414,171.42239475250244,PLC -> IO,1.407072
1776099319.4545076,171.4518609046936,IO -> PLC,3.2135
1776099319.489044,171.48639726638794,PLC -> IO,1.395752
1776099319.518506,171.51585936546326,IO -> PLC,1.90029
1776099319.5530467,171.55040001869202,PLC -> IO,1.624362
1776099319.5825047,171.5798580646515,IO -> PLC,1.26886
1776099319.6170492,171.61440253257751,PLC -> IO,1.578252
1776099319.6465034,171.64385676383972,IO -> PLC,1.46187
1776099319.6810517,171.678405046463,PLC -> IO,1.273562
1776099319.710502,171.70785522460938,IO -> PLC,2.17828
1776099319.7450545,171.7424077987671,PLC -> IO,1.221352
1776099319.7745006,171.7718539237976,IO -> PLC,1.59917
1776099319.809057,171.8064103126526,PLC -> IO,1.179642
1776099319.838499,171.83585238456726,IO -> PLC,3.38866
1776099319.8730595,171.8704128265381,PLC -> IO,1.657222
1776099319.9024966,171.8998498916626,IO -> PLC,2.743
1776099319.9370623,171.93441557884216,PLC -> IO,1.575502
1776099319.9664953,171.96384859085083,IO -> PLC,3.82597
1776099320.0010648,171.99841809272766,PLC -> IO,3.429772
1776099320.0304937,172.02784705162048,IO -> PLC,3.22039
1776099320.0650673,172.06242060661316,PLC -> IO,1.281582
1776099320.0944924,172.09184575080872,IO -> PLC,2.26527
1776099320.12907,172.12642335891724,PLC -> IO,1.258172
1776099320.1584911,172.15584444999695,IO -> PLC,2.43588
1776099320.1930726,172.19042587280273,PLC -> IO,1.189972
1776099320.2224896,172.2198429107666,IO -> PLC,4.31954
1776099320.257075,172.25442838668823,PLC -> IO,1.210092
1776099320.286488,172.28384137153625,IO -> PLC,2.42557
1776099320.3210778,172.3184311389923,PLC -> IO,1.710792
1776099320.3504858,172.34783911705017,IO -> PLC,3.15006
1776099320.3850803,172.3824336528778,PLC -> IO,1.374652
1776099320.4144843,172.41183757781982,IO -> PLC,0.68791
1776099320.4490829,172.4464361667633,PLC -> IO,1.463802
1776099320.478483,172.47583627700806,IO -> PLC,3.2863
1776099320.5130856,172.51043891906738,PLC -> IO,1.393452
1776099320.5424814,172.5398347377777,IO -> PLC,1.92501
1776099320.577088,172.57444143295288,PLC -> IO,1.305812
1776099320.6064801,172.60383343696594,IO -> PLC,2.30123
1776099320.6410906,172.63844394683838,PLC -> IO,1.228562
1776099320.6704786,172.6678318977356,IO -> PLC,3.04916
1776099320.7050934,172.70244669914246,PLC -> IO,1.453972
1776099320.7344773,172.73183059692383,IO -> PLC,3.59458
1776099320.769096,172.76644921302795,PLC -> IO,1.498582
1776099320.7984748,172.79582810401917,IO -> PLC,2.2392
1776099320.8330984,172.83045172691345,PLC -> IO,1.176922
1776099320.8624735,172.8598268032074,IO -> PLC,2.4179
1776099320.8971012,172.89445447921753,PLC -> IO,1.165932
1776099320.926472,172.92382526397705,IO -> PLC,2.58843
1776099320.9611037,172.95845699310303,PLC -> IO,1.417662
1776099320.9904706,172.98782396316528,IO -> PLC,2.17223
1776099321.0251062,173.02245950698853,PLC -> IO,1.475222
1776099321.054469,173.05182242393494,IO -> PLC,1.9589
1776099321.089109,173.0864622592926,PLC -> IO,1.500312
1776099321.1184678,173.11582112312317,IO -> PLC,4.66466
1776099321.1531115,173.1504647731781,PLC -> IO,1.721712
1776099321.1824663,173.17981958389282,IO -> PLC,4.03124
1776099321.217114,173.2144672870636,PLC -> IO,1.670632
1776099321.246465,173.24381828308105,IO -> PLC,2.49162
1776099321.2811167,173.27847003936768,PLC -> IO,1.196662
1776099321.3104625,173.3078157901764,IO -> PLC,2.09796
1776099321.3451192,173.34247255325317,PLC -> IO,1.181982
1776099321.374461,173.37181425094604,IO -> PLC,2.08113
1776099321.4091218,173.40647506713867,PLC -> IO,1.202192
1776099321.4384596,173.43581295013428,IO -> PLC,1.29618
1776099321.4731243,173.47047758102417,PLC -> IO,1.613362
1776099321.502458,173.49981141090393,IO -> PLC,1.70113
1776099321.537127,173.53448033332825,PLC -> IO,1.525152
1776099321.5664568,173.56381011009216,IO -> PLC,4.30073
1776099321.6011295,173.59848284721375,PLC -> IO,1.598072
1776099321.6304553,173.62780857086182,IO -> PLC,2.92607
1776099321.665132,173.66248536109924,PLC -> IO,1.418272
1776099321.694454,173.69180727005005,IO -> PLC,2.14808
1776099321.7291348,173.72648811340332,PLC -> IO,1.261822
1776099321.7584515,173.75580477714539,IO -> PLC,1.96027
1776099321.7931373,173.79049062728882,PLC -> IO,1.186822
1776099321.8224502,173.81980347633362,IO -> PLC,2.68372
1776099321.8571398,173.85449314117432,PLC -> IO,1.668162
1776099321.8864486,173.88380193710327,IO -> PLC,1.57299
1776099321.9211426,173.9184958934784,PLC -> IO,1.622272
1776099321.9504473,173.9478006362915,IO -> PLC,3.97098
1776099321.985145,173.9824984073639,PLC -> IO,1.576232
1776099322.0144458,174.01179909706116,IO -> PLC,2.45288
1776099322.0491476,174.0465009212494,PLC -> IO,1.286742
1776099322.0784445,174.0757977962494,IO -> PLC,2.05611
1776099322.1131504,174.11050367355347,PLC -> IO,1.268622
1776099322.142443,174.13979625701904,IO -> PLC,2.59306
1776099322.1771529,174.17450618743896,PLC -> IO,1.288752
1776099322.2064407,174.20379400253296,IO -> PLC,0.89582
1776099322.2411554,174.23850870132446,PLC -> IO,1.268232
1776099322.2704391,174.2677924633026,IO -> PLC,2.6013
1776099322.3051581,174.30251145362854,PLC -> IO,1.572272
1776099322.3344376,174.33179092407227,IO -> PLC,4.0611
1776099322.3691607,174.36651396751404,PLC -> IO,1.436952
1776099322.3984363,174.3957896232605,IO -> PLC,2.52435
1776099322.4331632,174.43051648139954,PLC -> IO,1.151062
1776099322.4624348,174.45978808403015,IO -> PLC,2.49624
1776099322.497166,174.4945192337036,PLC -> IO,1.292792
1776099322.5264335,174.52378678321838,IO -> PLC,2.66285
1776099322.5611684,174.5585217475891,PLC -> IO,1.315872
1776099322.590432,174.58778524398804,IO -> PLC,2.83427
1776099322.625171,174.6225242614746,PLC -> IO,1.382632
1776099322.6544306,174.65178394317627,IO -> PLC,2.33509
1776099322.6891737,174.6865270137787,PLC -> IO,1.378662
1776099322.7184281,174.7157814502716,IO -> PLC,3.55815
1776099322.7531762,174.75052952766418,PLC -> IO,2.315142
1776099322.7824268,174.77978014945984,IO -> PLC,1.8394
1776099322.8171787,174.81453204154968,PLC -> IO,1.732042
1776099322.8464253,174.8437786102295,IO -> PLC,3.33599
1776099322.8811815,174.87853479385376,PLC -> IO,1.268222
1776099322.910424,174.90777730941772,IO -> PLC,2.548
1776099322.945184,174.94253730773926,PLC -> IO,1.155542
1776099322.9744225,174.97177577018738,IO -> PLC,2.34388
1776099323.0091865,175.00653982162476,PLC -> IO,1.271992
1776099323.0384212,175.0357744693756,IO -> PLC,2.20191
1776099323.0731893,175.07054257392883,PLC -> IO,1.337542
1776099323.1024196,175.09977293014526,IO -> PLC,2.57742
1776099323.1371918,175.13454508781433,PLC -> IO,1.539512
1776099323.1664174,175.16377067565918,IO -> PLC,4.00417
1776099323.2011943,175.19854760169983,PLC -> IO,1.519232
1776099323.2304158,175.22776913642883,IO -> PLC,2.45135
1776099323.265197,175.2625503540039,PLC -> IO,1.250712
1776099323.2944143,175.2917675971985,IO -> PLC,2.63836
1776099323.3291996,175.3265528678894,PLC -> IO,1.244752
1776099323.358413,175.35576629638672,IO -> PLC,2.61728
1776099323.393202,175.3905553817749,PLC -> IO,1.209352
1776099323.4224117,175.41976499557495,IO -> PLC,4.11476
1776099323.4572048,175.45455813407898,PLC -> IO,1.365392
1776099323.4864101,175.4837634563446,IO -> PLC,1.48772
1776099323.5212073,175.51856064796448,PLC -> IO,1.876322
1776099323.5504088,175.54776215553284,IO -> PLC,0.74078
1776099323.5852098,175.58256316184998,PLC -> IO,1.587242
1776099323.6144063,175.61175966262817,IO -> PLC,3.10764
1776099323.6492126,175.64656591415405,PLC -> IO,1.350872
1776099323.6784048,175.67575812339783,IO -> PLC,2.5123
1776099323.713215,175.71056842803955,PLC -> IO,1.259782
1776099323.7424035,175.73975682258606,IO -> PLC,2.30794
1776099323.7772176,175.77457094192505,PLC -> IO,1.258782
1776099323.806402,175.8037552833557,IO -> PLC,2.6556
1776099323.8412204,175.83857369422913,PLC -> IO,1.228172
1776099323.8704007,175.86775398254395,IO -> PLC,1.56144
1776099323.905223,175.90257620811462,PLC -> IO,1.425662
1776099323.9343994,175.93175268173218,IO -> PLC,3.76046
1776099323.9692254,175.96657872200012,PLC -> IO,1.402982
1776099323.9983978,175.99575114250183,IO -> PLC,0.57429
1776099324.0332282,176.0305814743042,PLC -> IO,1.253732
1776099324.0623965,176.05974984169006,IO -> PLC,3.35093
1776099324.0972307,176.0945839881897,PLC -> IO,1.460582
1776099324.126394,176.1237473487854,IO -> PLC,2.75639
1776099324.1612332,176.1585865020752,PLC -> IO,1.308702
1776099324.1903925,176.18774580955505,IO -> PLC,2.73756
1776099324.2252357,176.2225890159607,PLC -> IO,1.585402
1776099324.2543912,176.2517445087433,IO -> PLC,3.28682
1776099324.2892385,176.28659176826477,PLC -> IO,1.450542
1776099324.3183897,176.31574296951294,IO -> PLC,1.19238
1776099324.353241,176.35059428215027,PLC -> IO,1.521862
1776099324.3823884,176.37974166870117,IO -> PLC,4.37753
1776099324.4172435,176.41459679603577,PLC -> IO,2.402662
1776099324.4463868,176.44374012947083,IO -> PLC,2.28484
1776099324.4812462,176.47859954833984,PLC -> IO,1.202022
1776099324.5103855,176.50773882865906,IO -> PLC,1.88815
1776099324.5452487,176.54260206222534,PLC -> IO,1.690882
1776099324.574383,176.5717363357544,IO -> PLC,2.44765
1776099324.6092513,176.60660457611084,PLC -> IO,1.347472
1776099324.6383817,176.63573503494263,IO -> PLC,1.31157
1776099324.673254,176.67060732841492,PLC -> IO,1.818172
1776099324.7023802,176.69973349571228,IO -> PLC,1.4913
1776099324.7372565,176.73460984230042,PLC -> IO,1.510762
1776099324.7663789,176.7637321949005,IO -> PLC,3.5204
1776099324.801259,176.7986123561859,PLC -> IO,1.504642
1776099324.8303773,176.82773065567017,IO -> PLC,2.34743
1776099324.8652618,176.86261510849,PLC -> IO,1.222042
1776099324.894376,176.8917293548584,IO -> PLC,2.31828
1776099324.9292643,176.9266176223755,PLC -> IO,1.172242
1776099324.9583745,176.95572781562805,IO -> PLC,2.49489
1776099324.9932668,176.990620136261,PLC -> IO,1.250842
1776099325.022372,177.0197253227234,IO -> PLC,3.4397
1776099325.0572696,177.05462288856506,PLC -> IO,1.932032
1776099325.0863707,177.08372402191162,IO -> PLC,1.35613
1776099325.121272,177.11862540245056,PLC -> IO,1.644202
1776099325.1503694,177.14772272109985,IO -> PLC,4.34071
1776099325.1852746,177.18262791633606,PLC -> IO,1.565442
1776099325.2143679,177.2117211818695,IO -> PLC,1.20254
1776099325.2492774,177.24663066864014,PLC -> IO,1.392042
1776099325.2783666,177.27571988105774,IO -> PLC,2.60288
1776099325.3132799,177.31063318252563,PLC -> IO,1.411212
1776099325.342365,177.3397183418274,IO -> PLC,2.58812
1776099325.3772824,177.37463569641113,PLC -> IO,2.285522
1776099325.4063635,177.40371680259705,IO -> PLC,2.38464
1776099325.4412851,177.4386384487152,PLC -> IO,1.240972
1776099325.4703612,177.46771454811096,IO -> PLC,1.62745
1776099325.5052876,177.5026409626007,PLC -> IO,1.391092
1776099325.5343597,177.53171300888062,IO -> PLC,3.46519
1776099325.5692902,177.5666434764862,PLC -> IO,1.426562
1776099325.5983584,177.59571170806885,IO -> PLC,2.50622
1776099325.633293,177.63064622879028,PLC -> IO,1.328112
1776099325.6623569,177.6597101688385,IO -> PLC,2.29682
1776099325.6972954,177.69464874267578,PLC -> IO,1.302392
1776099325.7263556,177.72370886802673,IO -> PLC,2.84321
1776099325.761298,177.75865125656128,PLC -> IO,1.335562
1776099325.790354,177.7877073287964,IO -> PLC,1.71928
1776099325.8253007,177.82265400886536,PLC -> IO,1.330472
1776099325.8543527,177.85170602798462,IO -> PLC,3.38877
1776099325.8893032,177.88665652275085,PLC -> IO,1.412042
1776099325.9183512,177.91570448875427,IO -> PLC,5.76004
1776099325.9533057,177.95065903663635,PLC -> IO,1.413692
1776099325.982349,177.9797022342682,IO -> PLC,2.57482
1776099326.0173085,178.01466178894043,PLC -> IO,1.478142
1776099326.0463474,178.04370069503784,IO -> PLC,1.2064
1776099326.081311,178.07866430282593,PLC -> IO,1.139602
1776099326.110346,178.10769939422607,IO -> PLC,2.73044
1776099326.1453135,178.14266681671143,PLC -> IO,1.296922
1776099326.1743445,178.17169785499573,IO -> PLC,2.1411
1776099326.2093163,178.2066695690155,PLC -> IO,1.314252
1776099326.2383432,178.23569655418396,IO -> PLC,3.46264
1776099326.2733188,178.270672082901,PLC -> IO,1.593982
1776099326.3023417,178.2996950149536,IO -> PLC,1.56556
1776099326.3373213,178.3346745967865,PLC -> IO,1.516902
1776099326.3663404,178.36369371414185,IO -> PLC,3.98179
1776099326.401324,178.39867734909058,PLC -> IO,1.472312
1776099326.430338,178.42769122123718,IO -> PLC,0.96451
1776099326.4653265,178.46267986297607,PLC -> IO,1.290182
1776099326.4943364,178.49168968200684,IO -> PLC,3.56507
1776099326.529329,178.52668237686157,PLC -> IO,1.166452
1776099326.558335,178.55568838119507,IO -> PLC,2.22418
1776099326.5933318,178.59068512916565,PLC -> IO,1.154652
1776099326.6223335,178.61968684196472,IO -> PLC,2.94233
1776099326.6573343,178.65468764305115,PLC -> IO,1.485672
1776099326.6863322,178.68368554115295,IO -> PLC,1.45911
1776099326.7213368,178.71869015693665,PLC -> IO,1.664762
1776099326.7503307,178.7476840019226,IO -> PLC,3.67365
1776099326.7853396,178.78269290924072,PLC -> IO,1.664232
1776099326.8143294,178.81168270111084,IO -> PLC,2.86622
1776099326.849342,178.84669542312622,PLC -> IO,1.270582
1776099326.8783278,178.8756811618805,IO -> PLC,3.25573
1776099326.9133446,178.91069793701172,PLC -> IO,1.216782
1776099326.9423256,178.9396789073944,IO -> PLC,2.2774
1776099326.9773471,178.97470045089722,PLC -> IO,1.246662
1776099327.006324,179.00367736816406,IO -> PLC,0.97644
1776099327.04135,179.0387032032013,PLC -> IO,3.978062
1776099327.0703228,179.0676760673523,IO -> PLC,0.83255
1776099327.1053524,179.1027057170868,PLC -> IO,1.669862
1776099327.1343212,179.13167452812195,IO -> PLC,3.76369
1776099327.169355,179.1667082309723,PLC -> IO,1.499102
1776099327.19832,179.19567322731018,IO -> PLC,2.39927
1776099327.2333577,179.23071098327637,PLC -> IO,1.316422
1776099327.2623184,179.25967168807983,IO -> PLC,2.57277
1776099327.2973602,179.29471349716187,PLC -> IO,1.296792
1776099327.326317,179.32367038726807,IO -> PLC,2.42193
1776099327.3613627,179.35871601104736,PLC -> IO,1.232502
1776099327.3903146,179.3876678943634,IO -> PLC,0.67317
1776099327.4253654,179.42271876335144,PLC -> IO,1.307262
1776099327.454313,179.45166635513306,IO -> PLC,1.6671
1776099327.489368,179.48672127723694,PLC -> IO,1.325292
1776099327.5183117,179.5156650543213,IO -> PLC,2.79296
1776099327.5533705,179.55072379112244,PLC -> IO,1.877032
1776099327.5823102,179.57966351509094,IO -> PLC,4.56613
1776099327.6173732,179.6147265434265,PLC -> IO,1.488812
1776099327.646309,179.64366221427917,IO -> PLC,2.84521
1776099327.6813757,179.678729057312,PLC -> IO,1.468772
1776099327.7103076,179.7076609134674,IO -> PLC,2.62845
1776099327.7453783,179.7427315711975,PLC -> IO,1.312412
1776099327.774306,179.77165937423706,IO -> PLC,2.97643
1776099327.809381,179.8067343235016,PLC -> IO,1.261652
1776099327.8383036,179.8356568813324,IO -> PLC,2.01428
1776099327.8733835,179.87073683738708,PLC -> IO,1.551142
1776099327.9023023,179.89965558052063,IO -> PLC,1.65934
1776099327.937386,179.93473935127258,PLC -> IO,1.505582
1776099327.9663007,179.96365404129028,IO -> PLC,4.0787
1776099328.0013888,179.99874210357666,PLC -> IO,1.465292
1776099328.0302994,180.02765274047852,IO -> PLC,2.33826
1776099328.0653913,180.06274461746216,PLC -> IO,1.225322
1776099328.094298,180.09165120124817,IO -> PLC,1.97541
1776099328.1293938,180.12674713134766,PLC -> IO,1.150482
1776099328.1582966,180.1556499004364,IO -> PLC,2.49612
1776099328.1933966,180.19074988365173,PLC -> IO,1.487422
1776099328.2222953,180.21964859962463,IO -> PLC,2.18831
1776099328.257399,180.25475239753723,PLC -> IO,1.409542
1776099328.2862926,180.2836458683014,IO -> PLC,2.38237
1776099328.3214016,180.31875491142273,PLC -> IO,1.848002
1776099328.3502913,180.34764456748962,IO -> PLC,0.57945
1776099328.3854043,180.3827576637268,PLC -> IO,1.533952
1776099328.41429,180.41164326667786,IO -> PLC,2.42126
1776099328.4494069,180.4467601776123,PLC -> IO,1.257272
1776099328.4782884,180.4756417274475,IO -> PLC,2.38186
1776099328.5134094,180.5107626914978,PLC -> IO,1.238752
1776099328.542287,180.53964042663574,IO -> PLC,2.16741
1776099328.5774121,180.57476544380188,PLC -> IO,1.214062
1776099328.6062856,180.6036388874054,IO -> PLC,2.91134
1776099328.6414146,180.63876795768738,PLC -> IO,1.172912
1776099328.6702843,180.66763758659363,IO -> PLC,1.2497
1776099328.7054172,180.70277047157288,PLC -> IO,1.559042
1776099328.7342827,180.73163604736328,IO -> PLC,4.0254
1776099328.76942,180.76677322387695,PLC -> IO,1.495642
1776099328.7982802,180.79563355445862,IO -> PLC,5.14013
1776099328.8334224,180.83077573776245,PLC -> IO,1.306632
1776099328.862279,180.85963225364685,IO -> PLC,3.41314
1776099328.897425,180.89477825164795,PLC -> IO,1.367312
1776099328.9262776,180.92363095283508,IO -> PLC,2.64859
1776099328.9614277,180.95878100395203,PLC -> IO,1.254152
1776099328.990276,180.98762941360474,IO -> PLC,0.70879
1776099329.0254302,181.02278351783752,PLC -> IO,1.338362
1776099329.0542748,181.05162811279297,IO -> PLC,1.69624
1776099329.0894327,181.08678603172302,PLC -> IO,1.302392
1776099329.1182733,181.11562657356262,IO -> PLC,4.73715
1776099329.1534355,181.1507887840271,PLC -> IO,1.439232
1776099329.182272,181.17962527275085,IO -> PLC,2.3722
1776099329.217438,181.2147912979126,PLC -> IO,1.691442
1776099329.2462695,181.2436227798462,IO -> PLC,2.33985
1776099329.2814405,181.2787938117981,PLC -> IO,1.294662
1776099329.310268,181.30762124061584,IO -> PLC,2.31693
1776099329.345443,181.3427963256836,PLC -> IO,1.258302
1776099329.3742666,181.37161993980408,IO -> PLC,4.08193
1776099329.4094458,181.40679907798767,PLC -> IO,1.280182
1776099329.438265,181.43561840057373,IO -> PLC,1.59499
1776099329.4734483,181.47080159187317,PLC -> IO,1.705362
1776099329.5022638,181.49961709976196,IO -> PLC,1.56367
1776099329.5374508,181.53480410575867,PLC -> IO,1.450352
1776099329.5662622,181.56361556053162,IO -> PLC,4.13767
1776099329.6014535,181.59880685806274,PLC -> IO,1.554162
1776099329.630261,181.62761425971985,IO -> PLC,2.42276
1776099329.665456,181.66280937194824,PLC -> IO,1.243852
1776099329.6942585,181.69161176681519,IO -> PLC,2.59546
1776099329.7294586,181.72681188583374,PLC -> IO,1.300382
1776099329.7582572,181.75561046600342,IO -> PLC,2.57542
1776099329.7934613,181.79081463813782,PLC -> IO,1.294492
1776099329.8222556,181.81960892677307,IO -> PLC,2.9242
1776099329.8574638,181.85481715202332,PLC -> IO,1.761752
1776099329.8862543,181.8836076259613,IO -> PLC,1.43274
1776099329.9214664,181.9188196659088,PLC -> IO,1.863642
1776099329.9502528,181.94760608673096,IO -> PLC,4.62189
1776099329.985469,181.9828224182129,PLC -> IO,1.548472
1776099330.0142515,182.0116047859192,IO -> PLC,0.84184
1776099330.0494716,182.0468249320984,PLC -> IO,1.333622
1776099330.07825,182.07560324668884,IO -> PLC,3.81491
1776099330.1134741,182.1108274459839,PLC -> IO,1.309982
1776099330.1422484,182.1396017074585,IO -> PLC,2.62969
1776099330.177477,182.17483019828796,PLC -> IO,1.186902
1776099330.2062461,182.2035994529724,IO -> PLC,2.43476
1776099330.2414794,182.23883271217346,PLC -> IO,1.163572
1776099330.2702446,182.26759791374207,IO -> PLC,1.89447
1776099330.305482,182.30283522605896,PLC -> IO,1.500022
1776099330.3342433,182.3315966129303,IO -> PLC,3.73716
1776099330.3694847,182.36683797836304,PLC -> IO,1.496232
1776099330.3982418,182.39559507369995,IO -> PLC,2.3705
1776099330.4334872,182.43084049224854,PLC -> IO,1.301872
1776099330.4622405,182.45959377288818,IO -> PLC,2.17662
1776099330.4974897,182.49484300613403,PLC -> IO,1.245672
1776099330.526239,182.52359223365784,IO -> PLC,2.73629
1776099330.5614924,182.5588457584381,PLC -> IO,1.215062
1776099330.5902376,182.58759093284607,IO -> PLC,1.22018
1776099330.625495,182.6228482723236,PLC -> IO,1.298462
1776099330.6542351,182.6515884399414,IO -> PLC,1.39392
1776099330.6894975,182.6868507862091,PLC -> IO,1.458112
1776099330.7182338,182.71558713912964,IO -> PLC,5.18325
1776099330.7535002,182.75085353851318,PLC -> IO,1.397832
1776099330.7822323,182.7795855998993,IO -> PLC,2.27541
1776099330.8175027,182.81485605239868,PLC -> IO,1.704922
1776099330.846231,182.84358429908752,IO -> PLC,2.62419
1776099330.8815053,182.87885856628418,PLC -> IO,1.416382
1776099330.9102294,182.90758275985718,IO -> PLC,2.41783
1776099330.945508,182.94286131858826,PLC -> IO,1.333622
1776099330.9742281,182.9715814590454,IO -> PLC,3.9061
1776099331.0095105,183.00686383247375,PLC -> IO,1.289332
1776099331.0382266,183.03557991981506,IO -> PLC,4.36145
1776099331.073513,183.07086634635925,PLC -> IO,1.566742
1776099331.102224,183.0995774269104,IO -> PLC,2.97751
1776099331.1375158,183.13486909866333,PLC -> IO,1.477822
1776099331.1662228,183.16357612609863,IO -> PLC,3.87079
1776099331.2015183,183.19887161254883,PLC -> IO,1.454422
1776099331.2302213,183.2275745868683,IO -> PLC,0.92431
1776099331.2655208,183.26287412643433,PLC -> IO,1.261102
1776099331.29422,183.29157328605652,IO -> PLC,2.38801
1776099331.3295236,183.3268768787384,PLC -> IO,1.453942
1776099331.3582184,183.35557174682617,IO -> PLC,3.03065
1776099331.393526,183.3908793926239,PLC -> IO,1.276862
1776099331.4222171,183.4195704460144,IO -> PLC,4.15139
1776099331.4575286,183.4548819065094,PLC -> IO,1.365952
1776099331.4862158,183.48356914520264,IO -> PLC,1.90821
1776099331.5215313,183.51888465881348,PLC -> IO,1.682232
1776099331.5502133,183.54756665229797,IO -> PLC,0.91885
1776099331.5855339,183.58288717269897,PLC -> IO,1.442832
1776099331.6142118,183.61156511306763,IO -> PLC,2.39985
1776099331.6495364,183.64688968658447,PLC -> IO,1.214062
1776099331.6782105,183.67556381225586,IO -> PLC,2.00395
1776099331.713539,183.71089220046997,PLC -> IO,1.163702
1776099331.742209,183.7395622730255,IO -> PLC,2.36418
1776099331.7775416,183.77489495277405,PLC -> IO,1.365672
1776099331.8062077,183.80356097221375,IO -> PLC,1.0568
1776099331.8415442,183.83889746665955,PLC -> IO,1.337472
1776099331.870206,183.8675594329834,IO -> PLC,2.18482
1776099331.9055467,183.90289998054504,PLC -> IO,1.679122
1776099331.9342048,183.93155813217163,IO -> PLC,1.53827
1776099331.9695494,183.96690273284912,PLC -> IO,1.451072
1776099331.9982033,183.99555659294128,IO -> PLC,0.59764
1776099332.033552,184.03090524673462,PLC -> IO,1.216152
1776099332.0622008,184.05955410003662,IO -> PLC,2.84082
1776099332.0975544,184.09490776062012,PLC -> IO,1.259232
1776099332.1261995,184.12355279922485,IO -> PLC,0.58317
1776099332.1615572,184.1589105129242,PLC -> IO,1.177512
1776099332.1901982,184.1875514984131,IO -> PLC,2.59306
1776099332.2255597,184.2229130268097,PLC -> IO,1.547962
1776099332.2541966,184.25154995918274,IO -> PLC,1.71795
1776099332.2895622,184.2869155406952,PLC -> IO,1.443042
1776099332.3181953,184.31554865837097,IO -> PLC,4.01954
1776099332.353565,184.35091829299927,PLC -> IO,1.618202
1776099332.3821938,184.37954711914062,IO -> PLC,3.10659
1776099332.4175675,184.41492080688477,PLC -> IO,1.615692
1776099332.4461925,184.44354581832886,IO -> PLC,2.8879
1776099332.48157,184.47892332077026,PLC -> IO,1.385812
1776099332.51019,184.5075433254242,IO -> PLC,2.30767
1776099332.5455728,184.54292607307434,PLC -> IO,1.330162
1776099332.5741885,184.57154178619385,IO -> PLC,2.28676
1776099332.6095753,184.60692858695984,PLC -> IO,1.273882
1776099332.6381872,184.63554048538208,IO -> PLC,1.54789
1776099332.6735778,184.67093110084534,PLC -> IO,1.519382
1776099332.7021859,184.6995391845703,IO -> PLC,1.73571
1776099332.7375805,184.7349338531494,PLC -> IO,1.424062
1776099332.7661843,184.76353764533997,IO -> PLC,3.54287
1776099332.801583,184.7989363670349,PLC -> IO,1.420982
1776099332.830183,184.8275363445282,IO -> PLC,3.55036
1776099332.8655856,184.8629388809204,PLC -> IO,1.314062
1776099332.8941815,184.89153480529785,IO -> PLC,2.56588
1776099332.9295883,184.9269416332245,PLC -> IO,1.293382
1776099332.958179,184.9555323123932,IO -> PLC,2.18855
1776099332.9935908,184.99094414710999,PLC -> IO,1.264772
1776099333.0221777,185.01953101158142,IO -> PLC,4.64454
1776099333.0575933,185.05494666099548,PLC -> IO,1.867792
1776099333.0861762,185.08352947235107,IO -> PLC,1.90583
1776099333.121596,185.11894941329956,PLC -> IO,1.729422
1776099333.1501749,185.1475281715393,IO -> PLC,3.82748
1776099333.1855986,185.18295192718506,PLC -> IO,1.466972
1776099333.2141733,185.21152663230896,IO -> PLC,2.27138
1776099333.2496011,185.24695444107056,PLC -> IO,1.227572
1776099333.278172,185.2755253314972,IO -> PLC,0.80967
1776099333.3136039,185.31095719337463,PLC -> IO,1.163852
1776099333.3421705,185.33952379226685,IO -> PLC,3.00454
1776099333.3776064,185.37495970726013,PLC -> IO,2.267782
1776099333.4061692,185.40352249145508,IO -> PLC,2.79209
1776099333.441609,185.43896222114563,PLC -> IO,1.277552
1776099333.4701667,185.46751999855042,IO -> PLC,1.21975
1776099333.5056114,185.50296473503113,PLC -> IO,1.566322
1776099333.5341654,185.53151869773865,IO -> PLC,4.28425
1776099333.5696142,185.5669674873352,PLC -> IO,2.187182
1776099333.5981638,185.5955171585083,IO -> PLC,0.70166
1776099333.6336167,185.6309700012207,PLC -> IO,1.229032
1776099333.6621625,185.65951585769653,IO -> PLC,3.10445
1776099333.6976192,185.6949725151062,PLC -> IO,1.328912
1776099333.726161,185.7235143184662,IO -> PLC,2.47623
1776099333.761622,185.75897526741028,PLC -> IO,1.211182
1776099333.7901595,185.78751277923584,IO -> PLC,2.87301
1776099333.8256245,185.82297778129578,PLC -> IO,1.229382
1776099333.8541582,185.85151147842407,IO -> PLC,3.50557
1776099333.889627,185.88698029518127,PLC -> IO,1.440712
1776099333.9181557,185.9155089855194,IO -> PLC,5.43001
1776099333.9536297,185.95098304748535,PLC -> IO,1.609072
1776099333.9821544,185.97950768470764,IO -> PLC,2.43737
1776099334.0176322,186.01498556137085,PLC -> IO,1.581352
1776099334.0461528,186.0435061454773,IO -> PLC,2.58934
1776099334.0816348,186.07898807525635,PLC -> IO,1.300742
1776099334.1101515,186.10750484466553,IO -> PLC,1.82911
1776099334.1456375,186.14299082756042,PLC -> IO,1.260622
1776099334.17415,186.17150330543518,IO -> PLC,1.35865
1776099334.20964,186.20699334144592,PLC -> IO,1.189702
1776099334.2381487,186.2355020046234,IO -> PLC,3.69265
1776099334.2736425,186.27099585533142,PLC -> IO,1.686712
1776099334.3021472,186.29950046539307,IO -> PLC,4.62113
1776099334.3376453,186.3349986076355,PLC -> IO,1.498592
1776099334.366145,186.36349821090698,IO -> PLC,2.51212
1776099334.4016478,186.399001121521,PLC -> IO,1.592392
1776099334.4301434,186.42749667167664,IO -> PLC,1.91454
1776099334.4656503,186.4630036354065,PLC -> IO,1.321872
1776099334.494142,186.49149537086487,IO -> PLC,2.48461
1776099334.529653,186.52700638771057,PLC -> IO,1.295422
1776099334.5581405,186.55549383163452,IO -> PLC,0.67777
1776099334.5936556,186.59100890159607,PLC -> IO,1.272572
1776099334.622139,186.61949229240417,IO -> PLC,1.39594
1776099334.657658,186.65501141548157,PLC -> IO,1.280702
1776099334.6861377,186.6834909915924,IO -> PLC,1.32997
1776099334.7216609,186.71901416778564,PLC -> IO,1.752682
1776099334.7501364,186.74748969078064,IO -> PLC,4.10239
1776099334.7856634,186.78301668167114,PLC -> IO,1.555752
1776099334.8141348,186.8114881515503,IO -> PLC,0.90796
1776099334.8496659,186.84701919555664,PLC -> IO,1.258432
1776099334.8781323,186.87548565864563,IO -> PLC,3.70926
1776099334.9136686,186.91102194786072,PLC -> IO,1.446882
1776099334.942131,186.93948435783386,IO -> PLC,2.49533
1776099334.9776711,186.97502446174622,PLC -> IO,1.295562
1776099335.0061295,187.00348281860352,IO -> PLC,2.88788
1776099335.0416737,187.0390269756317,PLC -> IO,3.852892
1776099335.0701282,187.06748151779175,IO -> PLC,1.212
1776099335.1056764,187.1030297279358,PLC -> IO,1.780452
1776099335.1341267,187.1314799785614,IO -> PLC,3.80041
1776099335.169679,187.1670322418213,PLC -> IO,1.464562
1776099335.1981254,187.19547867774963,IO -> PLC,0.97144
1776099335.2336814,187.2310347557068,PLC -> IO,1.252362
1776099335.262124,187.25947737693787,IO -> PLC,2.60628
1776099335.2976842,187.29503750801086,PLC -> IO,1.221052
1776099335.3261216,187.3234748840332,IO -> PLC,2.78305
1776099335.3616867,187.35904002189636,PLC -> IO,1.567582
1776099335.39012,187.38747334480286,IO -> PLC,2.05131
1776099335.4256892,187.42304253578186,PLC -> IO,1.434672
1776099335.4541187,187.4514720439911,IO -> PLC,1.69461
1776099335.489692,187.48704528808594,PLC -> IO,1.543182
1776099335.5181172,187.51547050476074,IO -> PLC,5.37123
1776099335.5536945,187.55104780197144,PLC -> IO,1.540752
1776099335.582116,187.57946920394897,IO -> PLC,2.31497
1776099335.617697,187.61505031585693,PLC -> IO,1.671042
1776099335.6461143,187.64346766471863,IO -> PLC,2.13221
1776099335.6816995,187.67905282974243,PLC -> IO,1.268592
1776099335.710113,187.70746636390686,IO -> PLC,2.67348
1776099335.7457023,187.7430555820465,PLC -> IO,1.186702
1776099335.7741106,187.7714638710022,IO -> PLC,2.46616
1776099335.8097048,187.807058095932,PLC -> IO,1.336272
1776099335.838109,187.83546233177185,IO -> PLC,1.36063
1776099335.8737073,187.8710606098175,PLC -> IO,1.546152
1776099335.9021077,187.89946103096008,IO -> PLC,3.94984
1776099335.93771,187.93506336212158,PLC -> IO,1.425072
1776099335.9661064,187.96345973014832,IO -> PLC,2.80639
1776099336.0017126,187.99906587600708,PLC -> IO,1.612072
1776099336.0301049,188.02745819091797,IO -> PLC,0.90435
1776099336.065715,188.06306838989258,PLC -> IO,1.386022
1776099336.0941036,188.0914568901062,IO -> PLC,3.13633
1776099336.1297178,188.12707114219666,PLC -> IO,1.399912
1776099336.158102,188.15545535087585,IO -> PLC,2.54188
1776099336.1937203,188.19107365608215,PLC -> IO,1.238102
1776099336.2220995,188.2194528579712,IO -> PLC,1.55835
1776099336.2577229,188.25507616996765,PLC -> IO,1.234862
1776099336.2860982,188.28345155715942,IO -> PLC,3.10527
1776099336.3217256,188.31907892227173,PLC -> IO,1.796522
1776099336.3500967,188.34745001792908,IO -> PLC,4.01391
1776099336.3857281,188.38308143615723,PLC -> IO,1.444392
1776099336.4140954,188.4114487171173,IO -> PLC,2.28173
1776099336.4497306,188.44708395004272,PLC -> IO,1.178022
1776099336.4780939,188.47544717788696,IO -> PLC,7.88162
1776099336.5137334,188.5110867023468,PLC -> IO,1.292302
1776099336.5420926,188.5394458770752,IO -> PLC,2.60335
1776099336.577736,188.5750892162323,PLC -> IO,1.311222
1776099336.606091,188.60344433784485,IO -> PLC,3.52655
1776099336.6417384,188.6390917301178,PLC -> IO,1.224622
1776099336.6700897,188.66744303703308,IO -> PLC,2.79473
1776099336.7057412,188.70309448242188,PLC -> IO,1.578202
1776099336.7340872,188.73144054412842,IO -> PLC,1.30862
1776099336.7697437,188.76709699630737,PLC -> IO,1.427522
1776099336.798086,188.79543924331665,IO -> PLC,2.16719
1776099336.8337462,188.83109951019287,PLC -> IO,1.222192
1776099336.8620844,188.8594377040863,IO -> PLC,2.52605
1776099336.897749,188.89510226249695,PLC -> IO,1.187112
1776099336.926083,188.92343640327454,IO -> PLC,1.39405
1776099336.9617515,188.95910477638245,PLC -> IO,1.182042
1776099336.9900815,188.9874348640442,IO -> PLC,1.20088
1776099337.025754,189.02310729026794,PLC -> IO,1.403292
1776099337.0540802,189.05143356323242,IO -> PLC,5.86802
1776099337.0897567,189.08711004257202,PLC -> IO,1.439502
1776099337.1180787,189.11543202400208,IO -> PLC,1.20001
1776099337.1537592,189.15111255645752,PLC -> IO,1.540342
1776099337.1820762,189.1794295310974,IO -> PLC,2.61572
1776099337.2177618,189.21511507034302,PLC -> IO,1.593582
1776099337.246075,189.24342823028564,IO -> PLC,2.79129
1776099337.2817643,189.27911758422852,PLC -> IO,1.357782
1776099337.3100734,189.3074266910553,IO -> PLC,2.381
1776099337.345767,189.3431203365326,PLC -> IO,1.252872
1776099337.374072,189.37142539024353,IO -> PLC,2.17167
1776099337.4097695,189.4071228504181,PLC -> IO,1.141862
1776099337.4380705,189.43542385101318,IO -> PLC,1.07239
1776099337.473772,189.4711253643036,PLC -> IO,1.548882
1776099337.5020692,189.49942255020142,IO -> PLC,4.03137
1776099337.5377748,189.53512811660767,PLC -> IO,1.590122
1776099337.5660677,189.56342101097107,IO -> PLC,2.31158
1776099337.6017773,189.59913063049316,PLC -> IO,1.667452
1776099337.6300654,189.62741875648499,IO -> PLC,2.47987
1776099337.6657798,189.66313314437866,PLC -> IO,1.235792
1776099337.694064,189.69141721725464,IO -> PLC,2.44864
1776099337.7297826,189.72713589668274,PLC -> IO,1.462542
1776099337.7580626,189.75541591644287,IO -> PLC,0.78332
1776099337.793785,189.79113841056824,PLC -> IO,1.208422
1776099337.822061,189.81941437721252,IO -> PLC,4.13416
1776099337.8577876,189.85514092445374,PLC -> IO,1.758562
1776099337.8860598,189.88341307640076,IO -> PLC,3.02168
1776099337.9217904,189.9191436767578,PLC -> IO,1.729562
1776099337.9500582,189.9474115371704,IO -> PLC,4.07481
1776099337.9857929,189.9831461906433,PLC -> IO,1.396242
1776099338.014057,190.01141023635864,IO -> PLC,1.41706
1776099338.0497954,190.0471487045288,PLC -> IO,1.331552
1776099338.0780554,190.0754086971283,IO -> PLC,2.3453
1776099338.1137981,190.11115145683289,PLC -> IO,1.304952
1776099338.142053,190.13940620422363,IO -> PLC,2.50968
1776099338.1778007,190.17515397071838,PLC -> IO,1.223072
1776099338.2060516,190.20340490341187,IO -> PLC,2.86446
1776099338.2418032,190.23915648460388,PLC -> IO,1.249022
1776099338.27005,190.26740336418152,IO -> PLC,1.75902
1776099338.305806,190.30315923690796,PLC -> IO,1.518122
1776099338.3340487,190.33140206336975,IO -> PLC,4.33189
1776099338.3698084,190.36716175079346,PLC -> IO,1.745842
1776099338.3980472,190.3954005241394,IO -> PLC,2.10512
1776099338.433811,190.43116426467896,PLC -> IO,1.209072
1776099338.462046,190.45939922332764,IO -> PLC,2.78975
1776099338.4978137,190.49516701698303,PLC -> IO,1.284472
1776099338.5260446,190.52339792251587,IO -> PLC,0.81483
1776099338.5618162,190.55916953086853,PLC -> IO,1.339082
1776099338.590042,190.5873954296112,IO -> PLC,2.75384
1776099338.6258187,190.62317204475403,PLC -> IO,1.383522
1776099338.6540406,190.65139389038086,IO -> PLC,1.68328
1776099338.6898215,190.6871747970581,PLC -> IO,1.407482
1776099338.7180393,190.7153925895691,IO -> PLC,5.19716
1776099338.753824,190.7511773109436,PLC -> IO,1.559612
1776099338.7820377,190.77939105033875,IO -> PLC,2.31396
1776099338.8178265,190.8151798248291,PLC -> IO,1.575092
1776099338.8460364,190.84338974952698,IO -> PLC,2.13239
1776099338.8818293,190.87918257713318,PLC -> IO,1.185212
1776099338.910035,190.90738821029663,IO -> PLC,2.64487
1776099338.9458318,190.94318509101868,PLC -> IO,1.189572
1776099338.9740336,190.97138690948486,IO -> PLC,2.8266
1776099339.0098343,191.00718760490417,PLC -> IO,1.192102
1776099339.038031,191.0353844165802,IO -> PLC,4.72665
1776099339.0738368,191.07119011878967,PLC -> IO,1.788082
1776099339.1020296,191.09938287734985,IO -> PLC,4.87887
1776099339.1378396,191.13519287109375,PLC -> IO,1.682112
1776099339.1660283,191.1633815765381,IO -> PLC,2.37856
1776099339.201842,191.19919538497925,PLC -> IO,1.544542
1776099339.230027,191.22738027572632,IO -> PLC,2.17436
1776099339.2658446,191.26319789886475,PLC -> IO,1.250102
1776099339.2940254,191.29137873649597,IO -> PLC,2.54769
1776099339.3298473,191.32720065116882,PLC -> IO,1.196142
1776099339.3580241,191.3553774356842,IO -> PLC,2.33709
1776099339.3938498,191.39120316505432,PLC -> IO,1.203532
1776099339.4220226,191.41937589645386,IO -> PLC,4.00785
1776099339.4578524,191.45520567893982,PLC -> IO,1.540702
1776099339.4860213,191.4833745956421,IO -> PLC,1.58555
1776099339.521855,191.5192084312439,PLC -> IO,1.726822
1776099339.5500188,191.54737210273743,IO -> PLC,0.9962
1776099339.5858576,191.5832109451294,PLC -> IO,1.585022
1776099339.6140172,191.61137056350708,IO -> PLC,1.91414
1776099339.6498601,191.6472134590149,PLC -> IO,1.312492
1776099339.678016,191.6753692626953,IO -> PLC,1.21942
1776099339.713863,191.71121621131897,PLC -> IO,1.397492
1776099339.7420144,191.73936772346497,IO -> PLC,2.41593
1776099339.7778654,191.77521872520447,PLC -> IO,1.298812
1776099339.806013,191.8033664226532,IO -> PLC,2.31836
1776099339.841868,191.83922123908997,PLC -> IO,1.212602
1776099339.8700116,191.86736488342285,IO -> PLC,1.84775
1776099339.9058707,191.90322399139404,PLC -> IO,1.500262
1776099339.9340103,191.93136358261108,IO -> PLC,4.04269
1776099339.9698732,191.96722650527954,PLC -> IO,1.410852
1776099339.9980078,191.99536108970642,IO -> PLC,2.31458
1776099340.0338757,192.03122901916504,PLC -> IO,1.243292
1776099340.0620065,192.05935978889465,IO -> PLC,2.32126
1776099340.0978785,192.09523177146912,PLC -> IO,1.296772
1776099340.126005,192.1233582496643,IO -> PLC,0.62196
1776099340.161881,192.15923428535461,PLC -> IO,1.379382
1776099340.1900036,192.18735694885254,IO -> PLC,1.74173
1776099340.2258835,192.2232367992401,PLC -> IO,1.781192
1776099340.254002,192.2513554096222,IO -> PLC,3.27617
1776099340.2898862,192.2872395515442,PLC -> IO,1.594912
1776099340.3180008,192.31535410881042,IO -> PLC,3.57575
1776099340.3538888,192.3512420654297,PLC -> IO,1.632712
1776099340.3819993,192.37935256958008,IO -> PLC,2.20613
1776099340.4178913,192.41524457931519,PLC -> IO,1.550832
1776099340.4459968,192.44335007667542,IO -> PLC,2.20154
1776099340.481894,192.47924733161926,PLC -> IO,1.222632
1776099340.5099955,192.50734877586365,IO -> PLC,2.36287
1776099340.5458965,192.54324984550476,PLC -> IO,1.108022
1776099340.573994,192.5713472366333,IO -> PLC,0.67052
1776099340.609899,192.60725235939026,PLC -> IO,1.269672
1776099340.6379926,192.63534593582153,IO -> PLC,1.02354
1776099340.6739018,192.67125511169434,PLC -> IO,1.629162
1776099340.701991,192.6993443965912,IO -> PLC,0.56828
1776099340.7379043,192.73525762557983,PLC -> IO,1.539682
1776099340.7659898,192.76334309577942,IO -> PLC,2.10463
1776099340.8019068,192.79926013946533,PLC -> IO,1.531972
1776099340.8299882,192.82734155654907,IO -> PLC,1.37417
1776099340.8659093,192.86326265335083,PLC -> IO,1.347442
1776099340.893987,192.8913402557373,IO -> PLC,3.01213
1776099340.929912,192.9272654056549,PLC -> IO,1.365642
1776099340.9579844,192.95533776283264,IO -> PLC,2.98585
1776099340.9939146,192.9912679195404,PLC -> IO,1.242562
1776099341.0219831,193.01933646202087,IO -> PLC,1.92146
1776099341.057917,193.0552704334259,PLC -> IO,2.119752
1776099341.0859816,193.08333492279053,IO -> PLC,3.3402
1776099341.1219199,193.11927318572998,PLC -> IO,1.827212
1776099341.1499803,193.14733362197876,IO -> PLC,0.69781
1776099341.1859224,193.18327569961548,PLC -> IO,1.534932
1776099341.2139788,193.2113320827484,IO -> PLC,2.90499
1776099341.249925,193.24727821350098,PLC -> IO,1.304002
1776099341.2779775,193.27533078193665,IO -> PLC,2.71727
1776099341.3139277,193.31128096580505,PLC -> IO,1.281652
1776099341.341976,193.3393292427063,IO -> PLC,3.05053
1776099341.3779302,193.37528347969055,PLC -> IO,2.264592
1776099341.4059734,193.40332674980164,IO -> PLC,3.61324
1776099341.4419327,193.43928599357605,PLC -> IO,1.178762
1776099341.4699721,193.46732544898987,IO -> PLC,2.89389
1776099341.5059354,193.50328874588013,PLC -> IO,1.584022
1776099341.5339706,193.53132390975952,IO -> PLC,3.94599
1776099341.569938,193.56729125976562,PLC -> IO,1.384052
1776099341.5979693,193.59532260894775,IO -> PLC,2.07154
1776099341.6339405,193.63129377365112,PLC -> IO,1.275292
1776099341.6619678,193.6593210697174,IO -> PLC,2.58617
1776099341.6979432,193.6952965259552,PLC -> IO,1.303092
1776099341.7259665,193.72331976890564,IO -> PLC,2.93999
1776099341.7619457,193.7592990398407,PLC -> IO,1.316572
1776099341.7899652,193.78731846809387,IO -> PLC,1.06324
1776099341.8259482,193.8233015537262,PLC -> IO,1.349182
1776099341.8539627,193.8513159751892,IO -> PLC,3.37411
1776099341.889951,193.88730430603027,PLC -> IO,1.383932
1776099341.9179611,193.91531443595886,IO -> PLC,5.55473
1776099341.9539535,193.95130681991577,PLC -> IO,1.491742
1776099341.9819598,193.9793131351471,IO -> PLC,2.87138
1776099342.017956,194.01530933380127,PLC -> IO,1.513702
1776099342.0459583,194.04331159591675,IO -> PLC,0.81556
1776099342.0819588,194.07931208610535,PLC -> IO,1.317892
1776099342.109957,194.10731029510498,IO -> PLC,2.27128
1776099342.1459613,194.14331459999084,PLC -> IO,1.322172
1776099342.1739554,194.17130875587463,IO -> PLC,0.9487
1776099342.2099638,194.20731711387634,PLC -> IO,1.332142
1776099342.2379541,194.23530745506287,IO -> PLC,2.26097
1776099342.2739666,194.27131986618042,PLC -> IO,1.659402
1776099342.3019516,194.2993049621582,IO -> PLC,2.63023
1776099342.337969,194.33532238006592,PLC -> IO,1.683212
1776099342.36595,194.36330342292786,IO -> PLC,1.28405
1776099342.4019716,194.39932489395142,PLC -> IO,1.504122
1776099342.4299488,194.4273021221161,IO -> PLC,2.34654
1776099342.465974,194.4633274078369,PLC -> IO,1.218952
1776099342.4939475,194.49130082130432,IO -> PLC,2.15242
1776099342.5299768,194.527330160141,PLC -> IO,1.173072
1776099342.557946,194.55529928207397,IO -> PLC,2.49913
1776099342.5939794,194.5913326740265,PLC -> IO,1.171112
1776099342.6219447,194.6192979812622,IO -> PLC,2.03267
1776099342.6579819,194.655335187912,PLC -> IO,2.080142
1776099342.6859431,194.68329644203186,IO -> PLC,2.89748
1776099342.7219846,194.71933794021606,PLC -> IO,1.786252
1776099342.7499418,194.7472951412201,IO -> PLC,1.53489
1776099342.7859871,194.78334045410156,PLC -> IO,1.619252
1776099342.8139393,194.81129264831543,IO -> PLC,2.42634
1776099342.8499897,194.84734296798706,PLC -> IO,1.346002
1776099342.8779378,194.87529110908508,IO -> PLC,1.48882
1776099342.9139924,194.91134572029114,PLC -> IO,1.236042
1776099342.9419365,194.93928980827332,IO -> PLC,1.99417
1776099342.977995,194.97534823417664,PLC -> IO,1.247922
1776099343.005935,195.00328826904297,IO -> PLC,0.7064
1776099343.0419974,195.03935074806213,PLC -> IO,3.869012
1776099343.0699337,195.0672869682312,IO -> PLC,1.84482
1776099343.1060002,195.1033535003662,PLC -> IO,1.541532
1776099343.133932,195.13128542900085,IO -> PLC,4.40833
1776099343.1700027,195.1673560142517,PLC -> IO,1.451572
1776099343.1979308,195.1952841281891,IO -> PLC,3.43914
1776099343.2340052,195.2313585281372,PLC -> IO,1.304322
1776099343.2619283,195.25928163528442,IO -> PLC,2.01744
1776099343.298008,195.29536128044128,PLC -> IO,1.422442
1776099343.325927,195.32328033447266,IO -> PLC,2.85344
1776099343.3620105,195.35936379432678,PLC -> IO,1.284232
1776099343.3899255,195.3872787952423,IO -> PLC,2.38091
1776099343.426013,195.42336630821228,PLC -> IO,1.326592
1776099343.4539242,195.45127749443054,IO -> PLC,1.40331
1776099343.4900157,195.48736906051636,PLC -> IO,1.322072
1776099343.5179226,195.5152759552002,IO -> PLC,4.17492
1776099343.5540183,195.55137157440186,PLC -> IO,1.502122
1776099343.5819213,195.57927465438843,IO -> PLC,2.94251
1776099343.6180208,195.61537408828735,PLC -> IO,1.472962
1776099343.6459198,195.64327311515808,IO -> PLC,2.76175
1776099343.6820235,195.67937684059143,PLC -> IO,1.134032
1776099343.7099185,195.7072718143463,IO -> PLC,3.30205
1776099343.746026,195.74337935447693,PLC -> IO,1.359212
1776099343.773916,195.77126932144165,IO -> PLC,2.71991
1776099343.8100286,195.80738186836243,PLC -> IO,1.333812
1776099343.8379145,195.8352677822113,IO -> PLC,1.78424
1776099343.8740313,195.8713846206665,PLC -> IO,1.671942
1776099343.9019132,195.89926648139954,IO -> PLC,4.94818
1776099343.9380338,195.935387134552,PLC -> IO,1.637022
1776099343.9659116,195.9632649421692,IO -> PLC,2.63837
1776099344.0020363,195.9993896484375,PLC -> IO,1.492252
1776099344.0299103,196.02726364135742,IO -> PLC,0.97065
1776099344.0660388,196.063392162323,PLC -> IO,1.402282
1776099344.0939088,196.09126210212708,IO -> PLC,2.80423
1776099344.1300416,196.12739491462708,PLC -> IO,1.178392
1776099344.1579075,196.1552608013153,IO -> PLC,1.10675
1776099344.194044,196.19139742851257,PLC -> IO,1.153152
1776099344.221905,196.21925830841064,IO -> PLC,3.42794
1776099344.2580466,196.25539994239807,PLC -> IO,1.315762
1776099344.2859037,196.28325700759888,IO -> PLC,4.43924
1776099344.3220494,196.31940269470215,PLC -> IO,1.843012
1776099344.3499022,196.34725546836853,IO -> PLC,2.15206
1776099344.386052,196.38340520858765,PLC -> IO,2.068342
1776099344.4139009,196.41125416755676,IO -> PLC,0.66468
1776099344.4500544,196.44740772247314,PLC -> IO,1.227562
1776099344.4778993,196.47525262832642,IO -> PLC,3.44332
1776099344.5140572,196.51141047477722,PLC -> IO,1.380242
1776099344.541898,196.53925132751465,IO -> PLC,2.6655
1776099344.5780597,196.57541298866272,PLC -> IO,1.196992
1776099344.6058965,196.6032497882843,IO -> PLC,2.83195
1776099344.6420622,196.63941550254822,PLC -> IO,1.151112
1776099344.669894,196.66724729537964,IO -> PLC,2.29189
1776099344.706065,196.7034182548523,PLC -> IO,1.616292
1776099344.7338927,196.73124599456787,IO -> PLC,3.7628
1776099344.7700675,196.7674207687378,PLC -> IO,1.549542
1776099344.7978911,196.79524445533752,IO -> PLC,1.12033
1776099344.83407,196.8314232826233,PLC -> IO,1.493572
1776099344.8618898,196.85924315452576,IO -> PLC,0.57395
1776099344.8980727,196.89542603492737,PLC -> IO,1.375692
1776099344.9258883,196.9232416152954,IO -> PLC,2.20791
1776099344.9620752,196.95942854881287,PLC -> IO,1.277732
1776099344.989887,196.98724031448364,IO -> PLC,1.22935
1776099345.0260777,197.02343106269836,PLC -> IO,1.535532
1776099345.0538857,197.05123901367188,IO -> PLC,2.71378
1776099345.0900805,197.08743381500244,PLC -> IO,1.494532
1776099345.1178832,197.1152365207672,IO -> PLC,5.52515
1776099345.154083,197.15143632888794,PLC -> IO,1.558572
1776099345.1818817,197.17923498153687,IO -> PLC,2.85915
1776099345.2180855,197.21543884277344,PLC -> IO,1.164602
1776099345.2458804,197.2432336807251,IO -> PLC,2.63631
1776099345.2820883,197.27944159507751,PLC -> IO,1.266082
1776099345.3098788,197.30723214149475,IO -> PLC,2.81309
1776099345.3460908,197.343444108963,PLC -> IO,1.299562
1776099345.3738775,197.37123084068298,IO -> PLC,2.61384
1776099345.4100933,197.4074466228485,PLC -> IO,1.236472
1776099345.437876,197.43522930145264,IO -> PLC,2.04299
1776099345.4740958,197.471449136734,PLC -> IO,1.609642
1776099345.5018747,197.49922800064087,IO -> PLC,3.88879
1776099345.5380986,197.5354518890381,PLC -> IO,1.423922
1776099345.5658731,197.56322646141052,IO -> PLC,3.1028
1776099345.602101,197.59945440292358,PLC -> IO,1.618842
1776099345.6298707,197.62722396850586,IO -> PLC,1.43221
1776099345.6661036,197.66345691680908,PLC -> IO,1.294872
1776099345.6938694,197.6912226676941,IO -> PLC,2.35534
1776099345.7301064,197.72745966911316,PLC -> IO,1.254502
1776099345.757868,197.75522136688232,IO -> PLC,2.67636
1776099345.7941089,197.79146218299866,PLC -> IO,1.295272
1776099345.8218665,197.81921982765198,IO -> PLC,1.56059
1776099345.8581114,197.85546469688416,PLC -> IO,1.847172
1776099345.8858652,197.8832185268402,IO -> PLC,3.78954
1776099345.9221141,197.91946744918823,PLC -> IO,1.822572
1776099345.9498637,197.94721698760986,IO -> PLC,5.09156
1776099345.9861166,197.98346996307373,PLC -> IO,1.583892
1776099346.0138624,198.0112156867981,IO -> PLC,2.60574
1776099346.0501192,198.04747247695923,PLC -> IO,1.239202
1776099346.0778599,198.07521319389343,IO -> PLC,1.285
1776099346.114122,198.1114752292633,PLC -> IO,1.233402
1776099346.1418583,198.1392116546631,IO -> PLC,2.74919
1776099346.1781244,198.1754777431488,PLC -> IO,1.474662
1776099346.205857,198.20321035385132,IO -> PLC,3.10278
1776099346.242127,198.2394802570343,PLC -> IO,1.105642
1776099346.2698555,198.26720881462097,IO -> PLC,2.74912
1776099346.3061297,198.30348300933838,PLC -> IO,1.657232
1776099346.3338542,198.3312075138092,IO -> PLC,5.16528
1776099346.3701322,198.36748552322388,PLC -> IO,1.589352
1776099346.3978527,198.39520597457886,IO -> PLC,3.24267
1776099346.4341347,198.43148803710938,PLC -> IO,1.290022
1776099346.4618514,198.4592046737671,IO -> PLC,2.64294
1776099346.4981375,198.49549078941345,PLC -> IO,1.253662
1776099346.5258489,198.52320218086243,IO -> PLC,3.21604
1776099346.56214,198.55949330329895,PLC -> IO,1.235872
1776099346.5898476,198.58720088005066,IO -> PLC,3.19385
1776099346.6261425,198.62349581718445,PLC -> IO,1.315122
1776099346.653846,198.6511993408203,IO -> PLC,1.72623
1776099346.6901453,198.68749856948853,PLC -> IO,1.324522
1776099346.7178447,198.71519804000854,IO -> PLC,1.08856
1776099346.7541478,198.75150108337402,PLC -> IO,1.392402
1776099346.7818432,198.7791965007782,IO -> PLC,2.55436
1776099346.8181503,198.81550359725952,PLC -> IO,1.701502
1776099346.845842,198.84319519996643,IO -> PLC,2.59504
1776099346.882153,198.8795063495636,PLC -> IO,1.404802
1776099346.9098403,198.90719366073608,IO -> PLC,0.66724
1776099346.9461555,198.9435088634491,PLC -> IO,1.431172
1776099346.9738388,198.97119212150574,IO -> PLC,2.50073
1776099347.010158,199.0075113773346,PLC -> IO,1.286092
1776099347.0378366,199.03518986701965,IO -> PLC,4.68143
1776099347.0741606,199.0715138912201,PLC -> IO,1.420542
1776099347.101835,199.0991883277893,IO -> PLC,4.56716
1776099347.1381633,199.13551664352417,PLC -> IO,1.466822
1776099347.1658337,199.16318702697754,IO -> PLC,2.62623
1776099347.2021658,199.19951915740967,PLC -> IO,1.485742
1776099347.2298322,199.2271854877472,IO -> PLC,0.94628
1776099347.2661684,199.26352167129517,PLC -> IO,1.164082
1776099347.2938309,199.29118418693542,IO -> PLC,2.40695
1776099347.330171,199.32752442359924,PLC -> IO,1.336362
1776099347.3578293,199.35518264770508,IO -> PLC,1.28527
1776099347.3941736,199.39152693748474,PLC -> IO,1.304002
1776099347.421828,199.4191813468933,IO -> PLC,3.50702
1776099347.4581761,199.45552945137024,PLC -> IO,1.697502
1776099347.4858255,199.48317885398865,IO -> PLC,5.01273
1776099347.522179,199.51953220367432,PLC -> IO,1.804822
1776099347.5498242,199.54717755317688,IO -> PLC,2.88948
1776099347.5861814,199.58353471755981,PLC -> IO,1.465172
1776099347.6138227,199.61117601394653,IO -> PLC,2.67983
1776099347.650184,199.6475372314453,PLC -> IO,1.207202
1776099347.6778212,199.6751744747162,IO -> PLC,2.29042
1776099347.7141867,199.7115399837494,PLC -> IO,1.222922
1776099347.7418199,199.73917317390442,IO -> PLC,3.00777
1776099347.7781892,199.7755424976349,PLC -> IO,1.198242
1776099347.8058186,199.80317187309265,IO -> PLC,3.19143
1776099347.8421917,199.83954501152039,PLC -> IO,1.138532
1776099347.869817,199.8671703338623,IO -> PLC,2.35536
1776099347.9061944,199.90354776382446,PLC -> IO,1.547302
1776099347.9338145,199.93116784095764,IO -> PLC,4.09988
1776099347.970197,199.96755027770996,PLC -> IO,1.517422
1776099347.9978132,199.99516654014587,IO -> PLC,1.85959
1776099348.0341995,200.03155279159546,PLC -> IO,1.308262
1776099348.0618117,200.05916500091553,IO -> PLC,3.13105
1776099348.0982022,200.09555554389954,PLC -> IO,1.374942
1776099348.1258104,200.12316370010376,IO -> PLC,2.71076
1776099348.1622047,200.15955805778503,PLC -> IO,1.330102
1776099348.1898088,200.1871621608734,IO -> PLC,0.66007
1776099348.2262073,200.22356057167053,PLC -> IO,1.486232
1776099348.2538075,200.25116086006165,IO -> PLC,1.62528
1776099348.29021,200.2875633239746,PLC -> IO,1.401782
1776099348.3178062,200.31515955924988,IO -> PLC,6.08945
1776099348.3542125,200.3515658378601,PLC -> IO,1.359112
1776099348.3818035,200.37915682792664,IO -> PLC,0.79565
1776099348.418215,200.4155683517456,PLC -> IO,1.624672
1776099348.4458022,200.44315552711487,IO -> PLC,0.75937
1776099348.4822176,200.4795708656311,PLC -> IO,1.273102
1776099348.509801,200.5071542263031,IO -> PLC,1.70498
1776099348.5462203,200.54357361793518,PLC -> IO,1.251862
1776099348.5737994,200.57115268707275,IO -> PLC,2.76755
1776099348.6102228,200.60757613182068,PLC -> IO,1.240712
1776099348.637798,200.635151386261,IO -> PLC,3.00057
1776099348.6742253,200.67157864570618,PLC -> IO,1.411712
1776099348.7017965,200.69914984703064,IO -> PLC,5.19255
1776099348.738228,200.73558139801025,PLC -> IO,1.560642
1776099348.7657952,200.76314854621887,IO -> PLC,0.67784
1776099348.8022306,200.79958391189575,PLC -> IO,1.405072
1776099348.8297937,200.82714700698853,IO -> PLC,2.87622
1776099348.866233,200.86358642578125,PLC -> IO,1.143022
1776099348.8937912,200.89114451408386,IO -> PLC,0.85841
1776099348.9302359,200.92758917808533,PLC -> IO,1.315632
1776099348.95779,200.9551432132721,IO -> PLC,2.6499
1776099348.9942384,200.99159169197083,PLC -> IO,1.288152
1776099349.0217886,201.01914191246033,IO -> PLC,4.73516
1776099349.058241,201.05559420585632,PLC -> IO,1.998462
1776099349.085787,201.08314037322998,IO -> PLC,0.77375
1776099349.1222436,201.1195969581604,PLC -> IO,1.668892
1776099349.1497858,201.1471390724182,IO -> PLC,0.92284
1776099349.1862462,201.1835994720459,PLC -> IO,1.615802
1776099349.2137842,201.21113753318787,IO -> PLC,3.16803
1776099349.2502487,201.2476019859314,PLC -> IO,1.243752
1776099349.2777827,201.27513599395752,IO -> PLC,2.61349
1776099349.3142514,201.31160473823547,PLC -> IO,1.317392
1776099349.3417804,201.33913373947144,IO -> PLC,0.67336
1776099349.378254,201.37560725212097,PLC -> IO,2.275622
1776099349.405779,201.4031322002411,IO -> PLC,0.67917
1776099349.4422565,201.43960976600647,PLC -> IO,1.316022
1776099349.4697776,201.46713089942932,IO -> PLC,2.18488
1776099349.5062592,201.50361251831055,PLC -> IO,1.592152
1776099349.533776,201.53112936019897,IO -> PLC,4.21294
1776099349.5702617,201.56761503219604,PLC -> IO,1.492282
1776099349.5977747,201.5951280593872,IO -> PLC,2.65091
1776099349.6342642,201.63161754608154,PLC -> IO,1.477522
1776099349.6617732,201.65912652015686,IO -> PLC,2.45783
1776099349.698267,201.69562029838562,PLC -> IO,1.259402
1776099349.725772,201.7231252193451,IO -> PLC,2.81061
1776099349.7622695,201.75962281227112,PLC -> IO,1.166002
1776099349.7897694,201.78712272644043,IO -> PLC,0.98841
1776099349.826272,201.82362532615662,PLC -> IO,1.241802
1776099349.8537679,201.85112118721008,IO -> PLC,3.82347
1776099349.8902745,201.88762784004211,PLC -> IO,1.463772
1776099349.9177666,201.91511988639832,IO -> PLC,1.25467
1776099349.9542773,201.9516305923462,PLC -> IO,1.727822
1776099349.981765,201.97911834716797,IO -> PLC,2.72879
1776099350.0182798,202.0156331062317,PLC -> IO,1.555382
1776099350.0457637,202.0431170463562,IO -> PLC,2.90325
1776099350.0822823,202.0796356201172,PLC -> IO,1.229412
1776099350.1097622,202.10711550712585,IO -> PLC,2.88032
1776099350.146285,202.14363837242126,PLC -> IO,1.470972
1776099350.173761,202.1711142063141,IO -> PLC,2.7006
1776099350.2102876,202.20764088630676,PLC -> IO,1.219322
1776099350.2377594,202.23511266708374,IO -> PLC,0.97353
1776099350.27429,202.27164340019226,PLC -> IO,1.289602
1776099350.301757,202.29911041259766,IO -> PLC,4.34821
1776099350.3382928,202.33564615249634,PLC -> IO,1.365902
1776099350.3657556,202.3631088733673,IO -> PLC,2.99508
1776099350.4022954,202.39964866638184,PLC -> IO,1.442822
1776099350.4297543,202.42710757255554,IO -> PLC,2.45477
1776099350.4662979,202.46365118026733,PLC -> IO,1.324852
1776099350.4937527,202.4911060333252,IO -> PLC,0.7113
1776099350.5303006,202.5276539325714,PLC -> IO,1.449142
1776099350.5577514,202.55510473251343,IO -> PLC,1.45113
1776099350.5943031,202.5916564464569,PLC -> IO,1.303652
1776099350.6217499,202.61910319328308,IO -> PLC,1.26125
1776099350.6583056,202.6556589603424,PLC -> IO,1.982512
1776099350.6857486,202.6831018924713,IO -> PLC,4.2304
1776099350.7223084,202.71966171264648,PLC -> IO,1.611492
1776099350.749746,202.74709939956665,IO -> PLC,2.49116
1776099350.786311,202.78366422653198,PLC -> IO,1.577702
1776099350.8137445,202.8110978603363,IO -> PLC,2.47433
1776099350.8503134,202.84766674041748,PLC -> IO,1.232772
1776099350.8777432,202.87509655952454,IO -> PLC,2.82502
1776099350.9143162,202.91166949272156,PLC -> IO,1.196242
1776099350.9417417,202.9390950202942,IO -> PLC,0.96163
1776099350.9783187,202.97567200660706,PLC -> IO,1.313412
1776099351.0057404,203.00309371948242,IO -> PLC,1.70571
1776099351.0423212,203.03967452049255,PLC -> IO,4.587802
1776099351.069739,203.06709241867065,IO -> PLC,5.12558
1776099351.1063237,203.10367703437805,PLC -> IO,1.764702
1776099351.1337376,203.1310908794403,IO -> PLC,2.48503
1776099351.1703265,203.16767978668213,PLC -> IO,1.619702
1776099351.197735,203.19508838653564,IO -> PLC,1.26702
1776099351.234329,203.23168230056763,PLC -> IO,1.246522
1776099351.2617338,203.25908708572388,IO -> PLC,2.72257
1776099351.2983315,203.29568481445312,PLC -> IO,2.273792
1776099351.3257322,203.32308554649353,IO -> PLC,1.02527
1776099351.3623343,203.3596875667572,PLC -> IO,1.382042
1776099351.389731,203.38708424568176,IO -> PLC,2.144
1776099351.4263368,203.4236900806427,PLC -> IO,1.291282
1776099351.4537294,203.45108270645142,IO -> PLC,1.63562
1776099351.4903393,203.4876925945282,PLC -> IO,1.493812
1776099351.517728,203.51508140563965,IO -> PLC,1.35957
1776099351.554342,203.55169534683228,PLC -> IO,1.558662
1776099351.5817266,203.5790798664093,IO -> PLC,0.69359
1776099351.6183445,203.61569786071777,PLC -> IO,1.554462
1776099351.6457253,203.64307856559753,IO -> PLC,1.1159
1776099351.682347,203.67970037460327,PLC -> IO,1.354732
1776099351.7097228,203.70707607269287,IO -> PLC,3.73997
1776099351.7463498,203.74370312690735,PLC -> IO,1.366452
1776099351.7737215,203.7710747718811,IO -> PLC,2.57109
1776099351.8103523,203.80770564079285,PLC -> IO,1.257702
1776099351.83772,203.83507323265076,IO -> PLC,2.03799
1776099351.8743548,203.87170815467834,PLC -> IO,1.280952
1776099351.9017186,203.899071931839,IO -> PLC,3.17121
1776099351.9383576,203.93571090698242,PLC -> IO,1.374912
1776099351.965717,203.96307039260864,IO -> PLC,0.93019
1776099352.00236,203.99971342086792,PLC -> IO,1.596882
1776099352.0297158,204.02706909179688,IO -> PLC,2.862
1776099352.0663626,204.06371593475342,PLC -> IO,1.302112
1776099352.0937142,204.09106755256653,IO -> PLC,0.61051
1776099352.1303654,204.1277186870575,PLC -> IO,1.260712
1776099352.1577117,204.15506505966187,IO -> PLC,2.6448
1776099352.194368,204.191721200943,PLC -> IO,1.787732
1776099352.2217104,204.2190637588501,IO -> PLC,3.59257
1776099352.2583704,204.2557237148285,PLC -> IO,1.686402
1776099352.285709,204.28306221961975,IO -> PLC,0.88138
1776099352.3223732,204.31972646713257,PLC -> IO,2.004132
1776099352.3497076,204.34706091880798,IO -> PLC,1.28544
1776099352.3863757,204.38372898101807,PLC -> IO,1.618952
1776099352.413706,204.41105937957764,IO -> PLC,2.93868
1776099352.4503782,204.44773149490356,PLC -> IO,1.153772
1776099352.4777048,204.47505807876587,IO -> PLC,1.07456
1776099352.5143807,204.51173400878906,PLC -> IO,1.308612
1776099352.5417032,204.53905653953552,IO -> PLC,0.66738
1776099352.5783834,204.57573676109314,PLC -> IO,1.256092
1776099352.605701,204.60305428504944,IO -> PLC,1.2301
1776099352.642386,204.63973927497864,PLC -> IO,1.233012
1776099352.6696994,204.6670527458191,IO -> PLC,2.1585
1776099352.7063885,204.70374178886414,PLC -> IO,1.459542
1776099352.7336981,204.73105144500732,IO -> PLC,0.6096
1776099352.7703912,204.7677445411682,PLC -> IO,1.496792
1776099352.7976966,204.79504990577698,IO -> PLC,0.59677
1776099352.8343937,204.8317470550537,PLC -> IO,1.241222
1776099352.861695,204.85904836654663,IO -> PLC,1.52909
1776099352.8983963,204.8957495689392,PLC -> IO,1.333182
1776099352.9256938,204.92304706573486,IO -> PLC,0.7535
1776099352.962399,204.9597523212433,PLC -> IO,1.315062
1776099352.9896922,204.98704552650452,IO -> PLC,3.70624
1776099353.0264015,205.02375483512878,PLC -> IO,1.430622
1776099353.05369,205.05104327201843,IO -> PLC,1.3873
1776099353.090404,205.08775734901428,PLC -> IO,1.468032
1776099353.1176884,205.1150417327881,IO -> PLC,2.33619
1776099353.1544068,205.15176010131836,PLC -> IO,1.597842
1776099353.181687,205.17904043197632,IO -> PLC,2.90194
1776099353.2184093,205.21576261520386,PLC -> IO,1.232992
1776099353.2456856,205.24303889274597,IO -> PLC,3.56402
1776099353.2824118,205.27976512908936,PLC -> IO,1.219672
1776099353.3096843,205.3070375919342,IO -> PLC,2.86083
1776099353.3464146,205.34376788139343,PLC -> IO,1.197382
1776099353.3736827,205.37103605270386,IO -> PLC,0.78766
1776099353.410417,205.40777039527893,PLC -> IO,1.242452
1776099353.4376814,205.4350347518921,IO -> PLC,1.35141
1776099353.4744196,205.47177290916443,PLC -> IO,1.665622
1776099353.50168,205.49903321266174,IO -> PLC,5.0969
1776099353.5384223,205.5357756614685,PLC -> IO,1.461182
1776099353.5656774,205.56303071975708,IO -> PLC,0.56099
1776099353.6024249,205.599778175354,PLC -> IO,1.696272
1776099353.629676,205.6270294189453,IO -> PLC,2.58289
1776099353.6664274,205.6637806892395,PLC -> IO,1.327092
1776099353.6936746,205.69102787971497,IO -> PLC,2.4402
1776099353.7304301,205.72778344154358,PLC -> IO,1.287302
1776099353.7576733,205.7550265789032,IO -> PLC,2.1876
1776099353.7944326,205.79178595542908,PLC -> IO,1.228852
1776099353.821672,205.81902527809143,IO -> PLC,2.7351
1776099353.8584352,205.85578846931458,PLC -> IO,1.789232
1776099353.8856704,205.88302373886108,IO -> PLC,0.87675
1776099353.9224377,205.91979098320007,PLC -> IO,1.827922
1776099353.9496691,205.94702243804932,IO -> PLC,2.85472
1776099353.9864404,205.98379373550415,PLC -> IO,1.372502
1776099354.0136666,206.01101994514465,IO -> PLC,1.17381
1776099354.050443,206.04779624938965,PLC -> IO,1.167182
1776099354.077665,206.0750184059143,IO -> PLC,3.5686
1776099354.1144454,206.11179876327515,PLC -> IO,1.459552
1776099354.1416638,206.13901710510254,IO -> PLC,0.76317
1776099354.1784482,206.17580151557922,PLC -> IO,1.275182
1776099354.2056623,206.2030155658722,IO -> PLC,1.11602
1776099354.2424507,206.23980402946472,PLC -> IO,1.288732
1776099354.269661,206.26701426506042,IO -> PLC,3.1964
1776099354.3064532,206.30380654335022,PLC -> IO,1.527272
1776099354.3336596,206.33101296424866,IO -> PLC,2.96947
1776099354.370456,206.3678092956543,PLC -> IO,1.724762
1776099354.397658,206.3950114250183,IO -> PLC,3.87012
1776099354.4344585,206.4318118095398,PLC -> IO,1.234222
1776099354.4616566,206.45900988578796,IO -> PLC,3.09326
1776099354.498461,206.4958143234253,PLC -> IO,1.218592
1776099354.5256543,206.52300763130188,IO -> PLC,0.76023
1776099354.5624638,206.55981707572937,PLC -> IO,1.188552
1776099354.5896528,206.58700609207153,IO -> PLC,1.01349
1776099354.6264663,206.62381958961487,PLC -> IO,1.387802
1776099354.6536515,206.65100479125977,IO -> PLC,2.91483
1776099354.6904688,206.68782210350037,PLC -> IO,1.610812
1776099354.71765,206.71500325202942,IO -> PLC,0.78325
1776099354.7544715,206.75182485580444,PLC -> IO,1.637892
1776099354.7816486,206.77900195121765,IO -> PLC,2.98636
1776099354.818474,206.81582736968994,PLC -> IO,1.245672
1776099354.845647,206.8430004119873,IO -> PLC,3.33905
1776099354.8824766,206.87982988357544,PLC -> IO,1.369722
1776099354.9096458,206.90699911117554,IO -> PLC,1.10636
1776099354.9464793,206.94383263587952,PLC -> IO,1.231842
1776099354.9736433,206.97099661827087,IO -> PLC,2.74528
1776099355.0104818,207.00783514976501,PLC -> IO,1.140432
1776099355.0376418,207.03499507904053,IO -> PLC,1.70536
1776099355.0744843,207.0718376636505,PLC -> IO,1.251272
1776099355.1016405,207.09899377822876,IO -> PLC,0.64912
1776099355.1384869,207.135840177536,PLC -> IO,1.560042
1776099355.165639,207.1629922389984,IO -> PLC,0.61684
1776099355.2024896,207.1998429298401,PLC -> IO,1.969852
1776099355.2296376,207.22699093818665,IO -> PLC,0.6316
1776099355.2664921,207.2638454437256,PLC -> IO,1.285542
1776099355.293636,207.2909893989563,IO -> PLC,3.78412
1776099355.3304946,207.32784795761108,PLC -> IO,1.434402
1776099355.3576348,207.35498809814453,IO -> PLC,3.18349
1776099355.3944974,207.39185070991516,PLC -> IO,1.183952
1776099355.4216323,207.41898560523987,IO -> PLC,1.11664
1776099355.4585,207.45585322380066,PLC -> IO,1.544642
1776099355.485631,207.4829843044281,IO -> PLC,0.95716
1776099355.5225024,207.51985573768616,PLC -> IO,1.672452
1776099355.5496294,207.54698276519775,IO -> PLC,0.71495
1776099355.5865052,207.58385848999023,PLC -> IO,1.364482
1776099355.6136281,207.610981464386,IO -> PLC,2.9327
1776099355.6505077,207.64786100387573,PLC -> IO,1.316442
1776099355.6776266,207.67497992515564,IO -> PLC,2.01567
1776099355.7145102,207.71186351776123,PLC -> IO,1.371362
1776099355.7416253,207.73897862434387,IO -> PLC,0.8539
1776099355.778513,207.7758662700653,PLC -> IO,1.257962
1776099355.8056238,207.80297708511353,IO -> PLC,1.77607
1776099355.8425155,207.8398687839508,PLC -> IO,1.275122
1776099355.8696213,207.86697459220886,IO -> PLC,3.08936
1776099355.906518,207.9038712978363,PLC -> IO,1.601492
1776099355.93362,207.9309732913971,IO -> PLC,1.14637
1776099355.9705207,207.96787405014038,PLC -> IO,1.570882
1776099355.9976184,207.99497175216675,IO -> PLC,0.7648
1776099356.0345232,208.03187656402588,PLC -> IO,1.252442
1776099356.0616171,208.05897045135498,IO -> PLC,5.06719
1776099356.0985258,208.09587907791138,PLC -> IO,1.170562
1776099356.1256156,208.12296891212463,IO -> PLC,1.29619
1776099356.1625285,208.15988183021545,PLC -> IO,1.328602
1776099356.1896143,208.18696761131287,IO -> PLC,2.04547
1776099356.226531,208.22388434410095,PLC -> IO,1.782592
1776099356.2536128,208.25096607208252,IO -> PLC,2.42569
1776099356.2905335,208.28788685798645,PLC -> IO,1.773992
1776099356.3176105,208.31496381759644,IO -> PLC,5.96934
1776099356.354536,208.35188937187195,PLC -> IO,1.539622
1776099356.381609,208.3789622783661,IO -> PLC,0.85075
1776099356.4185388,208.41589212417603,PLC -> IO,1.187562
1776099356.4456074,208.44296073913574,IO -> PLC,3.06945
1776099356.4825413,208.47989463806152,PLC -> IO,1.228402
1776099356.5096061,208.50695943832397,IO -> PLC,4.17883
1776099356.5465438,208.54389715194702,PLC -> IO,1.330442
1776099356.5736048,208.5709581375122,IO -> PLC,0.80113
1776099356.6105466,208.6078999042511,PLC -> IO,1.139282
1776099356.6376033,208.63495659828186,IO -> PLC,1.02502
1776099356.674549,208.6719024181366,PLC -> IO,1.678772
1776099356.701602,208.6989552974701,IO -> PLC,4.88908
1776099356.7385516,208.7359049320221,PLC -> IO,1.514082
1776099356.7656004,208.76295375823975,IO -> PLC,0.72493
1776099356.8025544,208.79990768432617,PLC -> IO,1.532282
1776099356.829598,208.82695126533508,IO -> PLC,1.85695
1776099356.866557,208.86391019821167,PLC -> IO,1.200542
1776099356.8935966,208.89094996452332,IO -> PLC,2.92561
1776099356.9305594,208.92791271209717,PLC -> IO,1.206342
1776099356.957595,208.95494842529297,IO -> PLC,1.43102
1776099356.9945621,208.99191546440125,PLC -> IO,1.342952
1776099357.0215938,209.0189471244812,IO -> PLC,2.72489
1776099357.0585647,209.05591797828674,PLC -> IO,2.077422
1776099357.0855925,209.08294582366943,IO -> PLC,1.31831
1776099357.1225672,209.11992049217224,PLC -> IO,1.845532
1776099357.149591,209.1469442844391,IO -> PLC,0.79761
1776099357.18657,209.18392324447632,PLC -> IO,1.541322
1776099357.2135894,209.21094274520874,IO -> PLC,0.7767
1776099357.2505724,209.24792575836182,PLC -> IO,1.312792
1776099357.2775872,209.27494049072266,IO -> PLC,3.17629
1776099357.314575,209.31192827224731,PLC -> IO,1.275152
1776099357.3415856,209.3389389514923,IO -> PLC,2.98848
1776099357.3785777,209.3759310245514,PLC -> IO,2.447072
1776099357.4055843,209.40293765068054,IO -> PLC,0.92548
1776099357.4425802,209.4399335384369,PLC -> IO,1.249142
1776099357.4695828,209.4669361114502,IO -> PLC,2.80929
1776099357.5065827,209.5039360523224,PLC -> IO,1.436152
1776099357.5335815,209.53093481063843,IO -> PLC,1.26046
1776099357.5705853,209.56793856620789,PLC -> IO,1.463162
1776099357.59758,209.59493327140808,IO -> PLC,2.37624
1776099357.634588,209.63194131851196,PLC -> IO,1.138472
1776099357.6615787,209.6589319705963,IO -> PLC,1.3976
1776099357.6985905,209.69594383239746,PLC -> IO,1.352522
1776099357.725577,209.72293043136597,IO -> PLC,1.00075
1776099357.762593,209.75994634628296,PLC -> IO,1.442562
1776099357.7895746,209.7869279384613,IO -> PLC,1.18976
1776099357.8265958,209.82394909858704,PLC -> IO,1.379162
1776099357.8535733,209.85092663764954,IO -> PLC,3.49127
1776099357.8905983,209.88795161247253,PLC -> IO,1.446172
1776099357.9175718,209.9149250984192,IO -> PLC,0.75367
1776099357.9546008,209.95195412635803,PLC -> IO,1.528612
1776099357.9815705,209.97892379760742,IO -> PLC,1.1095
1776099358.0186036,210.0159568786621,PLC -> IO,1.189842
1776099358.045569,210.04292225837708,IO -> PLC,0.89081
1776099358.082606,210.0799593925476,PLC -> IO,1.193082
1776099358.1095676,210.1069209575653,IO -> PLC,2.20203
1776099358.1466086,210.1439619064331,PLC -> IO,1.176882
1776099358.173566,210.17091941833496,IO -> PLC,1.64254
1776099358.2106113,210.20796465873718,PLC -> IO,1.319012
1776099358.2375638,210.23491716384888,IO -> PLC,2.94752
1776099358.2746139,210.27196717262268,PLC -> IO,1.815942
1776099358.3015623,210.29891562461853,IO -> PLC,0.81811
1776099358.3386164,210.33596968650818,PLC -> IO,1.656542
1776099358.365561,210.36291432380676,IO -> PLC,1.00601
1776099358.4026191,210.39997243881226,PLC -> IO,1.567052
1776099358.4295595,210.42691278457642,IO -> PLC,0.79652
1776099358.4666216,210.46397495269775,PLC -> IO,1.249162
1776099358.4935582,210.49091148376465,IO -> PLC,0.96209
1776099358.5306242,210.52797746658325,PLC -> IO,1.229522
1776099358.5575566,210.5549099445343,IO -> PLC,3.17352
1776099358.594627,210.59198021888733,PLC -> IO,1.167652
1776099358.6215553,210.61890864372253,IO -> PLC,2.63625
1776099358.6586294,210.65598273277283,PLC -> IO,1.574512
1776099358.6855528,210.68290615081787,IO -> PLC,0.7311
1776099358.722632,210.71998524665833,PLC -> IO,1.766962
1776099358.7495513,210.74690461158752,IO -> PLC,2.74692
1776099358.7866344,210.78398776054382,PLC -> IO,1.618592
1776099358.81355,210.81090331077576,IO -> PLC,3.13433
1776099358.8506372,210.8479905128479,PLC -> IO,1.286702
1776099358.8775485,210.8749017715454,IO -> PLC,3.11366
1776099358.9146397,210.9119930267334,PLC -> IO,1.404422
1776099358.9415472,210.93890047073364,IO -> PLC,1.02201
1776099358.9786422,210.9759955406189,PLC -> IO,1.405902
1776099359.0055456,211.0028989315033,IO -> PLC,1.36551
1776099359.042645,211.03999829292297,PLC -> IO,4.079872
1776099359.0695443,211.06689763069153,IO -> PLC,4.32961
1776099359.1066475,211.10400080680847,PLC -> IO,1.500952
1776099359.1335418,211.13089513778687,IO -> PLC,1.32464
1776099359.17065,211.16800332069397,PLC -> IO,1.449462
1776099359.1975403,211.19489359855652,IO -> PLC,0.75474
1776099359.2346528,211.23200607299805,PLC -> IO,1.274222
1776099359.261539,211.25889229774475,IO -> PLC,1.10232
1776099359.2986553,211.29600858688354,PLC -> IO,1.331632
1776099359.3255377,211.32289099693298,IO -> PLC,0.71882
1776099359.3626578,211.36001110076904,PLC -> IO,1.256552
1776099359.3895361,211.38688945770264,IO -> PLC,2.96201
1776099359.4266605,211.42401385307312,PLC -> IO,1.384122
1776099359.4535348,211.45088815689087,IO -> PLC,2.63589
1776099359.490663,211.48801636695862,PLC -> IO,1.529372
1776099359.5175333,211.51488661766052,IO -> PLC,1.61028
1776099359.5546656,211.55201888084412,PLC -> IO,1.620292
1776099359.581532,211.57888531684875,IO -> PLC,1.38752
1776099359.6186683,211.6160216331482,PLC -> IO,1.223912
1776099359.6455295,211.6428828239441,IO -> PLC,1.179
1776099359.6826708,211.6800241470337,PLC -> IO,1.173152
1776099359.709528,211.70688128471375,IO -> PLC,2.1178
1776099359.7466733,211.7440266609192,PLC -> IO,1.147992
1776099359.7735267,211.77087998390198,IO -> PLC,1.13196
1776099359.810676,211.80802941322327,PLC -> IO,1.297232
1776099359.8375254,211.8348786830902,IO -> PLC,1.12529
1776099359.8746786,211.87203192710876,PLC -> IO,1.364232
1776099359.9015238,211.89887714385986,IO -> PLC,4.85438
1776099359.9386811,211.93603444099426,PLC -> IO,1.549082
1776099359.9655223,211.96287560462952,IO -> PLC,1.07418
1776099360.0026836,212.00003695487976,PLC -> IO,1.519052
1776099360.029521,212.02687430381775,IO -> PLC,1.8161
1776099360.0666864,212.06403970718384,PLC -> IO,1.264522
1776099360.0935185,212.0908718109131,IO -> PLC,1.05786
1776099360.130689,212.12804222106934,PLC -> IO,1.350242
1776099360.1575172,212.15487051010132,IO -> PLC,1.79155
1776099360.1946914,212.19204473495483,PLC -> IO,1.163872
1776099360.2215157,212.21886897087097,IO -> PLC,3.63416
1776099360.2586942,212.2560474872589,PLC -> IO,1.494252
1776099360.2855144,212.2828676700592,IO -> PLC,0.78687
1776099360.3226967,212.3200500011444,PLC -> IO,1.906062
1776099360.3495128,212.34686613082886,IO -> PLC,0.9758
1776099360.3866992,212.3840525150299,PLC -> IO,1.555132
1776099360.4135115,212.4108648300171,IO -> PLC,2.9621
1776099360.450702,212.44805526733398,PLC -> IO,1.267962
1776099360.47751,212.47486329078674,IO -> PLC,0.90125
1776099360.5147045,212.51205778121948,PLC -> IO,1.473372
1776099360.5415075,212.53886079788208,IO -> PLC,1.29276
1776099360.578707,212.57606029510498,PLC -> IO,1.250202
1776099360.6055062,212.6028594970703,IO -> PLC,2.23037
1776099360.6427097,212.64006304740906,PLC -> IO,1.212092
1776099360.6695046,212.66685795783997,IO -> PLC,3.72087
1776099360.7067122,212.70406556129456,PLC -> IO,1.538952
1776099360.7335033,212.7308566570282,IO -> PLC,1.04032
1776099360.7707148,212.76806807518005,PLC -> IO,1.484432
1776099360.7975018,212.79485511779785,IO -> PLC,2.533
1776099360.8347175,212.83207082748413,PLC -> IO,1.297262
1776099360.8615005,212.85885381698608,IO -> PLC,1.00769
1776099360.89872,212.89607334136963,PLC -> IO,1.332182
1776099360.925499,212.92285227775574,IO -> PLC,1.18734
1776099360.9627225,212.96007585525513,PLC -> IO,1.236612
1776099360.9894977,212.98685097694397,IO -> PLC,1.16019
1776099361.0267253,213.0240786075592,PLC -> IO,1.328422
1776099361.0534952,213.0508484840393,IO -> PLC,7.32443
1776099361.0907278,213.0880811214447,PLC -> IO,1.435912
1776099361.1174939,213.11484718322754,IO -> PLC,1.31484
1776099361.1547303,213.1520836353302,PLC -> IO,1.501072
1776099361.1814923,213.1788456439972,IO -> PLC,0.72975
1776099361.2187328,213.2160861492157,PLC -> IO,1.200142
1776099361.245491,213.24284434318542,IO -> PLC,1.07724
1776099361.2827356,213.28008890151978,PLC -> IO,1.148112
1776099361.3094895,213.30684280395508,IO -> PLC,1.24162
1776099361.346738,213.34409141540527,PLC -> IO,1.463682
1776099361.3734882,213.3708415031433,IO -> PLC,1.03422
1776099361.4107406,213.40809392929077,PLC -> IO,1.288282
1776099361.4374866,213.43483996391296,IO -> PLC,2.73985
1776099361.4747434,213.47209668159485,PLC -> IO,1.656572
1776099361.5014842,213.4988374710083,IO -> PLC,1.39072
1776099361.5387459,213.53609919548035,PLC -> IO,1.431562
1776099361.5654829,213.56283617019653,IO -> PLC,2.29241
1776099361.6027484,213.60010170936584,PLC -> IO,1.547372
1776099361.6294813,213.6268346309662,IO -> PLC,0.95743
1776099361.6667511,213.66410446166992,PLC -> IO,1.256672
1776099361.69348,213.69083333015442,IO -> PLC,3.23038
1776099361.7307537,213.72810697555542,PLC -> IO,1.193832
1776099361.7574785,213.75483179092407,IO -> PLC,1.00569
1776099361.7947562,213.79210948944092,PLC -> IO,1.155472
1776099361.8214772,213.8188304901123,IO -> PLC,2.24106
1776099361.858759,213.856112241745,PLC -> IO,1.881302
1776099361.8854759,213.88282918930054,IO -> PLC,1.57604
1776099361.9227614,213.9201147556305,PLC -> IO,1.896462
1776099361.9494743,213.9468276500702,IO -> PLC,3.28873
1776099361.986764,213.984117269516,PLC -> IO,1.631852
1776099362.0134718,214.01082515716553,IO -> PLC,3.31901
1776099362.0507667,214.04812002182007,PLC -> IO,1.269002
1776099362.0774705,214.07482385635376,IO -> PLC,2.53094
1776099362.1147692,214.11212253570557,PLC -> IO,1.220882
1776099362.141469,214.1388223171234,IO -> PLC,2.53971
1776099362.1787717,214.17612504959106,PLC -> IO,1.162282
1776099362.2054677,214.20282101631165,IO -> PLC,1.55298
1776099362.2427745,214.24012780189514,PLC -> IO,1.171292
1776099362.2694662,214.2668194770813,IO -> PLC,2.6666
1776099362.306777,214.30413031578064,PLC -> IO,1.398452
1776099362.3334649,214.33081817626953,IO -> PLC,0.93233
1776099362.3707795,214.36813282966614,PLC -> IO,1.536492
1776099362.3974624,214.39481568336487,IO -> PLC,2.0429
1776099362.434782,214.43213534355164,PLC -> IO,1.285972
1776099362.4614608,214.45881414413452,IO -> PLC,1.29099
1776099362.4987848,214.4961380958557,PLC -> IO,1.373132
1776099362.5254595,214.52281284332275,IO -> PLC,1.64458
1776099362.5627873,214.5601406097412,PLC -> IO,1.376772
1776099362.5894582,214.586811542511,IO -> PLC,3.27653
1776099362.6267898,214.6241431236267,PLC -> IO,1.306012
1776099362.6534567,214.65081000328064,IO -> PLC,0.95959
1776099362.6907926,214.6881458759308,PLC -> IO,1.378782
1776099362.7174551,214.7148084640503,IO -> PLC,2.15106
1776099362.754795,214.75214838981628,PLC -> IO,1.371222
1776099362.7814538,214.77880716323853,IO -> PLC,1.39378
1776099362.8187976,214.81615090370178,PLC -> IO,1.140462
1776099362.8454523,214.84280562400818,IO -> PLC,0.79516
1776099362.8828003,214.88015365600586,PLC -> IO,1.286422
1776099362.90945,214.9068033695221,IO -> PLC,1.16331
1776099362.9468029,214.94415616989136,PLC -> IO,1.335102
1776099362.9734485,214.97080183029175,IO -> PLC,1.1159
1776099363.0108054,215.00815868377686,PLC -> IO,1.654762
1776099363.0374472,215.03480052947998,IO -> PLC,5.09357
1776099363.0748081,215.07216143608093,PLC -> IO,1.709692
1776099363.1014457,215.09879899024963,IO -> PLC,1.09936
1776099363.1388106,215.13616394996643,PLC -> IO,1.600282
1776099363.1654444,215.16279768943787,IO -> PLC,0.88084
1776099363.2028131,215.20016646385193,PLC -> IO,1.511042
1776099363.2294428,215.22679615020752,IO -> PLC,3.09514
1776099363.266816,215.264169216156,PLC -> IO,1.222992
1776099363.2934413,215.29079461097717,IO -> PLC,1.2331
1776099363.3308184,215.3281717300415,PLC -> IO,1.189752
1776099363.357439,215.3547923564911,IO -> PLC,1.94534
1776099363.394821,215.392174243927,PLC -> IO,1.299962
1776099363.4214375,215.41879081726074,IO -> PLC,2.70358
1776099363.4588234,215.4561767578125,PLC -> IO,1.630492
1776099363.4854362,215.48278951644897,IO -> PLC,1.93815
1776099363.5228262,215.52017951011658,PLC -> IO,1.823982
1776099363.5494347,215.54678797721863,IO -> PLC,1.12656
1776099363.5868287,215.58418202400208,PLC -> IO,1.426742
1776099363.6134334,215.61078667640686,IO -> PLC,1.10852
1776099363.6508312,215.64818453788757,PLC -> IO,1.198292
1776099363.6774318,215.6747851371765,IO -> PLC,2.23862
1776099363.714834,215.71218729019165,PLC -> IO,1.332422
1776099363.7414305,215.73878383636475,IO -> PLC,1.27854
1776099363.7788365,215.77618980407715,PLC -> IO,1.347582
1776099363.805429,215.8027822971344,IO -> PLC,1.2637
1776099363.842839,215.84019231796265,PLC -> IO,1.162742
1776099363.8694267,215.86678004264832,IO -> PLC,1.27655
1776099363.9068418,215.90419507026672,PLC -> IO,1.502562
1776099363.9334252,215.93077850341797,IO -> PLC,1.22268
1776099363.9708443,215.96819758415222,PLC -> IO,1.580922
1776099363.9974236,215.99477696418762,IO -> PLC,2.53117
1776099364.0348468,216.03220009803772,PLC -> IO,1.289262
1776099364.0614223,216.05877566337585,IO -> PLC,1.16852
1776099364.0988495,216.0962028503418,PLC -> IO,1.271872
1776099364.125421,216.1227743625641,IO -> PLC,1.35242
1776099364.162852,216.1602053642273,PLC -> IO,1.250632
1776099364.1894195,216.18677282333374,IO -> PLC,0.95452
1776099364.2268546,216.2242078781128,PLC -> IO,1.653332
1776099364.2534182,216.25077152252197,IO -> PLC,2.48496
1776099364.2908573,216.28821063041687,PLC -> IO,1.588572
1776099364.3174157,216.3147690296173,IO -> PLC,0.92277
1776099364.3548598,216.35221314430237,PLC -> IO,1.538382
1776099364.3814142,216.37876749038696,IO -> PLC,0.82417
1776099364.4188623,216.41621565818787,PLC -> IO,1.277212
1776099364.4454129,216.4427661895752,IO -> PLC,1.23616
1776099364.482865,216.48021841049194,PLC -> IO,1.323972
1776099364.5094113,216.50676465034485,IO -> PLC,2.89556
1776099364.5468676,216.54422092437744,PLC -> IO,1.275042
1776099364.57341,216.57076334953308,IO -> PLC,1.97756
1776099364.6108701,216.60822343826294,PLC -> IO,1.299722
1776099364.6374085,216.63476181030273,IO -> PLC,1.24581
1776099364.6748726,216.67222595214844,PLC -> IO,1.329612
1776099364.7014072,216.69876050949097,IO -> PLC,0.98929
1776099364.7388754,216.73622870445251,PLC -> IO,1.504622
1776099364.7654047,216.7627580165863,IO -> PLC,1.14542
1776099364.802878,216.800231218338,PLC -> IO,1.485702
1776099364.8294034,216.82675671577454,IO -> PLC,0.94833
1776099364.8668804,216.8642337322235,PLC -> IO,1.166532
1776099364.8934019,216.8907551765442,IO -> PLC,1.3944
1776099364.9308832,216.9282364845276,PLC -> IO,1.455622
1776099364.9574006,216.95475387573242,IO -> PLC,1.08548
1776099364.9948857,216.9922389984131,PLC -> IO,1.288772
1776099365.021399,217.01875233650208,IO -> PLC,2.6119
1776099365.0588882,217.05624151229858,PLC -> IO,1.990282
1776099365.0853977,217.0827510356903,IO -> PLC,5.02094
1776099365.122891,217.12024426460266,PLC -> IO,1.718002
1776099365.1493962,217.14674949645996,IO -> PLC,1.42803
1776099365.1868935,217.18424677848816,PLC -> IO,1.528432
1776099365.2133937,217.2107470035553,IO -> PLC,1.21662
1776099365.250896,217.24824929237366,PLC -> IO,1.232862
1776099365.2773924,217.27474570274353,IO -> PLC,2.58129
1776099365.3148987,217.31225204467773,PLC -> IO,1.180342
1776099365.3413908,217.33874416351318,IO -> PLC,1.15519
1776099365.3789012,217.37625455856323,PLC -> IO,2.145042
1776099365.4053895,217.40274286270142,IO -> PLC,1.71797
1776099365.4429038,217.44025707244873,PLC -> IO,1.140972
1776099365.469388,217.46674132347107,IO -> PLC,3.40498
1776099365.5069065,217.5042598247528,PLC -> IO,1.652222
1776099365.5333867,217.5307400226593,IO -> PLC,1.12612
1776099365.570909,217.5682623386383,PLC -> IO,1.666982
1776099365.5973852,217.59473848342896,IO -> PLC,1.27306
1776099365.6349115,217.6322648525238,PLC -> IO,1.280692
1776099365.6613839,217.6587371826172,IO -> PLC,1.64927
1776099365.698914,217.6962673664093,PLC -> IO,1.276742
1776099365.7253814,217.72273468971252,IO -> PLC,0.84009
1776099365.7629168,217.76027011871338,PLC -> IO,1.213412
1776099365.78938,217.78673338890076,IO -> PLC,2.7655
1776099365.8269193,217.82427263259888,PLC -> IO,1.302732
1776099365.8533785,217.8507318496704,IO -> PLC,4.66467
1776099365.8909218,217.88827514648438,PLC -> IO,1.512222
1776099365.917377,217.91473031044006,IO -> PLC,2.32213
1776099365.9549246,217.95227789878845,PLC -> IO,1.361782
1776099365.9813757,217.9787290096283,IO -> PLC,1.17988
1776099366.018927,218.01628041267395,PLC -> IO,1.826552
1776099366.0453742,218.04272747039795,IO -> PLC,1.35441
1776099366.0829296,218.08028292655945,PLC -> IO,1.311782
1776099366.1093729,218.10672616958618,IO -> PLC,1.13573
1776099366.1469324,218.14428567886353,PLC -> IO,1.445912
1776099366.1733704,218.17072367668152,IO -> PLC,1.30131
1776099366.2109349,218.20828819274902,PLC -> IO,1.236592
1776099366.237369,218.23472237586975,IO -> PLC,1.47575
1776099366.2749374,218.27229070663452,PLC -> IO,1.315042
1776099366.3013675,218.2987208366394,IO -> PLC,1.26843
1776099366.3389401,218.3362934589386,PLC -> IO,1.482282
1776099366.3653662,218.36271953582764,IO -> PLC,1.23824
1776099366.4029427,218.4002959728241,PLC -> IO,1.390882
1776099366.4293647,218.4267179965973,IO -> PLC,1.21428
1776099366.4669452,218.4642984867096,PLC -> IO,1.172352
1776099366.4933634,218.49071669578552,IO -> PLC,1.56994
1776099366.530948,218.52830123901367,PLC -> IO,1.282322
1776099366.5573618,218.55471515655518,IO -> PLC,2.33754
1776099366.5949504,218.59230375289917,PLC -> IO,1.329892
1776099366.6213593,218.6187126636505,IO -> PLC,2.32271
1776099366.658953,218.65630626678467,PLC -> IO,1.647632
1776099366.685358,218.68271136283875,IO -> PLC,1.25518
1776099366.7229555,218.72030878067017,PLC -> IO,1.843272
1776099366.7493565,218.7467098236084,IO -> PLC,1.89166
1776099366.7869582,218.78431153297424,PLC -> IO,1.724832
1776099366.8133552,218.81070852279663,IO -> PLC,1.11695
1776099366.8509607,218.84831404685974,PLC -> IO,1.229332
1776099366.877354,218.87470722198486,IO -> PLC,1.84654
1776099366.9149632,218.91231656074524,PLC -> IO,1.202492
1776099366.9413524,218.93870568275452,IO -> PLC,1.82867
1776099366.978966,218.97631931304932,PLC -> IO,1.145652
1776099367.005351,219.00270438194275,IO -> PLC,1.22389
1776099367.0429685,219.04032182693481,PLC -> IO,3.897942
1776099367.0693495,219.0667028427124,IO -> PLC,2.79336
1776099367.106971,219.1043243408203,PLC -> IO,1.609512
1776099367.133347,219.13070034980774,IO -> PLC,1.21158
1776099367.1709738,219.1683270931244,PLC -> IO,1.513622
1776099367.1973457,219.19469904899597,IO -> PLC,1.74877
1776099367.2349763,219.2323296070099,PLC -> IO,1.272612
1776099367.2613442,219.25869750976562,IO -> PLC,1.52489
1776099367.2989788,219.29633212089539,PLC -> IO,1.256092
1776099367.325343,219.32269620895386,IO -> PLC,1.89422
1776099367.3629816,219.36033487319946,PLC -> IO,1.313092
1776099367.3893414,219.3866946697235,IO -> PLC,2.45886
1776099367.426984,219.42433738708496,PLC -> IO,1.282412
1776099367.45334,219.45069336891174,IO -> PLC,2.8866
1776099367.4909866,219.48833990097046,PLC -> IO,1.386612
1776099367.5173385,219.5146918296814,IO -> PLC,1.25465
1776099367.5549893,219.55234265327454,PLC -> IO,1.562512
1776099367.5813363,219.5786895751953,IO -> PLC,1.26446
1776099367.6189919,219.61634516716003,PLC -> IO,1.251902
1776099367.6453347,219.64268803596497,IO -> PLC,1.24746
1776099367.6829944,219.68034768104553,PLC -> IO,1.249702
1776099367.7093334,219.7066867351532,IO -> PLC,1.40983
1776099367.7469969,219.74435019493103,PLC -> IO,1.331112
1776099367.7733319,219.77068519592285,IO -> PLC,1.20859
1776099367.8109996,219.8083529472351,PLC -> IO,1.259882
1776099367.8373303,219.8346836566925,IO -> PLC,4.20533
1776099367.8750021,219.8723554611206,PLC -> IO,1.308802
1776099367.901329,219.89868235588074,IO -> PLC,1.35605
1776099367.9390047,219.9363579750061,PLC -> IO,1.510292
1776099367.9653275,219.9626808166504,IO -> PLC,1.32793
1776099368.0030074,220.00036072731018,PLC -> IO,1.440422
1776099368.0293252,220.0266785621643,IO -> PLC,0.79171
1776099368.06701,220.06436324119568,PLC -> IO,1.318062
1776099368.0933237,220.09067702293396,IO -> PLC,0.776
1776099368.1310124,220.12836575508118,PLC -> IO,1.291382
1776099368.1573224,220.1546757221222,IO -> PLC,1.27822
1776099368.1950152,220.19236850738525,PLC -> IO,1.253102
1776099368.2213209,220.21867418289185,IO -> PLC,3.35644
1776099368.2590177,220.25637102127075,PLC -> IO,1.586832
1776099368.2853196,220.28267288208008,IO -> PLC,1.24352
1776099368.3230202,220.32037353515625,PLC -> IO,1.900092
1776099368.349318,220.34667134284973,IO -> PLC,0.70217
1776099368.387023,220.38437628746033,PLC -> IO,1.400352
1776099368.4133167,220.41067004203796,IO -> PLC,1.55578
1776099368.4510255,220.44837880134583,PLC -> IO,1.179032
1776099368.4773142,220.4746675491333,IO -> PLC,3.08318
1776099368.515028,220.51238131523132,PLC -> IO,1.270282
1776099368.5413127,220.53866600990295,IO -> PLC,1.73388
1776099368.5790308,220.5763840675354,PLC -> IO,1.413922
1776099368.6053114,220.6026647090912,IO -> PLC,1.7088
1776099368.6430333,220.6403865814209,PLC -> IO,1.303562
1776099368.6693099,220.66666316986084,IO -> PLC,1.51572
1776099368.7070358,220.7043890953064,PLC -> IO,1.693532
1776099368.7333086,220.73066186904907,IO -> PLC,0.72701
1776099368.7710385,220.76839184761047,PLC -> IO,1.477172
1776099368.797307,220.79466032981873,IO -> PLC,1.82206
1776099368.835041,220.83239436149597,PLC -> IO,1.268572
1776099368.8613057,220.85865902900696,IO -> PLC,1.43553
1776099368.8990436,220.89639687538147,PLC -> IO,1.228062
1776099368.9253044,220.9226577281952,IO -> PLC,1.79639
1776099368.963046,220.96039938926697,PLC -> IO,11.096362
1776099368.989302,220.98665523529053,IO -> PLC,6.59962
1776099369.0270488,221.02440214157104,PLC -> IO,2.015052
1776099369.0533004,221.05065369606018,IO -> PLC,2.13634
1776099369.0910513,221.08840465545654,PLC -> IO,1.558272
1776099369.117299,221.1146523952484,IO -> PLC,2.29967
1776099369.1550539,221.15240716934204,PLC -> IO,1.720242
1776099369.1812975,221.17865085601807,IO -> PLC,1.52609
1776099369.2190566,221.21640992164612,PLC -> IO,1.230102
1776099369.2452962,221.2426495552063,IO -> PLC,1.4806
1776099369.2830591,221.28041243553162,PLC -> IO,1.261832
1776099369.3092947,221.30664801597595,IO -> PLC,1.31816
1776099369.3470616,221.34441494941711,PLC -> IO,1.206912
1776099369.3732934,221.37064671516418,IO -> PLC,1.29205
1776099369.4110644,221.4084177017212,PLC -> IO,1.230232
1776099369.437291,221.43464422225952,IO -> PLC,1.63874
1776099369.475067,221.4724202156067,PLC -> IO,1.285162
1776099369.5012894,221.49864268302917,IO -> PLC,1.25733
1776099369.5390694,221.5364227294922,PLC -> IO,1.346562
1776099369.565288,221.5626413822174,IO -> PLC,1.59676
1776099369.6030722,221.60042548179626,PLC -> IO,1.674862
1776099369.6292868,221.62664008140564,IO -> PLC,2.15739
1776099369.6670747,221.66442799568176,PLC -> IO,1.293852
1776099369.6932852,221.6906385421753,IO -> PLC,1.4882
1776099369.7310772,221.72843050956726,PLC -> IO,1.412612
1776099369.757284,221.75463724136353,IO -> PLC,2.30388
1776099369.79508,221.79243326187134,PLC -> IO,1.357382
1776099369.8212824,221.81863570213318,IO -> PLC,2.10168
1776099369.8590825,221.85643577575684,PLC -> IO,1.880002
1776099369.88528,221.88263320922852,IO -> PLC,1.50817
1776099369.923085,221.92043828964233,PLC -> IO,1.704682
1776099369.9492786,221.94663190841675,IO -> PLC,1.66535
1776099369.9870875,221.98444080352783,PLC -> IO,1.415262
1776099370.013278,222.01063132286072,IO -> PLC,1.85757
1776099370.0510902,222.0484435558319,PLC -> IO,1.127932
1776099370.0772805,222.07463383674622,IO -> PLC,1.64313
1776099370.1150928,222.1124460697174,PLC -> IO,1.297902
1776099370.1412742,222.1386275291443,IO -> PLC,1.39547
1776099370.1790953,222.1764485836029,PLC -> IO,1.347952
1776099370.205273,222.20262622833252,IO -> PLC,1.35608
1776099370.243098,222.24045133590698,PLC -> IO,1.286552
1776099370.2692714,222.26662468910217,IO -> PLC,1.5655
1776099370.3071005,222.30445384979248,PLC -> IO,1.515162
1776099370.33327,222.3306233882904,IO -> PLC,1.1432
1776099370.371103,222.36845636367798,PLC -> IO,1.571362
1776099370.3972676,222.39462089538574,IO -> PLC,2.25993
1776099370.4351058,222.43245911598206,PLC -> IO,1.252602
1776099370.461266,222.4586193561554,IO -> PLC,1.29066
1776099370.4991083,222.49646162986755,PLC -> IO,1.208712
1776099370.5252647,222.52261805534363,IO -> PLC,1.47031
1776099370.5631108,222.56046414375305,PLC -> IO,1.162592
1776099370.5892632,222.58661651611328,IO -> PLC,1.25794
1776099370.6271136,222.62446689605713,PLC -> IO,1.334572
1776099370.653262,222.6506152153015,IO -> PLC,5.64331
1776099370.691116,222.68846940994263,PLC -> IO,1.507182
1776099370.7172604,222.71461367607117,IO -> PLC,0.69049
1776099370.7551186,222.75247192382812,PLC -> IO,1.525782
1776099370.781259,222.7786123752594,IO -> PLC,1.18471
1776099370.8191214,222.8164746761322,PLC -> IO,1.367332
1776099370.8452566,222.84260988235474,IO -> PLC,0.66698
1776099370.8831239,222.8804771900177,PLC -> IO,1.279132
1776099370.9092553,222.90660858154297,IO -> PLC,1.3465
1776099370.9471264,222.9444797039032,PLC -> IO,1.363422
1776099370.9732537,222.97060704231262,IO -> PLC,1.31718
1776099371.011129,223.0084822177887,PLC -> IO,1.217312
1776099371.0372524,223.03460574150085,IO -> PLC,5.5951
1776099371.0751317,223.07248497009277,PLC -> IO,1.260632
1776099371.101251,223.0986042022705,IO -> PLC,1.09806
1776099371.1391342,223.13648748397827,PLC -> IO,1.597322
1776099371.1652496,223.16260290145874,IO -> PLC,1.81654
1776099371.2031367,223.20048999786377,PLC -> IO,1.575122
1776099371.229248,223.2266013622284,IO -> PLC,1.25175
1776099371.2671394,223.26449275016785,PLC -> IO,1.281392
1776099371.2932456,223.29059886932373,IO -> PLC,1.9956
1776099371.331142,223.32849526405334,PLC -> IO,1.230072
1776099371.3572443,223.35459756851196,IO -> PLC,1.19537
1776099371.3951445,223.39249777793884,PLC -> IO,1.228752
1776099371.4212427,223.41859602928162,IO -> PLC,3.83601
1776099371.4591472,223.45650053024292,PLC -> IO,1.619212
1776099371.4852414,223.48259472846985,IO -> PLC,2.32694
1776099371.5231497,223.52050304412842,PLC -> IO,1.788772
1776099371.5492399,223.5465931892395,IO -> PLC,1.1355
1776099371.5871522,223.58450555801392,PLC -> IO,1.516082
1776099371.6132386,223.61059188842773,IO -> PLC,1.31628
1776099371.651155,223.648508310318,PLC -> IO,1.154592
1776099371.677237,223.6745903491974,IO -> PLC,2.83127
1776099371.7151575,223.7125108242035,PLC -> IO,1.312322
1776099371.7412357,223.73858904838562,IO -> PLC,1.46477
1776099371.77916,223.776513338089,PLC -> IO,1.312852
1776099371.8052332,223.80258655548096,IO -> PLC,1.62914
1776099371.8431628,223.84051609039307,PLC -> IO,1.226812
1776099371.869232,223.8665852546692,IO -> PLC,1.4555
1776099371.9071653,223.90451860427856,PLC -> IO,1.553572
1776099371.9332304,223.93058371543884,IO -> PLC,1.98125
1776099371.9711678,223.96852111816406,PLC -> IO,1.486422
1776099371.997229,223.99458241462708,IO -> PLC,1.58456
1776099372.0351703,224.03252363204956,PLC -> IO,1.189242
1776099372.0612276,224.05858087539673,IO -> PLC,1.75397
1776099372.099173,224.09652638435364,PLC -> IO,1.215212
1776099372.1252263,224.12257957458496,IO -> PLC,1.53433
1776099372.1631756,224.16052889823914,PLC -> IO,1.244542
1776099372.1892247,224.18657803535461,IO -> PLC,1.72126
1776099372.227178,224.22453141212463,PLC -> IO,1.720112
1776099372.2532222,224.25057554244995,IO -> PLC,3.0316
1776099372.2911808,224.2885341644287,PLC -> IO,1.595032
1776099372.317221,224.31457424163818,IO -> PLC,2.2497
1776099372.3551834,224.3525366783142,PLC -> IO,1.702672
1776099372.3812194,224.37857270240784,IO -> PLC,1.27514
1776099372.4191859,224.4165391921997,PLC -> IO,1.251262
1776099372.445218,224.44257140159607,IO -> PLC,1.07405
1776099372.4831886,224.48054194450378,PLC -> IO,1.224662
1776099372.5092165,224.50656986236572,IO -> PLC,1.24458
1776099372.5471911,224.54454445838928,PLC -> IO,1.202872
1776099372.5732152,224.57056856155396,IO -> PLC,1.21751
1776099372.6111937,224.60854697227478,PLC -> IO,1.178022
1776099372.6372137,224.6345670223236,IO -> PLC,1.94502
1776099372.6751964,224.67254972457886,PLC -> IO,1.279022
1776099372.7012115,224.69856476783752,IO -> PLC,1.38032
1776099372.739199,224.73655223846436,PLC -> IO,1.627872
1776099372.76521,224.76256322860718,IO -> PLC,1.17292
1776099372.8032014,224.80055475234985,PLC -> IO,1.687512
1776099372.8292086,224.8265619277954,IO -> PLC,2.3275
1776099372.8672042,224.86455750465393,PLC -> IO,1.308822
1776099372.893207,224.89056038856506,IO -> PLC,1.31214
1776099372.9312067,224.92856001853943,PLC -> IO,1.223832
1776099372.9572055,224.95455884933472,IO -> PLC,2.60816
1776099372.9952092,224.99256253242493,PLC -> IO,1.258752
1776099373.0212042,225.01855754852295,IO -> PLC,2.21939
1776099373.0592117,225.05656504631042,PLC -> IO,1.756492
1776099373.0852027,225.0825560092926,IO -> PLC,1.06699
1776099373.1232145,225.1205677986145,PLC -> IO,1.498602
1776099373.1492004,225.14655375480652,IO -> PLC,1.42688
1776099373.187217,225.1845703125,PLC -> IO,1.442402
1776099373.213199,225.21055221557617,IO -> PLC,1.21732
1776099373.2512195,225.2485728263855,PLC -> IO,1.311562
1776099373.2771976,225.2745509147644,IO -> PLC,1.95116
1776099373.3152223,225.31257557868958,PLC -> IO,1.383932
1776099373.341196,225.33854937553406,IO -> PLC,1.74583
1776099373.3792248,225.37657809257507,PLC -> IO,2.423212
1776099373.4051948,225.4025480747223,IO -> PLC,2.30966
1776099373.4432273,225.44058060646057,PLC -> IO,1.251052
1776099373.4691932,225.46654653549194,IO -> PLC,1.73257
1776099373.50723,225.50458335876465,PLC -> IO,1.505342
1776099373.533192,225.53054523468018,IO -> PLC,1.11659
1776099373.5712326,225.56858587265015,PLC -> IO,1.493542
1776099373.5971904,225.59454369544983,IO -> PLC,2.4238
1776099373.635235,225.63258838653564,PLC -> IO,1.184132
1776099373.661188,225.65854120254517,IO -> PLC,1.27332
1776099373.6992378,225.69659113883972,PLC -> IO,1.176432
1776099373.7251866,225.7225399017334,IO -> PLC,1.81251
1776099373.7632403,225.76059365272522,PLC -> IO,1.321992
1776099373.789185,225.78653836250305,IO -> PLC,0.56282
1776099373.8272429,225.82459616661072,PLC -> IO,1.557642
1776099373.8531837,225.85053706169128,IO -> PLC,4.64801
1776099373.8912456,225.8885989189148,PLC -> IO,1.448562
1776099373.9171824,225.91453576087952,IO -> PLC,0.85028
1776099373.955248,225.9526014328003,PLC -> IO,1.649892
1776099373.981181,225.97853422164917,IO -> PLC,0.9933
1776099374.0192506,226.0166039466858,PLC -> IO,1.221832
1776099374.0451796,226.0425329208374,IO -> PLC,1.52641
1776099374.0832531,226.0806064605713,PLC -> IO,1.269162
1776099374.109177,226.10653042793274,IO -> PLC,1.33316
1776099374.147256,226.14460921287537,PLC -> IO,1.218402
1776099374.1731756,226.1705288887024,IO -> PLC,1.49449
1776099374.2112584,226.20861172676086,PLC -> IO,1.180992
1776099374.2371743,226.23452758789062,IO -> PLC,3.39663
1776099374.275261,226.27261424064636,PLC -> IO,1.464322
1776099374.3011727,226.29852604866028,IO -> PLC,1.64204
1776099374.3392637,226.33661699295044,PLC -> IO,1.522362
1776099374.3651714,226.3625247478485,IO -> PLC,1.25246
1776099374.4032662,226.40061950683594,PLC -> IO,1.575452
1776099374.42917,226.42652320861816,IO -> PLC,1.23842
1776099374.4672687,226.46462202072144,PLC -> IO,1.219232
1776099374.4931686,226.4905219078064,IO -> PLC,2.17075
1776099374.5312715,226.5286247730255,PLC -> IO,1.419592
1776099374.557166,226.55451941490173,IO -> PLC,1.18308
1776099374.595274,226.592627286911,PLC -> IO,1.557562
1776099374.6211648,226.61851811408997,IO -> PLC,1.94251
1776099374.6592765,226.6566298007965,PLC -> IO,1.571772
1776099374.6851633,226.68251657485962,IO -> PLC,1.73015
1776099374.7232792,226.7206325531006,PLC -> IO,1.816932
1776099374.749162,226.74651527404785,IO -> PLC,0.76479
1776099374.7872818,226.78463506698608,PLC -> IO,1.651862
1776099374.8131604,226.8105137348175,IO -> PLC,1.30293
1776099374.8512843,226.84863758087158,PLC -> IO,1.292762
1776099374.8771589,226.87451219558716,IO -> PLC,2.43007
1776099374.9152868,226.91264009475708,PLC -> IO,1.299842
1776099374.9411576,226.9385108947754,IO -> PLC,1.26815
1776099374.9792895,226.97664284706116,PLC -> IO,1.242202
1776099375.005156,227.00250935554504,IO -> PLC,1.06707
1776099375.043292,227.04064536094666,PLC -> IO,5.165502
1776099375.0691538,227.06650710105896,IO -> PLC,2.42541
1776099375.1072946,227.10464787483215,PLC -> IO,1.573982
1776099375.1331522,227.1305055618286,IO -> PLC,1.20924
1776099375.1712973,227.16865062713623,PLC -> IO,1.559962
1776099375.197151,227.19450426101685,IO -> PLC,1.77099
1776099375.2352998,227.23265314102173,PLC -> IO,1.166862
1776099375.2611494,227.2585027217865,IO -> PLC,0.79572
1776099375.2993023,227.29665565490723,PLC -> IO,1.337712
1776099375.325148,227.32250142097473,IO -> PLC,2.27894
1776099375.363305,227.3606584072113,PLC -> IO,1.310392
1776099375.3891466,227.38649988174438,IO -> PLC,3.0291
1776099375.4273076,227.4246609210968,PLC -> IO,1.400122
1776099375.4531453,227.45049858093262,IO -> PLC,2.12351
1776099375.4913101,227.4886634349823,PLC -> IO,1.481132
1776099375.5171428,227.51449608802795,IO -> PLC,2.67678
1776099375.5553129,227.55266618728638,PLC -> IO,1.541262
1776099375.5811412,227.5784945487976,IO -> PLC,1.26812
1776099375.6193154,227.61666870117188,PLC -> IO,1.228572
1776099375.64514,227.64249324798584,IO -> PLC,1.43777
1776099375.683318,227.68067121505737,PLC -> IO,1.142042
1776099375.7091384,227.7064917087555,IO -> PLC,1.04092
1776099375.7473207,227.74467396736145,PLC -> IO,1.303532
1776099375.773137,227.77049040794373,IO -> PLC,1.38443
1776099375.8113232,227.80867648124695,PLC -> IO,1.396792
1776099375.8371356,227.83448886871338,IO -> PLC,1.95729
1776099375.8753257,227.87267899513245,PLC -> IO,1.378602
1776099375.9011343,227.8984875679016,IO -> PLC,0.98913
1776099375.9393282,227.93668150901794,PLC -> IO,1.748012
1776099375.9651318,227.96248507499695,IO -> PLC,1.33888
1776099376.003331,228.00068426132202,PLC -> IO,1.511642
1776099376.0291302,228.0264835357666,IO -> PLC,1.50021
1776099376.0673335,228.06468677520752,PLC -> IO,1.265752
1776099376.093129,228.09048223495483,IO -> PLC,1.48537
1776099376.131336,228.12868928909302,PLC -> IO,1.206992
1776099376.1571276,228.15448093414307,IO -> PLC,0.56722
1776099376.1953387,228.1926920413971,PLC -> IO,1.186082
1776099376.221126,228.21847939491272,IO -> PLC,3.36339
1776099376.2593412,228.2566945552826,PLC -> IO,1.528682
1776099376.2851248,228.28247809410095,IO -> PLC,2.01322
1776099376.3233438,228.3206970691681,PLC -> IO,1.987702
1776099376.3491232,228.3464765548706,IO -> PLC,1.22002
1776099376.3873465,228.38469982147217,PLC -> IO,1.669092
1776099376.4131207,228.41047406196594,IO -> PLC,1.96514
1776099376.451349,228.44870233535767,PLC -> IO,1.362562
1776099376.4771194,228.47447276115417,IO -> PLC,1.74438
1776099376.5153515,228.51270484924316,PLC -> IO,1.241802
1776099376.541118,228.53847122192383,IO -> PLC,1.35993
1776099376.5793543,228.57670760154724,PLC -> IO,1.243452
1776099376.6051166,228.60246992111206,IO -> PLC,1.33805
1776099376.6433568,228.64071011543274,PLC -> IO,1.211572
1776099376.669115,228.6664683818817,IO -> PLC,0.73831
1776099376.7073593,228.70471262931824,PLC -> IO,1.447382
1776099376.7331138,228.73046708106995,IO -> PLC,1.29382
1776099376.771362,228.76871538162231,PLC -> IO,1.584792
1776099376.7971122,228.7944655418396,IO -> PLC,2.79865
1776099376.8353646,228.8327178955078,PLC -> IO,1.710442
1776099376.861111,228.85846424102783,IO -> PLC,1.06045
1776099376.899367,228.8967204093933,PLC -> IO,1.322552
1776099376.9251084,228.92246174812317,IO -> PLC,1.62925
1776099376.9633696,228.9607229232788,PLC -> IO,1.443152
1776099376.9891071,228.9864604473114,IO -> PLC,1.22328
1776099377.0273724,229.02472567558289,PLC -> IO,1.356232
1776099377.0531056,229.05045890808105,IO -> PLC,2.69739
1776099377.0913749,229.08872818946838,PLC -> IO,1.492922
1776099377.1171043,229.1144576072693,IO -> PLC,1.5601
1776099377.1553774,229.15273070335388,PLC -> IO,1.422162
1776099377.1811028,229.17845606803894,IO -> PLC,1.3363
1776099377.2193801,229.21673345565796,PLC -> IO,1.227252
1776099377.2451012,229.2424545288086,IO -> PLC,1.51819
1776099377.2833827,229.28073596954346,PLC -> IO,1.162492
1776099377.3091,229.30645322799683,IO -> PLC,1.68049
1776099377.3473852,229.34473848342896,PLC -> IO,1.210852
1776099377.3730974,229.37045073509216,IO -> PLC,1.28763
1776099377.411388,229.40874123573303,PLC -> IO,1.324172
1776099377.437096,229.4344494342804,IO -> PLC,0.70765
1776099377.4753904,229.47274374961853,PLC -> IO,1.396702
1776099377.5010946,229.49844789505005,IO -> PLC,1.25092
1776099377.539393,229.53674626350403,PLC -> IO,1.629482
1776099377.5650933,229.56244659423828,IO -> PLC,1.23313
1776099377.6033957,229.6007490158081,PLC -> IO,1.769202
1776099377.6290917,229.62644505500793,IO -> PLC,1.20492
1776099377.6673982,229.6647515296936,PLC -> IO,1.214422
1776099377.6930904,229.69044375419617,IO -> PLC,1.19089
1776099377.7314007,229.7287540435791,PLC -> IO,1.206302
1776099377.757089,229.75444221496582,IO -> PLC,1.17918
1776099377.7954035,229.79275679588318,PLC -> IO,1.168182
1776099377.8210876,229.81844091415405,IO -> PLC,2.11167
1776099377.859406,229.85675930976868,PLC -> IO,1.769932
1776099377.885085,229.8824384212494,IO -> PLC,1.1423
1776099377.9234085,229.92076182365417,PLC -> IO,1.764932
1776099377.9490836,229.94643688201904,IO -> PLC,0.92562
1776099377.987411,229.98476433753967,PLC -> IO,1.562242
1776099378.0130823,230.01043558120728,IO -> PLC,1.28272
1776099378.0514138,230.04876708984375,PLC -> IO,1.327152
1776099378.0770807,230.07443404197693,IO -> PLC,2.98509
1776099378.1154163,230.11276960372925,PLC -> IO,1.260232
1776099378.1410794,230.13843274116516,IO -> PLC,1.24993
1776099378.1794188,230.17677211761475,PLC -> IO,1.382442
1776099378.2050781,230.2024314403534,IO -> PLC,1.42446
1776099378.2434216,230.24077486991882,PLC -> IO,1.207352
1776099378.2690766,230.26642990112305,IO -> PLC,1.2161
1776099378.307424,230.30477738380432,PLC -> IO,1.474122
1776099378.333074,230.33042740821838,IO -> PLC,1.57417
1776099378.3714266,230.36877989768982,PLC -> IO,1.424642
1776099378.3970728,230.39442610740662,IO -> PLC,1.18428
1776099378.4354293,230.4327826499939,PLC -> IO,1.324032
1776099378.4610713,230.45842456817627,IO -> PLC,1.34248
1776099378.4994318,230.4967851638794,PLC -> IO,1.314012
1776099378.52507,230.5224232673645,IO -> PLC,1.69334
1776099378.5634344,230.5607876777649,PLC -> IO,1.301002
1776099378.5890684,230.58642172813416,IO -> PLC,0.77959
1776099378.627437,230.62479043006897,PLC -> IO,1.334162
1776099378.653067,230.6504204273224,IO -> PLC,1.53159
1776099378.6914396,230.68879294395447,PLC -> IO,1.441812
1776099378.7170656,230.71441888809204,IO -> PLC,3.17666
1776099378.7554421,230.75279545783997,PLC -> IO,1.582092
1776099378.781063,230.77841639518738,IO -> PLC,1.25806
1776099378.8194447,230.81679797172546,PLC -> IO,1.174762
1776099378.8450618,230.8424150943756,IO -> PLC,1.41132
1776099378.8834474,230.88080072402954,PLC -> IO,1.151932
1776099378.9090605,230.90641379356384,IO -> PLC,1.7629
1776099378.94745,230.94480323791504,PLC -> IO,1.315022
1776099378.973059,230.9704122543335,IO -> PLC,1.18067
1776099379.0114524,231.00880575180054,PLC -> IO,1.246422
1776099379.0370576,231.03441095352173,IO -> PLC,1.82651
1776099379.0754552,231.07280850410461,PLC -> IO,1.401992
1776099379.101056,231.09840941429138,IO -> PLC,1.34158
1776099379.1394577,231.1368110179901,PLC -> IO,1.503322
1776099379.1650546,231.16240787506104,IO -> PLC,1.31138
1776099379.2034602,231.2008135318756,PLC -> IO,1.429362
1776099379.2290523,231.22640562057495,IO -> PLC,2.6338
1776099379.267463,231.2648162841797,PLC -> IO,1.197302
1776099379.2930508,231.2904040813446,IO -> PLC,2.05078
1776099379.3314655,231.32881879806519,PLC -> IO,1.277982
1776099379.3570495,231.35440278053284,IO -> PLC,0.5582
1776099379.395468,231.39282131195068,PLC -> IO,1.249062
1776099379.421048,231.4184012413025,IO -> PLC,2.57706
1776099379.4594707,231.45682406425476,PLC -> IO,1.710082
1776099379.4850466,231.48239994049072,IO -> PLC,1.03328
1776099379.5234733,231.52082657814026,PLC -> IO,1.863652
1776099379.549045,231.54639840126038,IO -> PLC,1.20988
1776099379.5874758,231.58482909202576,PLC -> IO,1.485282
1776099379.6130438,231.6103971004486,IO -> PLC,1.19009
1776099379.6514785,231.64883184432983,PLC -> IO,1.275072
1776099379.6770422,231.67439556121826,IO -> PLC,1.33807
1776099379.715481,231.71283435821533,PLC -> IO,1.229502
1776099379.7410398,231.7383930683136,IO -> PLC,1.72149
1776099379.7794836,231.77683687210083,PLC -> IO,1.213152
1776099379.8050385,231.80239176750183,IO -> PLC,1.31663
1776099379.843486,231.84083938598633,PLC -> IO,1.844812
1776099379.869037,231.86639022827148,IO -> PLC,2.26224
1776099379.9074888,231.9048421382904,PLC -> IO,1.423232
1776099379.9330356,231.93038892745972,IO -> PLC,1.27352
1776099379.9714913,231.9688446521759,PLC -> IO,1.791692
1776099379.997034,231.99438738822937,IO -> PLC,2.39522
1776099380.0354939,232.0328471660614,PLC -> IO,1.334682
1776099380.0610328,232.0583860874176,IO -> PLC,1.41681
1776099380.0994966,232.09684991836548,PLC -> IO,1.268332
1776099380.1250312,232.12238454818726,IO -> PLC,2.18442
1776099380.163499,232.16085243225098,PLC -> IO,1.260532
1776099380.189029,232.18638229370117,IO -> PLC,1.37891
1776099380.2275016,232.22485494613647,PLC -> IO,1.687552
1776099380.2530274,232.25038075447083,IO -> PLC,1.17471
1776099380.2915044,232.28885769844055,PLC -> IO,1.598462
1776099380.317026,232.31437921524048,IO -> PLC,1.15771
1776099380.355507,232.35286021232605,PLC -> IO,1.549142
1776099380.3810246,232.3783779144287,IO -> PLC,1.13983
1776099380.4195094,232.41686272621155,PLC -> IO,1.158382
1776099380.4450233,232.44237661361694,IO -> PLC,1.13844
1776099380.4835122,232.48086547851562,PLC -> IO,1.393862
1776099380.5090218,232.5063750743866,IO -> PLC,0.92792
1776099380.5475147,232.54486799240112,PLC -> IO,1.464222
1776099380.5730205,232.57037377357483,IO -> PLC,1.08413
1776099380.6115172,232.60887050628662,PLC -> IO,1.458352
1776099380.637018,232.63437128067017,IO -> PLC,3.15922
1776099380.6755197,232.67287302017212,PLC -> IO,1.576962
1776099380.7010164,232.69836974143982,IO -> PLC,1.24286
1776099380.7395225,232.7368757724762,PLC -> IO,1.451322
1776099380.7650151,232.76236844062805,IO -> PLC,1.4174
1776099380.803525,232.8008782863617,PLC -> IO,1.505922
1776099380.8290136,232.8263669013977,IO -> PLC,1.02463
1776099380.8675275,232.8648808002472,PLC -> IO,1.171792
1776099380.8930123,232.89036560058594,IO -> PLC,1.36317
1776099380.9315302,232.92888355255127,PLC -> IO,1.186552
1776099380.9570107,232.9543640613556,IO -> PLC,1.34625
1776099380.9955328,232.99288606643677,PLC -> IO,1.361252
1776099381.0210094,233.01836276054382,IO -> PLC,5.19399
1776099381.0595353,233.05688858032227,PLC -> IO,1.803862
1776099381.085008,233.08236122131348,IO -> PLC,1.88589
1776099381.123538,233.12089133262634,PLC -> IO,1.786622
1776099381.1490057,233.1463589668274,IO -> PLC,0.96669
1776099381.1875405,233.18489384651184,PLC -> IO,1.631612
1776099381.213004,233.21035742759705,IO -> PLC,1.45691
1776099381.251543,233.24889636039734,PLC -> IO,1.212922
1776099381.2770028,233.27435612678528,IO -> PLC,2.00411
1776099381.3155458,233.31289911270142,PLC -> IO,1.198332
1776099381.3410013,233.33835458755493,IO -> PLC,1.22844
1776099381.3795483,233.3769016265869,PLC -> IO,1.929752
1776099381.4049997,233.40235304832458,IO -> PLC,1.58954
1776099381.4435508,233.4409041404724,PLC -> IO,1.139762
1776099381.4689984,233.46635174751282,IO -> PLC,1.18765
1776099381.5075536,233.5049068927765,PLC -> IO,1.615182
1776099381.532997,233.53035020828247,IO -> PLC,1.56595
1776099381.571556,233.568909406662,PLC -> IO,1.586032
1776099381.5969946,233.5943479537964,IO -> PLC,1.34838
1776099381.6355586,233.63291192054749,PLC -> IO,1.272142
1776099381.660993,233.65834641456604,IO -> PLC,2.27039
1776099381.699561,233.69691443443298,PLC -> IO,1.228022
1776099381.7249918,233.72234511375427,IO -> PLC,2.44717
1776099381.7635639,233.76091718673706,PLC -> IO,1.375262
1776099381.7889903,233.78634357452393,IO -> PLC,2.80082
1776099381.8275664,233.82491970062256,PLC -> IO,1.351872
1776099381.852989,233.85034227371216,IO -> PLC,1.2776
1776099381.891569,233.88892221450806,PLC -> IO,1.446562
1776099381.9169874,233.9143407344818,IO -> PLC,2.38922
1776099381.9555717,233.95292496681213,PLC -> IO,1.376762
1776099381.980986,233.97833943367004,IO -> PLC,1.22945
1776099382.0195742,234.01692748069763,PLC -> IO,1.310872
1776099382.0449836,234.04233694076538,IO -> PLC,1.02333
1776099382.0835767,234.08092999458313,PLC -> IO,1.309082
1776099382.108982,234.10633540153503,IO -> PLC,1.3729
1776099382.1475794,234.1449327468872,PLC -> IO,1.291682
1776099382.1729808,234.17033410072327,IO -> PLC,1.73481
1776099382.211582,234.2089352607727,PLC -> IO,1.466052
1776099382.2369792,234.23433256149292,IO -> PLC,2.47465
1776099382.2755845,234.2729377746582,PLC -> IO,1.557222
1776099382.300978,234.29833126068115,IO -> PLC,1.41737
1776099382.3395872,234.33694052696228,PLC -> IO,1.563502
1776099382.3649764,234.3623297214508,IO -> PLC,1.11188
1776099382.4035897,234.40094304084778,PLC -> IO,1.548012
1776099382.428975,234.42632842063904,IO -> PLC,1.46874
1776099382.4675922,234.46494555473328,PLC -> IO,1.243492
1776099382.4929726,234.49032592773438,IO -> PLC,1.24893
1776099382.5315948,234.52894806861877,PLC -> IO,1.312252
1776099382.556971,234.55432438850403,IO -> PLC,0.91457
1776099382.5955975,234.59295082092285,PLC -> IO,1.331652
1776099382.6209698,234.61832308769226,IO -> PLC,2.93151
1776099382.6596,234.65695333480835,PLC -> IO,2.171962
1776099382.6849685,234.6823217868805,IO -> PLC,1.21051
1776099382.7236025,234.72095584869385,PLC -> IO,1.540692
1776099382.748967,234.74632024765015,IO -> PLC,1.18559
1776099382.7876053,234.78495860099792,PLC -> IO,1.570832
1776099382.8129656,234.81031894683838,IO -> PLC,0.99251
1776099382.8516078,234.84896111488342,PLC -> IO,1.201572
1776099382.876964,234.87431740760803,IO -> PLC,1.51642
1776099382.9156103,234.91296362876892,PLC -> IO,1.254742
1776099382.9409628,234.93831610679626,IO -> PLC,1.70016
1776099382.979613,234.976966381073,PLC -> IO,1.274542
1776099383.0049603,235.0023136138916,IO -> PLC,1.30618
1776099383.0436156,235.0409688949585,PLC -> IO,3.918852
1776099383.0689588,235.06631207466125,IO -> PLC,3.40832
1776099383.107618,235.104971408844,PLC -> IO,1.667532
1776099383.1329575,235.1303107738495,IO -> PLC,1.25011
1776099383.1716208,235.16897416114807,PLC -> IO,1.755732
1776099383.196956,235.19430923461914,IO -> PLC,2.37381
1776099383.2356234,235.23297667503357,PLC -> IO,1.269352
1776099383.2609546,235.25830793380737,IO -> PLC,1.60126
1776099383.2996259,235.29697918891907,PLC -> IO,1.433402
1776099383.324953,235.32230639457703,IO -> PLC,2.16196
1776099383.3636286,235.36098194122314,PLC -> IO,1.247122
1776099383.3889518,235.38630509376526,IO -> PLC,2.50747
1776099383.4276311,235.42498445510864,PLC -> IO,1.320202
1776099383.4529493,235.4503026008606,IO -> PLC,1.16665
1776099383.4916337,235.48898696899414,PLC -> IO,1.451132
1776099383.516948,235.51430130004883,IO -> PLC,1.1507
1776099383.5556362,235.55298948287964,PLC -> IO,1.484772
1776099383.5809464,235.57829976081848,IO -> PLC,1.30882
1776099383.619639,235.61699223518372,PLC -> IO,1.426262
1776099383.6449451,235.6422984600067,IO -> PLC,1.29311
1776099383.6836414,235.6809947490692,PLC -> IO,1.261972
1776099383.7089436,235.70629692077637,IO -> PLC,1.2782
1776099383.747644,235.7449972629547,PLC -> IO,1.225932
1776099383.772942,235.77029538154602,IO -> PLC,1.07184
1776099383.8116467,235.8090000152588,PLC -> IO,1.226212
1776099383.8369408,235.83429408073425,IO -> PLC,3.13894
1776099383.8756492,235.8730025291443,PLC -> IO,1.339052
1776099383.9009392,235.8982925415039,IO -> PLC,1.21225
1776099383.9396517,235.93700504302979,PLC -> IO,1.447832
1776099383.964937,235.96229028701782,IO -> PLC,2.78965
1776099384.0036545,236.00100779533386,PLC -> IO,1.371302
1776099384.0289354,236.02628874778748,IO -> PLC,0.99105
1776099384.067657,236.06501030921936,PLC -> IO,1.134862
1776099384.0929341,236.0902874469757,IO -> PLC,2.30844
1776099384.1316595,236.12901282310486,PLC -> IO,1.342582
1776099384.1569326,236.15428590774536,IO -> PLC,1.12611
1776099384.1956623,236.19301557540894,PLC -> IO,1.414242
1776099384.2209313,236.2182846069336,IO -> PLC,4.16693
1776099384.2596648,236.25701808929443,PLC -> IO,1.556292
1776099384.2849298,236.28228306770325,IO -> PLC,1.29421
1776099384.3236673,236.32102060317993,PLC -> IO,1.836012
1776099384.3489285,236.34628176689148,IO -> PLC,0.88711
1776099384.3876698,236.38502311706543,PLC -> IO,1.511892
1776099384.412926,236.41027927398682,IO -> PLC,1.26438
1776099384.4516726,236.4490258693695,PLC -> IO,1.190252
1776099384.4769244,236.47427773475647,IO -> PLC,2.3568
1776099384.515675,236.513028383255,PLC -> IO,1.188452
1776099384.540923,236.5382764339447,IO -> PLC,1.21934
1776099384.5796776,236.5770308971405,PLC -> IO,1.154412
1776099384.6049216,236.60227489471436,IO -> PLC,2.32176
1776099384.6436803,236.64103364944458,PLC -> IO,1.418862
1776099384.6689203,236.6662735939026,IO -> PLC,1.38528
1776099384.7076828,236.70503616333008,PLC -> IO,1.577152
1776099384.732919,236.73027229309082,IO -> PLC,1.14612
1776099384.7716854,236.76903867721558,PLC -> IO,1.670562
1776099384.7969174,236.79427075386047,IO -> PLC,1.15185
1776099384.835688,236.83304142951965,PLC -> IO,1.232492
1776099384.860915,236.8582682609558,IO -> PLC,1.31317
1776099384.8996906,236.89704394340515,PLC -> IO,1.196292
1776099384.9249136,236.92226696014404,IO -> PLC,1.86653
1776099384.9636931,236.96104645729065,PLC -> IO,1.245292
1776099384.988912,236.9862654209137,IO -> PLC,1.83121
1776099385.027696,237.02504920959473,PLC -> IO,1.587832
1776099385.0529108,237.05026412010193,IO -> PLC,0.5784
1776099385.0916984,237.08905172348022,PLC -> IO,1.417942
1776099385.1169093,237.11426258087158,IO -> PLC,2.36269
1776099385.155701,237.15305423736572,PLC -> IO,1.517272
1776099385.180908,237.17826128005981,IO -> PLC,1.38532
1776099385.2197037,237.2170569896698,PLC -> IO,1.280582
1776099385.2449064,237.24225974082947,IO -> PLC,1.00895
1776099385.2837062,237.2810595035553,PLC -> IO,1.290152
1776099385.308904,237.3062572479248,IO -> PLC,1.17949
1776099385.3477087,237.3450620174408,PLC -> IO,1.394752
1776099385.3729026,237.37025594711304,IO -> PLC,1.16057
1776099385.4117112,237.4090645313263,PLC -> IO,1.344952
1776099385.436901,237.4342544078827,IO -> PLC,2.27315
1776099385.475714,237.47306728363037,PLC -> IO,1.372522
1776099385.5008998,237.49825310707092,IO -> PLC,1.30291
1776099385.5397165,237.53706979751587,PLC -> IO,1.419842
1776099385.5648983,237.56225156784058,IO -> PLC,1.27967
1776099385.603719,237.60107231140137,PLC -> IO,1.490462
1776099385.628897,237.6262502670288,IO -> PLC,1.84151
1776099385.6677217,237.66507506370544,PLC -> IO,1.300892
1776099385.6928954,237.69024872779846,IO -> PLC,1.06584
1776099385.7317243,237.72907757759094,PLC -> IO,1.325172
1776099385.756894,237.7542474269867,IO -> PLC,0.91484
1776099385.7957268,237.79308009147644,PLC -> IO,1.272092
1776099385.8208916,237.81824493408203,IO -> PLC,2.36438
1776099385.8597295,237.85708284378052,PLC -> IO,2.206892
1776099385.8848903,237.88224363327026,IO -> PLC,1.94705
1776099385.923732,237.92108535766602,PLC -> IO,1.833722
1776099385.9488888,237.94624209403992,IO -> PLC,0.99097
1776099385.9877346,237.9850878715515,PLC -> IO,1.525592
1776099386.0128875,238.01024079322815,IO -> PLC,1.16255
1776099386.0517373,238.0490906238556,PLC -> IO,1.183612
1776099386.076886,238.0742392539978,IO -> PLC,1.13131
1776099386.1157398,238.1130931377411,PLC -> IO,1.175172
1776099386.1408844,238.13823771476746,IO -> PLC,1.68491
1776099386.1797423,238.1770956516266,PLC -> IO,1.259212
1776099386.204883,238.2022364139557,IO -> PLC,1.47957
1776099386.2437449,238.24109816551208,PLC -> IO,1.306452
1776099386.2688806,238.26623392105103,IO -> PLC,0.70999
1776099386.3077476,238.30510091781616,PLC -> IO,1.583302
1776099386.3328793,238.33023262023926,IO -> PLC,1.05453
1776099386.37175,238.36910343170166,PLC -> IO,1.503192
1776099386.3968778,238.3942310810089,IO -> PLC,2.37096
1776099386.4357526,238.43310594558716,PLC -> IO,1.238422
1776099386.4608765,238.45822978019714,IO -> PLC,1.57361
1776099386.4997554,238.49710869789124,PLC -> IO,1.344302
1776099386.524875,238.5222282409668,IO -> PLC,2.32688
1776099386.563758,238.56111121177673,PLC -> IO,1.276102
1776099386.5888736,238.58622694015503,IO -> PLC,1.34008
1776099386.6277604,238.62511372566223,PLC -> IO,1.374002
1776099386.652872,238.65022540092468,IO -> PLC,1.52414
1776099386.6917632,238.6891164779663,PLC -> IO,1.541242
1776099386.7168696,238.71422290802002,IO -> PLC,1.3217
1776099386.7557657,238.7531189918518,PLC -> IO,1.502562
1776099386.7808683,238.77822160720825,IO -> PLC,1.30294
1776099386.8197682,238.8171215057373,PLC -> IO,1.271072
1776099386.8448668,238.8422200679779,IO -> PLC,1.27259
1776099386.883771,238.88112425804138,PLC -> IO,1.254552
1776099386.9088655,238.90621876716614,IO -> PLC,1.82721
1776099386.9477735,238.94512677192688,PLC -> IO,1.213152
1776099386.9728642,238.97021746635437,IO -> PLC,1.23891
1776099387.011776,239.00912928581238,PLC -> IO,1.241752
1776099387.0368626,239.03421592712402,IO -> PLC,1.89091
1776099387.0757785,239.07313179969788,PLC -> IO,1.325872
1776099387.1008613,239.09821462631226,IO -> PLC,1.20308
1776099387.1397812,239.13713455200195,PLC -> IO,1.501362
1776099387.1648598,239.1622130870819,IO -> PLC,1.18313
1776099387.2037838,239.20113706588745,PLC -> IO,1.700862
1776099387.2288573,239.22621059417725,IO -> PLC,0.98604
1776099387.2677863,239.26513957977295,PLC -> IO,1.319052
1776099387.292856,239.29020929336548,IO -> PLC,1.33674
1776099387.331789,239.32914233207703,PLC -> IO,1.288292
1776099387.3568544,239.35420775413513,IO -> PLC,1.13454
1776099387.3957915,239.39314484596252,PLC -> IO,1.241532
1776099387.4208531,239.41820645332336,IO -> PLC,3.57422
1776099387.459794,239.45714735984802,PLC -> IO,1.685842
1776099387.4848516,239.48220491409302,IO -> PLC,1.46729
1776099387.5237968,239.5211501121521,PLC -> IO,1.550832
1776099387.5488503,239.54620361328125,IO -> PLC,1.25988
1776099387.5877993,239.5851526260376,PLC -> IO,1.491272
1776099387.6128488,239.6102020740509,IO -> PLC,1.22552
1776099387.6518018,239.6491551399231,PLC -> IO,1.589562
1776099387.6768465,239.67419981956482,IO -> PLC,2.92701
1776099387.7158046,239.71315789222717,PLC -> IO,1.308962
1776099387.740845,239.73819828033447,IO -> PLC,1.20202
1776099387.779807,239.77716040611267,PLC -> IO,1.464122
1776099387.8048434,239.80219674110413,IO -> PLC,1.56
1776099387.8438096,239.84116291999817,PLC -> IO,1.247442
1776099387.8688421,239.86619544029236,IO -> PLC,1.52884
1776099387.9078124,239.90516567230225,PLC -> IO,1.557572
1776099387.9328406,239.930193901062,IO -> PLC,1.32351
1776099387.9718149,239.96916818618774,PLC -> IO,1.542102
1776099387.9968393,239.99419260025024,IO -> PLC,1.30252
1776099388.0358174,240.03317070007324,PLC -> IO,1.203732
1776099388.0608377,240.0581910610199,IO -> PLC,1.30097
1776099388.09982,240.09717321395874,PLC -> IO,1.187922
1776099388.1248355,240.1221888065338,IO -> PLC,1.08645
1776099388.1638227,240.16117596626282,PLC -> IO,1.177882
1776099388.188834,240.18618726730347,IO -> PLC,1.82413
1776099388.2278252,240.22517848014832,PLC -> IO,1.793862
1776099388.2528327,240.2501859664917,IO -> PLC,1.05669
1776099388.2918277,240.2891809940338,PLC -> IO,1.629502
1776099388.316831,240.31418442726135,IO -> PLC,3.29156
1776099388.3558304,240.3531837463379,PLC -> IO,1.598332
1776099388.3808296,240.378182888031,IO -> PLC,1.00646
1776099388.419833,240.4171862602234,PLC -> IO,1.380372
1776099388.4448283,240.44218158721924,IO -> PLC,1.57125
1776099388.4838355,240.4811887741089,PLC -> IO,1.251222
1776099388.508827,240.50618028640747,IO -> PLC,1.33217
1776099388.5478382,240.54519152641296,PLC -> IO,1.211102
1776099388.5728254,240.57017874717712,IO -> PLC,1.12676
1776099388.6118407,240.60919404029846,PLC -> IO,1.233382
1776099388.636823,240.63417625427246,IO -> PLC,1.12728
1776099388.6758432,240.67319655418396,PLC -> IO,1.354942
1776099388.7008216,240.6981749534607,IO -> PLC,0.59347
1776099388.7398458,240.73719906806946,PLC -> IO,1.510592
1776099388.76482,240.76217341423035,IO -> PLC,1.44571
1776099388.8038485,240.80120182037354,PLC -> IO,1.522552
1776099388.8288188,240.82617211341858,IO -> PLC,2.57069
1776099388.867851,240.86520433425903,PLC -> IO,1.363952
1776099388.8928173,240.89017057418823,IO -> PLC,1.98143
1776099388.9318535,240.92920684814453,PLC -> IO,1.250942
1776099388.956816,240.95416927337646,IO -> PLC,0.92214
1776099388.9958563,240.9932096004486,PLC -> IO,1.514612
1776099389.0208144,241.01816773414612,IO -> PLC,3.2871
1776099389.0598588,241.0572121143341,PLC -> IO,1.701132
1776099389.084812,241.08216524124146,IO -> PLC,1.17297
1776099389.1238613,241.1212146282196,PLC -> IO,1.540922
1776099389.1488106,241.1461639404297,IO -> PLC,1.54095
1776099389.187864,241.18521738052368,PLC -> IO,1.474732
1776099389.2128093,241.21016263961792,IO -> PLC,1.32451
1776099389.2518666,241.24921989440918,PLC -> IO,1.161482
1776099389.2768078,241.27416110038757,IO -> PLC,1.12734
1776099389.315869,241.31322240829468,PLC -> IO,1.332172
1776099389.3408065,241.3381597995758,IO -> PLC,1.84358
1776099389.3798718,241.37722516059875,PLC -> IO,2.015192
1776099389.404805,241.40215826034546,IO -> PLC,1.8401
1776099389.4438744,241.44122767448425,PLC -> IO,1.284412
1776099389.4688034,241.4661567211151,IO -> PLC,2.20609
1776099389.5078769,241.50523018836975,PLC -> IO,1.480622
1776099389.5328012,241.53015446662903,IO -> PLC,1.23897
1776099389.5718796,241.56923294067383,PLC -> IO,1.588822
1776099389.5967996,241.59415292739868,IO -> PLC,0.54931
1776099389.6358821,241.63323545455933,PLC -> IO,1.167412
1776099389.6607983,241.6581516265869,IO -> PLC,0.78039
1776099389.6998847,241.69723796844482,PLC -> IO,1.205212
1776099389.7247968,241.72215008735657,IO -> PLC,1.41767
1776099389.7638872,241.76124048233032,PLC -> IO,1.151822
1776099389.7887955,241.7861487865448,IO -> PLC,1.8935
1776099389.82789,241.8252432346344,PLC -> IO,1.392502
1776099389.852794,241.85014724731445,IO -> PLC,1.3256
1776099389.8918924,241.8892457485199,PLC -> IO,1.524382
1776099389.9167926,241.91414594650269,IO -> PLC,1.12948
1776099389.955895,241.9532482624054,PLC -> IO,1.507712
1776099389.9807901,241.97814345359802,IO -> PLC,1.48321
1776099390.0198977,242.01725101470947,PLC -> IO,1.241102
1776099390.0447886,242.04214191436768,IO -> PLC,1.45502
1776099390.0839002,242.08125352859497,PLC -> IO,1.246752
1776099390.1087873,242.1061406135559,IO -> PLC,2.25958
1776099390.1479027,242.14525604248047,PLC -> IO,1.277902
1776099390.1727858,242.17013907432556,IO -> PLC,1.05789
1776099390.2119055,242.20925879478455,PLC -> IO,1.374922
1776099390.2367845,242.2341377735138,IO -> PLC,3.09803
1776099390.275908,242.27326130867004,PLC -> IO,1.321432
1776099390.300783,242.29813623428345,IO -> PLC,1.16831
1776099390.3399105,242.33726382255554,PLC -> IO,1.526682
1776099390.3647816,242.36213493347168,IO -> PLC,1.17387
1776099390.4039133,242.40126657485962,PLC -> IO,1.555692
1776099390.42878,242.42613339424133,IO -> PLC,1.3312
1776099390.4679158,242.46526908874512,PLC -> IO,1.293812
1776099390.4927778,242.49013113975525,IO -> PLC,1.31429
1776099390.5319183,242.52927160263062,PLC -> IO,1.213832
1776099390.5567763,242.5541296005249,IO -> PLC,1.30858
1776099390.5959208,242.5932741165161,PLC -> IO,1.196992
1776099390.6207747,242.61812806129456,IO -> PLC,3.54873
1776099390.6599236,242.6572768688202,PLC -> IO,1.994422
1776099390.6847734,242.6821267604828,IO -> PLC,1.83406
1776099390.723926,242.7212793827057,PLC -> IO,1.628452
1776099390.7487721,242.74612545967102,IO -> PLC,1.81521
1776099390.7879286,242.7852818965912,PLC -> IO,1.655452
1776099390.8127706,242.81012392044067,IO -> PLC,1.58525
1776099390.8519313,242.84928464889526,PLC -> IO,1.337402
1776099390.8767693,242.8741226196289,IO -> PLC,2.53502
1776099390.9159338,242.91328716278076,PLC -> IO,1.276552
1776099390.9407668,242.93812012672424,IO -> PLC,1.36909
1776099390.9799364,242.97728967666626,PLC -> IO,1.290442
1776099391.0047653,243.0021185874939,IO -> PLC,1.92893
1776099391.043939,243.04129242897034,PLC -> IO,3.433592
1776099391.068764,243.06611728668213,IO -> PLC,3.02294
1776099391.1079416,243.10529494285583,PLC -> IO,1.587802
1776099391.1327624,243.13011574745178,IO -> PLC,0.59759
1776099391.1719441,243.16929745674133,PLC -> IO,1.490482
1776099391.1967611,243.19411444664001,IO -> PLC,1.47456
1776099391.235947,243.2333002090454,PLC -> IO,1.157322
1776099391.2607596,243.25811290740967,IO -> PLC,1.4546
1776099391.2999494,243.2973027229309,PLC -> IO,1.181192
1776099391.3247583,243.3221116065979,IO -> PLC,2.09012
1776099391.363952,243.3613052368164,PLC -> IO,1.479002
1776099391.3887558,243.38610911369324,IO -> PLC,2.00136
1776099391.4279544,243.4253077507019,PLC -> IO,1.510322
1776099391.4527545,243.45010781288147,IO -> PLC,1.03016
1776099391.4919572,243.48931050300598,PLC -> IO,1.502852
1776099391.516753,243.51410627365112,IO -> PLC,2.16217
1776099391.5559597,243.55331301689148,PLC -> IO,1.525852
1776099391.5807517,243.57810497283936,IO -> PLC,1.56459
1776099391.6199622,243.61731553077698,PLC -> IO,1.227082
1776099391.64475,243.642103433609,IO -> PLC,1.35127
1776099391.683965,243.68131828308105,PLC -> IO,1.145372
1776099391.7087486,243.70610189437866,IO -> PLC,1.69973
1776099391.7479675,243.74532079696655,PLC -> IO,1.189092
1776099391.7727473,243.7701005935669,IO -> PLC,1.30616
1776099391.81197,243.80932331085205,PLC -> IO,1.185212
1776099391.8367457,243.83409905433655,IO -> PLC,1.10588
1776099391.8759727,243.87332606315613,PLC -> IO,1.460622
1776099391.9007435,243.89809679985046,IO -> PLC,2.02292
1776099391.9399753,243.93732857704163,PLC -> IO,1.564842
1776099391.964742,243.96209526062012,IO -> PLC,1.26669
1776099392.0039778,244.00133109092712,PLC -> IO,1.680412
1776099392.0287406,244.02609395980835,IO -> PLC,2.56368
1776099392.0679805,244.0653338432312,PLC -> IO,1.266032
1776099392.092739,244.090092420578,IO -> PLC,1.21542
1776099392.131983,244.1293363571167,PLC -> IO,1.198392
1776099392.1567378,244.15409111976624,IO -> PLC,2.91787
1776099392.1959856,244.1933388710022,PLC -> IO,1.197882
1776099392.2207363,244.2180895805359,IO -> PLC,2.17084
1776099392.259988,244.2573413848877,PLC -> IO,1.601132
1776099392.284735,244.28208827972412,IO -> PLC,1.53245
1776099392.3239908,244.32134413719177,PLC -> IO,1.617742
1776099392.3487325,244.34608578681946,IO -> PLC,1.14088
1776099392.3879933,244.38534665107727,PLC -> IO,1.546652
1776099392.412731,244.4100842475891,IO -> PLC,1.29285
1776099392.4519958,244.44934916496277,PLC -> IO,1.341422
1776099392.4767296,244.47408294677734,IO -> PLC,1.46643
1776099392.5159986,244.51335191726685,PLC -> IO,1.264572
1776099392.540728,244.538081407547,IO -> PLC,1.27951
1776099392.580001,244.57735443115234,PLC -> IO,1.313732
1776099392.6047268,244.60208010673523,IO -> PLC,2.9421
1776099392.6440036,244.64135694503784,PLC -> IO,1.203622
1776099392.6687253,244.66607856750488,IO -> PLC,2.3518
1776099392.7080064,244.70535969734192,PLC -> IO,1.542392
1776099392.732724,244.73007726669312,IO -> PLC,1.18995
1776099392.772009,244.76936221122742,PLC -> IO,1.467302
1776099392.7967215,244.79407477378845,IO -> PLC,2.89136
1776099392.8360114,244.83336472511292,PLC -> IO,1.173172
1776099392.86072,244.8580732345581,IO -> PLC,1.16957
1776099392.9000142,244.897367477417,PLC -> IO,1.342272
1776099392.9247186,244.92207193374634,IO -> PLC,1.89701
1776099392.9640167,244.9613699913025,PLC -> IO,1.329102
1776099392.9887173,244.98607063293457,IO -> PLC,1.32207
1776099393.0280192,245.025372505188,PLC -> IO,1.356102
1776099393.0527158,245.05006909370422,IO -> PLC,3.79454
1776099393.0920217,245.0893750190735,PLC -> IO,1.483912
1776099393.1167145,245.11406779289246,IO -> PLC,1.28615
1776099393.1560245,245.15337777137756,PLC -> IO,1.575562
1776099393.180713,245.1780662536621,IO -> PLC,1.26211
1776099393.220027,245.21738028526306,PLC -> IO,1.317832
1776099393.2447104,245.24206376075745,IO -> PLC,1.25032
1776099393.2840295,245.28138279914856,PLC -> IO,1.204602
1776099393.3087091,245.30606245994568,IO -> PLC,1.80791
1776099393.3480322,245.34538555145264,PLC -> IO,1.138972
1776099393.3727076,245.37006092071533,IO -> PLC,1.21865
1776099393.4120347,245.40938806533813,PLC -> IO,1.308052
1776099393.4367063,245.43405961990356,IO -> PLC,3.65936
1776099393.4760373,245.47339057922363,PLC -> IO,1.449692
1776099393.5007048,245.49805808067322,IO -> PLC,1.55331
1776099393.54004,245.5373933315277,PLC -> IO,1.572292
1776099393.5647035,245.56205677986145,IO -> PLC,1.06678
1776099393.6040425,245.6013958454132,PLC -> IO,1.599312
1776099393.628702,245.6260552406311,IO -> PLC,1.33428
1776099393.668045,245.6653983592987,PLC -> IO,1.924792
1776099393.6927006,245.69005393981934,IO -> PLC,2.05484
1776099393.7320478,245.72940111160278,PLC -> IO,1.524262
1776099393.7566981,245.75405144691467,IO -> PLC,1.46638
1776099393.7960503,245.79340362548828,PLC -> IO,1.357252
1776099393.8206968,245.8180501461029,IO -> PLC,3.54875
1776099393.8600528,245.85740613937378,PLC -> IO,1.855322
1776099393.8846953,245.88204860687256,IO -> PLC,1.26477
1776099393.9240553,245.92140865325928,PLC -> IO,1.590392
1776099393.9486938,245.9460470676422,IO -> PLC,1.22522
1776099393.988058,245.98541140556335,PLC -> IO,1.597792
1776099394.0126925,246.01004576683044,IO -> PLC,1.20534
1776099394.0520606,246.04941391944885,PLC -> IO,1.340232
1776099394.076691,246.0740442276001,IO -> PLC,2.33352
1776099394.116063,246.11341643333435,PLC -> IO,1.257782
1776099394.1406896,246.13804292678833,IO -> PLC,1.34856
1776099394.1800659,246.17741918563843,PLC -> IO,1.251662
1776099394.204687,246.20204043388367,IO -> PLC,2.09056
1776099394.2440684,246.24142169952393,PLC -> IO,1.240502
1776099394.2686858,246.2660391330719,IO -> PLC,1.31073
1776099394.308071,246.30542421340942,PLC -> IO,1.459112
1776099394.3326843,246.33003759384155,IO -> PLC,0.62226
1776099394.3720737,246.3694269657135,PLC -> IO,1.593552
1776099394.396683,246.39403629302979,IO -> PLC,1.08969
1776099394.4360762,246.433429479599,PLC -> IO,1.437342
1776099394.4606814,246.45803475379944,IO -> PLC,1.65432
1776099394.5000787,246.4974319934845,PLC -> IO,1.332432
1776099394.5246801,246.52203345298767,IO -> PLC,1.43468
1776099394.5640814,246.56143474578857,PLC -> IO,1.328322
1776099394.5886786,246.58603191375732,IO -> PLC,2.35085
1776099394.628084,246.62543725967407,PLC -> IO,1.392602
1776099394.6526773,246.65003061294556,IO -> PLC,1.18483
1776099394.6920865,246.68943977355957,PLC -> IO,1.522722
1776099394.7166748,246.7140281200409,IO -> PLC,2.39901
1776099394.756089,246.75344228744507,PLC -> IO,1.503812
1776099394.7806733,246.77802658081055,IO -> PLC,0.6513
1776099394.8200917,246.81744503974915,PLC -> IO,1.179122
1776099394.844672,246.84202527999878,IO -> PLC,1.15161
1776099394.8840942,246.88144755363464,PLC -> IO,1.225972
1776099394.9086704,246.90602374076843,IO -> PLC,1.39591
1776099394.9480968,246.94545006752014,PLC -> IO,1.339212
1776099394.9726691,246.97002243995667,IO -> PLC,1.49172
1776099395.0120995,247.00945281982422,PLC -> IO,1.469022
1776099395.0366676,247.03402090072632,IO -> PLC,5.62603
1776099395.076102,247.07345533370972,PLC -> IO,2.321002
1776099395.1006663,247.09801959991455,IO -> PLC,1.43012
1776099395.1401045,247.13745784759521,PLC -> IO,1.564782
1776099395.1646638,247.1620171070099,IO -> PLC,1.22688
1776099395.2041073,247.2014605998993,PLC -> IO,1.451792
1776099395.2286625,247.22601580619812,IO -> PLC,2.75003
1776099395.2681098,247.2654631137848,PLC -> IO,1.208942
1776099395.292661,247.29001426696777,IO -> PLC,1.19721
1776099395.3321123,247.3294656276703,PLC -> IO,1.161772
1776099395.3566597,247.354012966156,IO -> PLC,0.83828
1776099395.396115,247.39346837997437,PLC -> IO,1.235652
1776099395.420658,247.41801142692566,IO -> PLC,1.33347
1776099395.4601176,247.45747089385986,PLC -> IO,1.329622
1776099395.4846568,247.4820101261139,IO -> PLC,1.88793
1776099395.52412,247.52147340774536,PLC -> IO,1.598882
1776099395.5486553,247.54600858688354,IO -> PLC,1.31195
1776099395.5881226,247.58547592163086,PLC -> IO,1.609242
1776099395.6126528,247.61000609397888,IO -> PLC,0.54557
1776099395.6521254,247.64947867393494,PLC -> IO,1.289672
1776099395.6766515,247.67400479316711,IO -> PLC,1.26781
1776099395.7161279,247.71348118782043,PLC -> IO,1.271392
1776099395.74065,247.73800325393677,IO -> PLC,2.38854
1776099395.7801304,247.77748370170593,PLC -> IO,1.241512
1776099395.8046486,247.802001953125,IO -> PLC,2.17522
1776099395.8441331,247.84148645401,PLC -> IO,1.258822
1776099395.868647,247.86600041389465,IO -> PLC,2.14999
1776099395.9081357,247.9054889678955,PLC -> IO,1.478242
1776099395.9326458,247.92999911308289,IO -> PLC,1.38871
1776099395.9721382,247.969491481781,PLC -> IO,1.429472
1776099395.9966443,247.99399757385254,IO -> PLC,2.49312
1776099396.036141,248.03349423408508,PLC -> IO,1.294782
1776099396.0606418,248.05799508094788,IO -> PLC,1.36216
1776099396.1001434,248.09749674797058,PLC -> IO,1.311072
1776099396.1246405,248.1219937801361,IO -> PLC,1.32477
1776099396.164146,248.16149926185608,PLC -> IO,1.366472
1776099396.188639,248.18599224090576,IO -> PLC,1.5085
1776099396.2281487,248.22550201416016,PLC -> IO,1.905252
1776099396.2526376,248.249990940094,IO -> PLC,1.29094
1776099396.2921512,248.28950452804565,PLC -> IO,1.735362
1776099396.316636,248.31398940086365,IO -> PLC,1.24746
1776099396.3561537,248.35350704193115,PLC -> IO,1.481392
1776099396.3806348,248.37798810005188,IO -> PLC,1.25102
1776099396.4201562,248.41750955581665,PLC -> IO,1.167102
1776099396.4446332,248.44198656082153,IO -> PLC,1.60788
1776099396.484159,248.48151230812073,PLC -> IO,1.188662
1776099396.508632,248.50598526000977,IO -> PLC,0.66525
1776099396.5481615,248.54551482200623,PLC -> IO,1.327842
1776099396.5726295,248.5699827671051,IO -> PLC,1.18804
1776099396.612164,248.60951733589172,PLC -> IO,1.296922
1776099396.636628,248.63398122787476,IO -> PLC,0.64574
1776099396.6761668,248.6735200881958,PLC -> IO,2.100502
1776099396.7006266,248.697979927063,IO -> PLC,2.27562
1776099396.7401693,248.7375226020813,PLC -> IO,1.509872
1776099396.7646253,248.76197862625122,IO -> PLC,1.14034
1776099396.8041718,248.8015251159668,PLC -> IO,1.577922
1776099396.8286238,248.82597708702087,IO -> PLC,1.31206
1776099396.8681746,248.86552786827087,PLC -> IO,1.223872
1776099396.8926225,248.8899757862091,IO -> PLC,1.08922
1776099396.932177,248.92953038215637,PLC -> IO,1.154062
1776099396.956621,248.95397424697876,IO -> PLC,1.0735
1776099396.9961796,248.99353289604187,PLC -> IO,1.165552
1776099397.0206184,249.0179717540741,IO -> PLC,1.06571
1776099397.0601823,249.05753564834595,PLC -> IO,2.062582
1776099397.0846171,249.08197045326233,IO -> PLC,1.21984
1776099397.1241848,249.12153816223145,PLC -> IO,1.682042
1776099397.1486156,249.14596891403198,IO -> PLC,2.71036
1776099397.1881874,249.18554067611694,PLC -> IO,1.558572
1776099397.2126143,249.20996761322021,IO -> PLC,1.38161
1776099397.2521899,249.24954319000244,PLC -> IO,1.260512
1776099397.2766128,249.27396607398987,IO -> PLC,1.0186
1776099397.3161926,249.31354594230652,PLC -> IO,1.209752
1776099397.3406115,249.3379647731781,IO -> PLC,1.15738
1776099397.3801951,249.37754845619202,PLC -> IO,1.994782
1776099397.40461,249.40196323394775,IO -> PLC,2.26891
1776099397.4441977,249.44155097007751,PLC -> IO,1.279682
1776099397.4686077,249.46596097946167,IO -> PLC,1.30372
1776099397.5082004,249.5055537223816,PLC -> IO,1.453572
1776099397.5326061,249.52995944023132,IO -> PLC,1.10568
1776099397.572203,249.5695562362671,PLC -> IO,1.613792
1776099397.5966048,249.59395813941956,IO -> PLC,1.4411
1776099397.6362054,249.6335587501526,PLC -> IO,1.325112
1776099397.6606033,249.6579566001892,IO -> PLC,0.56925
1776099397.7002082,249.69756150245667,PLC -> IO,1.296262
1776099397.7246017,249.72195506095886,IO -> PLC,1.8004
1776099397.7642107,249.76156401634216,PLC -> IO,1.243742
1776099397.7886004,249.7859537601471,IO -> PLC,3.68405
1776099397.8282132,249.82556653022766,PLC -> IO,1.354822
1776099397.852599,249.84995222091675,IO -> PLC,1.36527
1776099397.892216,249.88956928253174,PLC -> IO,2.876612
1776099397.9165976,249.91395092010498,IO -> PLC,3.45797
1776099397.9562185,249.95357179641724,PLC -> IO,1.500112
1776099397.980595,249.97794842720032,IO -> PLC,1.13983
1776099398.020221,250.01757431030273,PLC -> IO,1.431912
1776099398.0445938,250.04194712638855,IO -> PLC,1.32373
1776099398.0842235,250.08157682418823,PLC -> IO,1.280362
1776099398.1085923,250.1059455871582,IO -> PLC,1.87012
1776099398.1482263,250.1455795764923,PLC -> IO,1.306872
1776099398.172591,250.16994428634644,IO -> PLC,1.08916
1776099398.2122288,250.2095820903778,PLC -> IO,1.249792
1776099398.2365894,250.2339427471161,IO -> PLC,3.34859
1776099398.2762313,250.2735846042633,PLC -> IO,1.361762
1776099398.3005881,250.29794144630432,IO -> PLC,1.9945
1776099398.340234,250.33758735656738,PLC -> IO,1.525422
1776099398.3645866,250.36193990707397,IO -> PLC,1.0293
1776099398.4042366,250.40158987045288,PLC -> IO,1.244812
1776099398.428584,250.4259374141693,IO -> PLC,1.21224
1776099398.468239,250.46559238433838,PLC -> IO,1.464212
1776099398.4925828,250.48993611335754,IO -> PLC,1.75423
1776099398.5322418,250.52959513664246,PLC -> IO,1.407942
1776099398.5565813,250.5539345741272,IO -> PLC,0.83855
1776099398.5962443,250.59359765052795,PLC -> IO,1.421582
1776099398.62058,250.61793327331543,IO -> PLC,1.32829
1776099398.6602468,250.65760016441345,PLC -> IO,1.395532
1776099398.6845784,250.68193173408508,IO -> PLC,1.31882
1776099398.7242494,250.72160267829895,PLC -> IO,1.610072
1776099398.748577,250.74593043327332,IO -> PLC,1.30278
1776099398.788252,250.78560543060303,PLC -> IO,1.602352
1776099398.8125756,250.80992889404297,IO -> PLC,1.46196
1776099398.8522546,250.84960794448853,PLC -> IO,1.197022
1776099398.876573,250.8739264011383,IO -> PLC,1.26495
1776099398.9162571,250.91361045837402,PLC -> IO,1.231222
1776099398.9405718,250.93792510032654,IO -> PLC,1.24396
1776099398.98026,250.9776132106781,PLC -> IO,1.254952
1776099399.0045705,251.00192379951477,IO -> PLC,2.33606
1776099399.0442624,251.0416157245636,PLC -> IO,3.639392
1776099399.068569,251.06592226028442,IO -> PLC,4.66717
1776099399.108265,251.1056182384491,PLC -> IO,1.687762
1776099399.1325676,251.12992095947266,IO -> PLC,1.18905
1776099399.1722677,251.16962099075317,PLC -> IO,1.653572
1776099399.196566,251.1939194202423,IO -> PLC,0.80764
1776099399.2362702,251.23362350463867,PLC -> IO,1.428242
1776099399.2605648,251.25791811943054,IO -> PLC,1.32027
1776099399.3002727,251.29762601852417,PLC -> IO,1.226602
1776099399.3245623,251.32191562652588,IO -> PLC,1.69865
1776099399.3642755,251.36162877082825,PLC -> IO,1.218722
1776099399.3885608,251.38591408729553,IO -> PLC,1.85374
1776099399.428278,251.42563128471375,PLC -> IO,1.332922
1776099399.4525595,251.44991278648376,IO -> PLC,1.27969
1776099399.4922805,251.48963379859924,PLC -> IO,1.476882
1776099399.516558,251.51391124725342,IO -> PLC,1.24741
1776099399.5562832,251.55363655090332,PLC -> IO,1.452282
1776099399.5805566,251.57790994644165,IO -> PLC,1.05145
1776099399.6202857,251.61763906478882,PLC -> IO,1.316162
1776099399.644555,251.6419084072113,IO -> PLC,1.20669
1776099399.6842883,251.68164157867432,PLC -> IO,1.333872
1776099399.7085538,251.70590710639954,IO -> PLC,3.47836
1776099399.7482908,251.74564409255981,PLC -> IO,1.249822
1776099399.7725523,251.7699055671692,IO -> PLC,1.15734
1776099399.8122935,251.8096468448639,PLC -> IO,1.350122
1776099399.8365498,251.83390307426453,IO -> PLC,3.80399
1776099399.876296,251.8736493587494,PLC -> IO,1.405202
1776099399.9005485,251.89790177345276,IO -> PLC,1.142
1776099399.9402986,251.9376518726349,PLC -> IO,1.461012
1776099399.964547,251.9619002342224,IO -> PLC,1.11188
1776099400.0043013,252.00165462493896,PLC -> IO,1.251132
1776099400.0285456,252.02589893341064,IO -> PLC,2.42607
1776099400.0683038,252.06565713882446,PLC -> IO,1.165482
1776099400.092544,252.0898973941803,IO -> PLC,1.4447
1776099400.1323063,252.12965965270996,PLC -> IO,1.283042
1776099400.1565428,252.15389609336853,IO -> PLC,1.05505
1776099400.196309,252.19366240501404,PLC -> IO,1.291332
1776099400.2205412,252.21789455413818,IO -> PLC,1.42615
1776099400.2603116,252.25766491889954,PLC -> IO,1.352732
1776099400.284539,252.2818922996521,IO -> PLC,1.21787
1776099400.324314,252.32166743278503,PLC -> IO,1.628302
1776099400.3485374,252.34589076042175,IO -> PLC,2.13076
1776099400.3883166,252.38566994667053,PLC -> IO,1.639452
1776099400.412536,252.4098892211914,IO -> PLC,1.5691
1776099400.4523194,252.4496726989746,PLC -> IO,1.356692
1776099400.4765346,252.47388792037964,IO -> PLC,2.84968
1776099400.516322,252.5136752128601,PLC -> IO,1.225522
1776099400.5405333,252.53788661956787,IO -> PLC,0.55139
1776099400.5803244,252.5776777267456,PLC -> IO,1.185562
1776099400.6045318,252.60188508033752,IO -> PLC,3.01545
1776099400.6443272,252.64168047904968,PLC -> IO,1.345382
1776099400.6685305,252.66588377952576,IO -> PLC,2.9955
1776099400.7083297,252.70568299293518,PLC -> IO,1.600872
1776099400.732529,252.7298822402954,IO -> PLC,2.77802
1776099400.7723322,252.76968550682068,PLC -> IO,1.569702
1776099400.7965264,252.79387974739075,IO -> PLC,1.25159
1776099400.836335,252.83368825912476,PLC -> IO,1.299192
1776099400.8605251,252.85787844657898,IO -> PLC,1.60222
1776099400.9003375,252.89769077301025,PLC -> IO,1.220022
1776099400.9245236,252.92187690734863,IO -> PLC,1.39705
1776099400.96434,252.96169328689575,PLC -> IO,1.312392
1776099400.9885223,252.98587560653687,IO -> PLC,3.26431
1776099401.0283427,253.02569603919983,PLC -> IO,1.751572
1776099401.0525208,253.04987406730652,IO -> PLC,2.02982
1776099401.0923452,253.08969855308533,PLC -> IO,1.420242
1776099401.1165195,253.11387276649475,IO -> PLC,2.65404
1776099401.1563478,253.15370106697083,PLC -> IO,1.366912
1776099401.180518,253.1778712272644,IO -> PLC,1.69908
1776099401.2203503,253.21770358085632,PLC -> IO,1.317432
1776099401.2445157,253.24186897277832,IO -> PLC,2.04475
1776099401.284353,253.2817063331604,PLC -> IO,1.302362
1776099401.308514,253.30586743354797,IO -> PLC,1.26404
1776099401.3483555,253.3457088470459,PLC -> IO,1.280002
1776099401.3725128,253.3698661327362,IO -> PLC,1.26544
1776099401.412358,253.4097113609314,PLC -> IO,1.265162
1776099401.4365113,253.43386459350586,IO -> PLC,0.68259
1776099401.4763608,253.47371411323547,PLC -> IO,1.635302
1776099401.5005097,253.4978630542755,IO -> PLC,2.17382
1776099401.5403633,253.53771662712097,PLC -> IO,1.515742
1776099401.5645084,253.56186175346375,IO -> PLC,1.17894
1776099401.6043658,253.60171914100647,PLC -> IO,1.293292
1776099401.628507,253.6258602142334,IO -> PLC,0.84872
1776099401.6683686,253.66572189331055,PLC -> IO,1.123172
1776099401.6925046,253.68985795974731,IO -> PLC,1.33967
1776099401.732371,253.72972440719604,PLC -> IO,1.316892
1776099401.756503,253.75385642051697,IO -> PLC,0.79745
1776099401.7963736,253.79372692108154,PLC -> IO,1.272452
1776099401.8205018,253.8178551197052,IO -> PLC,1.12671
1776099401.8603761,253.85772943496704,PLC -> IO,1.563392
1776099401.8845003,253.88185358047485,IO -> PLC,1.29109
1776099401.9243789,253.92173218727112,PLC -> IO,2.072802
1776099401.9484987,253.9458520412445,IO -> PLC,1.27433
1776099401.9883814,253.98573470115662,PLC -> IO,1.525542
1776099402.0124974,254.00985074043274,IO -> PLC,1.25726
1776099402.052384,254.04973721504211,PLC -> IO,1.209492
1776099402.0764961,254.07384943962097,IO -> PLC,1.0541
1776099402.1163867,254.1137399673462,PLC -> IO,1.173132
1776099402.1404936,254.1378469467163,IO -> PLC,1.22358
1776099402.1803892,254.1777424812317,PLC -> IO,1.256302
1776099402.204492,254.20184540748596,IO -> PLC,2.52761
1776099402.2443917,254.2417449951172,PLC -> IO,1.436502
1776099402.2684908,254.2658441066742,IO -> PLC,2.32949
1776099402.3083944,254.30574774742126,PLC -> IO,1.551752
1776099402.3324893,254.32984256744385,IO -> PLC,1.53646
1776099402.372397,254.36975026130676,PLC -> IO,1.546032
1776099402.396488,254.39384126663208,IO -> PLC,2.84248
1776099402.4363995,254.43375277519226,PLC -> IO,1.272622
1776099402.4604864,254.45783972740173,IO -> PLC,1.68384
1776099402.5004022,254.49775552749634,PLC -> IO,1.245302
1776099402.524485,254.52183842658997,IO -> PLC,2.0459
1776099402.5644047,254.56175804138184,PLC -> IO,1.206782
1776099402.5884836,254.58583688735962,IO -> PLC,2.22243
1776099402.6284072,254.62576055526733,PLC -> IO,1.258262
1776099402.652481,254.64983439445496,IO -> PLC,1.43547
1776099402.6924098,254.68976306915283,PLC -> IO,1.375992
1776099402.7164798,254.7138330936432,IO -> PLC,1.24047
1776099402.7564125,254.7537658214569,PLC -> IO,1.809802
1776099402.7804785,254.77783179283142,IO -> PLC,2.15232
1776099402.820415,254.8177683353424,PLC -> IO,1.411982
1776099402.844477,254.84183025360107,IO -> PLC,1.95108
1776099402.8844175,254.8817708492279,PLC -> IO,1.262432
1776099402.9084756,254.9058289527893,IO -> PLC,1.21749
1776099402.9484203,254.94577360153198,PLC -> IO,1.274302
1776099402.972474,254.96982741355896,IO -> PLC,1.54459
1776099403.0124228,255.00977611541748,PLC -> IO,1.260492
1776099403.0364726,255.0338258743286,IO -> PLC,1.29335
1776099403.0764253,255.07377862930298,PLC -> IO,1.372232
1776099403.1004703,255.09782361984253,IO -> PLC,1.30915
1776099403.140428,255.13778138160706,PLC -> IO,1.569392
1776099403.1644688,255.16182208061218,IO -> PLC,1.09766
1776099403.2044306,255.20178389549255,PLC -> IO,1.188862
1776099403.2284675,255.22582077980042,IO -> PLC,1.07763
1776099403.268433,255.26578640937805,PLC -> IO,1.296192
1776099403.292466,255.28981924057007,IO -> PLC,2.2026
1776099403.3324358,255.32978916168213,PLC -> IO,1.276222
1776099403.3564646,255.3538179397583,IO -> PLC,1.78831
1776099403.3964384,255.39379167556763,PLC -> IO,2.084692
1776099403.420463,255.41781640052795,IO -> PLC,1.4161
1776099403.4604409,255.45779418945312,PLC -> IO,1.456072
1776099403.4844618,255.4818150997162,IO -> PLC,1.1843
1776099403.5244434,255.52179670333862,PLC -> IO,1.577072
1776099403.5484593,255.54581260681152,IO -> PLC,2.68697
1776099403.5884461,255.5857994556427,PLC -> IO,1.515352
1776099403.6124578,255.60981106758118,IO -> PLC,1.73194
1776099403.6524487,255.6498019695282,PLC -> IO,1.264262
1776099403.6764565,255.6738097667694,IO -> PLC,0.60521
1776099403.7164512,255.7138044834137,PLC -> IO,1.144382
1776099403.740455,255.73780822753906,IO -> PLC,1.2876
1776099403.780454,255.77780723571777,PLC -> IO,1.302592
1776099403.8044536,255.8018069267273,IO -> PLC,1.38741
1776099403.8444564,255.84180974960327,PLC -> IO,1.245022
1776099403.868452,255.86580538749695,IO -> PLC,1.27017
1776099403.908459,255.90581226348877,PLC -> IO,1.786692
1776099403.9324508,255.92980408668518,IO -> PLC,1.82072
1776099403.9724617,255.96981501579285,PLC -> IO,1.636002
1776099403.9964492,255.99380254745483,IO -> PLC,0.87104
1776099404.0364642,256.03381752967834,PLC -> IO,1.394502
1776099404.0604467,256.05780005455017,IO -> PLC,1.406
1776099404.1004667,256.09782004356384,PLC -> IO,1.188222
1776099404.1244454,256.1217987537384,IO -> PLC,1.00394
1776099404.1644695,256.1618227958679,PLC -> IO,1.196672
1776099404.188444,256.18579721450806,IO -> PLC,3.25521
1776099404.228472,256.2258253097534,PLC -> IO,1.667612
1776099404.2524426,256.2497959136963,IO -> PLC,1.14836
1776099404.2924745,256.2898278236389,PLC -> IO,1.634292
1776099404.3164413,256.3137946128845,IO -> PLC,3.03417
1776099404.356477,256.3538303375244,PLC -> IO,1.576172
1776099404.3804398,256.3777930736542,IO -> PLC,1.49038
1776099404.4204798,256.4178330898285,PLC -> IO,1.334672
1776099404.4444385,256.4417917728424,IO -> PLC,1.28906
1776099404.4844823,256.481835603714,PLC -> IO,1.810582
1776099404.508436,256.50578927993774,IO -> PLC,2.02482
1776099404.5484848,256.5458381175995,PLC -> IO,1.261402
1776099404.5724344,256.5697877407074,IO -> PLC,1.449
1776099404.6124876,256.60984086990356,PLC -> IO,1.397692
1776099404.6364331,256.63378643989563,IO -> PLC,1.4064
1776099404.67649,256.67384338378906,PLC -> IO,1.372302
1776099404.7004316,256.6977849006653,IO -> PLC,1.39677
1776099404.7404926,256.73784589767456,PLC -> IO,1.400262
1776099404.7644303,256.7617835998535,IO -> PLC,1.75867
1776099404.8044953,256.80184864997864,PLC -> IO,1.295662
1776099404.8284287,256.82578206062317,IO -> PLC,0.63779
1776099404.8684978,256.86585116386414,PLC -> IO,1.322832
1776099404.8924274,256.8897807598114,IO -> PLC,2.45599
1776099404.9325004,256.92985367774963,PLC -> IO,1.263262
1776099404.956425,256.95377826690674,IO -> PLC,1.40079
1776099404.996503,256.9938564300537,PLC -> IO,1.247472
1776099405.0204237,257.01777696609497,IO -> PLC,1.68597
1776099405.0605056,257.0578589439392,PLC -> IO,1.944822
1776099405.084422,257.0817754268646,IO -> PLC,1.09663
1776099405.1245081,257.1218614578247,PLC -> IO,1.575082
1776099405.1484206,257.1457738876343,IO -> PLC,1.26716
1776099405.1885107,257.1858639717102,PLC -> IO,1.639522
1776099405.2124193,257.2097725868225,IO -> PLC,1.25545
1776099405.2525134,257.2498667240143,PLC -> IO,1.291802
1776099405.2764177,257.27377104759216,IO -> PLC,0.61586
1776099405.316516,257.3138692378998,PLC -> IO,1.346002
1776099405.3404164,257.3377697467804,IO -> PLC,2.71448
1776099405.3805184,257.3778717517853,PLC -> IO,2.013342
1776099405.404414,257.40176725387573,IO -> PLC,0.99781
1776099405.4445212,257.44187450408936,PLC -> IO,1.260002
1776099405.4684126,257.46576595306396,IO -> PLC,2.68913
1776099405.5085237,257.50587701797485,PLC -> IO,1.590852
1776099405.532411,257.5297644138336,IO -> PLC,1.32551
1776099405.5725262,257.56987953186035,PLC -> IO,1.530082
1776099405.5964098,257.59376311302185,IO -> PLC,0.80281
1776099405.636529,257.63388228416443,PLC -> IO,1.452852
1776099405.6604083,257.6577615737915,IO -> PLC,1.18824
1776099405.7005315,257.6978847980499,PLC -> IO,1.222642
1776099405.7244067,257.72176003456116,IO -> PLC,3.93121
1776099405.764534,257.7618873119354,PLC -> IO,1.190432
1776099405.7884054,257.7857587337494,IO -> PLC,2.96297
1776099405.8285365,257.8258898258209,PLC -> IO,1.524332
1776099405.852404,257.8497574329376,IO -> PLC,1.22662
1776099405.8925393,257.889892578125,PLC -> IO,1.500452
1776099405.9164016,257.91375494003296,IO -> PLC,1.21506
1776099405.9565418,257.9538950920105,PLC -> IO,1.494182
1776099405.9804,257.9777534008026,IO -> PLC,1.56465
1776099406.0205443,258.017897605896,PLC -> IO,1.223252
1776099406.0443988,258.04175209999084,IO -> PLC,0.82881
1776099406.084547,258.0819003582001,PLC -> IO,1.246652
1776099406.1083972,258.1057505607605,IO -> PLC,1.39368
1776099406.1485496,258.14590287208557,PLC -> IO,1.200052
1776099406.172396,258.16974925994873,IO -> PLC,1.71462
1776099406.212552,258.20990538597107,PLC -> IO,1.228342
1776099406.2363944,258.2337477207184,IO -> PLC,1.39065
1776099406.2765548,258.27390813827515,PLC -> IO,1.319022
1776099406.300393,258.2977464199066,IO -> PLC,1.86616
1776099406.3405573,258.33791065216064,PLC -> IO,1.548432
1776099406.3643906,258.36174392700195,IO -> PLC,1.09561
1776099406.4045599,258.40191316604614,PLC -> IO,1.651202
1776099406.428389,258.4257423877716,IO -> PLC,1.25183
1776099406.4685626,258.4659159183502,PLC -> IO,1.295152
1776099406.4923878,258.48974108695984,IO -> PLC,1.40484
1776099406.532565,258.5299184322357,PLC -> IO,1.221902
1776099406.5563865,258.55373978614807,IO -> PLC,1.2068
1776099406.5965676,258.5939209461212,PLC -> IO,1.244832
1776099406.620385,258.6177382469177,IO -> PLC,0.81307
1776099406.6605701,258.6579234600067,PLC -> IO,1.396162
1776099406.6843834,258.6817367076874,IO -> PLC,1.35833
1776099406.724573,258.7219262123108,PLC -> IO,1.537482
1776099406.748382,258.7457354068756,IO -> PLC,2.28169
1776099406.7885754,258.7859287261963,PLC -> IO,1.526162
1776099406.8123796,258.80973291397095,IO -> PLC,2.46943
1776099406.852578,258.8499312400818,PLC -> IO,1.273872
1776099406.8763783,258.8737316131592,IO -> PLC,1.53591
1776099406.9165807,258.91393399238586,PLC -> IO,1.299192
1776099406.9403768,258.93773007392883,IO -> PLC,1.29187
1776099406.9805832,258.97793650627136,PLC -> IO,1.393722
1776099407.0043755,259.00172877311707,IO -> PLC,1.26279
1776099407.0445857,259.04193902015686,PLC -> IO,3.672072
1776099407.068374,259.0657272338867,IO -> PLC,3.80896
1776099407.1085885,259.10594177246094,PLC -> IO,1.601162
1776099407.1323726,259.12972593307495,IO -> PLC,1.22801
1776099407.172591,259.16994428634644,PLC -> IO,1.421522
1776099407.196371,259.1937243938446,IO -> PLC,1.58871
1776099407.2365935,259.23394680023193,PLC -> IO,1.259872
1776099407.2603695,259.25772285461426,IO -> PLC,1.94564
1776099407.3005962,259.297949552536,PLC -> IO,1.178542
1776099407.3243673,259.3217206001282,IO -> PLC,2.11513
1776099407.3645988,259.3619520664215,PLC -> IO,1.171872
1776099407.3883657,259.3857190608978,IO -> PLC,2.52224
1776099407.4286013,259.425954580307,PLC -> IO,1.714092
1776099407.4523644,259.44971776008606,IO -> PLC,1.14238
1776099407.4926038,259.4899570941925,PLC -> IO,1.977972
1776099407.516363,259.5137162208557,IO -> PLC,1.15619
1776099407.5566065,259.5539598464966,PLC -> IO,1.511762
1776099407.5803616,259.57771492004395,IO -> PLC,1.83659
1776099407.620609,259.6179623603821,PLC -> IO,1.405082
1776099407.64436,259.6417133808136,IO -> PLC,1.07204
1776099407.6846116,259.6819648742676,PLC -> IO,1.268232
1776099407.7083588,259.70571208000183,IO -> PLC,1.25393
1776099407.7486143,259.74596762657166,PLC -> IO,1.165882
1776099407.7723563,259.76970958709717,IO -> PLC,1.99073
1776099407.8126168,259.80997014045715,PLC -> IO,1.169272
1776099407.8363547,259.8337080478668,IO -> PLC,1.20674
1776099407.8766193,259.87397265434265,PLC -> IO,1.502682
1776099407.9003534,259.89770674705505,IO -> PLC,0.80188
1776099407.940622,259.93797540664673,PLC -> IO,1.525522
1776099407.964352,259.9617052078247,IO -> PLC,1.17706
1776099408.0046246,260.0019779205322,PLC -> IO,1.303642
1776099408.0283506,260.02570390701294,IO -> PLC,3.03112
1776099408.068627,260.0659804344177,PLC -> IO,1.236472
1776099408.0923493,260.0897026062012,IO -> PLC,1.51389
1776099408.1326296,260.1299829483032,PLC -> IO,1.228442
1776099408.1563478,260.1537010669708,IO -> PLC,1.72955
1776099408.1966324,260.1939857006073,PLC -> IO,1.370402
1776099408.2203453,260.21769857406616,IO -> PLC,1.08405
1776099408.260635,260.2579882144928,PLC -> IO,1.463892
1776099408.284344,260.2816972732544,IO -> PLC,1.08145
1776099408.3246374,260.3219907283783,PLC -> IO,1.671622
1776099408.3483424,260.34569573402405,IO -> PLC,1.24263
1776099408.3886402,260.3859934806824,PLC -> IO,1.455412
1776099408.412341,260.4096944332123,IO -> PLC,1.42452
1776099408.4526427,260.44999599456787,PLC -> IO,1.285682
1776099408.4763396,260.47369289398193,IO -> PLC,1.76081
1776099408.5166452,260.51399850845337,PLC -> IO,1.305342
1776099408.5403383,260.53769159317017,IO -> PLC,2.13103
1776099408.580648,260.57800126075745,PLC -> IO,1.315062
1776099408.6043367,260.6016900539398,IO -> PLC,1.74634
1776099408.6446505,260.64200377464294,PLC -> IO,1.245502
1776099408.6683354,260.66568875312805,IO -> PLC,1.17372
1776099408.708653,260.70600628852844,PLC -> IO,1.718202
1776099408.732333,260.7296862602234,IO -> PLC,1.13001
1776099408.7726557,260.7700090408325,PLC -> IO,1.457912
1776099408.7963314,260.79368472099304,IO -> PLC,1.16334
1776099408.8366582,260.834011554718,PLC -> IO,1.309942
1776099408.86033,260.8576834201813,IO -> PLC,1.28987
1776099408.9006608,260.8980140686035,PLC -> IO,1.190072
1776099408.9243286,260.9216818809509,IO -> PLC,2.38292
1776099408.9646633,260.962016582489,PLC -> IO,1.334992
1776099408.9883273,260.98568058013916,IO -> PLC,2.56482
1776099409.028666,261.0260193347931,PLC -> IO,1.419452
1776099409.0523257,261.0496790409088,IO -> PLC,6.5016
1776099409.0926685,261.0900218486786,PLC -> IO,1.484292
1776099409.1163244,261.11367774009705,IO -> PLC,1.38709
1776099409.156671,261.1540243625641,PLC -> IO,1.544802
1776099409.180322,261.1776752471924,IO -> PLC,1.0036
1776099409.2206738,261.21802711486816,PLC -> IO,1.222762
1776099409.2443204,261.24167370796204,IO -> PLC,1.36342
1776099409.2846763,261.28202962875366,PLC -> IO,1.357922
1776099409.308319,261.30567240715027,IO -> PLC,3.79502
1776099409.3486788,261.34603214263916,PLC -> IO,1.207082
1776099409.3723176,261.3696708679199,IO -> PLC,1.88474
1776099409.4126816,261.41003489494324,PLC -> IO,1.307052
1776099409.4363163,261.43366956710815,IO -> PLC,0.95954
1776099409.476684,261.47403740882874,PLC -> IO,1.497892
1776099409.5003147,261.4976680278778,IO -> PLC,1.45377
1776099409.5406866,261.53803992271423,PLC -> IO,1.625542
1776099409.5643134,261.56166672706604,IO -> PLC,2.19657
1776099409.6046891,261.60204243659973,PLC -> IO,1.255492
1776099409.628311,261.6256642341614,IO -> PLC,1.24065
1776099409.6686919,261.6660451889038,PLC -> IO,1.215372
1776099409.6923096,261.6896629333496,IO -> PLC,1.58439
1776099409.7326944,261.7300477027893,PLC -> IO,1.194852
1776099409.756308,261.75366139411926,IO -> PLC,1.57036
1776099409.796697,261.7940502166748,PLC -> IO,1.171772
1776099409.8203068,261.8176600933075,IO -> PLC,1.1675
1776099409.8606997,261.8580529689789,PLC -> IO,1.581102
1776099409.8843052,261.88165855407715,IO -> PLC,1.73125
1776099409.9247022,261.9220554828644,PLC -> IO,1.513462
1776099409.948304,261.9456572532654,IO -> PLC,2.46389
1776099409.9887047,261.9860579967499,PLC -> IO,1.664872
1776099410.0123024,262.00965571403503,IO -> PLC,1.51221
1776099410.0527074,262.05006074905396,PLC -> IO,1.462432
1776099410.0763,262.07365322113037,IO -> PLC,3.38858
1776099410.11671,262.11406326293945,PLC -> IO,1.339422
1776099410.1402986,262.1376519203186,IO -> PLC,1.26621
1776099410.1807125,262.17806577682495,PLC -> IO,1.258102
1776099410.204297,262.20165038108826,IO -> PLC,1.25882
1776099410.2447152,262.242068529129,PLC -> IO,1.260622
1776099410.2682958,262.2656490802765,IO -> PLC,1.2203
1776099410.3087177,262.3060710430145,PLC -> IO,1.551722
1776099410.3322942,262.32964754104614,IO -> PLC,1.21459
1776099410.3727202,262.3700735569,PLC -> IO,1.403912
1776099410.396293,262.3936462402344,IO -> PLC,1.36968
1776099410.4367228,262.4340760707855,PLC -> IO,1.136102
1776099410.4602914,262.457644701004,IO -> PLC,1.08258
1776099410.5007255,262.4980788230896,PLC -> IO,1.291832
1776099410.52429,262.52164340019226,IO -> PLC,0.64781
1776099410.564728,262.5620813369751,PLC -> IO,1.286582
1776099410.5882876,262.5856409072876,IO -> PLC,3.59567
1776099410.6287305,262.6260838508606,PLC -> IO,1.454072
1776099410.6522863,262.64963960647583,IO -> PLC,1.11992
1776099410.6927333,262.6900866031647,PLC -> IO,1.478042
1776099410.7162848,262.7136380672455,IO -> PLC,1.14181
1776099410.7567358,262.75408911705017,PLC -> IO,1.522482
1776099410.7802832,262.77763652801514,IO -> PLC,1.44747
1776099410.8207383,262.81809163093567,PLC -> IO,1.241142
1776099410.844282,262.84163522720337,IO -> PLC,0.96582
1776099410.884741,262.88209438323975,PLC -> IO,1.206392
1776099410.9082804,262.905633687973,IO -> PLC,1.22851
1776099410.9487436,262.94609689712524,PLC -> IO,1.182982
1776099410.972279,262.96963238716125,IO -> PLC,2.14636
1776099411.012746,263.01009941101074,PLC -> IO,1.335262
1776099411.0362766,263.0336298942566,IO -> PLC,2.63123
1776099411.0767486,263.07410192489624,PLC -> IO,1.489562
1776099411.1002753,263.0976285934448,IO -> PLC,1.91307
1776099411.1407514,263.1381046772003,PLC -> IO,1.533842
1776099411.1642737,263.1616270542145,IO -> PLC,1.5407
1776099411.2047539,263.2021071910858,PLC -> IO,1.391872
1776099411.2282724,263.2256257534027,IO -> PLC,2.46087
1776099411.2687564,263.2661097049713,PLC -> IO,1.388242
1776099411.292271,263.28962421417236,IO -> PLC,3.01334
1776099411.3327591,263.3301124572754,PLC -> IO,1.170512
1776099411.3562696,263.3536229133606,IO -> PLC,1.88838
1776099411.3967617,263.3941149711609,PLC -> IO,1.206002
1776099411.420268,263.41762137413025,IO -> PLC,1.45072
1776099411.4607642,263.4581174850464,PLC -> IO,1.325892
1776099411.4842656,263.4816188812256,IO -> PLC,1.42773
1776099411.524767,263.52212023735046,PLC -> IO,1.607052
1776099411.5482643,263.5456175804138,IO -> PLC,1.22321
1776099411.5887694,263.58612275123596,PLC -> IO,1.604382
1776099411.6122627,263.6096160411835,IO -> PLC,1.20957
1776099411.652772,263.65012526512146,PLC -> IO,1.245282
1776099411.6762614,263.6736147403717,IO -> PLC,1.57547
1776099411.7167747,263.71412801742554,PLC -> IO,1.253402
1776099411.74026,263.73761320114136,IO -> PLC,2.1117
1776099411.7807772,263.77813053131104,PLC -> IO,1.352092
1776099411.8042586,263.8016119003296,IO -> PLC,1.33396
1776099411.8447797,263.84213304519653,PLC -> IO,1.351892
1776099411.868257,263.86561036109924,IO -> PLC,6.98313
1776099411.9087822,263.90613555908203,PLC -> IO,1.534252
1776099411.9322557,263.9296090602875,IO -> PLC,1.30316
1776099411.972785,263.9701383113861,PLC -> IO,1.421102
1776099411.9962533,263.9936065673828,IO -> PLC,1.11959
1776099412.0367875,264.0341408252716,PLC -> IO,1.306972
1776099412.060252,264.05760526657104,IO -> PLC,1.62158
1776099412.10079,264.0981433391571,PLC -> IO,1.299012
1776099412.1242504,264.1216037273407,IO -> PLC,1.24625
1776099412.1647928,264.1621460914612,PLC -> IO,1.351942
1776099412.188249,264.18560242652893,IO -> PLC,1.04101
1776099412.2287953,264.2261486053467,PLC -> IO,1.820722
1776099412.2522476,264.2496008872986,IO -> PLC,1.40091
1776099412.2927978,264.2901511192322,PLC -> IO,1.518122
1776099412.316246,264.31359934806824,IO -> PLC,1.00014
1776099412.3568006,264.35415387153625,PLC -> IO,1.471912
1776099412.3802447,264.37759804725647,IO -> PLC,0.78034
1776099412.420803,264.41815638542175,PLC -> IO,1.346422
1776099412.4442422,264.4415955543518,IO -> PLC,1.89611
1776099412.4848056,264.48215889930725,PLC -> IO,1.171822
1776099412.508241,264.50559425354004,IO -> PLC,0.9946
1776099412.548808,264.54616141319275,PLC -> IO,1.323072
1776099412.5722394,264.5695927143097,IO -> PLC,2.24637
1776099412.6128109,264.6101641654968,PLC -> IO,1.328472
1776099412.636238,264.6335914134979,IO -> PLC,3.48799
1776099412.6768134,264.6741666793823,PLC -> IO,1.485802
1776099412.7002366,264.6975898742676,IO -> PLC,1.26834
1776099412.7408159,264.7381691932678,PLC -> IO,1.479762
1776099412.7642353,264.7615885734558,IO -> PLC,1.6264
1776099412.8048186,264.8021719455719,PLC -> IO,1.238912
1776099412.8282337,264.82558703422546,IO -> PLC,1.77229
1776099412.8688211,264.8661744594574,PLC -> IO,1.211512
1776099412.8922312,264.8895845413208,IO -> PLC,2.51925
1776099412.9328237,264.9301769733429,PLC -> IO,1.181312
1776099412.95623,264.95358324050903,IO -> PLC,1.61366
1776099412.9968264,264.994179725647,PLC -> IO,1.265362
1776099413.0202284,265.0175817012787,IO -> PLC,1.54026
1776099413.060829,265.05818223953247,PLC -> IO,1.420772
1776099413.084227,265.0815804004669,IO -> PLC,1.14765
1776099413.1248314,265.12218475341797,PLC -> IO,1.894192
1776099413.1482255,265.1455788612366,IO -> PLC,2.24894
1776099413.188834,265.18618726730347,PLC -> IO,1.586072
1776099413.2122242,265.2095775604248,IO -> PLC,1.30831
1776099413.2528367,265.25019001960754,PLC -> IO,1.255772
1776099413.2762227,265.27357602119446,IO -> PLC,1.29874
1776099413.3168392,265.31419253349304,PLC -> IO,1.304532
1776099413.3402202,265.3375735282898,IO -> PLC,1.25935
1776099413.3808417,265.37819504737854,PLC -> IO,1.875072
1776099413.404219,265.401572227478,IO -> PLC,1.23931
1776099413.4448445,265.4421977996826,PLC -> IO,1.223802
1776099413.4682174,265.4655706882477,IO -> PLC,1.2224
1776099413.508847,265.5062003135681,PLC -> IO,1.449372
1776099413.532216,265.5295693874359,IO -> PLC,1.38973
1776099413.5728495,265.5702028274536,PLC -> IO,1.410142
1776099413.5962148,265.59356808662415,IO -> PLC,1.18233
1776099413.6368523,265.6342055797577,PLC -> IO,1.444182
1776099413.6602132,265.6575665473938,IO -> PLC,2.48451
1776099413.7008548,265.6982080936432,PLC -> IO,1.314622
1776099413.724212,265.72156524658203,IO -> PLC,1.90941
1776099413.7648573,265.7622106075287,PLC -> IO,1.229462
1776099413.7882104,265.7855637073517,IO -> PLC,3.308
1776099413.82886,265.82621335983276,PLC -> IO,1.385752
1776099413.852208,265.849561214447,IO -> PLC,1.45781
1776099413.8928626,265.89021587371826,PLC -> IO,1.435232
1776099413.9162066,265.91355991363525,IO -> PLC,1.30784
1776099413.956865,265.95421838760376,PLC -> IO,1.469112
1776099413.980205,265.9775583744049,IO -> PLC,1.44662
1776099414.0208676,266.01822090148926,PLC -> IO,1.226982
1776099414.0442038,266.04155707359314,IO -> PLC,1.04271
1776099414.0848703,266.08222365379333,PLC -> IO,1.171752
1776099414.1082022,266.1055555343628,IO -> PLC,2.17049
1776099414.1488729,266.14622616767883,PLC -> IO,1.327312
1776099414.172201,266.169554233551,IO -> PLC,2.33495
1776099414.2128754,266.21022868156433,PLC -> IO,1.461592
1776099414.2361994,266.2335526943207,IO -> PLC,1.17942
1776099414.276878,266.2742314338684,PLC -> IO,1.628282
1776099414.3001971,266.2975504398346,IO -> PLC,1.15418
1776099414.3408806,266.3382339477539,PLC -> IO,1.467042
1776099414.3641956,266.36154890060425,IO -> PLC,1.14351
1776099414.4048831,266.4022364616394,PLC -> IO,1.217162
1776099414.428194,266.4255473613739,IO -> PLC,0.78362
1776099414.468886,266.4662392139435,PLC -> IO,1.184242
1776099414.4921927,266.48954606056213,IO -> PLC,1.4753
1776099414.5328884,266.530241727829,PLC -> IO,1.163002
1776099414.5561912,266.5535445213318,IO -> PLC,1.8732
1776099414.596891,266.5942442417145,PLC -> IO,1.142332
1776099414.62019,266.61754322052,IO -> PLC,1.25506
1776099414.6608934,266.6582467556,PLC -> IO,1.469102
1776099414.6841884,266.6815416812897,IO -> PLC,1.22606
1776099414.7248962,266.72224950790405,PLC -> IO,1.767152
1776099414.748187,266.7455403804779,IO -> PLC,1.39236
1776099414.7888987,266.78625202178955,PLC -> IO,1.709432
1776099414.8121846,266.80953788757324,IO -> PLC,1.37135
1776099414.8529012,266.85025453567505,PLC -> IO,1.439632
1776099414.876183,266.8735363483429,IO -> PLC,1.74789
1776099414.916904,266.9142572879791,PLC -> IO,1.260302
1776099414.9401817,266.9375350475311,IO -> PLC,2.46509
1776099414.9809065,266.9782598018646,PLC -> IO,1.234032
1776099415.0041802,267.0015335083008,IO -> PLC,1.87071
1776099415.044909,267.0422623157501,PLC -> IO,3.606962
1776099415.068179,267.065532207489,IO -> PLC,2.71088
1776099415.1089118,267.1062650680542,PLC -> IO,1.556862
1776099415.1321776,267.12953090667725,IO -> PLC,2.23826
1776099415.1729143,267.1702675819397,PLC -> IO,1.572172
1776099415.196176,267.1935293674469,IO -> PLC,1.29042
1776099415.2369168,267.2342700958252,PLC -> IO,1.277012
1776099415.2601736,267.25752687454224,IO -> PLC,1.62585
1776099415.3009195,267.2982728481293,PLC -> IO,1.679472
1776099415.3241723,267.32152557373047,IO -> PLC,1.42468
1776099415.364922,267.36227536201477,PLC -> IO,1.211492
1776099415.3881707,267.3855240345001,IO -> PLC,1.51113
1776099415.4289246,267.42627787590027,PLC -> IO,1.490742
1776099415.4521694,267.44952273368835,IO -> PLC,1.19428
1776099415.492927,267.49028038978577,PLC -> IO,1.438712
1776099415.5161679,267.513521194458,IO -> PLC,1.17433
1776099415.5569298,267.55428314208984,PLC -> IO,1.452592
1776099415.5801666,267.57751989364624,IO -> PLC,1.15317
1776099415.6209323,267.61828565597534,PLC -> IO,1.188952
1776099415.644165,267.6415183544159,IO -> PLC,1.3073
1776099415.6849349,267.68228816986084,PLC -> IO,1.311712
1776099415.7081625,267.70551586151123,IO -> PLC,0.78484
1776099415.7489376,267.7462909221649,PLC -> IO,1.323992
1776099415.7721612,267.76951456069946,IO -> PLC,2.22295
1776099415.8129401,267.8102934360504,PLC -> IO,1.478122
1776099415.83616,267.8335132598877,IO -> PLC,1.29871
1776099415.8769426,267.8742959499359,PLC -> IO,1.443912
1776099415.9001584,267.89751172065735,IO -> PLC,1.62693
1776099415.9409454,267.93829870224,PLC -> IO,1.486912
1776099415.9641569,267.961510181427,IO -> PLC,1.03447
1776099416.004948,268.0023012161255,PLC -> IO,1.336802
1776099416.0281556,268.02550888061523,IO -> PLC,1.01372
1776099416.0689504,268.066303730011,PLC -> IO,1.340992
1776099416.092154,268.0895073413849,IO -> PLC,1.75332
1776099416.132953,268.1303062438965,PLC -> IO,1.128792
1776099416.1561518,268.1535050868988,IO -> PLC,1.93713
1776099416.1969557,268.19430899620056,PLC -> IO,1.287722
1776099416.2201502,268.21750354766846,IO -> PLC,1.72269
1776099416.2609582,268.25831151008606,PLC -> IO,1.434242
1776099416.284149,268.2815022468567,IO -> PLC,1.13239
1776099416.3249607,268.32231402397156,PLC -> IO,1.709662
1776099416.3481474,268.34550070762634,IO -> PLC,2.23672
1776099416.3889635,268.38631677627563,PLC -> IO,1.481052
1776099416.4121459,268.409499168396,IO -> PLC,1.46826
1776099416.452966,268.45031929016113,PLC -> IO,1.261162
1776099416.4761446,268.47349786758423,IO -> PLC,1.67854
1776099416.5169685,268.51432180404663,PLC -> IO,1.192402
1776099416.540143,268.5374963283539,IO -> PLC,1.42017
1776099416.5809712,268.5783245563507,PLC -> IO,1.256682
1776099416.6041417,268.6014950275421,IO -> PLC,1.39398
1776099416.6449738,268.6423270702362,PLC -> IO,1.300102
1776099416.6681392,268.66549253463745,IO -> PLC,1.3761
1776099416.7089763,268.7063295841217,PLC -> IO,1.609662
1776099416.732138,268.7294912338257,IO -> PLC,1.16966
1776099416.772979,268.7703323364258,PLC -> IO,1.570652
1776099416.7961364,268.79348969459534,IO -> PLC,1.54804
1776099416.8369815,268.8343348503113,PLC -> IO,1.299892
1776099416.860135,268.85748839378357,IO -> PLC,2.29204
1776099416.900984,268.8983373641968,PLC -> IO,1.314652
1776099416.9241335,268.9214868545532,IO -> PLC,1.68734
1776099416.9649866,268.9623398780823,PLC -> IO,1.258542
1776099416.9881322,268.98548555374146,IO -> PLC,3.56699
1776099417.0289893,269.02634263038635,PLC -> IO,1.715792
1776099417.0521307,269.0494840145111,IO -> PLC,3.46719
1776099417.0929918,269.09034514427185,PLC -> IO,1.437662
1776099417.1161282,269.11348152160645,IO -> PLC,2.632
1776099417.1569943,269.15434765815735,PLC -> IO,1.441862
1776099417.180127,269.1774802207947,IO -> PLC,1.58912
1776099417.220997,269.2183504104614,PLC -> IO,1.440952
1776099417.2441254,269.24147868156433,IO -> PLC,1.0305
1776099417.2849996,269.2823529243469,PLC -> IO,1.315142
1776099417.308124,269.30547738075256,IO -> PLC,1.20096
1776099417.3490021,269.3463554382324,PLC -> IO,1.294792
1776099417.3721228,269.3694760799408,IO -> PLC,1.10107
1776099417.4130049,269.4103581905365,PLC -> IO,1.266602
1776099417.4361212,269.43347454071045,IO -> PLC,1.34752
1776099417.4770074,269.474360704422,PLC -> IO,1.497932
1776099417.5001197,269.4974730014801,IO -> PLC,1.70015
1776099417.54101,269.5383632183075,PLC -> IO,1.430462
1776099417.5641174,269.561470746994,IO -> PLC,1.31049
1776099417.6050124,269.602365732193,PLC -> IO,1.225132
1776099417.628116,269.6254692077637,IO -> PLC,3.74721
1776099417.6690152,269.66636848449707,PLC -> IO,1.146292
1776099417.6921146,269.6894679069519,IO -> PLC,1.64852
1776099417.7330177,269.73037099838257,PLC -> IO,1.274662
1776099417.756113,269.75346636772156,IO -> PLC,2.05563
1776099417.7970202,269.79437351226807,PLC -> IO,1.442552
1776099417.8201118,269.8174650669098,IO -> PLC,1.80222
1776099417.861023,269.85837626457214,PLC -> IO,1.784442
1776099417.8841102,269.88146352767944,IO -> PLC,1.2076
1776099417.9250255,269.92237877845764,PLC -> IO,1.658072
1776099417.9481087,269.9454619884491,IO -> PLC,1.17548
1776099417.989028,269.98638129234314,PLC -> IO,1.530672
1776099418.0121074,270.00946068763733,IO -> PLC,1.36226
1776099418.0530307,270.0503840446472,PLC -> IO,1.235582
1776099418.0761049,270.07345819473267,IO -> PLC,1.72328
1776099418.1170332,270.1143865585327,PLC -> IO,1.390582
1776099418.1401036,270.1374568939209,IO -> PLC,2.07806
1776099418.1810358,270.1783890724182,PLC -> IO,1.172072
1776099418.204102,270.20145535469055,IO -> PLC,1.30327
1776099418.2450383,270.2423915863037,PLC -> IO,1.305472
1776099418.2681007,270.2654540538788,IO -> PLC,0.7488
1776099418.309041,270.3063943386078,PLC -> IO,1.892182
1776099418.3320992,270.32945251464844,IO -> PLC,1.44992
1776099418.3730435,270.3703968524933,PLC -> IO,1.582052
1776099418.396098,270.39345121383667,IO -> PLC,1.48413
1776099418.437046,270.4343993663788,PLC -> IO,1.430242
1776099418.4600964,270.4574496746063,IO -> PLC,1.22472
1776099418.5010488,270.49840211868286,PLC -> IO,1.220922
1776099418.5240939,270.52144718170166,IO -> PLC,2.15689
1776099418.5650513,270.56240463256836,PLC -> IO,1.199922
1776099418.5880926,270.5854458808899,IO -> PLC,1.87692
1776099418.6290538,270.62640714645386,PLC -> IO,1.320132
1776099418.652091,270.64944434165955,IO -> PLC,1.38071
1776099418.6930566,270.69040989875793,PLC -> IO,1.415782
1776099418.7160897,270.7134430408478,IO -> PLC,0.79665
1776099418.757059,270.75441241264343,PLC -> IO,1.549182
1776099418.7800882,270.77744150161743,IO -> PLC,1.51192
1776099418.8210616,270.81841492652893,PLC -> IO,1.309942
1776099418.844087,270.84144020080566,IO -> PLC,1.11907
1776099418.8850644,270.882417678833,PLC -> IO,1.300622
1776099418.9080853,270.9054386615753,IO -> PLC,0.86655
1776099418.9490669,270.9464201927185,PLC -> IO,1.458422
1776099418.9720829,270.96943616867065,IO -> PLC,2.20153
1776099419.0130694,271.010422706604,PLC -> IO,1.377832
1776099419.0360816,271.0334348678589,IO -> PLC,2.45807
1776099419.077072,271.0744252204895,PLC -> IO,1.567232
1776099419.1000803,271.0974335670471,IO -> PLC,1.41711
1776099419.1410747,271.1384279727936,PLC -> IO,1.470402
1776099419.1640787,271.1614320278168,IO -> PLC,1.38699
1776099419.2050772,271.2024304866791,PLC -> IO,1.204672
1776099419.2280774,271.225430727005,IO -> PLC,1.35967
1776099419.2690797,271.2664330005646,PLC -> IO,1.127352
1776099419.2920759,271.28942918777466,IO -> PLC,2.49089
1776099419.3330824,271.33043575286865,PLC -> IO,1.309172
1776099419.3560746,271.3534278869629,IO -> PLC,1.9065
1776099419.397085,271.39443826675415,PLC -> IO,1.301452
1776099419.420072,271.4174253940582,IO -> PLC,1.69094
1776099419.4610875,271.45844078063965,PLC -> IO,1.392942
1776099419.4840705,271.4814238548279,IO -> PLC,1.29113
1776099419.5250902,271.5224435329437,PLC -> IO,1.591472
1776099419.5480692,271.5454225540161,IO -> PLC,2.87893
1776099419.5890927,271.5864460468292,PLC -> IO,1.546152
1776099419.6120677,271.60942101478577,IO -> PLC,1.8298
1776099419.6530952,271.6504485607147,PLC -> IO,1.319152
1776099419.6760664,271.673419713974,IO -> PLC,1.42487
1776099419.7170978,271.7144510746002,PLC -> IO,1.165262
1776099419.7400649,271.73741817474365,IO -> PLC,1.58909
1776099419.7811005,271.7784538269043,PLC -> IO,1.128902
1776099419.8040636,271.8014168739319,IO -> PLC,1.38792
1776099419.845103,271.8424563407898,PLC -> IO,1.321362
1776099419.868062,271.86541533470154,IO -> PLC,1.54013
1776099419.9091055,271.9064588546753,PLC -> IO,1.596042
1776099419.9320595,271.9294128417969,IO -> PLC,1.34801
1776099419.9731083,271.97046160697937,PLC -> IO,1.536332
1776099419.9960582,271.9934115409851,IO -> PLC,1.14493
1776099420.0371108,272.03446412086487,PLC -> IO,1.257322
1776099420.0600567,272.05741000175476,IO -> PLC,1.70636
1776099420.1011133,272.09846663475037,PLC -> IO,1.220392
1776099420.1240554,272.121408700943,IO -> PLC,3.56761
1776099420.165116,272.16246938705444,PLC -> IO,1.188922
1776099420.1880538,272.18540716171265,IO -> PLC,0.55328
1776099420.2291186,272.22647190093994,PLC -> IO,1.902342
1776099420.2520525,272.2494058609009,IO -> PLC,1.24296
1776099420.293121,272.29047441482544,PLC -> IO,1.516212
1776099420.316051,272.31340432167053,IO -> PLC,1.40756
1776099420.3571236,272.35447692871094,PLC -> IO,1.548252
1776099420.3800485,272.37740182876587,IO -> PLC,1.39248
1776099420.4211264,272.418479681015,PLC -> IO,1.266762
1776099420.4440472,272.4414005279541,IO -> PLC,1.37365
1776099420.4851289,272.4824821949005,PLC -> IO,1.356252
1776099420.5080457,272.50539898872375,IO -> PLC,1.35057
1776099420.5491314,272.546484708786,PLC -> IO,1.281882
1776099420.5720444,272.569397687912,IO -> PLC,1.24958
1776099420.6131341,272.6104874610901,PLC -> IO,1.259772
1776099420.636043,272.6333963871002,IO -> PLC,2.26399
1776099420.6771367,272.6744899749756,PLC -> IO,1.473492
1776099420.7000415,272.6973948478699,IO -> PLC,1.88266
1776099420.7411392,272.7384924888611,PLC -> IO,1.401692
1776099420.7640402,272.7613935470581,IO -> PLC,1.10475
1776099420.805142,272.80249524116516,PLC -> IO,1.276942
1776099420.8280377,272.82539105415344,IO -> PLC,1.10231
1776099420.8691444,272.86649775505066,PLC -> IO,1.421302
1776099420.8920362,272.8893895149231,IO -> PLC,1.25932
1776099420.933147,272.93050026893616,PLC -> IO,1.278792
1776099420.956035,272.9533882141113,IO -> PLC,2.35662
1776099420.9971497,272.99450302124023,PLC -> IO,1.287072
1776099421.0200334,273.017386674881,IO -> PLC,1.20317
1776099421.0611522,273.05850553512573,PLC -> IO,1.488152
1776099421.084032,273.0813853740692,IO -> PLC,1.39107
1776099421.1251547,273.12250804901123,PLC -> IO,1.606452
1776099421.1480305,273.14538383483887,IO -> PLC,0.98389
1776099421.1891572,273.18651056289673,PLC -> IO,1.518962
1776099421.2120292,273.2093825340271,IO -> PLC,0.96498
1776099421.25316,273.2505133152008,PLC -> IO,1.174112
1776099421.2760277,273.27338099479675,IO -> PLC,1.50937
1776099421.3171625,273.3145158290863,PLC -> IO,1.175912
1776099421.3400252,273.3373785018921,IO -> PLC,0.61602
1776099421.381165,273.3785183429718,PLC -> IO,2.006702
1776099421.404024,273.4013772010803,IO -> PLC,1.27585
1776099421.4451678,273.4425210952759,PLC -> IO,1.436092
1776099421.4680223,273.46537566185,IO -> PLC,2.40906
1776099421.5091703,273.5065236091614,PLC -> IO,1.591412
1776099421.532021,273.5293743610382,IO -> PLC,1.25329
1776099421.5731728,273.5705261230469,PLC -> IO,1.468332
1776099421.5960195,273.59337282180786,IO -> PLC,1.39414
1776099421.6371756,273.63452887535095,PLC -> IO,1.233802
1776099421.6600182,273.6573715209961,IO -> PLC,1.20218
1776099421.701178,273.69853138923645,PLC -> IO,1.192952
1776099421.7240167,273.72136998176575,IO -> PLC,1.39312
1776099421.7651806,273.76253390312195,PLC -> IO,1.180772
1776099421.7880144,273.78536772727966,IO -> PLC,1.35876
1776099421.829183,273.82653641700745,PLC -> IO,1.554102
1776099421.8520129,273.8493661880493,IO -> PLC,1.90203
1776099421.8931859,273.8905391693115,PLC -> IO,1.544712
1776099421.9160113,273.91336464881897,IO -> PLC,2.08288
1776099421.9571884,273.954541683197,PLC -> IO,1.580032
1776099421.98001,273.9773633480072,IO -> PLC,2.2399
1776099422.021191,274.0185441970825,PLC -> IO,1.397342
1776099422.0440085,274.04136180877686,IO -> PLC,1.8444
1776099422.0851936,274.0825469493866,PLC -> IO,1.383152
1776099422.1080072,274.1053605079651,IO -> PLC,1.70324
1776099422.1491961,274.1465494632721,PLC -> IO,1.241822
1776099422.172006,274.1693592071533,IO -> PLC,2.07883
1776099422.2131987,274.2105519771576,PLC -> IO,1.244582
1776099422.2360034,274.23335671424866,IO -> PLC,1.03906
1776099422.2772014,274.27455472946167,PLC -> IO,1.435502
1776099422.3000019,274.2973551750183,IO -> PLC,1.20632
1776099422.341204,274.33855724334717,PLC -> IO,1.373782
1776099422.3640006,274.36135387420654,IO -> PLC,0.83915
1776099422.4052064,274.40255975723267,PLC -> IO,1.316552
1776099422.427999,274.4253523349762,IO -> PLC,2.67984
1776099422.469209,274.46656227111816,PLC -> IO,1.272342
1776099422.4919977,274.48935103416443,IO -> PLC,2.10586
1776099422.5332117,274.53056502342224,PLC -> IO,1.299342
1776099422.5559962,274.5533494949341,IO -> PLC,2.28055
1776099422.5972142,274.59456753730774,PLC -> IO,1.324912
1776099422.6199949,274.6173481941223,IO -> PLC,0.92213
1776099422.6612167,274.65857005119324,PLC -> IO,1.963772
1776099422.6839924,274.68134570121765,IO -> PLC,1.46324
1776099422.7252195,274.7225728034973,PLC -> IO,1.695732
1776099422.7479908,274.7453441619873,IO -> PLC,2.78694
1776099422.789222,274.7865753173828,PLC -> IO,1.568152
1776099422.8119895,274.80934286117554,IO -> PLC,1.42444
1776099422.8532245,274.8505778312683,PLC -> IO,1.161872
1776099422.875988,274.8733413219452,IO -> PLC,0.65373
1776099422.9172273,274.9145805835724,PLC -> IO,1.300152
1776099422.9399867,274.9373400211334,IO -> PLC,1.95392
1776099422.9812298,274.9785830974579,PLC -> IO,1.277062
1776099423.0039852,275.0013384819031,IO -> PLC,1.38186
1776099423.0452323,275.0425856113434,PLC -> IO,3.391422
1776099423.0679839,275.0653371810913,IO -> PLC,3.82585
1776099423.1092348,275.1065881252289,PLC -> IO,1.684682
1776099423.1319823,275.12933564186096,IO -> PLC,0.89449
1776099423.1732376,275.17059087753296,PLC -> IO,1.527842
1776099423.19598,275.1933333873749,IO -> PLC,1.49704
1776099423.23724,275.23459339141846,PLC -> IO,1.379232
1776099423.2599785,275.25733184814453,IO -> PLC,2.05063
1776099423.3012426,275.29859590530396,PLC -> IO,1.211262
1776099423.323977,275.3213303089142,IO -> PLC,2.79455
1776099423.3652453,275.36259865760803,PLC -> IO,1.177232
1776099423.3879757,275.3853290081024,IO -> PLC,3.52919
1776099423.4292479,275.42660117149353,PLC -> IO,1.353912
1776099423.4519742,275.44932746887207,IO -> PLC,1.99581
1776099423.4932504,275.490603685379,PLC -> IO,1.517722
1776099423.5159729,275.5133261680603,IO -> PLC,1.40134
1776099423.5572531,275.5546064376831,PLC -> IO,1.483922
1776099423.5799713,275.57732462882996,IO -> PLC,1.38763
1776099423.6212556,275.6186089515686,PLC -> IO,1.205622
1776099423.643969,275.6413223743439,IO -> PLC,1.75577
1776099423.6852582,275.6826114654541,PLC -> IO,1.270802
1776099423.7079675,275.7053208351135,IO -> PLC,2.09311
1776099423.749261,275.7466142177582,PLC -> IO,1.220202
1776099423.7719662,275.76931953430176,IO -> PLC,2.68047
1776099423.8132634,275.8106167316437,PLC -> IO,1.300892
1776099423.8359647,275.8333179950714,IO -> PLC,1.31381
1776099423.877266,275.8746192455292,PLC -> IO,1.489892
1776099423.8999634,275.89731669425964,IO -> PLC,2.03429
1776099423.9412684,275.9386217594147,PLC -> IO,1.496172
1776099423.9639618,275.9613151550293,IO -> PLC,0.60947
1776099424.0052712,276.00262451171875,PLC -> IO,1.289972
1776099424.0279605,276.02531385421753,IO -> PLC,1.85085
1776099424.0692737,276.06662702560425,PLC -> IO,1.252642
1776099424.091958,276.08931136131287,IO -> PLC,1.03838
1776099424.1332762,276.13062953948975,PLC -> IO,1.241892
1776099424.1559565,276.1533098220825,IO -> PLC,2.36599
1776099424.197279,276.1946322917938,PLC -> IO,1.248412
1776099424.2199552,276.21730852127075,IO -> PLC,1.18791
1776099424.2612815,276.2586348056793,PLC -> IO,1.354612
1776099424.2839537,276.2813069820404,IO -> PLC,1.36044
1776099424.325284,276.3226373195648,PLC -> IO,2.332462
1776099424.3479524,276.34530568122864,IO -> PLC,1.16544
1776099424.3892868,276.3866400718689,PLC -> IO,1.459432
1776099424.4119508,276.4093041419983,IO -> PLC,1.32149
1776099424.4532893,276.4506425857544,PLC -> IO,1.366042
1776099424.4759495,276.4733028411865,IO -> PLC,1.29537
1776099424.5172918,276.5146450996399,PLC -> IO,1.305922
1776099424.539948,276.5373013019562,IO -> PLC,1.86233
1776099424.5812943,276.5786476135254,PLC -> IO,1.258042
1776099424.6039457,276.6012990474701,IO -> PLC,1.08858
1776099424.645297,276.64265036582947,PLC -> IO,1.283042
1776099424.6679442,276.66529750823975,IO -> PLC,2.95183
1776099424.7092996,276.70665287971497,PLC -> IO,1.505882
1776099424.731943,276.729296207428,IO -> PLC,1.409
1776099424.773302,276.77065539360046,PLC -> IO,1.474412
1776099424.7959414,276.79329466819763,IO -> PLC,1.59402
1776099424.8373048,276.83465814590454,PLC -> IO,1.167162
1776099424.8599398,276.8572931289673,IO -> PLC,1.958
1776099424.9013073,276.89866065979004,PLC -> IO,1.150092
1776099424.9239385,276.9212918281555,IO -> PLC,2.8616
1776099424.9653099,276.96266317367554,PLC -> IO,1.151892
1776099424.987937,276.98529028892517,IO -> PLC,1.13573
1776099425.0293126,277.0266659259796,PLC -> IO,1.840602
1776099425.0519347,277.0492880344391,IO -> PLC,3.88254
1776099425.0933151,277.0906684398651,PLC -> IO,1.714082
1776099425.1159332,277.11328649520874,IO -> PLC,1.29447
1776099425.1573176,277.1546709537506,PLC -> IO,1.536442
1776099425.1799319,277.177285194397,IO -> PLC,0.9089
1776099425.2213202,277.2186734676361,PLC -> IO,1.271192
1776099425.2439303,277.2412836551666,IO -> PLC,1.25344
1776099425.285323,277.2826762199402,PLC -> IO,1.419482
1776099425.3079288,277.3052821159363,IO -> PLC,0.73586
1776099425.3493254,277.3466787338257,PLC -> IO,1.220962
1776099425.3719275,277.3692808151245,IO -> PLC,1.21657
1776099425.413328,277.4106812477112,PLC -> IO,1.162762
1776099425.4359262,277.43327951431274,IO -> PLC,1.19765
1776099425.4773307,277.47468400001526,PLC -> IO,1.371212
1776099425.4999237,277.4972770214081,IO -> PLC,1.5862
1776099425.5413332,277.53868651390076,PLC -> IO,1.501902
1776099425.5639222,277.56127548217773,IO -> PLC,2.8699
1776099425.6053357,277.60268902778625,PLC -> IO,1.370662
1776099425.6279209,277.62527418136597,IO -> PLC,2.27144
1776099425.6693385,277.66669178009033,PLC -> IO,1.409742
1776099425.6919193,277.6892726421356,IO -> PLC,2.27484
1776099425.733341,277.73069429397583,PLC -> IO,1.244902
1776099425.755918,277.75327134132385,IO -> PLC,2.43617
1776099425.7973435,277.7946968078613,PLC -> IO,1.906242
1776099425.8199165,277.8172698020935,IO -> PLC,2.41821
1776099425.861346,277.8586993217468,PLC -> IO,1.660602
1776099425.8839152,277.88126850128174,IO -> PLC,1.07836
1776099425.9253488,277.9227020740509,PLC -> IO,1.613032
1776099425.9479127,277.9452660083771,IO -> PLC,2.76952
1776099425.9893513,277.9867045879364,PLC -> IO,1.411472
1776099426.0119112,278.00926446914673,IO -> PLC,1.20933
1776099426.0533538,278.0507071018219,PLC -> IO,1.323512
1776099426.0759099,278.07326316833496,IO -> PLC,1.39115
1776099426.1173565,278.114709854126,PLC -> IO,1.563952
1776099426.1399086,278.1372618675232,IO -> PLC,1.94874
1776099426.181359,278.1787123680115,PLC -> IO,1.456552
1776099426.203907,278.20126032829285,IO -> PLC,1.17219
1776099426.2453616,278.242714881897,PLC -> IO,1.356992
1776099426.2679055,278.2652587890625,IO -> PLC,1.14087
1776099426.3093643,278.30671763420105,PLC -> IO,1.508962
1776099426.3319042,278.32925748825073,IO -> PLC,1.88671
1776099426.3733668,278.37072014808655,PLC -> IO,1.508042
1776099426.3959026,278.3932559490204,IO -> PLC,1.29545
1776099426.4373693,278.43472266197205,PLC -> IO,1.143582
1776099426.4599004,278.4572536945343,IO -> PLC,0.9274
1776099426.5013719,278.49872517585754,PLC -> IO,1.160912
1776099426.5238988,278.52125215530396,IO -> PLC,2.40447
1776099426.5653746,278.5627279281616,PLC -> IO,1.336562
1776099426.5878975,278.5852508544922,IO -> PLC,2.49412
1776099426.6293771,278.6267304420471,PLC -> IO,1.406452
1776099426.651896,278.64924931526184,IO -> PLC,1.20115
1776099426.6933796,278.6907329559326,PLC -> IO,1.586972
1776099426.7158947,278.7132480144501,IO -> PLC,2.13572
1776099426.7573824,278.7547357082367,PLC -> IO,1.452702
1776099426.7798932,278.7772464752197,IO -> PLC,1.55958
1776099426.821385,278.8187382221222,PLC -> IO,1.350492
1776099426.8438916,278.8412449359894,IO -> PLC,1.54698
1776099426.8853874,278.8827407360077,PLC -> IO,1.309242
1776099426.9078894,278.9052426815033,IO -> PLC,1.31382
1776099426.9493902,278.94674348831177,PLC -> IO,1.241772
1776099426.9718878,278.96924114227295,IO -> PLC,1.50691
1776099427.0133927,279.01074600219727,PLC -> IO,1.169652
1776099427.0358865,279.0332398414612,IO -> PLC,2.5162
1776099427.0773952,279.07474851608276,PLC -> IO,1.548912
1776099427.099885,279.09723830223083,IO -> PLC,1.08914
1776099427.141398,279.13875126838684,PLC -> IO,1.562072
1776099427.1638837,279.16123700141907,IO -> PLC,1.23616
1776099427.2054005,279.20275378227234,PLC -> IO,1.252832
1776099427.2278821,279.2252354621887,IO -> PLC,2.21257
1776099427.269403,279.26675629615784,PLC -> IO,1.276952
1776099427.2918808,279.28923416137695,IO -> PLC,1.79939
1776099427.3334055,279.33075881004333,PLC -> IO,1.237222
1776099427.3558793,279.3532326221466,IO -> PLC,1.30733
1776099427.3974082,279.3947615623474,PLC -> IO,1.225362
1776099427.4198768,279.41723012924194,IO -> PLC,1.18385
1776099427.4614108,279.4587640762329,PLC -> IO,1.576052
1776099427.4838755,279.4812288284302,IO -> PLC,1.34102
1776099427.5254133,279.5227665901184,PLC -> IO,1.495772
1776099427.547874,279.54522728919983,IO -> PLC,1.51251
1776099427.589416,279.5867693424225,PLC -> IO,1.597502
1776099427.6118727,279.60922598838806,IO -> PLC,1.67488
1776099427.6534185,279.650771856308,PLC -> IO,1.302482
1776099427.6758714,279.6732246875763,IO -> PLC,1.29035
1776099427.717421,279.7147743701935,PLC -> IO,1.298222
1776099427.7398698,279.73722314834595,IO -> PLC,3.35121
1776099427.7814238,279.77877712249756,PLC -> IO,1.274092
1776099427.8038683,279.8012216091156,IO -> PLC,1.44909
1776099427.8454263,279.84277963638306,PLC -> IO,1.231822
1776099427.867866,279.8652193546295,IO -> PLC,3.12889
1776099427.9094288,279.90678215026855,PLC -> IO,1.575792
1776099427.9318645,279.92921781539917,IO -> PLC,1.20549
1776099427.9734313,279.97078466415405,PLC -> IO,1.464072
1776099427.9958632,279.9932165145874,IO -> PLC,1.56835
1776099428.037434,280.03478741645813,PLC -> IO,1.322742
1776099428.0598617,280.05721497535706,IO -> PLC,1.15942
1776099428.1014366,280.0987899303436,PLC -> IO,1.415822
1776099428.1238604,280.1212136745453,IO -> PLC,2.10391
1776099428.1654391,280.1627924442291,PLC -> IO,1.322592
1776099428.1878588,280.18521213531494,IO -> PLC,1.31896
1776099428.229442,280.2267951965332,PLC -> IO,1.796802
1776099428.2518573,280.2492105960846,IO -> PLC,1.29396
1776099428.2934444,280.2907977104187,PLC -> IO,1.633872
1776099428.315855,280.3132083415985,IO -> PLC,1.28425
1776099428.357447,280.3548002243042,PLC -> IO,1.505752
1776099428.3798535,280.37720680236816,IO -> PLC,2.01177
1776099428.4214497,280.4188029766083,PLC -> IO,1.236102
1776099428.4438522,280.4412055015564,IO -> PLC,1.43883
1776099428.4854522,280.4828054904938,PLC -> IO,1.234152
1776099428.5078506,280.50520396232605,IO -> PLC,1.84289
1776099428.5494547,280.5468080043793,PLC -> IO,1.193472
1776099428.5718493,280.5692026615143,IO -> PLC,1.03138
1776099428.6134572,280.61081051826477,PLC -> IO,1.400332
1776099428.6358478,280.63320112228394,IO -> PLC,1.37088
1776099428.67746,280.67481327056885,PLC -> IO,1.631422
1776099428.6998465,280.69719982147217,IO -> PLC,1.73998
1776099428.7414625,280.73881578445435,PLC -> IO,1.466262
1776099428.763844,280.7611973285675,IO -> PLC,0.58125
1776099428.805465,280.80281829833984,PLC -> IO,1.247012
1776099428.8278425,280.82519578933716,IO -> PLC,1.69999
1776099428.8694677,280.8668210506439,PLC -> IO,1.245202
1776099428.8918412,280.8891944885254,IO -> PLC,1.8766
1776099428.9334702,280.9308235645294,PLC -> IO,1.217892
1776099428.9558396,280.95319294929504,IO -> PLC,2.59604
1776099428.9974728,280.9948260784149,PLC -> IO,1.186892
1776099429.0198383,281.0171916484833,IO -> PLC,1.44547
1776099429.0614755,281.058828830719,PLC -> IO,1.742642
1776099429.0838368,281.08119010925293,IO -> PLC,1.0743
1776099429.125478,281.1228313446045,PLC -> IO,1.721792
1776099429.1478355,281.14518880844116,IO -> PLC,2.64562
1776099429.1894805,281.18683385849,PLC -> IO,1.590092
1776099429.211834,281.2091872692108,IO -> PLC,1.56786
1776099429.253483,281.2508363723755,PLC -> IO,1.453482
1776099429.2758315,281.27318477630615,IO -> PLC,1.56454
1776099429.3174858,281.31483912467957,PLC -> IO,1.288392
1776099429.3398302,281.3371834754944,IO -> PLC,2.12709
1776099429.3814883,281.37884163856506,PLC -> IO,1.912132
1776099429.4038289,281.4011821746826,IO -> PLC,0.77491
1776099429.4454908,281.44284415245056,PLC -> IO,1.245832
1776099429.4678273,281.46518063545227,IO -> PLC,1.32314
1776099429.5094936,281.50684690475464,PLC -> IO,1.519482
1776099429.531826,281.5291793346405,IO -> PLC,1.85929
1776099429.573496,281.57084941864014,PLC -> IO,1.428402
1776099429.5958245,281.59317779541016,IO -> PLC,1.28019
1776099429.6374986,281.63485193252563,PLC -> IO,1.442772
1776099429.659823,281.6571762561798,IO -> PLC,2.09675
1776099429.7015014,281.6988546848297,PLC -> IO,1.268002
1776099429.7238207,281.7211740016937,IO -> PLC,3.14484
1776099429.765504,281.7628571987152,PLC -> IO,1.336612
1776099429.7878191,281.7851724624634,IO -> PLC,4.45839
1776099429.8295064,281.8268597126007,PLC -> IO,1.757312
1776099429.8518178,281.8491711616516,IO -> PLC,1.60694
1776099429.893509,281.8908622264862,PLC -> IO,1.632062
1776099429.9158163,281.91316962242126,IO -> PLC,1.18337
1776099429.9575117,281.9548649787903,PLC -> IO,1.472742
1776099429.979815,281.9771683216095,IO -> PLC,1.16141
1776099430.0215142,282.0188674926758,PLC -> IO,1.195882
1776099430.0438135,282.04116678237915,IO -> PLC,1.15882
1776099430.0855167,282.0828700065613,PLC -> IO,1.169842
1776099430.1078122,282.1051654815674,IO -> PLC,1.69801
1776099430.1495194,282.14687275886536,PLC -> IO,1.316212
1776099430.1718097,282.1691629886627,IO -> PLC,1.295
1776099430.213522,282.21087527275085,PLC -> IO,1.323202
1776099430.2358081,282.2331614494324,IO -> PLC,1.46137
1776099430.2775245,282.27487778663635,PLC -> IO,1.500382
1776099430.2998068,282.2971601486206,IO -> PLC,2.02616
1776099430.3415272,282.33888053894043,PLC -> IO,1.560342
1776099430.3638053,282.36115860939026,IO -> PLC,1.23809
1776099430.4055297,282.4028830528259,PLC -> IO,1.229172
1776099430.427804,282.4251573085785,IO -> PLC,2.39083
1776099430.4695323,282.4668855667114,PLC -> IO,1.497852
1776099430.4918025,282.48915576934814,IO -> PLC,1.18706
1776099430.5335348,282.5308880805969,PLC -> IO,1.175492
1776099430.5558012,282.5531544685364,IO -> PLC,0.98997
1776099430.5975375,282.594890832901,PLC -> IO,1.177852
1776099430.6197996,282.61715292930603,IO -> PLC,0.97826
1776099430.66154,282.6588933467865,PLC -> IO,1.866392
1776099430.6837971,282.68115043640137,IO -> PLC,1.32992
1776099430.7255425,282.722895860672,PLC -> IO,1.817792
1776099430.7477958,282.7451491355896,IO -> PLC,1.30373
1776099430.7895453,282.7868986129761,PLC -> IO,1.608142
1776099430.8117943,282.80914759635925,IO -> PLC,1.67507
1776099430.8535478,282.8509011268616,PLC -> IO,1.286972
1776099430.875793,282.8731462955475,IO -> PLC,1.67023
1776099430.9175503,282.91490364074707,PLC -> IO,1.260372
1776099430.9397917,282.9371449947357,IO -> PLC,4.29336
1776099430.981553,282.97890639305115,PLC -> IO,1.218422
1776099431.0037901,283.00114345550537,IO -> PLC,1.62432
1776099431.0455556,283.04290890693665,PLC -> IO,3.420302
1776099431.0677886,283.065141916275,IO -> PLC,4.86587
1776099431.109558,283.10691142082214,PLC -> IO,1.637002
1776099431.1317863,283.12913966178894,IO -> PLC,1.38256
1776099431.1735606,283.17091393470764,PLC -> IO,1.417442
1776099431.1957848,283.1931381225586,IO -> PLC,0.98995
1776099431.2375634,283.2349166870117,PLC -> IO,1.325082
1776099431.2597835,283.2571368217468,IO -> PLC,1.9058
1776099431.301566,283.2989192008972,PLC -> IO,1.276332
1776099431.323782,283.3211352825165,IO -> PLC,3.22854
1776099431.3655684,283.3629217147827,PLC -> IO,1.236692
1776099431.3877807,283.3851339817047,IO -> PLC,5.00163
1776099431.4295712,283.4269244670868,PLC -> IO,1.352582
1776099431.4517791,283.44913244247437,IO -> PLC,2.04778
1776099431.4935737,283.4909269809723,PLC -> IO,1.442542
1776099431.5157778,283.5131311416626,IO -> PLC,2.22031
1776099431.5575762,283.5549294948578,PLC -> IO,1.410332
1776099431.5797753,283.57712864875793,IO -> PLC,2.01083
1776099431.621579,283.61893224716187,PLC -> IO,1.302132
1776099431.6437738,283.6411271095276,IO -> PLC,1.21164
1776099431.6855814,283.68293476104736,PLC -> IO,1.260252
1776099431.7077725,283.7051258087158,IO -> PLC,1.05048
1776099431.749584,283.74693727493286,PLC -> IO,1.338222
1776099431.771771,283.7691242694855,IO -> PLC,1.17981
1776099431.8135867,283.81094002723694,PLC -> IO,1.268892
1776099431.8357697,283.8331229686737,IO -> PLC,1.16617
1776099431.8775892,283.87494254112244,PLC -> IO,1.522152
1776099431.899768,283.89712142944336,IO -> PLC,1.32846
1776099431.9415917,283.93894505500793,PLC -> IO,1.493392
1776099431.9637668,283.9611201286316,IO -> PLC,1.50796
1776099432.0055943,284.00294756889343,PLC -> IO,1.240542
1776099432.0277643,284.02511763572693,IO -> PLC,2.62373
1776099432.069597,284.0669503211975,PLC -> IO,1.382572
1776099432.0917628,284.0891160964966,IO -> PLC,1.67494
1776099432.1335995,284.130952835083,PLC -> IO,1.910302
1776099432.1557615,284.1531147956848,IO -> PLC,1.08047
1776099432.197602,284.1949553489685,PLC -> IO,1.154492
1776099432.21976,284.21711325645447,IO -> PLC,1.99768
1776099432.2616048,284.2589581012726,PLC -> IO,1.592632
1776099432.2837586,284.2811119556427,IO -> PLC,1.61203
1776099432.3256073,284.3229606151581,PLC -> IO,1.644682
1776099432.347757,284.34511041641235,IO -> PLC,0.86515
1776099432.3896098,284.3869631290436,PLC -> IO,1.448702
1776099432.4117558,284.4091091156006,IO -> PLC,1.37762
1776099432.4536126,284.45096588134766,PLC -> IO,1.280592
1776099432.4757545,284.4731078147888,IO -> PLC,1.17734
1776099432.517615,284.51496839523315,PLC -> IO,1.231262
1776099432.5397518,284.5371050834656,IO -> PLC,2.28071
1776099432.5816176,284.57897090911865,PLC -> IO,1.209462
1776099432.6037505,284.6011037826538,IO -> PLC,1.4896
1776099432.64562,284.64297342300415,PLC -> IO,1.229992
1776099432.6677492,284.66510248184204,IO -> PLC,1.48797
1776099432.7096229,284.7069761753082,PLC -> IO,1.541792
1776099432.7317476,284.7291009426117,IO -> PLC,2.43701
1776099432.7736254,284.7709786891937,PLC -> IO,1.549202
1776099432.7957463,284.7930996417999,IO -> PLC,1.26813
1776099432.837628,284.8349812030792,PLC -> IO,1.477232
1776099432.8597448,284.8570981025696,IO -> PLC,0.77095
1776099432.9016306,284.8989839553833,PLC -> IO,1.426472
1776099432.9237435,284.9210968017578,IO -> PLC,2.36267
1776099432.9656332,284.9629864692688,PLC -> IO,1.276032
1776099432.987741,284.98509430885315,IO -> PLC,2.71241
1776099433.0296357,285.0269889831543,PLC -> IO,1.643922
1776099433.0517395,285.0490927696228,IO -> PLC,4.40869
1776099433.0936384,285.0909917354584,PLC -> IO,1.476922
1776099433.1157382,285.11309146881104,IO -> PLC,1.33924
1776099433.157641,285.1549942493439,PLC -> IO,1.443682
1776099433.1797366,285.1770899295807,IO -> PLC,1.33448
1776099433.2216434,285.21899676322937,PLC -> IO,1.118432
1776099433.2437353,285.2410886287689,IO -> PLC,1.70374
1776099433.285646,285.28299927711487,PLC -> IO,1.328792
1776099433.3077338,285.3050870895386,IO -> PLC,1.04896
1776099433.3496487,285.34700202941895,PLC -> IO,1.295392
1776099433.3717325,285.3690857887268,IO -> PLC,1.27469
1776099433.4136512,285.41100454330444,PLC -> IO,1.259432
1776099433.43573,285.43308329582214,IO -> PLC,1.08569
1776099433.4776537,285.47500705718994,PLC -> IO,1.648212
1776099433.4997284,285.4970817565918,IO -> PLC,2.18195
1776099433.5416565,285.539009809494,PLC -> IO,1.487132
1776099433.5637271,285.56108045578003,IO -> PLC,1.41756
1776099433.605659,285.6030123233795,PLC -> IO,1.224932
1776099433.6277256,285.6250789165497,IO -> PLC,1.50913
1776099433.6696615,285.667014837265,PLC -> IO,1.186732
1776099433.6917243,285.6890776157379,IO -> PLC,1.54853
1776099433.7336643,285.7310175895691,PLC -> IO,1.172682
1776099433.7557228,285.75307607650757,IO -> PLC,1.35353
1776099433.7976668,285.7950201034546,PLC -> IO,1.292972
1776099433.8197215,285.8170747756958,IO -> PLC,1.52606
1776099433.8616693,285.8590226173401,PLC -> IO,1.757752
1776099433.88372,285.88107323646545,IO -> PLC,1.31162
1776099433.9256718,285.9230251312256,PLC -> IO,1.606032
1776099433.9477174,285.9450707435608,IO -> PLC,1.48519
1776099433.9896746,285.98702788352966,PLC -> IO,1.446782
1776099434.0117161,286.009069442749,IO -> PLC,0.88033
1776099434.053677,286.05103039741516,PLC -> IO,1.355862
1776099434.0757146,286.0730679035187,IO -> PLC,1.06126
1776099434.1176796,286.11503291130066,PLC -> IO,1.725112
1776099434.1397133,286.1370666027069,IO -> PLC,3.51622
1776099434.1816823,286.17903566360474,PLC -> IO,1.216882
1776099434.203712,286.20106530189514,IO -> PLC,1.03255
1776099434.2456849,286.24303817749023,PLC -> IO,1.169252
1776099434.2677104,286.2650637626648,IO -> PLC,2.9018
1776099434.3096874,286.30704069137573,PLC -> IO,1.688752
1776099434.3317091,286.329062461853,IO -> PLC,1.16161
1776099434.3736901,286.3710434436798,PLC -> IO,1.617512
1776099434.3957067,286.39305996894836,IO -> PLC,1.72328
1776099434.4376926,286.4350459575653,PLC -> IO,1.257692
1776099434.459705,286.457058429718,IO -> PLC,1.77805
1776099434.5016952,286.4990484714508,PLC -> IO,1.233742
1776099434.5237038,286.52105712890625,IO -> PLC,0.557
1776099434.5656977,286.5630509853363,PLC -> IO,1.227452
1776099434.5877023,286.5850555896759,IO -> PLC,1.28844
1776099434.6297004,286.6270537376404,PLC -> IO,1.765362
1776099434.651701,286.64905428886414,IO -> PLC,2.20852
1776099434.693703,286.6910562515259,PLC -> IO,1.569872
1776099434.7156994,286.7130527496338,IO -> PLC,1.61414
1776099434.7577055,286.7550587654114,PLC -> IO,1.411112
1776099434.7796981,286.777051448822,IO -> PLC,2.18517
1776099434.8217082,286.81906151771545,PLC -> IO,1.297552
1776099434.8436956,286.84104895591736,IO -> PLC,1.39502
1776099434.8857107,286.88306403160095,PLC -> IO,1.308392
1776099434.907694,286.905047416687,IO -> PLC,1.43443
1776099434.9497132,286.94706654548645,PLC -> IO,1.273472
1776099434.9716928,286.96904611587524,IO -> PLC,1.1555
1776099435.013716,287.0110692977905,PLC -> IO,1.309272
1776099435.0356913,287.0330445766449,IO -> PLC,2.77194
1776099435.0777185,287.075071811676,PLC -> IO,1.517722
1776099435.09969,287.09704327583313,IO -> PLC,1.32864
1776099435.141721,287.1390743255615,PLC -> IO,2.044662
1776099435.1636884,287.1610417366028,IO -> PLC,1.12212
1776099435.2057235,287.203076839447,PLC -> IO,1.205322
1776099435.2276871,287.225040435791,IO -> PLC,2.44062
1776099435.2697263,287.2670795917511,PLC -> IO,1.300172
1776099435.2916846,287.28903794288635,IO -> PLC,2.78628
1776099435.3337288,287.3310821056366,PLC -> IO,1.321972
1776099435.355683,287.353036403656,IO -> PLC,0.67119
1776099435.3977313,287.3950846195221,PLC -> IO,1.300972
1776099435.4196818,287.41703510284424,IO -> PLC,2.54948
1776099435.461734,287.4590873718262,PLC -> IO,1.395492
1776099435.4836802,287.4810335636139,IO -> PLC,1.21491
1776099435.5257366,287.52308988571167,PLC -> IO,1.486012
1776099435.547679,287.5450322628021,IO -> PLC,0.66237
1776099435.589739,287.58709239959717,PLC -> IO,1.508222
1776099435.6116774,287.6090307235718,IO -> PLC,1.16683
1776099435.6537418,287.65109515190125,PLC -> IO,1.240182
1776099435.675676,287.67302942276,IO -> PLC,1.5277
1776099435.7177444,287.71509766578674,PLC -> IO,1.191972
1776099435.7396748,287.73702812194824,IO -> PLC,1.25077
1776099435.7817469,287.77910017967224,PLC -> IO,1.179692
1776099435.803672,287.801025390625,IO -> PLC,1.31682
1776099435.8457494,287.84310269355774,PLC -> IO,1.696552
1776099435.8676708,287.86502408981323,IO -> PLC,1.09917
1776099435.9097521,287.9071054458618,PLC -> IO,1.688432
1776099435.9316695,287.92902278900146,IO -> PLC,0.71152
1776099435.9737546,287.9711079597473,PLC -> IO,1.514622
1776099435.995668,287.9930212497711,IO -> PLC,1.24751
1776099436.0377572,288.0351104736328,PLC -> IO,1.245852
1776099436.0596666,288.05701994895935,IO -> PLC,2.95203
1776099436.10176,288.0991132259369,PLC -> IO,1.225742
1776099436.123665,288.121018409729,IO -> PLC,2.73255
1776099436.1657624,288.1631157398224,PLC -> IO,1.259062
1776099436.1876638,288.18501710891724,IO -> PLC,2.70115
1776099436.229765,288.2271182537079,PLC -> IO,1.188312
1776099436.2516613,288.2490146160126,IO -> PLC,1.54466
1776099436.2937677,288.29112100601196,PLC -> IO,1.776212
1776099436.3156598,288.3130130767822,IO -> PLC,2.10017
1776099436.3577702,288.35512351989746,PLC -> IO,1.502802
1776099436.3796585,288.37701177597046,IO -> PLC,1.31114
1776099436.4217727,288.41912603378296,PLC -> IO,1.329152
1776099436.443657,288.4410102367401,IO -> PLC,1.4908
1776099436.4857752,288.48312854766846,PLC -> IO,1.451762
1776099436.5076556,288.50500893592834,IO -> PLC,1.64917
1776099436.549778,288.54713129997253,PLC -> IO,1.267232
1776099436.571654,288.569007396698,IO -> PLC,1.2644
1776099436.6137805,288.61113381385803,PLC -> IO,1.249272
1776099436.6356528,288.63300609588623,IO -> PLC,1.23532
1776099436.677783,288.67513632774353,PLC -> IO,1.442442
1776099436.6996503,288.69700360298157,IO -> PLC,2.3499
1776099436.7417858,288.7391390800476,PLC -> IO,1.464882
1776099436.7636487,288.7610020637512,IO -> PLC,1.20765
1776099436.8057883,288.8031415939331,PLC -> IO,1.178762
1776099436.8276474,288.82500076293945,IO -> PLC,2.74441
1776099436.8697908,288.8671441078186,PLC -> IO,1.792892
1776099436.891646,288.8889992237091,IO -> PLC,1.5488
1776099436.9337935,288.9311468601227,PLC -> IO,1.456532
1776099436.9556446,288.95299792289734,IO -> PLC,1.33515
1776099436.997796,288.9951493740082,PLC -> IO,1.361442
1776099437.019643,289.016996383667,IO -> PLC,2.07299
1776099437.0617986,289.0591518878937,PLC -> IO,1.524532
1776099437.0836418,289.0809950828552,IO -> PLC,1.28492
1776099437.125801,289.1231544017792,PLC -> IO,1.605612
1776099437.1476402,289.1449935436249,IO -> PLC,1.08688
1776099437.1898038,289.18715715408325,PLC -> IO,1.415012
1776099437.2116377,289.2089910507202,IO -> PLC,1.4427
1776099437.2538064,289.25115966796875,PLC -> IO,1.202562
1776099437.2756364,289.27298974990845,IO -> PLC,1.79868
1776099437.3178089,289.31516218185425,PLC -> IO,1.160442
1776099437.339635,289.3369882106781,IO -> PLC,3.67929
1776099437.3818116,289.3791649341583,PLC -> IO,1.824182
1776099437.4036336,289.40098690986633,IO -> PLC,1.39003
1776099437.4458141,289.4431674480438,PLC -> IO,1.318922
1776099437.4676323,289.46498560905457,IO -> PLC,1.22143
1776099437.5098166,289.5071699619293,PLC -> IO,1.565782
1776099437.5316308,289.5289840698242,IO -> PLC,1.15659
1776099437.5738194,289.5711727142334,PLC -> IO,1.550302
1776099437.5956295,289.59298276901245,IO -> PLC,1.13968
1776099437.637822,289.6351752281189,PLC -> IO,1.374252
1776099437.659627,289.6569802761078,IO -> PLC,3.21373
1776099437.7018244,289.6991777420044,PLC -> IO,1.366692
1776099437.7236254,289.72097873687744,IO -> PLC,2.8152
1776099437.765827,289.7631802558899,PLC -> IO,1.225932
1776099437.7876241,289.7849774360657,IO -> PLC,1.27734
1776099437.8298297,289.82718300819397,PLC -> IO,1.671662
1776099437.8516226,289.8489758968353,IO -> PLC,1.25346
1776099437.8938322,289.89118552207947,PLC -> IO,1.451542
1776099437.9156213,289.91297459602356,IO -> PLC,1.22727
1776099437.9578347,289.95518803596497,PLC -> IO,1.579662
1776099437.9796197,289.9769730567932,IO -> PLC,1.77446
1776099438.0218375,290.01919078826904,PLC -> IO,1.291292
1776099438.0436184,290.04097175598145,IO -> PLC,1.19447
1776099438.08584,290.08319330215454,PLC -> IO,1.273742
1776099438.107616,290.1049692630768,IO -> PLC,2.93076
1776099438.1498425,290.14719581604004,PLC -> IO,1.261612
1776099438.1716144,290.16896772384644,IO -> PLC,1.15344
1776099438.2138453,290.2111985683441,PLC -> IO,1.249582
1776099438.235613,290.23296642303467,IO -> PLC,1.53087
1776099438.2778478,290.2752010822296,PLC -> IO,1.570592
1776099438.2996116,290.2969648838043,IO -> PLC,1.687
1776099438.3418503,290.3392035961151,PLC -> IO,1.417032
1776099438.3636103,290.36096358299255,IO -> PLC,1.2871
1776099438.4058528,290.4032061100006,PLC -> IO,1.159142
1776099438.4276087,290.4249620437622,IO -> PLC,2.96507
1776099438.4698555,290.4672088623047,PLC -> IO,1.275032
1776099438.4916074,290.48896074295044,IO -> PLC,1.63121
1776099438.533858,290.5312113761902,PLC -> IO,1.238192
1776099438.555605,290.5529582500458,IO -> PLC,1.22828
1776099438.5978606,290.5952138900757,PLC -> IO,1.484642
1776099438.6196034,290.61695671081543,IO -> PLC,0.93295
1776099438.6618633,290.65921664237976,PLC -> IO,1.500282
1776099438.683602,290.68095541000366,IO -> PLC,1.19653
1776099438.7258658,290.72321915626526,PLC -> IO,1.726892
1776099438.7476006,290.7449538707733,IO -> PLC,0.82839
1776099438.7898684,290.78722167015076,PLC -> IO,1.545482
1776099438.8115993,290.80895256996155,IO -> PLC,1.14517
1776099438.853871,290.85122442245483,PLC -> IO,1.322062
1776099438.8755977,290.8729510307312,IO -> PLC,1.12642
1776099438.9178736,290.91522693634033,PLC -> IO,1.270432
1776099438.9395964,290.93694972991943,IO -> PLC,1.3992
1776099438.9818761,290.97922945022583,PLC -> IO,1.289362
1776099439.003595,291.00094842910767,IO -> PLC,1.28012
1776099439.0458786,291.0432319641113,PLC -> IO,3.309082
1776099439.0675924,291.0649456977844,IO -> PLC,2.87095
1776099439.1098814,291.1072347164154,PLC -> IO,1.632822
1776099439.131591,291.12894439697266,IO -> PLC,0.79266
1776099439.173884,291.1712372303009,PLC -> IO,1.474792
1776099439.1955898,291.1929430961609,IO -> PLC,1.60099
1776099439.2378864,291.2352397441864,PLC -> IO,1.240982
1776099439.2595882,291.25694155693054,IO -> PLC,1.8104
1776099439.3018892,291.2992424964905,PLC -> IO,1.603602
1776099439.323587,291.3209402561188,IO -> PLC,4.78882
1776099439.3658917,291.363245010376,PLC -> IO,1.182742
1776099439.3875854,291.3849387168884,IO -> PLC,2.55188
1776099439.4298942,291.4272475242615,PLC -> IO,1.670972
1776099439.451584,291.44893741607666,IO -> PLC,1.52628
1776099439.493897,291.49125027656555,PLC -> IO,1.896222
1776099439.5155816,291.512934923172,IO -> PLC,1.32496
1776099439.5578995,291.55525279045105,PLC -> IO,1.526492
1776099439.57958,291.57693338394165,IO -> PLC,1.10843
1776099439.621902,291.61925530433655,PLC -> IO,1.238112
1776099439.6435788,291.6409320831299,IO -> PLC,1.27897
1776099439.6859045,291.68325781822205,PLC -> IO,1.266232
1776099439.7075772,291.70493054389954,IO -> PLC,1.8356
1776099439.7499073,291.7472605705261,PLC -> IO,1.633652
1776099439.771576,291.76892924308777,IO -> PLC,0.86632
1776099439.8139098,291.8112630844116,PLC -> IO,1.203992
1776099439.8355744,291.8329277038574,IO -> PLC,1.22406
1776099439.8779123,291.8752655982971,PLC -> IO,1.418772
1776099439.899573,291.89692640304565,IO -> PLC,1.13986
1776099439.941915,291.9392683506012,PLC -> IO,1.600022
1776099439.9635706,291.960923910141,IO -> PLC,1.37384
1776099440.0059175,292.0032708644867,PLC -> IO,1.460542
1776099440.027569,292.02492237091064,IO -> PLC,8.79422
1776099440.06992,292.0672733783722,PLC -> IO,1.444182
1776099440.0915678,292.0889210700989,IO -> PLC,1.71362
1776099440.1339228,292.13127613067627,PLC -> IO,1.235182
1776099440.1555662,292.15291953086853,IO -> PLC,1.30469
1776099440.1979253,292.19527864456177,PLC -> IO,1.259862
1776099440.219565,292.21691823005676,IO -> PLC,1.10137
1776099440.2619278,292.25928115844727,PLC -> IO,1.423912
1776099440.2835634,292.2809166908264,IO -> PLC,1.29126
1776099440.3259304,292.32328367233276,PLC -> IO,1.868682
1776099440.347562,292.34491539001465,IO -> PLC,1.25378
1776099440.389933,292.38728642463684,PLC -> IO,1.202862
1776099440.4115605,292.4089138507843,IO -> PLC,1.43472
1776099440.4539356,292.45128893852234,PLC -> IO,1.215462
1776099440.475558,292.47291135787964,IO -> PLC,1.4258
1776099440.5179381,292.51529145240784,PLC -> IO,1.294542
1776099440.5395567,292.53691005706787,IO -> PLC,4.24469
1776099440.581941,292.5792942047119,PLC -> IO,1.282432
1776099440.6035552,292.6009085178375,IO -> PLC,1.55494
1776099440.6459434,292.6432967185974,PLC -> IO,1.393752
1776099440.667554,292.66490721702576,IO -> PLC,0.82831
1776099440.709946,292.7072992324829,PLC -> IO,1.589722
1776099440.7315526,292.728905916214,IO -> PLC,1.33998
1776099440.7739487,292.771301984787,PLC -> IO,1.510962
1776099440.795551,292.79290437698364,IO -> PLC,1.31378
1776099440.8379512,292.8353044986725,PLC -> IO,1.225482
1776099440.8595498,292.8569030761719,IO -> PLC,1.46375
1776099440.9019537,292.899307012558,PLC -> IO,1.157442
1776099440.9235473,292.9209005832672,IO -> PLC,2.97779
1776099440.9659562,292.9633095264435,PLC -> IO,1.165012
1776099440.9875457,292.98489904403687,IO -> PLC,1.23743
1776099441.029959,293.02731227874756,PLC -> IO,1.727712
1776099441.0515444,293.0488977432251,IO -> PLC,5.32174
1776099441.0939615,293.09131479263306,PLC -> IO,1.685282
1776099441.115543,293.11289620399475,IO -> PLC,1.79771
1776099441.157964,293.15531730651855,PLC -> IO,1.502032
1776099441.1795416,293.176894903183,IO -> PLC,2.3297
1776099441.2219667,293.21932005882263,PLC -> IO,1.252222
1776099441.24354,293.24089336395264,IO -> PLC,1.55595
1776099441.2859693,293.28332257270813,PLC -> IO,1.355382
1776099441.3075387,293.30489206314087,IO -> PLC,1.76848
1776099441.3499718,293.3473250865936,PLC -> IO,1.237102
1776099441.3715363,293.3688895702362,IO -> PLC,1.34811
1776099441.4139745,293.4113278388977,PLC -> IO,1.232742
1776099441.4355347,293.43288803100586,IO -> PLC,1.30351
1776099441.477977,293.4753303527832,PLC -> IO,1.357102
1776099441.4995334,293.4968867301941,IO -> PLC,1.29492
1776099441.5419796,293.5393328666687,PLC -> IO,1.553712
1776099441.5635319,293.56088519096375,IO -> PLC,1.2544
1776099441.605982,293.6033353805542,PLC -> IO,1.300942
1776099441.6275306,293.624883890152,IO -> PLC,2.47682
1776099441.6699848,293.6673381328583,PLC -> IO,1.286432
1776099441.691529,293.68888235092163,IO -> PLC,1.4613
1776099441.7339873,293.7313406467438,PLC -> IO,1.220712
1776099441.7555277,293.75288105010986,IO -> PLC,1.20069
1776099441.7979898,293.7953431606293,PLC -> IO,1.246362
1776099441.8195262,293.8168795108795,IO -> PLC,1.76652
1776099441.8619926,293.85934591293335,PLC -> IO,1.756502
1776099441.8835237,293.88087701797485,IO -> PLC,0.99269
1776099441.925995,293.92334842681885,PLC -> IO,1.692792
1776099441.9475224,293.9448757171631,IO -> PLC,1.20843
1776099441.9899976,293.98735094070435,PLC -> IO,1.168802
1776099442.0115209,294.00887417793274,IO -> PLC,1.14663
1776099442.0540004,294.0513536930084,PLC -> IO,1.341102
1776099442.0755196,294.072872877121,IO -> PLC,1.29428
1776099442.118003,294.1153562068939,PLC -> IO,1.305212
1776099442.139518,294.1368713378906,IO -> PLC,1.29905
1776099442.1820054,294.1793587207794,PLC -> IO,1.281182
1776099442.2035167,294.20087003707886,IO -> PLC,1.26981
1776099442.246008,294.2433612346649,PLC -> IO,1.258262
1776099442.2675154,294.2648687362671,IO -> PLC,1.25089
1776099442.3100107,294.307363986969,PLC -> IO,1.601442
1776099442.331513,294.3288662433624,IO -> PLC,3.69689
1776099442.3740132,294.3713665008545,PLC -> IO,1.455952
1776099442.3955114,294.3928647041321,IO -> PLC,1.21394
1776099442.4380157,294.43536901474,PLC -> IO,1.285192
1776099442.45951,294.4568634033203,IO -> PLC,0.6758
1776099442.5020185,294.49937176704407,PLC -> IO,1.264272
1776099442.5235085,294.52086186408997,IO -> PLC,5.26918
1776099442.566021,294.56337428092957,PLC -> IO,1.323342
1776099442.5875072,294.5848605632782,IO -> PLC,0.81606
1776099442.6300235,294.62737679481506,PLC -> IO,1.806442
1776099442.6515057,294.64885902404785,IO -> PLC,1.32149
1776099442.6940262,294.69137954711914,PLC -> IO,1.715032
1776099442.7155044,294.7128577232361,IO -> PLC,1.11824
1776099442.7580287,294.75538206100464,PLC -> IO,1.477302
1776099442.779502,294.7768552303314,IO -> PLC,1.47006
1776099442.8220313,294.81938457489014,PLC -> IO,1.251572
1776099442.8435004,294.8408536911011,IO -> PLC,1.83821
1776099442.8860338,294.88338708877563,PLC -> IO,1.241452
1776099442.907499,294.9048523902893,IO -> PLC,2.26187
1776099442.9500365,294.9473898410797,PLC -> IO,1.763182
1776099442.9714975,294.96885085105896,IO -> PLC,0.64512
1776099443.014039,295.0113923549652,PLC -> IO,1.191142
1776099443.0354962,295.0328495502472,IO -> PLC,2.99992
1776099443.0780416,295.0753948688507,PLC -> IO,1.514472
1776099443.0994947,295.09684801101685,IO -> PLC,2.31546
1776099443.1420443,295.1393976211548,PLC -> IO,1.599242
1776099443.1634934,295.1608467102051,IO -> PLC,1.34826
1776099443.2060468,295.2034001350403,PLC -> IO,1.269352
1776099443.227491,295.2248442173004,IO -> PLC,3.09878
1776099443.2700493,295.2674026489258,PLC -> IO,1.220752
1776099443.2914894,295.28884267807007,IO -> PLC,2.07214
1776099443.334052,295.33140540122986,PLC -> IO,1.205112
1776099443.355488,295.3528413772583,IO -> PLC,1.28831
1776099443.3980546,295.39540791511536,PLC -> IO,1.289562
1776099443.4194865,295.41683983802795,IO -> PLC,1.09539
1776099443.462057,295.45941042900085,PLC -> IO,1.402482
1776099443.4834852,295.4808385372162,IO -> PLC,1.07927
1776099443.5260596,295.52341294288635,PLC -> IO,1.669742
1776099443.5474837,295.54483699798584,IO -> PLC,1.61646
1776099443.5900624,295.58741569519043,PLC -> IO,1.183772
1776099443.6114824,295.6088356971741,IO -> PLC,2.56111
1776099443.654065,295.6514182090759,PLC -> IO,1.457422
1776099443.6754808,295.6728341579437,IO -> PLC,1.37382
1776099443.7180674,295.7154207229614,PLC -> IO,1.452742
1776099443.7394783,295.73683166503906,IO -> PLC,2.87977
1776099443.7820702,295.7794234752655,PLC -> IO,1.231732
1776099443.803477,295.8008303642273,IO -> PLC,1.1671
1776099443.8460727,295.843425989151,PLC -> IO,1.206012
1776099443.8674755,295.86482882499695,IO -> PLC,1.01602
1776099443.9100752,295.9074285030365,PLC -> IO,1.699432
1776099443.9314742,295.9288275241852,IO -> PLC,1.49969
1776099443.974078,295.9714312553406,PLC -> IO,1.505952
1776099443.995473,295.9928262233734,IO -> PLC,0.72714
1776099444.0380805,296.0354337692261,PLC -> IO,1.174372
1776099444.0594714,296.05682468414307,IO -> PLC,1.49474
1776099444.102083,296.0994362831116,PLC -> IO,1.158742
1776099444.12347,296.1208233833313,IO -> PLC,4.11994
1776099444.1660855,296.16343879699707,PLC -> IO,1.309022
1776099444.1874676,296.18482089042664,IO -> PLC,1.25105
1776099444.2300882,296.22744154930115,PLC -> IO,1.792532
1776099444.251466,296.2488193511963,IO -> PLC,0.83876
1776099444.2940907,296.29144406318665,PLC -> IO,1.745362
1776099444.3154647,296.3128180503845,IO -> PLC,1.39435
1776099444.3580933,296.35544657707214,PLC -> IO,1.440122
1776099444.3794632,296.3768165111542,IO -> PLC,2.50381
1776099444.422096,296.4194493293762,PLC -> IO,1.230782
1776099444.443462,296.4408152103424,IO -> PLC,5.19437
1776099444.4860985,296.4834518432617,PLC -> IO,1.221632
1776099444.5074604,296.50481367111206,IO -> PLC,2.12172
1776099444.550101,296.5474543571472,PLC -> IO,1.209512
1776099444.571459,296.5688123703003,IO -> PLC,1.12084
1776099444.6141038,296.6114571094513,PLC -> IO,1.156432
1776099444.6354566,296.63280987739563,IO -> PLC,1.30881
1776099444.6781063,296.6754596233368,PLC -> IO,1.635852
1776099444.699455,296.6968083381653,IO -> PLC,1.28165
1776099444.7421088,296.7394621372223,PLC -> IO,1.535092
1776099444.7634537,296.7608070373535,IO -> PLC,1.06617
1776099444.8061113,296.8034646511078,PLC -> IO,1.333442
1776099444.8274522,296.82480549812317,IO -> PLC,1.43415
1776099444.870114,296.86746740341187,PLC -> IO,1.352372
1776099444.891451,296.8888041973114,IO -> PLC,2.72401
1776099444.9341166,296.93146991729736,PLC -> IO,1.266882
1776099444.9554493,296.95280265808105,IO -> PLC,1.21207
1776099444.998119,296.99547243118286,PLC -> IO,1.186292
1776099445.019448,297.0168013572693,IO -> PLC,1.92727
1776099445.0621219,297.05947518348694,PLC -> IO,1.341452
1776099445.0834465,297.08079981803894,IO -> PLC,1.71994
1776099445.1261244,297.12347769737244,PLC -> IO,1.534612
1776099445.147444,297.1447973251343,IO -> PLC,0.98716
1776099445.190127,297.18748021125793,PLC -> IO,1.527062
1776099445.2114427,297.2087960243225,IO -> PLC,5.45868
1776099445.2541296,297.251482963562,PLC -> IO,1.305892
1776099445.2754412,297.27279448509216,IO -> PLC,1.47975
1776099445.3181322,297.3154854774475,PLC -> IO,1.266652
1776099445.3394399,297.3367931842804,IO -> PLC,1.2581
1776099445.3821347,297.379487991333,PLC -> IO,2.211612
1776099445.4034383,297.40079164505005,IO -> PLC,3.53921
1776099445.4461372,297.4434905052185,PLC -> IO,1.594352
1776099445.467437,297.4647903442383,IO -> PLC,1.42908
1776099445.51014,297.5074932575226,PLC -> IO,1.682232
1776099445.5314357,297.5287890434265,IO -> PLC,1.60161
1776099445.5741425,297.5714957714081,PLC -> IO,1.460112
1776099445.595433,297.59278631210327,IO -> PLC,1.37485
1776099445.638145,297.6354982852936,PLC -> IO,1.238702
1776099445.6594317,297.6567850112915,IO -> PLC,3.73164
1776099445.7021477,297.69950103759766,PLC -> IO,1.348822
1776099445.7234304,297.72078371047974,IO -> PLC,3.05118
1776099445.7661502,297.76350355148315,PLC -> IO,1.298702
1776099445.7874289,297.7847821712494,IO -> PLC,1.17874
1776099445.8301528,297.82750606536865,PLC -> IO,1.685322
1776099445.8514276,297.8487808704376,IO -> PLC,1.29711
1776099445.8941555,297.89150881767273,PLC -> IO,1.536312
1776099445.915426,297.9127793312073,IO -> PLC,2.61554
1776099445.958158,297.9555113315582,PLC -> IO,1.950542
1776099445.9794247,297.9767780303955,IO -> PLC,1.26648
1776099446.0221605,298.0195138454437,PLC -> IO,1.176312
1776099446.0434222,298.04077553749084,IO -> PLC,1.82399
1776099446.086163,298.0835163593292,PLC -> IO,1.345172
1776099446.1074207,298.1047739982605,IO -> PLC,2.93041
1776099446.1501658,298.1475191116333,PLC -> IO,1.184252
1776099446.1714194,298.16877269744873,IO -> PLC,1.38862
1776099446.2141683,298.2115216255188,PLC -> IO,1.313732
1776099446.2354178,298.2327711582184,IO -> PLC,1.56428
1776099446.2781708,298.2755241394043,PLC -> IO,1.473782
1776099446.2994165,298.2967698574066,IO -> PLC,2.10851
1776099446.3421736,298.3395268917084,PLC -> IO,1.554062
1776099446.363415,298.36076831817627,IO -> PLC,1.34412
1776099446.406176,298.4035294055939,PLC -> IO,1.452742
1776099446.4274137,298.4247670173645,IO -> PLC,1.36728
1776099446.4701786,298.46753191947937,PLC -> IO,1.253822
1776099446.4914112,298.48876452445984,IO -> PLC,1.50805
1776099446.5341814,298.53153467178345,PLC -> IO,1.278102
1776099446.5554097,298.5527629852295,IO -> PLC,1.46042
1776099446.5981839,298.59553718566895,PLC -> IO,1.181982
1776099446.6194084,298.6167616844177,IO -> PLC,1.07196
1776099446.6621864,298.65953969955444,PLC -> IO,1.535072
1776099446.6834068,298.6807601451874,IO -> PLC,1.44098
1776099446.726189,298.72354221343994,PLC -> IO,1.744002
1776099446.7474055,298.7447588443756,IO -> PLC,1.59424
1776099446.7901917,298.787544965744,PLC -> IO,1.630832
1776099446.811404,298.80875730514526,IO -> PLC,2.15991
1776099446.8541942,298.8515474796295,PLC -> IO,1.341582
1776099446.8754027,298.8727560043335,IO -> PLC,1.35951
1776099446.9181967,298.915549993515,PLC -> IO,1.243852
1776099446.9394011,298.93675446510315,IO -> PLC,3.44717
1776099446.9821994,298.9795527458191,PLC -> IO,1.209972
1776099447.0033987,299.0007519721985,IO -> PLC,1.33192
1776099447.046202,299.0435552597046,PLC -> IO,3.508732
1776099447.0673974,299.0647506713867,IO -> PLC,5.83201
1776099447.1102045,299.1075577735901,PLC -> IO,1.625112
1776099447.1313958,299.1287491321564,IO -> PLC,1.20905
1776099447.174207,299.1715602874756,PLC -> IO,1.460592
1776099447.1953945,299.1927478313446,IO -> PLC,1.28942
1776099447.2382097,299.23556303977966,PLC -> IO,1.341422
1776099447.2593932,299.25674653053284,IO -> PLC,1.08297
1776099447.3022122,299.29956555366516,PLC -> IO,1.411472
1776099447.3233917,299.3207449913025,IO -> PLC,1.23518
1776099447.3662148,299.36356806755066,PLC -> IO,1.299512
1776099447.3873904,299.3847436904907,IO -> PLC,5.11892
1776099447.4302175,299.42757081985474,PLC -> IO,1.708462
1776099447.451388,299.44874119758606,IO -> PLC,1.38472
1776099447.49422,299.49157333374023,PLC -> IO,1.588892
1776099447.5153863,299.5127396583557,IO -> PLC,1.17107
1776099447.5582225,299.55557584762573,PLC -> IO,1.402772
1776099447.579385,299.57673835754395,IO -> PLC,2.31045
1776099447.6222253,299.6195785999298,PLC -> IO,1.254092
1776099447.6433835,299.6407368183136,IO -> PLC,1.52334
1776099447.6862278,299.6835811138153,PLC -> IO,1.176382
1776099447.7073822,299.70473551750183,IO -> PLC,2.50087
1776099447.7502303,299.7475836277008,PLC -> IO,1.316582
1776099447.7713807,299.7687339782715,IO -> PLC,1.68521
1776099447.8142328,299.8115861415863,PLC -> IO,1.353342
1776099447.8353791,299.83273243904114,IO -> PLC,0.72321
1776099447.8782356,299.8755888938904,PLC -> IO,1.593862
1776099447.8993769,299.89673018455505,IO -> PLC,1.25616
1776099447.942238,299.9395914077759,PLC -> IO,1.518782
1776099447.9633753,299.9607286453247,IO -> PLC,1.41837
1776099448.0062406,300.0035939216614,PLC -> IO,1.743062
1776099448.027374,300.02472734451294,IO -> PLC,4.64984
1776099448.0702434,300.06759667396545,PLC -> IO,1.276542
1776099448.0913725,300.0887258052826,IO -> PLC,2.14449
1776099448.1342459,300.13159918785095,PLC -> IO,1.180972
1776099448.1553712,300.1527245044708,IO -> PLC,1.56539
1776099448.1982484,300.19560170173645,PLC -> IO,1.161182
1776099448.2193696,300.2167229652405,IO -> PLC,2.48252
1776099448.2622511,300.2596044540405,PLC -> IO,1.513062
1776099448.2833683,300.2807216644287,IO -> PLC,1.34211
1776099448.3262537,300.323606967926,PLC -> IO,2.235132
1776099448.3473668,300.34472012519836,IO -> PLC,1.74009
1776099448.3902562,300.3876094818115,PLC -> IO,1.299212
1776099448.4113643,300.4087176322937,IO -> PLC,2.06407
1776099448.4542587,300.451611995697,PLC -> IO,1.390392
1776099448.475363,300.47271633148193,IO -> PLC,1.27408
1776099448.5182614,300.5156147480011,PLC -> IO,1.373072
1776099448.5393615,300.5367147922516,IO -> PLC,1.26237
1776099448.582264,300.5796172618866,PLC -> IO,1.240232
1776099448.6033602,300.6007134914398,IO -> PLC,0.69246
1776099448.6462665,300.6436197757721,PLC -> IO,1.197062
1776099448.6673586,300.6647119522095,IO -> PLC,1.21629
1776099448.7102692,300.7076225280762,PLC -> IO,1.538722
1776099448.7313573,300.7287106513977,IO -> PLC,1.76244
1776099448.7742717,300.77162504196167,PLC -> IO,1.409632
1776099448.7953558,300.79270911216736,IO -> PLC,1.36271
1776099448.8382742,300.83562755584717,PLC -> IO,1.372082
1776099448.8593533,300.8567066192627,IO -> PLC,1.5854
1776099448.902277,300.89963030815125,PLC -> IO,1.293952
1776099448.923352,300.9207053184509,IO -> PLC,4.56478
1776099448.9662795,300.96363282203674,PLC -> IO,1.235432
1776099448.9873507,300.98470401763916,IO -> PLC,1.16852
1776099449.030282,301.02763533592224,PLC -> IO,1.794052
1776099449.0513492,301.0487024784088,IO -> PLC,3.82164
1776099449.0942845,301.09163784980774,PLC -> IO,1.591202
1776099449.1153479,301.11270117759705,IO -> PLC,1.45534
1776099449.1582873,301.1556406021118,PLC -> IO,1.451712
1776099449.1793463,301.1766996383667,IO -> PLC,1.42218
1776099449.2222898,301.2196431159973,PLC -> IO,1.157432
1776099449.2433448,301.24069809913635,IO -> PLC,1.60495
1776099449.2862923,301.2836456298828,PLC -> IO,1.321712
1776099449.3073425,301.30469584465027,IO -> PLC,2.73089
1776099449.350295,301.3476483821869,PLC -> IO,1.343202
1776099449.371341,301.3686943054199,IO -> PLC,1.56712
1776099449.4142976,301.4116508960724,PLC -> IO,1.283632
1776099449.4353397,301.43269300460815,IO -> PLC,0.9817
1776099449.4783,301.4756534099579,PLC -> IO,1.475212
1776099449.4993382,301.4966914653778,IO -> PLC,0.81839
1776099449.5423028,301.53965616226196,PLC -> IO,1.524692
1776099449.5633368,301.56069016456604,IO -> PLC,0.71675
1776099449.6063054,301.60365867614746,PLC -> IO,1.223282
1776099449.6273353,301.6246886253357,IO -> PLC,1.54667
1776099449.6703079,301.66766119003296,PLC -> IO,1.366772
1776099449.6913338,301.68868708610535,IO -> PLC,1.86145
1776099449.7343104,301.73166370391846,PLC -> IO,1.277132
1776099449.7553315,301.75268483161926,IO -> PLC,1.46556
1776099449.7983131,301.79566645622253,PLC -> IO,1.181572
1776099449.81933,301.8166832923889,IO -> PLC,2.01507
1776099449.8623157,301.85966897010803,PLC -> IO,1.695632
1776099449.8833287,301.88068199157715,IO -> PLC,1.23012
1776099449.9263182,301.92367148399353,PLC -> IO,1.629422
1776099449.9473271,301.9446804523468,IO -> PLC,1.22032
1776099449.990321,301.9876742362976,PLC -> IO,1.281452
1776099450.0113258,302.00867915153503,IO -> PLC,1.74311
1776099450.0543234,302.0516767501831,PLC -> IO,1.206772
1776099450.0753243,302.0726776123047,IO -> PLC,1.16505
1776099450.118326,302.1156792640686,PLC -> IO,1.264082
1776099450.139323,302.1366763114929,IO -> PLC,3.82089
1776099450.1823287,302.1796820163727,PLC -> IO,1.217812
1776099450.2033215,302.2006747722626,IO -> PLC,1.32186
1776099450.2463312,302.2436845302582,PLC -> IO,1.342422
1776099450.267319,302.2646722793579,IO -> PLC,1.15446
1776099450.3103337,302.3076870441437,PLC -> IO,1.626792
1776099450.3313177,302.32867097854614,IO -> PLC,2.40824
1776099450.3743362,302.3716895580292,PLC -> IO,1.563472
1776099450.3953161,302.3926694393158,IO -> PLC,1.27936
1776099450.438339,302.43569231033325,PLC -> IO,1.330392
1776099450.4593148,302.456668138504,IO -> PLC,1.62902
1776099450.5023415,302.49969482421875,PLC -> IO,1.229942
1776099450.5233135,302.52066683769226,IO -> PLC,1.04583
1776099450.566344,302.56369733810425,PLC -> IO,1.320312
1776099450.587312,302.5846652984619,IO -> PLC,1.57566
1776099450.6303468,302.6277000904083,PLC -> IO,1.324982
1776099450.6513104,302.64866375923157,IO -> PLC,2.13541
1776099450.6943493,302.6917026042938,PLC -> IO,1.456402
1776099450.7153082,302.7126615047455,IO -> PLC,1.74576
1776099450.7583518,302.7557051181793,PLC -> IO,1.989972
1776099450.7793067,302.77665996551514,IO -> PLC,2.85433
1776099450.8223546,302.8197078704834,PLC -> IO,1.160712
1776099450.8433053,302.84065866470337,IO -> PLC,1.5164
1776099450.886357,302.8837103843689,PLC -> IO,1.461002
1776099450.9073038,302.904657125473,IO -> PLC,1.46876
1776099450.9503596,302.9477128982544,PLC -> IO,1.312482
1776099450.9713025,302.96865582466125,IO -> PLC,2.22404
1776099451.014362,303.0117154121399,PLC -> IO,1.451252
1776099451.035301,303.0326542854309,IO -> PLC,2.89412
1776099451.0783648,303.07571816444397,PLC -> IO,1.471302
1776099451.0992994,303.09665274620056,IO -> PLC,1.2337
1776099451.1423674,303.13972067832947,PLC -> IO,1.510382
1776099451.1632972,303.1606504917145,IO -> PLC,1.60904
1776099451.2063699,303.20372319221497,PLC -> IO,1.190812
1776099451.2272956,303.22464895248413,IO -> PLC,1.57572
1776099451.2703726,303.26772594451904,PLC -> IO,1.197892
1776099451.2912943,303.28864765167236,IO -> PLC,3.16256
1776099451.3343751,303.33172845840454,PLC -> IO,1.153452
1776099451.3552928,303.352646112442,IO -> PLC,1.54605
1776099451.3983777,303.39573097229004,PLC -> IO,1.304542
1776099451.4192915,303.41664481163025,IO -> PLC,2.47654
1776099451.4623802,303.45973348617554,PLC -> IO,1.653962
1776099451.48329,303.4806432723999,IO -> PLC,1.88911
1776099451.526383,303.5237362384796,PLC -> IO,1.755282
1776099451.5472887,303.54464197158813,IO -> PLC,1.33873
1776099451.5903854,303.5877387523651,PLC -> IO,1.270352
1776099451.611287,303.6086404323578,IO -> PLC,1.08637
1776099451.654388,303.6517412662506,PLC -> IO,1.207192
1776099451.6752846,303.6726379394531,IO -> PLC,1.6254
1776099451.7183907,303.7157440185547,PLC -> IO,1.232912
1776099451.7392833,303.73663663864136,IO -> PLC,1.35983
1776099451.7823932,303.7797465324402,PLC -> IO,1.161672
1776099451.8032818,303.800635099411,IO -> PLC,1.41035
1776099451.8463957,303.8437490463257,PLC -> IO,1.217312
1776099451.8672805,303.86463379859924,IO -> PLC,1.57785
1776099451.9103985,303.90775179862976,PLC -> IO,1.632082
1776099451.931279,303.9286322593689,IO -> PLC,2.50113
1776099451.974401,303.97175431251526,PLC -> IO,2.265822
1776099451.9952776,303.99263095855713,IO -> PLC,1.15392
1776099452.0384035,304.03575682640076,PLC -> IO,1.310782
1776099452.059276,304.0566294193268,IO -> PLC,0.99259
1776099452.102406,304.09975934028625,PLC -> IO,1.346032
1776099452.1232736,304.1206269264221,IO -> PLC,1.33313
1776099452.1664088,304.16376209259033,PLC -> IO,1.239342
1776099452.1872723,304.18462562561035,IO -> PLC,1.69408
1776099452.2304113,304.22776460647583,PLC -> IO,1.700522
1776099452.251271,304.2486243247986,IO -> PLC,1.08929
1776099452.2944138,304.2917671203613,PLC -> IO,1.599352
1776099452.3152695,304.31262278556824,IO -> PLC,1.81081
1776099452.3584166,304.3557698726654,PLC -> IO,1.381872
1776099452.379268,304.3766212463379,IO -> PLC,1.98646
1776099452.422419,304.4197723865509,PLC -> IO,1.298952
1776099452.4432666,304.4406199455261,IO -> PLC,1.79242
1776099452.4864216,304.4837749004364,PLC -> IO,1.328442
1776099452.507265,304.5046184062958,IO -> PLC,2.32554
1776099452.5504243,304.5477776527405,PLC -> IO,1.300552
1776099452.5712628,304.5686161518097,IO -> PLC,1.56819
1776099452.6144269,304.611780166626,PLC -> IO,1.520772
1776099452.6352613,304.63261461257935,IO -> PLC,1.14165
1776099452.6784294,304.6757826805115,PLC -> IO,1.617212
1776099452.69926,304.6966133117676,IO -> PLC,2.27879
1776099452.7424319,304.739785194397,PLC -> IO,1.662302
1776099452.7632585,304.76061177253723,IO -> PLC,1.51024
1776099452.8064346,304.80378794670105,PLC -> IO,1.214972
1776099452.827257,304.8246102333069,IO -> PLC,2.08727
1776099452.8704371,304.86779046058655,PLC -> IO,1.165332
1776099452.8912556,304.8886089324951,IO -> PLC,2.21676
1776099452.9344397,304.93179297447205,PLC -> IO,1.319782
1776099452.955254,304.95260739326477,IO -> PLC,1.43909
1776099452.9984424,304.9957957267761,PLC -> IO,1.333422
1776099453.0192518,305.0166051387787,IO -> PLC,1.40081
1776099453.062445,305.0597982406616,PLC -> IO,1.465792
1776099453.0832503,305.08060359954834,IO -> PLC,1.21477
1776099453.1264474,305.1238007545471,PLC -> IO,1.695442
1776099453.147249,305.1446022987366,IO -> PLC,1.01273
1776099453.1904502,305.1878035068512,PLC -> IO,1.234662
1776099453.2112474,305.2086007595062,IO -> PLC,1.75144
1776099453.2544527,305.2518060207367,PLC -> IO,1.317672
1776099453.2752461,305.27259945869446,IO -> PLC,1.54404
1776099453.3184552,305.3158085346222,PLC -> IO,1.336422
1776099453.3392446,305.3365979194641,IO -> PLC,2.75502
1776099453.3824577,305.3798110485077,PLC -> IO,2.133392
1776099453.4032433,305.40059661865234,IO -> PLC,0.75769
1776099453.4464605,305.44381380081177,PLC -> IO,1.330762
1776099453.4672418,305.464595079422,IO -> PLC,1.28136
1776099453.510463,305.50781631469727,PLC -> IO,1.642502
1776099453.5312393,305.52859258651733,IO -> PLC,1.45493
1776099453.5744655,305.57181882858276,PLC -> IO,1.595172
1776099453.595238,305.59259128570557,IO -> PLC,1.27729
1776099453.6384683,305.63582158088684,PLC -> IO,1.239122
1776099453.6592364,305.6565897464752,IO -> PLC,6.13492
1776099453.7024708,305.69982409477234,PLC -> IO,1.223482
1776099453.7232351,305.72058844566345,IO -> PLC,1.59268
1776099453.7664733,305.76382660865784,PLC -> IO,1.649052
1776099453.7872336,305.7845869064331,IO -> PLC,1.74994
1776099453.830476,305.8278293609619,PLC -> IO,1.652612
1776099453.8512323,305.84858560562134,IO -> PLC,0.97722
1776099453.8944786,305.8918318748474,PLC -> IO,1.553862
1776099453.9152308,305.912584066391,IO -> PLC,1.33825
1776099453.958481,305.9558343887329,PLC -> IO,1.525572
1776099453.9792285,305.9765818119049,IO -> PLC,2.82756
1776099454.0224836,306.0198369026184,PLC -> IO,1.285852
1776099454.043227,306.04058027267456,IO -> PLC,1.28401
1776099454.0864863,306.0838396549225,PLC -> IO,1.321502
1776099454.1072257,306.1045789718628,IO -> PLC,3.57224
1776099454.1504889,306.147842168808,PLC -> IO,1.283702
1776099454.171224,306.16857743263245,IO -> PLC,1.06993
1776099454.2144914,306.2118446826935,PLC -> IO,1.253982
1776099454.2352226,306.2325758934021,IO -> PLC,0.64156
1776099454.2784941,306.27584743499756,PLC -> IO,1.461002
1776099454.2992213,306.29657459259033,IO -> PLC,2.15439
1776099454.3424966,306.33984994888306,PLC -> IO,1.506952
1776099454.3632197,306.36057305336,IO -> PLC,1.95123
1776099454.4064991,306.40385246276855,PLC -> IO,1.210112
1776099454.4272184,306.4245717525482,IO -> PLC,1.55949
1776099454.4705017,306.46785497665405,PLC -> IO,1.282162
1776099454.491216,306.48856925964355,IO -> PLC,2.68439
1776099454.5345044,306.53185772895813,PLC -> IO,1.421652
1776099454.5552146,306.5525679588318,IO -> PLC,1.90576
1776099454.598507,306.5958602428436,PLC -> IO,1.304892
1776099454.619213,306.61656641960144,IO -> PLC,2.2635
1776099454.6625094,306.6598627567291,PLC -> IO,1.542452
1776099454.6832116,306.6805648803711,IO -> PLC,1.30159
1776099454.7265122,306.7238655090332,PLC -> IO,1.517452
1776099454.7472103,306.7445635795593,IO -> PLC,1.08282
1776099454.7905147,306.7878680229187,PLC -> IO,1.206442
1776099454.811209,306.80856227874756,IO -> PLC,1.07407
1776099454.8545172,306.8518705368042,PLC -> IO,1.239922
1776099454.8752074,306.8725607395172,IO -> PLC,1.61422
1776099454.91852,306.9158732891083,PLC -> IO,1.180032
1776099454.939205,306.93655824661255,IO -> PLC,1.30665
1776099454.9825225,306.9798758029938,PLC -> IO,1.185112
1776099455.0032036,307.0005569458008,IO -> PLC,1.94904
1776099455.046525,307.0438783168793,PLC -> IO,3.425472
1776099455.067202,307.06455540657043,IO -> PLC,5.42844
1776099455.1105275,307.10788083076477,PLC -> IO,1.771222
1776099455.1312008,307.12855410575867,IO -> PLC,1.74128
1776099455.1745303,307.17188358306885,PLC -> IO,1.472362
1776099455.1951993,307.1925525665283,IO -> PLC,1.50116
1776099455.2385328,307.23588609695435,PLC -> IO,1.291842
1776099455.259198,307.25655126571655,IO -> PLC,3.05927
1776099455.3025353,307.29988861083984,PLC -> IO,1.212522
1776099455.3231964,307.3205497264862,IO -> PLC,1.10787
1776099455.366538,307.3638913631439,PLC -> IO,1.199772
1776099455.387194,307.38454723358154,IO -> PLC,4.12325
1776099455.4305406,307.4278938770294,PLC -> IO,1.274852
1776099455.4511926,307.4485459327698,IO -> PLC,1.26356
1776099455.494543,307.4918963909149,PLC -> IO,1.469622
1776099455.515191,307.51254439353943,IO -> PLC,2.0106
1776099455.5585458,307.555899143219,PLC -> IO,1.542222
1776099455.5791898,307.57654309272766,IO -> PLC,1.04028
1776099455.6225483,307.6199016571045,PLC -> IO,1.308742
1776099455.6431882,307.6405415534973,IO -> PLC,1.57635
1776099455.6865509,307.68390417099,PLC -> IO,1.373902
1776099455.707187,307.70454025268555,IO -> PLC,0.66443
1776099455.7505534,307.7479066848755,PLC -> IO,1.297062
1776099455.7711854,307.7685387134552,IO -> PLC,1.7403
1776099455.8145561,307.81190943717957,PLC -> IO,1.233342
1776099455.8351831,307.8325364589691,IO -> PLC,1.32088
1776099455.8785586,307.87591195106506,PLC -> IO,1.433562
1776099455.8991816,307.89653491973877,IO -> PLC,2.63843
1776099455.9425611,307.93991446495056,PLC -> IO,1.446152
1776099455.96318,307.9605333805084,IO -> PLC,1.10688
1776099456.006564,308.00391721725464,PLC -> IO,1.187152
1776099456.0271788,308.02453207969666,IO -> PLC,1.46686
1776099456.0705664,308.06791973114014,PLC -> IO,1.310632
1776099456.0911772,308.0885305404663,IO -> PLC,2.39823
1776099456.134569,308.13192224502563,PLC -> IO,1.310692
1776099456.155176,308.15252923965454,IO -> PLC,1.23742
1776099456.1985717,308.1959249973297,PLC -> IO,1.310732
1776099456.2191744,308.2165277004242,IO -> PLC,1.21139
1776099456.2625742,308.2599275112152,PLC -> IO,1.553352
1776099456.283173,308.2805263996124,IO -> PLC,1.01118
1776099456.3265767,308.3239300251007,PLC -> IO,2.262452
1776099456.3471706,308.34452390670776,IO -> PLC,2.70554
1776099456.3905792,308.3879325389862,PLC -> IO,1.185982
1776099456.411169,308.4085223674774,IO -> PLC,1.90307
1776099456.454582,308.4519352912903,PLC -> IO,1.585632
1776099456.4751678,308.47252106666565,IO -> PLC,1.90864
1776099456.5185845,308.5159378051758,PLC -> IO,1.175752
1776099456.5391665,308.5365197658539,IO -> PLC,2.43974
1776099456.582587,308.5799403190613,PLC -> IO,1.314582
1776099456.603165,308.60051822662354,IO -> PLC,1.29334
1776099456.6465898,308.64394307136536,PLC -> IO,1.304312
1776099456.6671636,308.66451692581177,IO -> PLC,1.45755
1776099456.7105923,308.70794558525085,PLC -> IO,1.620592
1776099456.731162,308.7285153865814,IO -> PLC,1.99682
1776099456.7745948,308.77194809913635,PLC -> IO,1.819202
1776099456.7951596,308.79251289367676,IO -> PLC,1.41557
1776099456.8385975,308.83595085144043,PLC -> IO,1.215782
1776099456.8591583,308.856511592865,IO -> PLC,1.2452
1776099456.9026,308.8999533653259,PLC -> IO,1.373512
1776099456.9231567,308.92051005363464,IO -> PLC,0.66714
1776099456.9666026,308.9639558792114,PLC -> IO,1.213302
1776099456.9871554,308.9845087528229,IO -> PLC,0.98712
1776099457.030605,309.0279583930969,PLC -> IO,1.730652
1776099457.051154,309.04850721359253,IO -> PLC,1.2427
1776099457.0946078,309.091961145401,PLC -> IO,1.642602
1776099457.1151526,309.11250591278076,IO -> PLC,1.1285
1776099457.1586103,309.1559636592865,PLC -> IO,1.520802
1776099457.179151,309.1765043735504,IO -> PLC,3.00703
1776099457.2226129,309.219966173172,PLC -> IO,1.252592
1776099457.2431486,309.24050188064575,IO -> PLC,1.48276
1776099457.2866156,309.2839689254761,PLC -> IO,1.317922
1776099457.3071473,309.304500579834,IO -> PLC,1.25584
1776099457.3506181,309.3479714393616,PLC -> IO,1.233562
1776099457.3711457,309.36849904060364,IO -> PLC,1.24932
1776099457.4146206,309.41197395324707,PLC -> IO,1.219042
1776099457.4351444,309.43249773979187,IO -> PLC,1.20976
1776099457.4786234,309.47597670555115,PLC -> IO,1.533882
1776099457.499143,309.4964962005615,IO -> PLC,1.19101
1776099457.542626,309.53997921943665,PLC -> IO,1.490332
1776099457.5631416,309.56049489974976,IO -> PLC,1.56515
1776099457.6066284,309.60398173332214,PLC -> IO,1.264042
1776099457.62714,309.6244933605194,IO -> PLC,1.53103
1776099457.670631,309.66798424720764,PLC -> IO,1.276492
1776099457.6911387,309.68849205970764,IO -> PLC,2.67121
1776099457.7346337,309.7319869995117,PLC -> IO,1.269642
1776099457.7551363,309.752489566803,IO -> PLC,1.1295
1776099457.7986362,309.7959895133972,PLC -> IO,1.259762
1776099457.8191347,309.81648802757263,IO -> PLC,2.05992
1776099457.8626387,309.8599920272827,PLC -> IO,1.699192
1776099457.8831334,309.88048672676086,IO -> PLC,1.45922
1776099457.9266415,309.9239947795868,PLC -> IO,1.702822
1776099457.9471319,309.9444851875305,IO -> PLC,1.4383
1776099457.990644,309.9879972934723,PLC -> IO,1.185482
1776099458.0111306,310.00848388671875,IO -> PLC,1.24306
1776099458.0546465,310.0519998073578,PLC -> IO,1.200082
1776099458.0751293,310.072482585907,IO -> PLC,1.79353
1776099458.118649,310.1160023212433,PLC -> IO,1.436222
1776099458.1391277,310.13648104667664,IO -> PLC,1.39875
1776099458.1826518,310.18000507354736,PLC -> IO,1.274412
1776099458.2031252,310.200478553772,IO -> PLC,1.18535
1776099458.2466543,310.24400758743286,PLC -> IO,1.236612
1776099458.267124,310.2644772529602,IO -> PLC,1.54021
1776099458.3106568,310.30801010131836,PLC -> IO,1.598822
1776099458.3311224,310.32847571372986,IO -> PLC,3.41058
1776099458.3746595,310.37201285362244,PLC -> IO,1.545912
1776099458.395121,310.3924744129181,IO -> PLC,1.88935
1776099458.438662,310.43601536750793,PLC -> IO,1.178572
1776099458.4591196,310.45647287368774,IO -> PLC,1.72099
1776099458.5026646,310.50001788139343,PLC -> IO,1.215662
1776099458.5231183,310.520471572876,IO -> PLC,1.84936
1776099458.5666673,310.5640206336975,PLC -> IO,1.204652
1776099458.5871167,310.58447003364563,IO -> PLC,1.44131
1776099458.6306698,310.628023147583,PLC -> IO,1.935282
1776099458.6511142,310.64846754074097,IO -> PLC,1.24326
1776099458.6946723,310.6920256614685,PLC -> IO,1.721152
1776099458.715113,310.7124662399292,IO -> PLC,1.60221
1776099458.7586749,310.756028175354,PLC -> IO,1.605752
1776099458.7791114,310.77646470069885,IO -> PLC,1.76426
1776099458.8226776,310.8200309276581,PLC -> IO,1.249212
1776099458.84311,310.8404633998871,IO -> PLC,2.1244
1776099458.8866801,310.8840334415436,PLC -> IO,1.276692
1776099458.9071085,310.90446186065674,IO -> PLC,1.64675
1776099458.9506826,310.9480359554291,PLC -> IO,1.190332
1776099458.9711072,310.96846055984497,IO -> PLC,1.32054
1776099459.0146854,311.01203870773315,PLC -> IO,1.222222
1776099459.0351057,311.0324590206146,IO -> PLC,3.00146
1776099459.078688,311.07604122161865,PLC -> IO,1.347872
1776099459.0991032,311.09645652770996,IO -> PLC,2.9959
1776099459.1426904,311.14004373550415,PLC -> IO,2.321872
1776099459.163102,311.1604552268982,IO -> PLC,1.65997
1776099459.2066932,311.2040464878082,PLC -> IO,1.310832
1776099459.2271004,311.22445368766785,IO -> PLC,1.24583
1776099459.2706957,311.2680490016937,PLC -> IO,1.609842
1776099459.291099,311.2884523868561,IO -> PLC,1.26252
1776099459.3346982,311.3320515155792,PLC -> IO,1.382662
1776099459.3550975,311.35245084762573,IO -> PLC,1.20472
1776099459.3987007,311.3960540294647,PLC -> IO,1.237432
1776099459.4190962,311.41644954681396,IO -> PLC,1.01492
1776099459.4627035,311.4600567817688,PLC -> IO,1.433472
1776099459.4830947,311.4804480075836,IO -> PLC,1.72404
1776099459.526706,311.5240592956543,PLC -> IO,1.546562
1776099459.5470934,311.54444670677185,IO -> PLC,1.34871
1776099459.5907085,311.5880618095398,PLC -> IO,1.180822
1776099459.611091,311.6084442138672,IO -> PLC,2.65897
1776099459.6547112,311.6520645618439,PLC -> IO,1.312402
1776099459.6750894,311.67244267463684,IO -> PLC,2.05643
1776099459.7187138,311.71606707572937,PLC -> IO,1.325562
1776099459.739088,311.7364413738251,IO -> PLC,4.34666
1776099459.7827163,311.78006958961487,PLC -> IO,1.997712
1776099459.8030868,311.8004400730133,IO -> PLC,1.83403
1776099459.846719,311.84407234191895,PLC -> IO,1.603352
1776099459.8670852,311.86443853378296,IO -> PLC,1.24781
1776099459.9107215,311.90807485580444,PLC -> IO,1.670992
1776099459.9310837,311.9284369945526,IO -> PLC,1.41834
1776099459.974724,311.97207736968994,PLC -> IO,1.451582
1776099459.9950824,311.99243569374084,IO -> PLC,1.02261
1776099460.0387266,312.03607988357544,PLC -> IO,1.212412
1776099460.05908,312.0564332008362,IO -> PLC,1.59764
1776099460.1027293,312.1000826358795,PLC -> IO,1.246292
1776099460.1230786,312.1204319000244,IO -> PLC,0.98773
1776099460.1667318,312.164085149765,PLC -> IO,1.307612
1776099460.187077,312.18443036079407,IO -> PLC,1.33635
1776099460.2307343,312.2280876636505,PLC -> IO,1.931602
1776099460.2510757,312.2484290599823,IO -> PLC,1.8817
1776099460.294737,312.2920904159546,PLC -> IO,1.649552
1776099460.3150742,312.31242752075195,IO -> PLC,1.50733
1776099460.3587396,312.3560929298401,PLC -> IO,1.481432
1776099460.3790727,312.3764259815216,IO -> PLC,0.93872
1776099460.4227421,312.4200954437256,PLC -> IO,1.243632
1776099460.4430714,312.44042468070984,IO -> PLC,1.27798
1776099460.4867446,312.4840979576111,PLC -> IO,1.535602
1776099460.5070689,312.5044221878052,IO -> PLC,1.24378
1776099460.5507474,312.54810070991516,PLC -> IO,1.531152
1776099460.5710676,312.5684208869934,IO -> PLC,1.79529
1776099460.61475,312.61210322380066,PLC -> IO,1.212152
1776099460.635066,312.63241934776306,IO -> PLC,1.01642
1776099460.6787524,312.67610573768616,PLC -> IO,1.374512
1776099460.6990647,312.6964180469513,IO -> PLC,1.57705
1776099460.7427552,312.74010848999023,PLC -> IO,1.565362
1776099460.7630632,312.76041650772095,IO -> PLC,1.36245
1776099460.8067577,312.80411100387573,PLC -> IO,1.291392
1776099460.827062,312.8244152069092,IO -> PLC,1.34057
1776099460.8707602,312.86811351776123,PLC -> IO,1.244072
1776099460.8910604,312.88841366767883,IO -> PLC,3.02661
1776099460.934763,312.9321162700653,PLC -> IO,1.262432
1776099460.955059,312.95241236686707,IO -> PLC,1.49626
1776099460.9987655,312.9961187839508,PLC -> IO,1.263352
1776099461.0190566,313.0164098739624,IO -> PLC,2.78397
1776099461.062768,313.0601212978363,PLC -> IO,1.556042
1776099461.083055,313.08040833473206,IO -> PLC,1.06105
1776099461.1267705,313.1241238117218,PLC -> IO,1.670582
1776099461.1470537,313.1444070339203,IO -> PLC,1.80178
1776099461.1907732,313.1881265640259,PLC -> IO,1.144602
1776099461.2110522,313.20840549468994,IO -> PLC,1.59566
1776099461.2547758,313.2521290779114,PLC -> IO,1.332012
1776099461.2750509,313.2724041938782,IO -> PLC,2.15725
1776099461.3187783,313.3161315917969,PLC -> IO,1.304842
1776099461.3390493,313.3364026546478,IO -> PLC,1.18589
1776099461.382781,313.38013434410095,PLC -> IO,2.163552
1776099461.403048,313.40040135383606,IO -> PLC,3.83765
1776099461.4467835,313.44413685798645,PLC -> IO,1.253812
1776099461.4670455,313.4643988609314,IO -> PLC,1.53415
1776099461.510786,313.50813937187195,PLC -> IO,1.626812
1776099461.5310442,313.52839756011963,IO -> PLC,3.03162
1776099461.5747888,313.572142124176,PLC -> IO,1.469812
1776099461.5950427,313.5923960208893,IO -> PLC,1.86082
1776099461.6387913,313.6361446380615,PLC -> IO,1.181522
1776099461.6590412,313.65639448165894,IO -> PLC,2.15119
1776099461.7027938,313.700147151947,PLC -> IO,1.274372
1776099461.7230399,313.72039318084717,IO -> PLC,1.26896
1776099461.7667964,313.7641496658325,PLC -> IO,1.297612
1776099461.7870383,313.7843916416168,IO -> PLC,1.24996
1776099461.830799,313.8281524181366,PLC -> IO,1.788472
1776099461.851037,313.84839034080505,IO -> PLC,1.04048
1776099461.8948016,313.8921549320221,PLC -> IO,1.506652
1776099461.9150345,313.9123878479004,IO -> PLC,1.19462
1776099461.9588041,313.9561574459076,PLC -> IO,1.502302
1776099461.9790332,313.9763865470886,IO -> PLC,1.37235
1776099462.022807,314.02016019821167,PLC -> IO,2.249002
1776099462.0430317,314.0403850078583,IO -> PLC,2.86686
1776099462.0868094,314.08416271209717,PLC -> IO,1.260462
1776099462.1070302,314.10438346862793,IO -> PLC,1.13779
1776099462.150812,314.14816522598267,PLC -> IO,1.178412
1776099462.1710289,314.16838216781616,IO -> PLC,2.0826
1776099462.2148147,314.21216797828674,PLC -> IO,1.139652
1776099462.2350273,314.2323806285858,IO -> PLC,1.27316
1776099462.2788172,314.27617049217224,PLC -> IO,1.580192
1776099462.299026,314.29637932777405,IO -> PLC,2.04252
1776099462.3428197,314.34017300605774,PLC -> IO,1.653602
1776099462.3630235,314.3603768348694,IO -> PLC,1.64471
1776099462.4068222,314.40417551994324,PLC -> IO,1.265392
1776099462.4270222,314.4243755340576,IO -> PLC,2.58536
1776099462.470825,314.4681782722473,PLC -> IO,1.216942
1776099462.4910207,314.48837399482727,IO -> PLC,1.32318
1776099462.5348275,314.5321807861328,PLC -> IO,1.229222
1776099462.5550194,314.5523726940155,IO -> PLC,1.38915
1776099462.59883,314.5961833000183,PLC -> IO,1.178312
1776099462.6190178,314.61637115478516,IO -> PLC,1.19007
1776099462.6628327,314.6601860523224,PLC -> IO,1.859652
1776099462.6830165,314.6803698539734,IO -> PLC,2.09879
1776099462.7268353,314.7241885662079,PLC -> IO,1.561362
1776099462.747015,314.74436831474304,IO -> PLC,1.61202
1776099462.7908378,314.7881910800934,PLC -> IO,1.321082
1776099462.8110137,314.8083670139313,IO -> PLC,3.01141
1776099462.8548405,314.85219383239746,PLC -> IO,1.316712
1776099462.8750112,314.8723645210266,IO -> PLC,2.05645
1776099462.918843,314.91619634628296,PLC -> IO,1.389472
1776099462.9390097,314.93636298179626,IO -> PLC,0.75748
1776099462.9828455,314.98019886016846,PLC -> IO,1.218622
1776099463.0030084,315.0003616809845,IO -> PLC,1.06626
1776099463.046848,315.04420137405396,PLC -> IO,3.610592
1776099463.0670068,315.06436014175415,IO -> PLC,2.4726
1776099463.1108508,315.10820412635803,PLC -> IO,1.666162
1776099463.1310055,315.1283588409424,IO -> PLC,1.60277
1776099463.1748533,315.17220664024353,PLC -> IO,1.401792
1776099463.195004,315.19235730171204,IO -> PLC,1.55305
1776099463.2388558,315.236209154129,PLC -> IO,1.188312
1776099463.2590027,315.25635600090027,IO -> PLC,1.77071
1776099463.3028586,315.3002119064331,PLC -> IO,1.319722
1776099463.3230002,315.3203535079956,IO -> PLC,2.11325
1776099463.366861,315.3642144203186,PLC -> IO,1.332322
1776099463.3869987,315.38435196876526,IO -> PLC,1.91832
1776099463.4308636,315.4282169342041,PLC -> IO,1.638932
1776099463.4509974,315.4483506679535,IO -> PLC,1.12002
1776099463.4948661,315.4922194480896,PLC -> IO,1.686652
1776099463.5149958,315.51234912872314,IO -> PLC,1.65913
1776099463.558869,315.5562222003937,PLC -> IO,1.607652
1776099463.5789945,315.5763478279114,IO -> PLC,3.17212
1776099463.6228714,315.6202247142792,PLC -> IO,1.233842
1776099463.642993,315.64034628868103,IO -> PLC,1.43265
1776099463.686874,315.6842272281647,PLC -> IO,1.174602
1776099463.7069917,315.70434498786926,IO -> PLC,1.22036
1776099463.7508767,315.74822998046875,PLC -> IO,1.162962
1776099463.7709901,315.7683434486389,IO -> PLC,1.22185
1776099463.8148792,315.81223249435425,PLC -> IO,1.323332
1776099463.8349876,315.83234095573425,IO -> PLC,1.00732
1776099463.8788817,315.87623500823975,PLC -> IO,1.510012
1776099463.8989863,315.8963396549225,IO -> PLC,0.84696
1776099463.9428844,315.9402377605438,PLC -> IO,1.557022
1776099463.9629848,315.96033811569214,IO -> PLC,2.10114
1776099464.006887,316.0042402744293,PLC -> IO,1.290102
1776099464.0269835,316.02433681488037,IO -> PLC,1.50236
1776099464.0708895,316.0682427883148,PLC -> IO,1.332612
1776099464.0909822,316.0883355140686,IO -> PLC,2.64157
1776099464.134892,316.1322453022003,PLC -> IO,1.337782
1776099464.1549807,316.15233397483826,IO -> PLC,1.48213
1776099464.1988947,316.1962480545044,PLC -> IO,1.189172
1776099464.2189794,316.2163326740265,IO -> PLC,1.10248
1776099464.2628973,316.2602505683899,PLC -> IO,1.379622
1776099464.2829769,316.2803301811218,IO -> PLC,1.24637
1776099464.3268998,316.3242530822754,PLC -> IO,1.979202
1776099464.3469753,316.3443286418915,IO -> PLC,1.60947
1776099464.3909025,316.38825583457947,PLC -> IO,1.291382
1776099464.410974,316.4083273410797,IO -> PLC,1.2107
1776099464.454905,316.45225834846497,PLC -> IO,1.459902
1776099464.4749725,316.47232580184937,IO -> PLC,2.71041
1776099464.5189075,316.51626086235046,PLC -> IO,1.243382
1776099464.5389712,316.5363245010376,IO -> PLC,1.25871
1776099464.5829103,316.58026361465454,PLC -> IO,1.547592
1776099464.6029696,316.60032296180725,IO -> PLC,1.34012
1776099464.6469128,316.64426612854004,PLC -> IO,1.557162
1776099464.6669683,316.6643216609955,IO -> PLC,1.68682
1776099464.7109153,316.70826864242554,PLC -> IO,1.656712
1776099464.7309659,316.7283191680908,IO -> PLC,2.25673
1776099464.7749178,316.77227115631104,PLC -> IO,1.477082
1776099464.7949643,316.7923176288605,IO -> PLC,1.28737
1776099464.8389206,316.8362739086151,PLC -> IO,1.310232
1776099464.858963,316.8563163280487,IO -> PLC,3.5828
1776099464.902923,316.9002764225006,PLC -> IO,1.353802
1776099464.9229615,316.92031478881836,IO -> PLC,1.23611
1776099464.9669256,316.9642789363861,PLC -> IO,1.316152
1776099464.9869602,316.9843134880066,IO -> PLC,1.04022
1776099465.0309284,317.0282816886902,PLC -> IO,1.796622
1776099465.0509586,317.04831194877625,IO -> PLC,1.68677
1776099465.094931,317.0922842025757,PLC -> IO,1.524492
1776099465.1149573,317.1123106479645,IO -> PLC,0.53957
1776099465.1589334,317.1562867164612,PLC -> IO,1.457012
1776099465.1789548,317.1763081550598,IO -> PLC,1.35709
1776099465.222936,317.2202892303467,PLC -> IO,1.258652
1776099465.2429533,317.24030661582947,IO -> PLC,2.28533
1776099465.2869387,317.28429198265076,PLC -> IO,1.277172
1776099465.306952,317.3043053150177,IO -> PLC,1.30373
1776099465.3509412,317.34829449653625,PLC -> IO,1.430582
1776099465.3709505,317.36830377578735,IO -> PLC,2.2403
1776099465.4149437,317.41229701042175,PLC -> IO,1.318382
1776099465.4349492,317.4323024749756,IO -> PLC,1.45447
1776099465.4789464,317.47629976272583,PLC -> IO,1.538032
1776099465.4989476,317.49630093574524,IO -> PLC,2.59977
1776099465.542949,317.5403022766113,PLC -> IO,1.563442
1776099465.5629463,317.5602996349335,IO -> PLC,1.42568
1776099465.6069515,317.6043047904968,PLC -> IO,1.244112
1776099465.6269448,317.6242980957031,IO -> PLC,1.98528
1776099465.6709542,317.6683075428009,PLC -> IO,1.225042
1776099465.6909423,317.68829560279846,IO -> PLC,2.72831
1776099465.7349567,317.7323100566864,PLC -> IO,1.195322
1776099465.754941,317.7522943019867,IO -> PLC,0.98996
1776099465.7989593,317.7963125705719,PLC -> IO,1.166722
1776099465.8189397,317.8162930011749,IO -> PLC,0.82872
1776099465.8629618,317.8603150844574,PLC -> IO,1.795352
1776099465.8829381,317.8802914619446,IO -> PLC,1.00029
1776099465.9269645,317.9243178367615,PLC -> IO,1.807552
1776099465.9469368,317.9442901611328,IO -> PLC,1.1337
1776099465.990967,317.988320350647,PLC -> IO,1.299662
1776099466.0109353,318.00828862190247,IO -> PLC,3.18752
1776099466.0549695,318.05232286453247,PLC -> IO,1.223862
1776099466.0749338,318.0722870826721,IO -> PLC,2.42313
1776099466.1189723,318.11632561683655,PLC -> IO,1.235022
1776099466.1389315,318.13628482818604,IO -> PLC,0.91214
1776099466.1829748,318.18032813072205,PLC -> IO,1.252822
1776099466.20293,318.2002832889557,IO -> PLC,1.24036
1776099466.2469773,318.24433064460754,PLC -> IO,1.204772
1776099466.2669287,318.2642819881439,IO -> PLC,1.32505
1776099466.31098,318.3083333969116,PLC -> IO,1.646192
1776099466.3309271,318.3282804489136,IO -> PLC,3.29263
1776099466.3749826,318.3723359107971,PLC -> IO,1.430382
1776099466.3949256,318.3922789096832,IO -> PLC,1.16922
1776099466.438985,318.4363384246826,PLC -> IO,1.325952
1776099466.4589243,318.45627760887146,IO -> PLC,2.17939
1776099466.5029876,318.5003409385681,PLC -> IO,1.457192
1776099466.5229228,318.5202760696411,IO -> PLC,1.33316
1776099466.5669904,318.5643436908722,PLC -> IO,1.378362
1776099466.5869205,318.58427381515503,IO -> PLC,1.51169
1776099466.630993,318.6283462047577,PLC -> IO,1.629362
1776099466.650919,318.6482722759247,IO -> PLC,2.4329
1776099466.6949954,318.6923487186432,PLC -> IO,1.485482
1776099466.7149177,318.7122709751129,IO -> PLC,1.46874
1776099466.7589982,318.75635147094727,PLC -> IO,1.459602
1776099466.7789161,318.77626943588257,IO -> PLC,1.30333
1776099466.8230007,318.82035398483276,PLC -> IO,1.117632
1776099466.8429148,318.8402681350708,IO -> PLC,2.18062
1776099466.8870032,318.88435649871826,PLC -> IO,1.169992
1776099466.9069133,318.90426659584045,IO -> PLC,1.03205
1776099466.951006,318.94835925102234,PLC -> IO,1.309722
1776099466.970912,318.9682652950287,IO -> PLC,1.20043
1776099467.0150084,319.01236176490784,PLC -> IO,1.289202
1776099467.0349104,319.03226375579834,IO -> PLC,3.49282
1776099467.079011,319.07636427879333,PLC -> IO,1.545732
1776099467.098908,319.0962612628937,IO -> PLC,1.35205
1776099467.1430135,319.14036679267883,PLC -> IO,1.672102
1776099467.1629066,319.1602599620819,IO -> PLC,0.66758
1776099467.2070162,319.2043695449829,PLC -> IO,1.214682
1776099467.226905,319.22425842285156,IO -> PLC,1.5119
1776099467.2710187,319.2683720588684,PLC -> IO,1.446252
1776099467.2909038,319.2882571220398,IO -> PLC,3.94238
1776099467.3350213,319.3323745727539,PLC -> IO,1.176592
1776099467.3549023,319.35225558280945,IO -> PLC,1.27006
1776099467.399024,319.396377325058,PLC -> IO,1.170712
1776099467.418901,319.4162542819977,IO -> PLC,2.39808
1776099467.4630265,319.4603798389435,PLC -> IO,1.526922
1776099467.4828994,319.48025274276733,IO -> PLC,2.56645
1776099467.527029,319.524382352829,PLC -> IO,1.588892
1776099467.5468972,319.54425048828125,IO -> PLC,1.19987
1776099467.5910316,319.5883848667145,PLC -> IO,1.699972
1776099467.6108956,319.6082489490509,IO -> PLC,1.07463
1776099467.6550343,319.65238761901855,PLC -> IO,1.250002
1776099467.674894,319.67224740982056,IO -> PLC,2.51483
1776099467.7190368,319.71639013290405,PLC -> IO,1.408042
1776099467.7388928,319.7362461090088,IO -> PLC,1.53227
1776099467.7830393,319.78039264678955,PLC -> IO,1.165052
1776099467.8028913,319.80024456977844,IO -> PLC,1.3055
1776099467.847042,319.8443953990936,PLC -> IO,1.253662
1776099467.86689,319.8642432689667,IO -> PLC,1.31099
1776099467.9110446,319.9083979129791,PLC -> IO,1.484262
1776099467.9308884,319.9282417297363,IO -> PLC,2.22211
1776099467.975047,319.9724004268646,PLC -> IO,1.559352
1776099467.9948862,319.99223947525024,IO -> PLC,1.45748
1776099468.0390499,320.0364031791687,PLC -> IO,1.326822
1776099468.0588846,320.0562379360199,IO -> PLC,0.84246
1776099468.1030524,320.1004056930542,PLC -> IO,1.295512
1776099468.122883,320.12023639678955,IO -> PLC,1.61318
1776099468.167055,320.1644082069397,PLC -> IO,1.242422
1776099468.1868818,320.1842350959778,IO -> PLC,1.38329
1776099468.2310574,320.2284107208252,PLC -> IO,1.613762
1776099468.2508802,320.24823355674744,IO -> PLC,1.3819
1776099468.2950602,320.2924134731293,PLC -> IO,1.723792
1776099468.314879,320.31223225593567,IO -> PLC,1.36779
1776099468.3590627,320.35641598701477,PLC -> IO,1.563592
1776099468.3788776,320.3762309551239,IO -> PLC,1.34583
1776099468.4230652,320.42041850090027,PLC -> IO,1.181622
1776099468.4428751,320.44022846221924,IO -> PLC,1.49188
1776099468.487068,320.48442125320435,PLC -> IO,1.351752
1776099468.5068736,320.5042269229889,IO -> PLC,1.29368
1776099468.5510705,320.54842376708984,PLC -> IO,1.293622
1776099468.5708723,320.5682256221771,IO -> PLC,2.22904
1776099468.615073,320.61242628097534,PLC -> IO,1.289832
1776099468.6348708,320.6322240829468,IO -> PLC,1.25064
1776099468.6790755,320.67642879486084,PLC -> IO,1.480362
1776099468.6988695,320.696222782135,IO -> PLC,3.31862
1776099468.7430782,320.7404315471649,PLC -> IO,1.501352
1776099468.762868,320.76022124290466,IO -> PLC,1.79644
1776099468.8070807,320.8044340610504,PLC -> IO,1.202272
1776099468.8268666,320.8242199420929,IO -> PLC,1.40374
1776099468.8710833,320.8684365749359,PLC -> IO,1.349832
1776099468.890865,320.88821840286255,IO -> PLC,1.36019
1776099468.935086,320.93243932724,PLC -> IO,1.288512
1776099468.9548626,320.9522159099579,IO -> PLC,1.17022
1776099468.9990885,320.9964418411255,PLC -> IO,1.310792
1776099469.0188613,321.0162146091461,IO -> PLC,1.32444
1776099469.063091,321.060444355011,PLC -> IO,1.548042
1776099469.0828598,321.08021306991577,IO -> PLC,1.31465
1776099469.1270938,321.12444710731506,PLC -> IO,1.570232
1776099469.1468585,321.144211769104,IO -> PLC,1.49158
1776099469.1910963,321.18844962120056,PLC -> IO,1.228432
1776099469.210857,321.20821022987366,IO -> PLC,0.94704
1776099469.2550988,321.25245213508606,PLC -> IO,1.260942
1776099469.2748556,321.2722089290619,IO -> PLC,2.58204
1776099469.3191013,321.31645464897156,PLC -> IO,1.198512
1776099469.338854,321.33620738983154,IO -> PLC,3.52044
1776099469.383104,321.38045740127563,PLC -> IO,2.110902
1776099469.4028516,321.4002048969269,IO -> PLC,5.65402
1776099469.4471066,321.44445991516113,PLC -> IO,1.231072
1776099469.4668503,321.4642035961151,IO -> PLC,1.18067
1776099469.511109,321.50846242904663,PLC -> IO,1.731612
1776099469.5308487,321.52820205688477,IO -> PLC,1.54881
1776099469.5751119,321.5724651813507,PLC -> IO,1.682842
1776099469.5948474,321.592200756073,IO -> PLC,1.54093
1776099469.6391144,321.6364676952362,PLC -> IO,1.255192
1776099469.658846,321.65619921684265,IO -> PLC,1.24673
1776099469.703117,321.7004702091217,PLC -> IO,1.276822
1776099469.7228446,321.7201979160309,IO -> PLC,1.86968
1776099469.7671196,321.7644729614258,PLC -> IO,1.206072
1776099469.786843,321.78419637680054,IO -> PLC,2.03214
1776099469.8311222,321.8284754753113,PLC -> IO,1.744282
1776099469.8508406,321.8481938838959,IO -> PLC,1.64968
1776099469.8951247,321.8924779891968,PLC -> IO,1.444232
1776099469.9148393,321.9121925830841,IO -> PLC,1.25275
1776099469.9591272,321.9564805030823,PLC -> IO,1.442672
1776099469.9788377,321.97619104385376,IO -> PLC,3.21736
1776099470.02313,322.02048325538635,PLC -> IO,1.466402
1776099470.0428364,322.040189743042,IO -> PLC,1.59477
1776099470.0871325,322.08448576927185,PLC -> IO,1.433872
1776099470.1068351,322.1041884422302,IO -> PLC,1.20512
1776099470.151135,322.14848828315735,PLC -> IO,1.451842
1776099470.1708336,322.1681869029999,IO -> PLC,1.34805
1776099470.2151377,322.2124910354614,PLC -> IO,1.254032
1776099470.2348323,322.2321856021881,IO -> PLC,1.16097
1776099470.2791402,322.2764935493469,PLC -> IO,1.509272
1776099470.2988307,322.29618406295776,IO -> PLC,1.90713
1776099470.3431427,322.3404960632324,PLC -> IO,1.484832
1776099470.3628283,322.3601815700531,IO -> PLC,2.24351
1776099470.4071455,322.4044988155365,PLC -> IO,2.847632
1776099470.426827,322.42418026924133,IO -> PLC,4.90656
1776099470.471148,322.468501329422,PLC -> IO,1.175462
1776099470.4908254,322.488178730011,IO -> PLC,0.56617
1776099470.5351505,322.5325038433075,PLC -> IO,1.312382
1776099470.554824,322.5521774291992,IO -> PLC,0.57509
1776099470.599153,322.596506357193,PLC -> IO,1.862362
1776099470.6188226,322.6161758899689,IO -> PLC,0.88979
1776099470.6631558,322.66050910949707,PLC -> IO,1.946082
1776099470.6828213,322.6801745891571,IO -> PLC,2.53807
1776099470.7271583,322.72451162338257,PLC -> IO,2.040052
1776099470.7468197,322.74417304992676,IO -> PLC,1.37926
1776099470.7911608,322.78851413726807,PLC -> IO,1.231662
1776099470.8108172,322.8081705570221,IO -> PLC,1.74124
1776099470.8551636,322.85251688957214,PLC -> IO,1.241952
1776099470.874816,322.8721692562103,IO -> PLC,1.5104
1776099470.919166,322.91651940345764,PLC -> IO,1.223042
1776099470.9388144,322.93616771698,IO -> PLC,1.32452
1776099470.9831686,322.98052191734314,PLC -> IO,1.347792
1776099471.002813,323.0001664161682,IO -> PLC,1.13047
1776099471.047171,323.04452443122864,PLC -> IO,3.683202
1776099471.0668116,323.06416487693787,IO -> PLC,1.31021
1776099471.1111739,323.1085271835327,PLC -> IO,1.736132
1776099471.1308103,323.1281635761261,IO -> PLC,3.15289
1776099471.1751764,323.1725296974182,PLC -> IO,1.566172
1776099471.1948087,323.19216203689575,IO -> PLC,1.63783
1776099471.239179,323.2365322113037,PLC -> IO,1.288112
1776099471.2588062,323.2561595439911,IO -> PLC,3.8891
1776099471.3031816,323.3005349636078,PLC -> IO,1.389122
1776099471.322805,323.3201582431793,IO -> PLC,1.75864
1776099471.3671842,323.3645374774933,PLC -> IO,1.369312
1776099471.3868034,323.384156703949,IO -> PLC,0.90209
1776099471.4311867,323.4285399913788,PLC -> IO,1.590812
1776099471.450802,323.4481554031372,IO -> PLC,1.15846
1776099471.4951894,323.49254274368286,PLC -> IO,1.465722
1776099471.5148005,323.51215386390686,IO -> PLC,1.33125
1776099471.559192,323.55654525756836,PLC -> IO,1.605052
1776099471.5787992,323.5761525630951,IO -> PLC,1.5333
1776099471.6231945,323.62054777145386,PLC -> IO,1.326612
1776099471.6427977,323.64015102386475,IO -> PLC,2.26618
1776099471.687197,323.68455028533936,PLC -> IO,1.262162
1776099471.7067964,323.704149723053,IO -> PLC,1.27426
1776099471.7511997,323.74855303764343,PLC -> IO,1.241482
1776099471.770794,323.7681472301483,IO -> PLC,2.00489
1776099471.8152022,323.81255555152893,PLC -> IO,1.237512
1776099471.8347926,323.83214592933655,IO -> PLC,1.6234
1776099471.8792048,323.87655806541443,PLC -> IO,1.492212
1776099471.898791,323.8961443901062,IO -> PLC,0.6278
1776099471.9432075,323.9405608177185,PLC -> IO,1.639692
1776099471.9627898,323.96014308929443,IO -> PLC,1.387
1776099472.00721,324.004563331604,PLC -> IO,1.197642
1776099472.0267882,324.0241415500641,IO -> PLC,2.1422
1776099472.0712125,324.0685658454895,PLC -> IO,1.327042
1776099472.0907867,324.08814001083374,IO -> PLC,1.73622
1776099472.1352153,324.1325685977936,PLC -> IO,1.327412
1776099472.1547854,324.152138710022,IO -> PLC,1.34442
1776099472.1992178,324.1965711116791,PLC -> IO,1.298242
1776099472.218783,324.2161362171173,IO -> PLC,1.32758
1776099472.2632203,324.2605736255646,PLC -> IO,1.487972
1776099472.2827816,324.28013491630554,IO -> PLC,1.68764
1776099472.3272228,324.3245761394501,PLC -> IO,1.891792
1776099472.34678,324.3441333770752,IO -> PLC,2.99775
1776099472.3912256,324.38857889175415,PLC -> IO,1.256202
1776099472.4107785,324.40813183784485,IO -> PLC,2.96155
1776099472.455228,324.45258140563965,PLC -> IO,1.226812
1776099472.4747772,324.4721305370331,IO -> PLC,1.21999
1776099472.5192306,324.51658391952515,PLC -> IO,1.286042
1776099472.5387757,324.53612899780273,IO -> PLC,3.31173
1776099472.5832334,324.5805866718292,PLC -> IO,1.131842
1776099472.6027744,324.60012769699097,IO -> PLC,0.85543
1776099472.6472359,324.6445891857147,PLC -> IO,1.342442
1776099472.666772,324.6641252040863,IO -> PLC,1.9404
1776099472.7112384,324.7085916996002,PLC -> IO,1.625942
1776099472.7307706,324.72812390327454,IO -> PLC,1.73924
1776099472.7752411,324.7725944519043,PLC -> IO,1.571572
1776099472.794769,324.7921223640442,IO -> PLC,1.33015
1776099472.8392437,324.8365969657898,PLC -> IO,1.220092
1776099472.8587677,324.8561210632324,IO -> PLC,2.49393
1776099472.9032462,324.9005994796753,PLC -> IO,1.227642
1776099472.9227662,324.9201195240021,IO -> PLC,1.10279
1776099472.9672487,324.9646019935608,PLC -> IO,1.156572
1776099472.986765,324.9841182231903,IO -> PLC,1.27116
1776099473.0312514,325.02860474586487,PLC -> IO,1.641512
1776099473.0507634,325.04811668395996,IO -> PLC,1.98548
1776099473.095254,325.09260725975037,PLC -> IO,1.487942
1776099473.1147609,325.1121141910553,IO -> PLC,1.23653
1776099473.1592565,325.15660977363586,PLC -> IO,1.658792
1776099473.1787596,325.17611289024353,IO -> PLC,1.0792
1776099473.2232592,325.22061252593994,PLC -> IO,1.293062
1776099473.242758,325.2401113510132,IO -> PLC,1.76808
1776099473.2872617,325.28461503982544,PLC -> IO,1.279422
1776099473.3067567,325.3041100502014,IO -> PLC,1.16105
1776099473.3512642,325.34861755371094,PLC -> IO,1.265382
1776099473.3707552,325.36810851097107,IO -> PLC,1.9277
1776099473.4152668,325.41262006759644,PLC -> IO,1.206622
1776099473.434754,325.4321072101593,IO -> PLC,1.32916
1776099473.4792695,325.4766228199005,PLC -> IO,1.450352
1776099473.4987524,325.49610567092896,IO -> PLC,2.05668
1776099473.543272,325.540625333786,PLC -> IO,1.400152
1776099473.562751,325.5601043701172,IO -> PLC,1.47966
1776099473.6072745,325.6046278476715,PLC -> IO,1.172422
1776099473.6267486,325.6241018772125,IO -> PLC,1.83868
1776099473.6712773,325.6686305999756,PLC -> IO,1.282782
1776099473.690747,325.6881003379822,IO -> PLC,2.00593
1776099473.7352798,325.7326331138611,PLC -> IO,1.450592
1776099473.7547457,325.7520990371704,IO -> PLC,1.61547
1776099473.7992823,325.7966356277466,PLC -> IO,1.281182
1776099473.8187442,325.81609749794006,IO -> PLC,0.67588
1776099473.863285,325.86063838005066,PLC -> IO,1.731552
1776099473.882743,325.8800961971283,IO -> PLC,2.15215
1776099473.9272876,325.92464089393616,PLC -> IO,1.534152
1776099473.9467413,325.94409465789795,IO -> PLC,1.36711
1776099473.99129,325.98864340782166,PLC -> IO,1.210502
1776099474.01074,326.0080933570862,IO -> PLC,1.16476
1776099474.0552926,326.05264592170715,PLC -> IO,1.180062
1776099474.0747375,326.0720908641815,IO -> PLC,1.32001
1776099474.1192954,326.11664867401123,PLC -> IO,1.193622
1776099474.138736,326.1360893249512,IO -> PLC,2.25018
1776099474.1832979,326.18065118789673,PLC -> IO,1.317842
1776099474.2027347,326.2000880241394,IO -> PLC,1.29338
1776099474.2473004,326.2446537017822,PLC -> IO,1.313712
1776099474.2667332,326.26408648490906,IO -> PLC,1.27334
1776099474.3113031,326.3086564540863,PLC -> IO,1.767692
1776099474.3307319,326.3280851840973,IO -> PLC,1.705
1776099474.3753057,326.3726589679718,PLC -> IO,1.703252
1776099474.3947306,326.3920838832855,IO -> PLC,1.98714
1776099474.4393082,326.4366614818573,PLC -> IO,1.242482
1776099474.458729,326.4560823440552,IO -> PLC,0.67681
1776099474.5033107,326.5006639957428,PLC -> IO,1.237322
1776099474.5227265,326.5200798511505,IO -> PLC,1.38808
1776099474.5673134,326.5646667480469,PLC -> IO,1.213932
1776099474.5867252,326.58407855033875,IO -> PLC,0.65538
1776099474.631316,326.6286692619324,PLC -> IO,1.654542
1776099474.6507237,326.6480770111084,IO -> PLC,1.3389
1776099474.6953185,326.69267177581787,PLC -> IO,1.549622
1776099474.7147224,326.71207571029663,IO -> PLC,1.13045
1776099474.7593212,326.75667452812195,PLC -> IO,1.581022
1776099474.7787209,326.7760741710663,IO -> PLC,1.2989
1776099474.8233237,326.82067704200745,PLC -> IO,1.354742
1776099474.8427196,326.8400728702545,IO -> PLC,1.67033
1776099474.8873262,326.88467955589294,PLC -> IO,1.344862
1776099474.906718,326.90407133102417,IO -> PLC,2.40592
1776099474.951329,326.948682308197,PLC -> IO,1.333852
1776099474.9707167,326.9680700302124,IO -> PLC,2.38085
1776099475.0153315,327.0126848220825,PLC -> IO,1.240622
1776099475.0347142,327.03206753730774,IO -> PLC,6.92598
1776099475.079334,327.076687335968,PLC -> IO,1.460972
1776099475.0987127,327.0960659980774,IO -> PLC,1.6313
1776099475.1433365,327.1406898498535,PLC -> IO,1.381812
1776099475.1627114,327.1600646972656,IO -> PLC,1.94009
1776099475.2073393,327.2046926021576,PLC -> IO,1.318962
1776099475.2267098,327.2240631580353,IO -> PLC,2.5048
1776099475.2713418,327.2686951160431,PLC -> IO,1.322372
1776099475.2907085,327.2880618572235,IO -> PLC,1.34711
1776099475.3353443,327.3326976299286,PLC -> IO,1.227202
1776099475.354707,327.35206031799316,IO -> PLC,1.12738
1776099475.399347,327.39670038223267,PLC -> IO,1.402052
1776099475.4187057,327.4160590171814,IO -> PLC,1.87754
1776099475.4633496,327.46070289611816,PLC -> IO,1.508272
1776099475.4827032,327.48005652427673,IO -> PLC,1.65086
1776099475.527352,327.52470541000366,PLC -> IO,1.776152
1776099475.5467017,327.5440549850464,IO -> PLC,2.77767
1776099475.5913548,327.58870816230774,PLC -> IO,1.170822
1776099475.6107004,327.6080536842346,IO -> PLC,1.6763
1776099475.6553574,327.65271067619324,PLC -> IO,1.192222
1776099475.6746988,327.6720521450043,IO -> PLC,3.88885
1776099475.7193599,327.71671319007874,PLC -> IO,1.302992
1776099475.7386975,327.7360508441925,IO -> PLC,3.28608
1776099475.7833624,327.78071570396423,PLC -> IO,1.281742
1776099475.802696,327.80004930496216,IO -> PLC,1.5674
1776099475.8473651,327.8447184562683,PLC -> IO,1.365312
1776099475.8666947,327.8640480041504,IO -> PLC,5.13553
1776099475.9113677,327.9087209701538,PLC -> IO,1.653112
1776099475.9306922,327.9280455112457,IO -> PLC,3.06036
1776099475.9753702,327.9727234840393,PLC -> IO,1.502512
1776099475.9946907,327.9920439720154,IO -> PLC,1.30664
1776099476.039373,328.0367262363434,PLC -> IO,1.249262
1776099476.0586894,328.0560426712036,IO -> PLC,2.61795
1776099476.1033754,328.1007287502289,PLC -> IO,1.323072
1776099476.122688,328.12004137039185,IO -> PLC,1.45922
1776099476.167378,328.1647312641144,PLC -> IO,1.280242
1776099476.1866865,328.1840398311615,IO -> PLC,1.24589
1776099476.2313805,328.2287337779999,PLC -> IO,7.989632
1776099476.2506852,328.24803853034973,IO -> PLC,0.58087
1776099476.2953832,328.29273653030396,PLC -> IO,2.130432
1776099476.3146837,328.3120369911194,IO -> PLC,2.35388
1776099476.3593857,328.35673904418945,PLC -> IO,1.571012
1776099476.3786812,328.3760344982147,IO -> PLC,0.8665
1776099476.4233882,328.42074155807495,PLC -> IO,1.296172
1776099476.44268,328.44003319740295,IO -> PLC,2.70294
1776099476.487391,328.484744310379,PLC -> IO,1.456772
1776099476.5066783,328.5040316581726,IO -> PLC,1.36109
1776099476.5513935,328.5487468242645,PLC -> IO,1.247932
1776099476.570677,328.56803035736084,IO -> PLC,1.14336
1776099476.615396,328.61274933815,PLC -> IO,2.180572
1776099476.6346755,328.6320288181305,IO -> PLC,1.13156
1776099476.6793988,328.6767520904541,PLC -> IO,1.427302
1776099476.698674,328.69602727890015,IO -> PLC,2.61384
1776099476.7434013,328.7407546043396,PLC -> IO,1.706152
1776099476.7626727,328.7600259780884,IO -> PLC,1.45215
1776099476.8074038,328.8047571182251,PLC -> IO,1.298972
1776099476.8266711,328.82402443885803,IO -> PLC,2.01583
1776099476.8714063,328.8687596321106,PLC -> IO,1.219742
1776099476.8906689,328.88802218437195,IO -> PLC,3.69699
1776099476.935409,328.9327623844147,PLC -> IO,1.415072
1776099476.9546673,328.9520206451416,IO -> PLC,4.23697
1776099476.9994116,328.99676489830017,PLC -> IO,1.251672
1776099477.018666,329.01601934432983,IO -> PLC,1.06416
1776099477.063414,329.06076741218567,PLC -> IO,1.488352
1776099477.0826645,329.0800178050995,IO -> PLC,1.74959
1776099477.1274168,329.12477016448975,PLC -> IO,1.526242
1776099477.1466632,329.1440165042877,IO -> PLC,0.68015
1776099477.1914194,329.18877267837524,PLC -> IO,1.240602
1776099477.2106616,329.2080149650574,IO -> PLC,1.14861
1776099477.2554219,329.25277519226074,PLC -> IO,1.318882
1776099477.2746603,329.2720136642456,IO -> PLC,1.47867
1776099477.3194244,329.31677770614624,PLC -> IO,1.493732
1776099477.3386579,329.33601117134094,IO -> PLC,2.0445
1776099477.3834271,329.3807804584503,PLC -> IO,2.616682
1776099477.4026563,329.4000096321106,IO -> PLC,0.60841
1776099477.4474297,329.4447829723358,PLC -> IO,1.285162
1776099477.466655,329.4640083312988,IO -> PLC,2.38149
1776099477.5114322,329.5087854862213,PLC -> IO,1.718972
1776099477.5306535,329.5280067920685,IO -> PLC,2.75587
1776099477.575435,329.5727882385254,PLC -> IO,1.438212
1776099477.5946522,329.5920054912567,IO -> PLC,1.77739
1776099477.6394374,329.6367907524109,PLC -> IO,1.229202
1776099477.6586506,329.65600395202637,IO -> PLC,1.67343
1776099477.70344,329.7007932662964,PLC -> IO,1.150052
1776099477.7226493,329.7200026512146,IO -> PLC,1.36978
1776099477.7674427,329.76479601860046,PLC -> IO,1.290092
1776099477.7866478,329.78400111198425,IO -> PLC,1.35383
1776099477.8314452,329.82879853248596,PLC -> IO,1.715592
1776099477.8506455,329.84799885749817,IO -> PLC,1.33387
1776099477.8954477,329.89280104637146,PLC -> IO,1.607792
1776099477.914644,329.9119973182678,IO -> PLC,1.29959
1776099477.9594502,329.95680356025696,PLC -> IO,1.656792
1776099477.9786425,329.9759957790375,IO -> PLC,1.67182
1776099478.023453,330.02080631256104,PLC -> IO,1.264262
1776099478.0426412,330.0399944782257,IO -> PLC,2.01236
1776099478.0874555,330.08480882644653,PLC -> IO,1.228212
1776099478.1066396,330.10399293899536,IO -> PLC,1.43118
1776099478.151458,330.14881134033203,PLC -> IO,1.259212
1776099478.1706383,330.1679916381836,IO -> PLC,1.8014
1776099478.2154608,330.2128140926361,PLC -> IO,1.184842
1776099478.2346368,330.23199009895325,IO -> PLC,1.2131
1776099478.2794633,330.2768166065216,PLC -> IO,1.428422
1776099478.2986345,330.29598784446716,IO -> PLC,3.46964
1776099478.3434658,330.3408191204071,PLC -> IO,1.589182
1776099478.362633,330.3599863052368,IO -> PLC,0.84957
1776099478.4074686,330.4048218727112,PLC -> IO,1.573222
1776099478.4266315,330.42398476600647,IO -> PLC,2.08919
1776099478.471471,330.4688243865967,PLC -> IO,1.227412
1776099478.4906301,330.4879834651947,IO -> PLC,1.12303
1776099478.5354736,330.5328269004822,PLC -> IO,1.398412
1776099478.5546286,330.55198192596436,IO -> PLC,1.29253
1776099478.599476,330.5968294143677,PLC -> IO,1.208532
1776099478.6186273,330.6159806251526,IO -> PLC,1.28482
1776099478.6634789,330.66083216667175,PLC -> IO,1.656982
1776099478.682626,330.6799793243408,IO -> PLC,0.70563
1776099478.7274814,330.72483468055725,PLC -> IO,1.515662
1776099478.7466235,330.74397683143616,IO -> PLC,1.80805
1776099478.7914839,330.78883719444275,PLC -> IO,1.168812
1776099478.810622,330.8079752922058,IO -> PLC,1.08574
1776099478.8554866,330.8528399467468,PLC -> IO,1.309412
1776099478.8746207,330.87197399139404,IO -> PLC,1.21611
1776099478.9194891,330.9168424606323,PLC -> IO,1.262422
1776099478.9386191,330.9359724521637,IO -> PLC,0.93614
1776099478.9834917,330.9808449745178,PLC -> IO,1.235662
1776099479.0026178,330.99997115135193,IO -> PLC,2.68562
1776099479.0474942,331.0448474884033,PLC -> IO,3.789792
1776099479.0666163,331.0639696121216,IO -> PLC,1.12056
1776099479.111497,331.1088502407074,PLC -> IO,1.738392
1776099479.130615,331.1279683113098,IO -> PLC,2.2649
1776099479.1754994,331.1728527545929,PLC -> IO,1.615882
1776099479.1946125,331.19196581840515,IO -> PLC,1.30274
1776099479.239502,331.2368552684784,PLC -> IO,1.153972
1776099479.258611,331.2559642791748,IO -> PLC,2.59764
1776099479.3035047,331.30085802078247,PLC -> IO,1.332592
1776099479.3226097,331.31996297836304,IO -> PLC,1.62932
1776099479.3675072,331.36486053466797,PLC -> IO,1.294782
1776099479.3866081,331.3839614391327,IO -> PLC,1.42808
1776099479.4315097,331.42886304855347,PLC -> IO,1.784112
1776099479.4506068,331.4479601383209,IO -> PLC,2.73938
1776099479.4955125,331.49286580085754,PLC -> IO,1.525432
1776099479.5146053,331.5119585990906,IO -> PLC,2.33333
1776099479.559515,331.55686831474304,PLC -> IO,1.465462
1776099479.578604,331.5759572982788,IO -> PLC,1.04371
1776099479.6235175,331.62087082862854,PLC -> IO,1.239422
1776099479.6426024,331.63995575904846,IO -> PLC,1.93404
1776099479.68752,331.68487334251404,PLC -> IO,1.209702
1776099479.7066,331.7039532661438,IO -> PLC,1.1419
1776099479.7515228,331.7488760948181,PLC -> IO,1.273272
1776099479.7705986,331.76795196533203,IO -> PLC,1.31563
1776099479.8155253,331.8128786087036,PLC -> IO,1.159862
1776099479.834597,331.8319504261017,IO -> PLC,1.46856
1776099479.8795278,331.8768811225891,PLC -> IO,1.500472
1776099479.8985958,331.8959491252899,IO -> PLC,1.47228
1776099479.9435306,331.9408838748932,PLC -> IO,1.498682
1776099479.9625943,331.95994758605957,IO -> PLC,1.8261
1776099480.007533,332.0048863887787,PLC -> IO,1.259112
1776099480.026593,332.0239462852478,IO -> PLC,3.52542
1776099480.0715356,332.0688889026642,PLC -> IO,1.204032
1776099480.0905914,332.08794474601746,IO -> PLC,0.6955
1776099480.1355383,332.13289165496826,PLC -> IO,1.314962
1776099480.154589,332.1519422531128,IO -> PLC,1.48558
1776099480.1995409,332.19689416885376,PLC -> IO,1.216282
1776099480.2185876,332.215940952301,IO -> PLC,1.02208
1776099480.2635434,332.26089668273926,PLC -> IO,1.391992
1776099480.282586,332.2799394130707,IO -> PLC,1.35055
1776099480.327546,332.32489919662476,PLC -> IO,2.006702
1776099480.3465848,332.3439381122589,IO -> PLC,2.83986
1776099480.3915486,332.38890194892883,PLC -> IO,1.422242
1776099480.4105835,332.40793681144714,IO -> PLC,1.30432
1776099480.4555511,332.45290446281433,PLC -> IO,1.293952
1776099480.474582,332.4719352722168,IO -> PLC,1.30396
1776099480.5195537,332.51690697669983,PLC -> IO,1.299912
1776099480.5385804,332.53593373298645,IO -> PLC,1.2664
1776099480.5835564,332.5809097290039,PLC -> IO,1.228672
1776099480.6025782,332.59993147850037,IO -> PLC,1.44198
1776099480.647559,332.6449122428894,PLC -> IO,1.306402
1776099480.6665766,332.66392993927,IO -> PLC,2.75136
1776099480.7115614,332.7089147567749,PLC -> IO,1.591722
1776099480.7305753,332.72792863845825,IO -> PLC,4.23667
1776099480.775564,332.7729172706604,PLC -> IO,1.399682
1776099480.7945738,332.7919270992279,IO -> PLC,1.3985
1776099480.8395667,332.8369200229645,PLC -> IO,1.113852
1776099480.8585725,332.85592579841614,IO -> PLC,1.0079
1776099480.9035692,332.90092253685,PLC -> IO,1.427432
1776099480.922571,332.9199242591858,IO -> PLC,1.17123
1776099480.9675717,332.9649250507355,PLC -> IO,1.397872
1776099480.9865694,332.98392271995544,IO -> PLC,1.31712
1776099481.0315745,333.02892780303955,PLC -> IO,1.751032
1776099481.050568,333.0479214191437,IO -> PLC,1.97936
1776099481.095577,333.09293031692505,PLC -> IO,1.496032
1776099481.1145656,333.111918926239,IO -> PLC,1.29441
1776099481.1595795,333.15693283081055,PLC -> IO,1.426542
1776099481.1785643,333.17591762542725,IO -> PLC,1.26957
1776099481.2235823,333.2209355831146,PLC -> IO,1.225302
1776099481.2425628,333.2399160861969,IO -> PLC,2.18654
1776099481.2875848,333.2849380970001,PLC -> IO,1.179412
1776099481.3065615,333.30391478538513,IO -> PLC,2.5546
1776099481.3515873,333.3489406108856,PLC -> IO,1.325382
1776099481.37056,333.3679132461548,IO -> PLC,1.97247
1776099481.4155898,333.4129431247711,PLC -> IO,1.727452
1776099481.4345586,333.431911945343,IO -> PLC,1.19279
1776099481.4795926,333.4769458770752,PLC -> IO,1.514202
1776099481.498557,333.49591040611267,IO -> PLC,0.62105
1776099481.543595,333.5409483909607,PLC -> IO,1.633842
1776099481.5625546,333.559907913208,IO -> PLC,2.49422
1776099481.6075976,333.6049509048462,PLC -> IO,1.235872
1776099481.6265533,333.62390661239624,IO -> PLC,3.60984
1776099481.6716003,333.66895365715027,PLC -> IO,1.213032
1776099481.6905518,333.6879050731659,IO -> PLC,1.12721
1776099481.7356029,333.73295617103577,PLC -> IO,1.290832
1776099481.7545505,333.7519037723541,IO -> PLC,1.64895
1776099481.7996054,333.79695868492126,PLC -> IO,1.230002
1776099481.818549,333.8159022331238,IO -> PLC,1.24818
1776099481.863608,333.86096119880676,PLC -> IO,1.642052
1776099481.8825476,333.879900932312,IO -> PLC,1.43999
1776099481.9276106,333.92496395111084,PLC -> IO,1.626412
1776099481.946546,333.94389939308167,IO -> PLC,2.18176
1776099481.9916131,333.98896646499634,PLC -> IO,1.329972
1776099482.0105436,334.007896900177,IO -> PLC,2.90232
1776099482.0556157,334.05296897888184,PLC -> IO,1.271282
1776099482.0745423,334.07189559936523,IO -> PLC,1.17836
1776099482.1196184,334.1169717311859,PLC -> IO,1.360052
1776099482.138541,334.13589429855347,IO -> PLC,1.58651
1776099482.183621,334.1809742450714,PLC -> IO,1.359452
1776099482.2025394,334.1998927593231,IO -> PLC,1.7272
1776099482.2476234,334.2449767589569,PLC -> IO,1.247582
1776099482.266538,334.2638912200928,IO -> PLC,1.49019
1776099482.3116262,334.308979511261,PLC -> IO,1.441392
1776099482.3305366,334.327889919281,IO -> PLC,3.94634
1776099482.3756287,334.3729820251465,PLC -> IO,1.166372
1776099482.394535,334.39188838005066,IO -> PLC,1.47596
1776099482.4396312,334.436984539032,PLC -> IO,1.283782
1776099482.4585338,334.4558870792389,IO -> PLC,0.90485
1776099482.5036337,334.5009870529175,PLC -> IO,1.300222
1776099482.5225313,334.51988458633423,IO -> PLC,2.20409
1776099482.5676365,334.56498980522156,PLC -> IO,1.254832
1776099482.5865297,334.5838830471039,IO -> PLC,2.73295
1776099482.631639,334.62899231910706,PLC -> IO,1.718552
1776099482.6505284,334.6478817462921,IO -> PLC,1.59375
1776099482.6956415,334.69299483299255,PLC -> IO,1.523232
1776099482.714527,334.71188020706177,IO -> PLC,1.38026
1776099482.7596443,334.75699758529663,PLC -> IO,1.603932
1776099482.7785256,334.77587890625,IO -> PLC,0.86852
1776099482.8236468,334.82100009918213,PLC -> IO,1.190832
1776099482.842524,334.83987736701965,IO -> PLC,2.47176
1776099482.8876493,334.8850026130676,PLC -> IO,1.178232
1776099482.9065228,334.9038760662079,IO -> PLC,1.12654
1776099482.951652,334.9490053653717,PLC -> IO,1.379632
1776099482.9705203,334.9678735733032,IO -> PLC,1.30235
1776099483.0156546,335.0130078792572,PLC -> IO,1.315032
1776099483.0345187,335.0318720340729,IO -> PLC,1.27529
1776099483.079657,335.0770103931427,PLC -> IO,1.593152
1776099483.0985174,335.0958707332611,IO -> PLC,1.44158
1776099483.1436596,335.1410129070282,PLC -> IO,1.535352
1776099483.162516,335.15986943244934,IO -> PLC,2.95457
1776099483.2076623,335.2050156593323,PLC -> IO,1.218032
1776099483.2265146,335.223867893219,IO -> PLC,2.35515
1776099483.2716649,335.2690181732178,PLC -> IO,1.189102
1776099483.2905133,335.2878665924072,IO -> PLC,2.34943
1776099483.3356674,335.33302068710327,PLC -> IO,1.323002
1776099483.3545117,335.3518650531769,IO -> PLC,1.17534
1776099483.3996701,335.39702343940735,PLC -> IO,1.162312
1776099483.4185092,335.4158625602722,IO -> PLC,1.57428
1776099483.4636726,335.46102595329285,PLC -> IO,1.547172
1776099483.482508,335.47986125946045,IO -> PLC,1.90346
1776099483.5276752,335.52502846717834,PLC -> IO,1.648412
1776099483.5465064,335.5438597202301,IO -> PLC,1.70118
1776099483.5916777,335.58903098106384,PLC -> IO,1.288912
1776099483.610505,335.60785841941833,IO -> PLC,3.00729
1776099483.6556804,335.6530337333679,PLC -> IO,1.227192
1776099483.6745036,335.671856880188,IO -> PLC,1.64799
1776099483.719683,335.7170362472534,PLC -> IO,1.253882
1776099483.7385023,335.7358555793762,IO -> PLC,1.82244
1776099483.7836854,335.7810387611389,PLC -> IO,1.193202
1776099483.8025007,335.7998540401459,IO -> PLC,1.40927
1776099483.8476882,335.845041513443,PLC -> IO,1.290032
1776099483.8664982,335.8638515472412,IO -> PLC,1.78565
1776099483.9116907,335.9090440273285,PLC -> IO,1.647212
1776099483.930497,335.92785024642944,IO -> PLC,2.46332
1776099483.9756932,335.973046541214,PLC -> IO,1.688452
1776099483.9944954,335.9918487071991,IO -> PLC,1.16611
1776099484.039696,336.03704929351807,PLC -> IO,1.297682
1776099484.058494,336.05584740638733,IO -> PLC,1.71562
1776099484.1036985,336.10105180740356,PLC -> IO,1.294272
1776099484.1224926,336.119845867157,IO -> PLC,1.32901
1776099484.167701,336.16505432128906,PLC -> IO,1.283122
1776099484.1864913,336.1838445663452,IO -> PLC,1.48506
1776099484.2317035,336.22905683517456,PLC -> IO,1.779272
1776099484.2504897,336.24784302711487,IO -> PLC,1.8584
1776099484.2957063,336.29305958747864,PLC -> IO,1.592102
1776099484.3144884,336.3118417263031,IO -> PLC,1.64276
1776099484.3597088,336.35706210136414,PLC -> IO,1.465902
1776099484.378486,336.37583923339844,IO -> PLC,1.65264
1776099484.4237113,336.42106461524963,PLC -> IO,1.895632
1776099484.4424844,336.4398376941681,IO -> PLC,3.50149
1776099484.487714,336.4850673675537,PLC -> IO,1.206692
1776099484.506483,336.5038363933563,IO -> PLC,1.22047
1776099484.5517166,336.5490698814392,PLC -> IO,1.449542
1776099484.5704815,336.567834854126,IO -> PLC,2.14776
1776099484.615719,336.6130723953247,PLC -> IO,1.345892
1776099484.6344802,336.6318335533142,IO -> PLC,1.36378
1776099484.6797216,336.6770749092102,PLC -> IO,1.535462
1776099484.698479,336.69583225250244,IO -> PLC,1.18309
1776099484.7437243,336.7410776615143,PLC -> IO,1.539972
1776099484.7624774,336.7598307132721,IO -> PLC,0.81504
1776099484.8077269,336.8050801753998,PLC -> IO,1.219362
1776099484.826475,336.82382822036743,IO -> PLC,2.64036
1776099484.8717294,336.8690826892853,PLC -> IO,1.225002
1776099484.8904736,336.88782691955566,IO -> PLC,1.29523
1776099484.9357321,336.93308544158936,PLC -> IO,1.261202
1776099484.954472,336.9518253803253,IO -> PLC,1.36127
1776099484.9997346,336.99708795547485,PLC -> IO,1.380382
1776099485.0184708,337.01582407951355,IO -> PLC,1.06482
1776099485.0637372,337.06109046936035,PLC -> IO,1.567062
1776099485.0824692,337.0798225402832,IO -> PLC,1.03247
1776099485.12774,337.12509322166443,PLC -> IO,1.765192
1776099485.1464677,337.14382100105286,IO -> PLC,1.97
1776099485.1917424,337.1890957355499,PLC -> IO,1.424092
1776099485.2104664,337.2078197002411,IO -> PLC,1.04681
1776099485.255745,337.2530982494354,PLC -> IO,1.245412
1776099485.274464,337.2718172073364,IO -> PLC,1.16717
1776099485.3197474,337.3171007633209,PLC -> IO,1.224322
1776099485.3384626,337.33581590652466,IO -> PLC,1.75452
1776099485.3837502,337.381103515625,PLC -> IO,2.465782
1776099485.402461,337.3998143672943,IO -> PLC,0.85605
1776099485.4477527,337.4451060295105,PLC -> IO,1.256502
1776099485.4664598,337.46381306648254,IO -> PLC,1.47908
1776099485.5117552,337.509108543396,PLC -> IO,1.403182
1776099485.5304582,337.5278115272522,IO -> PLC,2.79958
1776099485.575758,337.5731112957001,PLC -> IO,1.581072
1776099485.5944567,337.59180998802185,IO -> PLC,1.44637
1776099485.6397605,337.63711380958557,PLC -> IO,1.309102
1776099485.6584554,337.6558086872101,IO -> PLC,1.23385
1776099485.703763,337.70111632347107,PLC -> IO,1.355952
1776099485.722454,337.7198073863983,IO -> PLC,1.41958
1776099485.7677658,337.76511907577515,PLC -> IO,1.473442
1776099485.7864516,337.78380489349365,IO -> PLC,1.38947
1776099485.8317683,337.82912158966064,PLC -> IO,1.668772
1776099485.85045,337.8478033542633,IO -> PLC,2.5214
1776099485.8957708,337.89312410354614,PLC -> IO,1.487942
1776099485.9144487,337.91180205345154,IO -> PLC,1.34027
1776099485.9597733,337.95712661743164,PLC -> IO,1.343402
1776099485.9784472,337.9758005142212,IO -> PLC,1.19839
1776099486.023776,338.0211293697357,PLC -> IO,1.114962
1776099486.042446,338.0397992134094,IO -> PLC,3.203
1776099486.0877786,338.0851318836212,PLC -> IO,1.338682
1776099486.1064444,338.1037976741791,IO -> PLC,1.29992
1776099486.151781,338.1491343975067,PLC -> IO,1.306492
1776099486.170443,338.1677963733673,IO -> PLC,1.46518
1776099486.2157838,338.2131371498108,PLC -> IO,1.314292
1776099486.2344406,338.23179388046265,IO -> PLC,1.44338
1776099486.2797863,338.2771396636963,PLC -> IO,1.536582
1776099486.298439,338.2957923412323,IO -> PLC,2.76373
1776099486.3437889,338.3411421775818,PLC -> IO,1.602152
1776099486.3624377,338.35979104042053,IO -> PLC,1.98598
1776099486.4077914,338.4051446914673,PLC -> IO,1.201052
1776099486.4264362,338.4237895011902,IO -> PLC,2.71445
1776099486.4717941,338.46914744377136,PLC -> IO,1.181812
1776099486.490435,338.4877882003784,IO -> PLC,2.3136
1776099486.5357966,338.53314995765686,PLC -> IO,1.261932
1776099486.5544333,338.55178666114807,IO -> PLC,1.15079
1776099486.5997992,338.59715247154236,PLC -> IO,1.308542
1776099486.618432,338.6157853603363,IO -> PLC,1.1934
1776099486.663802,338.66115522384644,PLC -> IO,1.581152
1776099486.6824296,338.67978286743164,IO -> PLC,1.31384
1776099486.7278044,338.72515773773193,PLC -> IO,1.629752
1776099486.7464283,338.7437815666199,IO -> PLC,2.09049
1776099486.791807,338.78916025161743,PLC -> IO,1.204752
1776099486.8104267,338.8077800273895,IO -> PLC,1.28922
1776099486.8558097,338.8531630039215,PLC -> IO,1.269272
1776099486.8744252,338.8717784881592,IO -> PLC,1.25678
1776099486.9198122,338.917165517807,PLC -> IO,1.277872
1776099486.9384239,338.9357771873474,IO -> PLC,1.05162
1776099486.9838147,338.9811680316925,PLC -> IO,1.288152
1776099487.0024223,338.99977564811707,IO -> PLC,2.41412
1776099487.0478172,339.045170545578,PLC -> IO,3.798932
1776099487.066421,339.0637743473053,IO -> PLC,5.21949
1776099487.11182,339.1091732978821,PLC -> IO,1.766502
1776099487.1304195,339.12777280807495,IO -> PLC,4.01564
1776099487.1758225,339.1731758117676,PLC -> IO,1.547012
1776099487.1944172,339.19177055358887,IO -> PLC,1.35158
1776099487.239825,339.2371783256531,PLC -> IO,1.245772
1776099487.2584157,339.2557690143585,IO -> PLC,1.3265
1776099487.3038278,339.30118107795715,PLC -> IO,1.329412
1776099487.3224142,339.3197674751282,IO -> PLC,1.3055
1776099487.3678303,339.36518359184265,PLC -> IO,1.230092
1776099487.3864129,339.3837661743164,IO -> PLC,1.63892
1776099487.4318328,339.42918610572815,PLC -> IO,2.091512
1776099487.4504116,339.44776487350464,IO -> PLC,1.46632
1776099487.4958353,339.49318861961365,PLC -> IO,1.420092
1776099487.51441,339.5117633342743,IO -> PLC,1.429
1776099487.559838,339.5571913719177,PLC -> IO,1.491902
1776099487.5784087,339.5757620334625,IO -> PLC,1.42832
1776099487.6238406,339.6211938858032,PLC -> IO,1.288172
1776099487.6424062,339.63975954055786,IO -> PLC,3.69199
1776099487.687843,339.6851963996887,PLC -> IO,1.312862
1776099487.7064047,339.7037580013275,IO -> PLC,1.37833
1776099487.7518458,339.7491991519928,PLC -> IO,1.269142
1776099487.7704034,339.76775670051575,IO -> PLC,2.31058
1776099487.8158484,339.8132016658783,PLC -> IO,1.216702
1776099487.8344018,339.8317551612854,IO -> PLC,1.72948
1776099487.8798509,339.8772041797638,PLC -> IO,1.457792
1776099487.8984005,339.89575386047363,IO -> PLC,1.32863
1776099487.9438536,339.94120693206787,PLC -> IO,1.469362
1776099487.962399,339.9597523212433,IO -> PLC,3.01051
1776099488.0078561,340.00520944595337,PLC -> IO,1.212122
1776099488.0263977,340.0237510204315,IO -> PLC,4.14052
1776099488.0718586,340.06921195983887,PLC -> IO,1.133832
1776099488.0903952,340.08774852752686,IO -> PLC,1.82478
1776099488.1358612,340.13321447372437,PLC -> IO,1.477332
1776099488.1543937,340.1517469882965,IO -> PLC,1.07255
1776099488.199864,340.19721722602844,PLC -> IO,1.420802
1776099488.2183924,340.21574568748474,IO -> PLC,1.61574
1776099488.2638664,340.26121973991394,PLC -> IO,1.539102
1776099488.2823908,340.2797441482544,IO -> PLC,2.15606
1776099488.327869,340.32522225379944,PLC -> IO,2.080922
1776099488.3463895,340.3437428474426,IO -> PLC,2.19954
1776099488.3918717,340.3892250061035,PLC -> IO,1.234922
1776099488.410388,340.4077413082123,IO -> PLC,1.01121
1776099488.4558742,340.453227519989,PLC -> IO,1.201932
1776099488.4743867,340.4717400074005,IO -> PLC,1.32695
1776099488.5198767,340.5172300338745,PLC -> IO,1.231172
1776099488.5383842,340.53573751449585,IO -> PLC,1.87662
1776099488.5838792,340.58123254776,PLC -> IO,1.170812
1776099488.6023827,340.5997359752655,IO -> PLC,1.30256
1776099488.647882,340.6452353000641,PLC -> IO,1.407022
1776099488.6663814,340.66373467445374,IO -> PLC,1.67062
1776099488.7118845,340.7092378139496,PLC -> IO,1.854762
1776099488.7303798,340.7277331352234,IO -> PLC,2.39813
1776099488.775887,340.7732403278351,PLC -> IO,1.583682
1776099488.7943785,340.7917318344116,IO -> PLC,1.80992
1776099488.8398898,340.83724308013916,PLC -> IO,1.262182
1776099488.858377,340.8557302951813,IO -> PLC,1.41931
1776099488.9038923,340.90124559402466,PLC -> IO,1.238072
1776099488.9223757,340.9197289943695,IO -> PLC,0.83501
1776099488.9678948,340.96524810791016,PLC -> IO,1.199232
1776099488.9863741,340.98372745513916,IO -> PLC,1.00754
1776099489.0318975,341.02925086021423,PLC -> IO,1.415282
1776099489.0503716,341.0477249622345,IO -> PLC,3.53753
1776099489.0959,341.09325337409973,PLC -> IO,1.494282
1776099489.1143703,341.11172366142273,IO -> PLC,1.72438
1776099489.1599026,341.15725588798523,PLC -> IO,1.501132
1776099489.178369,341.17572236061096,IO -> PLC,1.15143
1776099489.223905,341.2212584018707,PLC -> IO,1.437812
1776099489.2423675,341.2397208213806,IO -> PLC,1.41406
1776099489.2879078,341.2852611541748,PLC -> IO,1.293682
1776099489.3063662,341.30371952056885,IO -> PLC,1.45571
1776099489.3519104,341.3492636680603,PLC -> IO,1.430452
1776099489.3703647,341.3677179813385,IO -> PLC,1.26878
1776099489.4159129,341.4132661819458,PLC -> IO,1.284952
1776099489.4343631,341.43171644210815,IO -> PLC,1.0573
1776099489.4799156,341.4772689342499,PLC -> IO,1.460292
1776099489.4983609,341.49571418762207,IO -> PLC,1.59944
1776099489.5439181,341.5412714481354,PLC -> IO,1.408812
1776099489.5623593,341.5597126483917,IO -> PLC,1.9575
1776099489.6079206,341.6052739620209,PLC -> IO,1.186282
1776099489.626358,341.62371134757996,IO -> PLC,2.51821
1776099489.6719232,341.6692764759064,PLC -> IO,1.314892
1776099489.6903565,341.6877098083496,IO -> PLC,2.87691
1776099489.735926,341.73327922821045,PLC -> IO,1.504062
1776099489.754355,341.75170826911926,IO -> PLC,2.11157
1776099489.7999284,341.79728174209595,PLC -> IO,1.290572
1776099489.8183537,341.8157069683075,IO -> PLC,1.13405
1776099489.863931,341.86128425598145,PLC -> IO,1.727672
1776099489.882352,341.87970542907715,IO -> PLC,1.6702
1776099489.9279337,341.9252870082855,PLC -> IO,1.693632
1776099489.9463499,341.94370317459106,IO -> PLC,1.45783
1776099489.9919362,341.989289522171,PLC -> IO,1.341592
1776099490.0103483,342.0077016353607,IO -> PLC,1.65789
1776099490.0559387,342.0532920360565,PLC -> IO,1.167862
1776099490.074347,342.07170033454895,IO -> PLC,1.06038
1776099490.1199415,342.1172947883606,PLC -> IO,1.146632
1776099490.1383455,342.1356987953186,IO -> PLC,1.98159
1776099490.183944,342.1812973022461,PLC -> IO,1.112112
1776099490.2023442,342.19969749450684,IO -> PLC,1.01527
1776099490.2479465,342.2452998161316,PLC -> IO,1.416482
1776099490.2663426,342.2636959552765,IO -> PLC,1.20117
1776099490.311949,342.3093023300171,PLC -> IO,1.620702
1776099490.3303413,342.3276946544647,IO -> PLC,3.55484
1776099490.3759518,342.37330508232117,PLC -> IO,1.241602
1776099490.3943398,342.3916931152344,IO -> PLC,1.1387
1776099490.4399543,342.43730759620667,PLC -> IO,1.287002
1776099490.4583373,342.4556906223297,IO -> PLC,1.31539
1776099490.5039568,342.50131011009216,PLC -> IO,1.256012
1776099490.522336,342.51968932151794,IO -> PLC,1.46136
1776099490.5679595,342.56531286239624,PLC -> IO,1.299812
1776099490.5863345,342.5836877822876,IO -> PLC,1.46492
1776099490.631962,342.62931537628174,PLC -> IO,1.589052
1776099490.6503332,342.64768648147583,IO -> PLC,1.4408
1776099490.6959646,342.69331789016724,PLC -> IO,1.385492
1776099490.7143316,342.7116849422455,IO -> PLC,1.04291
1776099490.7599673,342.7573206424713,PLC -> IO,1.587302
1776099490.7783303,342.7756836414337,IO -> PLC,1.20433
1776099490.8239698,342.8213231563568,PLC -> IO,1.286132
1776099490.8423288,342.83968210220337,IO -> PLC,0.82172
1776099490.8879724,342.8853256702423,PLC -> IO,1.261532
1776099490.9063265,342.9036798477173,IO -> PLC,1.54323
1776099490.9519749,342.9493281841278,PLC -> IO,1.222282
1776099490.970325,342.96767830848694,IO -> PLC,3.23951
1776099491.0159776,343.0133309364319,PLC -> IO,11.706212
1776099491.0343235,343.0316767692566,IO -> PLC,3.49709
1776099491.0799801,343.0773334503174,PLC -> IO,3.244282
1776099491.0983222,343.0956754684448,IO -> PLC,5.07472
1776099491.1439826,343.1413359642029,PLC -> IO,1.575622
1776099491.1623206,343.1596739292145,IO -> PLC,2.23344
1776099491.2079854,343.20533871650696,PLC -> IO,1.289982
1776099491.2263193,343.2236726284027,IO -> PLC,3.16889
1776099491.271988,343.26934123039246,PLC -> IO,1.339862
1776099491.2903178,343.28767108917236,IO -> PLC,3.01277
1776099491.3359904,343.33334374427795,PLC -> IO,1.395192
1776099491.3543155,343.3516688346863,IO -> PLC,1.24898
1776099491.399993,343.39734625816345,PLC -> IO,1.445782
1776099491.418314,343.41566729545593,IO -> PLC,1.19806
1776099491.4639957,343.46134901046753,PLC -> IO,1.509752
1776099491.4823124,343.4796657562256,IO -> PLC,2.71417
1776099491.5279982,343.525351524353,PLC -> IO,1.603172
1776099491.5463111,343.5436644554138,IO -> PLC,2.70149
1776099491.5920007,343.5893540382385,PLC -> IO,1.281672
1776099491.6103096,343.6076629161835,IO -> PLC,3.61742
1776099491.6560035,343.6533567905426,PLC -> IO,1.179322
1776099491.6743083,343.6716616153717,IO -> PLC,1.33232
1776099491.720006,343.7173593044281,PLC -> IO,1.235122
1776099491.738307,343.73566031455994,IO -> PLC,0.97339
1776099491.7840085,343.7813618183136,PLC -> IO,1.453812
1776099491.8023045,343.7996578216553,IO -> PLC,0.62062
1776099491.8480113,343.8453645706177,PLC -> IO,1.325692
1776099491.866303,343.8636562824249,IO -> PLC,1.84088
1776099491.9120138,343.9093670845032,PLC -> IO,1.604302
1776099491.9303017,343.92765498161316,IO -> PLC,3.53188
1776099491.9760163,343.9733695983887,PLC -> IO,1.264652
1776099491.9943001,343.9916534423828,IO -> PLC,1.60104
1776099492.0400188,344.03737211227417,PLC -> IO,1.193412
1776099492.0582988,344.05565214157104,IO -> PLC,1.39995
1776099492.1040215,344.10137486457825,PLC -> IO,1.265052
1776099492.1222973,344.1196506023407,IO -> PLC,1.76793
1776099492.168024,344.16537737846375,PLC -> IO,1.173082
1776099492.186296,344.18364930152893,IO -> PLC,1.34972
1776099492.2320266,344.22937989234924,PLC -> IO,1.612502
1776099492.2502944,344.2476477622986,IO -> PLC,2.4899
1776099492.2960293,344.2933826446533,PLC -> IO,1.641672
1776099492.314292,344.3116452693939,IO -> PLC,1.11837
1776099492.3600318,344.3573851585388,PLC -> IO,1.686192
1776099492.3782907,344.37564396858215,IO -> PLC,1.11153
1776099492.4240344,344.4213876724243,PLC -> IO,1.270702
1776099492.442289,344.4396424293518,IO -> PLC,3.37103
1776099492.4880369,344.4853901863098,PLC -> IO,1.280972
1776099492.5062878,344.50364112854004,IO -> PLC,1.2633
1776099492.5520396,344.5493929386139,PLC -> IO,1.215822
1776099492.5702863,344.5676395893097,IO -> PLC,1.43359
1776099492.6160421,344.6133954524994,PLC -> IO,1.516832
1776099492.634285,344.6316382884979,IO -> PLC,1.23755
1776099492.6800447,344.6773979663849,PLC -> IO,1.425182
1776099492.6982834,344.6956367492676,IO -> PLC,1.26671
1776099492.7440474,344.74140071868896,PLC -> IO,1.359862
1776099492.762281,344.7596342563629,IO -> PLC,3.28366
1776099492.80805,344.80540323257446,PLC -> IO,1.294852
1776099492.8262796,344.82363295555115,IO -> PLC,3.82893
1776099492.8720524,344.86940574645996,PLC -> IO,1.297462
1776099492.890278,344.8876314163208,IO -> PLC,2.85981
1776099492.9360552,344.93340849876404,PLC -> IO,1.395192
1776099492.9542768,344.95163011550903,IO -> PLC,1.12953
1776099493.0000577,344.99741101264954,PLC -> IO,1.461222
1776099493.0182753,345.0156285762787,IO -> PLC,2.06306
1776099493.0640602,345.06141352653503,PLC -> IO,1.484142
1776099493.082274,345.0796272754669,IO -> PLC,1.83917
1776099493.1280627,345.12541604042053,PLC -> IO,1.669392
1776099493.1462724,345.1436257362366,IO -> PLC,0.96326
1776099493.1920655,345.1894187927246,PLC -> IO,1.182142
1776099493.21027,345.2076232433319,IO -> PLC,1.6323
1776099493.256068,345.2534213066101,PLC -> IO,1.162652
1776099493.2742686,345.27162194252014,IO -> PLC,1.22633
1776099493.3200705,345.3174238204956,PLC -> IO,1.289812
1776099493.338267,345.3356204032898,IO -> PLC,2.89812
1776099493.3840733,345.3814265727997,PLC -> IO,2.569182
1776099493.4022658,345.399619102478,IO -> PLC,1.10769
1776099493.4480758,345.4454290866852,PLC -> IO,1.359012
1776099493.4662645,345.46361780166626,IO -> PLC,1.15517
1776099493.5120783,345.5094316005707,PLC -> IO,1.479622
1776099493.530263,345.5276162624359,IO -> PLC,1.20898
1776099493.5760808,345.5734341144562,PLC -> IO,1.307332
1776099493.5942614,345.59161472320557,IO -> PLC,1.32007
1776099493.6400836,345.63743686676025,PLC -> IO,1.228332
1776099493.65826,345.6556134223938,IO -> PLC,1.29811
1776099493.704086,345.70143938064575,PLC -> IO,1.226932
1776099493.7222576,345.71961092948914,IO -> PLC,2.40765
1776099493.7680886,345.76544189453125,PLC -> IO,1.145442
1776099493.7862563,345.78360962867737,IO -> PLC,1.25597
1776099493.8320913,345.8294446468353,PLC -> IO,1.490692
1776099493.8502548,345.847608089447,IO -> PLC,1.61419
1776099493.8960938,345.8934471607208,PLC -> IO,1.543042
1776099493.9142535,345.91160678863525,IO -> PLC,1.79872
1776099493.9600964,345.9574496746063,PLC -> IO,1.492692
1776099493.978252,345.9756052494049,IO -> PLC,1.39994
1776099494.024099,346.0214524269104,PLC -> IO,1.232242
1776099494.0422504,346.03960371017456,IO -> PLC,1.17302
1776099494.0881016,346.0854549407959,PLC -> IO,1.262282
1776099494.106249,346.1036024093628,IO -> PLC,1.15226
1776099494.1521041,346.1494574546814,PLC -> IO,1.349212
1776099494.1702466,346.16759991645813,IO -> PLC,2.6671
1776099494.2161067,346.2134599685669,PLC -> IO,1.205562
1776099494.2342453,346.23159861564636,IO -> PLC,1.88447
1776099494.2801094,346.277462720871,PLC -> IO,1.468252
1776099494.2982438,346.295597076416,IO -> PLC,1.48034
1776099494.344112,346.34146523475647,PLC -> IO,1.515972
1776099494.3622422,346.35959553718567,IO -> PLC,1.28637
1776099494.4081144,346.40546774864197,PLC -> IO,1.259612
1776099494.426241,346.4235942363739,IO -> PLC,2.96609
1776099494.4721172,346.46947050094604,PLC -> IO,1.261102
1776099494.4902396,346.48759293556213,IO -> PLC,1.60279
1776099494.5361197,346.53347301483154,PLC -> IO,1.336332
1776099494.554238,346.5515913963318,IO -> PLC,2.35391
1776099494.6001222,346.59747552871704,PLC -> IO,1.253342
1776099494.6182356,346.6155889034271,IO -> PLC,1.00869
1776099494.664125,346.6614782810211,PLC -> IO,1.506262
1776099494.6822343,346.67958760261536,IO -> PLC,1.18339
1776099494.7281275,346.7254807949066,PLC -> IO,1.653512
1776099494.7462327,346.743586063385,IO -> PLC,2.29725
1776099494.79213,346.7894833087921,PLC -> IO,1.275382
1776099494.8102314,346.80758476257324,IO -> PLC,2.82204
1776099494.8561325,346.8534858226776,PLC -> IO,1.271982
1776099494.87423,346.8715832233429,IO -> PLC,1.31489
1776099494.9201353,346.9174885749817,PLC -> IO,1.297952
1776099494.9382286,346.9355819225311,IO -> PLC,1.4619
1776099494.9841378,346.9814910888672,PLC -> IO,1.232782
1776099495.002227,346.9995803833008,IO -> PLC,1.46851
1776099495.0481403,347.0454936027527,PLC -> IO,3.302662
1776099495.0662246,347.0635778903961,IO -> PLC,1.55407
1776099495.112143,347.10949635505676,PLC -> IO,1.708332
1776099495.1302233,347.12757658958435,IO -> PLC,3.51765
1776099495.1761456,347.17349886894226,PLC -> IO,1.216432
1776099495.1942217,347.191575050354,IO -> PLC,1.40152
1776099495.240148,347.23750138282776,PLC -> IO,1.802572
1776099495.2582204,347.25557374954224,IO -> PLC,0.66689
1776099495.3041506,347.30150389671326,PLC -> IO,1.164822
1776099495.322219,347.3195722103119,IO -> PLC,1.74355
1776099495.3681533,347.36550664901733,PLC -> IO,1.447442
1776099495.3862176,347.3835709095001,IO -> PLC,0.62706
1776099495.4321558,347.42950916290283,PLC -> IO,1.448212
1776099495.450216,347.4475693702698,IO -> PLC,2.84336
1776099495.4961584,347.49351167678833,PLC -> IO,1.531212
1776099495.5142148,347.511568069458,IO -> PLC,1.49519
1776099495.560161,347.5575144290924,PLC -> IO,1.549732
1776099495.5782123,347.57556557655334,IO -> PLC,1.28074
1776099495.6241636,347.6215169429779,PLC -> IO,1.226082
1776099495.6422107,347.639564037323,IO -> PLC,1.28327
1776099495.6881661,347.6855194568634,PLC -> IO,1.274932
1776099495.7062094,347.70356273651123,IO -> PLC,1.06355
1776099495.752169,347.7495222091675,PLC -> IO,1.188572
1776099495.770208,347.7675611972809,IO -> PLC,1.2444
1776099495.8161714,347.813524723053,PLC -> IO,1.162612
1776099495.8342066,347.8315598964691,IO -> PLC,0.69402
1776099495.880174,347.8775272369385,PLC -> IO,1.533632
1776099495.898205,347.89555835723877,IO -> PLC,1.55562
1776099495.9441764,347.941529750824,PLC -> IO,1.653032
1776099495.9622037,347.959557056427,IO -> PLC,3.07477
1776099496.0081792,348.00553250312805,PLC -> IO,1.435232
1776099496.0262012,348.02355456352234,IO -> PLC,3.41531
1776099496.0721817,348.06953501701355,PLC -> IO,1.291582
1776099496.0901997,348.087553024292,IO -> PLC,3.21104
1776099496.1361842,348.13353753089905,PLC -> IO,1.309792
1776099496.1541984,348.1515517234802,IO -> PLC,1.30483
1776099496.200187,348.1975402832031,PLC -> IO,1.247112
1776099496.218197,348.21555042266846,IO -> PLC,1.67185
1776099496.2641895,348.2615427970886,PLC -> IO,1.468192
1776099496.2821956,348.2795488834381,IO -> PLC,1.82198
1776099496.328192,348.3255453109741,PLC -> IO,1.851612
1776099496.3461943,348.34354758262634,IO -> PLC,4.09885
1776099496.3921945,348.3895478248596,PLC -> IO,1.145302
1776099496.4101927,348.407546043396,IO -> PLC,1.98272
1776099496.4561973,348.4535505771637,PLC -> IO,1.327112
1776099496.4741902,348.47154355049133,IO -> PLC,1.21113
1776099496.5201998,348.5175530910492,PLC -> IO,1.297242
1776099496.538189,348.53554224967957,IO -> PLC,1.35791
1776099496.5842023,348.5815556049347,PLC -> IO,1.504642
1776099496.6021874,348.5995407104492,IO -> PLC,1.02586
1776099496.648205,348.64555835723877,PLC -> IO,1.366362
1776099496.666186,348.66353940963745,IO -> PLC,2.09739
1776099496.7122076,348.70956087112427,PLC -> IO,1.443602
1776099496.7301846,348.7275378704071,IO -> PLC,2.8381
1776099496.77621,348.77356338500977,PLC -> IO,1.231712
1776099496.7941833,348.79153656959534,IO -> PLC,2.6207
1776099496.8402126,348.83756589889526,PLC -> IO,1.197042
1776099496.8581817,348.855535030365,IO -> PLC,1.29604
1776099496.9042153,348.90156865119934,PLC -> IO,1.157072
1776099496.9221802,348.91953349113464,IO -> PLC,1.25152
1776099496.9682178,348.96557116508484,PLC -> IO,1.331202
1776099496.986178,348.98353123664856,IO -> PLC,1.23878
1776099497.0322204,349.02957367897034,PLC -> IO,1.298592
1776099497.0501764,349.0475296974182,IO -> PLC,2.0935
1776099497.096223,349.0935764312744,PLC -> IO,1.704342
1776099497.114175,349.11152839660645,IO -> PLC,1.58088
1776099497.1602256,349.1575789451599,PLC -> IO,1.561822
1776099497.1781735,349.1755268573761,IO -> PLC,2.30832
1776099497.2242281,349.2215814590454,PLC -> IO,1.250962
1776099497.2421722,349.23952555656433,IO -> PLC,3.23568
1776099497.288231,349.2855842113495,PLC -> IO,1.244452
1776099497.3061707,349.303524017334,IO -> PLC,1.90182
1776099497.3522334,349.349586725235,PLC -> IO,1.142962
1776099497.3701694,349.3675227165222,IO -> PLC,2.45637
1776099497.416236,349.4135892391205,PLC -> IO,1.172532
1776099497.434167,349.43152022361755,IO -> PLC,1.86999
1776099497.4802384,349.477591753006,PLC -> IO,1.645782
1776099497.4981654,349.4955186843872,IO -> PLC,1.09849
1776099497.5442412,349.54159450531006,PLC -> IO,1.537672
1776099497.562164,349.55951738357544,IO -> PLC,1.13285
1776099497.6082437,349.60559701919556,PLC -> IO,1.233622
1776099497.6261625,349.6235158443451,IO -> PLC,1.04433
1776099497.6722462,349.66959953308105,PLC -> IO,1.196222
1776099497.6901612,349.6875145435333,IO -> PLC,1.22487
1776099497.736249,349.73360228538513,PLC -> IO,1.360442
1776099497.7541597,349.751513004303,IO -> PLC,1.57773
1776099497.8002515,349.79760479927063,PLC -> IO,1.270072
1776099497.8181584,349.8155117034912,IO -> PLC,1.3764
1776099497.864254,349.8616073131561,PLC -> IO,1.644132
1776099497.882156,349.87950921058655,IO -> PLC,2.77171
1776099497.9282565,349.9256098270416,PLC -> IO,1.404172
1776099497.9461546,349.9435079097748,IO -> PLC,1.51986
1776099497.9922593,349.9896125793457,PLC -> IO,1.328202
1776099498.010153,350.00750637054443,IO -> PLC,0.85276
1776099498.0562618,350.0536150932312,PLC -> IO,1.363532
1776099498.0741518,350.07150506973267,IO -> PLC,1.10321
1776099498.1202643,350.1176176071167,PLC -> IO,1.300682
1776099498.1381502,350.1355035305023,IO -> PLC,1.65664
1776099498.184267,350.1816203594208,PLC -> IO,1.318322
1776099498.2021487,350.199501991272,IO -> PLC,1.6366
1776099498.2482696,350.2456228733063,PLC -> IO,1.945672
1776099498.2661474,350.2635006904602,IO -> PLC,1.24391
1776099498.312272,350.3096253871918,PLC -> IO,1.511862
1776099498.3301458,350.32749915122986,IO -> PLC,1.39596
1776099498.3762748,350.37362813949585,PLC -> IO,1.326532
1776099498.3941436,350.3914968967438,IO -> PLC,2.48798
1776099498.4402773,350.43763065338135,PLC -> IO,1.160732
1776099498.458142,350.4554953575134,IO -> PLC,0.65458
1776099498.5042799,350.50163316726685,PLC -> IO,1.335902
1776099498.5221405,350.5194938182831,IO -> PLC,1.92396
1776099498.5682824,350.56563568115234,PLC -> IO,1.303862
1776099498.5861392,350.5834925174713,IO -> PLC,1.14293
1776099498.632285,350.6296384334564,PLC -> IO,1.245582
1776099498.6501377,350.64749097824097,IO -> PLC,2.83121
1776099498.6962876,350.6936409473419,PLC -> IO,1.566842
1776099498.7141364,350.7114896774292,IO -> PLC,2.05754
1776099498.7602901,350.7576434612274,PLC -> IO,1.513272
1776099498.778135,350.77548837661743,IO -> PLC,1.65669
1776099498.824293,350.8216462135315,PLC -> IO,1.216992
1776099498.8421326,350.83948588371277,IO -> PLC,1.25672
1776099498.8882954,350.885648727417,PLC -> IO,1.378082
1776099498.906131,350.9034843444824,IO -> PLC,1.05548
1776099498.952298,350.9496512413025,PLC -> IO,1.342432
1776099498.9701297,350.96748304367065,IO -> PLC,1.76675
1776099499.0163004,351.013653755188,PLC -> IO,1.446882
1776099499.0341282,351.0314815044403,IO -> PLC,1.76408
1776099499.0803032,351.07765650749207,PLC -> IO,1.685412
1776099499.098127,351.09548020362854,IO -> PLC,2.50095
1776099499.1443057,351.14165902137756,PLC -> IO,1.471602
1776099499.1621253,351.1594786643982,IO -> PLC,3.23975
1776099499.2083082,351.20566153526306,PLC -> IO,1.264042
1776099499.226124,351.2234773635864,IO -> PLC,1.33155
1776099499.272311,351.26966428756714,PLC -> IO,1.221912
1776099499.2901216,351.28747487068176,IO -> PLC,3.02056
1776099499.3363135,351.33366680145264,PLC -> IO,1.187002
1776099499.35412,351.3514733314514,IO -> PLC,2.22848
1776099499.400316,351.39766931533813,PLC -> IO,1.183522
1776099499.4181187,351.41547203063965,IO -> PLC,1.0852
1776099499.4643188,351.4616720676422,PLC -> IO,1.385252
1776099499.4821172,351.4794704914093,IO -> PLC,2.22337
1776099499.5283213,351.5256745815277,PLC -> IO,1.547302
1776099499.5461159,351.54346919059753,IO -> PLC,1.21329
1776099499.5923238,351.5896770954132,PLC -> IO,1.471572
1776099499.6101143,351.6074676513672,IO -> PLC,3.28847
1776099499.6563263,351.6536796092987,PLC -> IO,1.257532
1776099499.674113,351.6714663505554,IO -> PLC,1.36682
1776099499.720329,351.7176823616028,PLC -> IO,1.248362
1776099499.7381105,351.73546385765076,IO -> PLC,0.99045
1776099499.7843316,351.7816848754883,PLC -> IO,1.344892
1776099499.802109,351.7994623184204,IO -> PLC,2.87107
1776099499.848334,351.8456873893738,PLC -> IO,1.341422
1776099499.8661077,351.86346101760864,IO -> PLC,2.37293
1776099499.9123368,351.90969014167786,PLC -> IO,1.468742
1776099499.9301062,351.9274594783783,IO -> PLC,1.91687
1776099499.9763393,351.97369265556335,PLC -> IO,1.182852
1776099499.9941049,351.9914581775665,IO -> PLC,2.25005
1776099500.0403419,352.03769516944885,PLC -> IO,1.350092
1776099500.0581033,352.0554566383362,IO -> PLC,1.45798
1776099500.1043446,352.10169792175293,PLC -> IO,1.327972
1776099500.122102,352.1194553375244,IO -> PLC,1.05808
1776099500.1683471,352.1657004356384,PLC -> IO,1.402342
1776099500.1861005,352.18345379829407,IO -> PLC,2.54755
1776099500.2323496,352.2297029495239,PLC -> IO,1.245972
1776099500.250098,352.2474513053894,IO -> PLC,1.0233
1776099500.2963521,352.2937054634094,PLC -> IO,1.600432
1776099500.3140967,352.31145000457764,IO -> PLC,1.36368
1776099500.360355,352.3577082157135,PLC -> IO,1.536302
1776099500.3780951,352.3754484653473,IO -> PLC,2.85523
1776099500.4243574,352.421710729599,PLC -> IO,1.209302
1776099500.4420938,352.4394471645355,IO -> PLC,2.38357
1776099500.48836,352.4857132434845,PLC -> IO,1.184782
1776099500.5060925,352.50344586372375,IO -> PLC,1.32021
1776099500.5523627,352.5497159957886,PLC -> IO,1.320342
1776099500.570091,352.5674443244934,IO -> PLC,3.58283
1776099500.6163652,352.6137185096741,PLC -> IO,1.630712
1776099500.6340897,352.63144302368164,IO -> PLC,1.4667
1776099500.6803677,352.67772102355957,PLC -> IO,1.616672
1776099500.6980872,352.695440530777,IO -> PLC,0.66656
1776099500.7443702,352.74172353744507,PLC -> IO,1.566632
1776099500.7620857,352.75943899154663,IO -> PLC,2.00634
1776099500.808373,352.80572628974915,PLC -> IO,1.333952
1776099500.8260844,352.82343769073486,IO -> PLC,1.419
1776099500.8723755,352.86972880363464,PLC -> IO,1.181422
1776099500.8900828,352.8874361515045,IO -> PLC,2.33612
1776099500.936378,352.93373131752014,PLC -> IO,1.182902
1776099500.9540815,352.95143485069275,IO -> PLC,1.94551
1776099501.0003808,352.9977340698242,PLC -> IO,1.174862
1776099501.01808,353.0154333114624,IO -> PLC,1.33857
1776099501.0643833,353.0617365837097,PLC -> IO,1.514352
1776099501.0820785,353.07943177223206,IO -> PLC,4.75036
1776099501.1283858,353.1257390975952,PLC -> IO,1.586162
1776099501.1460762,353.143429517746,IO -> PLC,3.33779
1776099501.1923885,353.1897418498993,PLC -> IO,1.292832
1776099501.2100747,353.2074279785156,IO -> PLC,4.05075
1776099501.256391,353.2537443637848,PLC -> IO,1.281112
1776099501.2740734,353.27142667770386,IO -> PLC,1.4678
1776099501.3203936,353.3177468776703,PLC -> IO,1.295702
1776099501.3380718,353.3354251384735,IO -> PLC,1.64233
1776099501.384396,353.3817493915558,PLC -> IO,2.298022
1776099501.4020705,353.39942383766174,IO -> PLC,5.53623
1776099501.4483988,353.44575214385986,PLC -> IO,1.478452
1776099501.466069,353.4634222984314,IO -> PLC,2.16868
1776099501.5124013,353.50975465774536,PLC -> IO,1.386722
1776099501.5300677,353.52742099761963,IO -> PLC,2.32394
1776099501.5764039,353.57375717163086,PLC -> IO,1.305322
1776099501.5940661,353.5914194583893,IO -> PLC,1.925
1776099501.6404066,353.63775992393494,PLC -> IO,1.293682
1776099501.6580637,353.6554169654846,IO -> PLC,0.64843
1776099501.7044091,353.70176243782043,PLC -> IO,1.274612
1776099501.7220623,353.71941566467285,IO -> PLC,0.62135
1776099501.7684116,353.76576495170593,PLC -> IO,1.281622
1776099501.7860608,353.7834141254425,IO -> PLC,1.70128
1776099501.8324142,353.82976746559143,PLC -> IO,1.226372
1776099501.8500595,353.84741282463074,IO -> PLC,2.62633
1776099501.896417,353.8937702178955,PLC -> IO,1.554342
1776099501.914058,353.9114112854004,IO -> PLC,1.0827
1776099501.9604194,353.957772731781,PLC -> IO,1.563182
1776099501.9780567,353.9754099845886,IO -> PLC,2.77403
1776099502.024422,354.0217752456665,PLC -> IO,1.363212
1776099502.0420551,354.0394084453583,IO -> PLC,1.81083
1776099502.0884247,354.0857779979706,PLC -> IO,1.356942
1776099502.1060526,354.1034059524536,IO -> PLC,1.21541
1776099502.1524272,354.1497805118561,PLC -> IO,1.333382
1776099502.1700513,354.16740465164185,IO -> PLC,1.56811
1776099502.2164297,354.2137830257416,PLC -> IO,1.313262
1776099502.23405,354.2314033508301,IO -> PLC,1.17846
1776099502.2804325,354.27778577804565,PLC -> IO,1.750992
1776099502.2980485,354.29540181159973,IO -> PLC,2.86666
1776099502.344435,354.34178829193115,PLC -> IO,1.421102
1776099502.362047,354.3594002723694,IO -> PLC,0.61724
1776099502.4084375,354.40579080581665,PLC -> IO,1.209382
1776099502.4260457,354.4233989715576,IO -> PLC,2.00143
1776099502.47244,354.46979331970215,PLC -> IO,1.208692
1776099502.490044,354.48739743232727,IO -> PLC,0.75958
1776099502.5364428,354.5337960720062,PLC -> IO,1.265632
1776099502.5540419,354.5513951778412,IO -> PLC,2.22753
1776099502.6004453,354.5977985858917,PLC -> IO,1.294942
1776099502.6180403,354.61539363861084,IO -> PLC,1.44586
1776099502.6644478,354.6618010997772,PLC -> IO,2.058692
1776099502.6820388,354.6793920993805,IO -> PLC,3.1155
1776099502.7284505,354.7258038520813,PLC -> IO,1.554562
1776099502.7460375,354.7433907985687,IO -> PLC,1.03113
1776099502.792453,354.7898063659668,PLC -> IO,1.253552
1776099502.810036,354.8073892593384,IO -> PLC,2.53588
1776099502.8564556,354.8538088798523,PLC -> IO,1.230552
1776099502.8740346,354.8713879585266,IO -> PLC,0.62449
1776099502.920458,354.9178113937378,PLC -> IO,1.194182
1776099502.938033,354.93538641929626,IO -> PLC,1.52625
1776099502.9844608,354.98181414604187,PLC -> IO,1.359112
1776099503.0020308,354.9993841648102,IO -> PLC,2.45129
1776099503.0484633,355.04581665992737,PLC -> IO,3.603382
1776099503.0660293,355.06338262557983,IO -> PLC,2.44566
1776099503.1124659,355.10981917381287,PLC -> IO,1.470862
1776099503.1300278,355.1273810863495,IO -> PLC,0.75755
1776099503.1764686,355.17382192611694,PLC -> IO,1.501312
1776099503.1940265,355.1913797855377,IO -> PLC,2.8276
1776099503.2404711,355.23782444000244,PLC -> IO,1.295252
1776099503.2580252,355.25537848472595,IO -> PLC,0.9646
1776099503.3044736,355.30182695388794,PLC -> IO,1.234582
1776099503.3220236,355.3193769454956,IO -> PLC,1.21595
1776099503.3684762,355.36582946777344,PLC -> IO,1.230132
1776099503.3860223,355.38337564468384,IO -> PLC,3.02287
1776099503.432479,355.4298322200775,PLC -> IO,1.233762
1776099503.4500208,355.4473741054535,IO -> PLC,0.64153
1776099503.4964814,355.493834733963,PLC -> IO,1.510222
1776099503.5140183,355.5113716125488,IO -> PLC,1.90867
1776099503.560484,355.5578372478485,PLC -> IO,1.366252
1776099503.578017,355.57537031173706,IO -> PLC,3.05508
1776099503.6244867,355.6218400001526,PLC -> IO,1.179092
1776099503.6420155,355.6393687725067,IO -> PLC,2.57527
1776099503.6884892,355.6858425140381,PLC -> IO,1.333142
1776099503.7060142,355.70336747169495,IO -> PLC,1.30701
1776099503.7524917,355.7498450279236,PLC -> IO,1.419742
1776099503.7700126,355.7673659324646,IO -> PLC,2.62544
1776099503.8164945,355.81384778022766,PLC -> IO,1.377142
1776099503.8340113,355.83136463165283,IO -> PLC,3.64081
1776099503.880497,355.87785029411316,PLC -> IO,1.594382
1776099503.8980098,355.8953630924225,IO -> PLC,1.23795
1776099503.9444995,355.94185280799866,PLC -> IO,1.496992
1776099503.9620073,355.9593605995178,IO -> PLC,1.41144
1776099504.008502,356.00585532188416,PLC -> IO,1.229582
1776099504.026006,356.02335929870605,IO -> PLC,1.00354
1776099504.0725048,356.06985807418823,PLC -> IO,1.171052
1776099504.0900044,356.0873577594757,IO -> PLC,2.62702
1776099504.1365073,356.13386058807373,PLC -> IO,1.185662
1776099504.1540031,356.15135645866394,IO -> PLC,2.11657
1776099504.2005098,356.19786310195923,PLC -> IO,1.290512
1776099504.2180016,356.2153549194336,IO -> PLC,1.52203
1776099504.2645125,356.2618658542633,PLC -> IO,1.502872
1776099504.2820003,356.2793536186218,IO -> PLC,2.65212
1776099504.328515,356.3258683681488,PLC -> IO,1.472512
1776099504.3459988,356.3433520793915,IO -> PLC,1.11362
1776099504.3925176,356.3898708820343,PLC -> IO,2.693152
1776099504.4099963,356.4073495864868,IO -> PLC,5.4261
1776099504.45652,356.4538733959198,PLC -> IO,1.238112
1776099504.473995,356.47134828567505,IO -> PLC,1.25171
1776099504.5205228,356.5178761482239,PLC -> IO,1.239752
1776099504.5379934,356.5353467464447,IO -> PLC,0.70973
1776099504.5845253,356.5818786621094,PLC -> IO,1.284432
1776099504.6019921,356.59934544563293,IO -> PLC,1.9788
1776099504.6485279,356.6458811759949,PLC -> IO,1.258712
1776099504.6659906,356.6633439064026,IO -> PLC,1.76843
1776099504.7125306,356.70988392829895,PLC -> IO,1.530832
1776099504.7299893,356.7273426055908,IO -> PLC,2.12833
1776099504.7765331,356.77388644218445,PLC -> IO,1.436552
1776099504.7939878,356.7913410663605,IO -> PLC,3.1549
1776099504.8405356,356.83788895606995,PLC -> IO,1.242192
1776099504.8579865,356.8553397655487,IO -> PLC,1.32966
1776099504.9045384,356.901891708374,PLC -> IO,1.236622
1776099504.921984,356.91933727264404,IO -> PLC,1.88309
1776099504.968541,356.9658942222595,PLC -> IO,1.376672
1776099504.9859827,356.9833359718323,IO -> PLC,1.29063
1776099505.0325434,357.029896736145,PLC -> IO,1.320302
1776099505.049981,357.04733443260193,IO -> PLC,4.2721
1776099505.096546,357.0938992500305,PLC -> IO,1.429952
1776099505.1139798,357.11133313179016,IO -> PLC,2.62407
1776099505.1605487,357.1579020023346,PLC -> IO,1.378152
1776099505.1779783,357.1753315925598,IO -> PLC,2.20473
1776099505.2245512,357.2219045162201,PLC -> IO,1.281862
1776099505.2419767,357.23933005332947,IO -> PLC,1.02752
1776099505.2885537,357.2859070301056,PLC -> IO,1.318382
1776099505.3059754,357.3033287525177,IO -> PLC,1.01156
1776099505.3525565,357.34990978240967,PLC -> IO,1.256102
1776099505.369973,357.36732625961304,IO -> PLC,0.71015
1776099505.416559,357.41391229629517,PLC -> IO,1.234622
1776099505.4339716,357.43132495880127,IO -> PLC,1.34856
1776099505.4805615,357.47791481018066,PLC -> IO,1.617312
1776099505.49797,357.4953234195709,IO -> PLC,1.90103
1776099505.5445642,357.54191756248474,PLC -> IO,1.501032
1776099505.5619686,357.5593218803406,IO -> PLC,3.00336
1776099505.6085668,357.60592007637024,PLC -> IO,1.335952
1776099505.6259673,357.6233205795288,IO -> PLC,1.85079
1776099505.6725693,357.66992259025574,PLC -> IO,1.166062
1776099505.6899657,357.68731904029846,IO -> PLC,1.50226
1776099505.7365718,357.73392510414124,PLC -> IO,1.270112
1776099505.7539644,357.7513177394867,IO -> PLC,1.63087
1776099505.8005745,357.7979278564453,PLC -> IO,1.315832
1776099505.817962,357.81531524658203,IO -> PLC,0.53654
1776099505.864577,357.8619303703308,PLC -> IO,1.780612
1776099505.8819606,357.87931394577026,IO -> PLC,3.15551
1776099505.9285796,357.9259328842163,PLC -> IO,1.497122
1776099505.945959,357.9433124065399,IO -> PLC,1.76221
1776099505.9925823,357.9899356365204,PLC -> IO,1.264442
1776099506.0099578,358.00731110572815,IO -> PLC,1.17687
1776099506.0565848,358.0539381504059,PLC -> IO,1.654492
1776099506.0739563,358.0713095664978,IO -> PLC,0.97186
1776099506.1205873,358.1179406642914,PLC -> IO,1.203082
1776099506.137955,358.13530826568604,IO -> PLC,1.33256
1776099506.1845899,358.1819431781769,PLC -> IO,1.387282
1776099506.2019534,358.1993067264557,IO -> PLC,2.64203
1776099506.2485926,358.24594593048096,PLC -> IO,1.438772
1776099506.265951,358.263304233551,IO -> PLC,2.60447
1776099506.3125951,358.30994844436646,PLC -> IO,1.499452
1776099506.3299496,358.32730293273926,IO -> PLC,0.54587
1776099506.3765976,358.37395095825195,PLC -> IO,1.308282
1776099506.393948,358.3913013935089,IO -> PLC,3.32956
1776099506.4406004,358.43795371055603,PLC -> IO,1.245602
1776099506.4579468,358.45530009269714,IO -> PLC,1.58712
1776099506.504603,358.5019562244415,PLC -> IO,1.268282
1776099506.5219452,358.5192985534668,IO -> PLC,1.20667
1776099506.5686054,358.565958738327,PLC -> IO,1.250172
1776099506.585944,358.58329725265503,IO -> PLC,1.36192
1776099506.632608,358.6299612522125,PLC -> IO,1.199012
1776099506.6499424,358.6472957134247,IO -> PLC,3.25277
1776099506.6966107,358.6939640045166,PLC -> IO,1.406982
1776099506.713941,358.7112944126129,IO -> PLC,1.33529
1776099506.7606132,358.7579665184021,PLC -> IO,1.700402
1776099506.7779386,358.77529191970825,IO -> PLC,2.86989
1776099506.8246157,358.8219690322876,PLC -> IO,1.498432
1776099506.841937,358.8392903804779,IO -> PLC,2.24766
1776099506.8886185,358.8859717845917,PLC -> IO,1.280872
1776099506.9059358,358.90328907966614,IO -> PLC,1.28566
1776099506.952621,358.9499742984772,PLC -> IO,1.280522
1776099506.9699342,358.9672875404358,IO -> PLC,2.59593
1776099507.0166235,359.01397681236267,PLC -> IO,1.235112
1776099507.033933,359.031286239624,IO -> PLC,1.43928
1776099507.0806262,359.07797956466675,PLC -> IO,1.630452
1776099507.0979314,359.0952847003937,IO -> PLC,1.97222
1776099507.1446288,359.14198207855225,PLC -> IO,1.422002
1776099507.16193,359.1592833995819,IO -> PLC,1.29881
1776099507.2086313,359.20598459243774,PLC -> IO,1.167142
1776099507.2259276,359.22328090667725,IO -> PLC,1.1694
1776099507.2726338,359.26998710632324,PLC -> IO,1.274952
1776099507.289926,359.2872793674469,IO -> PLC,1.37058
1776099507.3366365,359.3339898586273,PLC -> IO,1.307232
1776099507.3539248,359.35127806663513,IO -> PLC,1.14181
1776099507.400639,359.3979923725128,PLC -> IO,1.461682
1776099507.4179232,359.4152765274048,IO -> PLC,1.32666
1776099507.4646416,359.4619948863983,PLC -> IO,1.480452
1776099507.481922,359.479275226593,IO -> PLC,0.73932
1776099507.5286443,359.5259976387024,PLC -> IO,1.551202
1776099507.5459206,359.54327392578125,IO -> PLC,2.04535
1776099507.5926468,359.5900001525879,PLC -> IO,1.237482
1776099507.609919,359.6072723865509,IO -> PLC,4.69327
1776099507.6566494,359.6540026664734,PLC -> IO,1.345432
1776099507.6739166,359.67126989364624,IO -> PLC,3.22109
1776099507.7206519,359.7180051803589,PLC -> IO,1.173232
1776099507.7379153,359.7352685928345,IO -> PLC,1.41313
1776099507.7846546,359.78200793266296,PLC -> IO,1.349602
1776099507.8019137,359.7992670536041,IO -> PLC,2.14073
1776099507.8486571,359.84601044654846,PLC -> IO,1.439802
1776099507.8659124,359.86326575279236,IO -> PLC,1.24009
1776099507.9126596,359.91001296043396,PLC -> IO,1.476412
1776099507.929911,359.927264213562,IO -> PLC,1.15973
1776099507.9766624,359.97401571273804,PLC -> IO,1.376522
1776099507.9939096,359.99126291275024,IO -> PLC,2.46688
1776099508.040665,360.03801822662354,PLC -> IO,1.210162
1776099508.057908,360.0552613735199,IO -> PLC,1.3144
1776099508.1046674,360.10202074050903,PLC -> IO,1.211332
1776099508.1219065,360.11925983428955,IO -> PLC,1.87702
1776099508.1686702,360.1660234928131,PLC -> IO,1.199602
1776099508.1859043,360.18325757980347,IO -> PLC,2.41925
1776099508.2326727,360.2300260066986,PLC -> IO,1.165412
1776099508.2499027,360.2472560405731,IO -> PLC,0.92667
1776099508.2966752,360.2940285205841,PLC -> IO,1.550102
1776099508.3139014,360.31125473976135,IO -> PLC,2.56167
1776099508.3606777,360.3580310344696,PLC -> IO,1.573352
1776099508.3779,360.375253200531,IO -> PLC,6.59886
1776099508.4246805,360.4220337867737,PLC -> IO,1.314742
1776099508.4418983,360.43925166130066,IO -> PLC,1.38907
1776099508.488683,360.4860363006592,PLC -> IO,1.268622
1776099508.505897,360.5032503604889,IO -> PLC,1.1675
1776099508.5526855,360.5500388145447,PLC -> IO,1.378112
1776099508.5698957,360.5672490596771,IO -> PLC,1.53964
1776099508.6166883,360.61404156684875,PLC -> IO,1.659282
1776099508.6338933,360.63124656677246,IO -> PLC,1.34264
1776099508.6806908,360.67804408073425,PLC -> IO,1.671562
1776099508.6978917,360.6952450275421,IO -> PLC,3.21797
1776099508.7446933,360.74204659461975,PLC -> IO,1.437912
1776099508.7618904,360.75924372673035,IO -> PLC,0.96975
1776099508.8086958,360.80604910850525,PLC -> IO,1.147382
1776099508.8258889,360.8232421875,IO -> PLC,2.01993
1776099508.8726985,360.8700518608093,PLC -> IO,1.287992
1776099508.8898876,360.88724088668823,IO -> PLC,0.55311
1776099508.936701,360.9340543746948,PLC -> IO,1.311232
1776099508.953886,360.9512393474579,IO -> PLC,1.99849
1776099509.0007036,360.9980568885803,PLC -> IO,1.269662
1776099509.0178847,361.0152380466461,IO -> PLC,1.58628
1776099509.0647063,361.0620596408844,PLC -> IO,1.846202
1776099509.0818822,361.07923555374146,IO -> PLC,2.99175
1776099509.1287088,361.1260621547699,PLC -> IO,1.438152
1776099509.1458807,361.1432340145111,IO -> PLC,0.9913
1776099509.1927114,361.1900646686554,PLC -> IO,1.353002
1776099509.2098794,361.20723271369934,IO -> PLC,1.34825
1776099509.256714,361.2540674209595,PLC -> IO,1.184872
1776099509.2738779,361.271231174469,IO -> PLC,1.31589
1776099509.3207166,361.31806993484497,PLC -> IO,1.154992
1776099509.3378766,361.3352298736572,IO -> PLC,1.30521
1776099509.3847191,361.38207244873047,PLC -> IO,2.421802
1776099509.401875,361.3992283344269,IO -> PLC,0.70547
1776099509.4487216,361.44607496261597,PLC -> IO,1.389332
1776099509.4658737,361.4632270336151,IO -> PLC,2.03725
1776099509.5127244,361.51007771492004,PLC -> IO,1.530502
1776099509.5298712,361.52722454071045,IO -> PLC,1.48487
1776099509.576727,361.57408022880554,PLC -> IO,1.262132
1776099509.59387,361.5912232398987,IO -> PLC,1.78245
1776099509.6407294,361.63808274269104,PLC -> IO,1.177122
1776099509.6578684,361.65522170066833,IO -> PLC,1.7797
1776099509.7047322,361.7020854949951,PLC -> IO,1.200522
1776099509.7218668,361.719220161438,IO -> PLC,1.76182
1776099509.7687347,361.7660880088806,PLC -> IO,1.296492
1776099509.7858655,361.7832188606262,IO -> PLC,1.35993
1776099509.8327372,361.8300905227661,PLC -> IO,1.361332
1776099509.849864,361.8472173213959,IO -> PLC,2.28313
1776099509.8967397,361.8940930366516,PLC -> IO,1.565632
1776099509.9138627,361.9112160205841,IO -> PLC,1.13777
1776099509.9607425,361.9580957889557,PLC -> IO,1.576632
1776099509.9778612,361.97521448135376,IO -> PLC,2.64364
1776099510.024745,362.0220983028412,PLC -> IO,1.307072
1776099510.0418587,362.0392119884491,IO -> PLC,1.02826
1776099510.0887475,362.0861008167267,PLC -> IO,1.263272
1776099510.1058574,362.10321068763733,IO -> PLC,1.25711
1776099510.1527503,362.15010356903076,PLC -> IO,1.234512
1776099510.1698558,362.167209148407,IO -> PLC,4.0972
1776099510.2167528,362.21410608291626,PLC -> IO,1.232232
1776099510.2338545,362.2312078475952,IO -> PLC,1.61025
1776099510.2807553,362.27810859680176,PLC -> IO,1.528522
1776099510.2978532,362.29520654678345,IO -> PLC,1.38349
1776099510.344758,362.34211134910583,PLC -> IO,1.472722
1776099510.3618517,362.3592050075531,IO -> PLC,2.50942
1776099510.4087605,362.40611386299133,PLC -> IO,1.404682
1776099510.4258504,362.42320370674133,IO -> PLC,1.18174
1776099510.472763,362.47011637687683,PLC -> IO,1.312392
1776099510.489848,362.48720121383667,IO -> PLC,3.26315
1776099510.5367656,362.53411889076233,PLC -> IO,1.233002
1776099510.5538464,362.5511996746063,IO -> PLC,1.32407
1776099510.6007683,362.5981216430664,PLC -> IO,1.230162
1776099510.617845,362.61519837379456,IO -> PLC,3.03275
1776099510.6647708,362.6621241569519,PLC -> IO,1.917732
1776099510.6818435,362.6791968345642,IO -> PLC,3.59034
1776099510.7287734,362.7261266708374,PLC -> IO,1.481602
1776099510.7458422,362.74319553375244,IO -> PLC,2.39481
1776099510.792776,362.7901294231415,PLC -> IO,1.185552
1776099510.8098407,362.8071939945221,IO -> PLC,0.90422
1776099510.8567786,362.854131937027,PLC -> IO,1.215032
1776099510.8738394,362.8711926937103,IO -> PLC,0.81987
1776099510.9207811,362.9181344509125,PLC -> IO,1.272362
1776099510.9378378,362.93519115448,IO -> PLC,1.40298
1776099510.9847836,362.982136964798,PLC -> IO,1.509212
1776099511.0018353,362.9991886615753,IO -> PLC,3.27751
1776099511.0487864,363.04613971710205,PLC -> IO,3.928382
1776099511.065834,363.06318736076355,IO -> PLC,2.71473
1776099511.112789,363.11014223098755,PLC -> IO,1.552102
1776099511.1298325,363.1271858215332,IO -> PLC,2.86894
1776099511.1767914,363.17414474487305,PLC -> IO,1.227402
1776099511.1938312,363.19118452072144,IO -> PLC,1.27724
1776099511.2407942,363.2381474971771,PLC -> IO,1.224332
1776099511.2578297,363.2551829814911,IO -> PLC,2.06196
1776099511.3047967,363.3021500110626,PLC -> IO,1.183642
1776099511.3218284,363.3191816806793,IO -> PLC,0.94115
1776099511.3687992,363.3661525249481,PLC -> IO,1.176812
1776099511.3858268,363.383180141449,IO -> PLC,0.75847
1776099511.4328017,363.4301550388336,PLC -> IO,1.338852
1776099511.4498243,363.4471776485443,IO -> PLC,0.91772
1776099511.4968045,363.4941577911377,PLC -> IO,1.535452
1776099511.513823,363.51117634773254,IO -> PLC,1.96357
1776099511.560807,363.5581603050232,PLC -> IO,1.640622
1776099511.5778215,363.5751748085022,IO -> PLC,2.71373
1776099511.6248095,363.6221628189087,PLC -> IO,1.387122
1776099511.6418202,363.63917350769043,IO -> PLC,1.76494
1776099511.6888123,363.68616557121277,PLC -> IO,1.247082
1776099511.7058187,363.7031719684601,IO -> PLC,1.53617
1776099511.7528148,363.75016808509827,PLC -> IO,1.237212
1776099511.7698174,363.7671706676483,IO -> PLC,1.33596
1776099511.8168173,363.81417059898376,PLC -> IO,1.201962
1776099511.8338158,363.83116912841797,IO -> PLC,1.02119
1776099511.88082,363.87817335128784,PLC -> IO,1.532092
1776099511.8978133,363.8951666355133,IO -> PLC,3.11157
1776099511.9448225,363.94217586517334,PLC -> IO,1.550132
1776099511.961812,363.95916533470154,IO -> PLC,3.59043
1776099512.008825,364.00617837905884,PLC -> IO,1.292402
1776099512.0258107,364.02316403388977,IO -> PLC,1.25206
1776099512.0728276,364.07018089294434,PLC -> IO,1.207802
1776099512.0898092,364.0871624946594,IO -> PLC,0.88185
1776099512.1368303,364.1341836452484,PLC -> IO,1.224722
1776099512.1538076,364.1511609554291,IO -> PLC,1.21423
1776099512.2008328,364.1981861591339,PLC -> IO,1.523572
1776099512.2178063,364.2151596546173,IO -> PLC,1.19723
1776099512.2648354,364.2621886730194,PLC -> IO,2.246442
1776099512.2818048,364.27915811538696,IO -> PLC,0.97654
1776099512.328838,364.3261914253235,PLC -> IO,1.475172
1776099512.3458025,364.3431558609009,IO -> PLC,1.1594
1776099512.3928406,364.390193939209,PLC -> IO,1.155602
1776099512.409801,364.40715432167053,IO -> PLC,1.5173
1776099512.4568431,364.4541964530945,PLC -> IO,1.283652
1776099512.4737997,364.47115302085876,IO -> PLC,2.07369
1776099512.5208457,364.51819896698,PLC -> IO,1.288892
1776099512.5377982,364.5351514816284,IO -> PLC,1.67076
1776099512.5848484,364.58220171928406,PLC -> IO,1.371342
1776099512.6017966,364.59914994239807,IO -> PLC,2.21099
1776099512.648851,364.64620423316956,PLC -> IO,1.395622
1776099512.6657953,364.6631486415863,IO -> PLC,2.64689
1776099512.7128534,364.71020674705505,PLC -> IO,1.459752
1776099512.7297938,364.72714710235596,IO -> PLC,0.89821
1776099512.7768562,364.77420949935913,PLC -> IO,1.351952
1776099512.7937925,364.7911458015442,IO -> PLC,3.31638
1776099512.8408587,364.83821201324463,PLC -> IO,1.338312
1776099512.85779,364.8551433086395,IO -> PLC,1.00583
1776099512.9048612,364.9022145271301,PLC -> IO,1.149632
1776099512.9217885,364.9191417694092,IO -> PLC,1.56142
1776099512.968864,364.9662172794342,PLC -> IO,1.289022
1776099512.9857872,364.9831404685974,IO -> PLC,1.34258
1776099513.0328665,365.0302197933197,PLC -> IO,1.289952
1776099513.0497859,365.04713916778564,IO -> PLC,5.13103
1776099513.096869,365.0942223072052,PLC -> IO,1.602962
1776099513.1137843,365.1111376285553,IO -> PLC,1.87301
1776099513.1608715,365.1582248210907,PLC -> IO,1.473242
1776099513.177783,365.17513632774353,IO -> PLC,1.29918
1776099513.2248743,365.2222275733948,PLC -> IO,1.256722
1776099513.2417815,365.2391347885132,IO -> PLC,2.2224
1776099513.2888768,365.2862300872803,PLC -> IO,1.234602
1776099513.305779,365.3031322956085,IO -> PLC,1.61762
1776099513.3528793,365.35023260116577,PLC -> IO,1.230642
1776099513.3697777,365.36713099479675,IO -> PLC,0.90235
1776099513.416882,365.41423535346985,PLC -> IO,1.305162
1776099513.4337761,365.4311294555664,IO -> PLC,1.78251
1776099513.4808846,365.47823786735535,PLC -> IO,1.550412
1776099513.4977748,365.49512815475464,IO -> PLC,1.74815
1776099513.544887,365.54224038124084,PLC -> IO,1.598862
1776099513.5617733,365.5591266155243,IO -> PLC,3.24482
1776099513.6088896,365.60624289512634,PLC -> IO,1.293212
1776099513.625772,365.6231253147125,IO -> PLC,1.33559
1776099513.6728923,365.6702456474304,PLC -> IO,1.256692
1776099513.6897705,365.6871237754822,IO -> PLC,1.50284
1776099513.7368948,365.7342481613159,PLC -> IO,1.224662
1776099513.753768,365.7511212825775,IO -> PLC,1.85986
1776099513.8008974,365.7982506752014,PLC -> IO,1.249812
1776099513.8177667,365.81511998176575,IO -> PLC,1.27564
1776099513.8649,365.8622534275055,PLC -> IO,1.743952
1776099513.8817651,365.8791184425354,IO -> PLC,3.80027
1776099513.9289026,365.926255941391,PLC -> IO,1.418862
1776099513.9457638,365.94311714172363,IO -> PLC,0.8846
1776099513.9929051,365.9902584552765,PLC -> IO,1.270972
1776099514.0097623,366.0071156024933,IO -> PLC,1.07953
1776099514.056908,366.05426120758057,PLC -> IO,1.488942
1776099514.073761,366.0711143016815,IO -> PLC,2.33547
1776099514.1209104,366.11826372146606,PLC -> IO,1.282822
1776099514.1377594,366.1351127624512,IO -> PLC,1.37147
1776099514.184913,366.18226623535156,PLC -> IO,1.337022
1776099514.2017581,366.1991114616394,IO -> PLC,2.48388
1776099514.2489154,366.24626874923706,PLC -> IO,1.359222
1776099514.2657557,366.26310896873474,IO -> PLC,2.10343
1776099514.3129182,366.31027150154114,PLC -> IO,1.518862
1776099514.329754,366.3271074295044,IO -> PLC,2.27317
1776099514.3769207,366.37427401542664,PLC -> IO,1.227462
1776099514.3937528,366.3911061286926,IO -> PLC,1.12356
1776099514.4409232,366.43827652931213,PLC -> IO,1.184462
1776099514.4577513,366.4551045894623,IO -> PLC,0.95407
1776099514.504926,366.5022792816162,PLC -> IO,1.163932
1776099514.52175,366.5191032886505,IO -> PLC,2.97917
1776099514.5689285,366.5662817955017,PLC -> IO,1.399022
1776099514.5857484,366.58310174942017,IO -> PLC,2.55455
1776099514.632931,366.6302843093872,PLC -> IO,1.450022
1776099514.6497471,366.6471004486084,IO -> PLC,1.07029
1776099514.6969335,366.6942868232727,PLC -> IO,1.801042
1776099514.7137446,366.71109795570374,IO -> PLC,2.53009
1776099514.7609363,366.7582895755768,PLC -> IO,1.498272
1776099514.7777433,366.77509665489197,IO -> PLC,3.65386
1776099514.8249388,366.8222920894623,PLC -> IO,1.226782
1776099514.8417418,366.8390951156616,IO -> PLC,1.56141
1776099514.8889413,366.8862946033478,PLC -> IO,1.238182
1776099514.9057405,366.90309381484985,IO -> PLC,1.52193
1776099514.952944,366.95029735565186,PLC -> IO,1.202872
1776099514.969739,366.9670922756195,IO -> PLC,0.94995
1776099515.0169466,367.01429986953735,PLC -> IO,1.152342
1776099515.0337374,367.03109073638916,IO -> PLC,1.29865
1776099515.080949,367.07830238342285,PLC -> IO,3.199582
1776099515.0977361,367.0950894355774,IO -> PLC,2.42763
1776099515.1449518,367.14230513572693,PLC -> IO,1.539242
1776099515.1617336,367.15908694267273,IO -> PLC,3.35188
1776099515.2089543,367.2063076496124,PLC -> IO,1.343912
1776099515.2257323,367.22308564186096,IO -> PLC,1.80817
1776099515.2729568,367.2703101634979,PLC -> IO,1.265792
1776099515.2897308,367.2870841026306,IO -> PLC,1.83726
1776099515.3369594,367.3343126773834,PLC -> IO,1.273352
1776099515.3537295,367.35108280181885,IO -> PLC,1.76306
1776099515.400962,367.3983154296875,PLC -> IO,1.202672
1776099515.417728,367.4150812625885,IO -> PLC,1.36324
1776099515.4649646,367.462317943573,PLC -> IO,1.425362
1776099515.4817264,367.47907972335815,IO -> PLC,3.51627
1776099515.5289671,367.5263204574585,PLC -> IO,1.375162
1776099515.545725,367.5430784225464,IO -> PLC,2.08721
1776099515.59297,367.5903232097626,PLC -> IO,1.324412
1776099515.6097226,367.6070759296417,IO -> PLC,1.31146
1776099515.6569724,367.65432572364807,PLC -> IO,1.281962
1776099515.6737213,367.67107462882996,IO -> PLC,3.20647
1776099515.720975,367.71832823753357,PLC -> IO,1.235922
1776099515.7377198,367.7350730895996,IO -> PLC,0.83633
1776099515.7849774,367.78233075141907,PLC -> IO,1.476622
1776099515.8017185,367.79907178878784,IO -> PLC,1.48392
1776099515.8489802,367.84633350372314,PLC -> IO,1.536742
1776099515.865717,367.8630702495575,IO -> PLC,3.63303
1776099515.9129827,367.91033601760864,PLC -> IO,1.439742
1776099515.9297156,367.9270689487457,IO -> PLC,1.83619
1776099515.9769852,367.97433853149414,PLC -> IO,1.215052
1776099515.993714,367.9910674095154,IO -> PLC,3.67184
1776099516.040988,368.0383412837982,PLC -> IO,1.169012
1776099516.0577128,368.0550661087036,IO -> PLC,1.16265
1776099516.1049905,368.1023437976837,PLC -> IO,1.341862
1776099516.1217103,368.11906361579895,IO -> PLC,1.13949
1776099516.168993,368.1663463115692,PLC -> IO,1.319332
1776099516.1857088,368.1830620765686,IO -> PLC,1.14929
1776099516.2329955,368.2303488254547,PLC -> IO,1.286972
1776099516.2497075,368.24706077575684,IO -> PLC,1.30839
1776099516.2969983,368.2943515777588,PLC -> IO,2.062492
1776099516.313706,368.3110592365265,IO -> PLC,1.48308
1776099516.3610008,368.3583540916443,PLC -> IO,1.571632
1776099516.3777046,368.3750579357147,IO -> PLC,3.51314
1776099516.4250033,368.4223566055298,PLC -> IO,1.341912
1776099516.441703,368.4390563964844,IO -> PLC,2.19376
1776099516.489006,368.48635935783386,PLC -> IO,1.374502
1776099516.5057018,368.5030550956726,IO -> PLC,2.17061
1776099516.5530086,368.55036187171936,PLC -> IO,1.173812
1776099516.5696993,368.56705260276794,IO -> PLC,1.24349
1776099516.617011,368.61436438560486,PLC -> IO,1.678032
1776099516.6336977,368.6310510635376,IO -> PLC,2.25871
1776099516.6810138,368.67836713790894,PLC -> IO,1.665512
1776099516.6976964,368.69504976272583,IO -> PLC,1.75233
1776099516.7450163,368.74236965179443,PLC -> IO,1.541792
1776099516.761695,368.7590482234955,IO -> PLC,2.85162
1776099516.8090189,368.80637216567993,PLC -> IO,1.266062
1776099516.8256936,368.8230469226837,IO -> PLC,1.13982
1776099516.8730214,368.87037467956543,PLC -> IO,1.573382
1776099516.889692,368.88704538345337,IO -> PLC,1.87782
1776099516.937024,368.9343774318695,PLC -> IO,1.214062
1776099516.9536908,368.9510440826416,IO -> PLC,1.28744
1776099517.0010266,368.998379945755,PLC -> IO,1.370662
1776099517.0176883,369.01504158973694,IO -> PLC,3.63192
1776099517.0650291,369.0623824596405,PLC -> IO,1.429592
1776099517.0816867,369.0790400505066,IO -> PLC,1.73395
1776099517.129032,369.1263852119446,PLC -> IO,1.559242
1776099517.1456854,369.1430387496948,IO -> PLC,2.73396
1776099517.1930344,369.1903877258301,PLC -> IO,1.301672
1776099517.209684,369.2070372104645,IO -> PLC,1.27226
1776099517.257037,369.2543902397156,PLC -> IO,1.265472
1776099517.2736826,369.2710359096527,IO -> PLC,2.32835
1776099517.3210394,369.3183927536011,PLC -> IO,1.290002
1776099517.3376813,369.33503460884094,IO -> PLC,1.16362
1776099517.3850422,369.38239550590515,PLC -> IO,2.311512
1776099517.4016798,369.3990330696106,IO -> PLC,1.23592
1776099517.4490447,369.44639801979065,PLC -> IO,1.339362
1776099517.4656782,369.46303153038025,IO -> PLC,0.64962
1776099517.5130472,369.51040053367615,PLC -> IO,1.439642
1776099517.529676,369.52702927589417,IO -> PLC,2.26381
1776099517.57705,369.5744032859802,PLC -> IO,1.269522
1776099517.5936744,369.5910277366638,IO -> PLC,1.28653
1776099517.6410525,369.6384057998657,PLC -> IO,1.474772
1776099517.6576731,369.65502643585205,IO -> PLC,2.22094
1776099517.705055,369.7024083137512,PLC -> IO,1.293362
1776099517.7216716,369.7190248966217,IO -> PLC,2.20202
1776099517.7690578,369.7664110660553,PLC -> IO,1.289562
1776099517.78567,369.78302335739136,IO -> PLC,3.337
1776099517.8330603,369.8304135799408,PLC -> IO,1.292092
1776099517.8496687,369.8470220565796,IO -> PLC,1.24951
1776099517.8970628,369.8944160938263,PLC -> IO,1.518932
1776099517.9136672,369.91102051734924,IO -> PLC,0.77097
1776099517.9610653,369.9584186077118,PLC -> IO,1.500972
1776099517.977665,369.97501826286316,IO -> PLC,1.19328
1776099518.025068,370.02242136001587,PLC -> IO,1.199232
1776099518.0416634,370.0390167236328,IO -> PLC,1.53269
1776099518.0890706,370.08642387390137,PLC -> IO,1.190642
1776099518.105662,370.10301542282104,IO -> PLC,1.31209
1776099518.153073,370.15042638778687,PLC -> IO,1.612542
1776099518.1696606,370.1670138835907,IO -> PLC,1.50295
1776099518.2170758,370.21442914009094,PLC -> IO,1.452402
1776099518.233659,370.23101234436035,IO -> PLC,1.09393
1776099518.2810783,370.27843165397644,PLC -> IO,1.611012
1776099518.2976577,370.2950110435486,IO -> PLC,3.76314
1776099518.3450809,370.34243416786194,PLC -> IO,1.528022
1776099518.3616564,370.3590097427368,IO -> PLC,3.69806
1776099518.4090834,370.40643668174744,PLC -> IO,1.300282
1776099518.425654,370.42300724983215,IO -> PLC,2.19435
1776099518.473086,370.4704394340515,PLC -> IO,1.171122
1776099518.4896524,370.4870057106018,IO -> PLC,1.5959
1776099518.5370886,370.534441947937,PLC -> IO,1.188202
1776099518.553651,370.55100440979004,IO -> PLC,2.32022
1776099518.6010911,370.5984444618225,PLC -> IO,1.197772
1776099518.6176496,370.6150028705597,IO -> PLC,1.35606
1776099518.665094,370.6624472141266,PLC -> IO,1.812882
1776099518.6816483,370.6790015697479,IO -> PLC,3.06882
1776099518.7290964,370.7264497280121,PLC -> IO,1.845802
1776099518.7456467,370.7430000305176,IO -> PLC,1.30998
1776099518.793099,370.7904522418976,PLC -> IO,1.440952
1776099518.8096454,370.8069987297058,IO -> PLC,2.24142
1776099518.8571014,370.8544547557831,PLC -> IO,1.418112
1776099518.873643,370.87099623680115,IO -> PLC,1.09191
1776099518.9211042,370.91845750808716,PLC -> IO,1.259582
1776099518.9376414,370.9349946975708,IO -> PLC,1.83078
1776099518.9851067,370.98246002197266,PLC -> IO,1.278832
1776099519.00164,370.99899339675903,IO -> PLC,2.57262
1776099519.0491092,371.04646253585815,PLC -> IO,3.273492
1776099519.0656385,371.0629918575287,IO -> PLC,3.49278
1776099519.113112,371.11046528816223,PLC -> IO,1.485552
1776099519.1296372,371.1269905567169,IO -> PLC,1.62858
1776099519.1771145,371.17446780204773,PLC -> IO,1.365112
1776099519.1936357,371.1909890174866,IO -> PLC,0.78635
1776099519.241117,371.2384703159332,PLC -> IO,1.324262
1776099519.2576344,371.2549877166748,IO -> PLC,1.34275
1776099519.3051198,371.3024730682373,PLC -> IO,1.291672
1776099519.3216329,371.31898617744446,IO -> PLC,1.71089
1776099519.3691223,371.3664755821228,PLC -> IO,1.326432
1776099519.3856306,371.3829839229584,IO -> PLC,3.71254
1776099519.4331248,371.4304780960083,PLC -> IO,1.443842
1776099519.449629,371.446982383728,IO -> PLC,2.82406
1776099519.4971273,371.4944806098938,PLC -> IO,1.772372
1776099519.5136275,371.5109808444977,IO -> PLC,1.27532
1776099519.56113,371.5584833621979,PLC -> IO,1.451282
1776099519.5776262,371.5749795436859,IO -> PLC,3.42834
1776099519.6251326,371.6224858760834,PLC -> IO,1.211322
1776099519.6416247,371.63897800445557,IO -> PLC,2.56043
1776099519.689135,371.6864883899689,PLC -> IO,1.273852
1776099519.7056234,371.7029767036438,IO -> PLC,1.97109
1776099519.7531378,371.75049114227295,PLC -> IO,1.331972
1776099519.7696218,371.76697516441345,IO -> PLC,1.35198
1776099519.8171403,371.81449365615845,PLC -> IO,1.348022
1776099519.8336194,371.8309726715088,IO -> PLC,0.99329
1776099519.8811429,371.87849617004395,PLC -> IO,1.847212
1776099519.897618,371.894971370697,IO -> PLC,1.35615
1776099519.9451456,371.942498922348,PLC -> IO,1.747332
1776099519.9616165,371.9589698314667,IO -> PLC,2.14112
1776099520.0091481,372.0065014362335,PLC -> IO,1.345602
1776099520.0256152,372.0229685306549,IO -> PLC,1.50049
1776099520.0731506,372.070503950119,PLC -> IO,1.206112
1776099520.089614,372.08696722984314,IO -> PLC,3.77136
1776099520.1371531,372.1345064640045,PLC -> IO,1.156952
1776099520.1536124,372.1509656906128,IO -> PLC,1.27225
1776099520.201156,372.1985092163086,PLC -> IO,1.226122
1776099520.217611,372.214964389801,IO -> PLC,2.56611
1776099520.2651584,372.2625117301941,PLC -> IO,1.751542
1776099520.2816095,372.2789628505707,IO -> PLC,3.88365
1776099520.329161,372.3265142440796,PLC -> IO,1.747832
1776099520.345607,372.342960357666,IO -> PLC,3.12119
1776099520.3931637,372.39051699638367,PLC -> IO,1.303052
1776099520.4096057,372.40695905685425,IO -> PLC,1.61949
1776099520.4571662,372.45451951026917,PLC -> IO,1.331332
1776099520.4736042,372.4709575176239,IO -> PLC,2.30916
1776099520.5211687,372.51852202415466,PLC -> IO,1.230492
1776099520.537603,372.53495621681213,IO -> PLC,1.34188
1776099520.5851712,372.58252453804016,PLC -> IO,1.448542
1776099520.6016014,372.5989546775818,IO -> PLC,3.4109
1776099520.649174,372.64652729034424,PLC -> IO,2.620942
1776099520.6655998,372.66295313835144,IO -> PLC,1.51805
1776099520.7131765,372.71052980422974,PLC -> IO,1.422472
1776099520.7295985,372.7269518375397,IO -> PLC,2.61832
1776099520.777179,372.77453231811523,PLC -> IO,1.316662
1776099520.793596,372.790949344635,IO -> PLC,1.27118
1776099520.8411818,372.8385350704193,PLC -> IO,1.308702
1776099520.8575947,372.85494804382324,IO -> PLC,0.61031
1776099520.9051843,372.9025375843048,PLC -> IO,1.309312
1776099520.9215932,372.9189465045929,IO -> PLC,0.58412
1776099520.9691868,372.9665400981903,PLC -> IO,1.273432
1776099520.985592,372.9829452037811,IO -> PLC,1.78573
1776099521.0331893,373.0305426120758,PLC -> IO,1.203312
1776099521.0495903,373.0469436645508,IO -> PLC,5.82612
1776099521.097192,373.0945453643799,PLC -> IO,1.727132
1776099521.113589,373.110942363739,IO -> PLC,3.26542
1776099521.1611946,373.1585478782654,PLC -> IO,1.423642
1776099521.1775875,373.17494082450867,IO -> PLC,1.57434
1776099521.225197,373.2225503921509,PLC -> IO,1.690812
1776099521.241585,373.238938331604,IO -> PLC,3.21438
1776099521.2891998,373.28655314445496,PLC -> IO,1.337802
1776099521.3055837,373.30293703079224,IO -> PLC,2.60856
1776099521.3532023,373.35055565834045,PLC -> IO,1.311362
1776099521.3695822,373.3669354915619,IO -> PLC,2.05017
1776099521.4172049,373.41455817222595,PLC -> IO,1.256522
1776099521.4335809,373.4309341907501,IO -> PLC,1.26722
1776099521.4812076,373.47856092453003,PLC -> IO,1.700822
1776099521.4975793,373.4949326515198,IO -> PLC,3.77555
1776099521.5452101,373.5425634384155,PLC -> IO,1.678152
1776099521.561578,373.558931350708,IO -> PLC,4.25001
1776099521.6092126,373.606565952301,PLC -> IO,1.186742
1776099521.6255765,373.62292981147766,IO -> PLC,1.57882
1776099521.6732152,373.6705684661865,PLC -> IO,1.185182
1776099521.6895812,373.68693447113037,IO -> PLC,1.42197
1776099521.737218,373.7345712184906,PLC -> IO,1.221722
1776099521.7535727,373.75092601776123,IO -> PLC,0.56526
1776099521.8012204,373.7985737323761,PLC -> IO,1.666492
1776099521.8175714,373.81492471694946,IO -> PLC,1.72071
1776099521.865223,373.8625762462616,PLC -> IO,2.070462
1776099521.8815699,373.8789231777191,IO -> PLC,4.25168
1776099521.9292257,373.9265789985657,PLC -> IO,1.676092
1776099521.9455683,373.94292163848877,IO -> PLC,1.69113
1776099521.9932282,373.9905815124512,PLC -> IO,1.311552
1776099522.009567,374.006920337677,IO -> PLC,1.45716
1776099522.0572307,374.05458402633667,PLC -> IO,1.259602
1776099522.0735655,374.07091879844666,IO -> PLC,1.63281
1776099522.1212332,374.11858654022217,PLC -> IO,1.237082
1776099522.1375642,374.1349174976349,IO -> PLC,2.37041
1776099522.185236,374.18258929252625,PLC -> IO,1.274002
1776099522.2015617,374.1989150047302,IO -> PLC,2.18581
1776099522.2492385,374.24659180641174,PLC -> IO,1.310372
1776099522.2655602,374.2629134654999,IO -> PLC,2.52931
1776099522.313241,374.31059432029724,PLC -> IO,1.630102
1776099522.329566,374.3269193172455,IO -> PLC,1.97573
1776099522.3772438,374.3745970726013,PLC -> IO,1.643262
1776099522.3935573,374.39091062545776,IO -> PLC,4.28044
1776099522.4412463,374.4385995864868,PLC -> IO,1.620992
1776099522.457556,374.454909324646,IO -> PLC,1.34083
1776099522.5052488,374.5026021003723,PLC -> IO,1.275732
1776099522.5215545,374.51890778541565,IO -> PLC,2.44236
1776099522.5692513,374.5666046142578,PLC -> IO,1.255222
1776099522.5855532,374.5829064846039,IO -> PLC,1.27756
1776099522.633254,374.6306073665619,PLC -> IO,1.268542
1776099522.6495507,374.6469039916992,IO -> PLC,2.20876
1776099522.6972566,374.6946098804474,PLC -> IO,1.663472
1776099522.7135491,374.7109024524689,IO -> PLC,1.26116
1776099522.761259,374.7586123943329,PLC -> IO,1.601912
1776099522.7775478,374.7749011516571,IO -> PLC,4.09214
1776099522.8252618,374.82261514663696,PLC -> IO,1.591482
1776099522.8415465,374.83889985084534,IO -> PLC,2.17049
1776099522.8892643,374.88661766052246,PLC -> IO,1.877202
1776099522.905545,374.902898311615,IO -> PLC,1.18785
1776099522.9532669,374.95062017440796,PLC -> IO,1.245222
1776099522.9695437,374.9668970108032,IO -> PLC,1.16278
1776099523.0172696,375.01462292671204,PLC -> IO,1.581272
1776099523.0335422,375.0308954715729,IO -> PLC,2.09607
1776099523.0812721,375.07862544059753,PLC -> IO,1.644272
1776099523.0975397,375.0948929786682,IO -> PLC,2.65998
1776099523.1452746,375.14262795448303,PLC -> IO,1.581122
1776099523.1615384,375.15889167785645,IO -> PLC,3.41205
1776099523.2092772,375.20663046836853,PLC -> IO,1.209782
1776099523.2255368,375.2228901386261,IO -> PLC,1.29992
1776099523.27328,375.2706332206726,PLC -> IO,1.140312
1776099523.2895355,375.28688883781433,IO -> PLC,3.72432
1776099523.3372824,375.3346357345581,PLC -> IO,1.593572
1776099523.353534,375.350887298584,IO -> PLC,1.8242
1776099523.401285,375.3986382484436,PLC -> IO,1.553522
1776099523.4175327,375.4148859977722,IO -> PLC,1.80224
1776099523.4652877,375.4626410007477,PLC -> IO,1.598372
1776099523.4815311,375.47888445854187,IO -> PLC,2.66097
1776099523.5292902,375.5266435146332,PLC -> IO,1.563042
1776099523.5455296,375.5428829193115,IO -> PLC,1.56992
1776099523.5932927,375.5906460285187,PLC -> IO,1.544682
1776099523.6095273,375.60688066482544,IO -> PLC,1.5438
1776099523.6572952,375.6546485424042,PLC -> IO,1.542412
1776099523.6735258,375.6708791255951,IO -> PLC,2.67375
1776099523.721298,375.71865129470825,PLC -> IO,1.234432
1776099523.7375245,375.7348778247833,IO -> PLC,1.52222
1776099523.7853005,375.78265380859375,PLC -> IO,1.538642
1776099523.801523,375.798876285553,IO -> PLC,2.72087
1776099523.849303,375.84665632247925,PLC -> IO,1.538132
1776099523.8655217,375.8628749847412,IO -> PLC,0.55746
1776099523.9133058,375.9106590747833,PLC -> IO,1.826252
1776099523.9295201,375.92687344551086,IO -> PLC,2.79448
1776099523.9773083,375.9746615886688,PLC -> IO,1.526932
1776099523.9935188,375.9908721446991,IO -> PLC,1.25494
1776099524.0413108,376.0386641025543,PLC -> IO,1.519052
1776099524.0575163,376.05486965179443,IO -> PLC,1.41516
1776099524.1053135,376.1026668548584,PLC -> IO,1.500212
1776099524.1215148,376.1188681125641,IO -> PLC,2.33732
1776099524.169316,376.1666693687439,PLC -> IO,1.473542
1776099524.1855135,376.1828668117523,IO -> PLC,2.73402
1776099524.2333186,376.2306718826294,PLC -> IO,1.515012
1776099524.249512,376.246865272522,IO -> PLC,0.82686
1776099524.297321,376.2946743965149,PLC -> IO,1.681862
1776099524.3135107,376.3108639717102,IO -> PLC,4.13089
1776099524.3613238,376.35867714881897,PLC -> IO,1.566302
1776099524.377509,376.37486243247986,IO -> PLC,1.11656
1776099524.4253263,376.42267966270447,PLC -> IO,1.494172
1776099524.4415078,376.4388611316681,IO -> PLC,1.49711
1776099524.4893289,376.48668217658997,PLC -> IO,1.487492
1776099524.5055053,376.5028586387634,IO -> PLC,1.10442
1776099524.5533316,376.55068492889404,PLC -> IO,1.484502
1776099524.569504,376.56685733795166,IO -> PLC,1.88537
1776099524.6173341,376.61468744277954,PLC -> IO,1.661102
1776099524.6335025,376.6308557987213,IO -> PLC,1.25715
1776099524.6813366,376.67868995666504,PLC -> IO,1.625952
1776099524.697501,376.69485425949097,IO -> PLC,3.30353
1776099524.7453392,376.74269247055054,PLC -> IO,1.453902
1776099524.7614996,376.7588529586792,IO -> PLC,2.91187
1776099524.809342,376.8066952228546,PLC -> IO,1.491552
1776099524.825498,376.82285141944885,IO -> PLC,1.57706
1776099524.8733444,376.8706977367401,PLC -> IO,1.469602
1776099524.8894968,376.8868501186371,IO -> PLC,1.15245
1776099524.937347,376.9347002506256,PLC -> IO,1.474522
1776099524.9534943,376.9508476257324,IO -> PLC,1.91396
1776099525.0013497,376.9987030029297,PLC -> IO,1.463682
1776099525.017493,377.01484632492065,IO -> PLC,0.67339
1776099525.0653522,377.0627055168152,PLC -> IO,1.650932
1776099525.0814915,377.0788447856903,IO -> PLC,4.41248
1776099525.1293547,377.1267080307007,PLC -> IO,1.648572
1776099525.14549,377.14284324645996,IO -> PLC,2.23708
1776099525.1933572,377.1907105445862,PLC -> IO,1.194842
1776099525.2094886,377.2068419456482,IO -> PLC,1.25644
1776099525.25736,377.25471329689026,PLC -> IO,1.445772
1776099525.273487,377.27084040641785,IO -> PLC,1.24992
1776099525.3213625,377.31871581077576,PLC -> IO,1.174522
1776099525.3374858,377.3348391056061,IO -> PLC,1.97016
1776099525.385365,377.38271832466125,PLC -> IO,2.608462
1776099525.4014845,377.3988378047943,IO -> PLC,2.04548
1776099525.4493678,377.44672107696533,PLC -> IO,1.793432
1776099525.465482,377.46283531188965,IO -> PLC,1.46862
1776099525.5133703,377.51072359085083,PLC -> IO,1.794182
1776099525.5294805,377.5268337726593,IO -> PLC,1.73005
1776099525.5773728,377.5747261047363,PLC -> IO,1.422292
1776099525.5934792,377.59083247184753,IO -> PLC,4.04387
1776099525.6413755,377.6387288570404,PLC -> IO,1.420492
1776099525.6574776,377.6548309326172,IO -> PLC,1.4926
1776099525.705378,377.7027313709259,PLC -> IO,1.422132
1776099525.7214763,377.7188296318054,IO -> PLC,2.2426
1776099525.7693806,377.7667338848114,PLC -> IO,1.374252
1776099525.7854748,377.7828280925751,IO -> PLC,1.08595
1776099525.833383,377.8307363986969,PLC -> IO,1.412052
1776099525.8494735,377.8468267917633,IO -> PLC,2.21397
1776099525.8973858,377.894739151001,PLC -> IO,2.064272
1776099525.913471,377.91082429885864,IO -> PLC,1.24069
1776099525.9613883,377.9587416648865,PLC -> IO,1.585822
1776099525.9774694,377.9748227596283,IO -> PLC,4.06246
1776099526.0253909,378.022744178772,PLC -> IO,1.504972
1776099526.0414681,378.0388214588165,IO -> PLC,2.72333
1776099526.0893936,378.08674693107605,PLC -> IO,1.398772
1776099526.1054666,378.1028199195862,IO -> PLC,5.29516
1776099526.1533961,378.15074944496155,PLC -> IO,1.390322
1776099526.1694653,378.1668186187744,IO -> PLC,1.54072
1776099526.2173986,378.21475195884705,PLC -> IO,1.390532
1776099526.2334638,378.23081707954407,IO -> PLC,2.46889
1776099526.2814012,378.27875447273254,PLC -> IO,1.661862
1776099526.2974622,378.2948155403137,IO -> PLC,0.7011
1776099526.345404,378.3427572250366,PLC -> IO,1.581342
1776099526.36146,378.35881328582764,IO -> PLC,3.95393
1776099526.4094064,378.4067597389221,PLC -> IO,1.377622
1776099526.4254584,378.4228117465973,IO -> PLC,1.26841
1776099526.473409,378.4707622528076,PLC -> IO,1.380142
1776099526.4894571,378.4868104457855,IO -> PLC,2.02241
1776099526.5374117,378.5347650051117,PLC -> IO,1.395632
1776099526.5534556,378.5508089065552,IO -> PLC,1.41674
1776099526.6014142,378.5987675189972,PLC -> IO,1.673042
1776099526.6174543,378.6148076057434,IO -> PLC,2.15667
1776099526.6654167,378.6627700328827,PLC -> IO,1.783412
1776099526.6814528,378.67880606651306,IO -> PLC,0.6632
1776099526.7294195,378.72677278518677,PLC -> IO,1.533602
1776099526.7454515,378.7428047657013,IO -> PLC,3.26056
1776099526.793422,378.79077529907227,PLC -> IO,1.364762
1776099526.80945,378.80680322647095,IO -> PLC,0.62217
1776099526.8574245,378.85477781295776,PLC -> IO,1.348392
1776099526.8734474,378.8708007335663,IO -> PLC,3.03736
1776099526.921427,378.91878032684326,PLC -> IO,1.341002
1776099526.937446,378.9347994327545,IO -> PLC,1.30212
1776099526.9854298,378.98278307914734,PLC -> IO,1.603452
1776099527.0014446,378.99879789352417,IO -> PLC,2.42191
1776099527.0494323,379.04678559303284,PLC -> IO,3.705562
1776099527.0654433,379.0627965927124,IO -> PLC,3.29391
1776099527.1134348,379.11078810691833,PLC -> IO,1.894592
1776099527.1294417,379.12679505348206,IO -> PLC,2.49464
1776099527.1774375,379.1747908592224,PLC -> IO,1.403342
1776099527.1934404,379.1907937526703,IO -> PLC,1.96978
1776099527.24144,379.2387933731079,PLC -> IO,1.520502
1776099527.257439,379.25479221343994,IO -> PLC,2.35232
1776099527.3054426,379.3027958869934,PLC -> IO,1.322932
1776099527.3214366,379.31878995895386,IO -> PLC,2.88728
1776099527.369445,379.3667984008789,PLC -> IO,1.317842
1776099527.385435,379.3827884197235,IO -> PLC,4.82949
1776099527.4334478,379.430801153183,PLC -> IO,1.285172
1776099527.4494338,379.44678711891174,IO -> PLC,0.83519
1776099527.4974504,379.4948036670685,PLC -> IO,1.621062
1776099527.5134323,379.5107855796814,IO -> PLC,2.01449
1776099527.5614529,379.558806180954,PLC -> IO,1.516852
1776099527.5774307,379.57478404045105,IO -> PLC,1.29802
1776099527.6254556,379.62280893325806,PLC -> IO,1.348412
1776099527.6414294,379.6387827396393,IO -> PLC,1.29862
1776099527.6894581,379.68681144714355,PLC -> IO,1.493342
1776099527.705428,379.70278120040894,IO -> PLC,1.65637
1776099527.7534606,379.75081396102905,PLC -> IO,1.291702
1776099527.7694256,379.76677894592285,IO -> PLC,1.63449
1776099527.8174632,379.81481647491455,PLC -> IO,1.466302
1776099527.833424,379.8307774066925,IO -> PLC,1.04819
1776099527.881466,379.8788192272186,PLC -> IO,1.530592
1776099527.8974226,379.89477586746216,IO -> PLC,2.80911
1776099527.9454684,379.9428217411041,PLC -> IO,1.494472
1776099527.9614213,379.9587745666504,IO -> PLC,0.85154
1776099528.009471,380.0068242549896,PLC -> IO,1.376182
1776099528.0254197,380.02277302742004,IO -> PLC,2.10749
1776099528.0734737,380.0708270072937,PLC -> IO,1.458622
1776099528.0894184,380.0867717266083,IO -> PLC,2.85045
1776099528.1374762,380.1348295211792,PLC -> IO,1.344182
1776099528.153417,380.1507704257965,IO -> PLC,2.83665
1776099528.2014787,380.1988320350647,PLC -> IO,1.282952
1776099528.2174146,380.21476793289185,IO -> PLC,1.29695
1776099528.2654815,380.2628347873688,PLC -> IO,1.544512
1776099528.281413,380.2787663936615,IO -> PLC,3.6815
1776099528.329484,380.3268373012543,PLC -> IO,1.563442
1776099528.3454118,380.34276509284973,IO -> PLC,1.8365
1776099528.3934865,380.39083981513977,PLC -> IO,1.306602
1776099528.4094102,380.4067635536194,IO -> PLC,1.6243
1776099528.457489,380.45484232902527,PLC -> IO,1.428152
1776099528.473409,380.4707622528076,IO -> PLC,1.41585
1776099528.5214918,380.51884508132935,PLC -> IO,1.500692
1776099528.5374074,380.53476071357727,IO -> PLC,3.09357
1776099528.5854943,380.58284759521484,PLC -> IO,1.473932
1776099528.601406,380.5987594127655,IO -> PLC,2.72144
1776099528.6494968,380.64685010910034,PLC -> IO,1.461332
1776099528.6654046,380.66275787353516,IO -> PLC,3.25231
1776099528.7134995,380.7108528614044,PLC -> IO,1.564492
1776099528.729402,380.7267553806305,IO -> PLC,1.90325
1776099528.777502,380.7748553752899,PLC -> IO,1.420442
1776099528.7934008,380.7907540798187,IO -> PLC,4.45558
1776099528.8415046,380.8388578891754,PLC -> IO,1.257762
1776099528.8573992,380.8547525405884,IO -> PLC,1.28356
1776099528.905507,380.9028604030609,PLC -> IO,1.254132
1776099528.921398,380.9187512397766,IO -> PLC,5.35666
1776099528.9695098,380.966863155365,PLC -> IO,1.194802
1776099528.9853964,380.98274970054626,IO -> PLC,1.63078
1776099529.0335124,381.0308656692505,PLC -> IO,1.698062
1776099529.049395,381.0467483997345,IO -> PLC,1.15224
1776099529.0975149,381.094868183136,PLC -> IO,1.650912
1776099529.1133935,381.11074686050415,IO -> PLC,1.79464
1776099529.1615176,381.15887093544006,PLC -> IO,1.538622
1776099529.177391,381.1747443675995,IO -> PLC,2.1619
1776099529.2255201,381.22287344932556,PLC -> IO,1.405222
1776099529.2413898,381.2387430667877,IO -> PLC,0.83533
1776099529.2895226,381.28687596321106,PLC -> IO,1.254382
1776099529.3053882,381.3027415275574,IO -> PLC,2.87962
1776099529.3535254,381.35087871551514,PLC -> IO,1.225292
1776099529.369387,381.3667402267456,IO -> PLC,2.09579
1776099529.417528,381.41488122940063,PLC -> IO,1.552712
1776099529.4333854,381.43073868751526,IO -> PLC,1.70309
1776099529.4815304,381.47888374328613,PLC -> IO,1.544122
1776099529.497384,381.4947373867035,IO -> PLC,1.29601
1776099529.545533,381.54288625717163,PLC -> IO,1.628002
1776099529.5613825,381.55873584747314,IO -> PLC,2.60939
1776099529.6095357,381.6068890094757,PLC -> IO,1.478282
1776099529.62538,381.6227333545685,IO -> PLC,1.06568
1776099529.6735382,381.6708915233612,PLC -> IO,1.429842
1776099529.6893787,381.6867320537567,IO -> PLC,3.71225
1776099529.7375407,381.7348940372467,PLC -> IO,1.354842
1776099529.7533772,381.75073051452637,IO -> PLC,1.79276
1776099529.8015435,381.7988967895508,PLC -> IO,1.493052
1776099529.817376,381.8147292137146,IO -> PLC,2.53653
1776099529.865546,381.8628993034363,PLC -> IO,1.747092
1776099529.8813746,381.87872791290283,IO -> PLC,4.91404
1776099529.9295485,381.9269018173218,PLC -> IO,1.505142
1776099529.945373,381.9427263736725,IO -> PLC,4.01948
1776099529.993551,381.9909043312073,PLC -> IO,1.201332
1776099530.0093715,382.00672483444214,IO -> PLC,1.32461
1776099530.0575538,382.05490708351135,PLC -> IO,1.337932
1776099530.0733702,382.07072353363037,IO -> PLC,1.69291
1776099530.1215563,382.11890959739685,PLC -> IO,1.503582
1776099530.1373677,382.1347210407257,IO -> PLC,1.29293
1776099530.1855588,382.18291211128235,PLC -> IO,1.790682
1776099530.2013664,382.19871973991394,IO -> PLC,2.06166
1776099530.2495615,382.2469148635864,PLC -> IO,1.632872
1776099530.265365,382.2627182006836,IO -> PLC,1.25814
1776099530.313564,382.3109173774719,PLC -> IO,1.560682
1776099530.3293633,382.32671666145325,IO -> PLC,3.12243
1776099530.3775666,382.3749198913574,PLC -> IO,1.329912
1776099530.393362,382.3907153606415,IO -> PLC,0.88653
1776099530.441569,382.4389224052429,PLC -> IO,1.465322
1776099530.4573605,382.45471382141113,IO -> PLC,2.90531
1776099530.5055718,382.502925157547,PLC -> IO,1.090962
1776099530.5213592,382.51871252059937,IO -> PLC,2.88031
1776099530.5695744,382.5669276714325,PLC -> IO,1.340612
1776099530.5853567,382.5827100276947,IO -> PLC,3.6272
1776099530.6335769,382.630930185318,PLC -> IO,1.353612
1776099530.6493554,382.64670872688293,IO -> PLC,1.51946
1776099530.6975796,382.69493293762207,PLC -> IO,1.644312
1776099530.7133539,382.7107071876526,IO -> PLC,3.38143
1776099530.7615821,382.75893545150757,PLC -> IO,1.586742
1776099530.7773523,382.77470564842224,IO -> PLC,1.10057
1776099530.8255847,382.82293796539307,PLC -> IO,1.502872
1776099530.841351,382.8387043476105,IO -> PLC,0.78676
1776099530.8895874,382.88694071769714,PLC -> IO,1.302912
1776099530.9053497,382.9027030467987,IO -> PLC,1.45996
1776099530.95359,382.95094323158264,PLC -> IO,1.294472
1776099530.9693482,382.96670150756836,IO -> PLC,3.68155
1776099531.0175924,383.01494574546814,PLC -> IO,1.503482
1776099531.0333457,383.0306990146637,IO -> PLC,1.20084
1776099531.081595,383.07894825935364,PLC -> IO,1.810412
1776099531.0973444,383.09469771385193,IO -> PLC,4.51815
1776099531.1455977,383.1429510116577,PLC -> IO,1.640292
1776099531.1613429,383.1586961746216,IO -> PLC,4.2085
1776099531.2096002,383.2069535255432,PLC -> IO,1.334892
1776099531.2253416,383.2226948738098,IO -> PLC,2.10053
1776099531.2736027,383.2709560394287,PLC -> IO,1.343722
1776099531.28934,383.28669333457947,IO -> PLC,1.31039
1776099531.3376055,383.3349587917328,PLC -> IO,1.343532
1776099531.3533387,383.3506920337677,IO -> PLC,1.11738
1776099531.401608,383.3989613056183,PLC -> IO,1.471262
1776099531.4173372,383.41469049453735,IO -> PLC,1.466
1776099531.4656105,383.4629638195038,PLC -> IO,1.618662
1776099531.4813359,383.4786891937256,IO -> PLC,4.52138
1776099531.529613,383.5269663333893,PLC -> IO,1.418872
1776099531.5453334,383.5426867008209,IO -> PLC,2.19316
1776099531.5936158,383.59096908569336,PLC -> IO,1.385782
1776099531.6093318,383.6066851615906,IO -> PLC,2.56227
1776099531.6576183,383.65497159957886,PLC -> IO,1.338782
1776099531.6733305,383.6706838607788,IO -> PLC,1.58475
1776099531.7216208,383.71897411346436,PLC -> IO,1.304982
1776099531.737329,383.73468232154846,IO -> PLC,1.12773
1776099531.7856236,383.78297686576843,PLC -> IO,2.137222
1776099531.8013277,383.7986810207367,IO -> PLC,5.06059
1776099531.849626,383.84697937965393,PLC -> IO,1.422192
1776099531.8653262,383.86267948150635,IO -> PLC,4.423
1776099531.9136286,383.91098189353943,PLC -> IO,1.544232
1776099531.9293249,383.9266781806946,IO -> PLC,1.70765
1776099531.9776313,383.9749846458435,PLC -> IO,1.931482
1776099531.9933224,383.9906756877899,IO -> PLC,3.84763
1776099532.0416338,384.038987159729,PLC -> IO,1.315832
1776099532.0573208,384.05467414855957,IO -> PLC,1.66278
1776099532.1056364,384.1029896736145,PLC -> IO,1.224592
1776099532.1213195,384.1186728477478,IO -> PLC,3.7194
1776099532.1696389,384.1669921875,PLC -> IO,1.369352
1776099532.185318,384.18267130851746,IO -> PLC,1.61758
1776099532.2336416,384.2309949398041,PLC -> IO,1.355872
1776099532.2493167,384.2466700077057,IO -> PLC,2.73424
1776099532.2976441,384.2949974536896,PLC -> IO,1.754412
1776099532.3133152,384.31066846847534,IO -> PLC,2.33155
1776099532.3616467,384.3589999675751,PLC -> IO,1.508122
1776099532.3773139,384.3746671676636,IO -> PLC,4.70346
1776099532.4256494,384.42300271987915,PLC -> IO,1.267842
1776099532.4413114,384.4386646747589,IO -> PLC,2.29556
1776099532.489652,384.48700523376465,PLC -> IO,1.226842
1776099532.5053098,384.50266313552856,IO -> PLC,1.71037
1776099532.5536544,384.55100774765015,PLC -> IO,1.243752
1776099532.5693085,384.5666618347168,IO -> PLC,0.95822
1776099532.617657,384.61501026153564,PLC -> IO,2.191342
1776099532.6333072,384.63066053390503,IO -> PLC,3.28118
1776099532.6816597,384.6790130138397,PLC -> IO,1.965452
1776099532.6973057,384.6946589946747,IO -> PLC,4.13686
1776099532.7456622,384.7430155277252,PLC -> IO,1.613002
1776099532.7613041,384.75865745544434,IO -> PLC,4.48956
1776099532.8096647,384.8070180416107,PLC -> IO,1.274072
1776099532.8253028,384.82265615463257,IO -> PLC,1.24002
1776099532.8736675,384.8710207939148,PLC -> IO,1.294742
1776099532.8893003,384.8866536617279,IO -> PLC,4.52949
1776099532.93767,384.9350233078003,PLC -> IO,1.286872
1776099532.953299,384.95065236091614,IO -> PLC,1.57868
1776099533.0016725,384.9990258216858,PLC -> IO,1.271402
1776099533.0172975,385.0146508216858,IO -> PLC,0.79718
1776099533.065675,385.0630283355713,PLC -> IO,1.521282
1776099533.0812962,385.078649520874,IO -> PLC,1.46429
1776099533.1296778,385.12703108787537,PLC -> IO,1.470922
1776099533.1452947,385.1426479816437,IO -> PLC,2.65655
1776099533.1936803,385.19103360176086,PLC -> IO,1.470002
1776099533.2092931,385.20664644241333,IO -> PLC,1.31365
1776099533.2576828,385.25503611564636,PLC -> IO,1.525082
1776099533.2732918,385.27064514160156,IO -> PLC,2.63095
1776099533.3216856,385.31903886795044,PLC -> IO,1.354082
1776099533.3372903,385.3346436023712,IO -> PLC,1.28173
1776099533.385688,385.38304138183594,PLC -> IO,2.312312
1776099533.401288,385.39864134788513,IO -> PLC,2.80602
1776099533.4496906,385.44704389572144,PLC -> IO,1.441842
1776099533.4652865,385.4626398086548,IO -> PLC,1.48864
1776099533.5136933,385.5110466480255,PLC -> IO,1.576842
1776099533.529285,385.52663826942444,IO -> PLC,3.30572
1776099533.5776958,385.575049161911,PLC -> IO,1.204222
1776099533.5932837,385.59063696861267,IO -> PLC,1.20183
1776099533.6416984,385.6390516757965,PLC -> IO,1.208182
1776099533.6572824,385.6546356678009,IO -> PLC,2.29912
1776099533.7057009,385.703054189682,PLC -> IO,1.764652
1776099533.7212808,385.71863412857056,IO -> PLC,2.67975
1776099533.7697036,385.7670569419861,PLC -> IO,1.362982
1776099533.7852795,385.7826328277588,IO -> PLC,4.5878
1776099533.8337061,385.8310594558716,PLC -> IO,1.536952
1776099533.849277,385.8466303348541,IO -> PLC,1.31242
1776099533.8977087,385.8950619697571,PLC -> IO,1.575962
1776099533.9132755,385.9106287956238,IO -> PLC,3.58224
1776099533.9617114,385.95906472206116,PLC -> IO,1.390792
1776099533.9772742,385.974627494812,IO -> PLC,1.26234
1776099534.025714,386.02306723594666,PLC -> IO,1.318592
1776099534.0412726,386.03862595558167,IO -> PLC,2.7755
1776099534.0897164,386.08706974983215,PLC -> IO,1.262472
1776099534.1052713,386.1026246547699,IO -> PLC,1.23988
1776099534.153719,386.15107226371765,PLC -> IO,1.232032
1776099534.1692698,386.16662311553955,IO -> PLC,3.48306
1776099534.2177217,386.21507501602173,PLC -> IO,1.429522
1776099534.2332685,386.2306218147278,IO -> PLC,1.00531
1776099534.2817242,386.2790775299072,PLC -> IO,1.594132
1776099534.297266,386.2946193218231,IO -> PLC,4.63296
1776099534.3457267,386.3430800437927,PLC -> IO,1.559762
1776099534.3612645,386.3586177825928,IO -> PLC,0.55794
1776099534.4097295,386.4070827960968,PLC -> IO,1.442512
1776099534.4252632,386.422616481781,IO -> PLC,3.4166
1776099534.473732,386.4710853099823,PLC -> IO,1.405102
1776099534.4892616,386.48661494255066,IO -> PLC,2.09186
1776099534.5377345,386.5350878238678,PLC -> IO,1.323952
1776099534.5532603,386.5506136417389,IO -> PLC,2.98739
1776099534.601737,386.5990903377533,PLC -> IO,1.229422
1776099534.6172588,386.61461210250854,IO -> PLC,1.27159
1776099534.6657398,386.6630930900574,PLC -> IO,1.512582
1776099534.6812575,386.6786108016968,IO -> PLC,2.63426
1776099534.7297423,386.72709560394287,PLC -> IO,1.638472
1776099534.745256,386.74260926246643,IO -> PLC,1.162
1776099534.7937448,386.79109811782837,PLC -> IO,1.330982
1776099534.8092535,386.80660676956177,IO -> PLC,3.20566
1776099534.8577476,386.85510087013245,PLC -> IO,1.317422
1776099534.8732522,386.87060546875,IO -> PLC,0.99808
1776099534.92175,386.91910338401794,PLC -> IO,1.343302
1776099534.9372506,386.93460392951965,IO -> PLC,2.30539
1776099534.9857526,386.98310589790344,PLC -> IO,1.741362
1776099535.0012493,386.9986026287079,IO -> PLC,1.96397
1776099535.0497553,387.0471086502075,PLC -> IO,3.858192
1776099535.0652478,387.06260108947754,IO -> PLC,4.25316
1776099535.1137578,387.111111164093,PLC -> IO,1.649762
1776099535.1292465,387.12659978866577,IO -> PLC,2.05823
1776099535.1777604,387.1751136779785,PLC -> IO,1.194512
1776099535.193245,387.1905982494354,IO -> PLC,2.35469
1776099535.2417629,387.239116191864,PLC -> IO,1.371822
1776099535.2572424,387.25459575653076,IO -> PLC,1.26956
1776099535.3057656,387.3031189441681,PLC -> IO,1.400592
1776099535.3212411,387.318594455719,IO -> PLC,2.19997
1776099535.3697681,387.3671214580536,PLC -> IO,1.376702
1776099535.3852398,387.3825931549072,IO -> PLC,5.11582
1776099535.4337707,387.4311239719391,PLC -> IO,1.403382
1776099535.4492383,387.4465916156769,IO -> PLC,3.08787
1776099535.4977734,387.49512672424316,PLC -> IO,1.604632
1776099535.5132368,387.51059007644653,IO -> PLC,1.19686
1776099535.561776,387.55912923812866,PLC -> IO,1.508902
1776099535.5772355,387.57458877563477,IO -> PLC,1.73317
1776099535.6257784,387.62313175201416,PLC -> IO,1.340232
1776099535.641234,387.6385872364044,IO -> PLC,0.61716
1776099535.689781,387.68713426589966,PLC -> IO,1.211542
1776099535.7052317,387.70258498191833,IO -> PLC,3.59574
1776099535.7537837,387.75113701820374,PLC -> IO,1.420782
1776099535.7692301,387.766583442688,IO -> PLC,1.29096
1776099535.8177862,387.81513953208923,PLC -> IO,1.407472
1776099535.8332288,387.8305821418762,IO -> PLC,2.4345
1776099535.8817887,387.87914204597473,PLC -> IO,1.788882
1776099535.8972273,387.8945806026459,IO -> PLC,3.1477
1776099535.9457915,387.9431447982788,PLC -> IO,1.556352
1776099535.9612257,387.9585790634155,IO -> PLC,4.07906
1776099536.009794,388.0071473121643,PLC -> IO,1.309752
1776099536.0252244,388.02257776260376,IO -> PLC,1.21538
1776099536.0737965,388.0711498260498,PLC -> IO,1.265632
1776099536.089223,388.0865762233734,IO -> PLC,3.8517
1776099536.1377993,388.1351525783539,PLC -> IO,1.284542
1776099536.1532207,388.15057396888733,IO -> PLC,1.18259
1776099536.2018018,388.1991550922394,PLC -> IO,1.354602
1776099536.217219,388.214572429657,IO -> PLC,3.43498
1776099536.2658043,388.2631576061249,PLC -> IO,1.771692
1776099536.2812178,388.2785711288452,IO -> PLC,2.5261
1776099536.3298068,388.3271601200104,PLC -> IO,1.646042
1776099536.3452163,388.34256958961487,IO -> PLC,3.96349
1776099536.3938096,388.39116287231445,PLC -> IO,1.364312
1776099536.409215,388.4065682888031,IO -> PLC,1.29005
1776099536.457812,388.45516538619995,PLC -> IO,1.405712
1776099536.4732134,388.47056674957275,IO -> PLC,1.04496
1776099536.5218146,388.51916790008545,PLC -> IO,1.463032
1776099536.5372121,388.534565448761,IO -> PLC,1.06278
1776099536.5858173,388.5831706523895,PLC -> IO,1.359712
1776099536.6012106,388.59856390953064,IO -> PLC,4.07184
1776099536.6498199,388.647173166275,PLC -> IO,1.412232
1776099536.665208,388.662561416626,IO -> PLC,1.81746
1776099536.7138224,388.7111756801605,PLC -> IO,2.075012
1776099536.7292068,388.7265601158142,IO -> PLC,3.29965
1776099536.7778249,388.775178194046,PLC -> IO,1.658172
1776099536.7932053,388.79055857658386,IO -> PLC,2.68798
1776099536.8418276,388.8391809463501,PLC -> IO,1.647552
1776099536.857204,388.8545572757721,IO -> PLC,3.3511
1776099536.9058301,388.9031834602356,PLC -> IO,1.418072
1776099536.9212024,388.91855573654175,IO -> PLC,0.56822
1776099536.9698327,388.9671859741211,PLC -> IO,1.345882
1776099536.9852011,388.98255443573,IO -> PLC,3.59584
1776099537.0338354,389.03118872642517,PLC -> IO,1.386952
1776099537.0491996,389.04655289649963,IO -> PLC,1.58491
1776099537.097838,389.09519124031067,PLC -> IO,1.550042
1776099537.1131973,389.11055064201355,IO -> PLC,4.31868
1776099537.1618404,389.15919375419617,PLC -> IO,1.236882
1776099537.1771958,389.1745491027832,IO -> PLC,2.21384
1776099537.225843,389.22319626808167,PLC -> IO,1.315872
1776099537.2411942,389.23854756355286,IO -> PLC,2.74183
1776099537.2898457,389.28719902038574,PLC -> IO,1.366322
1776099537.305193,389.3025462627411,IO -> PLC,1.39661
1776099537.3538482,389.35120153427124,PLC -> IO,1.392752
1776099537.3691914,389.36654472351074,IO -> PLC,2.1498
1776099537.4178507,389.41520404815674,PLC -> IO,1.547282
1776099537.43319,389.430543422699,IO -> PLC,0.62762
1776099537.4818535,389.4792068004608,PLC -> IO,1.786852
1776099537.4971886,389.4945418834686,IO -> PLC,4.38223
1776099537.545856,389.5432093143463,PLC -> IO,1.582242
1776099537.561186,389.55853939056396,IO -> PLC,1.57376
1776099537.6098585,389.6072118282318,PLC -> IO,1.250122
1776099537.6251848,389.6225380897522,IO -> PLC,3.77598
1776099537.6738613,389.6712145805359,PLC -> IO,1.320002
1776099537.6891832,389.68653655052185,IO -> PLC,3.37008
1776099537.7378638,389.7352170944214,PLC -> IO,1.238112
1776099537.753182,389.7505352497101,IO -> PLC,3.55782
1776099537.8018663,389.7992196083069,PLC -> IO,1.474972
1776099537.8171804,389.81453371047974,IO -> PLC,1.24615
1776099537.8658688,389.8632221221924,PLC -> IO,1.918712
1776099537.881179,389.87853240966797,IO -> PLC,5.19631
1776099537.9298716,389.92722487449646,PLC -> IO,1.576252
1776099537.9451776,389.9425308704376,IO -> PLC,1.32905
1776099537.993874,389.99122738838196,PLC -> IO,1.397492
1776099538.0091763,390.00652956962585,IO -> PLC,2.90245
1776099538.0578766,390.05522990226746,PLC -> IO,1.451302
1776099538.0731738,390.0705270767212,IO -> PLC,1.55739
1776099538.1218793,390.11923265457153,PLC -> IO,1.293642
1776099538.1371725,390.1345257759094,IO -> PLC,2.67932
1776099538.1858819,390.18323516845703,PLC -> IO,1.353932
1776099538.201171,390.1985242366791,IO -> PLC,1.55132
1776099538.2498844,390.24723768234253,PLC -> IO,1.342042
1776099538.2651696,390.2625229358673,IO -> PLC,1.18127
1776099538.313887,390.311240196228,PLC -> IO,1.520802
1776099538.329168,390.32652139663696,IO -> PLC,2.05928
1776099538.3778896,390.3752429485321,PLC -> IO,1.429402
1776099538.3931665,390.3905198574066,IO -> PLC,5.43291
1776099538.4418921,390.4392454624176,PLC -> IO,1.370562
1776099538.4571652,390.45451855659485,IO -> PLC,1.25549
1776099538.5058947,390.5032479763031,PLC -> IO,1.392522
1776099538.5211627,390.5185160636902,IO -> PLC,2.16637
1776099538.5698974,390.5672507286072,PLC -> IO,1.349132
1776099538.5851614,390.5825147628784,IO -> PLC,2.34091
1776099538.6339,390.6312532424927,PLC -> IO,1.525412
1776099538.64916,390.64651322364807,IO -> PLC,4.04223
1776099538.6979024,390.6952557563782,PLC -> IO,1.543382
1776099538.7131586,390.7105119228363,IO -> PLC,1.73769
1776099538.761905,390.7592582702637,PLC -> IO,1.361582
1776099538.777157,390.77451038360596,IO -> PLC,4.83587
1776099538.8259077,390.82326102256775,PLC -> IO,1.245382
1776099538.8411555,390.8385088443756,IO -> PLC,0.98902
1776099538.8899102,390.88726353645325,PLC -> IO,1.343262
1776099538.9051542,390.90250754356384,IO -> PLC,3.75648
1776099538.9539127,390.95126605033875,PLC -> IO,1.394272
1776099538.9691517,390.9665050506592,IO -> PLC,2.05005
1776099539.0179155,391.0152688026428,PLC -> IO,1.383262
1776099539.0331504,391.0305037498474,IO -> PLC,1.65727
1776099539.081918,391.0792713165283,PLC -> IO,1.774272
1776099539.097149,391.09450221061707,IO -> PLC,3.14058
1776099539.1459205,391.1432738304138,PLC -> IO,1.533422
1776099539.1611476,391.1585009098053,IO -> PLC,1.28158
1776099539.2099233,391.2072765827179,PLC -> IO,1.353932
1776099539.225146,391.22249937057495,IO -> PLC,1.0189
1776099539.2739258,391.2712790966034,PLC -> IO,1.382542
1776099539.2891448,391.2864980697632,IO -> PLC,4.82856
1776099539.3379283,391.3352816104889,PLC -> IO,1.203302
1776099539.3531432,391.35049653053284,IO -> PLC,1.15819
1776099539.4019308,391.3992841243744,PLC -> IO,1.406782
1776099539.4171407,391.4144940376282,IO -> PLC,2.86359
1776099539.4659336,391.46328687667847,PLC -> IO,1.698912
1776099539.4811394,391.4784927368164,IO -> PLC,4.96845
1776099539.529936,391.52728939056396,PLC -> IO,1.624782
1776099539.545138,391.54249119758606,IO -> PLC,3.19769
1776099539.5939386,391.59129190444946,PLC -> IO,1.328172
1776099539.6091366,391.6064898967743,IO -> PLC,1.09173
1776099539.6579413,391.65529465675354,PLC -> IO,1.319502
1776099539.673135,391.67048835754395,IO -> PLC,2.5892
1776099539.7219439,391.71929717063904,PLC -> IO,1.310332
1776099539.7371337,391.7344870567322,IO -> PLC,1.05174
1776099539.7859464,391.78329968452454,PLC -> IO,1.700392
1776099539.8011322,391.79848551750183,IO -> PLC,2.94562
1776099539.849949,391.84730219841003,PLC -> IO,1.465542
1776099539.865131,391.86248421669006,IO -> PLC,3.32697
1776099539.9139516,391.9113049507141,PLC -> IO,1.639032
1776099539.9291284,391.9264817237854,IO -> PLC,4.04129
1776099539.9779541,391.9753074645996,PLC -> IO,1.379702
1776099539.9931269,391.99048018455505,IO -> PLC,2.31214
1776099540.0419567,392.0393099784851,PLC -> IO,1.323742
1776099540.0571256,392.0544788837433,IO -> PLC,3.606
1776099540.1059594,392.1033127307892,PLC -> IO,1.279302
1776099540.121124,392.11847734451294,IO -> PLC,1.55739
1776099540.169962,392.1673152446747,PLC -> IO,1.314232
1776099540.1851227,392.1824760437012,IO -> PLC,3.94698
1776099540.2339644,392.2313177585602,PLC -> IO,1.368762
1776099540.2491212,392.2464745044708,IO -> PLC,1.47868
1776099540.2979672,392.29532051086426,PLC -> IO,1.702482
1776099540.31312,392.31047320365906,IO -> PLC,4.67623
1776099540.3619697,392.35932302474976,PLC -> IO,1.251462
1776099540.3771174,392.3744707107544,IO -> PLC,0.8581
1776099540.4259722,392.42332553863525,PLC -> IO,1.542152
1776099540.4411159,392.43846917152405,IO -> PLC,3.50786
1776099540.4899747,392.48732805252075,PLC -> IO,1.558432
1776099540.5051146,392.5024678707123,IO -> PLC,1.58302
1776099540.5539775,392.55133080482483,PLC -> IO,1.357182
1776099540.569113,392.56646633148193,IO -> PLC,3.65219
1776099540.61798,392.6153333187103,PLC -> IO,1.932292
1776099540.6331117,392.63046503067017,IO -> PLC,1.92417
1776099540.6819825,392.6793358325958,PLC -> IO,1.762952
1776099540.6971104,392.6944637298584,IO -> PLC,5.14108
1776099540.7459853,392.7433385848999,PLC -> IO,1.517392
1776099540.7611089,392.75846219062805,IO -> PLC,2.4146
1776099540.8099878,392.8073410987854,PLC -> IO,1.307342
1776099540.8251073,392.8224606513977,IO -> PLC,2.98354
1776099540.8739903,392.8713436126709,PLC -> IO,1.248182
1776099540.889105,392.8864583969116,IO -> PLC,1.0823
1776099540.9379928,392.9353461265564,PLC -> IO,1.322472
1776099540.9531035,392.9504568576813,IO -> PLC,2.77867
1776099541.0019956,392.9993488788605,PLC -> IO,1.457872
1776099541.0171022,393.0144555568695,IO -> PLC,1.22992
1776099541.065998,393.063351392746,PLC -> IO,1.790012
1776099541.0811007,393.07845401763916,IO -> PLC,5.11054
1776099541.1300006,393.12735390663147,PLC -> IO,1.549892
1776099541.1450992,393.1424524784088,IO -> PLC,1.19001
1776099541.1940033,393.19135665893555,PLC -> IO,1.342882
1776099541.2090979,393.20645117759705,IO -> PLC,2.70788
1776099541.2580059,393.25535917282104,PLC -> IO,1.310522
1776099541.2730963,393.2704496383667,IO -> PLC,1.71309
1776099541.3220084,393.31936168670654,PLC -> IO,1.297042
1776099541.337094,393.3344473838806,IO -> PLC,2.77166
1776099541.386011,393.38336420059204,PLC -> IO,2.313192
1776099541.4010925,393.39844584465027,IO -> PLC,0.90938
1776099541.4500136,393.4473669528961,PLC -> IO,1.551932
1776099541.4650912,393.4624445438385,IO -> PLC,4.3259
1776099541.5140162,393.5113694667816,PLC -> IO,1.650302
1776099541.5290897,393.52644300460815,IO -> PLC,2.23232
1776099541.5780187,393.5753719806671,PLC -> IO,1.318562
1776099541.5930882,393.5904414653778,IO -> PLC,5.06017
1776099541.6420214,393.6393747329712,PLC -> IO,1.438772
1776099541.6570868,393.65444016456604,IO -> PLC,1.04133
1776099541.706024,393.7033772468567,PLC -> IO,1.278812
1776099541.7210855,393.7184388637543,IO -> PLC,3.66341
1776099541.7700264,393.7673797607422,PLC -> IO,1.311412
1776099541.785083,393.7824363708496,IO -> PLC,2.14642
1776099541.834029,393.8313822746277,PLC -> IO,1.334972
1776099541.8490815,393.84643483161926,IO -> PLC,4.57273
1776099541.8980317,393.89538502693176,PLC -> IO,1.466952
1776099541.9130802,393.9104335308075,IO -> PLC,1.92202
1776099541.9620342,393.95938754081726,PLC -> IO,1.348502
1776099541.9770787,393.97443199157715,IO -> PLC,5.01013
1776099542.0260367,394.02339005470276,PLC -> IO,1.355182
1776099542.0410774,394.0384306907654,IO -> PLC,0.94927
1776099542.0900395,394.08739280700684,PLC -> IO,1.378422
1776099542.1050758,394.10242915153503,IO -> PLC,2.60979
1776099542.154042,394.15139532089233,PLC -> IO,1.364072
1776099542.1690745,394.16642785072327,IO -> PLC,1.26161
1776099542.2180445,394.21539783477783,PLC -> IO,1.389162
1776099542.233072,394.2304253578186,IO -> PLC,3.14014
1776099542.2820473,394.2794005870819,PLC -> IO,1.764492
1776099542.2970705,394.29442381858826,IO -> PLC,4.62546
1776099542.3460498,394.3434031009674,PLC -> IO,1.544532
1776099542.3610692,394.3584225177765,IO -> PLC,4.62502
1776099542.4100523,394.4074056148529,PLC -> IO,1.249132
1776099542.4250677,394.42242097854614,IO -> PLC,1.56564
1776099542.4740548,394.4714081287384,PLC -> IO,1.340612
1776099542.4890664,394.4864196777344,IO -> PLC,5.03888
1776099542.5380576,394.5354108810425,PLC -> IO,1.390502
1776099542.5530648,394.550418138504,IO -> PLC,1.15611
1776099542.60206,394.599413394928,PLC -> IO,1.366062
1776099542.6170635,394.61441683769226,IO -> PLC,4.55336
1776099542.6660626,394.6634159088135,PLC -> IO,2.046282
1776099542.681062,394.6784152984619,IO -> PLC,5.8185
1776099542.7300653,394.72741866111755,PLC -> IO,2.252972
1776099542.7450595,394.74241280555725,IO -> PLC,2.99689
1776099542.7940679,394.79142117500305,PLC -> IO,1.261702
1776099542.8090582,394.8064115047455,IO -> PLC,1.26574
1776099542.8580704,394.85542368888855,PLC -> IO,1.393572
1776099542.8730567,394.87040996551514,IO -> PLC,4.28912
1776099542.922073,394.91942620277405,PLC -> IO,2.421492
1776099542.9370553,394.93440866470337,IO -> PLC,6.13806
1776099542.9860756,394.9834289550781,PLC -> IO,1.502392
1776099543.0010538,394.998407125473,IO -> PLC,4.65179
1776099543.0500782,395.0474314689636,PLC -> IO,3.704182
1776099543.0650525,395.06240582466125,IO -> PLC,4.4443
1776099543.1140807,395.1114339828491,PLC -> IO,1.670002
1776099543.129051,395.1264042854309,IO -> PLC,2.78707
1776099543.1780834,395.1754367351532,PLC -> IO,1.362192
1776099543.1930485,395.19040179252625,IO -> PLC,3.22362
1776099543.242086,395.2394392490387,PLC -> IO,1.315032
1776099543.2570472,395.2544004917145,IO -> PLC,2.46426
1776099543.3060884,395.3034417629242,PLC -> IO,1.330042
1776099543.3210456,395.31839895248413,IO -> PLC,3.01066
1776099543.370091,395.3674442768097,PLC -> IO,1.308082
1776099543.3850443,395.38239765167236,IO -> PLC,5.87251
1776099543.4340937,395.43144702911377,PLC -> IO,1.499092
1776099543.449043,395.4463963508606,IO -> PLC,1.81253
1776099543.4980962,395.49544954299927,PLC -> IO,1.819382
1776099543.5130415,395.51039481163025,IO -> PLC,4.13468
1776099543.5620987,395.55945205688477,PLC -> IO,1.408042
1776099543.57704,395.5743932723999,IO -> PLC,0.71281
1776099543.6261015,395.62345480918884,PLC -> IO,1.401212
1776099543.6410377,395.6383910179138,IO -> PLC,3.29178
1776099543.690104,395.68745732307434,PLC -> IO,1.341652
1776099543.7050362,395.7023894786835,IO -> PLC,1.56174
1776099543.7541065,395.75145983695984,PLC -> IO,1.312322
1776099543.7690349,395.7663881778717,IO -> PLC,3.6358
1776099543.8181093,395.8154625892639,PLC -> IO,1.241962
1776099543.8330333,395.83038663864136,IO -> PLC,1.15197
1776099543.8821118,395.8794651031494,PLC -> IO,1.599292
1776099543.897032,395.8943853378296,IO -> PLC,5.15139
1776099543.9461143,395.9434676170349,PLC -> IO,1.483402
1776099543.9610305,395.95838379859924,IO -> PLC,1.14695
1776099544.0101168,396.0074701309204,PLC -> IO,1.316722
1776099544.025029,396.0223822593689,IO -> PLC,0.54344
1776099544.0741196,396.0714728832245,PLC -> IO,1.568052
1776099544.0890276,396.08638095855713,IO -> PLC,3.53914
1776099544.138122,396.13547539711,PLC -> IO,1.395762
1776099544.1530252,396.15037846565247,IO -> PLC,3.70551
1776099544.2021246,396.1994779109955,PLC -> IO,1.375802
1776099544.2170238,396.2143771648407,IO -> PLC,1.77475
1776099544.2661273,396.26348066329956,PLC -> IO,1.751302
1776099544.2810223,396.27837562561035,IO -> PLC,5.52833
1776099544.3301299,396.32748317718506,PLC -> IO,1.512292
1776099544.3450208,396.34237408638,IO -> PLC,1.85157
1776099544.3941324,396.39148569107056,PLC -> IO,1.302002
1776099544.4090195,396.40637278556824,IO -> PLC,1.31055
1776099544.458135,396.45548820495605,PLC -> IO,1.249092
1776099544.4730182,396.47037148475647,IO -> PLC,1.1317
1776099544.5221376,396.51949095726013,PLC -> IO,1.650182
1776099544.5370166,396.5343699455261,IO -> PLC,3.01935
1776099544.5861402,396.58349347114563,PLC -> IO,1.541672
1776099544.6010141,396.59836745262146,IO -> PLC,1.90783
1776099544.6501427,396.6474959850311,PLC -> IO,1.667722
1776099544.6650128,396.6623661518097,IO -> PLC,5.25491
1776099544.7141454,396.7114987373352,PLC -> IO,1.554152
1776099544.7290113,396.72636461257935,IO -> PLC,2.76604
1776099544.778148,396.7755012512207,PLC -> IO,1.360672
1776099544.79301,396.7903633117676,IO -> PLC,3.21834
1776099544.8421504,396.8395037651062,PLC -> IO,1.340702
1776099544.8570085,396.85436177253723,IO -> PLC,0.63002
1776099544.9061532,396.9035065174103,PLC -> IO,1.304512
1776099544.9210072,396.91836047172546,IO -> PLC,4.22471
1776099544.9701557,396.9675090312958,PLC -> IO,1.246072
1776099544.9850056,396.9823589324951,IO -> PLC,2.69933
1776099545.0341582,397.0315115451813,PLC -> IO,1.349392
1776099545.0490031,397.04635643959045,IO -> PLC,2.356
1776099545.0981607,397.0955140590668,PLC -> IO,1.654482
1776099545.1130018,397.1103551387787,IO -> PLC,2.65854
1776099545.1621635,397.15951681137085,PLC -> IO,1.379072
1776099545.1770003,397.17435359954834,IO -> PLC,2.26176
1776099545.226166,397.22351932525635,PLC -> IO,1.425192
1776099545.240999,397.2383522987366,IO -> PLC,1.15624
1776099545.2901685,397.28752183914185,PLC -> IO,1.466992
1776099545.3049974,397.3023507595062,IO -> PLC,5.06551
1776099545.3541713,397.3515245914459,PLC -> IO,1.329512
1776099545.3689961,397.36634945869446,IO -> PLC,1.99181
1776099545.4181738,397.4155271053314,PLC -> IO,1.266652
1776099545.4329946,397.4303479194641,IO -> PLC,3.71273
1776099545.4821763,397.4795296192169,PLC -> IO,1.571832
1776099545.496992,397.49434542655945,IO -> PLC,2.93186
1776099545.5461788,397.5435321331024,PLC -> IO,1.536352
1776099545.5609908,397.5583441257477,IO -> PLC,5.42497
1776099545.6101816,397.6075348854065,PLC -> IO,1.429422
1776099545.6249893,397.62234258651733,IO -> PLC,1.53917
1776099545.674184,397.671537399292,PLC -> IO,1.400822
1776099545.688988,397.68634128570557,IO -> PLC,4.8556
1776099545.7381866,397.7355399131775,PLC -> IO,1.355342
1776099545.7529864,397.7503397464752,IO -> PLC,0.73146
1776099545.8021894,397.79954266548157,PLC -> IO,2.072832
1776099545.8169851,397.81433844566345,IO -> PLC,3.92773
1776099545.8661919,397.86354517936707,PLC -> IO,1.930792
1776099545.8809836,397.8783369064331,IO -> PLC,5.89442
1776099545.9301944,397.92754769325256,PLC -> IO,1.480102
1776099545.9449823,397.94233560562134,IO -> PLC,4.86179
1776099545.994197,397.99155020713806,PLC -> IO,1.285892
1776099546.0089798,398.0063331127167,IO -> PLC,1.81049
1776099546.0581996,398.05555295944214,PLC -> IO,1.300822
1776099546.0729783,398.0703315734863,IO -> PLC,4.82899
1776099546.1222022,398.11955547332764,PLC -> IO,1.425112
1776099546.136977,398.13433027267456,IO -> PLC,1.76561
1776099546.1862047,398.18355798721313,PLC -> IO,1.451382
1776099546.2009757,398.1983289718628,IO -> PLC,3.64614
1776099546.2502074,398.2475607395172,PLC -> IO,1.462382
1776099546.264974,398.26232743263245,IO -> PLC,1.76547
1776099546.31421,398.3115632534027,PLC -> IO,1.588032
1776099546.3289726,398.3263258934021,IO -> PLC,4.35587
1776099546.3782125,398.3755657672882,PLC -> IO,1.340302
1776099546.3929713,398.39032459259033,IO -> PLC,5.48692
1776099546.4422152,398.4395685195923,PLC -> IO,1.369152
1776099546.4569688,398.45432209968567,IO -> PLC,3.20486
1776099546.5062177,398.5035710334778,PLC -> IO,1.245502
1776099546.5209675,398.5183207988739,IO -> PLC,1.88741
1776099546.5702202,398.5675735473633,PLC -> IO,1.268752
1776099546.584966,398.58231925964355,IO -> PLC,0.80981
1776099546.6342227,398.6315760612488,PLC -> IO,1.474012
1776099546.6489646,398.6463179588318,IO -> PLC,2.96267
1776099546.6982255,398.69557881355286,PLC -> IO,1.590282
1776099546.712963,398.71031641960144,IO -> PLC,3.87156
1776099546.762228,398.75958132743835,PLC -> IO,1.327522
1776099546.7769616,398.7743148803711,IO -> PLC,2.14448
1776099546.8262305,398.82358384132385,PLC -> IO,1.315962
1776099546.8409603,398.8383135795593,IO -> PLC,3.28074
1776099546.8902333,398.88758659362793,PLC -> IO,1.315992
1776099546.9049587,398.902312040329,IO -> PLC,1.33966
1776099546.9542358,398.9515891075134,PLC -> IO,1.253562
1776099546.9689565,398.9663097858429,IO -> PLC,2.85689
1776099547.0182383,399.0155916213989,PLC -> IO,1.392172
1776099547.032955,399.03030824661255,IO -> PLC,1.68368
1776099547.0822408,399.0795941352844,PLC -> IO,1.860542
1776099547.0969534,399.0943067073822,IO -> PLC,5.69935
1776099547.1462436,399.1435968875885,PLC -> IO,1.634492
1776099547.160952,399.15830540657043,IO -> PLC,1.88738
1776099547.210246,399.207599401474,PLC -> IO,1.419172
1776099547.2249508,399.22230410575867,IO -> PLC,3.53557
1776099547.2742486,399.2716019153595,PLC -> IO,1.372082
1776099547.2889493,399.2863025665283,IO -> PLC,3.13681
1776099547.3382514,399.3356046676636,PLC -> IO,1.334042
1776099547.352948,399.35030126571655,IO -> PLC,3.12805
1776099547.4022539,399.3996071815491,PLC -> IO,1.315202
1776099547.4169455,399.4142987728119,IO -> PLC,1.20737
1776099547.4662564,399.46360969543457,PLC -> IO,1.586292
1776099547.480944,399.47829723358154,IO -> PLC,2.28034
1776099547.530259,399.52761220932007,PLC -> IO,1.792822
1776099547.5449426,399.5422959327698,IO -> PLC,1.3589
1776099547.5942616,399.59161496162415,PLC -> IO,1.201482
1776099547.608941,399.60629439353943,IO -> PLC,3.24592
1776099547.6582642,399.65561747550964,PLC -> IO,1.517062
1776099547.6729398,399.67029309272766,IO -> PLC,5.10397
1776099547.7222667,399.71961998939514,PLC -> IO,1.314932
1776099547.7369382,399.7342915534973,IO -> PLC,4.30989
1776099547.7862694,399.7836227416992,PLC -> IO,1.773792
1776099547.800937,399.79829025268555,IO -> PLC,3.72151
1776099547.850272,399.8476252555847,PLC -> IO,1.472292
1776099547.8649344,399.8622877597809,IO -> PLC,4.35294
1776099547.9142745,399.9116277694702,PLC -> IO,1.546422
1776099547.928933,399.92628622055054,IO -> PLC,2.38202
1776099547.9782772,399.9756305217743,PLC -> IO,1.338702
1776099547.9929316,399.99028491973877,IO -> PLC,5.39332
1776099548.0422797,400.0396330356598,PLC -> IO,1.307772
1776099548.05693,400.0542833805084,IO -> PLC,1.19734
1776099548.1062822,400.1036355495453,PLC -> IO,1.204132
1776099548.1209288,400.11828207969666,IO -> PLC,4.02103
1776099548.1702847,400.1676380634308,PLC -> IO,1.350662
1776099548.1849272,400.1822805404663,IO -> PLC,1.54352
1776099548.2342875,400.23164081573486,PLC -> IO,1.529032
1776099548.248926,400.24627923965454,IO -> PLC,4.54227
1776099548.29829,400.29564332962036,PLC -> IO,1.798052
1776099548.3129234,400.3102767467499,IO -> PLC,3.03464
1776099548.3622925,400.35964584350586,PLC -> IO,1.291282
1776099548.376922,400.37427520751953,IO -> PLC,0.57633
1776099548.4262953,400.42364859580994,PLC -> IO,1.335962
1776099548.4409206,400.43827390670776,IO -> PLC,2.44974
1776099548.4902978,400.48765110969543,PLC -> IO,1.280002
1776099548.504919,400.5022723674774,IO -> PLC,3.15053
1776099548.5543003,400.55165362358093,PLC -> IO,1.218992
1776099548.5689178,400.56627106666565,IO -> PLC,2.00526
1776099548.6183028,400.61565613746643,PLC -> IO,1.289912
1776099548.6329162,400.6302695274353,IO -> PLC,3.68409
1776099548.6823056,400.6796588897705,PLC -> IO,1.770532
1776099548.696915,400.69426822662354,IO -> PLC,3.28132
1776099548.746308,400.743661403656,PLC -> IO,1.581762
1776099548.7609134,400.7582666873932,IO -> PLC,0.76773
1776099548.8103106,400.8076639175415,PLC -> IO,1.369882
1776099548.8249109,400.8222641944885,IO -> PLC,1.34988
1776099548.8743134,400.8716666698456,PLC -> IO,1.435612
1776099548.8889096,400.88626289367676,IO -> PLC,4.7492
1776099548.9383159,400.9356691837311,PLC -> IO,1.316682
1776099548.9529083,400.950261592865,IO -> PLC,1.68167
1776099549.0023184,400.9996716976166,PLC -> IO,1.318972
1776099549.0169067,401.01426005363464,IO -> PLC,5.72621
1776099549.066321,401.0636742115021,PLC -> IO,1.529272
1776099549.0809054,401.0782587528229,IO -> PLC,4.03282
1776099549.1303236,401.12767696380615,PLC -> IO,1.437292
1776099549.144904,401.14225721359253,IO -> PLC,4.67449
1776099549.1943262,401.19167947769165,PLC -> IO,1.335092
1776099549.2089024,401.2062556743622,IO -> PLC,1.03862
1776099549.2583287,401.25568199157715,PLC -> IO,1.322982
1776099549.2729,401.2702534198761,IO -> PLC,0.88146
1776099549.3223314,401.3196847438812,PLC -> IO,1.317652
1776099549.3368986,401.33425188064575,IO -> PLC,1.19431
1776099549.386334,401.3836872577667,PLC -> IO,2.738312
1776099549.4008973,401.398250579834,IO -> PLC,3.61863
1776099549.4503365,401.4476897716522,PLC -> IO,1.471112
1776099549.4648957,401.46224904060364,IO -> PLC,2.15972
1776099549.5143392,401.5116925239563,PLC -> IO,1.616352
1776099549.5288942,401.5262475013733,IO -> PLC,4.93662
1776099549.5783417,401.5756950378418,PLC -> IO,1.270372
1776099549.592893,401.5902462005615,IO -> PLC,3.30075
1776099549.6423442,401.6396975517273,PLC -> IO,1.231702
1776099549.6568913,401.6542446613312,IO -> PLC,0.96045
1776099549.7063468,401.7037000656128,PLC -> IO,1.219492
1776099549.720889,401.7182424068451,IO -> PLC,2.12518
1776099549.7703495,401.76770281791687,PLC -> IO,1.353222
1776099549.7848876,401.78224086761475,IO -> PLC,5.23969
1776099549.834352,401.83170533180237,PLC -> IO,1.405822
1776099549.848886,401.8462393283844,IO -> PLC,1.41253
1776099549.8983545,401.89570784568787,PLC -> IO,1.557622
1776099549.9128847,401.91023802757263,IO -> PLC,3.66283
1776099549.9623573,401.95971059799194,PLC -> IO,1.241582
1776099549.9768834,401.97423672676086,IO -> PLC,0.99555
1776099550.0263598,402.02371311187744,PLC -> IO,1.445322
1776099550.0408819,402.0382351875305,IO -> PLC,3.26738
1776099550.0903623,402.08771562576294,PLC -> IO,1.368472
1776099550.1048806,402.10223388671875,IO -> PLC,1.71647
1776099550.1543648,402.15171813964844,PLC -> IO,1.218742
1776099550.168879,402.1662323474884,IO -> PLC,3.59213
1776099550.2183676,402.2157208919525,PLC -> IO,1.238872
1776099550.2328765,402.23022985458374,IO -> PLC,1.48728
1776099550.28237,402.279723405838,PLC -> IO,1.708682
1776099550.2968752,402.294228553772,IO -> PLC,5.90016
1776099550.3463726,402.3437259197235,PLC -> IO,1.588722
1776099550.3608737,402.3582270145416,IO -> PLC,1.87234
1776099550.4103754,402.4077286720276,PLC -> IO,1.300362
1776099550.4248724,402.42222571372986,IO -> PLC,2.20136
1776099550.4743779,402.4717311859131,PLC -> IO,1.317272
1776099550.4888709,402.4862241744995,IO -> PLC,2.72943
1776099550.5383804,402.5357336997986,PLC -> IO,1.982542
1776099550.5528696,402.55022287368774,IO -> PLC,2.91925
1776099550.602383,402.5997362136841,PLC -> IO,1.913622
1776099550.616868,402.6142213344574,IO -> PLC,2.31142
1776099550.6663857,402.66373896598816,PLC -> IO,2.063262
1776099550.6808655,402.67821884155273,IO -> PLC,6.35493
1776099550.7303882,402.72774147987366,PLC -> IO,1.432732
1776099550.7448642,402.74221754074097,IO -> PLC,1.51987
1776099550.7943907,402.79174399375916,PLC -> IO,1.333572
1776099550.8088627,402.8062160015106,IO -> PLC,4.72351
1776099550.8583934,402.85574674606323,PLC -> IO,1.378162
1776099550.8728614,402.87021470069885,IO -> PLC,2.42617
1776099550.922396,402.91974925994873,PLC -> IO,1.371732
1776099550.9368598,402.9342131614685,IO -> PLC,0.93382
1776099550.9863985,402.98375177383423,PLC -> IO,1.425372
1776099551.0008585,402.99821186065674,IO -> PLC,1.68054
1776099551.0504012,403.0477545261383,PLC -> IO,3.708212
1776099551.064857,403.0622103214264,IO -> PLC,1.44785
1776099551.1144037,403.1117570400238,PLC -> IO,1.633542
1776099551.1288545,403.12620782852173,IO -> PLC,1.02956
1776099551.1784062,403.1757595539093,PLC -> IO,1.246282
1776099551.1928532,403.19020652770996,IO -> PLC,3.29099
1776099551.2424088,403.2397620677948,PLC -> IO,2.301722
1776099551.2568517,403.2542049884796,IO -> PLC,3.7985
1776099551.3064115,403.3037648200989,PLC -> IO,1.508292
1776099551.3208504,403.31820368766785,IO -> PLC,3.4282
1776099551.370414,403.3677673339844,PLC -> IO,1.386972
1776099551.3848488,403.3822021484375,IO -> PLC,0.67508
1776099551.4344165,403.4317698478699,PLC -> IO,1.416372
1776099551.4488475,403.44620084762573,IO -> PLC,4.53418
1776099551.4984193,403.49577260017395,PLC -> IO,1.549382
1776099551.512846,403.5101993083954,IO -> PLC,2.80303
1776099551.5624218,403.55977511405945,PLC -> IO,1.308372
1776099551.5768435,403.5741968154907,IO -> PLC,3.17429
1776099551.6264243,403.62377762794495,PLC -> IO,1.242892
1776099551.6408422,403.63819551467896,IO -> PLC,1.30193
1776099551.6904268,403.68778014183044,PLC -> IO,1.219492
1776099551.704841,403.7021942138672,IO -> PLC,3.50903
1776099551.7544296,403.7517828941345,PLC -> IO,1.240722
1776099551.7688394,403.76619267463684,IO -> PLC,1.40434
1776099551.818432,403.81578540802,PLC -> IO,1.482622
1776099551.832838,403.8301913738251,IO -> PLC,4.22604
1776099551.8824346,403.8797879219055,PLC -> IO,1.829722
1776099551.8968365,403.8941898345947,IO -> PLC,4.20912
1776099551.9464374,403.9437906742096,PLC -> IO,1.586382
1776099551.960835,403.9581882953644,IO -> PLC,4.57014
1776099552.0104399,404.0077931880951,PLC -> IO,1.356902
1776099552.0248337,404.0221869945526,IO -> PLC,1.70126
1776099552.0744424,404.0717957019806,PLC -> IO,1.494392
1776099552.0888312,404.08618450164795,IO -> PLC,5.48259
1776099552.138445,404.1357982158661,PLC -> IO,1.272092
1776099552.15283,404.1501832008362,IO -> PLC,1.85296
1776099552.2024477,404.19980096817017,PLC -> IO,1.277172
1776099552.2168283,404.21418166160583,IO -> PLC,1.63523
1776099552.2664502,404.26380348205566,PLC -> IO,1.451622
1776099552.2808268,404.2781801223755,IO -> PLC,3.94394
1776099552.3304527,404.32780599594116,PLC -> IO,1.613422
1776099552.3448255,404.3421788215637,IO -> PLC,2.18406
1776099552.3944554,404.39180874824524,PLC -> IO,1.363462
1776099552.408824,404.4061772823334,IO -> PLC,1.19838
1776099552.458458,404.45581126213074,PLC -> IO,1.449102
1776099552.4728227,404.4701759815216,IO -> PLC,5.3575
1776099552.5224605,404.51981377601624,PLC -> IO,1.315782
1776099552.5368202,404.53417348861694,IO -> PLC,1.17687
1776099552.5864632,404.5838165283203,PLC -> IO,2.020652
1776099552.6008189,404.5981721878052,IO -> PLC,1.6375
1776099552.6504657,404.6478190422058,PLC -> IO,1.432592
1776099552.6648173,404.66217064857483,IO -> PLC,5.02937
1776099552.7144682,404.7118215560913,PLC -> IO,1.510702
1776099552.728816,404.72616934776306,IO -> PLC,5.65769
1776099552.7784708,404.7758240699768,PLC -> IO,1.222412
1776099552.7928145,404.7901678085327,IO -> PLC,2.81129
1776099552.8424735,404.8398268222809,PLC -> IO,1.395742
1776099552.8568132,404.85416650772095,IO -> PLC,3.73233
1776099552.906476,404.9038293361664,PLC -> IO,1.325382
1776099552.9208117,404.9181649684906,IO -> PLC,1.28763
1776099552.9704785,404.9678318500519,PLC -> IO,1.370542
1776099552.9848092,404.98216247558594,IO -> PLC,3.6925
1776099553.0344813,405.03183460235596,PLC -> IO,1.578832
1776099553.0488079,405.04616117477417,IO -> PLC,2.64753
1776099553.0984838,405.09583711624146,PLC -> IO,1.706632
1776099553.1128063,405.1101596355438,IO -> PLC,1.02503
1776099553.1624863,405.15983963012695,PLC -> IO,1.280592
1776099553.176805,405.17415833473206,IO -> PLC,1.72791
1776099553.2264888,405.22384214401245,PLC -> IO,1.285512
1776099553.2408035,405.2381567955017,IO -> PLC,4.56176
1776099553.2904916,405.2878448963165,PLC -> IO,1.242512
1776099553.3048022,405.30215549468994,IO -> PLC,2.26138
1776099553.354494,405.351847410202,PLC -> IO,1.349442
1776099553.3688006,405.3661539554596,IO -> PLC,3.95982
1776099553.4184966,405.4158499240875,PLC -> IO,1.371802
1776099553.432799,405.43015241622925,IO -> PLC,1.4636
1776099553.4824994,405.4798526763916,PLC -> IO,1.843922
1776099553.4967968,405.49415016174316,IO -> PLC,5.82144
1776099553.5465019,405.5438551902771,PLC -> IO,2.122142
1776099553.5607953,405.5581486225128,IO -> PLC,1.27111
1776099553.6105044,405.6078577041626,PLC -> IO,1.297112
1776099553.624794,405.62214732170105,IO -> PLC,3.33709
1776099553.674507,405.6718602180481,PLC -> IO,1.354032
1776099553.6887925,405.6861457824707,IO -> PLC,3.4801
1776099553.7385097,405.7358629703522,PLC -> IO,1.296072
1776099553.7527912,405.75014448165894,IO -> PLC,4.79221
1776099553.8025122,405.79986548423767,PLC -> IO,1.902542
1776099553.8167896,405.8141429424286,IO -> PLC,3.07562
1776099553.8665147,405.86386799812317,PLC -> IO,1.876102
1776099553.8807883,405.8781416416168,IO -> PLC,0.64595
1776099553.9305174,405.92787075042725,PLC -> IO,1.621822
1776099553.9447858,405.94213914871216,IO -> PLC,0.58223
1776099553.99452,405.99187326431274,PLC -> IO,1.315292
1776099554.0087843,406.0061376094818,IO -> PLC,4.15339
1776099554.0585225,406.05587577819824,PLC -> IO,1.805112
1776099554.072783,406.07013630867004,IO -> PLC,2.73658
1776099554.1225252,406.1198785305023,PLC -> IO,1.254092
1776099554.1367815,406.1341347694397,IO -> PLC,3.16529
1776099554.1865277,406.1838810443878,PLC -> IO,1.583672
1776099554.2007802,406.19813346862793,IO -> PLC,2.198
1776099554.2505302,406.2478835582733,PLC -> IO,1.562832
1776099554.2647786,406.2621319293976,IO -> PLC,3.78892
1776099554.3145328,406.3118860721588,PLC -> IO,1.624242
1776099554.3287773,406.3261306285858,IO -> PLC,1.04804
1776099554.3785355,406.3758888244629,PLC -> IO,1.399392
1776099554.3927748,406.39012813568115,IO -> PLC,0.82328
1776099554.442538,406.4398913383484,PLC -> IO,1.337672
1776099554.4567735,406.4541268348694,IO -> PLC,1.91129
1776099554.5065405,406.5038938522339,PLC -> IO,1.318752
1776099554.520772,406.51812529563904,IO -> PLC,4.55281
1776099554.5705433,406.56789660453796,PLC -> IO,1.518962
1776099554.5847707,406.58212399482727,IO -> PLC,3.59273
1776099554.6345458,406.63189911842346,PLC -> IO,1.437952
1776099554.6487691,406.6461224555969,IO -> PLC,3.29124
1776099554.6985483,406.69590163230896,PLC -> IO,1.569202
1776099554.7127676,406.7101209163666,IO -> PLC,0.75934
1776099554.7625508,406.75990414619446,PLC -> IO,1.295792
1776099554.7767663,406.7741196155548,IO -> PLC,5.80305
1776099554.8265536,406.82390689849854,PLC -> IO,1.328962
1776099554.8407638,406.83811712265015,IO -> PLC,2.04533
1776099554.890556,406.88790941238403,PLC -> IO,1.518452
1776099554.9047625,406.9021158218384,IO -> PLC,4.81493
1776099554.9545586,406.95191192626953,PLC -> IO,1.555052
1776099554.968761,406.96611428260803,IO -> PLC,2.89434
1776099555.0185614,407.0159146785736,PLC -> IO,1.419892
1776099555.0327594,407.0301127433777,IO -> PLC,3.192
1776099555.0825639,407.0799171924591,PLC -> IO,1.725392
1776099555.0967581,407.0941114425659,IO -> PLC,3.83655
1776099555.1465664,407.1439197063446,PLC -> IO,1.556862
1776099555.1607566,407.15810990333557,IO -> PLC,1.76554
1776099555.210569,407.2079222202301,PLC -> IO,1.275542
1776099555.2247553,407.2221086025238,IO -> PLC,1.49845
1776099555.2745717,407.2719249725342,PLC -> IO,1.309432
1776099555.288754,407.28610730171204,IO -> PLC,5.46516
1776099555.3385742,407.3359274864197,PLC -> IO,1.545232
1776099555.3527515,407.3501048088074,IO -> PLC,1.26709
1776099555.4025767,407.3999300003052,PLC -> IO,2.007532
1776099555.41675,407.414103269577,IO -> PLC,4.28447
1776099555.4665794,407.46393275260925,PLC -> IO,1.754852
1776099555.4807487,407.47810196876526,IO -> PLC,0.75516
1776099555.530582,407.52793526649475,PLC -> IO,1.602402
1776099555.544747,407.5421004295349,IO -> PLC,5.76102
1776099555.5945845,407.59193778038025,PLC -> IO,1.305552
1776099555.6087458,407.60609912872314,IO -> PLC,2.51645
1776099555.658587,407.65594029426575,PLC -> IO,1.283122
1776099555.6727443,407.6700975894928,IO -> PLC,0.65841
1776099555.7225897,407.7199430465698,PLC -> IO,1.241152
1776099555.736743,407.73409628868103,IO -> PLC,1.53649
1776099555.7865922,407.7839455604553,PLC -> IO,1.399602
1776099555.8007405,407.79809379577637,IO -> PLC,6.1001
1776099555.8505948,407.8479480743408,PLC -> IO,1.438452
1776099555.864739,407.862092256546,IO -> PLC,3.99421
1776099555.9145975,407.9119508266449,PLC -> IO,1.448402
1776099555.9287376,407.92609095573425,IO -> PLC,4.89686
1776099555.9786,407.9759533405304,PLC -> IO,1.386122
1776099555.992736,407.9900894165039,IO -> PLC,2.2103
1776099556.0426025,408.0399558544159,PLC -> IO,1.481362
1776099556.0567348,408.05408811569214,IO -> PLC,3.9097
1776099556.1066053,408.10395860671997,PLC -> IO,1.472912
1776099556.1207333,408.1180865764618,IO -> PLC,2.97626
1776099556.1706078,408.16796112060547,PLC -> IO,1.283912
1776099556.184732,408.18208527565,IO -> PLC,6.0214
1776099556.2346103,408.23196363449097,PLC -> IO,1.365242
1776099556.2487295,408.24608278274536,IO -> PLC,2.51866
1776099556.2986128,408.29596614837646,PLC -> IO,2.268182
1776099556.312728,408.310081243515,IO -> PLC,4.7772
1776099556.3626156,408.35996890068054,PLC -> IO,1.241472
1776099556.3767266,408.37407994270325,IO -> PLC,1.92568
1776099556.426618,408.42397141456604,PLC -> IO,1.227922
1776099556.440725,408.4380784034729,IO -> PLC,0.6903
1776099556.4906206,408.48797392845154,PLC -> IO,1.428682
1776099556.5047238,408.50207710266113,IO -> PLC,1.67879
1776099556.5546234,408.5519766807556,PLC -> IO,1.339052
1776099556.5687222,408.5660755634308,IO -> PLC,4.12272
1776099556.6186259,408.6159791946411,PLC -> IO,2.121922
1776099556.632721,408.630074262619,IO -> PLC,3.91123
1776099556.6826284,408.6799817085266,PLC -> IO,1.830672
1776099556.6967194,408.6940727233887,IO -> PLC,6.25162
1776099556.746631,408.7439842224121,PLC -> IO,1.525592
1776099556.760717,408.758070230484,IO -> PLC,1.60705
1776099556.8106337,408.8079869747162,PLC -> IO,1.263712
1776099556.8247156,408.82206892967224,IO -> PLC,4.61835
1776099556.8746362,408.8719894886017,PLC -> IO,1.249662
1776099556.888714,408.8860673904419,IO -> PLC,3.08585
1776099556.9386387,408.9359920024872,PLC -> IO,1.223942
1776099556.9527128,408.9500660896301,IO -> PLC,4.75861
1776099557.0026414,408.99999475479126,PLC -> IO,1.377362
1776099557.0167112,409.0140645503998,IO -> PLC,1.50875
1776099557.066644,409.06399726867676,PLC -> IO,1.588132
1776099557.08071,409.078063249588,IO -> PLC,0.67067
1776099557.1306465,409.12799978256226,PLC -> IO,1.542252
1776099557.1447084,409.14206171035767,IO -> PLC,1.10129
1776099557.194649,409.19200229644775,PLC -> IO,1.341572
1776099557.2087061,409.2060594558716,IO -> PLC,3.16112
1776099557.2586517,409.25600504875183,PLC -> IO,1.453532
1776099557.2727046,409.27005791664124,IO -> PLC,1.06563
1776099557.3226542,409.32000756263733,PLC -> IO,1.429012
1776099557.3367033,409.33405661582947,IO -> PLC,3.88516
1776099557.3866568,409.3840100765228,PLC -> IO,2.610862
1776099557.4007018,409.3980550765991,IO -> PLC,3.87848
1776099557.4506595,409.4480128288269,PLC -> IO,1.425172
1776099557.4647002,409.4620535373688,IO -> PLC,0.56421
1776099557.514662,409.5120153427124,PLC -> IO,1.592262
1776099557.528699,409.526052236557,IO -> PLC,1.76376
1776099557.5786645,409.5760178565979,PLC -> IO,1.363262
1776099557.5926974,409.59005069732666,IO -> PLC,4.77218
1776099557.6426673,409.640020608902,PLC -> IO,1.351462
1776099557.6566951,409.6540484428406,IO -> PLC,1.32151
1776099557.7066698,409.7040231227875,PLC -> IO,1.382232
1776099557.7206936,409.71804690361023,IO -> PLC,3.4122
1776099557.7706723,409.768025636673,PLC -> IO,1.307152
1776099557.7846923,409.78204560279846,IO -> PLC,2.25747
1776099557.8346748,409.8320281505585,PLC -> IO,1.528632
1776099557.8486907,409.8460440635681,IO -> PLC,5.82761
1776099557.8986776,409.89603090286255,PLC -> IO,1.675162
1776099557.9126892,409.91004252433777,IO -> PLC,3.14833
1776099557.96268,409.96003341674805,PLC -> IO,1.263272
1776099557.976688,409.974041223526,IO -> PLC,3.80648
1776099558.0266826,410.02403593063354,PLC -> IO,1.394922
1776099558.0406866,410.03803992271423,IO -> PLC,2.34342
1776099558.0906854,410.0880386829376,PLC -> IO,1.395602
1776099558.104685,410.1020383834839,IO -> PLC,3.86057
1776099558.154688,410.1520411968231,PLC -> IO,1.360532
1776099558.1686826,410.1660358905792,IO -> PLC,2.70385
1776099558.2186904,410.2160437107086,PLC -> IO,1.353932
1776099558.2326813,410.23003458976746,IO -> PLC,5.38025
1776099558.282693,410.2800462245941,PLC -> IO,1.798232
1776099558.2966797,410.2940330505371,IO -> PLC,5.12885
1776099558.3466957,410.3440489768982,PLC -> IO,1.674902
1776099558.3606784,410.35803174972534,IO -> PLC,4.69527
1776099558.4106982,410.4080514907837,PLC -> IO,1.189332
1776099558.424677,410.422030210495,IO -> PLC,1.28877
1776099558.4747007,410.4720540046692,PLC -> IO,1.387452
1776099558.4886756,410.4860289096832,IO -> PLC,1.10184
1776099558.5387034,410.53605675697327,PLC -> IO,1.405502
1776099558.552674,410.5500273704529,IO -> PLC,2.3957
1776099558.602706,410.60005927085876,PLC -> IO,1.387142
1776099558.6166716,410.6140248775482,IO -> PLC,5.96807
1776099558.6667085,410.66406178474426,PLC -> IO,1.646552
1776099558.6806703,410.67802357673645,IO -> PLC,4.44076
1776099558.730711,410.72806429862976,PLC -> IO,1.566832
1776099558.7446687,410.7420220375061,IO -> PLC,5.36086
1776099558.7947137,410.79206705093384,PLC -> IO,1.346142
1776099558.8086674,410.80602073669434,IO -> PLC,3.05319
1776099558.8587162,410.85606956481934,PLC -> IO,1.326582
1776099558.872666,410.870019197464,IO -> PLC,0.96682
1776099558.9227188,410.92007207870483,PLC -> IO,1.273662
1776099558.9366646,410.9340178966522,IO -> PLC,1.49881
1776099558.9867215,410.9840748310089,PLC -> IO,1.281782
1776099559.000663,410.9980163574219,IO -> PLC,4.72812
1776099559.050724,411.0480773448944,PLC -> IO,3.717992
1776099559.0646605,411.0620138645172,IO -> PLC,4.92202
1776099559.1147265,411.1120798587799,PLC -> IO,1.801242
1776099559.1286592,411.12601256370544,IO -> PLC,0.68195
1776099559.1787293,411.176082611084,PLC -> IO,1.345902
1776099559.1926577,411.1900110244751,IO -> PLC,4.95787
1776099559.2427318,411.2400851249695,PLC -> IO,1.349472
1776099559.2566564,411.25400972366333,IO -> PLC,3.26167
1776099559.3067343,411.304087638855,PLC -> IO,1.298942
1776099559.3206549,411.318008184433,IO -> PLC,0.614
1776099559.3707368,411.3680901527405,PLC -> IO,1.315862
1776099559.3846536,411.3820068836212,IO -> PLC,1.15823
1776099559.4347396,411.43209290504456,PLC -> IO,1.381352
1776099559.448652,411.44600534439087,IO -> PLC,2.4909
1776099559.498742,411.49609541893005,PLC -> IO,1.489482
1776099559.5126495,411.5100028514862,IO -> PLC,5.33523
1776099559.5627446,411.56009793281555,PLC -> IO,1.354552
1776099559.5766482,411.57400155067444,IO -> PLC,1.89192
1776099559.6267474,411.62410068511963,PLC -> IO,1.384912
1776099559.6406467,411.6380000114441,IO -> PLC,1.62419
1776099559.69075,411.6881031990051,PLC -> IO,1.491922
1776099559.7046454,411.7019987106323,IO -> PLC,2.62308
1776099559.7547524,411.7521057128906,PLC -> IO,1.281792
1776099559.7686439,411.765997171402,IO -> PLC,4.67162
1776099559.818755,411.8161082267761,PLC -> IO,1.373512
1776099559.8326426,411.8299958705902,IO -> PLC,2.57085
1776099559.8827577,411.8801109790802,PLC -> IO,1.675012
1776099559.896641,411.89399433135986,IO -> PLC,0.75377
1776099559.9467602,411.9441134929657,PLC -> IO,1.496632
1776099559.9606397,411.9579930305481,IO -> PLC,5.42794
1776099560.0107627,412.0081160068512,PLC -> IO,1.183222
1776099560.0246372,412.02199053764343,IO -> PLC,3.82608
1776099560.0747654,412.0721187591553,PLC -> IO,1.324232
1776099560.088636,412.08598923683167,IO -> PLC,2.05588
1776099560.138768,412.13612127304077,PLC -> IO,1.390602
1776099560.1526344,412.1499876976013,IO -> PLC,4.0153
1776099560.2027705,412.20012378692627,PLC -> IO,1.536642
1776099560.2166328,412.213986158371,IO -> PLC,2.27806
1776099560.266773,412.26412630081177,PLC -> IO,1.759662
1776099560.2806315,412.2779848575592,IO -> PLC,0.85716
1776099560.3307757,412.32812905311584,PLC -> IO,1.937552
1776099560.34463,412.34198331832886,IO -> PLC,5.45966
1776099560.3947783,412.39213156700134,PLC -> IO,1.299972
1776099560.4086287,412.4059820175171,IO -> PLC,0.65549
1776099560.4587808,412.45613408088684,PLC -> IO,1.304892
1776099560.4726262,412.4699795246124,IO -> PLC,2.68674
1776099560.5227835,412.5201368331909,PLC -> IO,1.246202
1776099560.536625,412.53397822380066,IO -> PLC,5.02393
1776099560.586786,412.5841393470764,PLC -> IO,1.489212
1776099560.6006234,412.5979766845703,IO -> PLC,3.29389
1776099560.6507885,412.6481418609619,PLC -> IO,1.516932
1776099560.6646218,412.66197514533997,IO -> PLC,1.12449
1776099560.7147913,412.712144613266,PLC -> IO,1.633772
1776099560.7286205,412.7259738445282,IO -> PLC,1.93809
1776099560.7787938,412.7761471271515,PLC -> IO,1.338212
1776099560.7926192,412.78997254371643,IO -> PLC,0.63207
1776099560.8427963,412.840149641037,PLC -> IO,1.451062
1776099560.8566177,412.8539710044861,IO -> PLC,2.4594
1776099560.9067988,412.9041521549225,PLC -> IO,1.476142
1776099560.9206152,412.9179685115814,IO -> PLC,0.66264
1776099560.9708016,412.96815490722656,PLC -> IO,1.265942
1776099560.984614,412.98196721076965,IO -> PLC,5.07673
1776099561.034804,413.03215742111206,PLC -> IO,3.115332
1776099561.0486124,413.0459656715393,IO -> PLC,3.63335
1776099561.0988066,413.09615993499756,PLC -> IO,1.547472
1776099561.112611,413.10996437072754,IO -> PLC,4.26878
1776099561.1628094,413.16016268730164,PLC -> IO,1.377912
1776099561.1766095,413.1739628314972,IO -> PLC,0.69042
1776099561.226812,413.22416520118713,PLC -> IO,1.369162
1776099561.2406082,413.2379615306854,IO -> PLC,1.96268
1776099561.2908144,413.28816771507263,PLC -> IO,1.332072
1776099561.3046067,413.3019599914551,IO -> PLC,0.81412
1776099561.354817,413.35217022895813,PLC -> IO,1.834532
1776099561.3686051,413.36595845222473,IO -> PLC,1.90525
1776099561.4188197,413.4161729812622,PLC -> IO,1.969942
1776099561.432603,413.42995619773865,IO -> PLC,4.95647
1776099561.4828222,413.4801754951477,PLC -> IO,1.848772
1776099561.4966013,413.4939546585083,IO -> PLC,0.80137
1776099561.5468247,413.5441780090332,PLC -> IO,1.479852
1776099561.5606,413.55795335769653,IO -> PLC,6.23943
1776099561.6108274,413.6081807613373,PLC -> IO,1.230922
1776099561.6245985,413.6219518184662,IO -> PLC,3.93273
1776099561.67483,413.6721832752228,PLC -> IO,1.397602
1776099561.6885972,413.6859505176544,IO -> PLC,0.97695
1776099561.7388325,413.7361857891083,PLC -> IO,1.396362
1776099561.7525957,413.7499489784241,IO -> PLC,2.58019
1776099561.802835,413.8001883029938,PLC -> IO,1.946992
1776099561.8165944,413.8139476776123,IO -> PLC,1.36402
1776099561.8668377,413.86419105529785,PLC -> IO,1.828792
1776099561.8805919,413.87794518470764,IO -> PLC,1.06774
1776099561.9308403,413.92819356918335,PLC -> IO,1.532822
1776099561.9445903,413.9419436454773,IO -> PLC,0.56944
1776099561.9948428,413.99219608306885,PLC -> IO,1.278302
1776099562.008589,414.0059423446655,IO -> PLC,2.66197
1776099562.0588455,414.0561988353729,PLC -> IO,1.425212
1776099562.0725875,414.0699408054352,IO -> PLC,5.90168
1776099562.122848,414.1202013492584,PLC -> IO,1.366212
1776099562.1365862,414.1339395046234,IO -> PLC,2.84231
1776099562.1868505,414.1842038631439,PLC -> IO,2.066202
1776099562.2005847,414.19793796539307,IO -> PLC,4.77717
1776099562.2508533,414.248206615448,PLC -> IO,1.541572
1776099562.2645833,414.2619366645813,IO -> PLC,4.15102
1776099562.3148558,414.3122091293335,PLC -> IO,1.613942
1776099562.3285809,414.32593417167664,IO -> PLC,0.81427
1776099562.3788583,414.376211643219,PLC -> IO,1.357262
1776099562.3925793,414.3899326324463,IO -> PLC,0.70415
1776099562.4428608,414.4402141571045,PLC -> IO,1.304172
1776099562.456578,414.4539313316345,IO -> PLC,0.5674
1776099562.5068636,414.50421690940857,PLC -> IO,1.273572
1776099562.5205765,414.5179297924042,IO -> PLC,1.95326
1776099562.570866,414.56821942329407,PLC -> IO,1.203772
1776099562.5845752,414.5819284915924,IO -> PLC,2.84503
1776099562.6348686,414.63222193717957,PLC -> IO,1.363572
1776099562.6485736,414.64592695236206,IO -> PLC,2.49625
1776099562.6988714,414.69622468948364,PLC -> IO,1.752432
1776099562.7125723,414.7099256515503,IO -> PLC,0.80398
1776099562.762874,414.76022720336914,PLC -> IO,1.358932
1776099562.7765698,414.77392315864563,IO -> PLC,2.25769
1776099562.8268764,414.82422971725464,PLC -> IO,1.387062
1776099562.8405685,414.83792185783386,IO -> PLC,0.75575
1776099562.890879,414.88823223114014,PLC -> IO,1.333742
1776099562.904567,414.9019203186035,IO -> PLC,2.40923
1776099562.9548817,414.9522349834442,PLC -> IO,1.322262
1776099562.9685655,414.96591877937317,IO -> PLC,0.74552
1776099563.0188842,415.0162374973297,PLC -> IO,1.303732
1776099563.0325642,415.0299174785614,IO -> PLC,1.61248
1776099563.0828867,415.0802400112152,PLC -> IO,1.761472
1776099563.0965626,415.09391593933105,IO -> PLC,0.87474
1776099563.1468894,415.1442427635193,PLC -> IO,1.434062
1776099563.1605613,415.1579146385193,IO -> PLC,1.57153
1776099563.210892,415.2082452774048,PLC -> IO,1.381382
1776099563.2245598,415.22191309928894,IO -> PLC,0.6873
1776099563.2748945,415.2722477912903,PLC -> IO,1.496232
1776099563.2885573,415.2859106063843,IO -> PLC,0.92647
1776099563.338897,415.3362503051758,PLC -> IO,1.306102
1776099563.352556,415.3499093055725,IO -> PLC,0.74979
1776099563.4028997,415.40025305747986,PLC -> IO,1.323902
1776099563.4165545,415.41390776634216,IO -> PLC,2.45224
1776099563.4669023,415.46425557136536,PLC -> IO,1.561152
1776099563.4805532,415.4779064655304,IO -> PLC,1.15734
1776099563.5309048,415.52825808525085,PLC -> IO,1.524242
1776099563.5445518,415.5419051647186,IO -> PLC,2.60369
1776099563.5949075,415.59226083755493,PLC -> IO,1.217702
1776099563.6085503,415.6059036254883,IO -> PLC,0.68628
1776099563.65891,415.65626335144043,PLC -> IO,1.215032
1776099563.672549,415.6699023246765,IO -> PLC,1.78558
1776099563.7229125,415.7202658653259,PLC -> IO,1.357402
1776099563.7365465,415.73389983177185,IO -> PLC,0.61358
1776099563.7869153,415.78426861763,PLC -> IO,1.473042
1776099563.800545,415.7978982925415,IO -> PLC,0.6581
1776099563.8509178,415.8482711315155,PLC -> IO,1.578282
1776099563.8645437,415.86189699172974,IO -> PLC,1.22793
1776099563.9149203,415.912273645401,PLC -> IO,1.738332
1776099563.9285421,415.9258954524994,IO -> PLC,0.6305
1776099563.9789228,415.9762761592865,PLC -> IO,1.269792
1776099563.9925408,415.9898941516876,IO -> PLC,1.05801
1776099564.0429256,416.0402789115906,PLC -> IO,1.306392
1776099564.0565393,416.0538926124573,IO -> PLC,0.59148
1776099564.106928,416.1042814254761,PLC -> IO,1.214922
1776099564.1205378,416.11789107322693,IO -> PLC,0.86553
1776099564.1709306,416.1682839393616,PLC -> IO,1.250792
1776099564.1845365,416.18188977241516,IO -> PLC,3.92371
1776099564.2349334,416.23228669166565,PLC -> IO,1.510692
1776099564.248534,416.2458872795105,IO -> PLC,0.74161
1776099564.298936,416.29628920555115,PLC -> IO,1.681062
1776099564.3125327,416.30988597869873,IO -> PLC,3.50394
1776099564.3629384,416.36029171943665,PLC -> IO,2.027192
1776099564.3765311,416.3738844394684,IO -> PLC,0.73443
1776099564.426941,416.42429423332214,PLC -> IO,1.367122
1776099564.4405298,416.4378831386566,IO -> PLC,2.32022
1776099564.4909437,416.4882969856262,PLC -> IO,2.119032
1776099564.5045283,416.50188159942627,IO -> PLC,1.90169
1776099564.5549462,416.5522994995117,PLC -> IO,1.294392
1776099564.568527,416.5658802986145,IO -> PLC,2.07838
1776099564.6189487,416.6163020133972,PLC -> IO,1.343402
1776099564.6325254,416.62987875938416,IO -> PLC,3.19104
1776099564.6829515,416.6803047657013,PLC -> IO,1.666892
1776099564.696523,416.6938762664795,IO -> PLC,0.88338
1776099564.746954,416.7443072795868,PLC -> IO,1.603002
1776099564.7605217,416.7578749656677,IO -> PLC,0.9107
1776099564.8109565,416.8083097934723,PLC -> IO,1.368482
1776099564.82452,416.8218734264374,IO -> PLC,2.00887
1776099564.874959,416.8723123073578,PLC -> IO,1.405892
1776099564.8885188,416.8858721256256,IO -> PLC,1.02623
1776099564.9389617,416.93631505966187,PLC -> IO,1.327442
1776099564.9525173,416.94987058639526,IO -> PLC,1.78456
1776099565.0029643,417.00031757354736,PLC -> IO,1.313572
1776099565.016516,417.0138692855835,IO -> PLC,0.71503
1776099565.0669668,417.06432008743286,PLC -> IO,1.688192
1776099565.0805144,417.07786774635315,IO -> PLC,5.78251
1776099565.1309695,417.12832283973694,PLC -> IO,1.685112
1776099565.144512,417.1418652534485,IO -> PLC,1.00161
1776099565.194972,417.19232535362244,PLC -> IO,1.201132
1776099565.2085106,417.2058639526367,IO -> PLC,0.81173
1776099565.2589746,417.25632786750793,PLC -> IO,1.660472
1776099565.272509,417.2698624134064,IO -> PLC,2.9606
1776099565.3229773,417.320330619812,PLC -> IO,1.375542
1776099565.3365078,417.3338611125946,IO -> PLC,2.62638
1776099565.3869798,417.3843331336975,PLC -> IO,3.283722
1776099565.4005063,417.39785957336426,IO -> PLC,4.6134
1776099565.4509823,417.448335647583,PLC -> IO,1.452742
1776099565.464505,417.4618582725525,IO -> PLC,2.64583
1776099565.5149848,417.5123381614685,PLC -> IO,1.524382
1776099565.5285034,417.52585673332214,IO -> PLC,0.71083
1776099565.5789876,417.5763409137726,PLC -> IO,1.235612
1776099565.5925012,417.58985447883606,IO -> PLC,0.62135
1776099565.64299,417.6403434276581,PLC -> IO,1.318462
1776099565.6564996,417.6538529396057,IO -> PLC,4.61662
1776099565.7069926,417.7043459415436,PLC -> IO,1.373372
1776099565.720498,417.71785140037537,IO -> PLC,2.8813
1776099565.7709954,417.76834869384766,PLC -> IO,1.331582
1776099565.7844968,417.7818500995636,IO -> PLC,1.17887
1776099565.834998,417.83235120773315,PLC -> IO,1.498822
1776099565.8484952,417.84584856033325,IO -> PLC,3.40461
1776099565.8990004,417.89635372161865,PLC -> IO,1.602142
1776099565.912494,417.9098472595215,IO -> PLC,0.93103
1776099565.963003,417.96035623550415,PLC -> IO,1.326572
1776099565.9764924,417.97384572029114,IO -> PLC,1.22365
1776099566.0270057,418.0243589878082,PLC -> IO,1.297982
1776099566.040491,418.03784441947937,IO -> PLC,0.77135
1776099566.0910082,418.0883615016937,PLC -> IO,1.253532
1776099566.1044886,418.1018419265747,IO -> PLC,2.00785
1776099566.1550107,418.1523640155792,PLC -> IO,1.404062
1776099566.168487,418.16584038734436,IO -> PLC,0.90865
1776099566.2190135,418.2163667678833,PLC -> IO,1.275862
1776099566.2324858,418.2298390865326,IO -> PLC,2.53941
1776099566.283016,418.2803692817688,PLC -> IO,2.060402
1776099566.2964845,418.2938377857208,IO -> PLC,1.58437
1776099566.3470185,418.3443717956543,PLC -> IO,1.611312
1776099566.360483,418.3578362464905,IO -> PLC,2.11531
1776099566.411021,418.4083743095398,PLC -> IO,1.301342
1776099566.4244816,418.4218349456787,IO -> PLC,0.8973
1776099566.4750237,418.4723770618439,PLC -> IO,1.339862
1776099566.48848,418.48583340644836,IO -> PLC,1.20601
1776099566.5390263,418.53637957572937,PLC -> IO,1.332862
1776099566.5524776,418.5498309135437,IO -> PLC,0.9618
1776099566.6030288,418.60038208961487,PLC -> IO,1.279782
1776099566.6164763,418.61382961273193,IO -> PLC,3.57356
1776099566.6670315,418.66438484191895,PLC -> IO,1.575192
1776099566.6804748,418.6778280735016,IO -> PLC,1.18718
1776099566.731034,418.72838735580444,PLC -> IO,1.461242
1776099566.7444735,418.7418267726898,IO -> PLC,1.46947
1776099566.7950366,418.79238986968994,PLC -> IO,1.309522
1776099566.808472,418.8058252334595,IO -> PLC,0.90646
1776099566.8590393,418.856392621994,PLC -> IO,1.454282
1776099566.8724704,418.8698236942291,IO -> PLC,3.09852
1776099566.9230418,418.9203951358795,PLC -> IO,1.509122
1776099566.936469,418.93382239341736,IO -> PLC,1.09279
1776099566.9870443,418.984397649765,PLC -> IO,1.389802
1776099567.0004666,418.9978199005127,IO -> PLC,3.62887
1776099567.0510468,419.0484001636505,PLC -> IO,3.528462
1776099567.0644653,419.0618185997009,IO -> PLC,5.35091
1776099567.1150496,419.1124029159546,PLC -> IO,1.599002
1776099567.1284637,419.1258170604706,IO -> PLC,0.83132
1776099567.179052,419.1764054298401,PLC -> IO,1.264242
1776099567.1924624,419.1898157596588,IO -> PLC,1.43179
1776099567.2430546,419.2404079437256,PLC -> IO,1.241552
1776099567.256461,419.25381422042847,IO -> PLC,0.84172
1776099567.3070574,419.30441069602966,PLC -> IO,1.398162
1776099567.3204596,419.3178129196167,IO -> PLC,0.91169
1776099567.37106,419.36841320991516,PLC -> IO,1.291082
1776099567.384458,419.38181138038635,IO -> PLC,1.47433
1776099567.4350624,419.43241572380066,PLC -> IO,1.474562
1776099567.4484568,419.4458100795746,IO -> PLC,1.03659
1776099567.499065,419.49641823768616,PLC -> IO,1.667012
1776099567.5124543,419.5098075866699,IO -> PLC,2.25165
1776099567.5630677,419.56042098999023,PLC -> IO,1.294092
1776099567.5764527,419.5738060474396,IO -> PLC,0.95987
1776099567.6270702,419.62442350387573,PLC -> IO,1.301802
1776099567.6404514,419.6378047466278,IO -> PLC,0.62326
1776099567.6910727,419.68842601776123,PLC -> IO,1.279292
1776099567.70445,419.70180320739746,IO -> PLC,1.01117
1776099567.7550755,419.7524287700653,PLC -> IO,1.218692
1776099567.7684486,419.7658019065857,IO -> PLC,2.65409
1776099567.819078,419.8164312839508,PLC -> IO,1.260982
1776099567.832447,419.82980036735535,IO -> PLC,5.85988
1776099567.8830805,419.8804337978363,PLC -> IO,1.719672
1776099567.8964458,419.8937990665436,IO -> PLC,0.55272
1776099567.947083,419.9444363117218,PLC -> IO,1.503302
1776099567.9604433,419.9577965736389,IO -> PLC,0.92391
1776099568.0110857,420.0084390640259,PLC -> IO,1.261012
1776099568.0244417,420.02179503440857,IO -> PLC,1.82143
1776099568.0750883,420.0724415779114,PLC -> IO,1.516102
1776099568.0884404,420.0857937335968,IO -> PLC,1.25377
1776099568.1390908,420.1364440917969,PLC -> IO,1.418372
1776099568.1524389,420.14979219436646,IO -> PLC,2.72668
1776099568.2030935,420.20044684410095,PLC -> IO,1.283932
1776099568.2164376,420.2137908935547,IO -> PLC,1.19425
1776099568.267096,420.26444935798645,PLC -> IO,1.499572
1776099568.280436,420.27778935432434,IO -> PLC,0.64188
1776099568.3310986,420.32845187187195,PLC -> IO,1.480892
1776099568.3444347,420.3417880535126,IO -> PLC,1.1369
1776099568.395101,420.39245438575745,PLC -> IO,1.342852
1776099568.4084322,420.4057855606079,IO -> PLC,1.97626
1776099568.4591038,420.4564571380615,PLC -> IO,1.361202
1776099568.4724307,420.46978402137756,IO -> PLC,1.09491
1776099568.5231063,420.520459651947,PLC -> IO,1.260922
1776099568.5364294,420.5337827205658,IO -> PLC,1.46513
1776099568.5871089,420.5844621658325,PLC -> IO,1.417532
1776099568.6004279,420.59778118133545,IO -> PLC,1.24357
1776099568.6511116,420.6484649181366,PLC -> IO,1.529162
1776099568.6644266,420.6617798805237,IO -> PLC,3.74076
1776099568.715114,420.7124674320221,PLC -> IO,1.651372
1776099568.728425,420.72577834129333,IO -> PLC,1.05309
1776099568.7791166,420.7764699459076,PLC -> IO,1.242602
