timestamp,rel_time_s,direction,skew_ms
1776266142.9871361,16.942836046218872,PLC -> IO,2.15296
1776266143.048431,17.004130840301514,PLC -> IO,4.716559999999999
1776266143.1106482,17.0663480758667,PLC -> IO,6.6310400000000005
1776266143.1757774,17.13147735595703,PLC -> IO,2.0730399999999998
1776266143.2437782,17.199478149414062,PLC -> IO,1.71416
1776266143.3021948,17.25789475440979,PLC -> IO,1.16616
1776266143.36929,17.324990034103394,PLC -> IO,1.37448
1776266143.4313543,17.387054204940796,PLC -> IO,2.87096
1776266143.498328,17.454027891159058,PLC -> IO,3.7720800000000003
1776266143.5595355,17.515235424041748,PLC -> IO,5.56648
1776266143.6276784,17.583378314971924,PLC -> IO,15.652159999999999
1776266143.6882806,17.643980503082275,PLC -> IO,6.22336
1776266143.7511315,17.706831455230713,PLC -> IO,0.12248
1776266143.8147511,17.770451068878174,PLC -> IO,1.29024
1776266143.8797243,17.835424184799194,PLC -> IO,4.31864
1776266143.9479098,17.90360975265503,PLC -> IO,1.288
1776266144.0076177,17.96331763267517,PLC -> IO,0.44728
1776266144.0745568,18.030256748199463,PLC -> IO,0.71336
1776266144.135679,18.091378927230835,PLC -> IO,0.14008
1776266144.2010274,18.15672731399536,PLC -> IO,27.27136
1776266144.2639964,18.219696283340454,PLC -> IO,1.88152
1776266144.3291974,18.284897327423096,PLC -> IO,2.76144
1776266144.3931046,18.348804473876953,PLC -> IO,2.1806400000000004
1776266144.4617028,18.417402744293213,PLC -> IO,1.18808
1776266144.52086,18.47655987739563,PLC -> IO,4.70048
1776266144.5829098,18.538609743118286,PLC -> IO,2.8836
1776266144.647834,18.60353398323059,PLC -> IO,3.1044
1776266144.715175,18.67087483406067,PLC -> IO,0.23984
1776266144.780331,18.73603081703186,PLC -> IO,0.21776
1776266144.8423033,18.79800319671631,PLC -> IO,1.62328
1776266144.9081643,18.863864183425903,PLC -> IO,25.69696
1776266144.9667518,18.922451734542847,PLC -> IO,1.15608
1776266145.0331059,18.988805770874023,PLC -> IO,0.35184000000000004
1776266145.0958045,19.051504373550415,PLC -> IO,2.14416
1776266145.159725,19.115424871444702,PLC -> IO,0.5564
1776266145.2220178,19.177717685699463,PLC -> IO,1.31744
1776266145.2868047,19.242504596710205,PLC -> IO,5.3796
1776266145.3557105,19.311410427093506,PLC -> IO,0.75488
1776266145.4157805,19.371480464935303,PLC -> IO,3.9033599999999997
1776266145.482078,19.437777996063232,PLC -> IO,12.222480000000001
1776266145.5434759,19.499175786972046,PLC -> IO,0.22240000000000001
1776266145.6098232,19.565523147583008,PLC -> IO,0.13344
1776266145.6715877,19.62728762626648,PLC -> IO,0.2876
1776266145.7373004,19.693000316619873,PLC -> IO,1.6592799999999999
1776266145.7997038,19.755403757095337,PLC -> IO,1.1392
1776266145.8677328,19.823432683944702,PLC -> IO,2.2644800000000003
1776266145.9272416,19.882941484451294,PLC -> IO,0.23272
1776266145.9930174,19.94871735572815,PLC -> IO,1.2995999999999999
1776266146.058343,20.014042854309082,PLC -> IO,1.72744
1776266146.119633,20.07533288002014,PLC -> IO,0.64952
1776266146.1857648,20.141464710235596,PLC -> IO,13.66968
1776266146.2468746,20.202574491500854,PLC -> IO,4.18608
1776266146.314513,20.27021288871765,PLC -> IO,1.10888
1776266146.3799849,20.335684776306152,PLC -> IO,1.76752
1776266146.4438636,20.399563550949097,PLC -> IO,0.588
1776266146.5033026,20.45900249481201,PLC -> IO,0.30728
1776266146.5664632,20.522163152694702,PLC -> IO,1.7728
1776266146.6307023,20.58640217781067,PLC -> IO,0.78528
1776266146.6967034,20.652403354644775,PLC -> IO,0.23512000000000002
1776266146.7655373,20.721237182617188,PLC -> IO,26.819840000000003
1776266146.8281481,20.78384804725647,PLC -> IO,1.22336
1776266146.8902752,20.845975160598755,PLC -> IO,0.5204
1776266146.952275,20.9079749584198,PLC -> IO,0.6512
1776266147.0202606,20.97596049308777,PLC -> IO,0.22224000000000002
1776266147.0814588,21.037158727645874,PLC -> IO,2.72192
1776266147.1446705,21.100370407104492,PLC -> IO,4.58072
1776266147.2122316,21.16793155670166,PLC -> IO,2.782
1776266147.275539,21.231238842010498,PLC -> IO,1.27752
1776266147.3341005,21.28980040550232,PLC -> IO,1.94216
1776266147.399678,21.355377912521362,PLC -> IO,2.23112
1776266147.4656906,21.421390533447266,PLC -> IO,30.770079999999997
1776266147.527796,21.483495950698853,PLC -> IO,5.83488
1776266147.5946193,21.5503191947937,PLC -> IO,2.408
1776266147.6559038,21.61160373687744,PLC -> IO,0.21159999999999998
1776266147.7236564,21.679356336593628,PLC -> IO,0.78608
1776266147.7835734,21.73927330970764,PLC -> IO,4.59432
1776266147.8504486,21.806148529052734,PLC -> IO,0.12591999999999998
1776266147.912633,21.868332862854004,PLC -> IO,2.66192
1776266147.9756508,21.931350708007812,PLC -> IO,0.39112
1776266148.0406048,21.996304750442505,PLC -> IO,11.28336
1776266148.1078854,22.06358528137207,PLC -> IO,0.0836
1776266148.1715822,22.12728214263916,PLC -> IO,0.9276
1776266148.2314925,22.18719244003296,PLC -> IO,0.32864
1776266148.2981005,22.25380039215088,PLC -> IO,1.04944
1776266148.3610713,22.316771268844604,PLC -> IO,9.5584
1776266148.425938,22.381637811660767,PLC -> IO,2.1386399999999997
1776266148.5002196,22.45591950416565,PLC -> IO,0.20328
1776266148.553193,22.50889301300049,PLC -> IO,3.1808
1776266148.6190398,22.574739694595337,PLC -> IO,1.6753600000000002
1776266148.67978,22.63547992706299,PLC -> IO,1.28
1776266148.7483997,22.704099655151367,PLC -> IO,8.62144
1776266148.8084633,22.76416325569153,PLC -> IO,0.6616000000000001
1776266148.8729389,22.828638792037964,PLC -> IO,1.23768
1776266148.9357295,22.89142942428589,PLC -> IO,5.62568
1776266149.0033576,22.959057569503784,PLC -> IO,3.0796
1776266149.0643947,23.020094633102417,PLC -> IO,5.23088
1776266149.1302714,23.085971355438232,PLC -> IO,0.49151999999999996
1776266149.191328,23.14702796936035,PLC -> IO,0.9025599999999999
1776266149.2568524,23.212552309036255,PLC -> IO,3.7056
1776266149.3241768,23.279876708984375,PLC -> IO,26.745919999999998
1776266149.3831902,23.338890075683594,PLC -> IO,3.54384
1776266149.4477868,23.403486728668213,PLC -> IO,0.52232
1776266149.511101,23.466800928115845,PLC -> IO,5.685919999999999
1776266149.5806265,23.53632640838623,PLC -> IO,0.24864
1776266149.639855,23.5955548286438,PLC -> IO,1.68136
1776266149.707877,23.66357684135437,PLC -> IO,0.40608
1776266149.767104,23.722803831100464,PLC -> IO,4.61928
1776266149.834166,23.789865970611572,PLC -> IO,0.18208
1776266149.8957012,23.85140109062195,PLC -> IO,3.91592
1776266149.9603977,23.91609764099121,PLC -> IO,0.36007999999999996
1776266150.0257463,23.981446266174316,PLC -> IO,26.378639999999997
1776266150.0879364,24.043636322021484,PLC -> IO,2.73528
1776266150.1555464,24.111246347427368,PLC -> IO,1.2299200000000001
1776266150.215748,24.17144799232483,PLC -> IO,3.6597600000000003
1776266150.2817357,24.237435579299927,PLC -> IO,2.91832
1776266150.346971,24.30267095565796,PLC -> IO,2.1356800000000002
1776266150.4115357,24.36723566055298,PLC -> IO,1.20448
1776266150.4729383,24.428638219833374,PLC -> IO,0.68552
1776266150.5381463,24.49384617805481,PLC -> IO,3.17424
1776266150.5997665,24.555466413497925,PLC -> IO,14.1364
1776266150.6668174,24.622517347335815,PLC -> IO,1.1864
1776266150.7272847,24.682984590530396,PLC -> IO,3.74568
1776266150.7919044,24.747604370117188,PLC -> IO,3.64152
1776266150.8547676,24.81046748161316,PLC -> IO,3.21184
1776266150.9202807,24.875980615615845,PLC -> IO,0.37263999999999997
1776266150.9853776,24.94107747077942,PLC -> IO,2.2948
1776266151.0468338,25.002533674240112,PLC -> IO,5.30368
1776266151.1128883,25.068588256835938,PLC -> IO,3.79408
1776266151.1771772,25.132877111434937,PLC -> IO,2.10536
1776266151.241713,25.197412967681885,PLC -> IO,2.7709599999999996
1776266151.3058987,25.261598587036133,PLC -> IO,14.65952
1776266151.3680568,25.3237566947937,PLC -> IO,9.26944
1776266151.430019,25.385718822479248,PLC -> IO,7.394880000000001
1776266151.497655,25.453354835510254,PLC -> IO,2.7776
1776266151.5596778,25.51537775993347,PLC -> IO,1.6737600000000001
1776266151.6258097,25.581509590148926,PLC -> IO,3.2148
1776266151.6896467,25.645346641540527,PLC -> IO,2.8228
1776266151.75045,25.70614981651306,PLC -> IO,1.36928
1776266151.8178763,25.773576259613037,PLC -> IO,0.5783999999999999
1776266151.8803475,25.836047410964966,PLC -> IO,27.693920000000002
1776266151.9452937,25.900993585586548,PLC -> IO,3.2944799999999996
1776266152.0068269,25.96252679824829,PLC -> IO,2.09192
1776266152.0734632,26.029163122177124,PLC -> IO,2.2424
1776266152.1380236,26.09372353553772,PLC -> IO,1.1808
1776266152.2025928,26.158292770385742,PLC -> IO,1.76992
1776266152.2633393,26.21903920173645,PLC -> IO,0.976
1776266152.3269563,26.28265619277954,PLC -> IO,0.25256
1776266152.397449,26.353148937225342,PLC -> IO,2.7752800000000004
1776266152.4543147,26.410014629364014,PLC -> IO,1.33616
1776266152.5236237,26.479323625564575,PLC -> IO,0.07632
1776266152.5864918,26.542191743850708,PLC -> IO,22.64584
1776266152.6514845,26.607184410095215,PLC -> IO,0.20472
1776266152.7141554,26.66985535621643,PLC -> IO,1.22592
1776266152.779314,26.735013961791992,PLC -> IO,2.14
1776266152.8394861,26.795186042785645,PLC -> IO,1.68048
1776266152.9031088,26.858808755874634,PLC -> IO,2.0895200000000003
1776266152.9671543,26.92285418510437,PLC -> IO,2.2050400000000003
1776266153.032654,26.988353967666626,PLC -> IO,4.11304
1776266153.099116,27.054816007614136,PLC -> IO,1.2596
1776266153.1606367,27.116336584091187,PLC -> IO,10.85544
1776266153.225996,27.18169593811035,PLC -> IO,1.6257599999999999
1776266153.2861547,27.241854667663574,PLC -> IO,0.95896
1776266153.3553996,27.311099529266357,PLC -> IO,1.19504
1776266153.4158766,27.37157654762268,PLC -> IO,3.14888
1776266153.4809995,27.436699390411377,PLC -> IO,6.653919999999999
1776266153.546507,27.502206802368164,PLC -> IO,1.22248
1776266153.6116111,27.56731104850769,PLC -> IO,1.40912
1776266153.6706395,27.626339435577393,PLC -> IO,0.7548
1776266153.7356029,27.69130277633667,PLC -> IO,1.33216
1776266153.8006573,27.756357192993164,PLC -> IO,3.0811200000000003
1776266153.8655338,27.82123374938965,PLC -> IO,13.68688
1776266153.9293292,27.885029077529907,PLC -> IO,0.33208
1776266153.9916117,27.947311639785767,PLC -> IO,0.32432
1776266154.0590448,28.014744758605957,PLC -> IO,1.5288000000000002
1776266154.1195292,28.075229167938232,PLC -> IO,0.24656
1776266154.1874456,28.14314556121826,PLC -> IO,0.5856
1776266154.2482278,28.203927755355835,PLC -> IO,3.13736
1776266154.3112566,28.266956567764282,PLC -> IO,3.40712
1776266154.3798907,28.335590600967407,PLC -> IO,3.30264
1776266154.4399064,28.39560627937317,PLC -> IO,30.72744
1776266154.5079212,28.463621139526367,PLC -> IO,1.96392
1776266154.569665,28.525364875793457,PLC -> IO,2.1532
1776266154.6339445,28.58964443206787,PLC -> IO,1.77368
1776266154.6956818,28.651381731033325,PLC -> IO,1.24584
1776266154.7610555,28.716755390167236,PLC -> IO,3.7676
1776266154.82579,28.781489849090576,PLC -> IO,2.28584
1776266154.8915224,28.847222328186035,PLC -> IO,0.63
1776266154.9519355,28.90763545036316,PLC -> IO,0.6824
1776266155.015804,28.971503973007202,PLC -> IO,8.1448
1776266155.0792768,29.034976720809937,PLC -> IO,2.8591200000000003
1776266155.1430624,29.098762273788452,PLC -> IO,26.14256
1776266155.2077959,29.163495779037476,PLC -> IO,4.12504
1776266155.271165,29.2268648147583,PLC -> IO,4.8836
1776266155.3405793,29.296279191970825,PLC -> IO,0.74912
1776266155.3998272,29.35552716255188,PLC -> IO,4.12152
1776266155.465959,29.421658992767334,PLC -> IO,2.19848
1776266155.5320518,29.487751722335815,PLC -> IO,0.64368
1776266155.5959892,29.55168914794922,PLC -> IO,0.6424
1776266155.6599622,29.615662097930908,PLC -> IO,0.22735999999999998
1776266155.7203379,29.676037788391113,PLC -> IO,20.29848
1776266155.7820013,29.737701177597046,PLC -> IO,0.03048
1776266155.8469644,29.802664279937744,PLC -> IO,2.11784
1776266155.9155006,29.871200561523438,PLC -> IO,0.9998400000000001
1776266155.9756236,29.931323528289795,PLC -> IO,1.27184
1776266156.0436988,29.999398708343506,PLC -> IO,0.28128000000000003
1776266156.1034756,30.059175491333008,PLC -> IO,3.0959999999999996
1776266156.168093,30.12379288673401,PLC -> IO,1.76768
1776266156.2366285,30.192328453063965,PLC -> IO,0.22175999999999998
1776266156.296781,30.25248098373413,PLC -> IO,0.33304
1776266156.3612366,30.316936492919922,PLC -> IO,4.20712
1776266156.4263992,30.382099151611328,PLC -> IO,10.933440000000001
1776266156.499181,30.454880952835083,PLC -> IO,2.73032
1776266156.5508614,30.506561279296875,PLC -> IO,4.63464
1776266156.6180174,30.57371735572815,PLC -> IO,3.11808
1776266156.679622,30.635321855545044,PLC -> IO,1.19504
1776266156.7453544,30.701054334640503,PLC -> IO,2.79336
1776266156.8089967,30.76469659805298,PLC -> IO,0.22991999999999999
1776266156.8738937,30.829593658447266,PLC -> IO,1.70656
1776266156.9356325,30.891332387924194,PLC -> IO,2.68896
1776266157.002909,30.958608865737915,PLC -> IO,24.33424
1776266157.0658274,31.02152729034424,PLC -> IO,0.65472
1776266157.1270332,31.082733154296875,PLC -> IO,1.23736
1776266157.1914926,31.14719247817993,PLC -> IO,2.2504
1776266157.2576053,31.213305234909058,PLC -> IO,1.29392
1776266157.3219917,31.27769160270691,PLC -> IO,2.75656
1776266157.3867295,31.342429399490356,PLC -> IO,1.8080800000000001
1776266157.4515526,31.407252550125122,PLC -> IO,0.30616
1776266157.511772,31.467471837997437,PLC -> IO,3.65664
1776266157.578165,31.533864974975586,PLC -> IO,0.242
1776266157.6417108,31.597410678863525,PLC -> IO,0.26192
1776266157.7045028,31.660202741622925,PLC -> IO,25.844079999999998
1776266157.7692282,31.72492814064026,PLC -> IO,0.17144
1776266157.8319085,31.78760838508606,PLC -> IO,0.62936
1776266157.8989332,31.85463309288025,PLC -> IO,0.29024
1776266157.9630275,31.9187273979187,PLC -> IO,1.87616
1776266158.025994,31.981693983078003,PLC -> IO,1.5272000000000001
1776266158.0869112,32.04261112213135,PLC -> IO,0.26768000000000003
1776266158.1572948,32.11299467086792,PLC -> IO,0.17488
1776266158.2156029,32.171302795410156,PLC -> IO,5.273759999999999
1776266158.2839072,32.239607095718384,PLC -> IO,16.27544
1776266158.3436868,32.299386739730835,PLC -> IO,2.2392
1776266158.4095588,32.36525869369507,PLC -> IO,2.15072
1776266158.4716892,32.42738914489746,PLC -> IO,9.14688
1776266158.5402656,32.49596548080444,PLC -> IO,5.19296
1776266158.599436,32.55513596534729,PLC -> IO,1.12032
1776266158.6630635,32.61876344680786,PLC -> IO,2.2378400000000003
1776266158.7325587,32.6882586479187,PLC -> IO,0.00808
1776266158.790808,32.7465078830719,PLC -> IO,0.21032
1776266158.8603141,32.81601405143738,PLC -> IO,14.332239999999999
1776266158.9195797,32.875279664993286,PLC -> IO,0.25423999999999997
1776266158.9856777,32.94137763977051,PLC -> IO,20.029439999999997
1776266159.0481925,33.00389242172241,PLC -> IO,1.39472
1776266159.1140578,33.06975769996643,PLC -> IO,1.61152
1776266159.1758463,33.13154625892639,PLC -> IO,0.25104
1776266159.2394798,33.19517970085144,PLC -> IO,1.5784799999999999
1776266159.3055367,33.26123666763306,PLC -> IO,2.18056
1776266159.368231,33.323930978775024,PLC -> IO,2.75952
1776266159.4368365,33.39253640174866,PLC -> IO,0.6453599999999999
1776266159.4980674,33.4537672996521,PLC -> IO,2.2935999999999996
1776266159.5605247,33.51622462272644,PLC -> IO,27.734
1776266159.6234794,33.57917928695679,PLC -> IO,3.15176
1776266159.689297,33.644996881484985,PLC -> IO,2.20936
1776266159.751725,33.7074248790741,PLC -> IO,0.18336
1776266159.8168573,33.77255725860596,PLC -> IO,3.65968
1776266159.881929,33.83762884140015,PLC -> IO,0.26543999999999995
1776266159.9433837,33.899083614349365,PLC -> IO,1.2272800000000001
1776266160.0072625,33.96296238899231,PLC -> IO,2.17008
1776266160.071209,34.02690887451172,PLC -> IO,2.25912
1776266160.1382937,34.09399366378784,PLC -> IO,2.07896
1776266160.202479,34.15817880630493,PLC -> IO,0.8875200000000001
1776266160.2680953,34.22379517555237,PLC -> IO,28.34016
1776266160.3277934,34.28349328041077,PLC -> IO,3.7218400000000003
1776266160.3963819,34.35208177566528,PLC -> IO,1.26584
1776266160.455552,34.41125202178955,PLC -> IO,2.8508
1776266160.5207524,34.476452350616455,PLC -> IO,3.2000800000000003
1776266160.5852306,34.54093050956726,PLC -> IO,2.8736
1776266160.6498568,34.60555672645569,PLC -> IO,0.76312
1776266160.7109032,34.666603088378906,PLC -> IO,2.1756800000000003
1776266160.7756817,34.73138165473938,PLC -> IO,2.7946400000000002
1776266160.84218,34.79787993431091,PLC -> IO,16.73856
1776266160.9030144,34.85871434211731,PLC -> IO,0.2808
1776266160.9677553,34.923455238342285,PLC -> IO,4.1128800000000005
1776266161.0311174,34.986817359924316,PLC -> IO,0.92536
1776266161.1002958,35.05599570274353,PLC -> IO,3.73384
1776266161.1597946,35.1154944896698,PLC -> IO,4.10392
1776266161.2354498,35.19114971160889,PLC -> IO,0.13584
1776266161.2870507,35.24275064468384,PLC -> IO,6.58624
1776266161.3553627,35.3110625743866,PLC -> IO,0.19272
1776266161.4194853,35.37518525123596,PLC -> IO,1.25056
1776266161.4795043,35.43520426750183,PLC -> IO,0.8718400000000001
1776266161.547688,35.50338792800903,PLC -> IO,11.84648
1776266161.6079166,35.56361651420593,PLC -> IO,3.2635199999999998
1776266161.674924,35.63062381744385,PLC -> IO,1.76992
1776266161.7390227,35.6947226524353,PLC -> IO,0.29416000000000003
1776266161.804174,35.75987386703491,PLC -> IO,0.35224
1776266161.8634212,35.81912112236023,PLC -> IO,5.2524
1776266161.927891,35.88359093666077,PLC -> IO,6.88128
1776266161.9900239,35.94572377204895,PLC -> IO,3.0172
1776266162.0583336,36.0140335559845,PLC -> IO,7.61064
1776266162.1240873,36.079787254333496,PLC -> IO,22.29056
1776266162.1831717,36.13887166976929,PLC -> IO,4.75584
1776266162.2494984,36.20519828796387,PLC -> IO,2.06936
1776266162.313263,36.26896286010742,PLC -> IO,2.22336
1776266162.3853512,36.34105110168457,PLC -> IO,1.27928
1776266162.439277,36.39497685432434,PLC -> IO,1.22832
1776266162.5057204,36.46142029762268,PLC -> IO,8.13312
1776266162.567998,36.52369785308838,PLC -> IO,5.50408
1776266162.6357598,36.59145975112915,PLC -> IO,3.6019200000000002
1776266162.6955833,36.651283264160156,PLC -> IO,5.1716
1776266162.759123,36.71482300758362,PLC -> IO,5.26888
1776266162.827687,36.78338694572449,PLC -> IO,23.81304
1776266162.887491,36.84319090843201,PLC -> IO,2.62176
1776266162.9570904,36.912790298461914,PLC -> IO,0.63064
1776266163.0160735,36.97177338600159,PLC -> IO,3.3414400000000004
1776266163.0844834,37.040183305740356,PLC -> IO,0.7324
1776266163.1456707,37.10137057304382,PLC -> IO,2.19864
1776266163.2106073,37.16630721092224,PLC -> IO,1.14656
1776266163.270321,37.22602081298828,PLC -> IO,3.7688
1776266163.3368561,37.292556047439575,PLC -> IO,2.2022399999999998
1776266163.400698,37.35639786720276,PLC -> IO,16.202
1776266163.463726,37.41942596435547,PLC -> IO,1.7312
1776266163.5276737,37.48337364196777,PLC -> IO,3.0336
1776266163.5915585,37.547258377075195,PLC -> IO,2.7515199999999997
1776266163.6580079,37.61370778083801,PLC -> IO,2.8185599999999997
1776266163.7192295,37.67492938041687,PLC -> IO,0.39704
1776266163.7860267,37.7417266368866,PLC -> IO,1.58824
1776266163.8468187,37.80251860618591,PLC -> IO,0.32936
1776266163.9147737,37.87047362327576,PLC -> IO,1.57768
1776266163.9781284,37.933828353881836,PLC -> IO,2.1378399999999997
1776266164.0410345,37.996734380722046,PLC -> IO,0.06776
1776266164.1112416,38.06694149971008,PLC -> IO,5.36328
1776266164.1678445,38.123544454574585,PLC -> IO,2.8603199999999998
1776266164.231266,38.18696594238281,PLC -> IO,3.32288
1776266164.2957602,38.25146007537842,PLC -> IO,0.28216
1776266164.3641107,38.31981062889099,PLC -> IO,3.6992000000000003
1776266164.4216313,38.377331256866455,PLC -> IO,1.3816
1776266164.5018125,38.45751237869263,PLC -> IO,2.24904
1776266164.5538974,38.509597301483154,PLC -> IO,0.3792
1776266164.6193547,38.57505464553833,PLC -> IO,2.2030399999999997
1776266164.6832018,38.638901710510254,PLC -> IO,22.307199999999998
1776266164.744358,38.70005798339844,PLC -> IO,3.14264
1776266164.8068964,38.76259636878967,PLC -> IO,0.9012
1776266164.8712525,38.82695245742798,PLC -> IO,0.93696
1776266164.9354658,38.8911657333374,PLC -> IO,10.75232
1776266164.999367,38.95506691932678,PLC -> IO,4.66216
1776266165.067957,39.02365684509277,PLC -> IO,6.2136
1776266165.127196,39.0828959941864,PLC -> IO,4.6172
1776266165.1945517,39.150251626968384,PLC -> IO,0.6508799999999999
1776266165.2556942,39.21139407157898,PLC -> IO,0.09592
1776266165.3210835,39.27678346633911,PLC -> IO,3.11544
1776266165.3834445,39.339144468307495,PLC -> IO,26.68616
1776266165.4493408,39.4050407409668,PLC -> IO,2.1204
1776266165.5106757,39.46637558937073,PLC -> IO,0.7317600000000001
1776266165.5795631,39.53526306152344,PLC -> IO,0.64488
1776266165.6393497,39.59504961967468,PLC -> IO,2.8144799999999996
1776266165.7032654,39.65896534919739,PLC -> IO,1.1456000000000002
1776266165.7715664,39.72726631164551,PLC -> IO,0.46327999999999997
1776266165.830159,39.78585886955261,PLC -> IO,1.9419199999999999
1776266165.8991044,39.854804277420044,PLC -> IO,1.75208
1776266165.9597676,39.915467500686646,PLC -> IO,18.21688
1776266166.026573,39.98227286338806,PLC -> IO,0.026
1776266166.0876236,40.0433235168457,PLC -> IO,2.59576
1776266166.1528707,40.10857057571411,PLC -> IO,1.2416
1776266166.2180068,40.17370676994324,PLC -> IO,2.20264
1776266166.2819185,40.2376184463501,PLC -> IO,2.70704
1776266166.341958,40.29765796661377,PLC -> IO,1.3756
1776266166.4107842,40.36648416519165,PLC -> IO,0.1496
1776266166.4746532,40.43035316467285,PLC -> IO,3.07704
1776266166.5357144,40.491414308547974,PLC -> IO,1.20904
1776266166.603697,40.55939698219299,PLC -> IO,0.96864
1776266166.662805,40.618505001068115,PLC -> IO,13.89936
1776266166.7293117,40.68501162528992,PLC -> IO,0.62712
1776266166.7935128,40.74921274185181,PLC -> IO,0.79544
1776266166.8571422,40.81284213066101,PLC -> IO,0.6341600000000001
1776266166.922328,40.87802791595459,PLC -> IO,3.44304
1776266166.9849482,40.94064807891846,PLC -> IO,2.8404
1776266167.0467296,41.002429485321045,PLC -> IO,0.29064
1776266167.111859,41.067559003829956,PLC -> IO,6.17336
1776266167.1776476,41.133347511291504,PLC -> IO,2.74328
1776266167.2407596,41.19645953178406,PLC -> IO,23.32704
1776266167.3053758,41.26107573509216,PLC -> IO,2.2182399999999998
1776266167.368287,41.32398700714111,PLC -> IO,6.72984
1776266167.434344,41.39004397392273,PLC -> IO,6.3201600000000004
1776266167.4956214,41.4513213634491,PLC -> IO,2.2494400000000003
1776266167.5607448,41.51644468307495,PLC -> IO,2.19064
1776266167.6230795,41.578779458999634,PLC -> IO,2.1612799999999996
1776266167.687029,41.64272880554199,PLC -> IO,1.10216
1776266167.7509756,41.70667552947998,PLC -> IO,0.94576
1776266167.8151755,41.770875453948975,PLC -> IO,3.34848
1776266167.8821175,41.837817430496216,PLC -> IO,4.67728
1776266167.9463992,41.90209913253784,PLC -> IO,22.83616
1776266168.0100195,41.96571946144104,PLC -> IO,1.30104
1776266168.0756385,42.03133845329285,PLC -> IO,3.29968
1776266168.1377394,42.09343934059143,PLC -> IO,0.36832
1776266168.1995332,42.15523314476013,PLC -> IO,1.2232
1776266168.2656462,42.22134613990784,PLC -> IO,2.1453599999999997
1776266168.3267746,42.282474517822266,PLC -> IO,6.6972000000000005
1776266168.3953612,42.35106110572815,PLC -> IO,3.6879999999999997
1776266168.4552548,42.41095471382141,PLC -> IO,5.18616
1776266168.522793,42.478492975234985,PLC -> IO,14.8232
1776266168.5858123,42.54151225090027,PLC -> IO,2.82336
1776266168.649702,42.60540199279785,PLC -> IO,0.5904
1776266168.7138832,42.6695830821991,PLC -> IO,0.2992
1776266168.7761095,42.73180937767029,PLC -> IO,0.9628
1776266168.8420947,42.797794580459595,PLC -> IO,7.13272
1776266168.9053445,42.86104440689087,PLC -> IO,6.807119999999999
1776266168.969357,42.92505693435669,PLC -> IO,0.2072
1776266169.0346503,42.99035024642944,PLC -> IO,0.7188
1776266169.095595,43.051294803619385,PLC -> IO,3.68672
1776266169.1602733,43.115973234176636,PLC -> IO,0.3876
1776266169.2230566,43.17875647544861,PLC -> IO,16.04432
1776266169.2907403,43.246440172195435,PLC -> IO,0.6330399999999999
1776266169.3517282,43.30742812156677,PLC -> IO,3.77576
1776266169.4181566,43.37385654449463,PLC -> IO,2.15072
1776266169.4795752,43.435275077819824,PLC -> IO,2.23464
1776266169.5459964,43.50169634819031,PLC -> IO,1.57064
1776266169.6102006,43.565900564193726,PLC -> IO,1.2604
1776266169.675348,43.63104796409607,PLC -> IO,4.75912
1776266169.7355099,43.69120979309082,PLC -> IO,0.36207999999999996
1776266169.8044145,43.760114431381226,PLC -> IO,26.25832
1776266169.866895,43.82259488105774,PLC -> IO,0.7847999999999999
1776266169.927281,43.882980823516846,PLC -> IO,3.73192
1776266169.9942682,43.949968099594116,PLC -> IO,0.34712000000000004
1776266170.0555768,44.011276721954346,PLC -> IO,2.32856
1776266170.1219802,44.0776801109314,PLC -> IO,2.2626399999999998
1776266170.1844797,44.14017963409424,PLC -> IO,2.23896
1776266170.251472,44.20717191696167,PLC -> IO,0.31664
1776266170.3113546,44.26705455780029,PLC -> IO,0.36648
1776266170.3852925,44.34099245071411,PLC -> IO,3.7457599999999998
1776266170.4394798,44.395179748535156,PLC -> IO,0.29384000000000005
1776266170.5064628,44.462162733078,PLC -> IO,29.9668
1776266170.5672266,44.522926568984985,PLC -> IO,3.7784
1776266170.6342208,44.58992075920105,PLC -> IO,0.37520000000000003
1776266170.698237,44.65393686294556,PLC -> IO,1.59736
1776266170.761856,44.71755599975586,PLC -> IO,7.686400000000001
1776266170.8261185,44.78181838989258,PLC -> IO,1.8169600000000001
1776266170.887005,44.8427050113678,PLC -> IO,3.22728
1776266170.954537,44.910236835479736,PLC -> IO,0.60224
1776266171.019597,44.97529697418213,PLC -> IO,0.7144
1776266171.0805428,45.036242723464966,PLC -> IO,16.1744
1776266171.1416192,45.09731912612915,PLC -> IO,3.7056
1776266171.2080033,45.163703203201294,PLC -> IO,2.7701599999999997
1776266171.273108,45.22880792617798,PLC -> IO,2.17344
1776266171.33676,45.2924599647522,PLC -> IO,5.33904
1776266171.4031663,45.3588662147522,PLC -> IO,0.67464
1776266171.4628513,45.418551206588745,PLC -> IO,5.4752
1776266171.5292823,45.48498225212097,PLC -> IO,0.73576
1776266171.591113,45.546813011169434,PLC -> IO,3.48624
1776266171.6577694,45.61346936225891,PLC -> IO,3.78064
1776266171.719162,45.674861907958984,PLC -> IO,4.72544
1776266171.7875276,45.74322748184204,PLC -> IO,12.84184
1776266171.8475933,45.803293228149414,PLC -> IO,3.18088
1776266171.9116204,45.86732029914856,PLC -> IO,2.6287200000000004
1776266171.9755409,45.93124079704285,PLC -> IO,0.12968
1776266172.0391557,45.994855642318726,PLC -> IO,0.28256
1776266172.1049356,46.060635566711426,PLC -> IO,0.88552
1776266172.1700585,46.12575840950012,PLC -> IO,0.40608
1776266172.2342284,46.18992829322815,PLC -> IO,0.35168
1776266172.2956588,46.2513587474823,PLC -> IO,3.7071199999999997
1776266172.3740156,46.32971549034119,PLC -> IO,17.185760000000002
1776266172.424525,46.38022494316101,PLC -> IO,7.758
1776266172.503961,46.45966100692749,PLC -> IO,3.3182400000000003
1776266172.5510216,46.50672149658203,PLC -> IO,2.29744
1776266172.6167264,46.572426319122314,PLC -> IO,1.91216
1776266172.679727,46.63542699813843,PLC -> IO,1.61776
1776266172.745417,46.70111703872681,PLC -> IO,0.36584
1776266172.8102617,46.76596164703369,PLC -> IO,1.78744
1776266172.870142,46.82584190368652,PLC -> IO,1.6692799999999999
1776266172.940125,46.895824909210205,PLC -> IO,5.20176
1776266172.9993823,46.955082178115845,PLC -> IO,0.0336
1776266173.0656967,47.02139663696289,PLC -> IO,29.72816
1776266173.1283226,47.084022521972656,PLC -> IO,3.68472
1776266173.1951492,47.15084910392761,PLC -> IO,0.20552
1776266173.2556026,47.211302518844604,PLC -> IO,5.64512
1776266173.3234305,47.27913045883179,PLC -> IO,0.66736
1776266173.385775,47.34147500991821,PLC -> IO,1.17976
1776266173.4462924,47.401992321014404,PLC -> IO,0.9812799999999999
1776266173.5140605,47.46976041793823,PLC -> IO,0.39576
1776266173.5758576,47.53155755996704,PLC -> IO,0.77728
1776266173.6425235,47.59822344779968,PLC -> IO,20.251912
1776266173.7066708,47.662370681762695,PLC -> IO,0.09616
1776266173.7690978,47.72479772567749,PLC -> IO,2.69968
1776266173.8308656,47.78656554222107,PLC -> IO,4.25504
1776266173.8968449,47.8525447845459,PLC -> IO,2.16312
1776266173.9604719,47.91617178916931,PLC -> IO,1.1803199999999998
1776266174.021857,47.97755694389343,PLC -> IO,5.29984
1776266174.0901082,48.04580807685852,PLC -> IO,0.57568
1776266174.15217,48.10786986351013,PLC -> IO,3.0872
1776266174.218037,48.173736810684204,PLC -> IO,4.642
1776266174.2796102,48.235310077667236,PLC -> IO,3.20776
1776266174.3456573,48.30135726928711,PLC -> IO,14.8556
1776266174.4067044,48.362404346466064,PLC -> IO,2.97688
1776266174.473948,48.42964792251587,PLC -> IO,7.2648
1776266174.5349593,48.49065923690796,PLC -> IO,6.9068000000000005
1776266174.6005538,48.55625367164612,PLC -> IO,4.588
1776266174.6750827,48.63078260421753,PLC -> IO,6.19144
1776266174.7294307,48.68513059616089,PLC -> IO,2.95432
1776266174.7945733,48.75027322769165,PLC -> IO,4.25392
1776266174.8557713,48.81147122383118,PLC -> IO,3.16776
1776266174.9240766,48.87977647781372,PLC -> IO,23.75392
1776266174.9823804,48.93808031082153,PLC -> IO,3.00752
1776266175.0493765,49.00507640838623,PLC -> IO,1.1048
1776266175.1139987,49.06969857215881,PLC -> IO,0.29896
1776266175.177768,49.13346791267395,PLC -> IO,1.2820799999999999
1776266175.2395298,49.19522976875305,PLC -> IO,2.786
1776266175.305964,49.26166391372681,PLC -> IO,0.45208
1776266175.3677866,49.32348656654358,PLC -> IO,3.64408
1776266175.4312482,49.386948108673096,PLC -> IO,0.97824
1776266175.495462,49.45116186141968,PLC -> IO,2.8616800000000002
1776266175.5610063,49.516706228256226,PLC -> IO,0.9038400000000001
1776266175.6261623,49.58186221122742,PLC -> IO,27.859032
1776266175.6897275,49.64542746543884,PLC -> IO,2.1256
1776266175.754581,49.710280895233154,PLC -> IO,9.69616
1776266175.8166664,49.7723662853241,PLC -> IO,3.6915199999999997
1776266175.881169,49.83686900138855,PLC -> IO,11.745280000000001
1776266175.942917,49.89861702919006,PLC -> IO,11.71768
1776266176.0092907,49.96499061584473,PLC -> IO,2.1560799999999998
1776266176.072915,50.02861499786377,PLC -> IO,4.615679999999999
1776266176.1356394,50.091339349746704,PLC -> IO,3.37496
1776266176.2016952,50.157395124435425,PLC -> IO,13.64048
1776266176.262894,50.21859383583069,PLC -> IO,2.94936
1776266176.3295238,50.285223722457886,PLC -> IO,0.5044799999999999
1776266176.394267,50.34996700286865,PLC -> IO,1.28048
1776266176.4573162,50.41301608085632,PLC -> IO,0.78104
1776266176.5193033,50.475003242492676,PLC -> IO,1.60888
1776266176.5858514,50.54155135154724,PLC -> IO,0.21928
1776266176.6471384,50.60283827781677,PLC -> IO,4.546632
1776266176.7129483,50.66864824295044,PLC -> IO,1.2534399999999999
1776266176.7757287,50.73142862319946,PLC -> IO,3.82024
1776266176.841823,50.797523021698,PLC -> IO,0.322
1776266176.9052587,50.86095857620239,PLC -> IO,16.265600000000003
1776266176.9692066,50.924906492233276,PLC -> IO,2.7248799999999997
1776266177.033962,50.98966193199158,PLC -> IO,9.83472
1776266177.095548,51.0512478351593,PLC -> IO,2.4345600000000003
1776266177.1612117,51.11691164970398,PLC -> IO,0.94624
1776266177.225476,51.18117594718933,PLC -> IO,0.14848
1776266177.2880101,51.24371004104614,PLC -> IO,2.9324
1776266177.350535,51.30623483657837,PLC -> IO,0.53056
1776266177.4190173,51.374717235565186,PLC -> IO,0.22944
1776266177.479302,51.435001850128174,PLC -> IO,31.14936
1776266177.5459497,51.501649618148804,PLC -> IO,1.4965600000000001
1776266177.6070414,51.56274127960205,PLC -> IO,8.075199999999999
1776266177.671855,51.62755489349365,PLC -> IO,0.6596
1776266177.7376425,51.693342447280884,PLC -> IO,0.35968
1776266177.8018577,51.75755763053894,PLC -> IO,0.28496
1776266177.86543,51.82113003730774,PLC -> IO,0.31023999999999996
1776266177.9275873,51.88328719139099,PLC -> IO,0.26976
1776266177.9954252,51.951125144958496,PLC -> IO,2.24432
1776266178.0556436,52.011343479156494,PLC -> IO,2.2504
1776266178.1217756,52.07747554779053,PLC -> IO,3.14488
1776266178.1853225,52.14102244377136,PLC -> IO,26.37856
1776266178.2468386,52.20253849029541,PLC -> IO,1.49296
1776266178.310974,52.26667380332947,PLC -> IO,4.920319999999999
1776266178.379924,52.33562397956848,PLC -> IO,0.2888
1776266178.4415772,52.39727711677551,PLC -> IO,4.7104
1776266178.5064723,52.46217226982117,PLC -> IO,0.23479999999999998
1776266178.569462,52.52516198158264,PLC -> IO,0.5531200000000001
1776266178.6354635,52.59116339683533,PLC -> IO,4.66472
1776266178.698431,52.654130935668945,PLC -> IO,1.66368
1776266178.7617054,52.71740531921387,PLC -> IO,9.747520000000002
1776266178.8253415,52.781041383743286,PLC -> IO,0.14608000000000002
1776266178.8867705,52.84247040748596,PLC -> IO,5.31808
1776266178.9537952,52.90949511528015,PLC -> IO,1.8276
1776266179.0179663,52.973666191101074,PLC -> IO,6.01064
1776266179.0791554,53.034855365753174,PLC -> IO,6.2752
1776266179.1451323,53.10083222389221,PLC -> IO,1.03064
1776266179.2102907,53.165990591049194,PLC -> IO,1.28848
1776266179.2739122,53.22961211204529,PLC -> IO,0.48912
1776266179.3376155,53.293315410614014,PLC -> IO,1.25112
1776266179.4020374,53.35773730278015,PLC -> IO,4.660959999999999
1776266179.4653478,53.42104768753052,PLC -> IO,11.342400000000001
1776266179.5303903,53.48609018325806,PLC -> IO,5.9208799999999995
1776266179.5923424,53.54804229736328,PLC -> IO,1.7284799999999998
1776266179.6554682,53.61116814613342,PLC -> IO,0.32432
1776266179.7192688,53.67496871948242,PLC -> IO,2.42896
1776266179.785265,53.74096488952637,PLC -> IO,4.84072
1776266179.850736,53.80643582344055,PLC -> IO,1.21944
1776266179.9109893,53.86668920516968,PLC -> IO,0.7372000000000001
1776266179.977279,53.9329788684845,PLC -> IO,5.34072
1776266180.041864,53.99756383895874,PLC -> IO,22.17208
1776266180.1075432,54.06324315071106,PLC -> IO,1.3227200000000001
1776266180.166654,54.12235403060913,PLC -> IO,1.49544
1776266180.2338974,54.189597368240356,PLC -> IO,1.77192
1776266180.2949953,54.25069522857666,PLC -> IO,2.75184
1776266180.3648834,54.32058334350586,PLC -> IO,0.23304
1776266180.426608,54.38230800628662,PLC -> IO,4.57864
1776266180.500188,54.45588803291321,PLC -> IO,5.2648
1776266180.5539598,54.50965976715088,PLC -> IO,1.30752
1776266180.6157079,54.57140779495239,PLC -> IO,2.284
1776266180.681213,54.63691282272339,PLC -> IO,0.96088
1776266180.7428763,54.69857621192932,PLC -> IO,25.83496
1776266180.8089335,54.76463341712952,PLC -> IO,3.8416
1776266180.8714607,54.827160596847534,PLC -> IO,0.25616
1776266180.9380226,54.89372253417969,PLC -> IO,1.22416
1776266180.9994824,54.95518231391907,PLC -> IO,3.21704
1776266181.063429,55.019129037857056,PLC -> IO,0.6702400000000001
1776266181.1267214,55.08242130279541,PLC -> IO,4.67904
1776266181.1911979,55.14689779281616,PLC -> IO,2.9428
1776266181.2573676,55.21306753158569,PLC -> IO,0.9025599999999999
1776266181.3218017,55.277501583099365,PLC -> IO,15.72504
1776266181.3854394,55.34113931655884,PLC -> IO,8.15648
1776266181.448199,55.40389895439148,PLC -> IO,3.642
1776266181.5142074,55.46990728378296,PLC -> IO,0.31688
1776266181.575532,55.53123188018799,PLC -> IO,2.53904
1776266181.6416197,55.59731960296631,PLC -> IO,0.46344
1776266181.7068193,55.662519216537476,PLC -> IO,0.73528
1776266181.769376,55.7250759601593,PLC -> IO,1.0254400000000001
1776266181.8313787,55.787078619003296,PLC -> IO,0.2468
1776266181.8965087,55.852208614349365,PLC -> IO,1.71992
1776266181.9612591,55.916959047317505,PLC -> IO,4.405519999999999
1776266182.0253665,55.98106646537781,PLC -> IO,17.389680000000002
1776266182.0894978,56.04519772529602,PLC -> IO,0.51696
1776266182.151109,56.10680890083313,PLC -> IO,0.9044800000000001
1776266182.2177677,56.1734676361084,PLC -> IO,5.80752
1776266182.279361,56.235060930252075,PLC -> IO,2.07632
1776266182.346522,56.30222201347351,PLC -> IO,3.84712
1776266182.407945,56.36364483833313,PLC -> IO,0.32432
1776266182.4747763,56.43047618865967,PLC -> IO,0.30232000000000003
1776266182.5357015,56.4914014339447,PLC -> IO,9.708319999999999
1776266182.6003253,56.55602526664734,PLC -> IO,26.27216
1776266182.665833,56.621532917022705,PLC -> IO,5.66048
1776266182.7279074,56.68360733985901,PLC -> IO,2.80536
1776266182.7939134,56.7496132850647,PLC -> IO,0.31008
1776266182.8555284,56.81122827529907,PLC -> IO,2.33464
1776266182.9211636,56.87686347961426,PLC -> IO,1.9182400000000002
1776266182.982917,56.93861699104309,PLC -> IO,0.26024
1776266183.047962,57.00366187095642,PLC -> IO,3.2970400000000004
1776266183.1110175,57.06671738624573,PLC -> IO,1.9136
1776266183.1752207,57.13092064857483,PLC -> IO,2.91744
1776266183.2391,57.19479990005493,PLC -> IO,2.18264
1776266183.3053963,57.261096239089966,PLC -> IO,23.41536
1776266183.3695686,57.325268507003784,PLC -> IO,0.49016
1776266183.4324894,57.3881893157959,PLC -> IO,1.80224
1776266183.4973207,57.45302057266235,PLC -> IO,0.79632
1776266183.5590625,57.51476240158081,PLC -> IO,2.7844800000000003
1776266183.6314635,57.58716344833374,PLC -> IO,8.62536
1776266183.6889958,57.64469575881958,PLC -> IO,0.6719999999999999
1776266183.754814,57.71051383018494,PLC -> IO,0.53696
1776266183.8155699,57.77126979827881,PLC -> IO,3.73536
1776266183.8814876,57.83718752861023,PLC -> IO,11.15792
1776266183.9426615,57.89836144447327,PLC -> IO,1.72304
1776266184.0063834,57.96208333969116,PLC -> IO,4.383920000000001
1776266184.0740583,58.02975821495056,PLC -> IO,2.91904
1776266184.1375823,58.0932822227478,PLC -> IO,1.3850399999999998
1776266184.205054,58.16075396537781,PLC -> IO,1.1949599999999998
1776266184.2638838,58.21958374977112,PLC -> IO,1.37776
1776266184.3299646,58.285664558410645,PLC -> IO,0.33871999999999997
1776266184.3976002,58.35330009460449,PLC -> IO,2.8319199999999998
1776266184.456686,58.41238594055176,PLC -> IO,2.4270400000000003
1776266184.519472,58.4751718044281,PLC -> IO,2.20168
1776266184.586461,58.542160987854004,PLC -> IO,13.8732
1776266184.6482296,58.60392951965332,PLC -> IO,0.7084
1776266184.7121117,58.66781163215637,PLC -> IO,2.2224
1776266184.7786655,58.734365463256836,PLC -> IO,2.74208
1776266184.8412945,58.79699444770813,PLC -> IO,0.7872
1776266184.9050846,58.86078453063965,PLC -> IO,1.01944
1776266184.9667764,58.922476291656494,PLC -> IO,3.78832
1776266185.033345,58.98904490470886,PLC -> IO,0.48624
1776266185.0950363,59.05073618888855,PLC -> IO,6.27616
1776266185.1614609,59.11716079711914,PLC -> IO,28.75176
1776266185.2232206,59.17892050743103,PLC -> IO,3.5136
1776266185.2888424,59.244542360305786,PLC -> IO,2.03272
1776266185.3518825,59.30758237838745,PLC -> IO,3.1424
1776266185.4157448,59.37144470214844,PLC -> IO,1.7235200000000002
1776266185.4812245,59.43692445755005,PLC -> IO,0.52384
1776266185.5418723,59.49757218360901,PLC -> IO,3.60544
1776266185.6104038,59.56610369682312,PLC -> IO,0.26144
1776266185.671676,59.62737584114075,PLC -> IO,0.7668
1776266185.7412908,59.696990728378296,PLC -> IO,1.29864
1776266185.7995145,59.75521445274353,PLC -> IO,3.2404
1776266185.8665702,59.822270154953,PLC -> IO,25.81536
1776266185.9281313,59.8838312625885,PLC -> IO,0.85808
1776266185.9912426,59.94694256782532,PLC -> IO,1.3708
1776266186.0555425,60.011242389678955,PLC -> IO,3.74616
1776266186.1202056,60.075905561447144,PLC -> IO,0.79648
1776266186.185679,60.14137887954712,PLC -> IO,2.94976
1776266186.2488234,60.20452332496643,PLC -> IO,1.96312
1776266186.314377,60.27007699012756,PLC -> IO,4.62336
1776266186.3839471,60.33964705467224,PLC -> IO,1.07712
1776266186.442063,60.39776301383972,PLC -> IO,18.13432
1776266186.5022633,60.45796322822571,PLC -> IO,4.116960000000001
1776266186.569317,60.52501702308655,PLC -> IO,0.25464
1776266186.6315076,60.587207555770874,PLC -> IO,0.87928
1776266186.6963317,60.652031660079956,PLC -> IO,2.7106399999999997
1776266186.7594326,60.71513247489929,PLC -> IO,2.81784
1776266186.823047,60.77874684333801,PLC -> IO,0.2672
1776266186.8880203,60.84372019767761,PLC -> IO,1.5578400000000001
1776266186.9521544,60.907854318618774,PLC -> IO,4.352
1776266187.0188107,60.97451066970825,PLC -> IO,4.82944
1776266187.0807498,61.036449670791626,PLC -> IO,3.22016
1776266187.149984,61.10568380355835,PLC -> IO,11.61384
1776266187.207817,61.163516998291016,PLC -> IO,0.35168
1776266187.2729414,61.22864127159119,PLC -> IO,1.23312
1776266187.3347597,61.290459632873535,PLC -> IO,3.1744
1776266187.3991992,61.354899168014526,PLC -> IO,1.3504800000000001
1776266187.4616175,61.417317390441895,PLC -> IO,1.1972
1776266187.5297935,61.485493421554565,PLC -> IO,0.37688
1776266187.5928025,61.54850244522095,PLC -> IO,1.12104
1776266187.658181,61.61388087272644,PLC -> IO,0.7728
1776266187.7222145,61.67791438102722,PLC -> IO,28.577840000000002
1776266187.782958,61.73865795135498,PLC -> IO,1.47864
1776266187.8499668,61.80566668510437,PLC -> IO,1.0061600000000002
1776266187.911061,61.86676096916199,PLC -> IO,0.92208
1776266187.9782734,61.93397331237793,PLC -> IO,0.78952
1776266188.0393307,61.995030641555786,PLC -> IO,1.97592
1776266188.10883,62.06452989578247,PLC -> IO,2.64648
1776266188.1691456,62.12484550476074,PLC -> IO,0.77288
1776266188.231689,62.18738889694214,PLC -> IO,1.0151999999999999
1776266188.2973554,62.25305533409119,PLC -> IO,1.93728
1776266188.3603911,62.31609106063843,PLC -> IO,0.32944
1776266188.4251068,62.38080668449402,PLC -> IO,28.88704
1776266188.4977446,62.453444480895996,PLC -> IO,5.5291999999999994
1776266188.5526783,62.50837826728821,PLC -> IO,1.18704
1776266188.6178436,62.573543548583984,PLC -> IO,2.15344
1776266188.6817713,62.637471199035645,PLC -> IO,1.9036000000000002
1776266188.7428596,62.698559522628784,PLC -> IO,0.2872
1776266188.8068368,62.7625367641449,PLC -> IO,1.5249599999999999
1776266188.8709695,62.826669454574585,PLC -> IO,1.01024
1776266188.935743,62.8914430141449,PLC -> IO,2.3372800000000002
1776266189.0021849,62.957884788513184,PLC -> IO,15.21128
1776266189.0639298,63.01962971687317,PLC -> IO,1.3787999999999998
1776266189.1295383,63.085238218307495,PLC -> IO,0.47263999999999995
1776266189.1925302,63.14823007583618,PLC -> IO,3.2049600000000003
1776266189.2587643,63.21446418762207,PLC -> IO,1.3388
1776266189.3190145,63.27471446990967,PLC -> IO,13.2128
1776266189.385671,63.341370820999146,PLC -> IO,0.70144
1776266189.446681,63.40238094329834,PLC -> IO,2.80256
1776266189.5126228,63.46832275390625,PLC -> IO,1.1375199999999999
1776266189.5755246,63.531224489212036,PLC -> IO,1.28032
1776266189.6416245,63.59732437133789,PLC -> IO,1.85648
1776266189.7051249,63.6608247756958,PLC -> IO,19.44232
1776266189.7688315,63.724531412124634,PLC -> IO,0.9008799999999999
1776266189.8339846,63.789684534072876,PLC -> IO,0.42408
1776266189.895073,63.850772857666016,PLC -> IO,0.28615999999999997
1776266189.967679,63.92337894439697,PLC -> IO,1.33728
1776266190.0232787,63.978978633880615,PLC -> IO,2.09584
1776266190.0887725,64.0444724559784,PLC -> IO,6.147279999999999
1776266190.1515155,64.1072154045105,PLC -> IO,0.8512
1776266190.215303,64.17100286483765,PLC -> IO,2.22352
1776266190.2816498,64.23734974861145,PLC -> IO,25.70912
1776266190.3439648,64.29966473579407,PLC -> IO,9.82184
1776266190.4101205,64.36582040786743,PLC -> IO,8.79304
1776266190.4718065,64.42750644683838,PLC -> IO,7.23344
1776266190.5378535,64.49355340003967,PLC -> IO,4.809360000000001
1776266190.5990596,64.55475950241089,PLC -> IO,3.75616
1776266190.6650364,64.62073636054993,PLC -> IO,0.50784
1776266190.7266521,64.68235206604004,PLC -> IO,7.2703999999999995
1776266190.7922804,64.74798035621643,PLC -> IO,1.06072
1776266190.854991,64.81069087982178,PLC -> IO,9.31664
1776266190.9229534,64.87865328788757,PLC -> IO,4.671279999999999
1776266190.9896793,64.94537925720215,PLC -> IO,19.42736
1776266191.0479496,65.00364947319031,PLC -> IO,2.2634399999999997
1776266191.114631,65.07033085823059,PLC -> IO,5.80328
1776266191.1774046,65.1331045627594,PLC -> IO,0.8083199999999999
1776266191.242709,65.19840884208679,PLC -> IO,2.36768
1776266191.3016539,65.25735378265381,PLC -> IO,3.80416
1776266191.3699312,65.3256311416626,PLC -> IO,0.39072
1776266191.4332454,65.38894534111023,PLC -> IO,0.784
1776266191.4993572,65.45505714416504,PLC -> IO,9.73832
1776266191.5686905,65.52439045906067,PLC -> IO,9.73152
1776266191.6240976,65.5797975063324,PLC -> IO,1.89232
1776266191.6867197,65.6424195766449,PLC -> IO,7.81928
1776266191.7537444,65.70944428443909,PLC -> IO,0.31216
1776266191.817345,65.77304482460022,PLC -> IO,6.38
1776266191.880954,65.8366539478302,PLC -> IO,0.9867999999999999
1776266191.9449687,65.90066862106323,PLC -> IO,1.81688
1776266192.0082335,65.96393346786499,PLC -> IO,1.0544
1776266192.0784993,66.03419923782349,PLC -> IO,1.34328
1776266192.1379313,66.09363126754761,PLC -> IO,0.15664
1776266192.2017415,66.15744137763977,PLC -> IO,0.28584
1776266192.2697244,66.22542428970337,PLC -> IO,9.4124
1776266192.3289242,66.28462409973145,PLC -> IO,1.28832
1776266192.3938336,66.34953355789185,PLC -> IO,0.16679999999999998
1776266192.4569526,66.4126524925232,PLC -> IO,0.69136
1776266192.521929,66.47762894630432,PLC -> IO,0.69016
1776266192.5839217,66.539621591568,PLC -> IO,1.79
1776266192.6499763,66.60567617416382,PLC -> IO,7.381831999999999
1776266192.7111046,66.66680455207825,PLC -> IO,1.9732
1776266192.7772717,66.73297166824341,PLC -> IO,0.35256000000000004
1776266192.8393774,66.79507732391357,PLC -> IO,28.59512
1776266192.9055355,66.86123538017273,PLC -> IO,1.1359199999999998
1776266192.96963,66.92532992362976,PLC -> IO,0.5344800000000001
1776266193.031812,66.98751187324524,PLC -> IO,0.7892
1776266193.0965214,67.05222129821777,PLC -> IO,1.89808
1776266193.161681,67.11738085746765,PLC -> IO,0.28264
1776266193.2250187,67.18071866035461,PLC -> IO,0.1332
1776266193.2877417,67.24344158172607,PLC -> IO,1.0241600000000002
1776266193.3537743,67.30947422981262,PLC -> IO,0.8104
1776266193.4155178,67.37121772766113,PLC -> IO,0.14184000000000002
1776266193.4817817,67.43748164176941,PLC -> IO,0.29159999999999997
1776266193.5444183,67.50011825561523,PLC -> IO,24.86608
1776266193.6104126,67.56611251831055,PLC -> IO,2.53184
1776266193.6719499,67.62764978408813,PLC -> IO,0.6668000000000001
1776266193.7450192,67.70071911811829,PLC -> IO,0.72888
1776266193.7992978,67.75499773025513,PLC -> IO,2.0500800000000003
1776266193.8655002,67.82120013237,PLC -> IO,1.41896
1776266193.9292052,67.88490509986877,PLC -> IO,1.28176
1776266193.991182,67.94688200950623,PLC -> IO,2.98768
1776266194.0576756,68.01337552070618,PLC -> IO,0.31008
1776266194.1194193,68.07511925697327,PLC -> IO,12.08352
1776266194.1856034,68.14130330085754,PLC -> IO,6.84272
1776266194.249653,68.2053530216217,PLC -> IO,0.00792
1776266194.313315,68.26901483535767,PLC -> IO,2.97864
1776266194.3792849,68.33498477935791,PLC -> IO,2.19936
1776266194.4414978,68.39719772338867,PLC -> IO,1.56304
1776266194.5031166,68.45881652832031,PLC -> IO,1.20968
1776266194.5662837,68.52198362350464,PLC -> IO,3.8940799999999998
1776266194.6338232,68.58952307701111,PLC -> IO,0.13072
1776266194.695126,68.65082597732544,PLC -> IO,2.9136800000000003
1776266194.7621298,68.71782970428467,PLC -> IO,4.10296
1776266194.8328161,68.7885160446167,PLC -> IO,7.572
1776266194.889963,68.84566283226013,PLC -> IO,7.8759999999999994
1776266194.952455,68.90815496444702,PLC -> IO,0.12983999999999998
1776266195.0175514,68.97325134277344,PLC -> IO,0.20648
1776266195.0794652,69.03516507148743,PLC -> IO,2.3188000000000004
1776266195.1438122,69.09951210021973,PLC -> IO,0.28392
1776266195.2081423,69.16384220123291,PLC -> IO,0.81248
1776266195.2737098,69.22940969467163,PLC -> IO,1.0434400000000001
1776266195.3430417,69.29874157905579,PLC -> IO,3.2071199999999997
1776266195.406352,69.36205196380615,PLC -> IO,27.21544
1776266195.4649448,69.42064476013184,PLC -> IO,0.12832
1776266195.5268545,69.48255443572998,PLC -> IO,3.84952
1776266195.5939393,69.5496392250061,PLC -> IO,0.41703999999999997
1776266195.6550293,69.6107292175293,PLC -> IO,0.29216000000000003
1776266195.720641,69.67634081840515,PLC -> IO,5.969119999999999
1776266195.7832508,69.73895072937012,PLC -> IO,0.5379999999999999
1776266195.848867,69.80456686019897,PLC -> IO,1.3922400000000001
1776266195.9113727,69.86707258224487,PLC -> IO,1.0876
1776266195.9767492,69.93244910240173,PLC -> IO,1.41648
1776266196.0419304,69.99763035774231,PLC -> IO,3.21312
1776266196.1054704,70.06117033958435,PLC -> IO,25.79872
1776266196.1699748,70.12567472457886,PLC -> IO,0.48608
1776266196.2341888,70.18988871574402,PLC -> IO,2.29664
1776266196.2972372,70.25293707847595,PLC -> IO,0.8730399999999999
1776266196.3603477,70.31604766845703,PLC -> IO,0.27831999999999996
1776266196.4249885,70.38068842887878,PLC -> IO,1.48208
1776266196.5011795,70.45687937736511,PLC -> IO,2.43512
1776266196.5537443,70.50944423675537,PLC -> IO,0.42808
1776266196.6148593,70.57055926322937,PLC -> IO,2.8812
1776266196.6806183,70.63631820678711,PLC -> IO,18.4612
1776266196.745027,70.7007269859314,PLC -> IO,3.6024
1776266196.8082082,70.76390814781189,PLC -> IO,0.64416
1776266196.873951,70.82965087890625,PLC -> IO,5.84736
1776266196.9356556,70.89135551452637,PLC -> IO,2.2752
1776266197.0016587,70.9573585987091,PLC -> IO,1.00464
1776266197.064136,71.01983594894409,PLC -> IO,2.7182399999999998
1776266197.1295674,71.08526730537415,PLC -> IO,5.656
1776266197.1916645,71.14736437797546,PLC -> IO,9.76952
1776266197.2567873,71.21248722076416,PLC -> IO,5.77496
1776266197.319257,71.27495694160461,PLC -> IO,1.20416
1776266197.386494,71.3421938419342,PLC -> IO,12.32552
1776266197.450054,71.40575385093689,PLC -> IO,0.55384
1776266197.5136964,71.46939635276794,PLC -> IO,0.84672
1776266197.5772703,71.53297019004822,PLC -> IO,0.4904
1776266197.6414936,71.59719347953796,PLC -> IO,0.3388
1776266197.706062,71.66176199913025,PLC -> IO,2.8579999999999997
1776266197.7682033,71.7239031791687,PLC -> IO,0.44752000000000003
1776266197.8323104,71.78801035881042,PLC -> IO,1.38264
1776266197.8974595,71.85315942764282,PLC -> IO,0.48648
1776266197.9604921,71.91619205474854,PLC -> IO,27.2844
1776266198.024109,71.97980880737305,PLC -> IO,2.46992
1776266198.0902007,72.04590058326721,PLC -> IO,0.21912
1776266198.1584325,72.11413240432739,PLC -> IO,1.49472
1776266198.2200813,72.17578125,PLC -> IO,8.88688
1776266198.2812588,72.23695874214172,PLC -> IO,3.81
1776266198.3439581,72.29965806007385,PLC -> IO,5.18464
1776266198.4099598,72.36565971374512,PLC -> IO,2.85512
1776266198.471047,72.42674684524536,PLC -> IO,3.00272
1776266198.5362957,72.49199557304382,PLC -> IO,4.7828
1776266198.5993469,72.5550467967987,PLC -> IO,5.49528
1776266198.6665459,72.62224578857422,PLC -> IO,23.35408
1776266198.7270188,72.6827187538147,PLC -> IO,0.69984
1776266198.791241,72.74694085121155,PLC -> IO,0.5254399999999999
1776266198.8602376,72.81593751907349,PLC -> IO,0.59392
1776266198.9191005,72.87480044364929,PLC -> IO,2.3092799999999998
1776266198.9849882,72.94068813323975,PLC -> IO,1.7969600000000001
1776266199.047696,73.00339603424072,PLC -> IO,2.4496
1776266199.1137438,73.06944370269775,PLC -> IO,0.11736
1776266199.175609,73.13130903244019,PLC -> IO,2.82536
1776266199.2419724,73.19767236709595,PLC -> IO,18.68752
1776266199.3028622,73.2585620880127,PLC -> IO,2.8588799999999996
1776266199.3748531,73.33055305480957,PLC -> IO,0.40215999999999996
1776266199.4309652,73.3866651058197,PLC -> IO,2.88288
1776266199.4951715,73.45087146759033,PLC -> IO,2.31008
1776266199.5618117,73.51751160621643,PLC -> IO,2.95968
1776266199.623923,73.5796229839325,PLC -> IO,1.43152
1776266199.6893559,73.64505577087402,PLC -> IO,0.648
1776266199.7541218,73.7098217010498,PLC -> IO,4.3232
1776266199.8178372,73.77353715896606,PLC -> IO,3.83568
1776266199.8790102,73.83471012115479,PLC -> IO,0.30032000000000003
1776266199.9455554,73.9012553691864,PLC -> IO,13.42304
1776266200.0067616,73.96246147155762,PLC -> IO,3.86312
1776266200.0737891,74.02948904037476,PLC -> IO,2.35144
1776266200.1354332,74.09113311767578,PLC -> IO,0.81272
1776266200.1991556,74.15485548973083,PLC -> IO,2.32952
1776266200.2657144,74.22141432762146,PLC -> IO,0.40959999999999996
1776266200.3278446,74.28354454040527,PLC -> IO,1.39344
1776266200.4014962,74.35719609260559,PLC -> IO,5.82376
1776266200.4550712,74.4107711315155,PLC -> IO,3.0148
1776266200.5250208,74.48072075843811,PLC -> IO,22.17296
1776266200.5863848,74.54208469390869,PLC -> IO,1.26488
1776266200.6522784,74.60797834396362,PLC -> IO,0.11248
1776266200.7123947,74.66809463500977,PLC -> IO,1.66736
1776266200.7753012,74.73100113868713,PLC -> IO,1.33184
1776266200.8392558,74.79495573043823,PLC -> IO,2.50008
1776266200.901925,74.8576250076294,PLC -> IO,2.95656
1776266200.9704075,74.92610740661621,PLC -> IO,0.31967999999999996
1776266201.0325623,74.98826217651367,PLC -> IO,1.72072
1776266201.0977724,75.05347228050232,PLC -> IO,4.98376
1776266201.161526,75.11722588539124,PLC -> IO,0.36152
1776266201.2365701,75.19227004051208,PLC -> IO,31.14992
1776266201.2868092,75.24250912666321,PLC -> IO,8.76976
1776266201.3528867,75.30858659744263,PLC -> IO,0.47056000000000003
1776266201.4149797,75.3706796169281,PLC -> IO,0.47744
1776266201.4839346,75.4396345615387,PLC -> IO,2.62856
1776266201.545553,75.50125288963318,PLC -> IO,8.13
1776266201.6094413,75.56514120101929,PLC -> IO,0.85056
1776266201.6734474,75.62914729118347,PLC -> IO,6.91416
1776266201.7352095,75.69090938568115,PLC -> IO,2.8048
1776266201.8025622,75.75826215744019,PLC -> IO,16.5004
1776266201.861846,75.8175458908081,PLC -> IO,2.026
1776266201.9284213,75.88412117958069,PLC -> IO,2.00672
1776266201.991708,75.94740796089172,PLC -> IO,0.76544
1776266202.0572224,76.0129222869873,PLC -> IO,6.9579200000000005
1776266202.1217532,76.07745313644409,PLC -> IO,0.07464
1776266202.1834352,76.1391351222992,PLC -> IO,3.9
1776266202.2467177,76.2024176120758,PLC -> IO,3.8472799999999996
1776266202.3137395,76.26943945884705,PLC -> IO,0.484
1776266202.3822496,76.33794951438904,PLC -> IO,0.07408
1776266202.44137,76.39706993103027,PLC -> IO,1.1844
1776266202.5085835,76.46428346633911,PLC -> IO,11.45848
1776266202.5677755,76.52347540855408,PLC -> IO,2.89688
1776266202.6388843,76.59458422660828,PLC -> IO,0.98032
1776266202.6978807,76.65358066558838,PLC -> IO,0.5782400000000001
1776266202.7615566,76.71725654602051,PLC -> IO,0.02112
1776266202.8243692,76.78006911277771,PLC -> IO,5.77056
1776266202.8903394,76.84603929519653,PLC -> IO,0.04712
1776266202.9514349,76.90713477134705,PLC -> IO,0.0204
1776266203.0176992,76.97339916229248,PLC -> IO,3.29864
1776266203.0816116,77.03731155395508,PLC -> IO,29.2484
1776266203.1454372,77.10113716125488,PLC -> IO,0.43320000000000003
1776266203.209972,77.16567182540894,PLC -> IO,0.57408
1776266203.2711015,77.22680139541626,PLC -> IO,2.8931199999999997
1776266203.3372555,77.29295539855957,PLC -> IO,0.47488
1776266203.399401,77.35510087013245,PLC -> IO,6.51616
1776266203.4649081,77.42060804367065,PLC -> IO,2.57992
1776266203.5281727,77.48387265205383,PLC -> IO,0.54
1776266203.5918853,77.54758524894714,PLC -> IO,0.8527199999999999
1776266203.656625,77.61232495307922,PLC -> IO,1.18688
1776266203.719384,77.67508387565613,PLC -> IO,1.28816
1776266203.7921426,77.74784255027771,PLC -> IO,21.78032
1776266203.8492115,77.80491137504578,PLC -> IO,0.5654399999999999
1776266203.9198213,77.87552118301392,PLC -> IO,3.5584800000000003
1776266203.9756527,77.93135261535645,PLC -> IO,0.77144
1776266204.0416996,77.99739956855774,PLC -> IO,3.33864
1776266204.1016796,78.05737948417664,PLC -> IO,2.60064
1776266204.168038,78.12373781204224,PLC -> IO,1.23712
1776266204.2310088,78.18670868873596,PLC -> IO,1.06576
1776266204.298178,78.25387787818909,PLC -> IO,6.90512
1776266204.3607368,78.31643676757812,PLC -> IO,15.05968
1776266204.42492,78.38062000274658,PLC -> IO,0.5544
1776266204.499979,78.45567893981934,PLC -> IO,3.08488
1776266204.5512104,78.50691032409668,PLC -> IO,2.4832
1776266204.6207836,78.57648348808289,PLC -> IO,0.47632
1776266204.6788924,78.634592294693,PLC -> IO,3.06296
1776266204.7470348,78.70273470878601,PLC -> IO,1.4028
1776266204.8076572,78.76335716247559,PLC -> IO,0.14304
1776266204.8757882,78.8314881324768,PLC -> IO,0.40136
1776266204.937437,78.89313697814941,PLC -> IO,0.4236
1776266205.0000653,78.95576524734497,PLC -> IO,6.37656
1776266205.0642438,79.01994371414185,PLC -> IO,13.424719999999999
1776266205.1262817,79.08198165893555,PLC -> IO,3.9397599999999997
1776266205.1934485,79.14914846420288,PLC -> IO,0.40232
1776266205.255208,79.21090793609619,PLC -> IO,2.2668
1776266205.3211133,79.2768132686615,PLC -> IO,5.09408
1776266205.3837948,79.3394947052002,PLC -> IO,2.0295199999999998
1776266205.4500356,79.4057354927063,PLC -> IO,4.81848
1776266205.5181997,79.47389960289001,PLC -> IO,2.3185599999999997
1776266205.5767415,79.53244137763977,PLC -> IO,0.9354399999999999
1776266205.641213,79.59691286087036,PLC -> IO,25.137272
1776266205.7038639,79.65956377983093,PLC -> IO,0.2632
1776266205.7676327,79.72333264350891,PLC -> IO,1.38176
1776266205.8316631,79.78736305236816,PLC -> IO,0.18256
1776266205.8973455,79.85304546356201,PLC -> IO,10.42
1776266205.9600508,79.91575074195862,PLC -> IO,1.4048800000000001
1776266206.0245721,79.98027205467224,PLC -> IO,3.6246400000000003
1776266206.0868528,80.04255270957947,PLC -> IO,0.7688
1776266206.156231,80.11193084716797,PLC -> IO,0.1296
1776266206.2175016,80.17320156097412,PLC -> IO,3.04752
1776266206.2839901,80.23969006538391,PLC -> IO,2.68704
1776266206.3447375,80.30043745040894,PLC -> IO,29.62712
1776266206.4104304,80.36613035202026,PLC -> IO,9.51416
1776266206.472361,80.42806100845337,PLC -> IO,0.128
1776266206.5381935,80.49389338493347,PLC -> IO,0.0011200000000000001
1776266206.6013455,80.55704545974731,PLC -> IO,2.31096
1776266206.661322,80.6170220375061,PLC -> IO,4.14928
1776266206.7334852,80.68918514251709,PLC -> IO,8.956479999999999
1776266206.791593,80.74729299545288,PLC -> IO,1.94064
1776266206.857254,80.81295394897461,PLC -> IO,2.8739999999999997
1776266206.9213078,80.87700772285461,PLC -> IO,12.07128
1776266206.9855525,80.94125247001648,PLC -> IO,3.42184
1776266207.0465062,81.00220608711243,PLC -> IO,0.25488000000000005
1776266207.112752,81.06845188140869,PLC -> IO,1.0915199999999998
1776266207.177364,81.13306403160095,PLC -> IO,5.95864
1776266207.2404685,81.19616842269897,PLC -> IO,4.022320000000001
1776266207.307134,81.26283383369446,PLC -> IO,0.39008
1776266207.3679235,81.32362341880798,PLC -> IO,0.758
1776266207.434046,81.38974595069885,PLC -> IO,6.2952
1776266207.4951618,81.45086169242859,PLC -> IO,2.7636000000000003
1776266207.561615,81.51731491088867,PLC -> IO,0.19416
1776266207.6228197,81.57851958274841,PLC -> IO,15.892719999999999
1776266207.6888769,81.64457678794861,PLC -> IO,0.02048
1776266207.75166,81.70736002922058,PLC -> IO,0.78288
1776266207.8161726,81.77187252044678,PLC -> IO,1.47832
1776266207.8787518,81.83445167541504,PLC -> IO,3.0489599999999997
1776266207.9459195,81.90161943435669,PLC -> IO,7.90112
1776266208.0100484,81.96574831008911,PLC -> IO,4.0016
1776266208.0736947,82.02939462661743,PLC -> IO,0.4956
1776266208.1372657,82.09296560287476,PLC -> IO,0.44695999999999997
1776266208.2013037,82.15700364112854,PLC -> IO,27.608159999999998
1776266208.2724688,82.22816872596741,PLC -> IO,1.07488
1776266208.327721,82.2834210395813,PLC -> IO,1.5027199999999998
1776266208.3998244,82.35552430152893,PLC -> IO,1.9336799999999998
1776266208.454818,82.4105179309845,PLC -> IO,0.74168
1776266208.5207157,82.47641563415527,PLC -> IO,1.76176
1776266208.5843244,82.5400242805481,PLC -> IO,5.65456
1776266208.647938,82.60363793373108,PLC -> IO,1.36904
1776266208.7134445,82.66914439201355,PLC -> IO,5.41872
1776266208.7769525,82.73265242576599,PLC -> IO,0.6963199999999999
1776266208.8412144,82.79691433906555,PLC -> IO,0.5763199999999999
1776266208.9038694,82.85956931114197,PLC -> IO,24.996879999999997
1776266208.969924,82.9256238937378,PLC -> IO,1.41992
1776266209.0310538,82.9867537021637,PLC -> IO,1.11824
1776266209.0976217,83.05332159996033,PLC -> IO,0.21072
1776266209.1592963,83.11499619483948,PLC -> IO,6.5728
1776266209.2259672,83.18166708946228,PLC -> IO,1.3864800000000002
1776266209.2881663,83.24386620521545,PLC -> IO,0.49799999999999994
1776266209.3512614,83.30696129798889,PLC -> IO,3.0251200000000003
1776266209.4173439,83.37304377555847,PLC -> IO,0.51832
1776266209.480353,83.43605303764343,PLC -> IO,13.11592
1776266209.545015,83.50071501731873,PLC -> IO,2.06976
1776266209.6076398,83.5633397102356,PLC -> IO,0.052
1776266209.6738565,83.62955641746521,PLC -> IO,5.90072
1776266209.7356057,83.69130563735962,PLC -> IO,1.79
1776266209.8011656,83.75686550140381,PLC -> IO,12.9076
1776266209.8643608,83.82006072998047,PLC -> IO,1.35824
1776266209.926484,83.88218402862549,PLC -> IO,2.2624
1776266209.9914796,83.94717955589294,PLC -> IO,2.53448
1776266210.0550878,84.01078772544861,PLC -> IO,5.93008
1776266210.1211598,84.07685971260071,PLC -> IO,5.583600000000001
1776266210.1839483,84.13964819908142,PLC -> IO,12.41296
1776266210.2509778,84.20667767524719,PLC -> IO,0.4176
1776266210.3125453,84.26824522018433,PLC -> IO,1.57992
1776266210.3812613,84.33696126937866,PLC -> IO,5.44816
1776266210.438999,84.39469885826111,PLC -> IO,0.42472
1776266210.5069866,84.46268653869629,PLC -> IO,1.93544
1776266210.5677524,84.5234522819519,PLC -> IO,1.46504
1776266210.637161,84.59286093711853,PLC -> IO,1.60808
1776266210.6955132,84.6512131690979,PLC -> IO,0.7604000000000001
1776266210.762407,84.71810698509216,PLC -> IO,23.2252
1776266210.8261561,84.78185606002808,PLC -> IO,6.49672
1776266210.885733,84.84143280982971,PLC -> IO,3.47592
1776266210.9534006,84.90910053253174,PLC -> IO,1.38864
1776266211.0150793,84.97077918052673,PLC -> IO,0.49416
1776266211.081083,85.03678297996521,PLC -> IO,3.59592
1776266211.1427433,85.09844326972961,PLC -> IO,1.11272
1776266211.2088282,85.16452813148499,PLC -> IO,0.24104
1776266211.2740233,85.22972321510315,PLC -> IO,6.04336
1776266211.3365486,85.29224848747253,PLC -> IO,1.1927999999999999
1776266211.3989077,85.35460758209229,PLC -> IO,2.87608
1776266211.4628797,85.41857957839966,PLC -> IO,31.01528
1776266211.5309434,85.48664331436157,PLC -> IO,3.8394399999999997
1776266211.591223,85.5469229221344,PLC -> IO,1.3668
1776266211.6579452,85.61364507675171,PLC -> IO,7.3616
1776266211.7190597,85.67475962638855,PLC -> IO,0.7836
1776266211.7849722,85.74067211151123,PLC -> IO,1.09376
1776266211.846226,85.80192589759827,PLC -> IO,2.03872
1776266211.9158015,85.87150144577026,PLC -> IO,1.4083999999999999
1776266211.9749796,85.93067955970764,PLC -> IO,2.84424
1776266212.0399823,85.99568223953247,PLC -> IO,16.1336
1776266212.1032462,86.05894613265991,PLC -> IO,5.425120000000001
1776266212.1677794,86.12347936630249,PLC -> IO,2.46088
1776266212.2349195,86.19061946868896,PLC -> IO,4.9858400000000005
1776266212.2975132,86.25321316719055,PLC -> IO,0.66376
1776266212.36468,86.32037997245789,PLC -> IO,0.57552
1776266212.421285,86.37698483467102,PLC -> IO,2.61352
1776266212.4975116,86.45321154594421,PLC -> IO,4.4644
1776266212.5545552,86.5102550983429,PLC -> IO,1.4474399999999998
1776266212.6177118,86.57341170310974,PLC -> IO,0.15239999999999998
1776266212.6804528,86.63615274429321,PLC -> IO,1.40624
1776266212.7439275,86.69962739944458,PLC -> IO,14.03888
1776266212.808983,86.76468300819397,PLC -> IO,1.11888
1776266212.871211,86.82691097259521,PLC -> IO,1.50856
1776266212.9373426,86.89304256439209,PLC -> IO,3.9089600000000004
1776266213.0019608,86.95766067504883,PLC -> IO,0.41616
1776266213.0685797,87.02427959442139,PLC -> IO,2.4224799999999997
1776266213.1277275,87.08342742919922,PLC -> IO,0.11495999999999999
1776266213.194828,87.15052795410156,PLC -> IO,4.971760000000001
1776266213.2553678,87.21106767654419,PLC -> IO,2.13336
1776266213.321663,87.27736282348633,PLC -> IO,26.0944
1776266213.3812032,87.33690309524536,PLC -> IO,3.07152
1776266213.4478288,87.40352869033813,PLC -> IO,0.03368
1776266213.5116386,87.46733856201172,PLC -> IO,1.35736
1776266213.5766187,87.53231859207153,PLC -> IO,0.1236
1776266213.6418102,87.59751009941101,PLC -> IO,0.04128
1776266213.703651,87.6593508720398,PLC -> IO,0.19048
1776266213.7709036,87.7266035079956,PLC -> IO,0.09872
1776266213.8317049,87.7874047756195,PLC -> IO,0.42432000000000003
1776266213.897219,87.85291886329651,PLC -> IO,2.4412000000000003
1776266213.9598515,87.91555142402649,PLC -> IO,1.9255200000000001
1776266214.035022,87.99072194099426,PLC -> IO,18.45816
1776266214.0906875,88.04638743400574,PLC -> IO,2.9302400000000004
1776266214.1519115,88.10761141777039,PLC -> IO,0.7796
1776266214.2155142,88.17121410369873,PLC -> IO,4.3096000000000005
1776266214.2790625,88.23476243019104,PLC -> IO,2.51184
1776266214.3450835,88.30078339576721,PLC -> IO,2.00968
1776266214.4078455,88.36354541778564,PLC -> IO,1.34184
1776266214.4758973,88.4315972328186,PLC -> IO,0.61256
1776266214.5364187,88.49211859703064,PLC -> IO,1.716
1776266214.6067507,88.56245064735413,PLC -> IO,11.459999999999999
1776266214.6627424,88.61844229698181,PLC -> IO,3.0681599999999998
1776266214.7276073,88.68330717086792,PLC -> IO,1.30848
1776266214.7910395,88.7467393875122,PLC -> IO,1.0892
1776266214.8560977,88.81179761886597,PLC -> IO,0.6848
1776266214.9193375,88.87503743171692,PLC -> IO,5.47832
1776266214.9838903,88.93959021568298,PLC -> IO,0.16176
1776266215.0510302,89.00673007965088,PLC -> IO,1.42296
1776266215.1117895,89.06748938560486,PLC -> IO,0.81408
1776266215.1772628,89.13296270370483,PLC -> IO,2.99064
1776266215.2390585,89.19475841522217,PLC -> IO,2.7869599999999997
1776266215.3056748,89.26137471199036,PLC -> IO,15.3172
1776266215.3676438,89.3233437538147,PLC -> IO,0.04376
1776266215.4347851,89.39048504829407,PLC -> IO,2.964
1776266215.495439,89.45113897323608,PLC -> IO,0.11767999999999999
1776266215.5600681,89.51576805114746,PLC -> IO,2.16856
1776266215.6241753,89.57987523078918,PLC -> IO,0.13744
1776266215.6860216,89.64172148704529,PLC -> IO,1.6927999999999999
1776266215.7548518,89.71055173873901,PLC -> IO,1.0849600000000001
1776266215.815009,89.77070903778076,PLC -> IO,0.030719999999999997
1776266215.881131,89.8368308544159,PLC -> IO,25.97
1776266215.9473007,89.90300059318542,PLC -> IO,7.3468
1776266216.0113661,89.9670660495758,PLC -> IO,1.064
1776266216.072514,90.02821397781372,PLC -> IO,3.5517600000000003
1776266216.13818,90.09387993812561,PLC -> IO,3.45728
1776266216.198951,90.15465092658997,PLC -> IO,1.4444
1776266216.2638636,90.2195634841919,PLC -> IO,3.6
1776266216.3277085,90.2834084033966,PLC -> IO,0.8143999999999999
1776266216.3952322,90.35093212127686,PLC -> IO,0.98816
1776266216.4583166,90.41401648521423,PLC -> IO,11.49832
1776266216.5214827,90.47718262672424,PLC -> IO,0.050800000000000005
1776266216.5852578,90.54095768928528,PLC -> IO,28.33272
1776266216.6462672,90.60196709632874,PLC -> IO,2.87816
1776266216.7172709,90.67297077178955,PLC -> IO,4.62256
1776266216.7754428,90.73114275932312,PLC -> IO,0.04816
1776266216.841513,90.79721283912659,PLC -> IO,3.1948800000000004
1776266216.902796,90.85849595069885,PLC -> IO,2.5387999999999997
1776266216.967954,90.92365384101868,PLC -> IO,0.95704
1776266217.0314493,90.98714923858643,PLC -> IO,0.015760000000000003
1776266217.0952613,91.05096125602722,PLC -> IO,0.25328
1776266217.1611521,91.1168520450592,PLC -> IO,14.5936
1776266217.22135,91.1770498752594,PLC -> IO,10.016399999999999
1776266217.2909763,91.24667620658875,PLC -> IO,2.45832
1776266217.3511806,91.30688047409058,PLC -> IO,1.37896
1776266217.4226944,91.37839436531067,PLC -> IO,1.06128
1776266217.4790123,91.43471217155457,PLC -> IO,2.86936
1776266217.5444763,91.50017619132996,PLC -> IO,2.94552
1776266217.60675,91.56244993209839,PLC -> IO,1.4844000000000002
1776266217.6712546,91.62695455551147,PLC -> IO,2.10016
1776266217.7349615,91.69066143035889,PLC -> IO,4.33664
1776266217.802429,91.75812888145447,PLC -> IO,1.62104
1776266217.8711452,91.82684516906738,PLC -> IO,10.05208
1776266217.927886,91.8835859298706,PLC -> IO,1.4191200000000002
1776266217.994865,91.95056486129761,PLC -> IO,5.50672
1776266218.0551035,92.01080346107483,PLC -> IO,4.782
1776266218.121149,92.07684898376465,PLC -> IO,2.0707999999999998
1776266218.1827383,92.13843822479248,PLC -> IO,0.9795999999999999
1776266218.252386,92.20808601379395,PLC -> IO,3.47768
1776266218.312609,92.26830887794495,PLC -> IO,3.3466400000000003
1776266218.382169,92.3378689289093,PLC -> IO,12.987200000000001
1776266218.442203,92.39790296554565,PLC -> IO,21.68056
1776266218.5054333,92.46113324165344,PLC -> IO,0.4816
1776266218.5700173,92.52571725845337,PLC -> IO,6.472720000000001
1776266218.6311631,92.58686304092407,PLC -> IO,0.60264
1776266218.69827,92.65397000312805,PLC -> IO,8.96312
1776266218.759487,92.71518683433533,PLC -> IO,4.4290400000000005
1776266218.825003,92.78070282936096,PLC -> IO,3.52872
1776266218.888274,92.84397387504578,PLC -> IO,2.8798399999999997
1776266218.95478,92.91048002243042,PLC -> IO,5.07008
1776266219.014893,92.97059297561646,PLC -> IO,4.120480000000001
1776266219.079557,93.03525686264038,PLC -> IO,0.98824
1776266219.1443372,93.10003709793091,PLC -> IO,24.34128
1776266219.2073855,93.16308546066284,PLC -> IO,1.966
1776266219.2749124,93.23061227798462,PLC -> IO,2.55408
1776266219.3351524,93.29085230827332,PLC -> IO,0.32264000000000004
1776266219.4021144,93.3578143119812,PLC -> IO,1.05728
1776266219.4647968,93.42049670219421,PLC -> IO,0.6272800000000001
1776266219.5299551,93.4856550693512,PLC -> IO,2.4188
1776266219.5911255,93.54682540893555,PLC -> IO,0.54904
1776266219.6636572,93.61935710906982,PLC -> IO,0.6267999999999999
1776266219.7193975,93.67509746551514,PLC -> IO,17.96792
1776266219.789889,93.74558901786804,PLC -> IO,1.17648
1776266219.846656,93.80235600471497,PLC -> IO,0.42912
1776266219.911833,93.86753296852112,PLC -> IO,0.82624
1776266219.978315,93.93401503562927,PLC -> IO,3.9831199999999995
1776266220.0373397,93.99303960800171,PLC -> IO,4.22624
1776266220.1050522,94.0607521533966,PLC -> IO,0.23184
1776266220.1676676,94.12336754798889,PLC -> IO,0.024640000000000002
1776266220.2347753,94.19047522544861,PLC -> IO,0.04664
1776266220.2950594,94.25075936317444,PLC -> IO,5.05392
1776266220.3652256,94.32092547416687,PLC -> IO,7.3681600000000005
1776266220.423858,94.37955784797668,PLC -> IO,12.38696
1776266220.5008707,94.45657062530518,PLC -> IO,0.46872
1776266220.550989,94.5066888332367,PLC -> IO,0.9984799999999999
1776266220.6151845,94.57088446617126,PLC -> IO,1.34624
1776266220.6850944,94.64079427719116,PLC -> IO,0.7645599999999999
1776266220.743942,94.6996419429779,PLC -> IO,1.46824
1776266220.80949,94.76518988609314,PLC -> IO,13.01896
1776266220.872538,94.8282380104065,PLC -> IO,0.23864000000000002
1776266220.9382262,94.89392614364624,PLC -> IO,4.05936
1776266220.9988747,94.95457458496094,PLC -> IO,25.10496
1776266221.0649703,95.02067017555237,PLC -> IO,7.01696
1776266221.1277838,95.08348369598389,PLC -> IO,1.2808
1776266221.192784,95.14848399162292,PLC -> IO,0.09608
1776266221.2549605,95.21066045761108,PLC -> IO,6.352080000000001
1776266221.31914,95.27483987808228,PLC -> IO,5.8047200000000005
1776266221.3846138,95.34031367301941,PLC -> IO,2.95688
1776266221.4463105,95.40201044082642,PLC -> IO,2.90224
1776266221.5158916,95.47159147262573,PLC -> IO,2.9310400000000003
1776266221.5755625,95.53126239776611,PLC -> IO,6.0184
1776266221.6420772,95.5977771282196,PLC -> IO,4.11672
1776266221.7072527,95.66295266151428,PLC -> IO,22.5256
1776266221.7690675,95.72476744651794,PLC -> IO,8.312399999999998
1776266221.8316474,95.78734731674194,PLC -> IO,1.83576
1776266221.8967018,95.85240173339844,PLC -> IO,1.9136
1776266221.9593627,95.91506266593933,PLC -> IO,0.07176
1776266222.023865,95.97956490516663,PLC -> IO,1.70112
1776266222.0910068,96.04670667648315,PLC -> IO,0.02112
1776266222.1511283,96.10682821273804,PLC -> IO,5.971920000000001
1776266222.2182686,96.17396855354309,PLC -> IO,5.4932799999999995
1776266222.2789512,96.2346510887146,PLC -> IO,11.96584
1776266222.3460279,96.30172777175903,PLC -> IO,6.4812
1776266222.4063742,96.36207413673401,PLC -> IO,0.21864
1776266222.4722543,96.42795419692993,PLC -> IO,7.0861600000000005
1776266222.5355802,96.49128007888794,PLC -> IO,3.27776
1776266222.6006663,96.55636620521545,PLC -> IO,3.9064
1776266222.6637602,96.619460105896,PLC -> IO,5.86072
1776266222.7278106,96.6835105419159,PLC -> IO,5.9984
1776266222.7949002,96.7506000995636,PLC -> IO,1.01416
1776266222.8552418,96.81094169616699,PLC -> IO,2.27968
1776266222.9221683,96.87786817550659,PLC -> IO,0.48632
1776266222.9837866,96.93948650360107,PLC -> IO,16.512240000000002
1776266223.050876,97.0065758228302,PLC -> IO,2.55336
1776266223.1110566,97.0667564868927,PLC -> IO,1.47248
1776266223.178177,97.13387703895569,PLC -> IO,7.994400000000001
1776266223.23875,97.19444990158081,PLC -> IO,0.24023999999999998
1776266223.304094,97.25979399681091,PLC -> IO,3.2967999999999997
1776266223.3666244,97.32232427597046,PLC -> IO,2.4472
1776266223.431176,97.38687586784363,PLC -> IO,0.53808
1776266223.4983163,97.45401620864868,PLC -> IO,4.0488
1776266223.5590076,97.51470756530762,PLC -> IO,27.12864
1776266223.6275282,97.58322811126709,PLC -> IO,1.04704
1776266223.6876438,97.6433436870575,PLC -> IO,0.041999999999999996
1776266223.7548263,97.71052622795105,PLC -> IO,4.0904799999999994
1776266223.815592,97.77129197120667,PLC -> IO,5.84208
1776266223.8810656,97.83676552772522,PLC -> IO,2.50968
1776266223.9436877,97.89938759803772,PLC -> IO,1.03984
1776266224.0083566,97.9640564918518,PLC -> IO,0.53808
1776266224.0715258,98.02722573280334,PLC -> IO,0.9147200000000001
1776266224.1385894,98.09428930282593,PLC -> IO,2.9752
1776266224.2021725,98.15787243843079,PLC -> IO,4.09712
1776266224.2654376,98.22113752365112,PLC -> IO,23.516080000000002
1776266224.3300061,98.28570604324341,PLC -> IO,3.42776
1776266224.3936226,98.34932255744934,PLC -> IO,4.04616
1776266224.4582224,98.41392230987549,PLC -> IO,6.5092
1776266224.5189075,98.47460746765137,PLC -> IO,3.65088
1776266224.5859382,98.54163813591003,PLC -> IO,1.05152
1776266224.648213,98.60391283035278,PLC -> IO,0.46215999999999996
1776266224.712724,98.6684238910675,PLC -> IO,4.9948
1776266224.7748806,98.7305805683136,PLC -> IO,0.61624
1776266224.8391087,98.79480862617493,PLC -> IO,13.47432
1776266224.9050994,98.86079931259155,PLC -> IO,2.01512
1776266224.967225,98.92292499542236,PLC -> IO,1.50536
1776266225.0358715,98.9915714263916,PLC -> IO,0.47864
1776266225.0951009,99.05080080032349,PLC -> IO,6.38192
1776266225.1621249,99.11782479286194,PLC -> IO,1.4648
1776266225.2226977,99.17839765548706,PLC -> IO,0.5453600000000001
1776266225.2890396,99.2447395324707,PLC -> IO,0.48328
1776266225.3510365,99.3067364692688,PLC -> IO,0.60368
1776266225.4166665,99.37236642837524,PLC -> IO,2.96048
1776266225.4793985,99.43509840965271,PLC -> IO,5.09344
1776266225.5489144,99.50461435317993,PLC -> IO,12.086400000000001
1776266225.610988,99.56668782234192,PLC -> IO,0.02568
1776266225.6718183,99.62751817703247,PLC -> IO,0.28136
1776266225.7382672,99.69396710395813,PLC -> IO,2.9726399999999997
1776266225.8013868,99.75708675384521,PLC -> IO,2.00992
1776266225.867011,99.82271099090576,PLC -> IO,4.0887199999999995
1776266225.927169,99.88286900520325,PLC -> IO,0.5464000000000001
1776266225.9947796,99.95047950744629,PLC -> IO,3.15536
1776266226.056477,100.01217699050903,PLC -> IO,0.91608
1776266226.1250849,100.08078479766846,PLC -> IO,22.56872
1776266226.1827567,100.13845658302307,PLC -> IO,1.46712
1776266226.2472792,100.20297908782959,PLC -> IO,1.54256
1776266226.3160784,100.27177834510803,PLC -> IO,2.8394399999999997
1776266226.37857,100.33427000045776,PLC -> IO,0.55464
1776266226.448181,100.40388083457947,PLC -> IO,1.53608
1776266226.5072627,100.46296262741089,PLC -> IO,5.04352
1776266226.5749178,100.53061771392822,PLC -> IO,2.59712
1776266226.6310353,100.58673524856567,PLC -> IO,1.47664
1776266226.7012584,100.65695834159851,PLC -> IO,8.79088
1776266226.758766,100.71446585655212,PLC -> IO,0.22048
1776266226.823451,100.77915096282959,PLC -> IO,26.53208
1776266226.887513,100.84321284294128,PLC -> IO,0.03504
1776266226.951205,100.90690493583679,PLC -> IO,3.8257600000000003
1776266227.018312,100.97401189804077,PLC -> IO,4.4992
1776266227.0789373,101.0346372127533,PLC -> IO,0.04632
1776266227.1460593,101.10175919532776,PLC -> IO,3.9552
1776266227.2077644,101.16346430778503,PLC -> IO,1.08336
1776266227.2747936,101.23049354553223,PLC -> IO,2.55256
1776266227.3356261,101.29132604598999,PLC -> IO,0.7808
1776266227.40355,101.35924983024597,PLC -> IO,12.6516
1776266227.4628508,101.41855072975159,PLC -> IO,5.879040000000001
1776266227.5313017,101.48700165748596,PLC -> IO,5.06248
1776266227.5924509,101.54815077781677,PLC -> IO,7.4108
1776266227.6552851,101.61098504066467,PLC -> IO,4.82784
1776266227.7212067,101.67690658569336,PLC -> IO,1.00512
1776266227.7813735,101.73707342147827,PLC -> IO,0.95328
1776266227.8509796,101.8066794872284,PLC -> IO,6.4741599999999995
1776266227.9111905,101.86689043045044,PLC -> IO,1.47768
1776266227.9782207,101.93392062187195,PLC -> IO,5.01712
1776266228.0389557,101.99465560913086,PLC -> IO,1.35448
1776266228.1070247,102.06272459030151,PLC -> IO,15.80848
1776266228.1677487,102.12344861030579,PLC -> IO,3.3270399999999998
1776266228.232219,102.18791890144348,PLC -> IO,0.47272
1776266228.301416,102.25711584091187,PLC -> IO,3.00576
1776266228.3635767,102.3192765712738,PLC -> IO,7.50512
1776266228.4311101,102.3868100643158,PLC -> IO,0.030639999999999997
1776266228.5014405,102.45714044570923,PLC -> IO,2.32768
1776266228.5563703,102.5120701789856,PLC -> IO,2.59056
1776266228.617491,102.5731909275055,PLC -> IO,3.50888
1776266228.6811187,102.63681864738464,PLC -> IO,25.08376
1776266228.7457757,102.70147562026978,PLC -> IO,4.47288
1776266228.8143833,102.77008318901062,PLC -> IO,0.49352
1776266228.8769848,102.83268475532532,PLC -> IO,5.62176
1776266228.9368107,102.89251065254211,PLC -> IO,9.33056
1776266228.998795,102.95449495315552,PLC -> IO,1.52768
1776266229.0628738,103.01857376098633,PLC -> IO,0.97272
1776266229.1295395,103.08523941040039,PLC -> IO,7.06168
1776266229.191162,103.1468620300293,PLC -> IO,0.55304
1776266229.2587442,103.21444416046143,PLC -> IO,1.0244799999999998
1776266229.3218937,103.2775936126709,PLC -> IO,3.01016
1776266229.3870218,103.34272170066833,PLC -> IO,28.0476
1776266229.4482687,103.40396857261658,PLC -> IO,6.4097599999999995
1776266229.5137424,103.46944236755371,PLC -> IO,5.0564800000000005
1776266229.5755773,103.53127717971802,PLC -> IO,0.8260000000000001
1776266229.6420288,103.59772872924805,PLC -> IO,5.5652
1776266229.7042265,103.65992641448975,PLC -> IO,2.90592
1776266229.7707846,103.72648453712463,PLC -> IO,1.7715999999999998
1776266229.8344147,103.79011464118958,PLC -> IO,0.47807999999999995
1776266229.8950813,103.85078120231628,PLC -> IO,3.4863199999999996
1776266229.962141,103.9178409576416,PLC -> IO,17.164160000000003
1776266230.0239537,103.97965359687805,PLC -> IO,4.82368
1776266230.0899582,104.04565811157227,PLC -> IO,13.465440000000001
1776266230.1510355,104.10673546791077,PLC -> IO,3.9631199999999995
1776266230.2181742,104.17387413978577,PLC -> IO,3.67032
1776266230.27943,104.23512983322144,PLC -> IO,4.425680000000001
1776266230.3434277,104.29912757873535,PLC -> IO,1.53736
1776266230.4095478,104.36524772644043,PLC -> IO,1.4889599999999998
1776266230.4718606,104.42756056785583,PLC -> IO,0.8244
1776266230.5412886,104.49698853492737,PLC -> IO,1.0495999999999999
1776266230.599,104.55469989776611,PLC -> IO,2.94904
1776266230.6660647,104.62176465988159,PLC -> IO,15.08728
1776266230.7277932,104.68349313735962,PLC -> IO,4.90536
1776266230.7948182,104.75051808357239,PLC -> IO,2.50352
1776266230.8550684,104.81076836585999,PLC -> IO,5.87592
1776266230.9220736,104.87777352333069,PLC -> IO,1.48552
1776266230.9836721,104.9393720626831,PLC -> IO,0.09672
1776266231.0479898,105.00368976593018,PLC -> IO,4.34288
1776266231.1109886,105.06668853759766,PLC -> IO,5.60672
1776266231.1751468,105.13084673881531,PLC -> IO,5.92272
1776266231.2562356,105.21193552017212,PLC -> IO,22.57472
1776266231.3028874,105.25858736038208,PLC -> IO,1.05744
1776266231.3709524,105.32665228843689,PLC -> IO,0.013519999999999999
1776266231.4317703,105.38747024536133,PLC -> IO,0.82952
1776266231.498219,105.45391893386841,PLC -> IO,2.09032
1776266231.558819,105.51451897621155,PLC -> IO,0.102
1776266231.6249921,105.58069205284119,PLC -> IO,0.96744
1776266231.6877792,105.64347910881042,PLC -> IO,6.41736
1776266231.752911,105.70861101150513,PLC -> IO,0.80128
1776266231.815343,105.7710428237915,PLC -> IO,4.694
1776266231.880067,105.83576703071594,PLC -> IO,0.9342400000000001
1776266231.9471478,105.90284776687622,PLC -> IO,31.52632
1776266232.007231,105.96293091773987,PLC -> IO,4.988160000000001
1776266232.0748518,106.03055167198181,PLC -> IO,3.0608
1776266232.1350853,106.09078526496887,PLC -> IO,1.93168
1776266232.2021027,106.15780258178711,PLC -> IO,3.5583199999999997
1776266232.263814,106.21951389312744,PLC -> IO,5.28448
1776266232.3308787,106.28657865524292,PLC -> IO,2.4852
1776266232.39453,106.3502299785614,PLC -> IO,3.06944
1776266232.456072,106.41177201271057,PLC -> IO,0.70312
1776266232.5187628,106.47446274757385,PLC -> IO,12.58712
1776266232.5839932,106.53969311714172,PLC -> IO,6.91424
1776266232.6510112,106.6067111492157,PLC -> IO,3.9967120000000005
1776266232.7112339,106.66693377494812,PLC -> IO,4.91168
1776266232.7787535,106.73445343971252,PLC -> IO,1.01616
1776266232.8388636,106.79456353187561,PLC -> IO,1.10464
1776266232.9059925,106.86169242858887,PLC -> IO,0.01872
1776266232.967798,106.92349791526794,PLC -> IO,1.8356
1776266233.0357955,106.99149537086487,PLC -> IO,6.51872
1776266233.0949752,107.0506751537323,PLC -> IO,3.41464
1776266233.160038,107.11573791503906,PLC -> IO,4.52592
1776266233.2287626,107.18446254730225,PLC -> IO,8.98264
1776266233.287873,107.24357295036316,PLC -> IO,4.41584
1776266233.3599844,107.31568431854248,PLC -> IO,2.4633599999999998
1776266233.4151335,107.37083339691162,PLC -> IO,1.38304
1776266233.4821637,107.43786358833313,PLC -> IO,6.5036
1776266233.5438647,107.49956464767456,PLC -> IO,6.9596800000000005
1776266233.6124158,107.56811571121216,PLC -> IO,0.0184
1776266233.6710656,107.62676548957825,PLC -> IO,0.56992
1776266233.7381728,107.6938726902008,PLC -> IO,3.99648
1776266233.7988904,107.75459027290344,PLC -> IO,25.034
1776266233.8634987,107.81919860839844,PLC -> IO,8.9428
1776266233.9277062,107.88340616226196,PLC -> IO,4.84608
1776266233.992281,107.9479808807373,PLC -> IO,2.3936
1776266234.058309,108.01400899887085,PLC -> IO,1.49512
1776266234.1199594,108.07565927505493,PLC -> IO,3.48064
1776266234.187055,108.1427550315857,PLC -> IO,0.01008
1776266234.2472548,108.20295476913452,PLC -> IO,0.52824
1776266234.3148124,108.270512342453,PLC -> IO,5.55408
1776266234.378473,108.33417296409607,PLC -> IO,2.4798400000000003
1776266234.4410882,108.39678812026978,PLC -> IO,6.51648
1776266234.513579,108.46927881240845,PLC -> IO,15.185519999999999
1776266234.5698276,108.5255274772644,PLC -> IO,3.5132000000000003
1776266234.6314445,108.58714437484741,PLC -> IO,0.06872
1776266234.695256,108.65095591545105,PLC -> IO,0.83896
1776266234.7622013,108.7179012298584,PLC -> IO,1.00952
1776266234.8234072,108.77910709381104,PLC -> IO,3.92296
1776266234.8940527,108.84975266456604,PLC -> IO,2.95992
1776266234.9511116,108.90681147575378,PLC -> IO,4.99512
1776266235.0197206,108.9754204750061,PLC -> IO,1.5243200000000001
1776266235.0789468,109.03464674949646,PLC -> IO,16.0716
1776266235.1484694,109.1041693687439,PLC -> IO,0.00304
1776266235.2077,109.16339993476868,PLC -> IO,0.5711200000000001
1776266235.272916,109.2286159992218,PLC -> IO,5.62512
1776266235.3354208,109.29112076759338,PLC -> IO,4.9792
1776266235.3989708,109.35467076301575,PLC -> IO,0.53376
1776266235.4671128,109.4228127002716,PLC -> IO,1.51336
1776266235.5272503,109.48295021057129,PLC -> IO,0.08535999999999999
1776266235.5948625,109.55056238174438,PLC -> IO,2.01752
1776266235.6551907,109.61089062690735,PLC -> IO,0.8182400000000001
1776266235.7221198,109.67781972885132,PLC -> IO,2.49952
1776266235.7837377,109.73943758010864,PLC -> IO,18.62792
1776266235.8483658,109.8040657043457,PLC -> IO,4.02496
1776266235.91102,109.86671996116638,PLC -> IO,0.5734400000000001
1776266235.9761465,109.93184638023376,PLC -> IO,0.62736
1776266236.0393171,109.99501705169678,PLC -> IO,5.4733600000000004
1776266236.1038666,110.05956649780273,PLC -> IO,1.05064
1776266236.171008,110.12670803070068,PLC -> IO,5.03096
1776266236.240237,110.19593691825867,PLC -> IO,3.29256
1776266236.3012908,110.25699067115784,PLC -> IO,0.009840000000000002
1776266236.3665042,110.32220411300659,PLC -> IO,19.5636
1776266236.4250386,110.3807384967804,PLC -> IO,6.00072
1776266236.4951677,110.45086765289307,PLC -> IO,5.03568
1776266236.5572708,110.51297068595886,PLC -> IO,5.09312
1776266236.6155767,110.57127666473389,PLC -> IO,1.81352
1776266236.6801763,110.63587617874146,PLC -> IO,4.354399999999999
1776266236.7437506,110.69945049285889,PLC -> IO,1.90168
1776266236.8098085,110.76550841331482,PLC -> IO,3.47888
1776266236.875937,110.83163690567017,PLC -> IO,5.0204
1776266236.9351006,110.89080047607422,PLC -> IO,0.61328
1776266237.0021608,110.9578607082367,PLC -> IO,3.57328
1776266237.0657911,111.02149105072021,PLC -> IO,24.039839999999998
1776266237.1309235,111.08662343025208,PLC -> IO,0.00536
1776266237.1945474,111.15024733543396,PLC -> IO,5.5632
1776266237.25967,111.21536993980408,PLC -> IO,1.5065600000000001
1776266237.3188736,111.27457356452942,PLC -> IO,0.03288
1776266237.3835235,111.33922338485718,PLC -> IO,6.43768
1776266237.4475434,111.40324330329895,PLC -> IO,5.036320000000001
1776266237.5112007,111.46690058708191,PLC -> IO,30.60328
1776266237.5783076,111.53400754928589,PLC -> IO,6.050800000000001
1776266237.6455684,111.60126829147339,PLC -> IO,12.450312
1776266237.7060575,111.66175746917725,PLC -> IO,6.53744
1776266237.7672625,111.72296237945557,PLC -> IO,0.5271199999999999
1776266237.8348188,111.79051876068115,PLC -> IO,7.0748
1776266237.89747,111.8531699180603,PLC -> IO,0.96992
1776266237.9671435,111.92284345626831,PLC -> IO,0.51784
1776266238.0222208,111.97792077064514,PLC -> IO,1.5769600000000001
1776266238.0874262,112.0431261062622,PLC -> IO,3.40208
1776266238.1509736,112.1066734790802,PLC -> IO,1.47744
1776266238.2152545,112.17095446586609,PLC -> IO,3.9868000000000006
1776266238.281235,112.23693490028381,PLC -> IO,0.9723200000000001
1776266238.343827,112.29952692985535,PLC -> IO,12.60168
1776266238.4133523,112.36905217170715,PLC -> IO,1.63328
1776266238.471186,112.42688584327698,PLC -> IO,0.00424
1776266238.538216,112.49391603469849,PLC -> IO,10.546240000000001
1776266238.5998724,112.55557227134705,PLC -> IO,0.08072
1776266238.6659653,112.6216652393341,PLC -> IO,0.031760000000000004
1776266238.7276704,112.68337035179138,PLC -> IO,1.95544
1776266238.793222,112.7489218711853,PLC -> IO,1.52336
1776266238.8549612,112.81066107749939,PLC -> IO,4.0648
1776266238.9191165,112.87481641769409,PLC -> IO,42.94232
1776266238.9871132,112.94281315803528,PLC -> IO,4.99848
1776266239.0478384,113.00353837013245,PLC -> IO,0.08312
1776266239.1174445,113.07314443588257,PLC -> IO,2.46936
1776266239.1749926,113.13069248199463,PLC -> IO,0.059759999999999994
1776266239.2411165,113.19681644439697,PLC -> IO,0.9992
1776266239.303771,113.25947093963623,PLC -> IO,0.1596
1776266239.3724613,113.32816123962402,PLC -> IO,3.4520000000000004
1776266239.4309845,113.38668441772461,PLC -> IO,5.04224
1776266239.4981246,113.45382452011108,PLC -> IO,1.72184
1776266239.5604384,113.5161383152008,PLC -> IO,0.9863999999999999
1776266239.6239567,113.57965660095215,PLC -> IO,32.071832
1776266239.689501,113.6452009677887,PLC -> IO,10.0696
1776266239.7511551,113.70685505867004,PLC -> IO,0.08407999999999999
1776266239.8182611,113.7739610671997,PLC -> IO,3.0396
1776266239.885903,113.84160280227661,PLC -> IO,2.10648
1776266239.9460227,113.90172266960144,PLC -> IO,0.9875999999999999
1776266240.0077524,113.96345233917236,PLC -> IO,0.07016
1776266240.079785,114.03548502922058,PLC -> IO,0.1296
1776266240.1353848,114.09108471870422,PLC -> IO,3.53328
1776266240.2000217,114.15572166442871,PLC -> IO,19.772080000000003
1776266240.264297,114.2199969291687,PLC -> IO,0.38736
1776266240.3273108,114.28301072120667,PLC -> IO,0.5448799999999999
1776266240.401525,114.35722494125366,PLC -> IO,4.4534400000000005
1776266240.455157,114.41085696220398,PLC -> IO,1.48888
1776266240.5221539,114.47785377502441,PLC -> IO,5.600960000000001
1776266240.5838687,114.53956866264343,PLC -> IO,6.02312
1776266240.650921,114.6066210269928,PLC -> IO,0.0144
1776266240.7145557,114.67025566101074,PLC -> IO,1.49304
1776266240.7781656,114.73386549949646,PLC -> IO,5.54736
1776266240.840807,114.79650688171387,PLC -> IO,2.62136
1776266240.908508,114.86420798301697,PLC -> IO,9.0272
1776266240.967619,114.92331886291504,PLC -> IO,0.51032
1776266241.0313537,114.9870536327362,PLC -> IO,0.82496
1776266241.0983062,115.05400609970093,PLC -> IO,1.5444
1776266241.1585033,115.11420321464539,PLC -> IO,0.52488
1776266241.235739,115.19143891334534,PLC -> IO,4.85264
1776266241.2872198,115.24291968345642,PLC -> IO,0.06512
1776266241.3543153,115.3100152015686,PLC -> IO,6.5461599999999995
1776266241.415039,115.3707389831543,PLC -> IO,4.91632
1776266241.483665,115.43936491012573,PLC -> IO,27.016080000000002
1776266241.543689,115.49938893318176,PLC -> IO,3.52208
1776266241.607402,115.56310200691223,PLC -> IO,0.94544
1776266241.6709719,115.62667179107666,PLC -> IO,0.6696
1776266241.735268,115.69096803665161,PLC -> IO,0.83488
1776266241.805715,115.76141500473022,PLC -> IO,2.5517600000000003
1776266241.8623333,115.81803321838379,PLC -> IO,4.95048
1776266241.9309618,115.8866617679596,PLC -> IO,1.01512
1776266241.9930878,115.94878768920898,PLC -> IO,6.56024
1776266242.0582104,116.0139102935791,PLC -> IO,3.1028800000000003
1776266242.118844,116.0745439529419,PLC -> IO,1.10536
1776266242.1869707,116.14267063140869,PLC -> IO,31.59928
1776266242.247661,116.20336103439331,PLC -> IO,5.03264
1776266242.3132217,116.26892161369324,PLC -> IO,0.0168
1776266242.3774722,116.333172082901,PLC -> IO,2.4955200000000004
1776266242.4391696,116.39486956596375,PLC -> IO,0.332
1776266242.5061326,116.46183252334595,PLC -> IO,11.52792
1776266242.567227,116.52292680740356,PLC -> IO,0.6249600000000001
1776266242.635889,116.59158897399902,PLC -> IO,1.57096
1776266242.7005558,116.6562557220459,PLC -> IO,0.5308799999999999
1776266242.7621303,116.71783018112183,PLC -> IO,15.983279999999999
1776266242.8239007,116.77960062026978,PLC -> IO,6.9050400000000005
1776266242.891876,116.84757590293884,PLC -> IO,1.53224
1776266242.9510956,116.90679550170898,PLC -> IO,1.4436799999999999
1776266243.0187626,116.97446250915527,PLC -> IO,1.54552
1776266243.0797918,117.0354917049408,PLC -> IO,0.52664
1776266243.1474335,117.1031334400177,PLC -> IO,2.96552
1776266243.2110066,117.16670656204224,PLC -> IO,0.01752
1776266243.2711525,117.22685241699219,PLC -> IO,0.67672
1776266243.3382597,117.29395961761475,PLC -> IO,6.61784
1776266243.3989022,117.35460209846497,PLC -> IO,1.07552
1776266243.4660404,117.42174029350281,PLC -> IO,22.59016
1776266243.5278418,117.48354172706604,PLC -> IO,1.82584
1776266243.5972703,117.55297017097473,PLC -> IO,0.02552
1776266243.6555712,117.6112711429596,PLC -> IO,2.84624
1776266243.7235472,117.6792471408844,PLC -> IO,1.01888
1776266243.7911959,117.7468957901001,PLC -> IO,0.9858399999999999
1776266243.8473175,117.8030173778534,PLC -> IO,4.9768
1776266243.9171135,117.87281346321106,PLC -> IO,2.3528
1776266243.9775803,117.93328022956848,PLC -> IO,2.5321599999999997
1776266244.0412045,117.99690437316895,PLC -> IO,26.2012
1776266244.103974,118.05967402458191,PLC -> IO,2.3257600000000003
1776266244.1759276,118.13162755966187,PLC -> IO,2.53944
1776266244.2311075,118.18680739402771,PLC -> IO,0.0524
1776266244.2981706,118.25387048721313,PLC -> IO,4.549519999999999
1776266244.3637302,118.31943011283875,PLC -> IO,2.65688
1776266244.42342,118.37911987304688,PLC -> IO,4.026479999999999
1776266244.496162,118.45186185836792,PLC -> IO,2.42328
1776266244.5507002,118.5064001083374,PLC -> IO,1.188
1776266244.6183047,118.57400465011597,PLC -> IO,7.590719999999999
1776266244.6784725,118.6341724395752,PLC -> IO,6.07024
1776266244.7470605,118.70276045799255,PLC -> IO,36.638799999999996
1776266244.8072834,118.76298332214355,PLC -> IO,13.976880000000001
1776266244.8743136,118.83001351356506,PLC -> IO,12.06848
1776266244.9349616,118.8906614780426,PLC -> IO,0.15368
1776266245.0011158,118.95681571960449,PLC -> IO,0.9517599999999999
1776266245.0638828,119.01958274841309,PLC -> IO,9.37872
1776266245.1308355,119.08653545379639,PLC -> IO,2.55248
1776266245.1915946,119.14729452133179,PLC -> IO,6.42224
1776266245.2550786,119.21077847480774,PLC -> IO,6.0552
1776266245.3272507,119.28295063972473,PLC -> IO,7.76008
1776266245.3874302,119.34313011169434,PLC -> IO,1.62552
1776266245.449487,119.40518689155579,PLC -> IO,1.49744
1776266245.5110974,119.46679735183716,PLC -> IO,0.0096
1776266245.5782132,119.53391313552856,PLC -> IO,3.10896
1776266245.6390533,119.59475326538086,PLC -> IO,6.4188
1776266245.7059925,119.66169238090515,PLC -> IO,0.9767199999999999
1776266245.771122,119.72682189941406,PLC -> IO,3.48416
1776266245.8337739,119.78947377204895,PLC -> IO,6.9652
1776266245.8983498,119.85404968261719,PLC -> IO,0.20320000000000002
1776266245.9610274,119.91672730445862,PLC -> IO,2.474
1776266246.0271058,119.98280572891235,PLC -> IO,14.154399999999999
1776266246.0872183,120.04291820526123,PLC -> IO,3.54256
1776266246.1543586,120.11005854606628,PLC -> IO,7.9976
1776266246.2160075,120.17170739173889,PLC -> IO,4.02792
1776266246.2821445,120.23784446716309,PLC -> IO,3.592
1776266246.3438234,120.29952335357666,PLC -> IO,5.04744
1776266246.4158986,120.37159848213196,PLC -> IO,3.10336
1776266246.4710155,120.42671537399292,PLC -> IO,0.49672
1776266246.5371473,120.49284720420837,PLC -> IO,4.53648
1776266246.5992641,120.55496406555176,PLC -> IO,25.31344
1776266246.6648943,120.62059426307678,PLC -> IO,3.5500000000000003
1776266246.731,120.68669986724854,PLC -> IO,3.55208
1776266246.7931287,120.74882864952087,PLC -> IO,4.5594399999999995
1776266246.8582582,120.81395816802979,PLC -> IO,2.536
1776266246.9189909,120.8746907711029,PLC -> IO,4.392799999999999
1776266246.988556,120.94425582885742,PLC -> IO,0.96584
1776266247.047237,121.00293684005737,PLC -> IO,11.47096
1776266247.1147797,121.07047963142395,PLC -> IO,5.0484
1776266247.174991,121.13069081306458,PLC -> IO,13.926559999999998
1776266247.2410192,121.1967191696167,PLC -> IO,3.53928
1776266247.303803,121.25950288772583,PLC -> IO,26.52808
1776266247.3679626,121.32366251945496,PLC -> IO,0.33696000000000004
1776266247.4344273,121.39012718200684,PLC -> IO,2.8496799999999998
1776266247.4952052,121.45090508460999,PLC -> IO,6.90224
1776266247.5647774,121.52047729492188,PLC -> IO,1.43864
1776266247.625788,121.58148789405823,PLC -> IO,0.047920000000000004
1776266247.6924894,121.64818930625916,PLC -> IO,2.4804
1776266247.7511365,121.70683646202087,PLC -> IO,0.92312
1776266247.8181667,121.77386665344238,PLC -> IO,3.1952
1776266247.8783178,121.83401775360107,PLC -> IO,12.58216
1776266247.9434774,121.89917731285095,PLC -> IO,2.4364
1776266248.0076826,121.96338248252869,PLC -> IO,0.04312
1776266248.073206,122.02890586853027,PLC -> IO,3.99768
1776266248.1468675,122.10256743431091,PLC -> IO,0.50568
1776266248.1985285,122.1542284488678,PLC -> IO,7.45464
1776266248.2660844,122.22178435325623,PLC -> IO,7.60136
1776266248.3277538,122.28345370292664,PLC -> IO,0.12032
1776266248.3974297,122.35312962532043,PLC -> IO,0.90696
1776266248.4550707,122.41077065467834,PLC -> IO,1.86584
1776266248.5251422,122.48084211349487,PLC -> IO,0.562
1776266248.5872161,122.54291605949402,PLC -> IO,12.52736
1776266248.6493192,122.60501909255981,PLC -> IO,10.627512000000001
1776266248.7125096,122.66820955276489,PLC -> IO,3.46408
1776266248.775065,122.73076486587524,PLC -> IO,4.583600000000001
1776266248.8412652,122.7969651222229,PLC -> IO,0.94024
1776266248.903389,122.85908889770508,PLC -> IO,3.96552
1776266248.9709587,122.9266586303711,PLC -> IO,0.03496
1776266249.0317717,122.98747158050537,PLC -> IO,1.84408
1776266249.0982118,123.0539116859436,PLC -> IO,4.05992
1776266249.158984,123.11468386650085,PLC -> IO,26.97464
1776266249.2259946,123.18169450759888,PLC -> IO,2.04656
1776266249.2877467,123.24344658851624,PLC -> IO,5.9676
1776266249.3563416,123.31204152107239,PLC -> IO,0.43208
1776266249.4149573,123.37065720558167,PLC -> IO,0.378
1776266249.4822814,123.4379813671112,PLC -> IO,1.2616
1776266249.5472045,123.50290441513062,PLC -> IO,6.48832
1776266249.6073632,123.56306314468384,PLC -> IO,0.8888
1776266249.675858,123.63155794143677,PLC -> IO,4.16488
1776266249.7350414,123.69074130058289,PLC -> IO,0.1172
1776266249.8021135,123.75781345367432,PLC -> IO,2.5592
1776266249.867256,123.8229558467865,PLC -> IO,22.6052
1776266249.9308672,123.88656711578369,PLC -> IO,1.0588
1776266249.9911294,123.94682931900024,PLC -> IO,0.5392
1776266250.0571182,124.01281809806824,PLC -> IO,1.54392
1776266250.118775,124.07447481155396,PLC -> IO,2.01632
1776266250.1849134,124.14061331748962,PLC -> IO,1.00672
1776266250.2495306,124.20523047447205,PLC -> IO,4.0392
1776266250.3171515,124.27285146713257,PLC -> IO,0.5453600000000001
1776266250.3833034,124.33900332450867,PLC -> IO,1.58296
1776266250.4434283,124.39912819862366,PLC -> IO,12.53536
1776266250.5085952,124.46429514884949,PLC -> IO,5.9844
1776266250.5678256,124.52352547645569,PLC -> IO,0.852
1776266250.6342657,124.58996558189392,PLC -> IO,5.7456
1776266250.6955013,124.65120124816895,PLC -> IO,0.38168
1776266250.7620196,124.71771955490112,PLC -> IO,2.66568
1776266250.8271687,124.78286862373352,PLC -> IO,4.566319999999999
1776266250.8938131,124.84951305389404,PLC -> IO,3.5947999999999998
1776266250.9575043,124.91320419311523,PLC -> IO,2.49216
1776266251.015126,124.97082591056824,PLC -> IO,4.59736
1776266251.086284,125.04198384284973,PLC -> IO,0.42144
1776266251.1463296,125.10202956199646,PLC -> IO,11.09592
1776266251.209405,125.16510486602783,PLC -> IO,4.12744
1776266251.271059,125.22675895690918,PLC -> IO,0.66872
1776266251.33816,125.29385995864868,PLC -> IO,5.631200000000001
1776266251.4039345,125.35963439941406,PLC -> IO,0.0956
1776266251.465962,125.42166185379028,PLC -> IO,3.4668
1776266251.5275373,125.48323726654053,PLC -> IO,1.05168
1776266251.5906978,125.54639768600464,PLC -> IO,9.02624
1776266251.6583016,125.61400151252747,PLC -> IO,6.56776
1776266251.719994,125.67569398880005,PLC -> IO,27.55304
1776266251.7886043,125.74430418014526,PLC -> IO,1.96296
1776266251.8496861,125.80538606643677,PLC -> IO,0.04952
1776266251.9143107,125.87001061439514,PLC -> IO,3.4656000000000002
1776266251.9750326,125.9307324886322,PLC -> IO,7.479839999999999
1776266252.047104,126.00280380249023,PLC -> IO,0.10304
1776266252.1057389,126.06143879890442,PLC -> IO,2.78032
1776266252.168343,126.12404298782349,PLC -> IO,4.02536
1776266252.230935,126.18663501739502,PLC -> IO,6.5852
1776266252.2952485,126.25094842910767,PLC -> IO,3.36688
1776266252.3649058,126.3206057548523,PLC -> IO,5.85112
1776266252.4283547,126.38405466079712,PLC -> IO,21.570800000000002
1776266252.5001314,126.45583128929138,PLC -> IO,3.36952
1776266252.5517373,126.5074372291565,PLC -> IO,7.960399999999999
1776266252.61821,126.57390999794006,PLC -> IO,1.5992
1776266252.6789672,126.63466715812683,PLC -> IO,0.04448
1776266252.7499917,126.70569157600403,PLC -> IO,3.0690399999999998
1776266252.807112,126.76281189918518,PLC -> IO,4.048
1776266252.8732173,126.82891726493835,PLC -> IO,0.0468
1776266252.9355252,126.8912250995636,PLC -> IO,4.29976
1776266253.0035455,126.95924544334412,PLC -> IO,11.5304
1776266253.0701756,127.02587556838989,PLC -> IO,1.9368
1776266253.1323018,127.08800172805786,PLC -> IO,2.44672
1776266253.1978989,127.15359878540039,PLC -> IO,1.07768
1776266253.2551496,127.21084952354431,PLC -> IO,5.4218399999999995
1776266253.3221607,127.27786064147949,PLC -> IO,1.47984
1776266253.382971,127.3386709690094,PLC -> IO,3.0028799999999998
1776266253.4509425,127.4066424369812,PLC -> IO,1.0468000000000002
1776266253.5110552,127.46675515174866,PLC -> IO,1.00912
1776266253.5771167,127.53281664848328,PLC -> IO,0.04904
1776266253.6398292,127.59552907943726,PLC -> IO,3.9486399999999997
1776266253.7043722,127.66007208824158,PLC -> IO,15.5976
1776266253.7720704,127.72777032852173,PLC -> IO,2.46088
1776266253.8312244,127.78692436218262,PLC -> IO,0.6424799999999999
1776266253.8992794,127.8549792766571,PLC -> IO,3.02872
1776266253.9609308,127.91663074493408,PLC -> IO,2.476
1776266254.0260596,127.98175954818726,PLC -> IO,1.0504799999999999
1776266254.0881624,128.04386234283447,PLC -> IO,1.5768799999999998
1776266254.1548278,128.11052775382996,PLC -> IO,0.96792
1776266254.2183943,128.17409420013428,PLC -> IO,1.0530400000000002
1776266254.282084,128.237783908844,PLC -> IO,35.6444
1776266254.3456473,128.3013472557068,PLC -> IO,1.72264
1776266254.4082716,128.3639714717865,PLC -> IO,0.05192
1776266254.4794524,128.4351522922516,PLC -> IO,0.56672
1776266254.535127,128.49082684516907,PLC -> IO,2.95232
1776266254.6021574,128.55785727500916,PLC -> IO,4.594799999999999
1776266254.6642807,128.61998057365417,PLC -> IO,6.60376
1776266254.7310414,128.6867413520813,PLC -> IO,2.3971999999999998
1776266254.791136,128.74683594703674,PLC -> IO,5.0352
1776266254.8581662,128.81386613845825,PLC -> IO,11.59576
1776266254.9221067,128.87780666351318,PLC -> IO,1.76496
1776266254.9869556,128.9426555633545,PLC -> IO,23.168879999999998
1776266255.0470665,129.00276637077332,PLC -> IO,1.53184
1776266255.1106603,129.06636023521423,PLC -> IO,2.5641599999999998
1776266255.178349,129.13404893875122,PLC -> IO,2.07456
1776266255.240979,129.19667887687683,PLC -> IO,2.5565599999999997
1776266255.307113,129.2628128528595,PLC -> IO,2.52504
1776266255.3697283,129.32542824745178,PLC -> IO,4.046
1776266255.4372654,129.39296531677246,PLC -> IO,5.139119999999999
1776266255.495012,129.4507119655609,PLC -> IO,0.06544
1776266255.5611463,129.51684617996216,PLC -> IO,15.034479999999999
1776266255.6272123,129.58291220664978,PLC -> IO,1.37592
1776266255.6893187,129.64501857757568,PLC -> IO,1.5813599999999999
1776266255.751514,129.7072138786316,PLC -> IO,0.48192
1776266255.8151362,129.77083611488342,PLC -> IO,7.57912
1776266255.8822489,129.8379487991333,PLC -> IO,1.2528000000000001
1776266255.9458623,129.9015622138977,PLC -> IO,1.6015199999999998
1776266256.0155199,129.9712197780609,PLC -> IO,3.02944
1776266256.0710683,130.02676820755005,PLC -> IO,5.09536
1776266256.1382086,130.0939085483551,PLC -> IO,9.077440000000001
1776266256.2049901,130.1606900691986,PLC -> IO,1.9275200000000001
1776266256.268547,130.22424697875977,PLC -> IO,12.5456
1776266256.3295918,130.28529167175293,PLC -> IO,2.15624
1776266256.3962934,130.35199332237244,PLC -> IO,4.562
1776266256.457424,130.41312384605408,PLC -> IO,4.00032
1776266256.5195537,130.47525358200073,PLC -> IO,3.42
1776266256.584684,130.54038381576538,PLC -> IO,4.9196800000000005
1776266256.6507814,130.60648131370544,PLC -> IO,0.46936
1776266256.7143567,130.6700565814972,PLC -> IO,1.15528
1776266256.774968,130.73066782951355,PLC -> IO,5.0952
1776266256.8436658,130.79936575889587,PLC -> IO,24.6708
1776266256.9057827,130.86148262023926,PLC -> IO,1.53384
1776266256.9710019,130.9267017841339,PLC -> IO,0.88088
1776266257.0310109,130.98671078681946,PLC -> IO,6.54104
1776266257.097115,131.05281496047974,PLC -> IO,2.64712
1776266257.158914,131.11461400985718,PLC -> IO,5.97416
1776266257.2244308,131.18013072013855,PLC -> IO,3.9673599999999998
1776266257.292103,131.24780297279358,PLC -> IO,2.47728
1776266257.3512232,131.30692315101624,PLC -> IO,0.9867999999999999
1776266257.419856,131.37555599212646,PLC -> IO,2.48232
1776266257.4790065,131.43470644950867,PLC -> IO,5.894080000000001
1776266257.5495343,131.5052342414856,PLC -> IO,32.86232
1776266257.6121416,131.5678415298462,PLC -> IO,6.07096
1776266257.6788647,131.63456463813782,PLC -> IO,0.90816
1776266257.7349873,131.69068717956543,PLC -> IO,2.4583999999999997
1776266257.8020191,131.757719039917,PLC -> IO,3.08512
1776266257.86568,131.82137989997864,PLC -> IO,1.54792
1776266257.927263,131.8829629421234,PLC -> IO,1.0669600000000001
1776266257.9954133,131.95111322402954,PLC -> IO,4.0902400000000005
1776266258.0546105,132.01031041145325,PLC -> IO,0.5901599999999999
1776266258.124724,132.0804238319397,PLC -> IO,12.58584
1776266258.1882813,132.143981218338,PLC -> IO,2.61296
1776266258.2509341,132.20663404464722,PLC -> IO,1.19504
1776266258.3121216,132.26782155036926,PLC -> IO,2.43352
1776266258.3807034,132.33640336990356,PLC -> IO,6.58744
1776266258.4398537,132.3955535888672,PLC -> IO,2.2912000000000003
1776266258.5069182,132.4626181125641,PLC -> IO,5.0768
1776266258.5708876,132.5265874862671,PLC -> IO,0.23528000000000002
1776266258.6347017,132.5904016494751,PLC -> IO,0.05536
1776266258.6982985,132.65399837493896,PLC -> IO,4.17328
1776266258.7645383,132.72023820877075,PLC -> IO,1.47944
1776266258.82805,132.78374981880188,PLC -> IO,15.64152
1776266258.8872013,132.8429012298584,PLC -> IO,2.63664
1776266258.954912,132.91061186790466,PLC -> IO,1.5434400000000001
1776266259.0150025,132.97070240974426,PLC -> IO,6.59544
1776266259.08213,133.03782987594604,PLC -> IO,1.0405600000000002
1776266259.1447537,133.1004536151886,PLC -> IO,2.4596
1776266259.2093172,133.16501712799072,PLC -> IO,4.0916
1776266259.2720037,133.22770357131958,PLC -> IO,2.95416
1776266259.3352456,133.29094552993774,PLC -> IO,3.19328
1776266259.4007907,133.35649061203003,PLC -> IO,24.16208
1776266259.4634166,133.4191164970398,PLC -> IO,3.93288
1776266259.5334728,133.48917269706726,PLC -> IO,6.07784
1776266259.5920782,133.54777812957764,PLC -> IO,3.5744800000000003
1776266259.659887,133.6155869960785,PLC -> IO,0.88608
1776266259.7229164,133.6786162853241,PLC -> IO,0.31984
1776266259.7894614,133.74516129493713,PLC -> IO,3.0783199999999997
1776266259.8471124,133.80281233787537,PLC -> IO,5.0484800000000005
1776266259.9148753,133.87057518959045,PLC -> IO,2.36584
1776266259.9749398,133.93063974380493,PLC -> IO,5.97056
1776266260.0422819,133.9979817867279,PLC -> IO,0.28424
1776266260.1087146,134.06441450119019,PLC -> IO,26.0296
1776266260.1682236,134.12392354011536,PLC -> IO,3.6800800000000002
1776266260.2348468,134.19054675102234,PLC -> IO,4.63784
1776266260.2960448,134.25174474716187,PLC -> IO,3.4595200000000004
1776266260.3653479,134.32104778289795,PLC -> IO,0.88496
1776266260.4233255,134.37902545928955,PLC -> IO,0.90464
1776266260.4989774,134.45467734336853,PLC -> IO,1.06808
1776266260.551984,134.50768399238586,PLC -> IO,1.5923999999999998
1776266260.6171136,134.57281351089478,PLC -> IO,2.58744
1776266260.6839042,134.6396040916443,PLC -> IO,6.909840000000001
1776266260.7443957,134.70009565353394,PLC -> IO,2.5468800000000003
1776266260.8130195,134.76871943473816,PLC -> IO,0.652
1776266260.8731966,134.82889652252197,PLC -> IO,2.47184
1776266260.938252,134.89395189285278,PLC -> IO,2.60528
1776266261.0009465,134.95664644241333,PLC -> IO,8.586079999999999
1776266261.0720377,135.02773761749268,PLC -> IO,1.5868
1776266261.1322145,135.0879144668579,PLC -> IO,0.01192
1776266261.1974242,135.1531240940094,PLC -> IO,4.97136
1776266261.2550883,135.21078824996948,PLC -> IO,6.538
1776266261.3196118,135.27531170845032,PLC -> IO,2.4032
1776266261.3846436,135.3403434753418,PLC -> IO,15.11568
1776266261.450771,135.40647101402283,PLC -> IO,3.6748800000000004
1776266261.515841,135.47154092788696,PLC -> IO,2.25408
1776266261.5810497,135.53674960136414,PLC -> IO,0.13232
1776266261.6472173,135.60291719436646,PLC -> IO,4.05856
1776266261.7057908,135.66149067878723,PLC -> IO,4.09512
1776266261.7735677,135.7292675971985,PLC -> IO,1.90424
1776266261.8346086,135.79030847549438,PLC -> IO,1.96824
1776266261.9007418,135.8564417362213,PLC -> IO,1.04032
1776266261.9644058,135.9201056957245,PLC -> IO,22.49056
1776266262.0259895,135.981689453125,PLC -> IO,0.92704
1776266262.0880382,136.04373812675476,PLC -> IO,6.5812
1776266262.1522682,136.10796809196472,PLC -> IO,4.90048
1776266262.2198792,136.17557907104492,PLC -> IO,0.92296
1776266262.2785225,136.23422241210938,PLC -> IO,1.0009599999999998
1776266262.3495803,136.30528020858765,PLC -> IO,1.0679999999999998
1776266262.4096706,136.36537051200867,PLC -> IO,2.13488
1776266262.4758286,136.43152856826782,PLC -> IO,1.0948
1776266262.5384042,136.4941041469574,PLC -> IO,0.12552
1776266262.6047575,136.56045746803284,PLC -> IO,6.4976
1776266262.6662335,136.6219334602356,PLC -> IO,26.07856
1776266262.728339,136.68403887748718,PLC -> IO,4.137919999999999
1776266262.7944648,136.75016474723816,PLC -> IO,0.57568
1776266262.8556442,136.81134414672852,PLC -> IO,1.42296
1776266262.9242032,136.87990307807922,PLC -> IO,1.58296
1776266262.9858172,136.94151711463928,PLC -> IO,1.08568
1776266263.0520492,137.00774908065796,PLC -> IO,2.4324
1776266263.1145818,137.0702817440033,PLC -> IO,5.11456
1776266263.1782773,137.1339771747589,PLC -> IO,1.3651200000000001
1776266263.2399333,137.1956331729889,PLC -> IO,16.02384
1776266263.309546,137.26524591445923,PLC -> IO,3.08424
1776266263.3705907,137.3262906074524,PLC -> IO,1.1104
1776266263.4319313,137.38763117790222,PLC -> IO,2.87512
1776266263.496839,137.45253896713257,PLC -> IO,1.6045600000000002
1776266263.558537,137.51423692703247,PLC -> IO,1.9310399999999999
1776266263.6257331,137.58143305778503,PLC -> IO,14.00296
1776266263.687245,137.64294481277466,PLC -> IO,4.08032
1776266263.7554488,137.71114873886108,PLC -> IO,2.0105600000000003
1776266263.816054,137.77175402641296,PLC -> IO,0.92424
1776266263.8847098,137.8404097557068,PLC -> IO,1.45296
1776266263.9442313,137.89993119239807,PLC -> IO,13.18224
1776266264.010938,137.96663784980774,PLC -> IO,1.02352
1776266264.0760102,138.03171014785767,PLC -> IO,1.5868799999999998
1776266264.138107,138.0938069820404,PLC -> IO,3.14024
1776266264.198917,138.15461683273315,PLC -> IO,3.43272
1776266264.267448,138.2231478691101,PLC -> IO,3.52472
1776266264.3310938,138.28679370880127,PLC -> IO,4.01592
1776266264.3938773,138.34957718849182,PLC -> IO,3.28152
1776266264.4599328,138.41563272476196,PLC -> IO,2.4052000000000002
1776266264.5209603,138.47666025161743,PLC -> IO,22.538880000000002
1776266264.5861077,138.54180765151978,PLC -> IO,1.55656
1776266264.6471534,138.60285329818726,PLC -> IO,2.50944
1776266264.7147553,138.67045521736145,PLC -> IO,2.67152
1776266264.776884,138.7325839996338,PLC -> IO,2.62704
1776266264.8431187,138.79881858825684,PLC -> IO,5.02136
1776266264.9073045,138.86300444602966,PLC -> IO,4.868
1776266264.9683485,138.9240484237671,PLC -> IO,2.4192
1776266265.0360863,138.99178624153137,PLC -> IO,6.34528
1776266265.0985432,139.05424308776855,PLC -> IO,1.0967200000000001
1776266265.1661801,139.12188005447388,PLC -> IO,5.10864
1776266265.2257767,139.18147659301758,PLC -> IO,24.15896
1776266265.2910666,139.24676656723022,PLC -> IO,0.8414400000000001
1776266265.3520277,139.30772757530212,PLC -> IO,4.17136
1776266265.4198372,139.37553715705872,PLC -> IO,1.3404800000000001
1776266265.4833963,139.43909621238708,PLC -> IO,0.95264
1776266265.544439,139.50013899803162,PLC -> IO,4.06048
1776266265.608122,139.56382203102112,PLC -> IO,1.41504
1776266265.6762779,139.63197779655457,PLC -> IO,0.51712
1776266265.7383792,139.6940791606903,PLC -> IO,2.0399200000000004
1776266265.8010066,139.75670647621155,PLC -> IO,26.507920000000002
1776266265.8670447,139.82274460792542,PLC -> IO,3.6365600000000002
1776266265.9308357,139.88653564453125,PLC -> IO,2.45336
1776266265.9948826,139.95058250427246,PLC -> IO,7.57648
1776266266.056017,140.01171684265137,PLC -> IO,3.4393599999999998
1776266266.121251,140.0769510269165,PLC -> IO,2.39864
1776266266.1832976,140.13899755477905,PLC -> IO,0.8844000000000001
1776266266.2493064,140.2050063610077,PLC -> IO,0.5940799999999999
1776266266.3129382,140.26863813400269,PLC -> IO,3.11048
1776266266.3821027,140.3378026485443,PLC -> IO,0.69304
1776266266.4447207,140.40042066574097,PLC -> IO,1.67128
1776266266.5058575,140.46155738830566,PLC -> IO,27.64536
1776266266.5719695,140.52766942977905,PLC -> IO,0.65408
1776266266.6321616,140.58786153793335,PLC -> IO,1.1800000000000002
1776266266.7018483,140.6575481891632,PLC -> IO,0.93528
1776266266.7609444,140.71664428710938,PLC -> IO,4.94008
1776266266.8270369,140.78273677825928,PLC -> IO,6.197839999999999
1776266266.8880816,140.84378147125244,PLC -> IO,1.61184
1776266266.9557185,140.91141843795776,PLC -> IO,4.6352
1776266267.0159094,140.97160935401917,PLC -> IO,0.92808
1776266267.0795815,141.03528141975403,PLC -> IO,25.004559999999998
1776266267.1483052,141.1040050983429,PLC -> IO,1.4989599999999998
1776266267.2098513,141.1655511856079,PLC -> IO,0.89144
1776266267.2749274,141.2306272983551,PLC -> IO,6.04568
1776266267.3354685,141.2911684513092,PLC -> IO,2.17848
1776266267.4056675,141.36136746406555,PLC -> IO,0.13352
1776266267.4647543,141.42045426368713,PLC -> IO,6.0768
1776266267.5354004,141.4911003112793,PLC -> IO,0.5608
1776266267.5941455,141.54984545707703,PLC -> IO,2.00696
1776266267.6581151,141.6138150691986,PLC -> IO,0.08968
1776266267.7278655,141.6835653781891,PLC -> IO,0.0892
1776266267.795906,141.75160598754883,PLC -> IO,20.13248
1776266267.8521073,141.80780720710754,PLC -> IO,3.914
1776266267.912238,141.86793780326843,PLC -> IO,0.8841600000000001
1776266267.9784193,141.93411922454834,PLC -> IO,3.8598399999999997
1776266268.0435205,141.99922037124634,PLC -> IO,0.9828
1776266268.1095324,142.0652322769165,PLC -> IO,3.6169599999999997
1776266268.1681266,142.12382650375366,PLC -> IO,3.1220000000000003
1776266268.237287,142.19298696517944,PLC -> IO,1.09504
1776266268.2968824,142.25258231163025,PLC -> IO,3.11984
1776266268.365107,142.32080698013306,PLC -> IO,12.93936
1776266268.4256833,142.3813831806183,PLC -> IO,1.5724
1776266268.496436,142.4521360397339,PLC -> IO,2.44064
1776266268.5575035,142.51320338249207,PLC -> IO,3.63808
1776266268.6206212,142.57632112503052,PLC -> IO,2.4196
1776266268.6882637,142.64396357536316,PLC -> IO,2.50624
1776266268.7458968,142.70159673690796,PLC -> IO,10.517759999999999
1776266268.812098,142.76779794692993,PLC -> IO,2.8341600000000002
1776266268.8721492,142.82784914970398,PLC -> IO,1.1496
1776266268.939781,142.89548087120056,PLC -> IO,4.970879999999999
1776266269.0009046,142.9566044807434,PLC -> IO,4.907039999999999
1776266269.0684123,143.02411222457886,PLC -> IO,11.6432
1776266269.1310632,143.08676314353943,PLC -> IO,0.6140800000000001
1776266269.1916702,143.14737010002136,PLC -> IO,5.90064
1776266269.2599955,143.21569538116455,PLC -> IO,4.34912
1776266269.3209414,143.27664136886597,PLC -> IO,7.61144
1776266269.3856616,143.34136152267456,PLC -> IO,4.06616
1776266269.447197,143.40289688110352,PLC -> IO,4.097919999999999
1776266269.5153174,143.47101736068726,PLC -> IO,2.11152
1776266269.5769277,143.53262758255005,PLC -> IO,1.61624
1776266269.64316,143.59886002540588,PLC -> IO,33.993992
1776266269.707307,143.66300702095032,PLC -> IO,2.3985600000000002
1776266269.7719135,143.72761344909668,PLC -> IO,0.009120000000000001
1776266269.8344617,143.79016160964966,PLC -> IO,5.11568
1776266269.897163,143.85286283493042,PLC -> IO,2.43712
1776266269.96142,143.9171199798584,PLC -> IO,3.29112
1776266270.0234444,143.9791443347931,PLC -> IO,3.9007199999999997
1776266270.0911272,144.0468270778656,PLC -> IO,2.4067200000000004
1776266270.153173,144.1088728904724,PLC -> IO,3.92768
1776266270.21962,144.17531991004944,PLC -> IO,2.70952
1776266270.2824452,144.23814511299133,PLC -> IO,1.92736
1776266270.3460534,144.301753282547,PLC -> IO,33.57296
1776266270.407071,144.36277103424072,PLC -> IO,22.18752
1776266270.4733129,144.42901277542114,PLC -> IO,4.46424
1776266270.540375,144.49607491493225,PLC -> IO,0.10768
1776266270.6029675,144.55866742134094,PLC -> IO,3.1267199999999997
1776266270.6682081,144.62390804290771,PLC -> IO,0.50224
1776266270.728219,144.6839189529419,PLC -> IO,0.09896
1776266270.7960336,144.75173354148865,PLC -> IO,1.31624
1776266270.8545628,144.8102626800537,PLC -> IO,3.41184
1776266270.9223113,144.87801122665405,PLC -> IO,18.86776
1776266270.9872468,144.94294667243958,PLC -> IO,6.1212
1776266271.0521083,145.00780820846558,PLC -> IO,2.45664
1776266271.1119795,145.0676794052124,PLC -> IO,0.10264000000000001
1776266271.1837535,145.1394534111023,PLC -> IO,0.40552
1776266271.242173,145.19787287712097,PLC -> IO,2.10824
1776266271.3060467,145.26174664497375,PLC -> IO,2.3620799999999997
1776266271.3736253,145.3293251991272,PLC -> IO,0.40456
1776266271.4352987,145.39099860191345,PLC -> IO,3.9608000000000003
1776266271.4996746,145.45537447929382,PLC -> IO,0.67288
1776266271.559476,145.51517581939697,PLC -> IO,4.00984
1776266271.628251,145.58395099639893,PLC -> IO,12.92744
1776266271.6881251,145.6438250541687,PLC -> IO,1.62624
1776266271.7548602,145.71056008338928,PLC -> IO,3.41384
1776266271.8145082,145.77020812034607,PLC -> IO,2.366
1776266271.88114,145.8368399143219,PLC -> IO,2.46184
1776266271.9462173,145.901917219162,PLC -> IO,1.0278399999999999
1776266272.0082572,145.96395707130432,PLC -> IO,5.2004
1776266272.0770228,146.0327227115631,PLC -> IO,1.14744
1776266272.1385424,146.09424233436584,PLC -> IO,5.17616
1776266272.2062807,146.16198062896729,PLC -> IO,23.46616
1776266272.2643027,146.2200026512146,PLC -> IO,3.10216
1776266272.3310826,146.28678250312805,PLC -> IO,4.32944
1776266272.3961666,146.35186648368835,PLC -> IO,0.8704799999999999
1776266272.4602492,146.41594910621643,PLC -> IO,1.56864
1776266272.5208838,146.47658371925354,PLC -> IO,2.53096
1776266272.586912,146.54261183738708,PLC -> IO,0.12368000000000001
1776266272.6480334,146.60373330116272,PLC -> IO,0.10744000000000001
1776266272.7116423,146.66734218597412,PLC -> IO,7.66952
1776266272.7863503,146.74205017089844,PLC -> IO,3.59264
1776266272.8420534,146.7977533340454,PLC -> IO,1.39048
1776266272.9083443,146.86404418945312,PLC -> IO,27.88992
1776266272.9698098,146.9255096912384,PLC -> IO,0.88472
1776266273.0384402,146.99414014816284,PLC -> IO,1.3917599999999999
1776266273.0985086,147.05420851707458,PLC -> IO,5.068160000000001
1776266273.164685,147.12038493156433,PLC -> IO,5.99376
1776266273.225718,147.18141794204712,PLC -> IO,10.11528
1776266273.2883039,147.2440037727356,PLC -> IO,1.69328
1776266273.3520424,147.30774235725403,PLC -> IO,3.3836
1776266273.415672,147.3713719844818,PLC -> IO,1.3930399999999998
1776266273.484423,147.4401228427887,PLC -> IO,20.36184
1776266273.5479689,147.50366878509521,PLC -> IO,0.35463999999999996
1776266273.6119788,147.56767868995667,PLC -> IO,4.10688
1776266273.6796703,147.6353702545166,PLC -> IO,0.15072
1776266273.7399049,147.69560480117798,PLC -> IO,0.8206399999999999
1776266273.8008256,147.75652551651,PLC -> IO,0.12384
1776266273.8670337,147.82273364067078,PLC -> IO,1.28008
1776266273.931104,147.88680386543274,PLC -> IO,0.11144
1776266273.9932036,147.94890356063843,PLC -> IO,1.12032
1776266274.0571132,148.01281309127808,PLC -> IO,1.2465600000000001
1776266274.1205757,148.0762755870819,PLC -> IO,4.935359999999999
1776266274.1857235,148.1414234638214,PLC -> IO,20.08656
1776266274.247243,148.20294284820557,PLC -> IO,3.60904
1776266274.3149245,148.27062439918518,PLC -> IO,2.2807999999999997
1776266274.3794785,148.33517837524414,PLC -> IO,3.6172
1776266274.4456127,148.40131258964539,PLC -> IO,7.18808
1776266274.5078802,148.46358013153076,PLC -> IO,1.8741599999999998
1776266274.5719883,148.5276882648468,PLC -> IO,5.39392
1776266274.634483,148.59018301963806,PLC -> IO,1.6292
1776266274.6986969,148.65439677238464,PLC -> IO,2.5784
1776266274.759874,148.7155740261078,PLC -> IO,24.5152
1776266274.8243606,148.78006052970886,PLC -> IO,8.1496
1776266274.8910959,148.84679579734802,PLC -> IO,1.02568
1776266274.952117,148.90781688690186,PLC -> IO,0.11456
1776266275.0199418,148.9756417274475,PLC -> IO,2.33424
1776266275.0808706,149.03657054901123,PLC -> IO,0.11064
1776266275.1456137,149.10131359100342,PLC -> IO,4.08816
1776266275.2071195,149.16281938552856,PLC -> IO,4.14744
1776266275.2773988,149.23309874534607,PLC -> IO,0.39104
1776266275.3368795,149.29257941246033,PLC -> IO,1.6408
1776266275.403114,149.35881400108337,PLC -> IO,3.62584
1776266275.4671538,149.4228537082672,PLC -> IO,25.17888
1776266275.5282626,149.48396253585815,PLC -> IO,7.13936
1776266275.5944943,149.55019426345825,PLC -> IO,5.16264
1776266275.6591728,149.6148726940155,PLC -> IO,0.37944
1776266275.7268193,149.682519197464,PLC -> IO,1.35512
1776266275.783414,149.73911380767822,PLC -> IO,4.865600000000001
1776266275.8509784,149.8066782951355,PLC -> IO,0.11856
1776266275.9120162,149.86771607398987,PLC -> IO,6.74648
1776266275.9821846,149.9378845691681,PLC -> IO,0.10823999999999999
1776266276.0408993,149.9965991973877,PLC -> IO,9.976320000000001
1776266276.1049788,150.06067872047424,PLC -> IO,3.63072
1776266276.16706,150.12275981903076,PLC -> IO,4.11184
1776266276.237366,150.19306588172913,PLC -> IO,0.39096
1776266276.2994306,150.2551305294037,PLC -> IO,0.8767199999999999
1776266276.364795,150.320494890213,PLC -> IO,8.69232
1776266276.4286358,150.38433575630188,PLC -> IO,5.08792
1776266276.4998116,150.4555115699768,PLC -> IO,1.5626399999999998
1776266276.5598304,150.5155303478241,PLC -> IO,0.028079999999999997
1776266276.6195009,150.57520079612732,PLC -> IO,1.57744
1776266276.6812456,150.63694548606873,PLC -> IO,2.31336
1776266276.7472055,150.70290541648865,PLC -> IO,12.702160000000001
1776266276.8105264,150.7662262916565,PLC -> IO,1.8087199999999999
1776266276.8720517,150.82775163650513,PLC -> IO,2.38032
1776266276.9395776,150.8952775001526,PLC -> IO,5.14224
1776266277.0047672,150.96046710014343,PLC -> IO,1.15136
1776266277.0658529,151.0215528011322,PLC -> IO,5.11448
1776266277.131139,151.08683896064758,PLC -> IO,2.8428
1776266277.1921892,151.14788913726807,PLC -> IO,0.8972
1776266277.2602994,151.2159993648529,PLC -> IO,0.54616
1776266277.3244913,151.2801911830902,PLC -> IO,25.89408
1776266277.3882983,151.34399819374084,PLC -> IO,5.32576
1776266277.4471023,151.4028022289276,PLC -> IO,2.62576
1776266277.5172367,151.47293663024902,PLC -> IO,0.12232000000000001
1776266277.5759535,151.53165340423584,PLC -> IO,0.8821599999999999
1776266277.6404595,151.5961594581604,PLC -> IO,0.34632
1776266277.711122,151.66682195663452,PLC -> IO,6.11264
1776266277.7682092,151.72390913963318,PLC -> IO,2.6324
1776266277.835985,151.79168486595154,PLC -> IO,0.98256
1776266277.8969696,151.85266947746277,PLC -> IO,2.64808
1776266277.9662528,151.9219527244568,PLC -> IO,0.89208
1776266278.0282457,151.98394560813904,PLC -> IO,21.722720000000002
1776266278.0909722,152.04667210578918,PLC -> IO,3.40872
1776266278.154505,152.11020493507385,PLC -> IO,0.12016
1776266278.217233,152.17293286323547,PLC -> IO,0.8748
1776266278.2847335,152.24043345451355,PLC -> IO,0.14592000000000002
1776266278.3472807,152.3029806613922,PLC -> IO,1.1058400000000002
1776266278.4121358,152.36783576011658,PLC -> IO,1.3816
1776266278.4756389,152.43133878707886,PLC -> IO,0.68552
1776266278.5392492,152.49494910240173,PLC -> IO,1.8308
1776266278.603548,152.55924797058105,PLC -> IO,11.852400000000001
1776266278.6693542,152.62505412101746,PLC -> IO,0.27264
1776266278.7281244,152.683824300766,PLC -> IO,3.67848
1776266278.7969792,152.75267910957336,PLC -> IO,0.30232000000000003
1776266278.8568807,152.81258058547974,PLC -> IO,6.71576
1776266278.9231577,152.87885761260986,PLC -> IO,2.47824
1776266278.98567,152.94137001037598,PLC -> IO,4.1815999999999995
1776266279.0467854,153.00248527526855,PLC -> IO,1.60272
1776266279.1190255,153.0747253894806,PLC -> IO,1.0245600000000001
1776266279.1770334,153.13273334503174,PLC -> IO,2.67952
1776266279.2432926,153.19899249076843,PLC -> IO,3.9328000000000003
1776266279.307293,153.26299285888672,PLC -> IO,10.20208
1776266279.3720412,153.32774114608765,PLC -> IO,1.37912
1776266279.4320214,153.38772130012512,PLC -> IO,4.15576
1776266279.4997327,153.45543265342712,PLC -> IO,0.0864
1776266279.5583968,153.51409673690796,PLC -> IO,2.3764
1776266279.626964,153.58266401290894,PLC -> IO,0.11312
1776266279.691056,153.6467559337616,PLC -> IO,0.13144
1776266279.7531626,153.70886254310608,PLC -> IO,3.2328
1776266279.8248484,153.7805483341217,PLC -> IO,2.62744
1776266279.8830473,153.8387472629547,PLC -> IO,22.7456
1776266279.9456573,153.90135717391968,PLC -> IO,7.52984
1776266280.0071921,153.96289205551147,PLC -> IO,4.26296
1776266280.074879,154.03057885169983,PLC -> IO,5.0758399999999995
1776266280.1405602,154.09626007080078,PLC -> IO,1.3752
1776266280.2055714,154.16127133369446,PLC -> IO,1.16552
1776266280.2643092,154.22000908851624,PLC -> IO,5.3929599999999995
1776266280.3305328,154.28623270988464,PLC -> IO,1.85536
1776266280.3954673,154.35116720199585,PLC -> IO,6.5871200000000005
1776266280.455689,154.41138887405396,PLC -> IO,3.90696
1776266280.5243435,154.48004341125488,PLC -> IO,2.87736
1776266280.584315,154.5400149822235,PLC -> IO,34.21648
1776266280.651667,154.6073670387268,PLC -> IO,2.80584
1776266280.7145998,154.67029976844788,PLC -> IO,6.63896
1776266280.782228,154.73792791366577,PLC -> IO,0.13255999999999998
1776266280.8424802,154.798180103302,PLC -> IO,3.40104
1776266280.9080462,154.86374616622925,PLC -> IO,5.570399999999999
1776266280.9671032,154.92280316352844,PLC -> IO,5.13248
1776266281.0342262,154.98992609977722,PLC -> IO,0.69304
1776266281.095324,155.05102396011353,PLC -> IO,7.1735999999999995
1776266281.1630895,155.11878943443298,PLC -> IO,16.464
1776266281.2362309,155.19193077087402,PLC -> IO,4.55152
1776266281.2882078,155.24390769004822,PLC -> IO,0.1336
1776266281.3600345,155.3157343864441,PLC -> IO,3.34648
1776266281.4169705,155.3726704120636,PLC -> IO,4.2459999999999996
1776266281.4813037,155.4370036125183,PLC -> IO,4.31384
1776266281.5442235,155.4999234676361,PLC -> IO,6.6935199999999995
1776266281.6110666,155.56676650047302,PLC -> IO,2.31408
1776266281.671975,155.62767481803894,PLC -> IO,1.15344
1776266281.7394536,155.69515347480774,PLC -> IO,1.80664
1776266281.800731,155.7564308643341,PLC -> IO,0.24488
1776266281.8658965,155.82159638404846,PLC -> IO,11.19968
1776266281.9320111,155.88771104812622,PLC -> IO,2.6452
1776266281.9916105,155.94731044769287,PLC -> IO,1.7200799999999998
1776266282.0584598,156.01415967941284,PLC -> IO,3.30656
1776266282.1220057,156.07770562171936,PLC -> IO,4.92936
1776266282.18707,156.1427698135376,PLC -> IO,2.59136
1776266282.248123,156.20382285118103,PLC -> IO,5.14408
1776266282.3148293,156.27052927017212,PLC -> IO,6.10864
1776266282.377878,156.33357787132263,PLC -> IO,0.71256
1776266282.439642,156.39534187316895,PLC -> IO,24.91384
1776266282.5097933,156.46549320220947,PLC -> IO,4.95752
1776266282.5682528,156.52395272254944,PLC -> IO,7.65008
1776266282.6345012,156.59020113945007,PLC -> IO,1.1480800000000002
1776266282.697013,156.65271282196045,PLC -> IO,0.21631999999999998
1776266282.7647533,156.7204532623291,PLC -> IO,1.05376
1776266282.825798,156.78149795532227,PLC -> IO,1.60808
1776266282.8911152,156.84681510925293,PLC -> IO,2.82512
1776266282.9530385,156.90873837471008,PLC -> IO,1.71496
1776266283.0206728,156.97637271881104,PLC -> IO,0.14224
1776266283.0821173,157.03781723976135,PLC -> IO,3.6616
1776266283.148499,157.1041989326477,PLC -> IO,26.2476
1776266283.2070544,157.16275429725647,PLC -> IO,3.6462399999999997
1776266283.2746742,157.2303740978241,PLC -> IO,4.66784
1776266283.3395493,157.2952492237091,PLC -> IO,2.44832
1776266283.3995786,157.35527849197388,PLC -> IO,3.8624
1776266283.4695804,157.4252803325653,PLC -> IO,5.14712
1776266283.528168,157.48386788368225,PLC -> IO,2.29728
1776266283.597325,157.55302500724792,PLC -> IO,0.71448
1776266283.6594288,157.61512875556946,PLC -> IO,0.16064
1776266283.7236972,157.67939710617065,PLC -> IO,16.438000000000002
1776266283.7857134,157.74141335487366,PLC -> IO,4.13296
1776266283.8500247,157.8057246208191,PLC -> IO,4.344480000000001
1776266283.9144502,157.87015008926392,PLC -> IO,2.6428
1776266283.9770572,157.93275713920593,PLC -> IO,3.76528
1776266284.044194,157.9998939037323,PLC -> IO,2.6808
1776266284.108341,158.06404089927673,PLC -> IO,0.13935999999999998
1776266284.1720977,158.12779760360718,PLC -> IO,1.3477599999999998
1776266284.2345648,158.19026470184326,PLC -> IO,1.6704
1776266284.3033519,158.25905179977417,PLC -> IO,3.88456
1776266284.3658917,158.32159161567688,PLC -> IO,0.18264
1776266284.4281113,158.38381123542786,PLC -> IO,13.09048
1776266284.498634,158.45433402061462,PLC -> IO,4.6128
1776266284.5532804,158.50898027420044,PLC -> IO,2.60416
1776266284.615327,158.571026802063,PLC -> IO,5.73312
1776266284.684586,158.64028596878052,PLC -> IO,1.54504
1776266284.7457056,158.70140552520752,PLC -> IO,4.1364
1776266284.8067346,158.76243448257446,PLC -> IO,1.6228799999999999
1776266284.8789606,158.83466053009033,PLC -> IO,0.07096
1776266284.935611,158.89131093025208,PLC -> IO,1.35544
1776266285.0047574,158.9604573249817,PLC -> IO,30.90528
1776266285.065843,159.02154302597046,PLC -> IO,7.57816
1776266285.1309288,159.08662867546082,PLC -> IO,1.08728
1776266285.1945097,159.15020966529846,PLC -> IO,1.6302400000000001
1776266285.2581005,159.21380043029785,PLC -> IO,9.2
1776266285.3194022,159.2751021385193,PLC -> IO,1.32712
1776266285.3870072,159.342707157135,PLC -> IO,1.37872
1776266285.451082,159.40678191184998,PLC -> IO,4.602239999999999
1776266285.5116088,159.46730875968933,PLC -> IO,3.2112
1776266285.580766,159.536465883255,PLC -> IO,4.2331199999999995
1776266285.6403675,159.59606742858887,PLC -> IO,5.6752
1776266285.7054992,159.661199092865,PLC -> IO,33.71184
1776266285.7671468,159.7228467464447,PLC -> IO,5.20824
1776266285.8348281,159.79052805900574,PLC -> IO,2.598
1776266285.8955202,159.8512201309204,PLC -> IO,4.96648
1776266285.9684677,159.92416763305664,PLC -> IO,2.1142399999999997
1776266286.0242786,159.97997856140137,PLC -> IO,2.87744
1776266286.088258,160.0439579486847,PLC -> IO,0.14856
1776266286.1561322,160.11183214187622,PLC -> IO,3.28824
1776266286.2181883,160.17388820648193,PLC -> IO,2.52664
1776266286.2843122,160.24001216888428,PLC -> IO,15.40256
1776266286.34567,160.3013699054718,PLC -> IO,4.274
1776266286.4119756,160.36767554283142,PLC -> IO,2.1712
1776266286.4760458,160.43174576759338,PLC -> IO,0.22104000000000001
1776266286.5408828,160.49658274650574,PLC -> IO,7.55096
1776266286.6043396,160.56003952026367,PLC -> IO,0.6149600000000001
1776266286.6644838,160.62018370628357,PLC -> IO,1.56592
1776266286.7270527,160.68275260925293,PLC -> IO,1.1276000000000002
1776266286.793176,160.74887585639954,PLC -> IO,1.13624
1776266286.8610356,160.81673550605774,PLC -> IO,0.79072
1776266286.9240973,160.8797972202301,PLC -> IO,0.378
1776266286.9870355,160.9427354335785,PLC -> IO,13.73976
1776266287.0493364,161.00503635406494,PLC -> IO,6.36208
1776266287.116022,161.07172203063965,PLC -> IO,6.3112
1776266287.1794417,161.13514161109924,PLC -> IO,0.04232
1776266287.2436063,161.19930624961853,PLC -> IO,5.66472
1776266287.3041754,161.2598752975464,PLC -> IO,1.6799199999999999
1776266287.3698733,161.32557320594788,PLC -> IO,1.18008
1776266287.4319267,161.38762664794922,PLC -> IO,1.74576
1776266287.4995809,161.45528078079224,PLC -> IO,0.16216
1776266287.5634353,161.5191352367401,PLC -> IO,28.848959999999998
1776266287.6258054,161.5815052986145,PLC -> IO,1.68256
1776266287.691963,161.6476628780365,PLC -> IO,0.21232
1776266287.755108,161.71080803871155,PLC -> IO,2.1828
1776266287.821735,161.77743482589722,PLC -> IO,1.6528
1776266287.8818307,161.83753061294556,PLC -> IO,4.17472
1776266287.9494872,161.90518712997437,PLC -> IO,2.6468
1776266288.008591,161.96429085731506,PLC -> IO,1.16776
1776266288.073274,162.02897381782532,PLC -> IO,2.54888
1776266288.1354825,162.09118247032166,PLC -> IO,1.42264
1776266288.2004666,162.15616655349731,PLC -> IO,3.26592
1776266288.2696118,162.22531175613403,PLC -> IO,26.20264
1776266288.3282115,162.2839114665985,PLC -> IO,1.1711200000000002
1776266288.3965971,162.3522970676422,PLC -> IO,4.46936
1776266288.458139,162.4138388633728,PLC -> IO,1.3620800000000002
1776266288.5247025,162.480402469635,PLC -> IO,0.13048
1776266288.5857668,162.54146671295166,PLC -> IO,4.1376800000000005
1776266288.6510873,162.60678720474243,PLC -> IO,2.343672
1776266288.7121308,162.6678307056427,PLC -> IO,2.3712
1776266288.7797825,162.73548245429993,PLC -> IO,0.43728
1776266288.8423834,162.7980833053589,PLC -> IO,21.42944
1776266288.9068525,162.8625524044037,PLC -> IO,1.74768
1776266288.9721625,162.92786240577698,PLC -> IO,2.2293600000000002
1776266289.0316074,162.98730731010437,PLC -> IO,8.228879999999998
1776266289.1018975,163.05759739875793,PLC -> IO,14.41992
1776266289.1603658,163.11606574058533,PLC -> IO,0.7023199999999999
1776266289.2295322,163.1852321624756,PLC -> IO,3.66952
1776266289.2906418,163.24634170532227,PLC -> IO,6.17992
1776266289.3559291,163.31162905693054,PLC -> IO,1.34592
1776266289.419402,163.37510180473328,PLC -> IO,0.15456
1776266289.4820795,163.4377794265747,PLC -> IO,0.16248
1776266289.5456436,163.50134348869324,PLC -> IO,11.748240000000001
1776266289.6107545,163.56645441055298,PLC -> IO,0.16344
1776266289.6744945,163.63019442558289,PLC -> IO,2.5747999999999998
1776266289.7391262,163.69482612609863,PLC -> IO,0.07632
1776266289.8057163,163.76141619682312,PLC -> IO,1.63144
1776266289.8659449,163.82164478302002,PLC -> IO,2.32856
1776266289.9334238,163.8891236782074,PLC -> IO,5.68256
1776266289.9945292,163.95022916793823,PLC -> IO,4.96688
1776266290.0597281,164.01542806625366,PLC -> IO,1.2
1776266290.1209695,164.07666945457458,PLC -> IO,23.89712
1776266290.1859791,164.1416790485382,PLC -> IO,5.62584
1776266290.248019,164.20371890068054,PLC -> IO,2.6822399999999997
1776266290.3116524,164.2673523426056,PLC -> IO,4.7708
1776266290.3853374,164.34103727340698,PLC -> IO,2.17648
1776266290.4419873,164.39768719673157,PLC -> IO,2.49608
1776266290.5061445,164.4618444442749,PLC -> IO,13.60968
1776266290.5671875,164.522887468338,PLC -> IO,1.13944
1776266290.6363091,164.5920090675354,PLC -> IO,5.96088
1776266290.696998,164.65269780158997,PLC -> IO,1.6096000000000001
1776266290.7653043,164.7210042476654,PLC -> IO,3.796
1776266290.8241673,164.7798671722412,PLC -> IO,31.74888
1776266290.890563,164.84626293182373,PLC -> IO,1.23584
1776266290.9554439,164.91114377975464,PLC -> IO,0.67232
1776266291.0180593,164.97375917434692,PLC -> IO,2.1957600000000004
1776266291.087895,165.04359483718872,PLC -> IO,0.8363999999999999
1776266291.1468325,165.10253238677979,PLC -> IO,2.18432
1776266291.2110975,165.16679739952087,PLC -> IO,2.3788799999999997
1776266291.2732306,165.22893047332764,PLC -> IO,1.35568
1776266291.3424394,165.29813933372498,PLC -> IO,2.82592
1776266291.4019868,165.35768675804138,PLC -> IO,8.92088
1776266291.4655612,165.4212610721588,PLC -> IO,5.58048
1776266291.5270987,165.48279857635498,PLC -> IO,3.6613599999999997
1776266291.5933614,165.54906129837036,PLC -> IO,1.4188
1776266291.6553168,165.6110167503357,PLC -> IO,4.2164
1776266291.7236536,165.67935347557068,PLC -> IO,0.84976
1776266291.787187,165.74288702011108,PLC -> IO,6.11528
1776266291.8482072,165.8039071559906,PLC -> IO,3.69192
1776266291.91441,165.87011003494263,PLC -> IO,1.6794399999999998
1776266291.9779677,165.93366765975952,PLC -> IO,2.7333600000000002
1776266292.044774,166.00047397613525,PLC -> IO,7.36088
1776266292.1067145,166.0624144077301,PLC -> IO,13.219119999999998
1776266292.1709282,166.12662816047668,PLC -> IO,2.18632
1776266292.231973,166.18767285346985,PLC -> IO,1.15968
1776266292.2998505,166.25555038452148,PLC -> IO,0.7409600000000001
1776266292.363523,166.3192229270935,PLC -> IO,0.97176
1776266292.424359,166.38005900382996,PLC -> IO,5.75072
1776266292.5000558,166.4557557106018,PLC -> IO,7.21
1776266292.5516057,166.50730562210083,PLC -> IO,3.2548
1776266292.6217782,166.5774781703949,PLC -> IO,1.66768
1776266292.684076,166.63977599143982,PLC -> IO,26.97576
1776266292.7494984,166.70519828796387,PLC -> IO,1.71128
1776266292.8106403,166.7663402557373,PLC -> IO,1.2428000000000001
1776266292.8772752,166.83297514915466,PLC -> IO,1.09256
1776266292.9369442,166.8926441669464,PLC -> IO,0.17751999999999998
1776266293.001276,166.95697593688965,PLC -> IO,0.80464
1776266293.0671527,167.02285265922546,PLC -> IO,5.69472
1776266293.129832,167.08553194999695,PLC -> IO,2.1332
1776266293.19557,167.15126991271973,PLC -> IO,0.31
1776266293.2590148,167.2147147655487,PLC -> IO,2.19224
1776266293.3246887,167.2803885936737,PLC -> IO,15.71376
1776266293.3858128,167.3415126800537,PLC -> IO,26.168239999999997
1776266293.4519079,167.40760779380798,PLC -> IO,1.75112
1776266293.5116973,167.46739721298218,PLC -> IO,3.36272
1776266293.5816867,167.5373866558075,PLC -> IO,1.64384
1776266293.6419446,167.59764456748962,PLC -> IO,1.34696
1776266293.7066796,167.66237950325012,PLC -> IO,0.3
1776266293.7680268,167.72372674942017,PLC -> IO,1.69512
1776266293.8372412,167.79294109344482,PLC -> IO,2.7021599999999997
1776266293.8967736,167.85247349739075,PLC -> IO,1.57488
1776266293.9597013,167.91540122032166,PLC -> IO,15.89352
1776266294.0272899,167.98298978805542,PLC -> IO,2.27384
1776266294.0893548,168.04505467414856,PLC -> IO,1.33056
1776266294.156814,168.11251401901245,PLC -> IO,0.24696
1776266294.2194307,168.17513060569763,PLC -> IO,0.18783999999999998
1776266294.2856565,168.24135637283325,PLC -> IO,4.11744
1776266294.345769,168.30146884918213,PLC -> IO,1.6148
1776266294.4110537,168.36675357818604,PLC -> IO,0.89192
1776266294.4720976,168.42779755592346,PLC -> IO,4.894080000000001
1776266294.5357258,168.49142575263977,PLC -> IO,1.92184
1776266294.6009324,168.55663228034973,PLC -> IO,19.81128
1776266294.6668334,168.62253332138062,PLC -> IO,13.71792
1776266294.7344747,168.69017457962036,PLC -> IO,0.16904
1776266294.793078,168.74877786636353,PLC -> IO,6.718240000000001
1776266294.860986,168.8166859149933,PLC -> IO,12.35552
1776266294.9260213,168.88172125816345,PLC -> IO,2.35304
1776266294.993145,168.94884490966797,PLC -> IO,9.3652
1776266295.0505936,169.00629353523254,PLC -> IO,0.17592000000000002
1776266295.1172287,169.07292866706848,PLC -> IO,11.715919999999999
1776266295.1783519,169.13405179977417,PLC -> IO,1.67008
1776266295.2421684,169.19786834716797,PLC -> IO,24.34656
1776266295.305627,169.26132702827454,PLC -> IO,1.65592
1776266295.368233,169.32393288612366,PLC -> IO,2.6740000000000004
1776266295.4356804,169.3913803100586,PLC -> IO,2.65808
1776266295.5006936,169.4563934803009,PLC -> IO,0.8836
1776266295.5666716,169.52237153053284,PLC -> IO,1.64768
1776266295.6282423,169.5839421749115,PLC -> IO,2.1955999999999998
1776266295.6933484,169.64904832839966,PLC -> IO,7.7735199999999995
1776266295.756174,169.7118740081787,PLC -> IO,2.30728
1776266295.8181796,169.77387952804565,PLC -> IO,1.20096
1776266295.879429,169.83512902259827,PLC -> IO,1.28888
1776266295.9468758,169.90257573127747,PLC -> IO,27.75144
1776266296.0081563,169.96385622024536,PLC -> IO,2.84952
1776266296.0772915,170.03299140930176,PLC -> IO,2.34832
1776266296.1397371,170.09543704986572,PLC -> IO,14.81912
1776266296.2035692,170.15926909446716,PLC -> IO,0.86616
1776266296.265483,170.22118282318115,PLC -> IO,12.82168
1776266296.330877,170.28657698631287,PLC -> IO,2.2694400000000003
1776266296.399367,170.3550670146942,PLC -> IO,4.6136800000000004
1776266296.4583704,170.4140703678131,PLC -> IO,2.39888
1776266296.522787,170.4784870147705,PLC -> IO,21.77704
1776266296.5857408,170.54144072532654,PLC -> IO,2.4638400000000003
1776266296.6530352,170.6087350845337,PLC -> IO,2.74584
1776266296.7118797,170.6675796508789,PLC -> IO,5.20872
1776266296.7810369,170.73673677444458,PLC -> IO,0.69016
1776266296.845687,170.80138683319092,PLC -> IO,3.00152
1776266296.9048376,170.8605375289917,PLC -> IO,5.65416
1776266296.9809513,170.9366512298584,PLC -> IO,2.73712
1776266297.0315127,170.98721265792847,PLC -> IO,5.16984
1776266297.1048598,171.06055974960327,PLC -> IO,0.34824
1776266297.1635387,171.119238615036,PLC -> IO,1.28752
1776266297.2245083,171.18020820617676,PLC -> IO,19.15888
1776266297.2870214,171.2427213191986,PLC -> IO,2.5364
1776266297.351832,171.30753183364868,PLC -> IO,3.40888
1776266297.4168556,171.37255549430847,PLC -> IO,0.18431999999999998
1776266297.4829106,171.43861055374146,PLC -> IO,0.708
1776266297.5471098,171.5028097629547,PLC -> IO,5.022
1776266297.6119454,171.5676453113556,PLC -> IO,2.74872
1776266297.6760557,171.63175559043884,PLC -> IO,4.26352
1776266297.7431376,171.69883751869202,PLC -> IO,0.31272
1776266297.8082795,171.76397943496704,PLC -> IO,15.8048
1776266297.8671963,171.82289624214172,PLC -> IO,0.18424000000000001
1776266297.9293861,171.8850860595703,PLC -> IO,1.11032
1776266297.9919221,171.94762206077576,PLC -> IO,0.18744
1776266298.0571313,172.0128312110901,PLC -> IO,5.138400000000001
1776266298.1243007,172.0800006389618,PLC -> IO,5.59328
1776266298.1858537,172.1415536403656,PLC -> IO,13.19464
1776266298.2535226,172.20922255516052,PLC -> IO,5.67192
1776266298.3140793,172.26977920532227,PLC -> IO,0.6896800000000001
1776266298.380724,172.33642387390137,PLC -> IO,3.65984
1776266298.4465504,172.402250289917,PLC -> IO,0.29832
1776266298.5134823,172.4691822528839,PLC -> IO,22.21008
1776266298.5670893,172.52278923988342,PLC -> IO,2.18592
1776266298.6347795,172.59047937393188,PLC -> IO,2.63456
1776266298.6970835,172.65278339385986,PLC -> IO,1.3288
1776266298.7597597,172.71545958518982,PLC -> IO,4.69816
1776266298.8280928,172.78379273414612,PLC -> IO,2.22168
1776266298.8907118,172.8464117050171,PLC -> IO,2.2250400000000004
1776266298.967417,172.92311692237854,PLC -> IO,5.1864
1776266299.0187411,172.97444105148315,PLC -> IO,0.746
1776266299.0833604,173.0390603542328,PLC -> IO,14.3084
1776266299.1457646,173.101464509964,PLC -> IO,1.66496
1776266299.2111053,173.16680526733398,PLC -> IO,0.34343999999999997
1776266299.274751,173.23045086860657,PLC -> IO,6.2469600000000005
1776266299.3402126,173.29591250419617,PLC -> IO,4.12576
1776266299.4033563,173.35905623435974,PLC -> IO,2.57856
1776266299.465932,173.42163181304932,PLC -> IO,3.5953600000000003
1776266299.528554,173.48425388336182,PLC -> IO,2.20208
1776266299.593185,173.54888486862183,PLC -> IO,2.6224
1776266299.659815,173.6155149936676,PLC -> IO,0.1256
1776266299.7221563,173.67785620689392,PLC -> IO,1.23968
1776266299.7869868,173.74268674850464,PLC -> IO,17.845840000000003
1776266299.8493237,173.80502367019653,PLC -> IO,0.3688
1776266299.9159474,173.87164735794067,PLC -> IO,6.35448
1776266299.9780614,173.9337613582611,PLC -> IO,1.34336
1776266300.0432065,173.99890637397766,PLC -> IO,1.00568
1776266300.1057374,174.06143736839294,PLC -> IO,1.6552
1776266300.1685212,174.12422108650208,PLC -> IO,2.77264
1776266300.2320673,174.18776726722717,PLC -> IO,0.9708
1776266300.2975996,174.2532994747162,PLC -> IO,2.1224
1776266300.3678374,174.32353734970093,PLC -> IO,33.87832
1776266300.428287,174.38398694992065,PLC -> IO,1.25408
1776266300.499683,174.4553828239441,PLC -> IO,2.8391200000000003
1776266300.5530167,174.50871658325195,PLC -> IO,2.7352000000000003
1776266300.6196399,174.57533979415894,PLC -> IO,1.31584
1776266300.679487,174.63518691062927,PLC -> IO,3.8080800000000004
1776266300.747102,174.70280194282532,PLC -> IO,1.3322399999999999
1776266300.8107977,174.7664976119995,PLC -> IO,5.2743199999999995
1776266300.8729405,174.82864046096802,PLC -> IO,1.3056
1776266300.9383693,174.8940691947937,PLC -> IO,2.6316
1776266301.0054598,174.96115970611572,PLC -> IO,0.66144
1776266301.0655332,175.02123308181763,PLC -> IO,29.35656
1776266301.1294293,175.08512926101685,PLC -> IO,11.99032
1776266301.195869,175.15156888961792,PLC -> IO,5.6816
1776266301.2554219,175.21112179756165,PLC -> IO,5.24128
1776266301.3233156,175.27901554107666,PLC -> IO,0.7340800000000001
1776266301.3847454,175.34044528007507,PLC -> IO,4.83848
1776266301.449292,175.40499186515808,PLC -> IO,1.30744
1776266301.5159483,175.47164821624756,PLC -> IO,3.7504
1776266301.579632,175.5353319644928,PLC -> IO,1.13296
1776266301.6393986,175.5950984954834,PLC -> IO,13.875511999999999
1776266301.7056289,175.66132879257202,PLC -> IO,7.50144
1776266301.7717395,175.72743940353394,PLC -> IO,15.442559999999999
1776266301.832334,175.78803396224976,PLC -> IO,3.2506399999999998
1776266301.9044194,175.86011934280396,PLC -> IO,5.35472
1776266301.9629235,175.9186234474182,PLC -> IO,0.61472
1776266302.025625,175.98132491111755,PLC -> IO,9.63048
1776266302.0895836,176.0452835559845,PLC -> IO,2.51272
1776266302.1534739,176.10917377471924,PLC -> IO,3.2453600000000002
1776266302.2153232,176.17102313041687,PLC -> IO,5.72424
1776266302.2820573,176.23775720596313,PLC -> IO,2.598
1776266302.3471618,176.30286169052124,PLC -> IO,15.258320000000001
1776266302.4107273,176.36642718315125,PLC -> IO,1.27616
1776266302.475914,176.43161392211914,PLC -> IO,9.17872
1776266302.5384812,176.49418115615845,PLC -> IO,1.7204
1776266302.602394,176.5580940246582,PLC -> IO,4.564
1776266302.6647897,176.62048959732056,PLC -> IO,4.6464
1776266302.7330472,176.68874716758728,PLC -> IO,5.36352
1776266302.7954657,176.75116562843323,PLC -> IO,0.21584
1776266302.8595119,176.8152117729187,PLC -> IO,3.81776
1776266302.9234416,176.87914156913757,PLC -> IO,19.91288
1776266302.993597,176.94929695129395,PLC -> IO,0.85288
1776266303.049362,177.0050618648529,PLC -> IO,1.3156
1776266303.1167045,177.07240438461304,PLC -> IO,6.1728
1776266303.18328,177.1389799118042,PLC -> IO,0.19592
1776266303.243595,177.19929480552673,PLC -> IO,4.32584
1776266303.3080676,177.26376748085022,PLC -> IO,2.6671199999999997
1776266303.3681905,177.32389044761658,PLC -> IO,2.22304
1776266303.4353492,177.39104914665222,PLC -> IO,5.59264
1776266303.4981894,177.4538893699646,PLC -> IO,2.51264
1776266303.5607998,177.51649975776672,PLC -> IO,3.72376
1776266303.629701,177.58540081977844,PLC -> IO,24.710712
1776266303.6882432,177.64394307136536,PLC -> IO,4.81016
1776266303.7521496,177.70784950256348,PLC -> IO,3.7520800000000003
1776266303.81901,177.77470993995667,PLC -> IO,0.7723199999999999
1776266303.8847413,177.84044122695923,PLC -> IO,2.5147199999999996
1776266303.9482977,177.90399765968323,PLC -> IO,0.252
1776266304.0157692,177.97146916389465,PLC -> IO,5.90848
1776266304.074712,178.03041195869446,PLC -> IO,0.34064
1776266304.1384263,178.09412622451782,PLC -> IO,3.25584
1776266304.2040124,178.1597123146057,PLC -> IO,8.73448
1776266304.2691445,178.224844455719,PLC -> IO,3.10504
1776266304.3292446,178.28494453430176,PLC -> IO,0.35472
1776266304.394358,178.3500578403473,PLC -> IO,2.7950399999999997
1776266304.456855,178.41255497932434,PLC -> IO,3.74896
1776266304.5208988,178.47659873962402,PLC -> IO,0.31352
1776266304.587835,178.54353499412537,PLC -> IO,15.16864
1776266304.6531882,178.60888814926147,PLC -> IO,0.19824
1776266304.7169182,178.67261815071106,PLC -> IO,7.936159999999999
1776266304.7780511,178.7337510585785,PLC -> IO,1.6028
1776266304.84333,178.79902982711792,PLC -> IO,1.26264
1776266304.905714,178.86141395568848,PLC -> IO,14.944799999999999
1776266304.9728181,178.9285180568695,PLC -> IO,4.19728
1776266305.0339255,178.98962545394897,PLC -> IO,0.73352
1776266305.097329,179.0530288219452,PLC -> IO,4.7684
1776266305.1634088,179.1191086769104,PLC -> IO,7.82888
1776266305.2268193,179.182519197464,PLC -> IO,4.23808
1776266305.2945244,179.25022435188293,PLC -> IO,0.1624
1776266305.3547409,179.3104407787323,PLC -> IO,1.03216
1776266305.4195106,179.37521052360535,PLC -> IO,6.73408
1776266305.4820695,179.43776941299438,PLC -> IO,22.52784
1776266305.5496395,179.50533938407898,PLC -> IO,2.85376
1776266305.6105893,179.56628918647766,PLC -> IO,1.03456
1776266305.6746902,179.63039016723633,PLC -> IO,6.26624
1776266305.7393565,179.69505643844604,PLC -> IO,5.72752
1776266305.803183,179.75888299942017,PLC -> IO,1.35344
1776266305.8656826,179.821382522583,PLC -> IO,4.64768
1776266305.9293919,179.8850917816162,PLC -> IO,1.54536
1776266305.9978395,179.95353937149048,PLC -> IO,5.37408
1776266306.059739,180.0154390335083,PLC -> IO,0.26248
1776266306.128147,180.08384680747986,PLC -> IO,1.70024
1776266306.189369,180.14506888389587,PLC -> IO,20.12688
1776266306.2601707,180.2158706188202,PLC -> IO,5.74336
1776266306.314324,180.27002382278442,PLC -> IO,4.92248
1776266306.3807046,180.33640456199646,PLC -> IO,2.6409599999999998
1776266306.4394565,180.3951563835144,PLC -> IO,1.34056
1776266306.5055876,180.46128749847412,PLC -> IO,3.8003199999999997
1776266306.5681865,180.52388644218445,PLC -> IO,3.81672
1776266306.6331778,180.58887767791748,PLC -> IO,1.23464
1776266306.7010264,180.65672636032104,PLC -> IO,1.9872
1776266306.7615736,180.71727347373962,PLC -> IO,9.3824
1776266306.825666,180.78136587142944,PLC -> IO,7.95304
1776266306.890846,180.84654593467712,PLC -> IO,1.8252
1776266306.9545333,180.91023325920105,PLC -> IO,1.28752
1776266307.0189788,180.97467875480652,PLC -> IO,1.64848
1776266307.0855293,181.04122924804688,PLC -> IO,2.2253600000000002
1776266307.1446152,181.10031509399414,PLC -> IO,5.3052
1776266307.2102513,181.16595125198364,PLC -> IO,1.72512
1776266307.275651,181.23135089874268,PLC -> IO,2.74048
1776266307.3357942,181.29149413108826,PLC -> IO,3.7828
1776266307.402452,181.3581519126892,PLC -> IO,18.75216
1776266307.4667795,181.42247939109802,PLC -> IO,12.73752
1776266307.5317218,181.48742175102234,PLC -> IO,16.25864
1776266307.5945268,181.550226688385,PLC -> IO,3.81128
1776266307.6632638,181.6189637184143,PLC -> IO,3.2062399999999998
1776266307.723504,181.67920398712158,PLC -> IO,1.83712
1776266307.7844718,181.7401716709137,PLC -> IO,1.2238399999999998
1776266307.849814,181.80551385879517,PLC -> IO,0.72176
1776266307.9124362,181.86813616752625,PLC -> IO,1.73232
1776266307.976851,181.932550907135,PLC -> IO,1.6623199999999998
1776266308.044159,181.99985885620117,PLC -> IO,30.34528
1776266308.1070287,182.06272864341736,PLC -> IO,6.27128
1776266308.1682339,182.12393379211426,PLC -> IO,1.15072
1776266308.235393,182.19109296798706,PLC -> IO,4.4064000000000005
1776266308.2969058,182.252605676651,PLC -> IO,3.842
1776266308.3682709,182.32397079467773,PLC -> IO,2.3324000000000003
1776266308.4247413,182.38044118881226,PLC -> IO,4.72952
1776266308.4949586,182.4506585597992,PLC -> IO,2.15408
1776266308.5534973,182.50919723510742,PLC -> IO,1.74032
1776266308.6220791,182.57777905464172,PLC -> IO,4.244719999999999
1776266308.6817508,182.63745069503784,PLC -> IO,1.72568
1776266308.7444155,182.700115442276,PLC -> IO,25.156399999999998
1776266308.8132348,182.7689347267151,PLC -> IO,0.81616
1776266308.8723526,182.82805252075195,PLC -> IO,2.21912
1776266308.9394863,182.8951861858368,PLC -> IO,5.24144
1776266309.000424,182.95612382888794,PLC -> IO,1.6846400000000001
1776266309.067021,183.02272081375122,PLC -> IO,11.1996
1776266309.1280587,183.0837585926056,PLC -> IO,1.2414399999999999
1776266309.1954153,183.1511151790619,PLC -> IO,11.50088
1776266309.2568958,183.21259570121765,PLC -> IO,0.22296
1776266309.3222163,183.27791619300842,PLC -> IO,13.8532
1776266309.3871002,183.34280014038086,PLC -> IO,2.72432
1776266309.4482877,183.4039876461029,PLC -> IO,3.6522400000000004
1776266309.519353,183.47505283355713,PLC -> IO,6.75976
1776266309.5788283,183.53452825546265,PLC -> IO,3.15248
1776266309.6433787,183.59907865524292,PLC -> IO,1.2572
1776266309.7057574,183.66145730018616,PLC -> IO,1.33016
1776266309.770911,183.72661089897156,PLC -> IO,2.7436000000000003
1776266309.833259,183.78895902633667,PLC -> IO,1.00256
1776266309.901634,183.8573338985443,PLC -> IO,0.63608
1776266309.9610178,183.91671776771545,PLC -> IO,22.296239999999997
1776266310.0283728,183.9840726852417,PLC -> IO,13.78304
1776266310.0880518,184.04375171661377,PLC -> IO,0.13704
1776266310.1556256,184.11132550239563,PLC -> IO,1.72744
1776266310.220582,184.1762819290161,PLC -> IO,16.73568
1776266310.2817805,184.2374804019928,PLC -> IO,0.3448
1776266310.3532352,184.30893516540527,PLC -> IO,1.3972
1776266310.4106326,184.36633253097534,PLC -> IO,1.2436800000000001
1776266310.4793477,184.43504762649536,PLC -> IO,0.16192
1776266310.5369444,184.49264430999756,PLC -> IO,1.81416
1776266310.6057236,184.56142354011536,PLC -> IO,22.396
1776266310.6681635,184.62386345863342,PLC -> IO,3.70448
1776266310.728461,184.68416094779968,PLC -> IO,7.86096
1776266310.7946873,184.75038719177246,PLC -> IO,3.7160800000000003
1776266310.8575113,184.81321120262146,PLC -> IO,2.75776
1776266310.927396,184.88309597969055,PLC -> IO,0.77032
1776266310.9855006,184.94120049476624,PLC -> IO,1.33824
1776266311.0509603,185.0066602230072,PLC -> IO,3.69872
1776266311.1142612,185.0699610710144,PLC -> IO,1.46792
1776266311.1797187,185.13541865348816,PLC -> IO,2.09208
1776266311.2417097,185.19740962982178,PLC -> IO,21.89232
1776266311.3084176,185.26411747932434,PLC -> IO,26.27016
1776266311.3705435,185.32624340057373,PLC -> IO,1.2415200000000002
1776266311.434409,185.39010882377625,PLC -> IO,1.25824
1776266311.4993062,185.4550061225891,PLC -> IO,4.254
1776266311.563153,185.51885294914246,PLC -> IO,1.3095999999999999
1776266311.6257277,185.58142757415771,PLC -> IO,14.09376
1776266311.6892622,185.64496207237244,PLC -> IO,1.1213600000000001
1776266311.758906,185.71460580825806,PLC -> IO,5.15616
1776266311.8172166,185.77291655540466,PLC -> IO,3.21568
1776266311.8873115,185.84301137924194,PLC -> IO,24.84008
1776266311.9447393,185.90043926239014,PLC -> IO,6.194800000000001
1776266312.0105398,185.96623969078064,PLC -> IO,0.33136
1776266312.0756872,186.03138709068298,PLC -> IO,1.26096
1776266312.1395452,186.09524512290955,PLC -> IO,1.35184
1776266312.2009788,186.15667867660522,PLC -> IO,0.77208
1776266312.266823,186.22252297401428,PLC -> IO,0.28936
1776266312.3322423,186.2879421710968,PLC -> IO,3.74144
1776266312.3946342,186.35033416748047,PLC -> IO,1.14704
1776266312.4640212,186.4197211265564,PLC -> IO,0.51096
1776266312.5216842,186.47738409042358,PLC -> IO,1.88944
1776266312.5860438,186.54174375534058,PLC -> IO,17.25664
1776266312.6508155,186.60651540756226,PLC -> IO,1.807592
1776266312.713496,186.66919589042664,PLC -> IO,0.6928000000000001
1776266312.7768936,186.73259353637695,PLC -> IO,1.2588
1776266312.8450782,186.80077815055847,PLC -> IO,0.68376
1776266312.9071488,186.8628487586975,PLC -> IO,2.74176
1776266312.971698,186.9273979663849,PLC -> IO,2.25256
1776266313.0384066,186.9941065311432,PLC -> IO,1.04288
1776266313.0970333,187.0527331829071,PLC -> IO,3.71656
1776266313.162419,187.11811900138855,PLC -> IO,21.82104
1776266313.228229,187.18392896652222,PLC -> IO,0.00688
1776266313.2916784,187.2473783493042,PLC -> IO,14.74752
1776266313.3554876,187.31118750572205,PLC -> IO,2.31136
1776266313.4180882,187.37378811836243,PLC -> IO,14.305760000000001
1776266313.4842818,187.43998169898987,PLC -> IO,4.30184
1776266313.5458949,187.5015947818756,PLC -> IO,5.29144
1776266313.6092,187.56489992141724,PLC -> IO,2.79336
1776266313.6715963,187.62729620933533,PLC -> IO,0.8142400000000001
1776266313.7417688,187.6974687576294,PLC -> IO,1.74296
1776266313.8066454,187.76234531402588,PLC -> IO,0.75696
1776266313.8695025,187.82520246505737,PLC -> IO,29.79824
1776266313.930631,187.8863308429718,PLC -> IO,5.2401599999999995
1776266313.9977448,187.95344471931458,PLC -> IO,2.76912
1776266314.0593674,188.01506733894348,PLC -> IO,4.2871999999999995
1776266314.1219893,188.0776891708374,PLC -> IO,2.2360800000000003
1776266314.1846957,188.1403956413269,PLC -> IO,5.7044
1776266314.2515233,188.20722317695618,PLC -> IO,0.24888
1776266314.312177,188.26787686347961,PLC -> IO,2.1955199999999997
1776266314.3792372,188.3349370956421,PLC -> IO,2.29704
1776266314.4587138,188.41441369056702,PLC -> IO,0.93624
1776266314.5043821,188.46008205413818,PLC -> IO,7.54136
1776266314.573001,188.52870082855225,PLC -> IO,6.671919999999999
1776266314.6347659,188.59046578407288,PLC -> IO,0.7664
1776266314.7016773,188.657377243042,PLC -> IO,1.74448
1776266314.762766,188.7184658050537,PLC -> IO,0.76056
1776266314.8269727,188.7826726436615,PLC -> IO,2.69768
1776266314.8880951,188.84379506111145,PLC -> IO,1.17696
1776266314.956961,188.91266083717346,PLC -> IO,12.755600000000001
1776266315.0168476,188.97254753112793,PLC -> IO,2.37128
1776266315.081776,189.03747582435608,PLC -> IO,1.64696
1776266315.153064,189.10876393318176,PLC -> IO,9.31368
1776266315.211677,189.16737699508667,PLC -> IO,2.25184
1776266315.275534,189.23123383522034,PLC -> IO,4.19496
1776266315.3394344,189.29513430595398,PLC -> IO,7.77232
1776266315.4033523,189.3590521812439,PLC -> IO,1.20784
1776266315.4657428,189.4214427471161,PLC -> IO,2.47864
1776266315.5296178,189.48531770706177,PLC -> IO,2.25632
1776266315.5922337,189.5479335784912,PLC -> IO,5.24688
1776266315.6620874,189.61778736114502,PLC -> IO,3.2624
1776266315.7239513,189.67965126037598,PLC -> IO,22.80696
1776266315.788329,189.7440288066864,PLC -> IO,2.2666399999999998
1776266315.8547118,189.81041169166565,PLC -> IO,13.79432
1776266315.9130461,189.8687460422516,PLC -> IO,1.244
1776266315.979302,189.93500185012817,PLC -> IO,15.11112
1776266316.0420947,189.9977946281433,PLC -> IO,1.23112
1776266316.107774,190.06347393989563,PLC -> IO,14.236
1776266316.1695285,190.12522840499878,PLC -> IO,1.05592
1776266316.2372787,190.19297862052917,PLC -> IO,3.1841600000000003
1776266316.299155,190.25485491752625,PLC -> IO,0.2256
1776266316.3633122,190.31901216506958,PLC -> IO,0.27744
1776266316.4256177,190.38131761550903,PLC -> IO,24.347440000000002
1776266316.4968092,190.45250916481018,PLC -> IO,7.4462399999999995
1776266316.5633814,190.51908135414124,PLC -> IO,1.7644
1776266316.619992,190.57569193840027,PLC -> IO,7.260479999999999
1776266316.6843295,190.6400294303894,PLC -> IO,1.3633600000000001
1776266316.744291,190.6999909877777,PLC -> IO,2.66112
1776266316.822174,190.77787399291992,PLC -> IO,4.25352
1776266316.8742013,190.8299012184143,PLC -> IO,1.28016
1776266316.9381702,190.89387011528015,PLC -> IO,0.24376
1776266317.002006,190.95770597457886,PLC -> IO,13.7784
1776266317.066862,191.02256202697754,PLC -> IO,2.7488799999999998
1776266317.1282115,191.0839114189148,PLC -> IO,2.28144
1776266317.1929348,191.14863467216492,PLC -> IO,2.6876
1776266317.2595813,191.21528124809265,PLC -> IO,10.233920000000001
1776266317.321718,191.2774178981781,PLC -> IO,5.4676
1776266317.3856611,191.3413610458374,PLC -> IO,10.105120000000001
1776266317.453137,191.40883684158325,PLC -> IO,0.244
1776266317.518832,191.4745318889618,PLC -> IO,5.2038400000000005
1776266317.5769403,191.53264021873474,PLC -> IO,2.66776
1776266317.645543,191.601243019104,PLC -> IO,0.23495999999999997
1776266317.7056868,191.66138672828674,PLC -> IO,11.26808
1776266317.769248,191.72494792938232,PLC -> IO,0.25416
1776266317.8334477,191.78914761543274,PLC -> IO,2.20576
1776266317.8990011,191.8547010421753,PLC -> IO,1.79704
1776266317.9619455,191.91764545440674,PLC -> IO,6.7335199999999995
1776266318.0243392,191.98003911972046,PLC -> IO,1.3232000000000002
1776266318.090706,192.0464060306549,PLC -> IO,5.228479999999999
1776266318.154352,192.11005187034607,PLC -> IO,1.1819199999999999
1776266318.223407,192.1791069507599,PLC -> IO,1.7949599999999999
1776266318.283543,192.2392430305481,PLC -> IO,19.82184
1776266318.34449,192.30018997192383,PLC -> IO,1.22376
1776266318.410785,192.3664848804474,PLC -> IO,1.79
1776266318.474294,192.42999386787415,PLC -> IO,0.14479999999999998
1776266318.5402865,192.4959864616394,PLC -> IO,0.8096
1776266318.6030147,192.5587146282196,PLC -> IO,1.35016
1776266318.6720605,192.62776041030884,PLC -> IO,1.2636800000000001
1776266318.728238,192.68393802642822,PLC -> IO,1.17808
1776266318.7993011,192.75500106811523,PLC -> IO,2.8507200000000004
1776266318.8579872,192.81368708610535,PLC -> IO,1.21408
1776266318.9223883,192.8780882358551,PLC -> IO,16.21992
1776266318.9866815,192.94238138198853,PLC -> IO,25.28352
1776266319.0596151,193.01531505584717,PLC -> IO,3.25952
1776266319.1132445,193.06894445419312,PLC -> IO,1.19528
1776266319.1795695,193.13526940345764,PLC -> IO,11.791839999999999
1776266319.2416866,193.1973865032196,PLC -> IO,1.75216
1776266319.3058467,193.2615466117859,PLC -> IO,4.71536
1776266319.3705063,193.3262062072754,PLC -> IO,2.75624
1776266319.4333754,193.38907527923584,PLC -> IO,4.23768
1776266319.501721,193.45742082595825,PLC -> IO,1.3812799999999998
1776266319.564098,193.51979780197144,PLC -> IO,10.36112
1776266319.6270163,193.58271622657776,PLC -> IO,6.22144
1776266319.6913273,193.64702725410461,PLC -> IO,1.7560799999999999
1776266319.7566948,193.71239471435547,PLC -> IO,3.72016
1776266319.8168936,193.77259349822998,PLC -> IO,3.21384
1776266319.8805108,193.83621072769165,PLC -> IO,1.7328000000000001
1776266319.945647,193.90134692192078,PLC -> IO,8.7928
1776266320.0107193,193.9664192199707,PLC -> IO,2.82688
1776266320.074403,194.03010296821594,PLC -> IO,2.27136
1776266320.1394684,194.09516835212708,PLC -> IO,0.23272
1776266320.203119,194.15881896018982,PLC -> IO,3.72256
1776266320.2657552,194.2214550971985,PLC -> IO,11.3044
1776266320.3314307,194.28713059425354,PLC -> IO,8.21192
1776266320.3944821,194.350182056427,PLC -> IO,5.01336
1776266320.460208,194.41590785980225,PLC -> IO,4.1852
1776266320.5220008,194.47770071029663,PLC -> IO,7.77
1776266320.585192,194.54089188575745,PLC -> IO,0.72472
1776266320.6480463,194.603746175766,PLC -> IO,1.1956
1776266320.7156208,194.6713206768036,PLC -> IO,0.25495999999999996
1776266320.7793162,194.7350161075592,PLC -> IO,1.77584
1776266320.8422139,194.79791378974915,PLC -> IO,21.67776
1776266320.9095635,194.86526346206665,PLC -> IO,2.70512
1776266320.9706278,194.9263277053833,PLC -> IO,0.76824
1776266321.0420408,194.99774074554443,PLC -> IO,1.7616
1776266321.0993767,195.0550765991211,PLC -> IO,3.7719199999999997
1776266321.1620681,195.1177680492401,PLC -> IO,1.17368
1776266321.2322395,195.18793940544128,PLC -> IO,6.31688
1776266321.2892537,195.24495363235474,PLC -> IO,1.73984
1776266321.3522031,195.30790305137634,PLC -> IO,5.2268
1776266321.4169915,195.37269139289856,PLC -> IO,2.78496
1776266321.4869292,195.4426290988922,PLC -> IO,12.239840000000001
1776266321.544335,195.50003480911255,PLC -> IO,25.25592
1776266321.6117346,195.56743454933167,PLC -> IO,15.2204
1776266321.674266,195.6299660205841,PLC -> IO,0.0028799999999999997
1776266321.7392244,195.69492435455322,PLC -> IO,1.28976
1776266321.802064,195.75776386260986,PLC -> IO,1.21624
1776266321.8653798,195.82107973098755,PLC -> IO,3.79096
1776266321.9305363,195.8862361907959,PLC -> IO,2.76528
1776266321.995723,195.9514229297638,PLC -> IO,1.178
1776266322.0596395,196.01533937454224,PLC -> IO,4.69232
1776266322.1231797,196.07887959480286,PLC -> IO,8.81688
1776266322.1880312,196.14373111724854,PLC -> IO,11.83464
1776266322.2493932,196.20509314537048,PLC -> IO,4.31824
1776266322.3157785,196.27147841453552,PLC -> IO,5.84184
1776266322.37917,196.33486986160278,PLC -> IO,0.26648
1776266322.4441447,196.39984464645386,PLC -> IO,4.19392
1776266322.507,196.46269989013672,PLC -> IO,7.6936
1776266322.5770907,196.53279066085815,PLC -> IO,6.591200000000001
1776266322.631984,196.58768391609192,PLC -> IO,2.7729600000000003
1776266322.696878,196.65257787704468,PLC -> IO,0.24216
1776266322.7620008,196.71770071983337,PLC -> IO,1.20048
1776266322.8268209,196.7825207710266,PLC -> IO,11.32016
1776266322.8904967,196.84619665145874,PLC -> IO,1.28576
1776266322.9555743,196.9112741947174,PLC -> IO,4.28936
1776266323.018951,196.97465085983276,PLC -> IO,0.31616
1776266323.0843663,197.04006624221802,PLC -> IO,1.2184
1776266323.1489348,197.1046347618103,PLC -> IO,0.84744
1776266323.2105813,197.16628122329712,PLC -> IO,4.28248
1776266323.2760313,197.23173117637634,PLC -> IO,2.7759199999999997
1776266323.336926,197.29262590408325,PLC -> IO,2.65448
1776266323.4032872,197.3589870929718,PLC -> IO,34.77696
1776266323.4659092,197.4216091632843,PLC -> IO,1.18456
1776266323.5282817,197.48398160934448,PLC -> IO,1.19664
1776266323.5958233,197.55152320861816,PLC -> IO,5.34528
1776266323.659474,197.6151738166809,PLC -> IO,0.78296
1776266323.7218342,197.67753410339355,PLC -> IO,6.79672
1776266323.784283,197.73998284339905,PLC -> IO,6.24288
1776266323.8506753,197.80637526512146,PLC -> IO,3.6519999999999997
1776266323.914236,197.86993598937988,PLC -> IO,1.24664
1776266323.9811802,197.93688011169434,PLC -> IO,4.78416
1776266324.0435123,197.99921226501465,PLC -> IO,0.23751999999999998
1776266324.1054535,198.06115341186523,PLC -> IO,24.270799999999998
1776266324.1725268,198.12822675704956,PLC -> IO,4.30696
1776266324.2386417,198.1943416595459,PLC -> IO,2.2720000000000002
1776266324.3020127,198.25771260261536,PLC -> IO,2.2551200000000002
1776266324.3631136,198.3188135623932,PLC -> IO,4.77888
1776266324.4343193,198.3900191783905,PLC -> IO,9.233039999999999
1776266324.4998019,198.45550179481506,PLC -> IO,1.20608
1776266324.555813,198.51151299476624,PLC -> IO,5.738079999999999
1776266324.6182065,198.57390642166138,PLC -> IO,1.16896
1776266324.6808574,198.63655734062195,PLC -> IO,12.8072
1776266324.7466352,198.70233511924744,PLC -> IO,1.4375200000000001
1776266324.8093078,198.7650077342987,PLC -> IO,2.7848
1776266324.8743892,198.83008909225464,PLC -> IO,2.83304
1776266324.9395187,198.89521861076355,PLC -> IO,0.26952
1776266325.0033858,198.95908570289612,PLC -> IO,0.86624
1776266325.0657961,199.02149605751038,PLC -> IO,10.16448
1776266325.1304555,199.0861554145813,PLC -> IO,0.26872
1776266325.1950433,199.1507432460785,PLC -> IO,1.75224
1776266325.262289,199.2179889678955,PLC -> IO,0.9752
1776266325.323032,199.27873182296753,PLC -> IO,1.35896
1776266325.3913977,199.34709763526917,PLC -> IO,7.785679999999999
1776266325.4530423,199.40874218940735,PLC -> IO,2.55712
1776266325.5142205,199.4699203968048,PLC -> IO,0.19232
1776266325.5771158,199.53281569480896,PLC -> IO,1.2301600000000001
1776266325.6404696,199.59616947174072,PLC -> IO,1.22808
1776266325.710797,199.6664969921112,PLC -> IO,14.323519999999998
1776266325.7716875,199.7273874282837,PLC -> IO,1.2791199999999998
1776266325.8410995,199.79679942131042,PLC -> IO,8.74464
1776266325.8994272,199.85512709617615,PLC -> IO,0.26256
1776266325.9633832,199.91908311843872,PLC -> IO,26.2788
1776266326.0256708,199.98137068748474,PLC -> IO,1.28216
1776266326.0906262,200.0463261604309,PLC -> IO,0.26776
1776266326.153218,200.10891795158386,PLC -> IO,2.218
1776266326.2168872,200.17258715629578,PLC -> IO,6.70752
1776266326.281015,200.2367148399353,PLC -> IO,8.463999999999999
1776266326.3468192,200.30251908302307,PLC -> IO,3.7946400000000002
1776266326.4117928,200.36749267578125,PLC -> IO,4.18384
1776266326.473129,200.42882895469666,PLC -> IO,9.74568
1776266326.5410616,200.49676156044006,PLC -> IO,0.69312
1776266326.6021247,200.55782461166382,PLC -> IO,3.33696
1776266326.6734858,200.6291856765747,PLC -> IO,19.82784
1776266326.728136,200.68383598327637,PLC -> IO,3.23632
1776266326.799514,200.75521397590637,PLC -> IO,0.22264
1776266326.857673,200.8133728504181,PLC -> IO,0.3688
1776266326.9244916,200.88019156455994,PLC -> IO,2.81264
1776266326.9856732,200.9413731098175,PLC -> IO,1.1888
1776266327.0507135,201.00641345977783,PLC -> IO,0.27592
1776266327.1149201,201.07062005996704,PLC -> IO,4.72248
1776266327.1792278,201.1349277496338,PLC -> IO,0.7644000000000001
1776266327.2494037,201.20510363578796,PLC -> IO,11.31048
1776266327.3042998,201.25999975204468,PLC -> IO,3.7112
1776266327.3746438,201.33034372329712,PLC -> IO,9.90496
1776266327.4344792,201.39017915725708,PLC -> IO,1.9971199999999998
1776266327.4980867,201.453786611557,PLC -> IO,3.316
1776266327.5607874,201.5164873600006,PLC -> IO,1.2154399999999999
1776266327.625416,201.58111596107483,PLC -> IO,3.70784
1776266327.6902456,201.64594554901123,PLC -> IO,1.21824
1776266327.75396,201.7096598148346,PLC -> IO,3.64216
1776266327.8248036,201.78050351142883,PLC -> IO,10.74912
1776266327.8838918,201.8395917415619,PLC -> IO,8.295119999999999
1776266327.9455738,201.901273727417,PLC -> IO,21.737679999999997
1776266328.009147,201.96484684944153,PLC -> IO,2.75864
1776266328.0802963,202.03599619865417,PLC -> IO,2.93376
1776266328.1374505,202.09315037727356,PLC -> IO,2.72432
1776266328.2043402,202.16004014015198,PLC -> IO,3.67736
1776266328.2641947,202.21989464759827,PLC -> IO,2.77464
1776266328.3348486,202.29054856300354,PLC -> IO,4.42384
1776266328.3966768,202.35237669944763,PLC -> IO,1.77096
1776266328.4568431,202.41254305839539,PLC -> IO,0.97008
1776266328.5269282,202.48262810707092,PLC -> IO,17.443440000000002
1776266328.585341,202.54104089736938,PLC -> IO,1.7096
1776266328.651667,202.6073670387268,PLC -> IO,13.91912
1776266328.7145243,202.6702241897583,PLC -> IO,0.7598400000000001
1776266328.7847693,202.74046921730042,PLC -> IO,2.1795999999999998
1776266328.8430607,202.79876065254211,PLC -> IO,2.2108000000000003
1776266328.9056587,202.86135864257812,PLC -> IO,1.3340800000000002
1776266328.9705331,202.9262330532074,PLC -> IO,0.27912
1776266329.036241,202.9919409751892,PLC -> IO,4.7274400000000005
1776266329.099286,203.05498600006104,PLC -> IO,5.01504
1776266329.1627383,203.11843824386597,PLC -> IO,2.28696
1776266329.2320755,203.18777537345886,PLC -> IO,20.808799999999998
1776266329.2881498,203.2438497543335,PLC -> IO,2.37624
1776266329.3543792,203.3100790977478,PLC -> IO,3.65352
1776266329.4169805,203.37268042564392,PLC -> IO,0.2792
1776266329.4819176,203.4376175403595,PLC -> IO,6.6652
1776266329.5442426,203.49994254112244,PLC -> IO,5.19648
1776266329.6096516,203.56535148620605,PLC -> IO,6.1868
1776266329.672785,203.62848496437073,PLC -> IO,8.18272
1776266329.7395554,203.69525527954102,PLC -> IO,3.81752
1776266329.8034751,203.75917506217957,PLC -> IO,7.28816
1776266329.8653188,203.8210186958313,PLC -> IO,6.84928
1776266329.9350436,203.8907434940338,PLC -> IO,4.21624
1776266329.9970503,203.95275020599365,PLC -> IO,9.364320000000001
1776266330.0627205,204.01842045783997,PLC -> IO,0.78872
1776266330.1231093,204.07880926132202,PLC -> IO,9.25336
1776266330.1870124,204.14271235466003,PLC -> IO,6.250559999999999
1776266330.2481418,204.20384168624878,PLC -> IO,2.2084
1776266330.3152852,204.27098512649536,PLC -> IO,0.22952
1776266330.3781245,204.33382439613342,PLC -> IO,1.2163199999999998
1776266330.4422686,204.3979685306549,PLC -> IO,0.69448
1776266330.5161374,204.4718372821808,PLC -> IO,5.76624
1776266330.5707145,204.52641439437866,PLC -> IO,0.8106399999999999
1776266330.637065,204.59276485443115,PLC -> IO,1.07968
1776266330.6994705,204.65517044067383,PLC -> IO,1.86824
1776266330.7634454,204.71914529800415,PLC -> IO,1.18112
1776266330.8257148,204.78141474723816,PLC -> IO,14.35568
1776266330.8904073,204.84610724449158,PLC -> IO,4.41096
1776266330.9530346,204.90873456001282,PLC -> IO,0.28640000000000004
1776266331.0186737,204.97437357902527,PLC -> IO,4.79072
1776266331.0829985,205.0386984348297,PLC -> IO,37.26616
1776266331.1477222,205.103422164917,PLC -> IO,5.15264
1776266331.2080388,205.16373872756958,PLC -> IO,6.75928
1776266331.2803948,205.23609471321106,PLC -> IO,0.25352
1776266331.3420606,205.29776048660278,PLC -> IO,15.23768
1776266331.4003377,205.35603761672974,PLC -> IO,1.40288
1776266331.472804,205.42850399017334,PLC -> IO,8.91928
1776266331.5306256,205.48632550239563,PLC -> IO,0.2844
1776266331.60456,205.56025981903076,PLC -> IO,3.7634399999999997
1776266331.6581388,205.61383867263794,PLC -> IO,2.4116
1776266331.7255363,205.68123626708984,PLC -> IO,0.51024
1776266331.7856565,205.74135637283325,PLC -> IO,23.89752
1776266331.8495948,205.80529475212097,PLC -> IO,4.206320000000001
1776266331.9130027,205.8687026500702,PLC -> IO,0.22984000000000002
1776266331.9775853,205.93328523635864,PLC -> IO,5.744800000000001
1776266332.043501,205.99920082092285,PLC -> IO,3.17448
1776266332.1055214,206.06122136116028,PLC -> IO,1.2498399999999998
1776266332.1732502,206.12895011901855,PLC -> IO,0.97424
1776266332.2390146,206.1947145462036,PLC -> IO,1.30744
1776266332.3009698,206.25666975975037,PLC -> IO,3.20296
1776266332.3630433,206.31874322891235,PLC -> IO,10.2288
1776266332.4307604,206.38646030426025,PLC -> IO,0.052160000000000005
1776266332.4960358,206.45173573493958,PLC -> IO,4.81544
1776266332.553222,206.50892186164856,PLC -> IO,2.21
1776266332.6236055,206.57930541038513,PLC -> IO,1.73016
1776266332.6844435,206.64014339447021,PLC -> IO,2.77168
1776266332.7455163,206.7012162208557,PLC -> IO,13.85392
1776266332.8106706,206.76637053489685,PLC -> IO,2.8048800000000003
1776266332.8778176,206.83351755142212,PLC -> IO,4.30192
1776266332.939491,206.89519095420837,PLC -> IO,3.26656
1776266333.0085735,206.9642734527588,PLC -> IO,0.7928
1776266333.0642388,207.01993870735168,PLC -> IO,12.80856
1776266333.1316984,207.08739829063416,PLC -> IO,13.15368
1776266333.198456,207.15415596961975,PLC -> IO,0.28959999999999997
1776266333.2571218,207.21282172203064,PLC -> IO,3.32832
1776266333.324245,207.279944896698,PLC -> IO,0.33304
1776266333.3876238,207.34332370758057,PLC -> IO,4.19968
1776266333.4508138,207.4065136909485,PLC -> IO,3.2466399999999997
1776266333.5131302,207.46883010864258,PLC -> IO,2.31848
1776266333.5822697,207.5379695892334,PLC -> IO,7.2712
1776266333.651149,207.60684895515442,PLC -> IO,11.780072
1776266333.7056108,207.66131067276,PLC -> IO,1.19048
1776266333.7693696,207.72506952285767,PLC -> IO,0.70704
1776266333.8342407,207.78994059562683,PLC -> IO,0.32424
1776266333.897398,207.8530979156494,PLC -> IO,5.74808
1776266333.9632766,207.91897654533386,PLC -> IO,4.98944
1776266334.0244446,207.98014450073242,PLC -> IO,2.14344
1776266334.0889988,208.04469871520996,PLC -> IO,1.71672
1776266334.155582,208.11128187179565,PLC -> IO,2.8616
1776266334.2168167,208.17251658439636,PLC -> IO,0.20448
1776266334.2820444,208.23774433135986,PLC -> IO,1.11728
1776266334.3467405,208.30244040489197,PLC -> IO,30.332720000000002
1776266334.4257195,208.3814194202423,PLC -> IO,0.69016
1776266334.4745357,208.43023562431335,PLC -> IO,1.2968000000000002
1776266334.5390794,208.4947793483734,PLC -> IO,3.99144
1776266334.604296,208.5599958896637,PLC -> IO,4.25328
1776266334.6640165,208.61971640586853,PLC -> IO,16.20336
1776266334.7289598,208.68465971946716,PLC -> IO,2.8240000000000003
1776266334.7936842,208.74938416481018,PLC -> IO,5.76224
1776266334.861762,208.81746196746826,PLC -> IO,0.8830399999999999
1776266334.9246864,208.88038635253906,PLC -> IO,14.817200000000001
1776266334.9892442,208.9449441432953,PLC -> IO,4.28336
1776266335.0494173,209.00511717796326,PLC -> IO,9.74672
1776266335.1143079,209.0700078010559,PLC -> IO,7.28824
1776266335.1771486,209.13284850120544,PLC -> IO,9.7636
1776266335.2419782,209.19767808914185,PLC -> IO,6.26672
1776266335.3041945,209.25989437103271,PLC -> IO,6.269679999999999
1776266335.3715742,209.3272740840912,PLC -> IO,3.21128
1776266335.432933,209.3886330127716,PLC -> IO,0.30864
1776266335.500516,209.45621585845947,PLC -> IO,0.29928000000000005
1776266335.5652733,209.5209732055664,PLC -> IO,1.75448
1776266335.6268506,209.58255052566528,PLC -> IO,12.71608
1776266335.6938808,209.6495807170868,PLC -> IO,4.24256
1776266335.7545233,209.710223197937,PLC -> IO,5.7916799999999995
1776266335.8216999,209.7773997783661,PLC -> IO,4.2793600000000005
1776266335.886813,209.84251284599304,PLC -> IO,2.3071200000000003
1776266335.9469566,209.90265655517578,PLC -> IO,5.018
1776266336.0093274,209.9650273323059,PLC -> IO,0.25792000000000004
1776266336.073937,210.0296368598938,PLC -> IO,14.25104
1776266336.136834,210.092533826828,PLC -> IO,0.30928
1776266336.2018054,210.15750527381897,PLC -> IO,23.64456
1776266336.267129,210.22282886505127,PLC -> IO,2.19424
1776266336.3314972,210.2871971130371,PLC -> IO,9.205359999999999
1776266336.3991141,210.3548140525818,PLC -> IO,1.77128
1776266336.4674747,210.42317461967468,PLC -> IO,1.8114400000000002
1776266336.5245783,210.4802782535553,PLC -> IO,3.80656
1776266336.5856998,210.54139971733093,PLC -> IO,1.27808
1776266336.6506631,210.6063630580902,PLC -> IO,0.19024
1776266336.716613,210.6723129749298,PLC -> IO,1.6287999999999998
1776266336.7825086,210.73820853233337,PLC -> IO,2.81
1776266336.8466754,210.80237531661987,PLC -> IO,1.84504
1776266336.905862,210.8615620136261,PLC -> IO,25.80832
1776266336.972743,210.9284429550171,PLC -> IO,15.75168
1776266337.0340738,210.98977375030518,PLC -> IO,2.8
1776266337.101028,211.05672788619995,PLC -> IO,14.72128
1776266337.160289,211.11598896980286,PLC -> IO,1.86312
1776266337.230334,211.1860339641571,PLC -> IO,10.06976
1776266337.290882,211.24658203125,PLC -> IO,3.72048
1776266337.3542848,211.30998468399048,PLC -> IO,0.71672
1776266337.4205067,211.37620663642883,PLC -> IO,0.71304
1776266337.4808161,211.43651604652405,PLC -> IO,12.222480000000001
1776266337.5456083,211.50130820274353,PLC -> IO,2.37832
1776266337.6080723,211.5637722015381,PLC -> IO,1.1166399999999999
1776266337.6744187,211.63011860847473,PLC -> IO,4.33344
1776266337.737964,211.6936638355255,PLC -> IO,7.4124799999999995
1776266337.8046224,211.7603223323822,PLC -> IO,2.96088
1776266337.8695078,211.8252077102661,PLC -> IO,6.7637599999999996
1776266337.9341412,211.8898410797119,PLC -> IO,4.043760000000001
1776266338.000401,211.95610094070435,PLC -> IO,1.6119999999999999
1776266338.0581698,212.01386976242065,PLC -> IO,2.83072
1776266338.1207016,212.07640147209167,PLC -> IO,10.332640000000001
1776266338.1895087,212.14520859718323,PLC -> IO,8.73608
1776266338.2477603,212.20346021652222,PLC -> IO,2.7232
1776266338.3139918,212.26969170570374,PLC -> IO,1.1104800000000001
1776266338.3820615,212.33776140213013,PLC -> IO,0.6611199999999999
1776266338.4443953,212.4000952243805,PLC -> IO,1.80688
1776266338.505464,212.46116399765015,PLC -> IO,4.4204
1776266338.5691092,212.52480912208557,PLC -> IO,1.8192
1776266338.6377697,212.59346961975098,PLC -> IO,4.31264
1776266338.6968472,212.65254712104797,PLC -> IO,7.86712
1776266338.7668545,212.72255444526672,PLC -> IO,31.33744
1776266338.8241932,212.77989315986633,PLC -> IO,4.27616
1776266338.8955457,212.85124564170837,PLC -> IO,7.757680000000001
1776266338.9528534,212.9085533618927,PLC -> IO,7.09264
1776266339.0253162,212.98101615905762,PLC -> IO,3.9092800000000003
1776266339.0881622,213.0438621044159,PLC -> IO,1.3098400000000001
1776266339.1443176,213.10001754760742,PLC -> IO,5.2721599999999995
1776266339.2159183,213.1716182231903,PLC -> IO,2.8164800000000003
1776266339.2763522,213.2320520877838,PLC -> IO,5.45176
1776266339.34097,213.29666996002197,PLC -> IO,4.20888
1776266339.4043298,213.3600296974182,PLC -> IO,5.11632
1776266339.470351,213.42605090141296,PLC -> IO,22.4208
1776266339.5308423,213.48654222488403,PLC -> IO,0.6684
1776266339.5955365,213.5512363910675,PLC -> IO,3.14656
1776266339.656753,213.6124529838562,PLC -> IO,0.39943999999999996
1776266339.7221527,213.67785263061523,PLC -> IO,4.114879999999999
1776266339.7884614,213.74416136741638,PLC -> IO,14.5072
1776266339.8490484,213.80474829673767,PLC -> IO,5.646800000000001
1776266339.9183695,213.87406945228577,PLC -> IO,0.48976
1776266339.9767861,213.9324860572815,PLC -> IO,3.8216
1776266340.0419354,213.99763536453247,PLC -> IO,13.12824
1776266340.108177,214.0638768672943,PLC -> IO,1.34392
1776266340.1741984,214.12989830970764,PLC -> IO,11.16112
1776266340.2383044,214.19400429725647,PLC -> IO,0.15208
1776266340.2966087,214.25230860710144,PLC -> IO,2.73768
1776266340.3631575,214.31885743141174,PLC -> IO,0.44616
1776266340.4241486,214.3798484802246,PLC -> IO,0.53232
1776266340.5014918,214.45719170570374,PLC -> IO,0.27055999999999997
1776266340.5555398,214.51123976707458,PLC -> IO,3.8936800000000003
1776266340.6241996,214.57989954948425,PLC -> IO,0.8576
1776266340.6846495,214.64034938812256,PLC -> IO,2.77688
1776266340.7534795,214.7091794013977,PLC -> IO,7.413679999999999
1776266340.809139,214.7648389339447,PLC -> IO,2.75208
1776266340.874257,214.82995700836182,PLC -> IO,8.32032
1776266340.9368842,214.89258408546448,PLC -> IO,0.22944
1776266341.0005014,214.95620131492615,PLC -> IO,1.3549600000000002
1776266341.064146,215.0198459625244,PLC -> IO,4.2808
1776266341.1305265,215.08622646331787,PLC -> IO,5.21632
1776266341.201657,215.15735697746277,PLC -> IO,6.7336
1776266341.2602675,215.2159674167633,PLC -> IO,0.5339999999999999
1776266341.329918,215.28561782836914,PLC -> IO,18.229680000000002
1776266341.3857126,215.3414125442505,PLC -> IO,3.82824
1776266341.4507213,215.4064211845398,PLC -> IO,1.1666400000000001
1776266341.5130286,215.46872854232788,PLC -> IO,5.28584
1776266341.5786767,215.53437662124634,PLC -> IO,4.42608
1776266341.6433027,215.5990025997162,PLC -> IO,3.286
1776266341.7122035,215.66790342330933,PLC -> IO,6.1460799999999995
1776266341.7720535,215.7277534008026,PLC -> IO,1.1564800000000002
1776266341.8355618,215.79126167297363,PLC -> IO,6.04448
1776266341.900585,215.85628485679626,PLC -> IO,1.6520000000000001
1776266341.9622102,215.91791009902954,PLC -> IO,9.692400000000001
1776266342.0295737,215.98527359962463,PLC -> IO,23.26176
1776266342.0906208,216.0463206768036,PLC -> IO,0.84576
1776266342.1570656,216.1127655506134,PLC -> IO,2.52608
1776266342.2237732,216.1794731616974,PLC -> IO,3.6530400000000003
1776266342.2843826,216.2400825023651,PLC -> IO,1.2096
1776266342.3451293,216.3008291721344,PLC -> IO,8.36
1776266342.4092348,216.36493468284607,PLC -> IO,5.3472800000000005
1776266342.4729383,216.42863821983337,PLC -> IO,9.300559999999999
1776266342.537074,216.4927740097046,PLC -> IO,6.8016
1776266342.6045668,216.56026673316956,PLC -> IO,32.652
1776266342.6658192,216.62151908874512,PLC -> IO,1.0804799999999999
1776266342.7322924,216.68799233436584,PLC -> IO,16.15336
1776266342.7930837,216.74878358840942,PLC -> IO,0.32304000000000005
1776266342.8609993,216.81669926643372,PLC -> IO,1.2299200000000001
1776266342.920648,216.87634801864624,PLC -> IO,5.15032
1776266342.9868813,216.9425811767578,PLC -> IO,2.86496
1776266343.0484064,217.00410628318787,PLC -> IO,4.92296
1776266343.128508,217.0842080116272,PLC -> IO,0.22928
1776266343.1811893,217.13688921928406,PLC -> IO,1.1123999999999998
1776266343.2407885,217.19648838043213,PLC -> IO,2.10136
1776266343.3057203,217.26142024993896,PLC -> IO,19.2708
1776266343.3701427,217.32584261894226,PLC -> IO,11.62848
1776266343.440163,217.39586281776428,PLC -> IO,0.11231999999999999
1776266343.4967198,217.45241975784302,PLC -> IO,2.77344
1776266343.5691054,217.5248053073883,PLC -> IO,1.25576
1776266343.625545,217.58124494552612,PLC -> IO,0.18511999999999998
1776266343.6958072,217.65150713920593,PLC -> IO,2.3498400000000004
1776266343.7607036,217.71640348434448,PLC -> IO,1.61064
1776266343.816607,217.7723069190979,PLC -> IO,0.32832
1776266343.8816037,217.83730363845825,PLC -> IO,22.65648
1776266343.9480212,217.90372109413147,PLC -> IO,2.1569599999999998
1776266344.0142865,217.96998643875122,PLC -> IO,13.96616
1776266344.0734525,218.02915239334106,PLC -> IO,4.6488
1776266344.1421027,218.09780263900757,PLC -> IO,0.08952
1776266344.2033901,218.15909004211426,PLC -> IO,2.7748
1776266344.2656035,218.22130346298218,PLC -> IO,2.67704
1776266344.3290544,218.28475427627563,PLC -> IO,6.873200000000001
1776266344.397698,218.35339784622192,PLC -> IO,2.89728
1776266344.459385,218.4150848388672,PLC -> IO,3.5592
1776266344.5208347,218.47653460502625,PLC -> IO,4.70136
1776266344.5865817,218.54228162765503,PLC -> IO,22.87624
1776266344.6482604,218.60396027565002,PLC -> IO,12.367832
1776266344.7184432,218.674143075943,PLC -> IO,0.38688
1776266344.7769344,218.73263430595398,PLC -> IO,4.95824
1776266344.8418915,218.7975914478302,PLC -> IO,5.11072
1776266344.9040222,218.85972213745117,PLC -> IO,0.27448
1776266344.9746964,218.93039631843567,PLC -> IO,2.17992
1776266345.033875,218.9895749092102,PLC -> IO,7.62744
1776266345.10204,219.05773997306824,PLC -> IO,2.91448
1776266345.170726,219.1264259815216,PLC -> IO,0.07592
1776266345.2238255,219.1795253753662,PLC -> IO,1.91264
1776266345.2889616,219.24466156959534,PLC -> IO,9.9024
1776266345.3531532,219.30885314941406,PLC -> IO,3.66312
1776266345.420665,219.37636494636536,PLC -> IO,1.0922399999999999
1776266345.4813333,219.43703317642212,PLC -> IO,2.92216
1776266345.5508435,219.50654339790344,PLC -> IO,10.78136
1776266345.6090178,219.5647177696228,PLC -> IO,4.1616
1776266345.6842656,219.6399655342102,PLC -> IO,1.3556
1776266345.7366705,219.6923704147339,PLC -> IO,0.2544
1776266345.8018785,219.75757837295532,PLC -> IO,1.7592
1776266345.869654,219.8253538608551,PLC -> IO,12.34648
1776266345.9296398,219.88533973693848,PLC -> IO,14.1788
1776266345.991681,219.94738101959229,PLC -> IO,5.2846400000000004
1776266346.0608385,220.01653838157654,PLC -> IO,6.22112
1776266346.1247675,220.08046746253967,PLC -> IO,6.31792
1776266346.1856496,220.1413495540619,PLC -> IO,0.10384
1776266346.2533038,220.2090036869049,PLC -> IO,1.69608
1776266346.31299,220.26868987083435,PLC -> IO,0.42279999999999995
1776266346.3820364,220.33773636817932,PLC -> IO,0.61568
1776266346.4455879,220.40128779411316,PLC -> IO,18.205679999999997
1776266346.5083086,220.4640085697174,PLC -> IO,3.57536
1776266346.5690887,220.52478861808777,PLC -> IO,1.2796
1776266346.633207,220.5889070034027,PLC -> IO,3.84408
1776266346.7032092,220.65890908241272,PLC -> IO,2.60736
1776266346.7622955,220.71799540519714,PLC -> IO,4.6816
1776266346.8284733,220.78417325019836,PLC -> IO,2.14968
1776266346.8880508,220.84375071525574,PLC -> IO,6.641120000000001
1776266346.9583673,220.91406726837158,PLC -> IO,2.2843199999999997
1776266347.0205476,220.976247549057,PLC -> IO,5.236079999999999
1776266347.084082,221.03978180885315,PLC -> IO,14.85704
1776266347.1452541,221.10095405578613,PLC -> IO,23.77552
1776266347.213719,221.1694188117981,PLC -> IO,1.12104
1776266347.272983,221.22868299484253,PLC -> IO,0.33496
1776266347.3416014,221.29730129241943,PLC -> IO,1.8231199999999999
1776266347.4029982,221.35869812965393,PLC -> IO,2.16696
1776266347.4652777,221.42097759246826,PLC -> IO,2.4343199999999996
1776266347.533975,221.48967480659485,PLC -> IO,1.78616
1776266347.5941293,221.54982924461365,PLC -> IO,9.31456
1776266347.6605568,221.6162567138672,PLC -> IO,1.63192
1776266347.722144,221.6778438091278,PLC -> IO,12.199679999999999
1776266347.789347,221.74504685401917,PLC -> IO,2.6302399999999997
1776266347.8514361,221.80713605880737,PLC -> IO,0.11656
1776266347.9151032,221.87080311775208,PLC -> IO,5.08632
1776266347.9807265,221.9364264011383,PLC -> IO,1.1072
1776266348.045381,222.00108098983765,PLC -> IO,0.16784
1776266348.1050844,222.06078433990479,PLC -> IO,7.37232
1776266348.169184,222.12488389015198,PLC -> IO,4.35864
1776266348.237164,222.19286394119263,PLC -> IO,0.6896800000000001
1776266348.3040085,222.25970840454102,PLC -> IO,1.34368
1776266348.3679194,222.32361936569214,PLC -> IO,8.68968
1776266348.425771,222.3814709186554,PLC -> IO,13.6496
1776266348.5017614,222.4574613571167,PLC -> IO,5.708559999999999
1776266348.5545297,222.51022958755493,PLC -> IO,7.81096
1776266348.6219494,222.5776493549347,PLC -> IO,1.15656
1776266348.6807737,222.63647365570068,PLC -> IO,0.90888
1776266348.7441688,222.69986867904663,PLC -> IO,15.22104
1776266348.8083835,222.76408338546753,PLC -> IO,6.122879999999999
1776266348.8764582,222.83215808868408,PLC -> IO,11.212639999999999
1776266348.9447916,222.90049147605896,PLC -> IO,1.3184
1776266349.0132368,222.96893668174744,PLC -> IO,15.65648
1776266349.0699124,223.02561235427856,PLC -> IO,4.63
1776266349.1290925,223.08479237556458,PLC -> IO,10.917440000000001
1776266349.195638,223.15133786201477,PLC -> IO,2.1128
1776266349.2574408,223.21314072608948,PLC -> IO,1.79392
1776266349.3218944,223.27759432792664,PLC -> IO,5.1464
1776266349.3840945,223.33979439735413,PLC -> IO,2.3448800000000003
1776266349.449306,223.40500593185425,PLC -> IO,2.29808
1776266349.5132792,223.46897912025452,PLC -> IO,7.6341600000000005
1776266349.5765545,223.53225445747375,PLC -> IO,5.857679999999999
1776266349.6416376,223.59733748435974,PLC -> IO,5.4976
1776266349.7092853,223.66498517990112,PLC -> IO,22.43824
1776266349.774472,223.73017191886902,PLC -> IO,0.84592
1776266349.8329217,223.78862166404724,PLC -> IO,5.12704
1776266349.902989,223.85868883132935,PLC -> IO,4.93096
1776266349.9643016,223.92000150680542,PLC -> IO,2.88136
1776266350.0260327,223.98173260688782,PLC -> IO,3.79112
1776266350.0930953,224.04879522323608,PLC -> IO,5.3131200000000005
1776266350.1580422,224.1137421131134,PLC -> IO,0.17320000000000002
1776266350.2212832,224.17698311805725,PLC -> IO,10.4192
1776266350.285772,224.24147200584412,PLC -> IO,10.80312
1776266350.3493838,224.30508375167847,PLC -> IO,2.2218400000000003
1776266350.410531,224.36623096466064,PLC -> IO,10.1712
1776266350.4768708,224.43257069587708,PLC -> IO,2.79008
1776266350.5368137,224.4925136566162,PLC -> IO,10.059999999999999
1776266350.6020484,224.5577483177185,PLC -> IO,6.02368
1776266350.6639888,224.61968874931335,PLC -> IO,0.2256
1776266350.730935,224.68663501739502,PLC -> IO,4.73008
1776266350.7938447,224.74954462051392,PLC -> IO,8.12432
1776266350.8618867,224.81758666038513,PLC -> IO,0.18304
1776266350.924176,224.8798758983612,PLC -> IO,4.37904
1776266350.985396,224.94109582901,PLC -> IO,11.333680000000001
1776266351.052938,225.00863790512085,PLC -> IO,2.9512
1776266351.1130216,225.06872153282166,PLC -> IO,5.92904
1776266351.182096,225.13779592514038,PLC -> IO,1.07464
1776266351.2407155,225.19641542434692,PLC -> IO,2.1520799999999998
1776266351.3067691,225.26246905326843,PLC -> IO,5.6575999999999995
1776266351.3716304,225.32733035087585,PLC -> IO,0.30432000000000003
1776266351.4371874,225.3928873538971,PLC -> IO,0.09040000000000001
1776266351.496796,225.45249581336975,PLC -> IO,4.8972
1776266351.560768,225.51646780967712,PLC -> IO,23.29392
1776266351.6264172,225.58211708068848,PLC -> IO,3.18848
1776266351.69163,225.6473298072815,PLC -> IO,10.61768
1776266351.7562764,225.71197628974915,PLC -> IO,0.57312
1776266351.8270137,225.7827136516571,PLC -> IO,1.02864
1776266351.884116,225.83981585502625,PLC -> IO,1.90408
1776266351.9457128,225.9014127254486,PLC -> IO,6.36336
1776266352.0129132,225.9686131477356,PLC -> IO,1.55552
1776266352.0730338,226.02873373031616,PLC -> IO,3.84656
1776266352.1385763,226.09427618980408,PLC -> IO,0.08872000000000001
1776266352.204586,226.16028594970703,PLC -> IO,18.6976
1776266352.2709696,226.22666954994202,PLC -> IO,18.33768
1776266352.330347,226.28604698181152,PLC -> IO,5.67216
1776266352.399164,226.35486388206482,PLC -> IO,1.85176
1776266352.4606123,226.4163122177124,PLC -> IO,3.62504
1776266352.525367,226.48106694221497,PLC -> IO,4.896400000000001
1776266352.591433,226.5471329689026,PLC -> IO,12.633439999999998
1776266352.6480203,226.60372018814087,PLC -> IO,5.028391999999999
1776266352.7196207,226.67532062530518,PLC -> IO,7.17312
1776266352.7782726,226.73397254943848,PLC -> IO,3.62536
1776266352.8418968,226.79759669303894,PLC -> IO,11.10456
1776266352.9056494,226.86134934425354,PLC -> IO,2.7676
1776266352.968729,226.92442893981934,PLC -> IO,0.84416
1776266353.032928,226.988627910614,PLC -> IO,7.83288
1776266353.1010292,227.05672907829285,PLC -> IO,8.43776
1776266353.1642418,227.11994171142578,PLC -> IO,4.76704
1776266353.2243114,227.18001127243042,PLC -> IO,2.62416
1776266353.2942553,227.24995517730713,PLC -> IO,1.6648800000000001
1776266353.3534286,227.30912852287292,PLC -> IO,2.1755199999999997
1776266353.4205823,227.3762822151184,PLC -> IO,2.64408
1776266353.487173,227.44287300109863,PLC -> IO,3.6332
1776266353.5503778,227.50607776641846,PLC -> IO,7.953999999999999
1776266353.6140091,227.5697090625763,PLC -> IO,2.39712
1776266353.673204,227.6289038658142,PLC -> IO,3.86544
1776266353.7412167,227.6969165802002,PLC -> IO,3.6108
1776266353.8044202,227.76012015342712,PLC -> IO,2.34624
1776266353.8652136,227.82091355323792,PLC -> IO,5.1913599999999995
1776266353.9291358,227.88483572006226,PLC -> IO,4.19984
1776266353.9978082,227.95350813865662,PLC -> IO,1.85896
1776266354.056738,228.01243782043457,PLC -> IO,0.24032
1776266354.1269135,228.08261346817017,PLC -> IO,31.2244
1776266354.1842208,228.13992071151733,PLC -> IO,3.82408
1776266354.2503445,228.2060444355011,PLC -> IO,5.33232
1776266354.3168826,228.27258253097534,PLC -> IO,3.90064
1776266354.3794265,228.3351263999939,PLC -> IO,0.63376
1776266354.4407272,228.39642715454102,PLC -> IO,1.31352
1776266354.5084445,228.4641444683075,PLC -> IO,5.7428799999999995
1776266354.575443,228.53114295005798,PLC -> IO,0.37144
1776266354.6339886,228.589688539505,PLC -> IO,12.129199999999999
1776266354.7031548,228.65885472297668,PLC -> IO,4.4964
1776266354.7612903,228.71699023246765,PLC -> IO,9.23576
1776266354.8255987,228.78129863739014,PLC -> IO,29.80688
1776266354.889047,228.84474682807922,PLC -> IO,0.44176000000000004
1776266354.9557538,228.91145372390747,PLC -> IO,5.84152
1776266355.0173953,228.97309517860413,PLC -> IO,2.0037599999999998
1776266355.0855045,229.04120445251465,PLC -> IO,0.32536000000000004
1776266355.144047,229.09974694252014,PLC -> IO,3.9066400000000003
1776266355.2101583,229.1658582687378,PLC -> IO,1.59128
1776266355.275775,229.2314748764038,PLC -> IO,3.66792
1776266355.3365066,229.2922065258026,PLC -> IO,4.3436
1776266355.4065325,229.36223244667053,PLC -> IO,13.099039999999999
1776266355.4640496,229.4197494983673,PLC -> IO,5.19008
1776266355.5342255,229.48992538452148,PLC -> IO,13.18696
1776266355.5984898,229.55418968200684,PLC -> IO,2.87832
1776266355.6591523,229.6148521900177,PLC -> IO,2.80408
1776266355.7257762,229.68147611618042,PLC -> IO,0.33432
1776266355.783931,229.7396309375763,PLC -> IO,5.34416
1776266355.8514578,229.80715775489807,PLC -> IO,3.39968
1776266355.9161797,229.87187957763672,PLC -> IO,1.8136
1776266355.9817524,229.93745231628418,PLC -> IO,3.4711999999999996
1776266356.044241,229.99994087219238,PLC -> IO,0.14584
1776266356.1103342,230.06603407859802,PLC -> IO,10.05752
1776266356.169166,230.12486600875854,PLC -> IO,2.28944
1776266356.2415886,230.1972885131836,PLC -> IO,7.49392
1776266356.2967832,230.25248312950134,PLC -> IO,0.14864000000000002
1776266356.3674839,230.32318377494812,PLC -> IO,0.36279999999999996
1776266356.423961,230.37966084480286,PLC -> IO,9.1888
1776266356.5058243,230.46152424812317,PLC -> IO,3.38528
1776266356.5529313,230.50863122940063,PLC -> IO,1.36872
1776266356.620331,230.57603096961975,PLC -> IO,0.03008
1776266356.6869977,230.64269757270813,PLC -> IO,20.70552
1776266356.7452834,230.70098328590393,PLC -> IO,4.3628
1776266356.8148344,230.77053427696228,PLC -> IO,0.15328
1776266356.874063,230.82976293563843,PLC -> IO,1.31792
1776266356.9441633,230.89986324310303,PLC -> IO,0.22224000000000002
1776266357.006254,230.9619538784027,PLC -> IO,1.42248
1776266357.068832,231.02453184127808,PLC -> IO,12.11432
1776266357.1290605,231.08476042747498,PLC -> IO,1.37456
1776266357.203635,231.159334897995,PLC -> IO,4.55952
1776266357.2616625,231.21736240386963,PLC -> IO,2.63848
1776266357.3217754,231.27747535705566,PLC -> IO,11.089599999999999
1776266357.389696,231.34539580345154,PLC -> IO,26.7656
1776266357.4505806,231.40628051757812,PLC -> IO,11.6188
1776266357.516813,231.47251296043396,PLC -> IO,2.3648
1776266357.5767539,231.53245377540588,PLC -> IO,9.03328
1776266357.6440678,231.59976768493652,PLC -> IO,2.32936
1776266357.704589,231.66028881072998,PLC -> IO,1.0723200000000002
1776266357.7733135,231.72901344299316,PLC -> IO,4.8568
1776266357.8329856,231.78868556022644,PLC -> IO,0.3688
1776266357.896972,231.85267186164856,PLC -> IO,4.62688
1776266357.9645646,231.92026448249817,PLC -> IO,10.351040000000001
1776266358.0253568,231.98105669021606,PLC -> IO,1.4324
1776266358.0944583,232.0501582622528,PLC -> IO,1.06368
1776266358.1540308,232.10973072052002,PLC -> IO,0.4444
1776266358.220636,232.176335811615,PLC -> IO,13.34728
1776266358.2803638,232.23606371879578,PLC -> IO,1.33976
1776266358.3473945,232.30309438705444,PLC -> IO,7.1451199999999995
1776266358.4094834,232.36518335342407,PLC -> IO,3.26392
1776266358.4753482,232.43104815483093,PLC -> IO,3.734
1776266358.540771,232.49647092819214,PLC -> IO,1.0707200000000001
1776266358.603906,232.5596058368683,PLC -> IO,6.98016
1776266358.6656013,232.62130117416382,PLC -> IO,10.84232
1776266358.728681,232.6843810081482,PLC -> IO,10.92432
1776266358.7998714,232.75557136535645,PLC -> IO,1.84128
1776266358.8574507,232.81315064430237,PLC -> IO,4.3576
1776266358.924203,232.87990283966064,PLC -> IO,2.7784
1776266358.9842572,232.93995714187622,PLC -> IO,3.8429599999999997
1776266359.0519092,233.00760912895203,PLC -> IO,4.79392
1776266359.1128943,233.06859421730042,PLC -> IO,1.062
1776266359.1815813,233.1372811794281,PLC -> IO,6.40264
1776266359.2406383,233.1963381767273,PLC -> IO,23.12096
1776266359.307918,233.26361799240112,PLC -> IO,1.13736
1776266359.3690403,233.3247401714325,PLC -> IO,0.37304
1776266359.4331498,233.38884973526,PLC -> IO,0.89952
1776266359.5042331,233.45993304252625,PLC -> IO,2.9819999999999998
1776266359.5644052,233.5201051235199,PLC -> IO,0.01312
1776266359.6251457,233.58084559440613,PLC -> IO,6.79824
1776266359.6890826,233.64478254318237,PLC -> IO,5.427440000000001
1776266359.7577598,233.71345973014832,PLC -> IO,0.8678400000000001
1776266359.81693,233.77262997627258,PLC -> IO,5.85192
1776266359.8825788,233.83827877044678,PLC -> IO,1.44208
1776266359.9441717,233.8998715877533,PLC -> IO,27.34576
1776266360.0093012,233.9650011062622,PLC -> IO,8.37568
1776266360.0733044,234.02900433540344,PLC -> IO,5.09648
1776266360.140908,234.0966079235077,PLC -> IO,9.63888
1776266360.2014735,234.15717339515686,PLC -> IO,6.433280000000001
1776266360.2641077,234.2198076248169,PLC -> IO,0.20048
1776266360.33295,234.28865003585815,PLC -> IO,3.89416
1776266360.3943744,234.35007429122925,PLC -> IO,4.61808
1776266360.4621255,234.41782546043396,PLC -> IO,1.88856
1776266360.5303297,234.48602962493896,PLC -> IO,0.34544
1776266360.5860634,234.54176330566406,PLC -> IO,6.21368
1776266360.648996,234.60469603538513,PLC -> IO,6.824872
1776266360.7130797,234.66877961158752,PLC -> IO,0.11896
1776266360.7767475,234.73244738578796,PLC -> IO,3.9154400000000003
1776266360.8435056,234.79920554161072,PLC -> IO,0.90016
1776266360.907906,234.86360597610474,PLC -> IO,17.68176
1776266360.9725156,234.92821550369263,PLC -> IO,4.15432
1776266361.0382829,234.99398279190063,PLC -> IO,3.88848
1776266361.100396,235.05609583854675,PLC -> IO,1.55184
1776266361.1694436,235.12514352798462,PLC -> IO,8.643839999999999
1776266361.2308598,235.18655967712402,PLC -> IO,14.79744
1776266361.2912474,235.24694728851318,PLC -> IO,0.69088
1776266361.353271,235.30897092819214,PLC -> IO,8.6868
1776266361.4181793,235.37387919425964,PLC -> IO,3.26336
1776266361.481555,235.43725490570068,PLC -> IO,2.64768
1776266361.5453746,235.501074552536,PLC -> IO,2.80944
1776266361.6131742,235.56887412071228,PLC -> IO,2.80216
1776266361.6719892,235.6276891231537,PLC -> IO,1.64008
1776266361.7417042,235.69740414619446,PLC -> IO,0.95904
1776266361.8042035,235.75990343093872,PLC -> IO,27.143359999999998
1776266361.8662994,235.82199931144714,PLC -> IO,4.0018400000000005
1776266361.9291182,235.8848180770874,PLC -> IO,2.34632
1776266361.996768,235.952467918396,PLC -> IO,1.31208
1776266362.0567527,236.01245260238647,PLC -> IO,0.0384
1776266362.124526,236.08022594451904,PLC -> IO,3.30968
1776266362.1841252,236.13982510566711,PLC -> IO,6.35184
1776266362.2491734,236.20487332344055,PLC -> IO,1.8840000000000001
1776266362.31632,236.27201986312866,PLC -> IO,10.20992
1776266362.3793557,236.3350555896759,PLC -> IO,1.11192
1776266362.4456167,236.40131664276123,PLC -> IO,0.43328
1776266362.5042903,236.45999026298523,PLC -> IO,30.83944
1776266362.5724325,236.52813243865967,PLC -> IO,6.86456
1776266362.6358209,236.5915207862854,PLC -> IO,2.13
1776266362.69993,236.65562987327576,PLC -> IO,2.07456
1776266362.7656279,236.72132778167725,PLC -> IO,3.22336
1776266362.8263845,236.78208446502686,PLC -> IO,16.088559999999998
1776266362.8901901,236.84589004516602,PLC -> IO,4.30544
1776266362.9530401,236.90874004364014,PLC -> IO,0.11376
1776266363.0206423,236.9763422012329,PLC -> IO,1.19544
1776266363.081764,237.03746390342712,PLC -> IO,15.14728
1776266363.146926,237.1026258468628,PLC -> IO,3.2399199999999997
1776266363.2080476,237.163747549057,PLC -> IO,10.15424
1776266363.2787023,237.23440217971802,PLC -> IO,2.06808
1776266363.3442554,237.299955368042,PLC -> IO,3.15448
1776266363.4041905,237.35989046096802,PLC -> IO,5.30144
1776266363.465208,237.42090797424316,PLC -> IO,8.32696
1776266363.5291023,237.48480224609375,PLC -> IO,10.69712
1776266363.592935,237.54863500595093,PLC -> IO,6.3152800000000004
1776266363.6590433,237.61474323272705,PLC -> IO,8.380560000000001
1776266363.725617,237.68131685256958,PLC -> IO,1.13712
1776266363.7877324,237.7434322834015,PLC -> IO,11.414719999999999
1776266363.8534012,237.80910110473633,PLC -> IO,0.48591999999999996
1776266363.9129522,237.86865210533142,PLC -> IO,5.08256
1776266363.9806056,237.9363055229187,PLC -> IO,1.66528
1776266364.040621,237.99632096290588,PLC -> IO,3.35744
1776266364.1077778,238.0634777545929,PLC -> IO,1.69472
1776266364.1745474,238.13024735450745,PLC -> IO,0.86512
1776266364.2485738,238.2042737007141,PLC -> IO,0.1548
1776266364.3005817,238.2562816143036,PLC -> IO,0.16128
1776266364.3662748,238.3219747543335,PLC -> IO,26.77984
1776266364.4304948,238.38619470596313,PLC -> IO,0.55688
1776266364.5026472,238.45834708213806,PLC -> IO,3.90576
1776266364.5598257,238.51552557945251,PLC -> IO,0.85448
1776266364.6167655,238.5724654197693,PLC -> IO,3.71584
1776266364.685661,238.6413609981537,PLC -> IO,1.28944
1776266364.747535,238.70323491096497,PLC -> IO,0.12536
1776266364.8103464,238.76604628562927,PLC -> IO,2.31576
1776266364.872983,238.8286828994751,PLC -> IO,0.39
1776266364.9369054,238.89260530471802,PLC -> IO,7.14976
1776266365.0020878,238.9577877521515,PLC -> IO,0.5642400000000001
1776266365.0708282,239.0265281200409,PLC -> IO,18.5004
1776266365.1314385,239.08713841438293,PLC -> IO,4.1008
1776266365.193,239.1486999988556,PLC -> IO,0.02352
1776266365.2606673,239.21636724472046,PLC -> IO,14.14288
1776266365.3243573,239.28005719184875,PLC -> IO,1.36592
1776266365.3874197,239.34311962127686,PLC -> IO,1.99352
1776266365.4490395,239.4047393798828,PLC -> IO,4.29728
1776266365.5147634,239.47046327590942,PLC -> IO,5.4218399999999995
1776266365.5768726,239.53257250785828,PLC -> IO,2.30936
1776266365.6604178,239.61611771583557,PLC -> IO,8.58536
1776266365.7056222,239.6613221168518,PLC -> IO,0.9252
1776266365.7691693,239.72486925125122,PLC -> IO,7.53344
1776266365.8358,239.79149985313416,PLC -> IO,3.6356800000000002
1776266365.8965058,239.85220575332642,PLC -> IO,0.38664
1776266365.9699986,239.92569851875305,PLC -> IO,0.61912
1776266366.0240772,239.97977709770203,PLC -> IO,1.18472
1776266366.0938256,240.04952549934387,PLC -> IO,1.92776
1776266366.1538424,240.10954236984253,PLC -> IO,9.67312
1776266366.219726,240.17542600631714,PLC -> IO,4.62856
1776266366.2842486,240.23994851112366,PLC -> IO,5.394
1776266366.3443127,240.30001258850098,PLC -> IO,17.56552
1776266366.412006,240.36770582199097,PLC -> IO,0.30552
1776266366.4730473,240.42874717712402,PLC -> IO,0.10528
1776266366.541237,240.49693703651428,PLC -> IO,0.45888
1776266366.6051204,240.56082034111023,PLC -> IO,1.18112
1776266366.667951,240.62365102767944,PLC -> IO,16.620240000000003
1776266366.7315114,240.6872112751007,PLC -> IO,3.12608
1776266366.798321,240.75402092933655,PLC -> IO,3.3504
1776266366.8568132,240.81251311302185,PLC -> IO,2.05704
1776266366.9220479,240.87774777412415,PLC -> IO,25.50088
1776266366.9841685,240.9398684501648,PLC -> IO,1.3204
1776266367.0496097,241.0053095817566,PLC -> IO,15.20176
1776266367.116732,241.07243180274963,PLC -> IO,4.04584
1776266367.1779528,241.13365268707275,PLC -> IO,5.05384
1776266367.2442353,241.1999351978302,PLC -> IO,1.78776
1776266367.3052444,241.26094436645508,PLC -> IO,2.40232
1776266367.3733704,241.32907032966614,PLC -> IO,1.5436
1776266367.4329536,241.3886535167694,PLC -> IO,0.10728
1776266367.5007298,241.45642971992493,PLC -> IO,0.9264800000000001
1776266367.5607123,241.5164122581482,PLC -> IO,5.54624
1776266367.6264453,241.5821452140808,PLC -> IO,26.415192
1776266367.6890697,241.6447696685791,PLC -> IO,3.9710400000000003
1776266367.7526958,241.7083957195282,PLC -> IO,7.46496
1776266367.816821,241.77252101898193,PLC -> IO,2.09232
1776266367.8804502,241.83615016937256,PLC -> IO,1.42792
1776266367.94891,241.90460991859436,PLC -> IO,3.22608
1776266368.0135505,241.96925044059753,PLC -> IO,4.63608
1776266368.0787604,242.0344603061676,PLC -> IO,8.0784
1776266368.1430564,242.09875631332397,PLC -> IO,3.7843199999999997
1776266368.203917,242.15961694717407,PLC -> IO,13.68208
1776266368.265688,242.22138786315918,PLC -> IO,2.29528
1776266368.3332822,242.28898215293884,PLC -> IO,1.006
1776266368.3928695,242.34856939315796,PLC -> IO,6.58552
1776266368.4586189,242.41431879997253,PLC -> IO,3.9201599999999996
1776266368.5261147,242.48181462287903,PLC -> IO,4.5840000000000005
1776266368.5907214,242.54642128944397,PLC -> IO,7.7244
1776266368.6533165,242.60901641845703,PLC -> IO,2.1396800000000002
1776266368.7130103,242.668710231781,PLC -> IO,1.01392
1776266368.7817621,242.7374620437622,PLC -> IO,2.31072
1776266368.8417113,242.7974112033844,PLC -> IO,10.141680000000001
1776266368.9129658,242.86866569519043,PLC -> IO,6.45856
1776266368.9720252,242.92772507667542,PLC -> IO,4.47736
1776266369.0343256,242.9900255203247,PLC -> IO,3.266
1776266369.1068869,243.0625867843628,PLC -> IO,1.36688
1776266369.1639547,243.11965465545654,PLC -> IO,4.31808
1776266369.2241483,243.17984819412231,PLC -> IO,2.9564
1776266369.288676,243.24437594413757,PLC -> IO,6.94512
1776266369.3578556,243.31355547904968,PLC -> IO,2.4595200000000004
1776266369.4174485,243.3731484413147,PLC -> IO,4.94816
1776266369.4845598,243.4402596950531,PLC -> IO,30.55888
1776266369.5465956,243.5022954940796,PLC -> IO,6.6456800000000005
1776266369.6127203,243.56842017173767,PLC -> IO,14.17352
1776266369.6729183,243.62861824035645,PLC -> IO,6.396319999999999
1776266369.7397273,243.69542717933655,PLC -> IO,0.85488
1776266369.8017106,243.75741052627563,PLC -> IO,4.0258400000000005
1776266369.8659847,243.82168459892273,PLC -> IO,12.38416
1776266369.9279191,243.8836190700531,PLC -> IO,5.07552
1776266369.9964957,243.95219564437866,PLC -> IO,11.16528
1776266370.0617259,244.01742577552795,PLC -> IO,2.6925600000000003
1776266370.1243808,244.08008074760437,PLC -> IO,12.40248
1776266370.1975553,244.1532552242279,PLC -> IO,22.91896
1776266370.2500875,244.20578742027283,PLC -> IO,2.06488
1776266370.3177469,244.27344679832458,PLC -> IO,4.942959999999999
1776266370.3788493,244.3345491886139,PLC -> IO,1.43808
1776266370.4434466,244.39914655685425,PLC -> IO,0.6289600000000001
1776266370.5075407,244.46324062347412,PLC -> IO,20.632080000000002
1776266370.5703008,244.52600073814392,PLC -> IO,2.33088
1776266370.6341305,244.58983039855957,PLC -> IO,6.269839999999999
1776266370.696552,244.65225195884705,PLC -> IO,1.40992
1776266370.7621384,244.71783828735352,PLC -> IO,12.32008
1776266370.8241282,244.77982807159424,PLC -> IO,6.654400000000001
1776266370.8941774,244.8498773574829,PLC -> IO,0.27816
1776266370.9592056,244.9149055480957,PLC -> IO,2.2372799999999997
1776266371.0290627,244.98476266860962,PLC -> IO,0.62472
1776266371.084292,245.03999185562134,PLC -> IO,1.5348
1776266371.145865,245.1015648841858,PLC -> IO,3.52448
1776266371.2089915,245.16469144821167,PLC -> IO,10.46744
1776266371.2746508,245.23035073280334,PLC -> IO,5.42824
1776266371.3403454,245.29604530334473,PLC -> IO,4.88448
1776266371.406822,245.36252188682556,PLC -> IO,2.7476800000000003
1776266371.4730556,245.4287555217743,PLC -> IO,10.97752
1776266371.5292046,245.48490452766418,PLC -> IO,3.878
1776266371.598362,245.55406188964844,PLC -> IO,3.88944
1776266371.6564577,245.6121575832367,PLC -> IO,0.41104
1776266371.7265358,245.68223571777344,PLC -> IO,6.78024
1776266371.7876444,245.7433443069458,PLC -> IO,0.4464
1776266371.8506696,245.80636954307556,PLC -> IO,2.19
1776266371.9138997,245.86959958076477,PLC -> IO,8.04848
1776266371.9781775,245.93387746810913,PLC -> IO,14.340240000000001
1776266372.0481114,246.00381135940552,PLC -> IO,14.65568
1776266372.1038759,246.05957579612732,PLC -> IO,0.39511999999999997
1776266372.1734424,246.1291422843933,PLC -> IO,1.0079200000000001
1776266372.2331069,246.18880677223206,PLC -> IO,5.90128
1776266372.3012278,246.25692772865295,PLC -> IO,1.8813600000000001
1776266372.3667848,246.3224847316742,PLC -> IO,1.0468000000000002
1776266372.4288304,246.38453030586243,PLC -> IO,14.146799999999999
1776266372.5029712,246.45867109298706,PLC -> IO,5.289280000000001
1776266372.5581074,246.51380729675293,PLC -> IO,0.16024
1776266372.6167781,246.57247805595398,PLC -> IO,0.09792
1776266372.681903,246.6376028060913,PLC -> IO,0.17152
1776266372.745542,246.70124197006226,PLC -> IO,23.52984
1776266372.8101845,246.76588439941406,PLC -> IO,11.144400000000001
1776266372.8763406,246.83204054832458,PLC -> IO,3.99592
1776266372.9408627,246.89656257629395,PLC -> IO,5.60544
1776266373.004068,246.95976781845093,PLC -> IO,2.0096
1776266373.0641594,247.01985931396484,PLC -> IO,6.544160000000001
1776266373.136376,247.09207582473755,PLC -> IO,3.38024
1776266373.198978,247.1546778678894,PLC -> IO,4.04784
1776266373.2596385,247.21533846855164,PLC -> IO,0.29288
1776266373.3206744,247.27637434005737,PLC -> IO,14.544319999999999
1776266373.38589,247.34158992767334,PLC -> IO,5.99248
1776266373.4489398,247.40463972091675,PLC -> IO,2.46008
1776266373.5166893,247.4723892211914,PLC -> IO,1.3268
1776266373.5843363,247.54003620147705,PLC -> IO,6.8441600000000005
1776266373.6418476,247.59754753112793,PLC -> IO,1.06208
1776266373.7113817,247.66708159446716,PLC -> IO,13.6608
1776266373.7691584,247.72485828399658,PLC -> IO,7.892720000000001
1776266373.8406684,247.7963683605194,PLC -> IO,10.64848
1776266373.8993459,247.85504579544067,PLC -> IO,2.54088
1776266373.962718,247.91841793060303,PLC -> IO,3.2716
1776266374.027598,247.98329782485962,PLC -> IO,12.66344
1776266374.0922415,248.04794144630432,PLC -> IO,0.58792
1776266374.1529274,248.10862731933594,PLC -> IO,5.394880000000001
1776266374.2190385,248.174738407135,PLC -> IO,0.42591999999999997
1776266374.2844675,248.24016737937927,PLC -> IO,16.23208
1776266374.3506908,248.3063907623291,PLC -> IO,2.6432
1776266374.41391,248.36960983276367,PLC -> IO,5.43264
1776266374.4770277,248.43272757530212,PLC -> IO,0.39192
1776266374.5405786,248.4962785243988,PLC -> IO,1.05568
1776266374.6017635,248.55746340751648,PLC -> IO,22.048479999999998
1776266374.671305,248.62700486183167,PLC -> IO,3.17536
1776266374.7279866,248.68368649482727,PLC -> IO,3.53048
1776266374.793272,248.7489719390869,PLC -> IO,3.2901599999999998
1776266374.8648272,248.8205270767212,PLC -> IO,0.88624
1776266374.9244463,248.8801462650299,PLC -> IO,2.3750400000000003
1776266374.990448,248.94614791870117,PLC -> IO,2.61936
1776266375.0486255,249.00432538986206,PLC -> IO,5.97264
1776266375.1173742,249.07307410240173,PLC -> IO,1.8416000000000001
1776266375.176308,249.13200783729553,PLC -> IO,3.66496
1776266375.2424302,249.19813013076782,PLC -> IO,5.08624
1776266375.310688,249.26638793945312,PLC -> IO,18.37888
1776266375.3718283,249.3275282382965,PLC -> IO,14.017999999999999
1776266375.4328902,249.38859009742737,PLC -> IO,5.043200000000001
1776266375.4981732,249.45387315750122,PLC -> IO,3.81976
1776266375.5621715,249.5178713798523,PLC -> IO,3.52112
1776266375.628246,249.58394598960876,PLC -> IO,11.096160000000001
1776266375.6938317,249.6495316028595,PLC -> IO,3.1148000000000002
1776266375.7534575,249.70915746688843,PLC -> IO,10.86464
1776266375.8237228,249.77942276000977,PLC -> IO,2.87064
1776266375.883296,249.83899593353271,PLC -> IO,8.5124
1776266375.9519382,249.90763807296753,PLC -> IO,0.9084800000000001
1776266376.0085363,249.96423625946045,PLC -> IO,10.53016
1776266376.0742369,250.0299367904663,PLC -> IO,0.5072
1776266376.1373856,250.09308552742004,PLC -> IO,5.4516
1776266376.2018366,250.15753650665283,PLC -> IO,4.64304
1776266376.2655406,250.2212405204773,PLC -> IO,2.4704800000000002
1776266376.3300893,250.28578925132751,PLC -> IO,4.11144
1776266376.400752,250.35645198822021,PLC -> IO,3.61544
1776266376.456497,250.41219687461853,PLC -> IO,4.505999999999999
1776266376.5270817,250.48278164863586,PLC -> IO,10.9216
1776266376.5907345,250.54643440246582,PLC -> IO,8.419599999999999
1776266376.6543374,250.61003732681274,PLC -> IO,0.99664
1776266376.712854,250.66855382919312,PLC -> IO,4.003839999999999
1776266376.7796476,250.73534750938416,PLC -> IO,0.07744000000000001
1776266376.8442276,250.79992747306824,PLC -> IO,1.43424
1776266376.9060102,250.86171007156372,PLC -> IO,9.771840000000001
1776266376.9705257,250.92622566223145,PLC -> IO,1.06352
1776266377.0340004,250.9897003173828,PLC -> IO,0.68584
1776266377.1012352,251.0569350719452,PLC -> IO,2.538
1776266377.162754,251.1184539794922,PLC -> IO,33.6908
1776266377.2279785,251.18367838859558,PLC -> IO,5.02888
1776266377.2905471,251.24624705314636,PLC -> IO,10.0948
1776266377.356679,251.31237888336182,PLC -> IO,1.57096
1776266377.4164095,251.37210941314697,PLC -> IO,0.34600000000000003
1776266377.4815977,251.43729758262634,PLC -> IO,7.398960000000001
1776266377.544016,251.4997158050537,PLC -> IO,1.066
1776266377.6092358,251.5649356842041,PLC -> IO,0.13504000000000002
1776266377.6728969,251.62859678268433,PLC -> IO,2.84944
1776266377.7370403,251.69274020195007,PLC -> IO,3.38368
1776266377.804097,251.75979685783386,PLC -> IO,4.06488
1776266377.8639145,251.8196144104004,PLC -> IO,25.29
1776266377.9323778,251.88807773590088,PLC -> IO,4.51536
1776266377.9929724,251.9486722946167,PLC -> IO,6.0049600000000005
1776266378.0616152,252.01731514930725,PLC -> IO,1.03816
1776266378.1252422,252.08094215393066,PLC -> IO,1.58664
1776266378.1923935,252.14809346199036,PLC -> IO,9.54024
1776266378.2527287,252.20842862129211,PLC -> IO,10.25808
1776266378.3165448,252.27224469184875,PLC -> IO,0.17856
1776266378.3777556,252.33345556259155,PLC -> IO,2.9696000000000002
1776266378.4414148,252.39711475372314,PLC -> IO,14.07608
1776266378.5094287,252.46512866020203,PLC -> IO,2.62152
1776266378.568648,252.5243480205536,PLC -> IO,2.48056
1776266378.6413043,252.59700417518616,PLC -> IO,2.52872
1776266378.7008321,252.65653204917908,PLC -> IO,0.57784
1776266378.764058,252.71975803375244,PLC -> IO,4.4911200000000004
1776266378.8237286,252.77942848205566,PLC -> IO,4.4419200000000005
1776266378.89306,252.84875988960266,PLC -> IO,0.24256
1776266378.9528992,252.9085991382599,PLC -> IO,0.06536
1776266379.0186074,252.97430729866028,PLC -> IO,2.50352
1776266379.083156,253.0388560295105,PLC -> IO,2.99656
1776266379.1484308,253.10413074493408,PLC -> IO,12.90296
1776266379.215532,253.17123198509216,PLC -> IO,4.77144
1776266379.2761214,253.23182129859924,PLC -> IO,1.952
1776266379.341676,253.2973759174347,PLC -> IO,3.45968
1776266379.400354,253.35605382919312,PLC -> IO,0.04736
1776266379.4674377,253.42313766479492,PLC -> IO,16.088720000000002
1776266379.53458,253.4902799129486,PLC -> IO,0.91848
1776266379.595107,253.55080699920654,PLC -> IO,0.722
1776266379.6608293,253.6165292263031,PLC -> IO,1.01472
1776266379.7244527,253.68015265464783,PLC -> IO,27.042
1776266379.7875497,253.7432496547699,PLC -> IO,0.44712
1776266379.8486714,253.8043713569641,PLC -> IO,9.09008
1776266379.9183722,253.87407207489014,PLC -> IO,1.48592
1776266379.9774368,253.93313670158386,PLC -> IO,2.54368
1776266380.0460272,254.001727104187,PLC -> IO,0.7599199999999999
1776266380.1052556,254.06095552444458,PLC -> IO,2.90232
1776266380.1734006,254.12910056114197,PLC -> IO,1.0051999999999999
1776266380.2353816,254.19108152389526,PLC -> IO,8.56592
1776266380.3052983,254.26099824905396,PLC -> IO,0.37784
1776266380.3633091,254.31900906562805,PLC -> IO,3.4476
1776266380.4254723,254.38117218017578,PLC -> IO,32.3728
1776266380.5110345,254.46673440933228,PLC -> IO,2.92152
1776266380.5530832,254.50878310203552,PLC -> IO,0.14064000000000002
1776266380.6242566,254.57995653152466,PLC -> IO,15.4792
1776266380.681831,254.63753080368042,PLC -> IO,2.5358400000000003
1776266380.74666,254.70235991477966,PLC -> IO,4.1589599999999995
1776266380.8140268,254.76972675323486,PLC -> IO,2.13752
1776266380.8782325,254.83393239974976,PLC -> IO,2.02032
1776266380.938913,254.89461302757263,PLC -> IO,1.60928
1776266381.0040786,254.959778547287,PLC -> IO,13.41648
1776266381.065164,255.02086400985718,PLC -> IO,5.40744
1776266381.1292863,255.08498620986938,PLC -> IO,0.86088
1776266381.196706,255.15240597724915,PLC -> IO,0.30232000000000003
1776266381.2595658,255.215265750885,PLC -> IO,0.8936000000000001
1776266381.3217404,255.27744030952454,PLC -> IO,2.52088
1776266381.3841639,255.33986377716064,PLC -> IO,2.6513600000000004
1776266381.455319,255.4110188484192,PLC -> IO,0.14328
1776266381.5140157,255.46971559524536,PLC -> IO,11.03472
1776266381.5816312,255.53733110427856,PLC -> IO,0.08872000000000001
1776266381.644287,255.5999870300293,PLC -> IO,0.48943999999999993
1776266381.7054327,255.66113257408142,PLC -> IO,16.41488
1776266381.7689865,255.72468638420105,PLC -> IO,7.91152
1776266381.833215,255.78891491889954,PLC -> IO,0.97792
1776266381.9007225,255.8564224243164,PLC -> IO,0.57968
1776266381.9678247,255.9235246181488,PLC -> IO,0.07016
1776266382.0304632,255.98616313934326,PLC -> IO,9.81544
1776266382.0942125,256.04991245269775,PLC -> IO,0.86304
1776266382.1582322,256.11393213272095,PLC -> IO,0.12048
1776266382.2168987,256.1725986003876,PLC -> IO,3.472
1776266382.2821307,256.2378306388855,PLC -> IO,22.92168
1776266382.3466043,256.3023042678833,PLC -> IO,5.08144
1776266382.4107652,256.3664650917053,PLC -> IO,3.4868
1776266382.4729085,256.428608417511,PLC -> IO,6.89624
1776266382.5395887,256.4952886104584,PLC -> IO,1.4683199999999998
1776266382.6029058,256.55860567092896,PLC -> IO,1.5348
1776266382.663956,256.61965584754944,PLC -> IO,14.8376
1776266382.7359617,256.6916615962982,PLC -> IO,2.50976
1776266382.7935357,256.7492356300354,PLC -> IO,0.8236
1776266382.8615913,256.8172912597656,PLC -> IO,1.12688
1776266382.9218826,256.8775825500488,PLC -> IO,2.39176
1776266382.9929593,256.94865918159485,PLC -> IO,19.939519999999998
1776266383.0515325,257.00723242759705,PLC -> IO,4.0014400000000006
1776266383.118674,257.074373960495,PLC -> IO,2.98152
1776266383.17778,257.1334798336029,PLC -> IO,2.57712
1776266383.2444353,257.20013523101807,PLC -> IO,0.9305599999999999
1776266383.3039854,257.25968527793884,PLC -> IO,1.1321599999999998
1776266383.3691945,257.3248944282532,PLC -> IO,5.02272
1776266383.4363682,257.3920681476593,PLC -> IO,11.50232
1776266383.4985259,257.4542257785797,PLC -> IO,1.6427200000000002
1776266383.565602,257.521301984787,PLC -> IO,11.639520000000001
1776266383.6242783,257.57997822761536,PLC -> IO,6.44752
1776266383.69383,257.64952993392944,PLC -> IO,0.45431999999999995
1776266383.753008,257.70870780944824,PLC -> IO,5.9388000000000005
1776266383.8236854,257.77938532829285,PLC -> IO,2.4535199999999997
1776266383.8843195,257.8400194644928,PLC -> IO,0.89024
1776266383.9464467,257.9021465778351,PLC -> IO,0.36304000000000003
1776266384.0090168,257.96471667289734,PLC -> IO,0.8749600000000001
1776266384.0755968,258.0312967300415,PLC -> IO,1.07832
1776266384.1406615,258.0963613986969,PLC -> IO,16.625359999999997
1776266384.201456,258.1571559906006,PLC -> IO,10.14152
1776266384.2739866,258.22968649864197,PLC -> IO,4.937600000000001
1776266384.3290193,258.2847192287445,PLC -> IO,2.06368
1776266384.397886,258.35358595848083,PLC -> IO,2.21712
1776266384.461419,258.4171190261841,PLC -> IO,4.88056
1776266384.5239933,258.4796931743622,PLC -> IO,4.46008
1776266384.5837727,258.53947257995605,PLC -> IO,0.91664
1776266384.648721,258.60442090034485,PLC -> IO,5.990552
1776266384.7139115,258.66961145401,PLC -> IO,4.40184
1776266384.7789392,258.73463916778564,PLC -> IO,1.1272
1776266384.8594873,258.81518721580505,PLC -> IO,15.70224
1776266384.9107192,258.86641907691956,PLC -> IO,0.14192
1776266384.974302,258.93000197410583,PLC -> IO,0.14967999999999998
1776266385.0335832,258.9892830848694,PLC -> IO,3.0139199999999997
1776266385.1006062,259.0563061237335,PLC -> IO,1.11168
1776266385.1603014,259.11600136756897,PLC -> IO,1.9072
1776266385.2268546,259.1825544834137,PLC -> IO,0.55256
1776266385.289016,259.2447159290314,PLC -> IO,5.52168
1776266385.356121,259.3118209838867,PLC -> IO,2.9761599999999997
1776266385.4215887,259.3772885799408,PLC -> IO,3.73808
1776266385.4825368,259.4382367134094,PLC -> IO,0.88336
1776266385.5550888,259.5107886791229,PLC -> IO,17.43832
1776266385.6111279,259.56682777404785,PLC -> IO,2.95688
1776266385.675884,259.6315839290619,PLC -> IO,0.88328
1776266385.7363262,259.69202613830566,PLC -> IO,2.5858399999999997
1776266385.8050134,259.76071333885193,PLC -> IO,1.9918399999999998
1776266385.8665218,259.82222175598145,PLC -> IO,0.19048
1776266385.9318557,259.88755559921265,PLC -> IO,3.38504
1776266385.9984455,259.95414543151855,PLC -> IO,3.496
1776266386.0599678,260.01566767692566,PLC -> IO,0.64344
1776266386.1206958,260.0763957500458,PLC -> IO,13.06816
1776266386.183717,260.1394169330597,PLC -> IO,7.10288
1776266386.2565002,260.2122001647949,PLC -> IO,7.4688799999999995
1776266386.313055,260.26875495910645,PLC -> IO,3.7248
1776266386.3816395,260.3373394012451,PLC -> IO,0.11144
1776266386.4439645,260.39966440200806,PLC -> IO,0.38544
1776266386.5089128,260.46461272239685,PLC -> IO,1.5328
1776266386.5714824,260.52718234062195,PLC -> IO,2.57968
1776266386.634774,260.59047389030457,PLC -> IO,5.0084
1776266386.6963625,260.65206241607666,PLC -> IO,2.3826400000000003
1776266386.7630963,260.71879625320435,PLC -> IO,1.9441599999999999
1776266386.829086,260.78478598594666,PLC -> IO,7.43336
1776266386.8916962,260.8473961353302,PLC -> IO,6.46696
1776266386.955412,260.91111183166504,PLC -> IO,2.5684
1776266387.0209773,260.97667717933655,PLC -> IO,1.04952
1776266387.0816092,261.0373091697693,PLC -> IO,6.4944
1776266387.1451354,261.10083532333374,PLC -> IO,10.09536
1776266387.212766,261.1684658527374,PLC -> IO,4.09104
1776266387.272879,261.22857880592346,PLC -> IO,10.6296
1776266387.340393,261.29609298706055,PLC -> IO,2.71056
1776266387.4096973,261.3653972148895,PLC -> IO,13.11616
1776266387.4644604,261.4201602935791,PLC -> IO,4.318
1776266387.5289316,261.4846315383911,PLC -> IO,6.45848
1776266387.5936644,261.5493643283844,PLC -> IO,3.86784
1776266387.6632915,261.6189913749695,PLC -> IO,0.44312
1776266387.725365,261.68106484413147,PLC -> IO,4.01384
1776266387.789509,261.74520897865295,PLC -> IO,0.9645600000000001
1776266387.8500376,261.80573749542236,PLC -> IO,1.6502400000000002
1776266387.9158738,261.87157368659973,PLC -> IO,2.88864
1776266387.9768682,261.9325680732727,PLC -> IO,2.4810399999999997
1776266388.0421026,261.9978024959564,PLC -> IO,2.51936
1776266388.1066725,262.0623724460602,PLC -> IO,22.49344
1776266388.1693633,262.12506318092346,PLC -> IO,0.31776
1776266388.2328777,262.18857765197754,PLC -> IO,3.5970400000000002
1776266388.2971199,262.25281977653503,PLC -> IO,4.33352
1776266388.3675654,262.3232653141022,PLC -> IO,0.04304
1776266388.4238257,262.3795256614685,PLC -> IO,0.5204
1776266388.4978268,262.4535267353058,PLC -> IO,2.09464
1776266388.5530515,262.5087513923645,PLC -> IO,6.430400000000001
1776266388.622124,262.5778238773346,PLC -> IO,3.27248
1776266388.6863258,262.6420257091522,PLC -> IO,10.93112
1776266388.7470143,262.7027142047882,PLC -> IO,3.3132
1776266388.8115628,262.76726269721985,PLC -> IO,0.898
1776266388.8751173,262.8308172225952,PLC -> IO,5.59376
1776266388.9363158,262.8920156955719,PLC -> IO,4.4368799999999995
1776266389.0013566,262.9570565223694,PLC -> IO,1.6088
1776266389.0693383,263.0250382423401,PLC -> IO,16.23416
1776266389.128162,263.08386182785034,PLC -> IO,4.81832
1776266389.2017627,263.1574625968933,PLC -> IO,7.58192
1776266389.2581115,263.2138113975525,PLC -> IO,5.32856
1776266389.322916,263.2786159515381,PLC -> IO,13.8552
1776266389.3851774,263.3408772945404,PLC -> IO,14.03168
1776266389.4558988,263.41159868240356,PLC -> IO,0.85504
1776266389.5129268,263.4686267375946,PLC -> IO,0.03296
1776266389.5796292,263.53532910346985,PLC -> IO,1.0079200000000001
1776266389.6405935,263.59629344940186,PLC -> IO,4.55488
1776266389.703832,263.65953183174133,PLC -> IO,15.580079999999999
1776266389.7730289,263.7287287712097,PLC -> IO,3.9112799999999996
1776266389.8331368,263.7888367176056,PLC -> IO,3.41168
1776266389.9042377,263.8599376678467,PLC -> IO,1.8884800000000002
1776266389.9618442,263.9175441265106,PLC -> IO,22.97688
1776266390.0294528,263.98515272140503,PLC -> IO,1.03848
1776266390.0905676,264.04626750946045,PLC -> IO,1.13168
1776266390.158257,264.1139569282532,PLC -> IO,2.40608
1776266390.2193415,264.17504143714905,PLC -> IO,4.44328
1776266390.2841065,264.2398064136505,PLC -> IO,2.82264
1776266390.3442094,264.2999093532562,PLC -> IO,3.81488
1776266390.4086685,264.3643684387207,PLC -> IO,2.06288
1776266390.4769466,264.43264651298523,PLC -> IO,2.39216
1776266390.5398936,264.49559354782104,PLC -> IO,3.5934399999999997
1776266390.6041174,264.55981731414795,PLC -> IO,0.96896
1776266390.6681938,264.62389373779297,PLC -> IO,23.5268
1776266390.733813,264.68951296806335,PLC -> IO,0.5972
1776266390.7955267,264.7512266635895,PLC -> IO,1.17968
1776266390.8590524,264.8147523403168,PLC -> IO,1.18072
1776266390.9212666,264.87696647644043,PLC -> IO,2.0168
1776266390.9854605,264.94116044044495,PLC -> IO,2.31808
1776266391.0514095,265.00710940361023,PLC -> IO,4.894
1776266391.1151452,265.0708451271057,PLC -> IO,0.99208
1776266391.179269,265.134968996048,PLC -> IO,2.57112
1776266391.240946,265.1966459751129,PLC -> IO,11.71672
1776266391.3120236,265.26772356033325,PLC -> IO,3.01424
1776266391.3685749,265.3242747783661,PLC -> IO,12.943760000000001
1776266391.4382892,265.3939890861511,PLC -> IO,2.47368
1776266391.4974244,265.45312428474426,PLC -> IO,2.49504
1776266391.5684683,265.52416825294495,PLC -> IO,1.04512
1776266391.6241503,265.5798501968384,PLC -> IO,6.44864
1776266391.6892867,265.6449866294861,PLC -> IO,5.9992
1776266391.7554379,265.71113777160645,PLC -> IO,6.45448
1776266391.8177578,265.7734577655792,PLC -> IO,1.8032000000000001
1776266391.88228,265.83798003196716,PLC -> IO,19.39824
1776266391.9507473,265.9064471721649,PLC -> IO,9.52104
1776266392.0144527,265.97015261650085,PLC -> IO,0.9124
1776266392.0730245,266.0287244319916,PLC -> IO,4.99064
1776266392.144109,266.0998089313507,PLC -> IO,3.4923200000000003
1776266392.202697,266.1583969593048,PLC -> IO,1.58536
1776266392.2718356,266.2275354862213,PLC -> IO,6.677759999999999
1776266392.327479,266.28317880630493,PLC -> IO,0.63336
1776266392.3961344,266.3518342971802,PLC -> IO,4.000959999999999
1776266392.456314,266.41201400756836,PLC -> IO,0.47448
1776266392.5209942,266.47669410705566,PLC -> IO,42.98104
1776266392.5875785,266.54327845573425,PLC -> IO,4.62408
1776266392.6507268,266.60642671585083,PLC -> IO,1.864312
1776266392.7152503,266.67095017433167,PLC -> IO,1.556
1776266392.776926,266.7326259613037,PLC -> IO,2.55024
1776266392.8431582,266.79885816574097,PLC -> IO,7.89304
1776266392.9041953,266.8598952293396,PLC -> IO,0.90792
1776266392.970414,266.92611384391785,PLC -> IO,4.85272
1776266393.032929,266.98862886428833,PLC -> IO,0.03008
1776266393.0981584,267.0538582801819,PLC -> IO,4.81776
1776266393.164155,267.119854927063,PLC -> IO,2.74056
1776266393.225457,267.181156873703,PLC -> IO,23.9072
1776266393.2938776,267.24957752227783,PLC -> IO,1.04368
1776266393.3539972,267.3096971511841,PLC -> IO,1.0972
1776266393.4226766,267.37837648391724,PLC -> IO,0.5032800000000001
1776266393.4808207,267.43652057647705,PLC -> IO,1.4574399999999998
1776266393.5493934,267.50509333610535,PLC -> IO,27.63088
1776266393.6100245,267.56572437286377,PLC -> IO,5.02696
1776266393.6783056,267.6340055465698,PLC -> IO,9.27136
1776266393.7402945,267.69599437713623,PLC -> IO,2.5373599999999996
1776266393.80107,267.7567698955536,PLC -> IO,12.00984
1776266393.867703,267.8234028816223,PLC -> IO,4.3814400000000004
1776266393.9283159,267.8840157985687,PLC -> IO,0.41775999999999996
1776266393.9952645,267.9509644508362,PLC -> IO,2.6552
1776266394.0580554,268.0137553215027,PLC -> IO,8.400960000000001
1776266394.123132,268.07883191108704,PLC -> IO,5.00592
1776266394.183862,268.1395618915558,PLC -> IO,12.84976
1776266394.2522683,268.20796823501587,PLC -> IO,3.59696
1776266394.312921,268.268620967865,PLC -> IO,2.5884
1776266394.3831162,268.3388161659241,PLC -> IO,0.47184
1776266394.445112,268.4008119106293,PLC -> IO,3.7056799999999996
1776266394.5088925,268.4645924568176,PLC -> IO,20.50904
1776266394.5714529,268.52715277671814,PLC -> IO,5.5376
1776266394.6352837,268.5909836292267,PLC -> IO,0.39168
1776266394.6992877,268.65498757362366,PLC -> IO,0.92528
1776266394.761397,268.7170968055725,PLC -> IO,0.00728
1776266394.827445,268.7831449508667,PLC -> IO,3.1092
1776266394.8881288,268.8438286781311,PLC -> IO,0.9408799999999999
1776266394.9642472,268.9199471473694,PLC -> IO,2.49336
1776266395.0169802,268.9726800918579,PLC -> IO,3.8487999999999998
1776266395.0967202,269.05242013931274,PLC -> IO,8.940959999999999
1776266395.1437702,269.0994701385498,PLC -> IO,2.8719200000000003
1776266395.2087097,269.1644096374512,PLC -> IO,3.08168
1776266395.2729115,269.2286114692688,PLC -> IO,6.078720000000001
1776266395.3370488,269.2927486896515,PLC -> IO,0.05496
1776266395.4049988,269.3606986999512,PLC -> IO,1.61912
1776266395.4677417,269.4234416484833,PLC -> IO,1.51288
1776266395.5344536,269.4901535511017,PLC -> IO,0.93488
1776266395.598996,269.55469584465027,PLC -> IO,1.9918399999999998
1776266395.6601956,269.61589550971985,PLC -> IO,4.01288
1776266395.7198713,269.6755712032318,PLC -> IO,10.41456
1776266395.7868497,269.74254965782166,PLC -> IO,25.54
1776266395.8525057,269.8082056045532,PLC -> IO,4.0176
1776266395.9136035,269.8693034648895,PLC -> IO,2.17248
1776266395.976804,269.9325039386749,PLC -> IO,6.16912
1776266396.042481,269.99818086624146,PLC -> IO,11.00864
1776266396.1057053,270.06140518188477,PLC -> IO,4.8812
1776266396.168625,270.12432503700256,PLC -> IO,3.64648
1776266396.241246,270.1969459056854,PLC -> IO,0.016560000000000002
1776266396.2963562,270.2520561218262,PLC -> IO,0.09296
1776266396.367498,270.3231978416443,PLC -> IO,20.09312
1776266396.4242783,270.37997817993164,PLC -> IO,3.8825600000000002
1776266396.5002723,270.45597219467163,PLC -> IO,5.62992
1776266396.5543978,270.5100977420807,PLC -> IO,0.9911200000000001
1776266396.618075,270.5737748146057,PLC -> IO,0.08896
1776266396.6816137,270.63731360435486,PLC -> IO,4.0808800000000005
1776266396.7472687,270.7029685974121,PLC -> IO,3.08336
1776266396.8104775,270.7661774158478,PLC -> IO,8.9472
1776266396.8741145,270.8298144340515,PLC -> IO,1.4282400000000002
1776266396.941761,270.8974609375,PLC -> IO,3.9177600000000004
1776266397.0053277,270.9610276222229,PLC -> IO,5.27184
1776266397.067405,271.02310490608215,PLC -> IO,15.61496
1776266397.1285267,271.08422660827637,PLC -> IO,2.0030400000000004
1776266397.1957464,271.15144634246826,PLC -> IO,3.86256
1776266397.257267,271.2129669189453,PLC -> IO,0.02544
1776266397.321967,271.2776668071747,PLC -> IO,1.04688
1776266397.3841877,271.33988761901855,PLC -> IO,1.4128
1776266397.4511619,271.406861782074,PLC -> IO,0.59584
1776266397.5152888,271.47098875045776,PLC -> IO,5.04776
1776266397.575396,271.5310959815979,PLC -> IO,1.67416
1776266397.6422493,271.5979492664337,PLC -> IO,22.843912
1776266397.7036583,271.65935826301575,PLC -> IO,5.0972800000000005
1776266397.7744071,271.7301070690155,PLC -> IO,3.48696
1776266397.8345728,271.7902727127075,PLC -> IO,3.40192
1776266397.901628,271.85732793807983,PLC -> IO,3.48608
1776266397.9626076,271.9183075428009,PLC -> IO,3.1121600000000003
1776266398.0244884,271.980188369751,PLC -> IO,4.31656
1776266398.0884352,272.04413509368896,PLC -> IO,6.98064
1776266398.1546624,272.11036229133606,PLC -> IO,0.9908
1776266398.2223368,272.1780366897583,PLC -> IO,0.26192
1776266398.2853432,272.2410430908203,PLC -> IO,7.57152
1776266398.3556,272.3113000392914,PLC -> IO,23.40304
1776266398.4106743,272.3663742542267,PLC -> IO,10.60032
1776266398.4749794,272.43067932128906,PLC -> IO,0.34776
1776266398.536893,272.4925928115845,PLC -> IO,0.00608
1776266398.6020982,272.55779814720154,PLC -> IO,1.87632
1776266398.663567,272.6192669868469,PLC -> IO,3.12024
1776266398.7293599,272.6850597858429,PLC -> IO,0.99912
1776266398.7954104,272.7511103153229,PLC -> IO,0.00039999999999999996
1776266398.8566256,272.8123254776001,PLC -> IO,6.9579200000000005
1776266398.923189,272.8788888454437,PLC -> IO,11.97976
1776266398.9838865,272.9395864009857,PLC -> IO,2.31528
1776266399.0529203,273.008620262146,PLC -> IO,0.94864
1776266399.115053,273.0707528591156,PLC -> IO,3.4780800000000003
1776266399.1795878,273.13528776168823,PLC -> IO,1.5528
1776266399.2402785,273.19597840309143,PLC -> IO,5.95864
1776266399.3075202,273.2632200717926,PLC -> IO,2.93416
1776266399.3690553,273.324755191803,PLC -> IO,0.91408
1776266399.436718,273.39241790771484,PLC -> IO,0.99256
1776266399.4962273,273.4519271850586,PLC -> IO,0.5796
1776266399.560516,273.5162160396576,PLC -> IO,1.4919200000000001
1776266399.6330435,273.58874344825745,PLC -> IO,9.49152
1776266399.6882608,273.6439607143402,PLC -> IO,6.5324800000000005
1776266399.7577643,273.7134642601013,PLC -> IO,2.52376
1776266399.8179893,273.77368927001953,PLC -> IO,2.48168
1776266399.8846378,273.8403377532959,PLC -> IO,1.6652
1776266399.9457598,273.9014596939087,PLC -> IO,2.4743999999999997
1776266400.0133524,273.9690523147583,PLC -> IO,1.9445599999999998
1776266400.0763931,274.0320930480957,PLC -> IO,1.04912
1776266400.140058,274.0957579612732,PLC -> IO,6.48144
1776266400.203748,274.1594479084015,PLC -> IO,22.464560000000002
1776266400.2648458,274.2205457687378,PLC -> IO,2.99656
1776266400.3320704,274.28777027130127,PLC -> IO,0.31720000000000004
1776266400.392545,274.3482449054718,PLC -> IO,0.6313599999999999
1776266400.4601996,274.415899515152,PLC -> IO,7.48064
1776266400.5203469,274.4760468006134,PLC -> IO,2.46072
1776266400.5900002,274.5457000732422,PLC -> IO,13.49096
1776266400.651597,274.60729694366455,PLC -> IO,2.24312
1776266400.7143075,274.6700074672699,PLC -> IO,4.89424
1776266400.7769341,274.7326340675354,PLC -> IO,4.89248
1776266400.8419771,274.7976770401001,PLC -> IO,14.99936
1776266400.9051383,274.86083817481995,PLC -> IO,27.47432
1776266400.9686372,274.9243371486664,PLC -> IO,0.52744
1776266401.0384185,274.99411845207214,PLC -> IO,1.43456
1776266401.0979927,275.0536925792694,PLC -> IO,2.4589600000000003
1776266401.1655746,275.12127447128296,PLC -> IO,0.5089600000000001
1776266401.2312536,275.1869535446167,PLC -> IO,9.16448
1776266401.2953877,275.25108766555786,PLC -> IO,0.01904
1776266401.3530004,275.30870032310486,PLC -> IO,1.9265599999999998
1776266401.4207425,275.37644243240356,PLC -> IO,0.89896
1776266401.4817274,275.4374272823334,PLC -> IO,14.56
1776266401.546963,275.50266289711,PLC -> IO,4.34744
1776266401.6090128,275.56471276283264,PLC -> IO,1.52272
1776266401.6730528,275.62875270843506,PLC -> IO,1.60464
1776266401.74179,275.69748997688293,PLC -> IO,0.85288
1776266401.8009734,275.75667333602905,PLC -> IO,4.41712
1776266401.8651447,275.82084465026855,PLC -> IO,17.790319999999998
1776266401.9341304,275.88983035087585,PLC -> IO,2.0198400000000003
1776266401.9947746,275.9504745006561,PLC -> IO,11.556000000000001
1776266402.0564008,276.0121006965637,PLC -> IO,4.081440000000001
1776266402.124055,276.07975482940674,PLC -> IO,13.99608
1776266402.1842334,276.139933347702,PLC -> IO,17.45664
1776266402.2502863,276.2059862613678,PLC -> IO,3.4612800000000004
1776266402.3178806,276.27358055114746,PLC -> IO,3.6046400000000003
1776266402.378993,276.3346929550171,PLC -> IO,4.08984
1776266402.446707,276.40240693092346,PLC -> IO,1.444
1776266402.5137506,276.4694504737854,PLC -> IO,4.54784
1776266402.5749972,276.53069710731506,PLC -> IO,3.4233599999999997
1776266402.6341255,276.5898253917694,PLC -> IO,1.08272
1776266402.6991787,276.654878616333,PLC -> IO,2.52672
1776266402.766779,276.72247886657715,PLC -> IO,15.980879999999999
1776266402.829863,276.78556299209595,PLC -> IO,3.96248
1776266402.889641,276.84534096717834,PLC -> IO,3.39656
1776266402.9541833,276.90988326072693,PLC -> IO,0.09552
1776266403.0162256,276.97192549705505,PLC -> IO,3.6256
1776266403.0805187,277.0362186431885,PLC -> IO,0.94664
1776266403.147691,277.10339093208313,PLC -> IO,20.4064
1776266403.214213,277.169912815094,PLC -> IO,1.93096
1776266403.2777643,277.23346424102783,PLC -> IO,0.58208
1776266403.335526,277.29122591018677,PLC -> IO,2.4424
1776266403.402197,277.35789680480957,PLC -> IO,16.87568
1776266403.4686794,277.4243793487549,PLC -> IO,20.0228
1776266403.5330126,277.4887125492096,PLC -> IO,6.2924
1776266403.5929632,277.54866313934326,PLC -> IO,7.4698400000000005
1776266403.6640637,277.6197636127472,PLC -> IO,15.547039999999999
1776266403.7241857,277.67988562583923,PLC -> IO,1.49352
1776266403.7844405,277.74014043807983,PLC -> IO,1.0992
1776266403.854435,277.8101348876953,PLC -> IO,1.0902399999999999
1776266403.9125257,277.8682255744934,PLC -> IO,0.99536
1776266403.9857683,277.94146823883057,PLC -> IO,3.4389600000000002
1776266404.0443175,278.0000174045563,PLC -> IO,13.50288
1776266404.1090074,278.0647072792053,PLC -> IO,0.4968
1776266404.171553,278.12725281715393,PLC -> IO,1.5348
1776266404.2343085,278.1900084018707,PLC -> IO,2.434
1776266404.2993798,278.25507974624634,PLC -> IO,0.9472
1776266404.3659065,278.3216063976288,PLC -> IO,3.0852000000000004
1776266404.4240334,278.3797333240509,PLC -> IO,7.36392
1776266404.4933271,278.4490270614624,PLC -> IO,9.93024
1776266404.5531049,278.5088047981262,PLC -> IO,2.3043199999999997
1776266404.618011,278.5737109184265,PLC -> IO,2.49592
1776266404.6841686,278.6398684978485,PLC -> IO,3.3936
1776266404.7471738,278.7028737068176,PLC -> IO,14.548
1776266404.8138204,278.76952028274536,PLC -> IO,0.5072
1776266404.8725014,278.8282012939453,PLC -> IO,2.03352
1776266404.9396565,278.89535641670227,PLC -> IO,1.53656
1776266405.002705,278.9584050178528,PLC -> IO,0.98744
1776266405.0663009,279.02200078964233,PLC -> IO,1.6819199999999999
1776266405.1290097,279.0847096443176,PLC -> IO,4.97992
1776266405.1956615,279.1513614654541,PLC -> IO,0.93384
1776266405.2618017,279.2175016403198,PLC -> IO,1.0595999999999999
1776266405.3190763,279.27477622032166,PLC -> IO,25.44112
1776266405.3905582,279.34625816345215,PLC -> IO,0.44336000000000003
1776266405.4491065,279.40480637550354,PLC -> IO,11.53192
1776266405.5188487,279.47454857826233,PLC -> IO,0.40584
1776266405.5781047,279.5338046550751,PLC -> IO,9.29512
1776266405.6431303,279.5988302230835,PLC -> IO,0.93016
1776266405.70358,279.6592798233032,PLC -> IO,0.5869599999999999
1776266405.7732062,279.72890615463257,PLC -> IO,0.52144
1776266405.8339255,279.78962540626526,PLC -> IO,4.470400000000001
1776266405.8996322,279.8553321361542,PLC -> IO,2.9175199999999997
1776266405.9666452,279.922345161438,PLC -> IO,2.5686400000000003
1776266406.025292,279.98099184036255,PLC -> IO,26.01312
1776266406.0944462,280.0501461029053,PLC -> IO,3.4438400000000002
1776266406.1546357,280.1103355884552,PLC -> IO,3.38232
1776266406.2180915,280.1737914085388,PLC -> IO,2.05784
1776266406.280292,280.23599195480347,PLC -> IO,1.08448
1776266406.3468466,280.30254650115967,PLC -> IO,0.60848
1776266406.4090898,280.36478972435,PLC -> IO,4.9372799999999994
1776266406.4747682,280.430468082428,PLC -> IO,3.4101600000000003
1776266406.5408528,280.49655270576477,PLC -> IO,0.92576
1776266406.6029763,280.55867624282837,PLC -> IO,9.98368
1776266406.6655877,280.6212875843048,PLC -> IO,5.043200000000001
1776266406.7271104,280.6828103065491,PLC -> IO,12.078240000000001
1776266406.799805,280.7555048465729,PLC -> IO,0.40592
1776266406.857463,280.8131628036499,PLC -> IO,5.96808
1776266406.9250472,280.88074707984924,PLC -> IO,7.521520000000001
1776266406.9886277,280.94432759284973,PLC -> IO,0.60752
1776266407.052271,281.0079708099365,PLC -> IO,3.06872
1776266407.1129732,281.0686731338501,PLC -> IO,4.006
1776266407.1805336,281.1362335681915,PLC -> IO,1.02392
1776266407.2402616,281.1959614753723,PLC -> IO,1.46576
1776266407.3044057,281.2601056098938,PLC -> IO,13.4748
1776266407.371025,281.3267250061035,PLC -> IO,12.9344
1776266407.4331188,281.3888187408447,PLC -> IO,0.9918399999999999
1776266407.5117302,281.4674301147461,PLC -> IO,6.052639999999999
1776266407.5643892,281.5200891494751,PLC -> IO,0.95328
1776266407.6253893,281.58108925819397,PLC -> IO,17.61608
1776266407.6885312,281.6442310810089,PLC -> IO,1.16552
1776266407.7558239,281.711523771286,PLC -> IO,2.9705600000000003
1776266407.8198285,281.7755284309387,PLC -> IO,1.06624
1776266407.8824337,281.8381335735321,PLC -> IO,33.566720000000004
1776266407.9441843,281.899884223938,PLC -> IO,4.9200800000000005
1776266408.0087326,281.96443247795105,PLC -> IO,6.50648
1776266408.0783095,282.0340094566345,PLC -> IO,3.57928
1776266408.1439905,282.0996904373169,PLC -> IO,0.95568
1776266408.202277,282.15797686576843,PLC -> IO,8.388720000000001
1776266408.2636857,282.2193856239319,PLC -> IO,2.55416
1776266408.3328984,282.2885982990265,PLC -> IO,3.42264
1776266408.3950005,282.35070037841797,PLC -> IO,1.5524
1776266408.461662,282.4173619747162,PLC -> IO,8.992719999999998
1776266408.5217748,282.47747468948364,PLC -> IO,0.0224
1776266408.584448,282.54014801979065,PLC -> IO,26.954639999999998
1776266408.6539872,282.60968708992004,PLC -> IO,7.12712
1776266408.71366,282.66935992240906,PLC -> IO,0.63648
1776266408.779908,282.73560786247253,PLC -> IO,1.31688
1776266408.8413525,282.79705238342285,PLC -> IO,0.035679999999999996
1776266408.9100628,282.8657627105713,PLC -> IO,27.99944
1776266408.970674,282.92637395858765,PLC -> IO,0.46527999999999997
1776266409.035354,282.9910538196564,PLC -> IO,11.43696
1776266409.0963142,283.05201411247253,PLC -> IO,0.10008
1776266409.1690178,283.12471771240234,PLC -> IO,5.0472
1776266409.2261086,283.1818084716797,PLC -> IO,4.50336
1776266409.2927854,283.24848532676697,PLC -> IO,1.48576
1776266409.3529327,283.3086326122284,PLC -> IO,7.10672
1776266409.416618,283.3723180294037,PLC -> IO,5.25216
1776266409.4841378,283.4398376941681,PLC -> IO,0.08512
1776266409.5438137,283.49951362609863,PLC -> IO,3.01944
1776266409.6129205,283.5686204433441,PLC -> IO,4.69192
1776266409.6734698,283.6291697025299,PLC -> IO,5.56904
1776266409.7411358,283.6968357563019,PLC -> IO,8.033999999999999
1776266409.8037515,283.75945138931274,PLC -> IO,0.52872
1776266409.8680067,283.8237066268921,PLC -> IO,12.51672
1776266409.9290504,283.88475036621094,PLC -> IO,0.95312
1776266409.9966977,283.95239758491516,PLC -> IO,4.580080000000001
1776266410.0566552,284.0123550891876,PLC -> IO,0.1792
1776266410.12052,284.076220035553,PLC -> IO,1.05464
1776266410.1881592,284.1438591480255,PLC -> IO,4.0092
1776266410.2490354,284.20473527908325,PLC -> IO,2.6020000000000003
1776266410.3201718,284.2758717536926,PLC -> IO,7.640639999999999
1776266410.379003,284.3347029685974,PLC -> IO,0.9464
1776266410.4431856,284.39888548851013,PLC -> IO,25.39752
1776266410.5043037,284.46000361442566,PLC -> IO,16.85
1776266410.5738587,284.52955865859985,PLC -> IO,3.03064
1776266410.6351714,284.5908713340759,PLC -> IO,1.24392
1776266410.6981986,284.6538984775543,PLC -> IO,1.5035999999999998
1776266410.7602215,284.71592140197754,PLC -> IO,4.4136
1776266410.8268287,284.7825286388397,PLC -> IO,0.54712
1776266410.895125,284.85082483291626,PLC -> IO,1.018
1776266410.956624,284.9123239517212,PLC -> IO,4.47496
1776266411.0182118,284.97391176223755,PLC -> IO,2.00656
1776266411.0813527,285.0370526313782,PLC -> IO,0.22152
1776266411.1617486,285.1174485683441,PLC -> IO,15.76632
1776266411.2101371,285.16583704948425,PLC -> IO,9.51192
1776266411.2753072,285.2310070991516,PLC -> IO,0.53272
1776266411.3369215,285.29262137413025,PLC -> IO,0.03768
1776266411.4013984,285.35709834098816,PLC -> IO,5.06224
1776266411.4637175,285.4194173812866,PLC -> IO,0.42656
1776266411.5317907,285.4874906539917,PLC -> IO,3.99288
1776266411.598829,285.5545289516449,PLC -> IO,1.13616
1776266411.6549847,285.610684633255,PLC -> IO,4.24208
1776266411.7237678,285.67946767807007,PLC -> IO,16.7976
1776266411.7892394,285.74493932724,PLC -> IO,0.0496
1776266411.8543928,285.8100926876068,PLC -> IO,3.58344
1776266411.918147,285.87384700775146,PLC -> IO,3.32544
1776266411.9782047,285.93390464782715,PLC -> IO,2.0802400000000003
1776266412.04178,285.9974799156189,PLC -> IO,3.49072
1776266412.1078207,286.06352066993713,PLC -> IO,4.5552
1776266412.1696172,286.1253170967102,PLC -> IO,0.92072
1776266412.2321913,286.1878912448883,PLC -> IO,1.0118399999999999
1776266412.2993124,286.25501227378845,PLC -> IO,2.3931199999999997
1776266412.3633137,286.31901359558105,PLC -> IO,3.0656
1776266412.4274452,286.38314509391785,PLC -> IO,13.15232
1776266412.4944973,286.45019721984863,PLC -> IO,3.78336
1776266412.5537946,286.50949454307556,PLC -> IO,3.43792
1776266412.6184146,286.57411456108093,PLC -> IO,4.4848
1776266412.6824462,286.6381461620331,PLC -> IO,3.57344
1776266412.7442706,286.6999704837799,PLC -> IO,6.816479999999999
1776266412.8152611,286.7709610462189,PLC -> IO,0.03048
1776266412.875425,286.83112502098083,PLC -> IO,0.9623999999999999
1776266412.938953,286.89465284347534,PLC -> IO,2.53784
1776266413.0017135,286.9574134349823,PLC -> IO,24.4216
1776266413.061844,287.0175440311432,PLC -> IO,2.51064
1776266413.1329172,287.0886170864105,PLC -> IO,2.66176
1776266413.1920788,287.14777874946594,PLC -> IO,4.3476799999999995
1776266413.2616985,287.2173984050751,PLC -> IO,0.95648
1776266413.3237715,287.2794713973999,PLC -> IO,4.59408
1776266413.3853405,287.3410403728485,PLC -> IO,4.1468
1776266413.4505239,287.4062237739563,PLC -> IO,7.43912
1776266413.5151412,287.4708411693573,PLC -> IO,0.5731999999999999
1776266413.5762208,287.531920671463,PLC -> IO,2.14256
1776266413.6418488,287.5975487232208,PLC -> IO,2.05016
1776266413.7253208,287.68102073669434,PLC -> IO,9.76096
1776266413.7728066,287.728506565094,PLC -> IO,10.863919999999998
1776266413.8378828,287.7935826778412,PLC -> IO,0.93584
1776266413.896974,287.85267400741577,PLC -> IO,2.9072
1776266413.964992,287.9206919670105,PLC -> IO,1.5977599999999998
1776266414.0242658,287.9799656867981,PLC -> IO,3.4332
1776266414.0897868,288.0454866886139,PLC -> IO,1.9564000000000001
1776266414.1515348,288.1072347164154,PLC -> IO,1.37256
1776266414.2181556,288.1738555431366,PLC -> IO,13.489920000000001
1776266414.2892203,288.24492025375366,PLC -> IO,0.99832
1776266414.3439472,288.2996470928192,PLC -> IO,2.94232
1776266414.413022,288.3687219619751,PLC -> IO,16.4876
1776266414.4751801,288.43088006973267,PLC -> IO,0.46072
1776266414.5411787,288.4968786239624,PLC -> IO,6.0262400000000005
1776266414.6003668,288.5560667514801,PLC -> IO,8.00568
1776266414.6690361,288.62473607063293,PLC -> IO,13.92832
1776266414.72878,288.6844799518585,PLC -> IO,5.8204
1776266414.7953057,288.75100564956665,PLC -> IO,5.9259200000000005
1776266414.8578498,288.8135497570038,PLC -> IO,2.08448
1776266414.9205427,288.8762426376343,PLC -> IO,4.967359999999999
1776266414.9866073,288.9423072338104,PLC -> IO,10.99728
1776266415.051237,289.00693702697754,PLC -> IO,0.1348
1776266415.1164289,289.0721287727356,PLC -> IO,1.4812
1776266415.1779022,289.133602142334,PLC -> IO,2.70368
1776266415.2415726,289.1972725391388,PLC -> IO,2.59376
1776266415.3038673,289.2595672607422,PLC -> IO,11.59312
1776266415.3783631,289.3340630531311,PLC -> IO,1.04456
1776266415.432504,289.3882038593292,PLC -> IO,1.9706400000000002
1776266415.499259,289.45495891571045,PLC -> IO,3.85216
1776266415.563836,289.5195360183716,PLC -> IO,22.41512
1776266415.6284359,289.58413577079773,PLC -> IO,0.8864
1776266415.6899705,289.64567041397095,PLC -> IO,0.56584
1776266415.75321,289.7089099884033,PLC -> IO,3.41528
1776266415.820435,289.77613496780396,PLC -> IO,2.3763199999999998
1776266415.8803737,289.83607363700867,PLC -> IO,0.97104
1776266415.9524865,289.90818643569946,PLC -> IO,11.50432
1776266416.01012,289.96581983566284,PLC -> IO,0.51504
1776266416.0761912,290.0318911075592,PLC -> IO,3.09056
1776266416.139164,290.09486389160156,PLC -> IO,1.65992
1776266416.203664,290.15936398506165,PLC -> IO,9.45752
1776266416.2656972,290.22139716148376,PLC -> IO,21.95928
1776266416.3348415,290.29054141044617,PLC -> IO,3.28128
1776266416.3938491,290.3495490550995,PLC -> IO,1.62392
1776266416.4569664,290.4126663208008,PLC -> IO,0.1192
1776266416.5235848,290.4792847633362,PLC -> IO,3.0904000000000003
1776266416.585281,290.54098081588745,PLC -> IO,1.06216
1776266416.655081,290.61078095436096,PLC -> IO,1.85
1776266416.714118,290.6698179244995,PLC -> IO,8.8272
1776266416.7781634,290.73386335372925,PLC -> IO,2.08208
1776266416.8418577,290.79755759239197,PLC -> IO,11.86832
1776266416.906471,290.8621709346771,PLC -> IO,3.9908799999999998
1776266416.9705818,290.92628169059753,PLC -> IO,1.56744
1776266417.036598,290.9922978878021,PLC -> IO,1.62792
1776266417.0987284,291.0544283390045,PLC -> IO,0.12816
1776266417.1615121,291.11721205711365,PLC -> IO,3.9952
1776266417.2299893,291.1856892108917,PLC -> IO,1.57056
1776266417.2916753,291.24737524986267,PLC -> IO,2.06944
1776266417.3563666,291.3120665550232,PLC -> IO,0.91144
1776266417.416448,291.3721480369568,PLC -> IO,3.06648
1776266417.482215,291.43791484832764,PLC -> IO,1.38768
1776266417.54369,291.4993898868561,PLC -> IO,15.37416
1776266417.6123648,291.56806468963623,PLC -> IO,1.98768
1776266417.6729987,291.6286985874176,PLC -> IO,0.9628
1776266417.7405217,291.6962215900421,PLC -> IO,1.08272
1776266417.8012888,291.7569887638092,PLC -> IO,0.43360000000000004
1776266417.8654041,291.8211040496826,PLC -> IO,4.50168
1776266417.9305348,291.8862347602844,PLC -> IO,0.8448
1776266417.9941049,291.94980478286743,PLC -> IO,0.9940000000000001
1776266418.0617394,292.01743936538696,PLC -> IO,13.72824
1776266418.1219134,292.07761335372925,PLC -> IO,22.91424
1776266418.1889396,292.1446394920349,PLC -> IO,6.00152
1776266418.2500942,292.20579409599304,PLC -> IO,7.63928
1776266418.318302,292.27400183677673,PLC -> IO,1.4066400000000001
1776266418.378769,292.33446884155273,PLC -> IO,1.63016
1776266418.443756,292.3994560241699,PLC -> IO,2.72136
1776266418.5065203,292.46222019195557,PLC -> IO,1.09712
1776266418.5697005,292.52540040016174,PLC -> IO,2.96904
1776266418.6389925,292.5946924686432,PLC -> IO,0.42279999999999995
1776266418.695605,292.65130496025085,PLC -> IO,2.3951200000000004
1776266418.7617605,292.71746039390564,PLC -> IO,3.27672
1776266418.8302126,292.7859125137329,PLC -> IO,20.15896
1776266418.8904564,292.8461563587189,PLC -> IO,2.03272
1776266418.9514909,292.90719079971313,PLC -> IO,25.39744
1776266419.0190423,292.97474217414856,PLC -> IO,0.64888
1776266419.0803251,293.03602504730225,PLC -> IO,0.252
1776266419.1449673,293.1006672382355,PLC -> IO,2.9864800000000002
1776266419.207418,293.1631178855896,PLC -> IO,7.11248
1776266419.2746644,293.23036432266235,PLC -> IO,0.96128
1776266419.3437488,293.2994487285614,PLC -> IO,0.9976799999999999
1776266419.4014416,293.357141494751,PLC -> IO,15.911200000000001
1776266419.468093,293.4237928390503,PLC -> IO,3.39704
1776266419.5325985,293.4882984161377,PLC -> IO,6.0004
1776266419.598429,293.55412888526917,PLC -> IO,1.87176
1776266419.657906,293.61360597610474,PLC -> IO,2.51656
1776266419.7219965,293.6776964664459,PLC -> IO,0.92536
1776266419.7866688,293.7423686981201,PLC -> IO,5.873279999999999
1776266419.8503492,293.80604910850525,PLC -> IO,0.062
1776266419.9179115,293.8736114501953,PLC -> IO,2.4632
1776266419.976615,293.9323148727417,PLC -> IO,3.4224
1776266420.0433176,293.9990174770355,PLC -> IO,2.41616
1776266420.1052544,294.0609543323517,PLC -> IO,17.5848
1776266420.1723516,294.1280515193939,PLC -> IO,2.14624
1776266420.233078,294.188777923584,PLC -> IO,1.4327999999999999
1776266420.2983031,294.2540030479431,PLC -> IO,2.82776
1776266420.362849,294.3185489177704,PLC -> IO,10.94016
1776266420.4273412,294.38304114341736,PLC -> IO,2.5684
1776266420.5035915,294.4592914581299,PLC -> IO,1.93168
1776266420.5540938,294.50979375839233,PLC -> IO,3.64344
1776266420.6178212,294.57352113723755,PLC -> IO,0.0424
1776266420.6805906,294.63629055023193,PLC -> IO,24.33464
1776266420.750684,294.70638394355774,PLC -> IO,2.32248
1776266420.807757,294.76345682144165,PLC -> IO,0.9252
1776266420.8778377,294.83353757858276,PLC -> IO,2.26616
1776266420.935919,294.8916189670563,PLC -> IO,11.02592
1776266421.0054924,294.96119236946106,PLC -> IO,2.6188000000000002
1776266421.0642958,295.0199956893921,PLC -> IO,2.3964
1776266421.1294582,295.0851581096649,PLC -> IO,6.349279999999999
1776266421.1924486,295.14814853668213,PLC -> IO,6.5316
1776266421.2585714,295.2142713069916,PLC -> IO,4.01512
1776266421.3223,295.2779998779297,PLC -> IO,1.45504
1776266421.390276,295.3459758758545,PLC -> IO,19.58152
1776266421.4544616,295.41016149520874,PLC -> IO,13.02088
1776266421.5141058,295.46980571746826,PLC -> IO,4.100160000000001
1776266421.5792089,295.5349087715149,PLC -> IO,1.18864
1776266421.6429312,295.59863114356995,PLC -> IO,2.2288
1776266421.709321,295.665020942688,PLC -> IO,1.18432
1776266421.7716002,295.72730016708374,PLC -> IO,2.46528
1776266421.8373005,295.793000459671,PLC -> IO,2.86992
1776266421.9015412,295.85724115371704,PLC -> IO,2.1537599999999997
1776266421.9655848,295.92128467559814,PLC -> IO,10.89208
1776266422.0232413,295.9789412021637,PLC -> IO,0.37472
1776266422.0886424,296.0443422794342,PLC -> IO,3.1690400000000003
1776266422.1567008,296.1124007701874,PLC -> IO,2.64416
1776266422.215621,296.17132091522217,PLC -> IO,1.82904
1776266422.2862036,296.2419035434723,PLC -> IO,4.42016
1776266422.348761,296.30446100234985,PLC -> IO,2.5428
1776266422.4130034,296.3687033653259,PLC -> IO,1.4020000000000001
1776266422.4735901,296.42929005622864,PLC -> IO,2.5802400000000003
1776266422.5382,296.4938998222351,PLC -> IO,2.10616
1776266422.601782,296.55748200416565,PLC -> IO,0.9856000000000001
1776266422.666792,296.62249183654785,PLC -> IO,11.16704
1776266422.7280748,296.68377470970154,PLC -> IO,7.01992
1776266422.793207,296.7489068508148,PLC -> IO,2.91352
1776266422.861251,296.81695103645325,PLC -> IO,3.9907199999999996
1776266422.9201775,296.8758773803711,PLC -> IO,10.75128
1776266422.9854908,296.9411907196045,PLC -> IO,0.15704
1776266423.0507276,297.006427526474,PLC -> IO,3.9143199999999996
1776266423.1158037,297.0715036392212,PLC -> IO,1.10512
1776266423.1755323,297.1312322616577,PLC -> IO,0.8650399999999999
1776266423.2460446,297.201744556427,PLC -> IO,29.96264
1776266423.3051472,297.2608470916748,PLC -> IO,2.53064
1776266423.3714013,297.32710123062134,PLC -> IO,3.87848
1776266423.4329708,297.3886706829071,PLC -> IO,0.35463999999999996
1776266423.4966717,297.45237159729004,PLC -> IO,2.378
1776266423.5617743,297.5174741744995,PLC -> IO,7.3601600000000005
1776266423.6262832,297.581983089447,PLC -> IO,2.0236799999999997
1776266423.6929884,297.6486883163452,PLC -> IO,3.46264
1776266423.7516067,297.70730662345886,PLC -> IO,3.4543999999999997
1776266423.8191597,297.77485966682434,PLC -> IO,16.592160000000003
1776266423.8825245,297.83822441101074,PLC -> IO,1.25752
1776266423.9532804,297.90898036956787,PLC -> IO,31.798559999999995
1776266424.0084596,297.964159488678,PLC -> IO,5.75448
1776266424.0740898,298.029789686203,PLC -> IO,1.14896
1776266424.1397824,298.09548234939575,PLC -> IO,0.39264
1776266424.2005734,298.15627336502075,PLC -> IO,0.8884
1776266424.2715945,298.22729444503784,PLC -> IO,0.01448
1776266424.3293138,298.2850136756897,PLC -> IO,1.85448
1776266424.397817,298.3535168170929,PLC -> IO,2.1159999999999997
1776266424.457956,298.41365599632263,PLC -> IO,0.13696
1776266424.5201697,298.47586965560913,PLC -> IO,14.92368
1776266424.5862045,298.5419044494629,PLC -> IO,3.94032
1776266424.6509085,298.6066083908081,PLC -> IO,0.906792
1776266424.713024,298.66872382164,PLC -> IO,1.1936799999999999
1776266424.7766478,298.7323477268219,PLC -> IO,5.08528
1776266424.8417149,298.7974147796631,PLC -> IO,2.05688
1776266424.903893,298.8595929145813,PLC -> IO,1.42616
1776266424.9739585,298.92965841293335,PLC -> IO,0.11055999999999999
1776266425.0335758,298.98927569389343,PLC -> IO,0.54192
1776266425.1031978,299.05889773368835,PLC -> IO,2.5602400000000003
1776266425.1638355,299.119535446167,PLC -> IO,3.5358400000000003
1776266425.2278721,299.1835720539093,PLC -> IO,13.7348
1776266425.293596,299.2492959499359,PLC -> IO,5.4778400000000005
1776266425.354214,299.3099138736725,PLC -> IO,3.60256
1776266425.4164162,299.3721160888672,PLC -> IO,0.09111999999999999
1776266425.4806488,299.4363486766815,PLC -> IO,3.3475200000000003
1776266425.5416656,299.4973654747009,PLC -> IO,2.50408
1776266425.6087167,299.5644166469574,PLC -> IO,2.4316
1776266425.6759758,299.63167572021484,PLC -> IO,3.08352
1776266425.7366252,299.69232511520386,PLC -> IO,2.3582400000000003
1776266425.8017812,299.75748109817505,PLC -> IO,24.301199999999998
1776266425.8651729,299.8208727836609,PLC -> IO,3.57112
1776266425.9323103,299.888010263443,PLC -> IO,12.94576
1776266425.9916332,299.9473330974579,PLC -> IO,3.30216
1776266426.0581872,300.01388716697693,PLC -> IO,2.4620800000000003
1776266426.1252692,300.0809690952301,PLC -> IO,2.42472
1776266426.189411,300.1451108455658,PLC -> IO,1.47184
1776266426.2490234,300.2047233581543,PLC -> IO,4.5176
1776266426.3167908,300.2724907398224,PLC -> IO,1.36648
1776266426.3814087,300.33710861206055,PLC -> IO,4.80696
1776266426.441379,300.3970789909363,PLC -> IO,3.02848
1776266426.5066147,300.4623146057129,PLC -> IO,24.481679999999997
1776266426.567624,300.52332401275635,PLC -> IO,2.10072
1776266426.6353483,300.5910482406616,PLC -> IO,3.44288
1776266426.6955414,300.65124130249023,PLC -> IO,11.858
1776266426.7674732,300.7231731414795,PLC -> IO,4.63488
1776266426.8241343,300.7798342704773,PLC -> IO,2.93832
1776266426.891217,300.8469169139862,PLC -> IO,6.54496
1776266426.9568808,300.9125807285309,PLC -> IO,4.092560000000001
1776266427.0165956,300.9722955226898,PLC -> IO,1.95904
1776266427.0976276,301.0533275604248,PLC -> IO,6.62192
1776266427.146284,301.10198402404785,PLC -> IO,2.1170400000000003
1776266427.2130685,301.1687684059143,PLC -> IO,1.79224
1776266427.2765532,301.232253074646,PLC -> IO,4.00952
1776266427.337578,301.2932779788971,PLC -> IO,3.77552
1776266427.401809,301.3575088977814,PLC -> IO,0.10928
1776266427.4674387,301.42313861846924,PLC -> IO,0.5532
1776266427.528936,301.48463582992554,PLC -> IO,0.19904
1776266427.5942523,301.54995226860046,PLC -> IO,0.0332
1776266427.6553676,301.61106753349304,PLC -> IO,0.00976
1776266427.7204275,301.67612743377686,PLC -> IO,2.6052
1776266427.7911084,301.74680829048157,PLC -> IO,10.60176
1776266427.8526618,301.80836176872253,PLC -> IO,0.6289600000000001
1776266427.91791,301.87361001968384,PLC -> IO,3.3740799999999997
1776266427.976633,301.9323329925537,PLC -> IO,3.2387200000000003
1776266428.0432165,301.998916387558,PLC -> IO,0.6429600000000001
1776266428.1052682,302.0609681606293,PLC -> IO,2.4676
1776266428.172319,302.1280188560486,PLC -> IO,2.0232
1776266428.2325234,302.188223361969,PLC -> IO,3.9488
1776266428.3016512,302.25735116004944,PLC -> IO,2.39672
1776266428.3627763,302.31847620010376,PLC -> IO,22.56456
1776266428.4322777,302.38797760009766,PLC -> IO,0.5812
1776266428.5025187,302.4582185745239,PLC -> IO,7.961360000000001
1776266428.5514917,302.50719165802,PLC -> IO,2.20784
1776266428.6237607,302.5794606208801,PLC -> IO,11.4236
1776266428.6819422,302.63764214515686,PLC -> IO,1.95424
1776266428.7473972,302.70309710502625,PLC -> IO,18.17688
1776266428.8085093,302.7642092704773,PLC -> IO,2.58816
1776266428.8758166,302.8315165042877,PLC -> IO,2.52904
1776266428.9363418,302.892041683197,PLC -> IO,3.10232
1776266429.0019994,302.95769929885864,PLC -> IO,1.9688
1776266429.070032,303.0257318019867,PLC -> IO,23.63072
1776266429.130374,303.08607387542725,PLC -> IO,1.43272
1776266429.1954594,303.151159286499,PLC -> IO,5.96136
1776266429.2578988,303.21359872817993,PLC -> IO,2.19176
1776266429.321822,303.2775218486786,PLC -> IO,4.6579999999999995
1776266429.388283,303.3439829349518,PLC -> IO,0.98008
1776266429.4527836,303.408483505249,PLC -> IO,2.62632
1776266429.5130646,303.4687645435333,PLC -> IO,1.94632
1776266429.5816429,303.53734278678894,PLC -> IO,2.57216
1776266429.6487877,303.604487657547,PLC -> IO,1.4668
1776266429.7083843,303.6640841960907,PLC -> IO,1.41848
1776266429.7706058,303.7263057231903,PLC -> IO,1.8604800000000001
1776266429.8326223,303.7883222103119,PLC -> IO,3.10888
1776266429.9012177,303.8569176197052,PLC -> IO,2.06456
1776266429.9620547,303.91775465011597,PLC -> IO,2.79784
1776266430.0300703,303.9857702255249,PLC -> IO,15.363679999999999
1776266430.0876243,304.04332423210144,PLC -> IO,2.0149600000000003
1776266430.1571867,304.1128866672516,PLC -> IO,4.11208
1776266430.2155514,304.17125129699707,PLC -> IO,2.3564800000000004
1776266430.2816753,304.2373752593994,PLC -> IO,1.42272
1776266430.3443582,304.3000581264496,PLC -> IO,14.32344
1776266430.41036,304.36606001853943,PLC -> IO,0.60016
1776266430.4729965,304.4286963939667,PLC -> IO,4.45856
1776266430.538106,304.49380588531494,PLC -> IO,0.09904
1776266430.6052303,304.5609302520752,PLC -> IO,0.56352
1776266430.6648839,304.6205837726593,PLC -> IO,6.418
1776266430.7339222,304.6896221637726,PLC -> IO,0.4588
1776266430.7941475,304.7498474121094,PLC -> IO,0.02376
1776266430.860833,304.8165328502655,PLC -> IO,2.45312
1776266430.9234111,304.87911105155945,PLC -> IO,28.89208
1776266430.9878025,304.94350242614746,PLC -> IO,1.05472
1776266431.050624,305.0063238143921,PLC -> IO,4.92928
1776266431.114248,305.06994795799255,PLC -> IO,6.51672
1776266431.1778111,305.13351106643677,PLC -> IO,3.0416000000000003
1776266431.241483,305.19718289375305,PLC -> IO,1.46288
1776266431.3117158,305.26741576194763,PLC -> IO,2.29456
1776266431.3687863,305.32448625564575,PLC -> IO,3.32256
1776266431.436913,305.39261293411255,PLC -> IO,0.5087200000000001
1776266431.4959478,305.4516477584839,PLC -> IO,1.9981600000000002
1776266431.563516,305.51921582221985,PLC -> IO,0.63504
1776266431.6237898,305.5794897079468,PLC -> IO,25.990160000000003
1776266431.6968646,305.65256452560425,PLC -> IO,8.55208
1776266431.7528594,305.70855927467346,PLC -> IO,2.61408
1776266431.818012,305.77371191978455,PLC -> IO,6.098
1776266431.8843148,305.8400146961212,PLC -> IO,0.31408
1776266431.945022,305.90072202682495,PLC -> IO,4.7548
1776266432.0125933,305.96829319000244,PLC -> IO,1.41168
1776266432.0755177,306.03121757507324,PLC -> IO,0.56184
1776266432.137903,306.0936028957367,PLC -> IO,4.83744
1776266432.2013938,306.15709376335144,PLC -> IO,14.98168
1776266432.2704065,306.2261064052582,PLC -> IO,2.62536
1776266432.3296342,306.28533411026,PLC -> IO,7.934160000000001
1776266432.3971472,306.3528470993042,PLC -> IO,3.1755199999999997
1776266432.4589546,306.4146544933319,PLC -> IO,3.83984
1776266432.5216427,306.4773426055908,PLC -> IO,1.85352
1776266432.5836112,306.539311170578,PLC -> IO,3.1027199999999997
1776266432.6486375,306.60433745384216,PLC -> IO,1.5660800000000001
1776266432.7145486,306.67024850845337,PLC -> IO,5.270160000000001
1776266432.7769928,306.73269271850586,PLC -> IO,2.1152800000000003
1776266432.843221,306.79892086982727,PLC -> IO,16.91832
1776266432.9036462,306.85934615135193,PLC -> IO,15.43696
1776266432.972719,306.9284188747406,PLC -> IO,0.66672
1776266433.031543,306.987242937088,PLC -> IO,9.5648
1776266433.0976846,307.0533845424652,PLC -> IO,2.49952
1776266433.1603625,307.1160624027252,PLC -> IO,1.22936
1776266433.226459,307.18215894699097,PLC -> IO,1.47376
1776266433.29051,307.246209859848,PLC -> IO,3.14032
1776266433.3525388,307.3082387447357,PLC -> IO,1.6008
1776266433.423785,307.3794848918915,PLC -> IO,0.148
1776266433.4864855,307.4421854019165,PLC -> IO,16.86992
1776266433.5481079,307.50380778312683,PLC -> IO,10.4176
1776266433.6092563,307.5649561882019,PLC -> IO,1.8306399999999998
1776266433.677949,307.6336488723755,PLC -> IO,1.9163999999999999
1776266433.7369013,307.69260120391846,PLC -> IO,3.1004
1776266433.802433,307.7581329345703,PLC -> IO,3.6311199999999997
1776266433.864316,307.8200159072876,PLC -> IO,2.40448
1776266433.931434,307.8871338367462,PLC -> IO,5.31064
1776266433.9939153,307.94961524009705,PLC -> IO,2.52664
1776266434.0564039,308.01210379600525,PLC -> IO,0.03264
1776266434.1218016,308.07750153541565,PLC -> IO,21.86728
1776266434.1843565,308.14005637168884,PLC -> IO,25.5184
1776266434.2505126,308.20621252059937,PLC -> IO,0.52104
1776266434.3127985,308.26849842071533,PLC -> IO,1.03328
1776266434.3811684,308.3368682861328,PLC -> IO,0.07239999999999999
1776266434.442911,308.398610830307,PLC -> IO,1.37304
1776266434.5049381,308.46063804626465,PLC -> IO,16.544719999999998
1776266434.5756764,308.5313763618469,PLC -> IO,2.45552
1776266434.633179,308.5888788700104,PLC -> IO,3.08912
1776266434.6979213,308.6536211967468,PLC -> IO,3.84104
1776266434.7611303,308.7168302536011,PLC -> IO,21.75056
1776266434.8331447,308.7888445854187,PLC -> IO,11.0824
1776266434.892756,308.8484559059143,PLC -> IO,8.906799999999999
1776266434.9564123,308.91211223602295,PLC -> IO,1.58944
1776266435.0165184,308.9722182750702,PLC -> IO,8.0768
1776266435.080734,309.0364339351654,PLC -> IO,2.40056
1776266435.1441016,309.09980154037476,PLC -> IO,0.6008800000000001
1776266435.2163906,309.1720905303955,PLC -> IO,7.60408
1776266435.2715158,309.22721576690674,PLC -> IO,3.5004
1776266435.3385913,309.2942912578583,PLC -> IO,1.92264
1776266435.3992715,309.354971408844,PLC -> IO,3.54936
1776266435.4644349,309.42013478279114,PLC -> IO,24.56904
1776266435.5306494,309.48634934425354,PLC -> IO,3.3673599999999997
1776266435.592879,309.54857897758484,PLC -> IO,2.6699200000000003
1776266435.6597407,309.6154406070709,PLC -> IO,3.0974399999999997
1776266435.7253876,309.6810874938965,PLC -> IO,0.92704
1776266435.7900226,309.74572253227234,PLC -> IO,11.409600000000001
1776266435.8484993,309.80419921875,PLC -> IO,0.75336
1776266435.917849,309.8735489845276,PLC -> IO,9.512960000000001
1776266435.9754348,309.93113470077515,PLC -> IO,2.4250399999999996
1776266436.0411134,309.99681329727173,PLC -> IO,26.97952
1776266436.1060977,310.06179761886597,PLC -> IO,2.97296
1776266436.1698477,310.1255476474762,PLC -> IO,0.46344
1776266436.2398925,310.19559240341187,PLC -> IO,10.49128
1776266436.2979987,310.2536985874176,PLC -> IO,1.1776
1776266436.3661687,310.3218686580658,PLC -> IO,0.87104
1776266436.4247594,310.38045930862427,PLC -> IO,2.018
1776266436.497005,310.4527049064636,PLC -> IO,4.97408
1776266436.5524757,310.508175611496,PLC -> IO,4.037920000000001
1776266436.621041,310.5767409801483,PLC -> IO,0.7096
1776266436.6829252,310.6386251449585,PLC -> IO,8.58296
1776266436.746448,310.70214796066284,PLC -> IO,23.536080000000002
1776266436.8099134,310.7656133174896,PLC -> IO,2.6832800000000003
1776266436.8777068,310.83340668678284,PLC -> IO,2.5628
1776266436.9399936,310.8956935405731,PLC -> IO,0.29488000000000003
1776266437.000374,310.9560739994049,PLC -> IO,6.967280000000001
1776266437.0684266,311.0241265296936,PLC -> IO,0.86768
1776266437.1277037,311.0834035873413,PLC -> IO,2.99872
1776266437.1968412,311.1525411605835,PLC -> IO,1.9968
1776266437.2555687,311.2112686634064,PLC -> IO,7.811120000000001
1776266437.3349004,311.2906002998352,PLC -> IO,5.71936
1776266437.38421,311.339910030365,PLC -> IO,3.4877599999999997
1776266437.4486902,311.40439009666443,PLC -> IO,4.11088
1776266437.5153477,311.4710476398468,PLC -> IO,3.69864
1776266437.5767088,311.53240871429443,PLC -> IO,1.8468
1776266437.6435752,311.5992751121521,PLC -> IO,7.6608
1776266437.7037647,311.659464597702,PLC -> IO,1.22696
1776266437.7740972,311.72979712486267,PLC -> IO,0.7587200000000001
1776266437.8340528,311.7897527217865,PLC -> IO,0.031279999999999995
1776266437.8976502,311.8533501625061,PLC -> IO,2.5587999999999997
1776266437.9623642,311.91806411743164,PLC -> IO,0.36519999999999997
1776266438.0265026,311.9822025299072,PLC -> IO,13.57088
1776266438.090042,312.0457420349121,PLC -> IO,1.07032
1776266438.154195,312.109894990921,PLC -> IO,7.44912
1776266438.2153776,312.1710774898529,PLC -> IO,22.41
1776266438.280502,312.23620200157166,PLC -> IO,2.56568
1776266438.3466814,312.30238127708435,PLC -> IO,5.9222399999999995
1776266438.408596,312.36429595947266,PLC -> IO,3.05816
1776266438.4787676,312.4344675540924,PLC -> IO,1.68128
1776266438.537362,312.49306201934814,PLC -> IO,1.77456
1776266438.6101732,312.56587314605713,PLC -> IO,32.92768
1776266438.6661303,312.62183022499084,PLC -> IO,1.20064
1776266438.7308528,312.68655276298523,PLC -> IO,2.98872
1776266438.792551,312.7482509613037,PLC -> IO,1.40336
1776266438.8589869,312.8146867752075,PLC -> IO,2.3152
1776266438.920279,312.8759789466858,PLC -> IO,0.052719999999999996
1776266438.9853995,312.9410994052887,PLC -> IO,3.50448
1776266439.051369,313.0070688724518,PLC -> IO,6.12896
1776266439.1116483,313.06734824180603,PLC -> IO,3.1391999999999998
1776266439.1817298,313.1374297142029,PLC -> IO,1.09856
1776266439.240753,313.19645285606384,PLC -> IO,2.13088
1776266439.3135734,313.2692732810974,PLC -> IO,29.07816
1776266439.3725653,313.3282651901245,PLC -> IO,8.13704
1776266439.4398131,313.39551305770874,PLC -> IO,0.37008
1776266439.4972816,313.4529814720154,PLC -> IO,2.21336
1776266439.5674524,313.5231523513794,PLC -> IO,0.09975999999999999
1776266439.6326818,313.58838176727295,PLC -> IO,0.5496
1776266439.691406,313.6471059322357,PLC -> IO,2.78808
1776266439.755278,313.71097803115845,PLC -> IO,4.84456
1776266439.8179972,313.77369713783264,PLC -> IO,2.1396
1776266439.8813648,313.837064743042,PLC -> IO,18.736
1776266439.944144,313.8998439311981,PLC -> IO,3.65824
1776266440.0102828,313.96598267555237,PLC -> IO,1.80344
1776266440.0775537,314.03325366973877,PLC -> IO,2.90544
1776266440.1376822,314.09338212013245,PLC -> IO,22.637359999999997
1776266440.2003214,314.15602135658264,PLC -> IO,0.11120000000000001
1776266440.263968,314.21966791152954,PLC -> IO,7.46928
1776266440.331496,314.2871959209442,PLC -> IO,2.5592
1776266440.398579,314.3542788028717,PLC -> IO,2.128
1776266440.4624345,314.4181344509125,PLC -> IO,4.30872
1776266440.5219576,314.4776575565338,PLC -> IO,10.68704
1776266440.590632,314.5463318824768,PLC -> IO,11.06208
1776266440.6501448,314.60584473609924,PLC -> IO,5.082952
1776266440.7153482,314.6710481643677,PLC -> IO,6.536239999999999
1776266440.7763925,314.7320923805237,PLC -> IO,2.3592
1776266440.8401546,314.79585456848145,PLC -> IO,1.34848
1776266440.9042163,314.85991621017456,PLC -> IO,10.037040000000001
1776266440.9688022,314.9245021343231,PLC -> IO,15.315999999999999
1776266441.0314906,314.9871904850006,PLC -> IO,5.97216
1776266441.0964332,315.0521330833435,PLC -> IO,1.7804
1776266441.167824,315.1235239505768,PLC -> IO,18.3232
1776266441.2297,315.1854000091553,PLC -> IO,11.23456
1776266441.2923403,315.2480401992798,PLC -> IO,20.714480000000002
1776266441.354489,315.31018900871277,PLC -> IO,0.5712
1776266441.4211211,315.3768210411072,PLC -> IO,2.62976
1776266441.4857562,315.44145607948303,PLC -> IO,2.6405600000000002
1776266441.5549862,315.5106861591339,PLC -> IO,6.54936
1776266441.6091068,315.5648066997528,PLC -> IO,4.486000000000001
1776266441.6741629,315.62986278533936,PLC -> IO,3.5772
1776266441.7353258,315.69102573394775,PLC -> IO,4.41272
1776266441.7999134,315.75561332702637,PLC -> IO,0.55784
1776266441.8855703,315.84127020835876,PLC -> IO,14.61792
1776266441.9275856,315.88328552246094,PLC -> IO,11.24936
1776266441.9978678,315.9535677433014,PLC -> IO,2.47712
1776266442.055983,316.01168298721313,PLC -> IO,2.9695199999999997
1776266442.1232612,316.0789611339569,PLC -> IO,0.33127999999999996
1776266442.183987,316.13968682289124,PLC -> IO,2.8384
1776266442.2530315,316.2087314128876,PLC -> IO,1.35168
1776266442.3143976,316.27009749412537,PLC -> IO,5.63016
1776266442.3801947,316.33589458465576,PLC -> IO,0.81152
1776266442.4392276,316.39492750167847,PLC -> IO,11.9084
1776266442.505742,316.4614419937134,PLC -> IO,2.63
1776266442.5725262,316.52822613716125,PLC -> IO,2.86712
1776266442.635122,316.59082198143005,PLC -> IO,2.40144
1776266442.702653,316.6583528518677,PLC -> IO,1.1566400000000001
1776266442.760465,316.7161648273468,PLC -> IO,2.14736
1776266442.8285217,316.7842216491699,PLC -> IO,2.8884000000000003
1776266442.890105,316.8458049297333,PLC -> IO,0.0468
1776266442.9542077,316.909907579422,PLC -> IO,3.0583199999999997
1776266443.0164232,316.97212314605713,PLC -> IO,1.46064
1776266443.0828362,317.03853607177734,PLC -> IO,1.18072
1776266443.1451054,317.1008052825928,PLC -> IO,14.16056
1776266443.208637,317.16433691978455,PLC -> IO,5.73656
1776266443.273872,317.2295718193054,PLC -> IO,3.47128
1776266443.3374286,317.293128490448,PLC -> IO,0.69328
1776266443.4076378,317.36333775520325,PLC -> IO,0.64032
1776266443.4636397,317.41933965682983,PLC -> IO,1.14904
1776266443.5309198,317.48661971092224,PLC -> IO,2.96264
1776266443.5930538,317.5487537384033,PLC -> IO,0.13416
1776266443.6575267,317.6132266521454,PLC -> IO,3.73896
1776266443.7212803,317.6769802570343,PLC -> IO,23.45224
1776266443.7864952,317.74219512939453,PLC -> IO,2.37464
1776266443.8510816,317.80678153038025,PLC -> IO,0.85752
1776266443.9142005,317.8699004650116,PLC -> IO,3.47344
1776266443.984819,317.9405188560486,PLC -> IO,13.72152
1776266444.0405793,317.99627923965454,PLC -> IO,2.8487999999999998
1776266444.105022,318.06072187423706,PLC -> IO,2.61496
1776266444.170307,318.12600684165955,PLC -> IO,4.84624
1776266444.2338874,318.18958735466003,PLC -> IO,4.420559999999999
1776266444.2962935,318.25199341773987,PLC -> IO,1.7486400000000002
1776266444.3710835,318.3267834186554,PLC -> IO,2.88808
1776266444.4242146,318.379914522171,PLC -> IO,28.02816
1776266444.5023699,318.45806980133057,PLC -> IO,3.38336
1776266444.5539129,318.5096127986908,PLC -> IO,1.1179199999999998
1776266444.6151373,318.5708372592926,PLC -> IO,3.9052000000000002
1776266444.6818771,318.63757705688477,PLC -> IO,19.78944
1776266444.7443562,318.7000560760498,PLC -> IO,5.01416
1776266444.8105018,318.76620173454285,PLC -> IO,3.29912
1776266444.874955,318.83065485954285,PLC -> IO,2.6568
1776266444.9390757,318.8947756290436,PLC -> IO,16.73104
1776266445.0014682,318.9571681022644,PLC -> IO,9.84368
1776266445.0650065,319.0207064151764,PLC -> IO,6.4888
1776266445.126954,319.0826539993286,PLC -> IO,8.74968
1776266445.1942527,319.1499526500702,PLC -> IO,3.47008
1776266445.2558029,319.21150279045105,PLC -> IO,1.21024
1776266445.327422,319.2831218242645,PLC -> IO,4.10776
1776266445.3872952,319.34299516677856,PLC -> IO,20.25528
1776266445.448869,319.40456891059875,PLC -> IO,2.55544
1776266445.5194418,319.47514176368713,PLC -> IO,0.55
1776266445.57634,319.53203988075256,PLC -> IO,1.16296
1776266445.642633,319.5983328819275,PLC -> IO,0.9847199999999999
1776266445.7067049,319.6624047756195,PLC -> IO,11.13864
1776266445.7709746,319.7266745567322,PLC -> IO,16.83424
1776266445.833015,319.78871488571167,PLC -> IO,1.9816
1776266445.89764,319.8533399105072,PLC -> IO,1.47712
1776266445.9628532,319.9185531139374,PLC -> IO,0.89632
1776266446.0272524,319.9829523563385,PLC -> IO,13.208559999999999
1776266446.0980592,320.053759098053,PLC -> IO,1.3752
1776266446.1551666,320.11086654663086,PLC -> IO,2.44576
1776266446.221868,320.1775679588318,PLC -> IO,2.32352
1776266446.2844226,320.2401225566864,PLC -> IO,30.42136
1776266446.3481743,320.3038742542267,PLC -> IO,4.254639999999999
1776266446.4076471,320.36334705352783,PLC -> IO,10.051120000000001
1776266446.4771504,320.43285036087036,PLC -> IO,17.67872
1776266446.5355499,320.4912497997284,PLC -> IO,3.30944
1776266446.6003761,320.5560760498047,PLC -> IO,0.75224
1776266446.6641655,320.61986541748047,PLC -> IO,7.016
1776266446.7302992,320.68599915504456,PLC -> IO,2.1569599999999998
1776266446.7939403,320.74964022636414,PLC -> IO,3.5726400000000003
1776266446.8562703,320.81197023391724,PLC -> IO,1.83608
1776266446.923696,320.8793959617615,PLC -> IO,19.05736
1776266446.9852822,320.9409821033478,PLC -> IO,24.58584
1776266447.0522952,321.0079951286316,PLC -> IO,1.718
1776266447.1123884,321.06808829307556,PLC -> IO,0.31776
1776266447.1778288,321.1335287094116,PLC -> IO,8.25792
1776266447.2404442,321.1961441040039,PLC -> IO,8.328000000000001
1776266447.3060262,321.26172614097595,PLC -> IO,0.32032000000000005
1776266447.3684893,321.3241891860962,PLC -> IO,0.7023199999999999
1776266447.435139,321.39083886146545,PLC -> IO,0.19968000000000002
1776266447.5018847,321.4575846195221,PLC -> IO,15.88336
1776266447.559936,321.51563596725464,PLC -> IO,13.86216
1776266447.6281056,321.5838055610657,PLC -> IO,2.99272
1776266447.687692,321.6433918476105,PLC -> IO,1.0118399999999999
1776266447.7541716,321.70987153053284,PLC -> IO,11.75448
1776266447.8154354,321.7711353302002,PLC -> IO,0.95504
1776266447.8850427,321.8407425880432,PLC -> IO,0.6960799999999999
1776266447.9443552,321.9000551700592,PLC -> IO,5.21016
1776266448.0129325,321.9686324596405,PLC -> IO,0.30047999999999997
1776266448.072865,322.02856492996216,PLC -> IO,3.08328
1776266448.1367385,322.09243845939636,PLC -> IO,1.7352800000000002
1776266448.2076983,322.1633982658386,PLC -> IO,14.10872
1776266448.27322,322.22891998291016,PLC -> IO,6.76088
1776266448.33261,322.2883098125458,PLC -> IO,1.2987199999999999
1776266448.3951535,322.35085344314575,PLC -> IO,7.391520000000001
1776266448.4603734,322.41607332229614,PLC -> IO,4.810560000000001
1776266448.5200398,322.4757397174835,PLC -> IO,2.7616
1776266448.5916016,322.547301530838,PLC -> IO,18.833119999999997
1776266448.6500542,322.6057541370392,PLC -> IO,6.531592
1776266448.7142487,322.66994857788086,PLC -> IO,3.15984
1776266448.7752852,322.73098516464233,PLC -> IO,2.06976
1776266448.8555245,322.8112244606018,PLC -> IO,10.35552
1776266448.905255,322.8609549999237,PLC -> IO,13.564160000000001
1776266448.970337,322.9260368347168,PLC -> IO,2.31776
1776266449.0379765,322.9936764240265,PLC -> IO,1.3172
1776266449.096434,323.0521340370178,PLC -> IO,0.58592
1776266449.1627815,323.1184813976288,PLC -> IO,2.32568
1776266449.230293,323.1859929561615,PLC -> IO,20.418
1776266449.2908764,323.2465763092041,PLC -> IO,2.87408
1776266449.352581,323.3082809448242,PLC -> IO,1.3752
1776266449.4162052,323.3719050884247,PLC -> IO,4.7881599999999995
1776266449.4836152,323.4393150806427,PLC -> IO,1.2598399999999998
1776266449.548824,323.50452399253845,PLC -> IO,21.11424
1776266449.611132,323.5668318271637,PLC -> IO,18.87952
1776266449.6715636,323.62726354599,PLC -> IO,1.66984
1776266449.7382684,323.693968296051,PLC -> IO,4.98048
1776266449.8022957,323.75799560546875,PLC -> IO,0.10296000000000001
1776266449.865152,323.8208518028259,PLC -> IO,3.37848
1776266449.9302413,323.88594126701355,PLC -> IO,4.34264
1776266449.9942713,323.94997119903564,PLC -> IO,1.38808
1776266450.0563323,324.0120322704315,PLC -> IO,2.70208
1776266450.1250746,324.08077454566956,PLC -> IO,14.97064
1776266450.1871932,324.142893075943,PLC -> IO,1.85936
1776266450.2482839,324.2039837837219,PLC -> IO,13.976
1776266450.3203204,324.2760202884674,PLC -> IO,1.68768
1776266450.3801517,324.3358516693115,PLC -> IO,0.8268000000000001
1776266450.4411612,324.396861076355,PLC -> IO,1.35376
1776266450.5168862,324.47258615493774,PLC -> IO,14.87176
1776266450.5699296,324.52562952041626,PLC -> IO,9.88024
1776266450.6322238,324.5879237651825,PLC -> IO,10.21496
1776266450.6976783,324.6533782482147,PLC -> IO,2.66488
1776266450.7629092,324.71860909461975,PLC -> IO,1.85904
1776266450.8248875,324.7805874347687,PLC -> IO,19.15744
1776266450.8901596,324.8458595275879,PLC -> IO,2.30912
1776266450.9526107,324.9083106517792,PLC -> IO,4.58488
1776266451.0213356,324.97703552246094,PLC -> IO,2.3942400000000004
1776266451.0815234,325.0372233390808,PLC -> IO,0.8744799999999999
1776266451.1472714,325.1029713153839,PLC -> IO,20.25624
1776266451.2101414,325.1658413410187,PLC -> IO,1.05512
1776266451.2738287,325.2295286655426,PLC -> IO,0.08424000000000001
1776266451.3415542,325.29725408554077,PLC -> IO,2.3532800000000003
1776266451.4000704,325.35577034950256,PLC -> IO,24.90032
1776266451.4642186,325.4199185371399,PLC -> IO,4.51776
1776266451.5289235,325.4846234321594,PLC -> IO,17.3412
1776266451.5912988,325.54699873924255,PLC -> IO,0.15288000000000002
1776266451.6565897,325.6122896671295,PLC -> IO,1.15968
1776266451.7219083,325.67760825157166,PLC -> IO,1.7872000000000001
1776266451.7837598,325.7394597530365,PLC -> IO,5.19832
1776266451.85047,325.80616998672485,PLC -> IO,5.40744
1776266451.9119623,325.867662191391,PLC -> IO,3.1628
1776266451.980385,325.93608498573303,PLC -> IO,0.7356
1776266452.0397673,325.9954671859741,PLC -> IO,4.11384
1776266452.119834,326.0755338668823,PLC -> IO,20.2608
1776266452.1676056,326.1233055591583,PLC -> IO,6.141360000000001
1776266452.2341592,326.1898591518402,PLC -> IO,6.737360000000001
1776266452.2948563,326.25055623054504,PLC -> IO,1.46448
1776266452.365848,326.3215479850769,PLC -> IO,7.7512
1776266452.4276454,326.3833453655243,PLC -> IO,4.125120000000001
1776266452.4964108,326.4521107673645,PLC -> IO,1.8256
1776266452.5549834,326.51068329811096,PLC -> IO,3.8423200000000004
1776266452.6165736,326.5722734928131,PLC -> IO,2.2904
1776266452.685149,326.6408488750458,PLC -> IO,9.51984
1776266452.745234,326.70093393325806,PLC -> IO,1.62696
1776266452.8105423,326.7662422657013,PLC -> IO,6.29328
1776266452.8755307,326.8312306404114,PLC -> IO,0.90672
1776266452.9420266,326.8977265357971,PLC -> IO,9.20992
1776266453.002791,326.95849084854126,PLC -> IO,5.8548
1776266453.0744991,327.0301990509033,PLC -> IO,4.8604
1776266453.1310434,327.08674335479736,PLC -> IO,3.61384
1776266453.197598,327.15329790115356,PLC -> IO,3.67032
1776266453.2614985,327.2171983718872,PLC -> IO,15.21696
1776266453.321494,327.2771940231323,PLC -> IO,1.27088
1776266453.4024498,327.358149766922,PLC -> IO,1.2672
1776266453.4501002,327.40580010414124,PLC -> IO,0.59912
1776266453.51421,327.46990990638733,PLC -> IO,6.1451199999999995
1776266453.5764065,327.53210639953613,PLC -> IO,3.53368
1776266453.6405342,327.59623408317566,PLC -> IO,1.1657600000000001
1776266453.7051287,327.66082859039307,PLC -> IO,1.6422400000000001
1776266453.7707913,327.72649121284485,PLC -> IO,4.92448
1776266453.834382,327.79008197784424,PLC -> IO,2.04256
1776266453.8981493,327.85384917259216,PLC -> IO,0.27648
1776266453.9623675,327.91806745529175,PLC -> IO,42.7948
1776266454.027978,327.9836778640747,PLC -> IO,0.8282400000000001
1776266454.0951362,328.0508360862732,PLC -> IO,1.16936
1776266454.1539993,328.1096992492676,PLC -> IO,0.21328
1776266454.2191057,328.1748056411743,PLC -> IO,2.1351199999999997
1776266454.2803175,328.23601746559143,PLC -> IO,0.7036
1776266454.3464377,328.3021376132965,PLC -> IO,0.08488
1776266454.4074745,328.36317443847656,PLC -> IO,7.626
1776266454.4730504,328.42875027656555,PLC -> IO,1.686
1776266454.537835,328.4935348033905,PLC -> IO,2.1064
1776266454.6004481,328.5561480522156,PLC -> IO,2.90112
1776266454.6724832,328.6281831264496,PLC -> IO,21.26144
1776266454.7270427,328.6827425956726,PLC -> IO,0.8296
1776266454.7992482,328.7549481391907,PLC -> IO,3.6704
1776266454.856528,328.81222796440125,PLC -> IO,0.46024
1776266454.9217489,328.87744879722595,PLC -> IO,4.23512
1776266454.9842112,328.93991112709045,PLC -> IO,0.07440000000000001
1776266455.0538971,329.0095970630646,PLC -> IO,1.2978399999999999
1776266455.1139932,329.0696930885315,PLC -> IO,3.33936
1776266455.1800992,329.1357991695404,PLC -> IO,0.12936
1776266455.2437336,329.19943356513977,PLC -> IO,21.4544
1776266455.3033497,329.25904965400696,PLC -> IO,0.49368
1776266455.3716831,329.32738304138184,PLC -> IO,17.0988
1776266455.4340456,329.3897454738617,PLC -> IO,3.07056
1776266455.50165,329.45735001564026,PLC -> IO,11.138959999999999
1776266455.5638263,329.51952624320984,PLC -> IO,1.6437599999999999
1776266455.629155,329.5848548412323,PLC -> IO,3.2378400000000003
1776266455.6884496,329.64414954185486,PLC -> IO,1.6848
1776266455.7539048,329.7096047401428,PLC -> IO,1.7081600000000001
1776266455.8167999,329.7724997997284,PLC -> IO,1.1837600000000001
1776266455.882171,329.83787083625793,PLC -> IO,1.79544
1776266455.9596827,329.9153826236725,PLC -> IO,6.8804799999999995
1776266456.008926,329.9646258354187,PLC -> IO,12.0704
1776266456.077925,330.03362488746643,PLC -> IO,2.19784
1776266456.1350794,330.0907793045044,PLC -> IO,1.33952
1776266456.2014236,330.1571235656738,PLC -> IO,8.581760000000001
1776266456.2632637,330.2189636230469,PLC -> IO,6.95224
1776266456.3302233,330.28592324256897,PLC -> IO,3.7024
1776266456.3980682,330.35376811027527,PLC -> IO,3.16336
1776266456.4601514,330.415851354599,PLC -> IO,4.11104
1776266456.521375,330.4770748615265,PLC -> IO,20.862479999999998
1776266456.5853572,330.54105710983276,PLC -> IO,5.17544
1776266456.6525013,330.6082012653351,PLC -> IO,17.625439999999998
1776266456.71221,330.66790986061096,PLC -> IO,2.04696
1776266456.7811854,330.73688530921936,PLC -> IO,14.08896
1776266456.8415034,330.7972033023834,PLC -> IO,3.84448
1776266456.9105823,330.86628222465515,PLC -> IO,12.435440000000002
1776266456.9701002,330.92580008506775,PLC -> IO,0.21208
1776266457.0337806,330.9894804954529,PLC -> IO,12.58824
1776266457.0988476,331.05454754829407,PLC -> IO,2.13136
1776266457.16004,331.1157398223877,PLC -> IO,1.3331199999999999
1776266457.2241707,331.17987060546875,PLC -> IO,26.162319999999998
1776266457.2887876,331.2444875240326,PLC -> IO,0.6112799999999999
1776266457.3597965,331.31549644470215,PLC -> IO,0.7017599999999999
1776266457.4167168,331.37241673469543,PLC -> IO,0.8268000000000001
1776266457.483734,331.4394338130951,PLC -> IO,0.63736
1776266457.5448258,331.5005257129669,PLC -> IO,3.09576
1776266457.6143262,331.5700261592865,PLC -> IO,2.15912
1776266457.671914,331.62761402130127,PLC -> IO,2.2541599999999997
1776266457.740352,331.6960518360138,PLC -> IO,2.2360800000000003
1776266457.8018658,331.75756573677063,PLC -> IO,8.908
1776266457.8654342,331.8211340904236,PLC -> IO,0.17664
1776266457.9287205,331.88442039489746,PLC -> IO,1.2864
1776266457.992687,331.9483869075775,PLC -> IO,2.5423199999999997
1776266458.0588346,332.0145344734192,PLC -> IO,0.6132000000000001
1776266458.1213822,332.077082157135,PLC -> IO,0.12760000000000002
1776266458.19272,332.14841985702515,PLC -> IO,14.89536
1776266458.2501454,332.20584535598755,PLC -> IO,5.62192
1776266458.313741,332.2694408893585,PLC -> IO,3.62744
1776266458.3773744,332.33307433128357,PLC -> IO,2.6212
1776266458.444685,332.4003849029541,PLC -> IO,0.5774400000000001
1776266458.505183,332.4608829021454,PLC -> IO,14.17072
1776266458.5737839,332.529483795166,PLC -> IO,5.70608
1776266458.6338296,332.58952951431274,PLC -> IO,1.6704
1776266458.6967657,332.6524655818939,PLC -> IO,1.6635199999999999
1776266458.7693067,332.7250065803528,PLC -> IO,1.6372
1776266458.824532,332.78023195266724,PLC -> IO,2.6738399999999998
1776266458.890488,332.8461878299713,PLC -> IO,7.06032
1776266458.9517708,332.907470703125,PLC -> IO,2.1884
1776266459.017725,332.973424911499,PLC -> IO,4.0959200000000004
1776266459.0804956,333.0361955165863,PLC -> IO,20.2692
1776266459.1463964,333.1020963191986,PLC -> IO,2.1060800000000004
1776266459.2101223,333.16582226753235,PLC -> IO,1.62392
1776266459.276682,333.2323818206787,PLC -> IO,15.18928
1776266459.3352492,333.29094910621643,PLC -> IO,3.6386399999999997
1776266459.4024332,333.35813307762146,PLC -> IO,3.9028
1776266459.4651723,333.4208722114563,PLC -> IO,1.64848
1776266459.5295908,333.48529076576233,PLC -> IO,0.7692
1776266459.5938957,333.5495955944061,PLC -> IO,2.93872
1776266459.6583633,333.61406326293945,PLC -> IO,0.7572
1776266459.7252517,333.6809515953064,PLC -> IO,12.158560000000001
1776266459.7956796,333.7513794898987,PLC -> IO,14.71832
1776266459.8509026,333.80660247802734,PLC -> IO,2.9291199999999997
1776266459.911502,333.86720180511475,PLC -> IO,6.136
1776266459.9766314,333.93233132362366,PLC -> IO,4.72552
1776266460.040185,333.9958848953247,PLC -> IO,1.61696
1776266460.105226,334.06092596054077,PLC -> IO,2.16264
1776266460.170141,334.1258409023285,PLC -> IO,1.40072
1776266460.2316394,334.1873393058777,PLC -> IO,4.56872
1776266460.2988098,334.2545096874237,PLC -> IO,2.9033599999999997
1776266460.367483,334.3231828212738,PLC -> IO,8.290479999999999
1776266460.4251614,334.38086128234863,PLC -> IO,5.92464
1776266460.4921103,334.44781017303467,PLC -> IO,4.0796
1776266460.5537035,334.50940346717834,PLC -> IO,5.296880000000001
1776266460.6168458,334.57254576683044,PLC -> IO,2.69944
1776266460.6839669,334.6396667957306,PLC -> IO,1.9627199999999998
1776266460.7443397,334.70003962516785,PLC -> IO,6.7104
1776266460.8103008,334.76600074768066,PLC -> IO,4.61352
1776266460.8739338,334.82963371276855,PLC -> IO,7.57136
1776266460.9352229,334.8909227848053,PLC -> IO,2.17712
1776266461.0013,334.95700001716614,PLC -> IO,0.23552
1776266461.0662518,335.02195167541504,PLC -> IO,10.17408
1776266461.1304185,335.08611845970154,PLC -> IO,0.12472000000000001
1776266461.1922488,335.14794874191284,PLC -> IO,0.2696
1776266461.2592242,335.21492409706116,PLC -> IO,1.65008
1776266461.3224957,335.27819561958313,PLC -> IO,2.7952
1776266461.3839557,335.3396556377411,PLC -> IO,1.6639199999999998
1776266461.4469004,335.4026002883911,PLC -> IO,3.27992
1776266461.5136385,335.4693384170532,PLC -> IO,1.5932
1776266461.5780342,335.53373408317566,PLC -> IO,7.1744
1776266461.6406276,335.59632754325867,PLC -> IO,34.223431999999995
1776266461.7126713,335.6683712005615,PLC -> IO,12.84168
1776266461.7682228,335.7239227294922,PLC -> IO,0.89952
1776266461.8361528,335.7918527126312,PLC -> IO,1.2859200000000002
1776266461.896637,335.8523368835449,PLC -> IO,5.68848
1776266461.9622066,335.91790652275085,PLC -> IO,5.2484
1776266462.0265656,335.9822654724121,PLC -> IO,5.78704
1776266462.0888333,336.04453325271606,PLC -> IO,8.16752
1776266462.1514554,336.10715532302856,PLC -> IO,2.03712
1776266462.215,336.1706998348236,PLC -> IO,2.12632
1776266462.282935,336.2386348247528,PLC -> IO,0.14135999999999999
1776266462.345354,336.3010540008545,PLC -> IO,28.07624
1776266462.410836,336.3665359020233,PLC -> IO,13.231440000000001
1776266462.4727764,336.42847633361816,PLC -> IO,1.6992
1776266462.5379162,336.493616104126,PLC -> IO,4.71528
1776266462.603988,336.5596878528595,PLC -> IO,3.23896
1776266462.6801252,336.6358251571655,PLC -> IO,2.76744
1776266462.7276008,336.6833007335663,PLC -> IO,4.5772
1776266462.7936573,336.74935722351074,PLC -> IO,0.26872
1776266462.8565462,336.81224608421326,PLC -> IO,3.75376
1776266462.9197009,336.87540078163147,PLC -> IO,14.151679999999999
1776266462.9894671,336.94516706466675,PLC -> IO,0.82528
1776266463.05218,337.0078799724579,PLC -> IO,1.6852
1776266463.11371,337.0694098472595,PLC -> IO,6.15304
1776266463.178943,337.13464283943176,PLC -> IO,2.13896
1776266463.24216,337.1978600025177,PLC -> IO,1.358
1776266463.305196,337.2608959674835,PLC -> IO,3.08904
1776266463.3705723,337.3262722492218,PLC -> IO,3.70824
1776266463.4329422,337.3886420726776,PLC -> IO,8.15016
1776266463.499648,337.45534801483154,PLC -> IO,5.0812
1776266463.5589724,337.5146722793579,PLC -> IO,6.184959999999999
1776266463.6275647,337.5832645893097,PLC -> IO,12.51584
1776266463.690041,337.64574098587036,PLC -> IO,7.545439999999999
1776266463.7550902,337.7107901573181,PLC -> IO,7.2887200000000005
1776266463.8176117,337.77331161499023,PLC -> IO,2.2342400000000002
1776266463.8801038,337.8358037471771,PLC -> IO,1.29112
1776266463.9460592,337.90175914764404,PLC -> IO,21.418960000000002
1776266464.0115118,337.96721172332764,PLC -> IO,3.51504
1776266464.0762937,338.0319936275482,PLC -> IO,12.70512
1776266464.1397765,338.0954763889313,PLC -> IO,1.20696
1776266464.2035875,338.15928745269775,PLC -> IO,24.86936
1776266464.2638812,338.21958112716675,PLC -> IO,2.91936
1776266464.3271387,338.28283858299255,PLC -> IO,3.69864
1776266464.3983042,338.3540041446686,PLC -> IO,4.26008
1776266464.4568875,338.4125874042511,PLC -> IO,1.77056
1776266464.5237207,338.47942066192627,PLC -> IO,4.05384
1776266464.584935,338.5406348705292,PLC -> IO,12.84936
1776266464.6502624,338.60596227645874,PLC -> IO,1.702552
1776266464.7152438,338.67094373703003,PLC -> IO,1.2534399999999999
1776266464.7791839,338.7348837852478,PLC -> IO,0.5648
1776266464.840415,338.7961149215698,PLC -> IO,2.25192
1776266464.9054308,338.8611307144165,PLC -> IO,26.59432
1776266464.9700036,338.9257035255432,PLC -> IO,1.712
1776266465.031676,338.98737597465515,PLC -> IO,6.59792
1776266465.0987568,339.05445671081543,PLC -> IO,0.22440000000000002
1776266465.160635,339.11633491516113,PLC -> IO,0.80472
1776266465.2267826,339.1824824810028,PLC -> IO,1.6360000000000001
1776266465.293548,339.2492480278015,PLC -> IO,2.54712
1776266465.3580365,339.3137364387512,PLC -> IO,3.19184
1776266465.4168892,339.3725891113281,PLC -> IO,1.19896
1776266465.487128,339.4428279399872,PLC -> IO,14.48248
1776266465.544041,339.4997408390045,PLC -> IO,1.70648
1776266465.611334,339.5670340061188,PLC -> IO,16.61568
1776266465.672571,339.6282708644867,PLC -> IO,1.33232
1776266465.7350821,339.6907820701599,PLC -> IO,0.03256
1776266465.8019686,339.7576684951782,PLC -> IO,19.690800000000003
1776266465.863839,339.8195388317108,PLC -> IO,6.075760000000001
1776266465.930088,339.8857879638672,PLC -> IO,0.40344
1776266465.9940345,339.9497344493866,PLC -> IO,3.62696
1776266466.0598586,340.01555848121643,PLC -> IO,3.61048
1776266466.120548,340.07624793052673,PLC -> IO,2.76248
1776266466.185469,340.14116883277893,PLC -> IO,13.65048
1776266466.2484467,340.20414662361145,PLC -> IO,4.30336
1776266466.3146574,340.2703573703766,PLC -> IO,3.24416
1776266466.3772025,340.33290243148804,PLC -> IO,3.8356000000000003
1776266466.4433932,340.39909315109253,PLC -> IO,2.2569600000000003
1776266466.5134735,340.4691734313965,PLC -> IO,13.25984
1776266466.5677357,340.52343559265137,PLC -> IO,1.19608
1776266466.6338925,340.5895924568176,PLC -> IO,6.0768
1776266466.6995738,340.6552736759186,PLC -> IO,0.36928
1776266466.7616615,340.7173614501953,PLC -> IO,26.89472
1776266466.8232884,340.77898836135864,PLC -> IO,1.8647200000000002
1776266466.896473,340.8521728515625,PLC -> IO,9.779039999999998
1776266466.9539387,340.90963864326477,PLC -> IO,1.13168
1776266467.0164692,340.9721691608429,PLC -> IO,1.1068799999999999
1776266467.080264,341.035964012146,PLC -> IO,2.04032
1776266467.1439102,341.09961009025574,PLC -> IO,2.02088
1776266467.2125595,341.1682593822479,PLC -> IO,0.34343999999999997
1776266467.2707818,341.2264816761017,PLC -> IO,3.0054399999999997
1776266467.340728,341.2964279651642,PLC -> IO,1.2163199999999998
1776266467.403554,341.3592538833618,PLC -> IO,8.72632
1776266467.4839644,341.4396643638611,PLC -> IO,14.776879999999998
1776266467.5322864,341.48798632621765,PLC -> IO,4.6392
1776266467.59989,341.5555899143219,PLC -> IO,2.79088
1776266467.656443,341.61214303970337,PLC -> IO,3.9
1776266467.7201788,341.67587876319885,PLC -> IO,1.35096
1776266467.7841656,341.73986554145813,PLC -> IO,8.61296
1776266467.8477738,341.8034737110138,PLC -> IO,1.13976
1776266467.9138536,341.869553565979,PLC -> IO,6.15032
1776266467.9786086,341.93430852890015,PLC -> IO,0.3776
1776266468.0429041,341.99860405921936,PLC -> IO,11.179440000000001
1776266468.1052275,342.06092739105225,PLC -> IO,5.13664
1776266468.1706302,342.1263301372528,PLC -> IO,1.6536000000000002
1776266468.2344313,342.19013118743896,PLC -> IO,3.19512
1776266468.3006365,342.2563364505768,PLC -> IO,8.2432
1776266468.365867,342.32156682014465,PLC -> IO,4.82808
1776266468.4400933,342.3957931995392,PLC -> IO,3.75048
1776266468.5025048,342.45820474624634,PLC -> IO,1.1812
1776266468.5587797,342.514479637146,PLC -> IO,8.81024
1776266468.6210706,342.5767705440521,PLC -> IO,5.12296
1776266468.6810598,342.6367597579956,PLC -> IO,1.8812799999999998
1776266468.7484195,342.70411944389343,PLC -> IO,9.727360000000001
1776266468.8076892,342.7633891105652,PLC -> IO,5.67608
1776266468.8753235,342.83102345466614,PLC -> IO,2.07464
1776266468.9388878,342.89458775520325,PLC -> IO,0.1332
1776266469.0021393,342.9578392505646,PLC -> IO,3.1504
1776266469.065181,343.0208809375763,PLC -> IO,1.0932
1776266469.1281722,343.08387207984924,PLC -> IO,6.33136
1776266469.1925843,343.14828419685364,PLC -> IO,2.76952
1776266469.2567997,343.2124996185303,PLC -> IO,0.12824
1776266469.327277,343.28297686576843,PLC -> IO,28.845840000000003
1776266469.382248,343.337947845459,PLC -> IO,5.141920000000001
1776266469.4503126,343.4060125350952,PLC -> IO,3.35672
1776266469.5118105,343.46751046180725,PLC -> IO,2.23624
1776266469.578647,343.53434681892395,PLC -> IO,1.18776
1776266469.6410818,343.59678173065186,PLC -> IO,1.6283999999999998
1776266469.7085526,343.66425251960754,PLC -> IO,14.7992
1776266469.7700367,343.725736618042,PLC -> IO,1.1412799999999999
1776266469.834829,343.79052901268005,PLC -> IO,8.7848
1776266469.8975472,343.85324716567993,PLC -> IO,3.69512
1776266469.959984,343.91568398475647,PLC -> IO,19.128880000000002
1776266470.02517,343.9808700084686,PLC -> IO,29.581840000000003
1776266470.092642,344.0483419895172,PLC -> IO,7.70336
1776266470.1537902,344.1094901561737,PLC -> IO,0.30912
1776266470.2173705,344.1730704307556,PLC -> IO,0.27704
1776266470.2867603,344.2424602508545,PLC -> IO,0.73624
1776266470.3489149,344.3046147823334,PLC -> IO,2.2864
1776266470.4103756,344.36607551574707,PLC -> IO,3.62152
1776266470.4724407,344.4281406402588,PLC -> IO,2.1400799999999998
1776266470.5366266,344.4923264980316,PLC -> IO,3.18776
1776266470.600003,344.5557029247284,PLC -> IO,12.71944
1776266470.6637993,344.61949920654297,PLC -> IO,5.18304
1776266470.730581,344.68628096580505,PLC -> IO,0.77488
1776266470.7991982,344.75489807128906,PLC -> IO,6.15624
1776266470.860293,344.81599283218384,PLC -> IO,7.659680000000001
1776266470.9214442,344.87714409828186,PLC -> IO,1.82592
1776266470.9892402,344.94494009017944,PLC -> IO,1.65448
1776266471.0513246,345.00702452659607,PLC -> IO,2.76016
1776266471.1139152,345.0696151256561,PLC -> IO,1.89336
1776266471.175914,345.13161396980286,PLC -> IO,3.1454400000000002
1776266471.2421777,345.19787764549255,PLC -> IO,1.20224
1776266471.3140805,345.26978039741516,PLC -> IO,3.71952
1776266471.3677816,345.3234815597534,PLC -> IO,1.56168
1776266471.4354389,345.39113879203796,PLC -> IO,6.11368
1776266471.496453,345.452152967453,PLC -> IO,3.25456
1776266471.561509,345.517208814621,PLC -> IO,18.14872
1776266471.6237907,345.5794906616211,PLC -> IO,12.64008
1776266471.6930943,345.64879417419434,PLC -> IO,14.784479999999999
1776266471.7521126,345.7078125476837,PLC -> IO,1.7968000000000002
1776266471.8195999,345.77529978752136,PLC -> IO,2.6448
1776266471.8829474,345.83864736557007,PLC -> IO,21.24376
1776266471.9432669,345.8989667892456,PLC -> IO,2.7152000000000003
1776266472.0109842,345.9666841030121,PLC -> IO,0.73592
1776266472.07453,346.0302298069,PLC -> IO,2.3487199999999997
1776266472.139695,346.0953948497772,PLC -> IO,0.8005599999999999
1776266472.2018132,346.1575131416321,PLC -> IO,0.76712
1776266472.2665887,346.222288608551,PLC -> IO,0.73496
1776266472.3276875,346.28338742256165,PLC -> IO,0.56264
1776266472.3971977,346.35289764404297,PLC -> IO,0.26392
1776266472.4562042,346.4119040966034,PLC -> IO,0.458
1776266472.5217092,346.4774091243744,PLC -> IO,0.85896
1776266472.5849779,346.5406777858734,PLC -> IO,25.84664
1776266472.6494868,346.6051867008209,PLC -> IO,15.352552000000001
1776266472.7114437,346.66714358329773,PLC -> IO,3.59872
1776266472.7764955,346.73219537734985,PLC -> IO,0.65064
1776266472.8421893,346.7978892326355,PLC -> IO,7.60816
1776266472.9048736,346.86057353019714,PLC -> IO,4.13056
1776266472.9702067,346.9259066581726,PLC -> IO,5.2436
1776266473.0330334,346.988733291626,PLC -> IO,1.2201600000000001
1776266473.099796,347.05549597740173,PLC -> IO,3.66336
1776266473.162398,347.1180980205536,PLC -> IO,7.41496
1776266473.2268233,347.18252325057983,PLC -> IO,0.38952000000000003
1776266473.2888038,347.244503736496,PLC -> IO,1.16096
1776266473.3537276,347.3094274997711,PLC -> IO,2.5824
1776266473.4165745,347.3722743988037,PLC -> IO,1.22512
1776266473.4802291,347.4359290599823,PLC -> IO,1.16776
1776266473.5518343,347.5075342655182,PLC -> IO,17.7356
1776266473.607735,347.56343483924866,PLC -> IO,2.4694399999999996
1776266473.6778953,347.6335952281952,PLC -> IO,13.36512
1776266473.7357225,347.6914224624634,PLC -> IO,0.36776000000000003
1776266473.804987,347.76068687438965,PLC -> IO,0.35376
1776266473.8652153,347.82091522216797,PLC -> IO,14.88664
1776266473.9323332,347.8880331516266,PLC -> IO,12.70904
1776266473.9933577,347.9490575790405,PLC -> IO,3.2564
1776266474.0587962,348.01449608802795,PLC -> IO,3.10256
1776266474.1204753,348.0761752128601,PLC -> IO,5.66976
1776266474.1853766,348.1410765647888,PLC -> IO,0.16896
1776266474.2498505,348.2055504322052,PLC -> IO,2.2304
1776266474.3160174,348.2717173099518,PLC -> IO,5.7208
1776266474.3799453,348.335645198822,PLC -> IO,0.69944
1776266474.4415846,348.39728450775146,PLC -> IO,25.75032
1776266474.5055883,348.46128821372986,PLC -> IO,18.374399999999998
1776266474.5700927,348.52579259872437,PLC -> IO,0.66296
1776266474.633776,348.58947587013245,PLC -> IO,6.636559999999999
1776266474.697627,348.6533269882202,PLC -> IO,0.21728
1776266474.761442,348.71714186668396,PLC -> IO,0.31536
1776266474.8245282,348.78022813796997,PLC -> IO,1.79376
1776266474.888124,348.8438239097595,PLC -> IO,12.3064
1776266474.956481,348.91218090057373,PLC -> IO,3.34048
1776266475.0152571,348.97095704078674,PLC -> IO,1.62528
1776266475.0836122,349.0393121242523,PLC -> IO,1.80464
1776266475.1471584,349.1028583049774,PLC -> IO,23.74544
1776266475.2129264,349.16862630844116,PLC -> IO,0.7028
1776266475.27491,349.2306098937988,PLC -> IO,3.33176
1776266475.3390253,349.29472517967224,PLC -> IO,3.41472
1776266475.3999712,349.35567116737366,PLC -> IO,4.6821600000000005
1776266475.4687052,349.4244050979614,PLC -> IO,6.10712
1776266475.5301454,349.4858453273773,PLC -> IO,3.17512
1776266475.5933392,349.5490391254425,PLC -> IO,13.94128
1776266475.6588356,349.61453557014465,PLC -> IO,0.24216
1776266475.7241123,349.67981219291687,PLC -> IO,12.75408
1776266475.7884138,349.74411368370056,PLC -> IO,0.30656
1776266475.8502803,349.8059802055359,PLC -> IO,2.3136799999999997
1776266475.9188633,349.8745632171631,PLC -> IO,0.8667199999999999
1776266475.9768007,349.9325006008148,PLC -> IO,5.33944
1776266476.0435567,349.99925661087036,PLC -> IO,5.1336
1776266476.103695,350.0593948364258,PLC -> IO,1.1874399999999998
1776266476.1688218,350.1245217323303,PLC -> IO,6.12184
1776266476.2400327,350.1957325935364,PLC -> IO,13.7972
1776266476.2985046,350.25420451164246,PLC -> IO,1.7
1776266476.3710997,350.3267996311188,PLC -> IO,1.2499200000000001
1776266476.4238338,350.3795337677002,PLC -> IO,14.596319999999999
1776266476.4985929,350.45429277420044,PLC -> IO,10.88
1776266476.5534372,350.5091371536255,PLC -> IO,3.75336
1776266476.6187212,350.57442116737366,PLC -> IO,16.63768
1776266476.6825206,350.63822054862976,PLC -> IO,0.79776
1776266476.7453117,350.70101165771484,PLC -> IO,6.34648
1776266476.8088403,350.7645401954651,PLC -> IO,3.7196
1776266476.872968,350.8286678791046,PLC -> IO,1.21464
1776266476.9382863,350.8939862251282,PLC -> IO,0.7427199999999999
1776266477.0021446,350.9578444957733,PLC -> IO,33.8884
1776266477.070696,351.02639603614807,PLC -> IO,11.727680000000001
1776266477.1277266,351.0834264755249,PLC -> IO,5.6276
1776266477.1977358,351.1534357070923,PLC -> IO,3.84448
1776266477.2588472,351.2145471572876,PLC -> IO,1.21656
1776266477.3218882,351.2775881290436,PLC -> IO,17.17984
1776266477.38618,351.3418798446655,PLC -> IO,1.18024
1776266477.45002,351.40571999549866,PLC -> IO,0.70112
1776266477.515091,351.4707908630371,PLC -> IO,2.35664
1776266477.579725,351.53542494773865,PLC -> IO,4.33568
1776266477.64292,351.59861993789673,PLC -> IO,0.21023999999999998
1776266477.7038274,351.65952730178833,PLC -> IO,30.6836
1776266477.7676618,351.72336173057556,PLC -> IO,7.258
1776266477.8338223,351.7895221710205,PLC -> IO,2.71616
1776266477.8979926,351.8536925315857,PLC -> IO,2.1144800000000004
1776266477.9612896,351.91698956489563,PLC -> IO,0.4476
1776266478.0297875,351.9854874610901,PLC -> IO,16.6548
1776266478.087478,352.0431778430939,PLC -> IO,1.39536
1776266478.1537733,352.1094732284546,PLC -> IO,12.65048
1776266478.217637,352.17333698272705,PLC -> IO,0.2056
1776266478.2802062,352.235906124115,PLC -> IO,12.33368
1776266478.3449066,352.3006064891815,PLC -> IO,7.993760000000001
1776266478.4077783,352.36347818374634,PLC -> IO,3.69472
1776266478.471642,352.4273419380188,PLC -> IO,2.7276800000000003
1776266478.541141,352.4968409538269,PLC -> IO,1.43232
1776266478.6042273,352.5599272251129,PLC -> IO,0.61064
1776266478.6647408,352.62044072151184,PLC -> IO,13.27032
1776266478.7327995,352.6884994506836,PLC -> IO,3.78728
1776266478.7924845,352.74818444252014,PLC -> IO,3.07872
1776266478.8579204,352.8136203289032,PLC -> IO,4.74456
1776266478.9256537,352.8813536167145,PLC -> IO,0.77344
1776266478.984766,352.940465927124,PLC -> IO,14.87816
1776266479.0500062,353.00570607185364,PLC -> IO,0.63248
1776266479.1151235,353.070823431015,PLC -> IO,1.1628
1776266479.1786695,353.13436937332153,PLC -> IO,2.77512
1776266479.2399342,353.1956341266632,PLC -> IO,1.09848
1776266479.310182,353.26588201522827,PLC -> IO,17.45544
1776266479.3675997,353.32329964637756,PLC -> IO,5.71496
1776266479.4351585,353.39085841178894,PLC -> IO,3.3304
1776266479.498887,353.45458698272705,PLC -> IO,9.53136
1776266479.5628245,353.51852440834045,PLC -> IO,22.64104
1776266479.6250327,353.58073258399963,PLC -> IO,1.26912
1776266479.6889782,353.6446781158447,PLC -> IO,3.21336
1776266479.7539575,353.7096574306488,PLC -> IO,1.17896
1776266479.8188334,353.77453327178955,PLC -> IO,0.63088
1776266479.884887,353.84058690071106,PLC -> IO,7.185440000000001
1776266479.943986,353.8996858596802,PLC -> IO,6.7576
1776266480.0099955,353.96569538116455,PLC -> IO,3.05704
1776266480.0712464,354.02694630622864,PLC -> IO,13.7864
1776266480.1385584,354.09425830841064,PLC -> IO,2.81496
1776266480.2014427,354.15714263916016,PLC -> IO,1.3464
1776266480.2829123,354.2386121749878,PLC -> IO,10.19792
1776266480.330046,354.2857458591461,PLC -> IO,4.26032
1776266480.3948834,354.35058331489563,PLC -> IO,4.76256
1776266480.4587982,354.414498090744,PLC -> IO,0.86448
1776266480.5199866,354.4756865501404,PLC -> IO,7.632
1776266480.5850852,354.540785074234,PLC -> IO,2.09912
1776266480.6541598,354.6098597049713,PLC -> IO,6.2397599999999995
1776266480.7166343,354.67233419418335,PLC -> IO,3.13904
1776266480.779149,354.73484897613525,PLC -> IO,2.81488
1776266480.8432145,354.79891443252563,PLC -> IO,16.27448
1776266480.9074304,354.86313033103943,PLC -> IO,1.1853600000000002
1776266480.9702878,354.9259877204895,PLC -> IO,4.72608
1776266481.0315762,354.9872760772705,PLC -> IO,1.84216
1776266481.0985265,355.054226398468,PLC -> IO,8.982000000000001
1776266481.1614656,355.1171655654907,PLC -> IO,6.18464
1776266481.2310035,355.1867034435272,PLC -> IO,1.9694399999999999
1776266481.2899525,355.2456524372101,PLC -> IO,3.28272
1776266481.3518243,355.30752420425415,PLC -> IO,0.64728
1776266481.4187875,355.37448740005493,PLC -> IO,2.6627199999999998
1776266481.4838624,355.43956232070923,PLC -> IO,0.10176
1776266481.54494,355.5006399154663,PLC -> IO,14.347840000000001
1776266481.6097429,355.56544280052185,PLC -> IO,2.8003199999999997
1776266481.673694,355.62939381599426,PLC -> IO,5.95624
1776266481.7382596,355.6939594745636,PLC -> IO,2.34936
1776266481.801775,355.757474899292,PLC -> IO,16.22264
1776266481.8692777,355.8249776363373,PLC -> IO,16.497040000000002
1776266481.928701,355.884400844574,PLC -> IO,0.66976
1776266481.9926531,355.9483530521393,PLC -> IO,2.19904
1776266482.0589833,356.01468324661255,PLC -> IO,2.834
1776266482.1213484,356.0770483016968,PLC -> IO,25.736559999999997
1776266482.1856325,356.1413323879242,PLC -> IO,1.6737600000000001
1776266482.250605,356.20630502700806,PLC -> IO,4.18456
1776266482.3161416,356.2718415260315,PLC -> IO,2.612
1776266482.3852103,356.3409101963043,PLC -> IO,4.17664
1776266482.44249,356.3981900215149,PLC -> IO,0.78696
1776266482.5035224,356.45922231674194,PLC -> IO,1.5633599999999999
1776266482.5702446,356.52594447135925,PLC -> IO,3.74376
1776266482.6329348,356.5886347293854,PLC -> IO,0.70072
1776266482.6971495,356.6528494358063,PLC -> IO,0.34152
1776266482.7617807,356.71748065948486,PLC -> IO,1.7416
1776266482.8265839,356.782283782959,PLC -> IO,28.16208
1776266482.8876767,356.8433766365051,PLC -> IO,1.25192
1776266482.9561772,356.91187715530396,PLC -> IO,0.40808
1776266483.0165286,356.9722285270691,PLC -> IO,3.36248
1776266483.0818572,357.03755712509155,PLC -> IO,17.20864
1776266483.1447985,357.10049843788147,PLC -> IO,1.33472
1776266483.2088237,357.164523601532,PLC -> IO,4.2079200000000005
1776266483.275927,357.2316269874573,PLC -> IO,1.47232
1776266483.3372042,357.29290413856506,PLC -> IO,1.29032
1776266483.402895,357.3585948944092,PLC -> IO,9.18872
1776266483.4652994,357.42099928855896,PLC -> IO,14.22664
1776266483.5302343,357.4859342575073,PLC -> IO,2.18568
1776266483.5937915,357.54949140548706,PLC -> IO,1.694
1776266483.6594033,357.6151032447815,PLC -> IO,2.67728
1776266483.721689,357.6773889064789,PLC -> IO,5.85992
1776266483.8011553,357.7568552494049,PLC -> IO,3.7396000000000003
1776266483.8475065,357.8032064437866,PLC -> IO,3.19152
1776266483.9125617,357.86826157569885,PLC -> IO,8.82136
1776266483.9766035,357.9323034286499,PLC -> IO,2.19296
1776266484.0399804,357.99568033218384,PLC -> IO,0.27352000000000004
1776266484.109461,358.06516098976135,PLC -> IO,6.83288
1776266484.1683404,358.1240403652191,PLC -> IO,0.39168
1776266484.2353857,358.1910855770111,PLC -> IO,2.1756
1776266484.296159,358.25185894966125,PLC -> IO,2.8110399999999998
1776266484.3682544,358.3239543437958,PLC -> IO,1.2225599999999999
1776266484.4246871,358.3803870677948,PLC -> IO,1.6684
1776266484.4957187,358.45141863822937,PLC -> IO,4.324
1776266484.5553966,358.51109647750854,PLC -> IO,2.96032
1776266484.6190896,358.57478952407837,PLC -> IO,3.6049599999999997
1776266484.6819212,358.6376211643219,PLC -> IO,32.75472
1776266484.7451315,358.70083141326904,PLC -> IO,6.72168
1776266484.808767,358.7644670009613,PLC -> IO,1.0996000000000001
1776266484.8740785,358.82977843284607,PLC -> IO,9.71672
1776266484.9387858,358.8944857120514,PLC -> IO,1.18152
1776266484.9998,358.95549988746643,PLC -> IO,1.36064
1776266485.066353,359.02205300331116,PLC -> IO,2.85496
1776266485.1300762,359.08577609062195,PLC -> IO,0.32232
1776266485.1937633,359.1494631767273,PLC -> IO,3.65104
1776266485.2619798,359.2176797389984,PLC -> IO,0.56576
1776266485.3221557,359.27785563468933,PLC -> IO,0.46240000000000003
1776266485.3850975,359.3407974243164,PLC -> IO,28.19152
1776266485.4471169,359.40281677246094,PLC -> IO,4.42352
1776266485.5124035,359.4681034088135,PLC -> IO,1.61528
1776266485.578502,359.53420186042786,PLC -> IO,0.97392
1776266485.6429505,359.59865045547485,PLC -> IO,2.56344
1776266485.7037063,359.65940618515015,PLC -> IO,0.77352
1776266485.7699194,359.7256193161011,PLC -> IO,0.59752
1776266485.8352196,359.7909195423126,PLC -> IO,1.1840799999999998
1776266485.8979363,359.853636264801,PLC -> IO,0.73528
1776266485.9615238,359.9172236919403,PLC -> IO,12.18176
1776266486.0245254,359.98022532463074,PLC -> IO,0.39928
1776266486.0899198,360.04561972618103,PLC -> IO,0.77496
1776266486.151171,360.1068708896637,PLC -> IO,4.61328
1776266486.218408,360.17410802841187,PLC -> IO,0.34168000000000004
1776266486.2812433,360.2369432449341,PLC -> IO,0.7398399999999999
1776266486.3503497,360.3060495853424,PLC -> IO,1.5776
1776266486.407933,360.3636329174042,PLC -> IO,8.68608
1776266486.4749908,360.43069076538086,PLC -> IO,4.72736
1776266486.537876,360.4935758113861,PLC -> IO,4.71744
1776266486.6057792,360.5614790916443,PLC -> IO,0.2076
1776266486.6741655,360.6298654079437,PLC -> IO,5.23968
1776266486.731163,360.68686294555664,PLC -> IO,3.82272
1776266486.7927177,360.7484176158905,PLC -> IO,1.18512
1776266486.8565733,360.8122732639313,PLC -> IO,2.6496
1776266486.921435,360.87713503837585,PLC -> IO,1.13048
1776266486.9834347,360.9391345977783,PLC -> IO,24.74904
1776266487.049992,361.00569200515747,PLC -> IO,0.15072
1776266487.1150415,361.0707414150238,PLC -> IO,8.805439999999999
1776266487.1789157,361.13461565971375,PLC -> IO,6.1888000000000005
1776266487.2424433,361.1981432437897,PLC -> IO,20.81064
1776266487.3045633,361.2602632045746,PLC -> IO,6.54072
1776266487.3702998,361.3259997367859,PLC -> IO,2.20016
1776266487.4321404,361.3878402709961,PLC -> IO,5.8072
1776266487.5000505,361.45575046539307,PLC -> IO,0.31928
1776266487.566649,361.5223488807678,PLC -> IO,0.73576
1776266487.6240268,361.5797266960144,PLC -> IO,4.30592
1776266487.6973956,361.6530954837799,PLC -> IO,5.2672
1776266487.7537754,361.70947527885437,PLC -> IO,7.25088
1776266487.8193333,361.7750332355499,PLC -> IO,0.8011999999999999
1776266487.8814049,361.8371047973633,PLC -> IO,11.122399999999999
1776266487.9461775,361.9018774032593,PLC -> IO,24.75072
1776266488.0105717,361.96627163887024,PLC -> IO,16.70976
1776266488.0717835,362.02748346328735,PLC -> IO,2.1612799999999996
1776266488.1376238,362.09332370758057,PLC -> IO,1.21232
1776266488.2024596,362.1581594944,PLC -> IO,0.71416
1776266488.2639067,362.2196066379547,PLC -> IO,0.14816
1776266488.3302138,362.2859137058258,PLC -> IO,4.21832
1776266488.3940709,362.34977078437805,PLC -> IO,5.71704
1776266488.4609547,362.416654586792,PLC -> IO,5.74296
1776266488.5231118,362.47881174087524,PLC -> IO,15.19928
1776266488.5887895,362.5444893836975,PLC -> IO,15.17408
1776266488.648639,362.60433888435364,PLC -> IO,0.11416000000000001
1776266488.7162127,362.6719126701355,PLC -> IO,2.39464
1776266488.776663,362.73236298561096,PLC -> IO,2.17816
1776266488.839711,362.79541087150574,PLC -> IO,1.6475199999999999
1776266488.9060903,362.8617901802063,PLC -> IO,7.73112
1776266488.9715073,362.9272072315216,PLC -> IO,0.618
1776266489.0316613,362.98736119270325,PLC -> IO,8.138319999999998
1776266489.0962129,363.0519127845764,PLC -> IO,0.31416
1776266489.1627605,363.1184604167938,PLC -> IO,0.43816
1776266489.2252197,363.1809196472168,PLC -> IO,18.83088
1776266489.2926812,363.2483811378479,PLC -> IO,0.17184000000000002
1776266489.3524787,363.3081786632538,PLC -> IO,0.05664
1776266489.418922,363.37462186813354,PLC -> IO,16.17944
1776266489.4825084,363.4382083415985,PLC -> IO,0.8305600000000001
1776266489.544757,363.50045680999756,PLC -> IO,4.87536
1776266489.6099987,363.5656986236572,PLC -> IO,2.20456
1776266489.674544,363.63024401664734,PLC -> IO,4.79456
1776266489.7375093,363.69320917129517,PLC -> IO,1.15528
1776266489.8010569,363.75675678253174,PLC -> IO,24.6004
1776266489.8665807,363.8222806453705,PLC -> IO,3.6778399999999998
1776266489.927675,363.8833749294281,PLC -> IO,5.244000000000001
1776266489.99766,363.9533598423004,PLC -> IO,2.33424
1776266490.0570931,364.01279306411743,PLC -> IO,1.83568
1776266490.1228514,364.07855129241943,PLC -> IO,0.73856
1776266490.1851263,364.14082622528076,PLC -> IO,0.7017599999999999
1776266490.2481623,364.2038621902466,PLC -> IO,5.77696
1776266490.3124442,364.2681441307068,PLC -> IO,1.71744
1776266490.3809705,364.33667039871216,PLC -> IO,2.82168
1776266490.4434314,364.3991312980652,PLC -> IO,5.15144
1776266490.507197,364.46289682388306,PLC -> IO,26.30424
1776266490.569883,364.52558302879333,PLC -> IO,0.69168
1776266490.6347535,364.59045338630676,PLC -> IO,6.12136
1776266490.698715,364.65441489219666,PLC -> IO,0.86368
1776266490.7610586,364.71675848960876,PLC -> IO,1.72056
1776266490.827307,364.7830069065094,PLC -> IO,7.8307199999999995
1776266490.8885038,364.84420371055603,PLC -> IO,3.03376
1776266490.9537125,364.9094123840332,PLC -> IO,16.369120000000002
1776266491.0172887,364.97298860549927,PLC -> IO,2.70064
1776266491.092444,365.048143863678,PLC -> IO,6.75856
1776266491.1438837,365.09958362579346,PLC -> IO,0.74416
1776266491.2120812,365.16778111457825,PLC -> IO,0.37184
1776266491.2782292,365.2339291572571,PLC -> IO,0.224
1776266491.3377113,365.2934112548828,PLC -> IO,0.63736
1776266491.4028938,365.3585937023163,PLC -> IO,3.0849599999999997
1776266491.4648652,365.4205651283264,PLC -> IO,18.530640000000002
1776266491.5298762,365.4855761528015,PLC -> IO,0.61248
1776266491.592187,365.5478868484497,PLC -> IO,2.7511200000000002
1776266491.6576214,365.6133213043213,PLC -> IO,0.20136
1776266491.72006,365.67576003074646,PLC -> IO,2.63264
1776266491.7838717,365.7395715713501,PLC -> IO,16.6548
1776266491.8471167,365.8028166294098,PLC -> IO,2.75632
1776266491.9147694,365.87046933174133,PLC -> IO,3.84744
1776266491.9787827,365.9344825744629,PLC -> IO,2.4684
1776266492.03972,365.99541997909546,PLC -> IO,1.9417600000000002
1776266492.1048584,366.0605583190918,PLC -> IO,5.4343200000000005
1776266492.168875,366.12457489967346,PLC -> IO,5.188479999999999
1776266492.2350454,366.19074535369873,PLC -> IO,0.68072
1776266492.2982495,366.2539494037628,PLC -> IO,1.85984
1776266492.3671503,366.32285022735596,PLC -> IO,38.910399999999996
1776266492.4268653,366.3825652599335,PLC -> IO,4.24096
1776266492.4935038,366.4492037296295,PLC -> IO,5.6508
1776266492.5548534,366.51055335998535,PLC -> IO,2.7796000000000003
1776266492.6153035,366.57100343704224,PLC -> IO,3.6800800000000002
1776266492.6814518,366.63715171813965,PLC -> IO,20.15448
1776266492.743397,366.6990969181061,PLC -> IO,0.38376000000000005
1776266492.8101122,366.7658121585846,PLC -> IO,16.544079999999997
1776266492.8746939,366.83039379119873,PLC -> IO,0.28952
1776266492.9386683,366.8943681716919,PLC -> IO,2.70112
1776266493.0032647,366.95896458625793,PLC -> IO,5.063759999999999
1776266493.0644376,367.02013754844666,PLC -> IO,27.68536
1776266493.1278284,367.0835282802582,PLC -> IO,4.6140799999999995
1776266493.192092,367.1477918624878,PLC -> IO,4.22392
1776266493.256297,367.2119970321655,PLC -> IO,6.67752
1776266493.325219,367.2809188365936,PLC -> IO,4.61024
1776266493.3864734,367.3421733379364,PLC -> IO,18.81648
1776266493.4476805,367.40338039398193,PLC -> IO,1.266
1776266493.5191655,367.47486543655396,PLC -> IO,6.842639999999999
1776266493.576212,367.5319118499756,PLC -> IO,2.0644
1776266493.6407945,367.59649443626404,PLC -> IO,16.072792
1776266493.7061336,367.661833524704,PLC -> IO,2.45424
1776266493.7720466,367.7277464866638,PLC -> IO,14.189119999999999
1776266493.8316574,367.78735733032227,PLC -> IO,1.9526400000000002
1776266493.8965702,367.8522701263428,PLC -> IO,0.62416
1776266493.9636745,367.9193744659424,PLC -> IO,3.76528
1776266494.0241077,367.97980761528015,PLC -> IO,1.1892800000000001
1776266494.0920868,368.0477867126465,PLC -> IO,2.27072
1776266494.1544476,368.1101474761963,PLC -> IO,1.77976
1776266494.218996,368.17469596862793,PLC -> IO,2.60168
1776266494.281685,368.23738503456116,PLC -> IO,6.831519999999999
1776266494.3499806,368.30568051338196,PLC -> IO,19.6632
1776266494.406931,368.3626308441162,PLC -> IO,3.80336
1776266494.4742312,368.42993116378784,PLC -> IO,1.43224
1776266494.5363421,368.49204206466675,PLC -> IO,1.1468800000000001
1776266494.6002815,368.5559813976288,PLC -> IO,6.08472
1776266494.6634364,368.6191363334656,PLC -> IO,9.36288
1776266494.7277253,368.6834251880646,PLC -> IO,3.7444800000000003
1776266494.793888,368.7495880126953,PLC -> IO,19.254
1776266494.8589752,368.81467509269714,PLC -> IO,8.53536
1776266494.9253464,368.881046295166,PLC -> IO,19.1556
1776266494.9852028,368.94090270996094,PLC -> IO,1.18488
1776266495.0499892,369.0056891441345,PLC -> IO,0.73784
1776266495.1161678,369.0718677043915,PLC -> IO,1.24784
1776266495.1779566,369.13365650177,PLC -> IO,9.84848
1776266495.241876,369.1975758075714,PLC -> IO,4.33328
1776266495.3056877,369.2613875865936,PLC -> IO,17.13072
1776266495.3697832,369.325483083725,PLC -> IO,0.09048
1776266495.434987,369.39068698883057,PLC -> IO,1.7769599999999999
1776266495.4999046,369.45560455322266,PLC -> IO,16.23808
1776266495.5611165,369.51681637763977,PLC -> IO,1.20768
1776266495.6439495,369.5996494293213,PLC -> IO,10.787192
1776266495.6876338,369.6433336734772,PLC -> IO,3.7475199999999997
1776266495.7612774,369.7169773578644,PLC -> IO,8.20664
1776266495.816382,369.77208185195923,PLC -> IO,8.55648
1776266495.8813553,369.8370552062988,PLC -> IO,4.84336
1776266495.9451113,369.90081119537354,PLC -> IO,3.7651999999999997
1776266496.008114,369.96381402015686,PLC -> IO,10.418000000000001
1776266496.0723116,370.02801156044006,PLC -> IO,2.8216
1776266496.1379774,370.0936772823334,PLC -> IO,0.7668799999999999
1776266496.2027996,370.1584994792938,PLC -> IO,13.33752
1776266496.2634845,370.2191843986511,PLC -> IO,4.14104
1776266496.3321056,370.287805557251,PLC -> IO,1.53328
1776266496.3971794,370.3528792858124,PLC -> IO,0.7092799999999999
1776266496.4598475,370.41554737091064,PLC -> IO,0.31432
1776266496.522553,370.47825288772583,PLC -> IO,0.18288000000000001
1776266496.5849195,370.54061937332153,PLC -> IO,7.68256
1776266496.653674,370.6093738079071,PLC -> IO,1.0444
1776266496.715306,370.6710059642792,PLC -> IO,11.99104
1776266496.7787356,370.7344355583191,PLC -> IO,0.2992
1776266496.8398464,370.79554629325867,PLC -> IO,2.8268
1776266496.9050882,370.86078810691833,PLC -> IO,13.126240000000001
1776266496.9670205,370.9227204322815,PLC -> IO,11.75968
1776266497.0351036,370.9908034801483,PLC -> IO,4.61664
1776266497.0977957,371.05349564552307,PLC -> IO,3.9026400000000003
1776266497.1628697,371.11856961250305,PLC -> IO,4.06776
1776266497.223688,371.17938780784607,PLC -> IO,3.17976
1776266497.2919586,371.24765849113464,PLC -> IO,0.27831999999999996
1776266497.3551557,371.31085562705994,PLC -> IO,0.7263999999999999
1776266497.4163628,371.37206268310547,PLC -> IO,7.1070400000000005
1776266497.4815214,371.43722128868103,PLC -> IO,24.647840000000002
1776266497.5446663,371.5003662109375,PLC -> IO,1.29792
1776266497.6114788,371.5671787261963,PLC -> IO,5.66344
1776266497.673524,371.62922382354736,PLC -> IO,2.77792
1776266497.738632,371.69433188438416,PLC -> IO,16.86696
1776266497.8017259,371.7574257850647,PLC -> IO,0.7693599999999999
1776266497.864998,371.8206980228424,PLC -> IO,1.0968799999999999
1776266497.9328256,371.88852548599243,PLC -> IO,1.1896
1776266497.994006,371.9497058391571,PLC -> IO,1.08632
1776266498.057422,372.013121843338,PLC -> IO,0.44992
1776266498.123429,372.0791289806366,PLC -> IO,11.36768
1776266498.1835115,372.1392114162445,PLC -> IO,27.27656
1776266498.2475622,372.203262090683,PLC -> IO,0.9372
1776266498.3148882,372.27058815956116,PLC -> IO,6.65528
1776266498.3796823,372.3353822231293,PLC -> IO,2.67408
1776266498.4414306,372.39713048934937,PLC -> IO,1.0976
1776266498.5070822,372.4627821445465,PLC -> IO,7.8648
1776266498.572205,372.5279049873352,PLC -> IO,2.31
1776266498.6371536,372.5928535461426,PLC -> IO,3.71944
1776266498.7040296,372.6597294807434,PLC -> IO,6.84696
1776266498.7639883,372.71968817710876,PLC -> IO,11.19928
1776266498.8237078,372.7794077396393,PLC -> IO,1.45328
1776266498.8901563,372.8458561897278,PLC -> IO,2.2448
1776266498.955606,372.9113059043884,PLC -> IO,3.14696
1776266499.0249453,372.98064517974854,PLC -> IO,12.74768
1776266499.082619,373.0383188724518,PLC -> IO,0.57856
1776266499.1456542,373.10135412216187,PLC -> IO,19.105919999999998
1776266499.2076254,373.1633253097534,PLC -> IO,1.29176
1776266499.2751794,373.2308793067932,PLC -> IO,10.79552
1776266499.3388438,373.29454374313354,PLC -> IO,1.20576
1776266499.400342,373.35604190826416,PLC -> IO,1.17296
1776266499.4660017,373.421701669693,PLC -> IO,9.91016
1776266499.530513,373.4862129688263,PLC -> IO,14.16896
1776266499.5933442,373.54904413223267,PLC -> IO,1.5084
1776266499.6572464,373.61294627189636,PLC -> IO,3.6387199999999997
1776266499.724304,373.68000388145447,PLC -> IO,0.71256
1776266499.7848244,373.7405242919922,PLC -> IO,12.66488
1776266499.8512135,373.8069133758545,PLC -> IO,3.17688
1776266499.912947,373.8686468601227,PLC -> IO,3.2592
1776266499.985056,373.9407558441162,PLC -> IO,1.82456
1776266500.0411184,373.9968183040619,PLC -> IO,22.05768
1776266500.1082392,374.06393909454346,PLC -> IO,13.111360000000001
1776266500.168879,374.1245789527893,PLC -> IO,2.4532
1776266500.231813,374.18751287460327,PLC -> IO,3.30128
1776266500.2966018,374.25230169296265,PLC -> IO,2.1432
1776266500.3647082,374.3204081058502,PLC -> IO,2.6196
1776266500.4260745,374.3817744255066,PLC -> IO,5.24944
1776266500.495454,374.45115399360657,PLC -> IO,4.65456
1776266500.5548174,374.5105173587799,PLC -> IO,3.68424
1776266500.6172087,374.57290863990784,PLC -> IO,10.4552
1776266500.6840913,374.6397912502289,PLC -> IO,4.597440000000001
1776266500.7471392,374.70283913612366,PLC -> IO,23.77752
1776266500.811667,374.7673668861389,PLC -> IO,1.80376
1776266500.8723617,374.82806158065796,PLC -> IO,6.11792
1776266500.9387915,374.8944914340973,PLC -> IO,12.16912
1776266501.0005424,374.95624232292175,PLC -> IO,4.402159999999999
1776266501.065563,375.02126288414,PLC -> IO,13.254719999999999
1776266501.129983,375.0856828689575,PLC -> IO,0.6232
1776266501.1923032,375.1480031013489,PLC -> IO,1.2192800000000001
1776266501.2582655,375.2139654159546,PLC -> IO,0.4444
1776266501.3216105,375.2773103713989,PLC -> IO,8.24968
1776266501.386457,375.34215688705444,PLC -> IO,6.29296
1776266501.449946,375.40564584732056,PLC -> IO,0.32456
1776266501.513717,375.46941685676575,PLC -> IO,4.87184
1776266501.5788321,375.5345320701599,PLC -> IO,0.26064000000000004
1776266501.6398928,375.5955927371979,PLC -> IO,0.29696
1776266501.703679,375.65937900543213,PLC -> IO,1.21864
1776266501.7670639,375.7227637767792,PLC -> IO,2.9091199999999997
1776266501.8351834,375.7908833026886,PLC -> IO,4.58152
1776266501.8961196,375.85181951522827,PLC -> IO,2.19824
1776266501.963436,375.9191358089447,PLC -> IO,2.678
1776266502.0302055,375.98590540885925,PLC -> IO,10.32528
1776266502.0898619,376.0455617904663,PLC -> IO,5.66416
1776266502.156099,376.1117990016937,PLC -> IO,1.4410399999999999
1776266502.2176163,376.17331624031067,PLC -> IO,3.3492
1776266502.283502,376.2392020225525,PLC -> IO,1.68608
1776266502.347063,376.3027629852295,PLC -> IO,10.30784
1776266502.4096801,376.36538004875183,PLC -> IO,0.2608
1776266502.4721417,376.4278416633606,PLC -> IO,17.79368
1776266502.5388212,376.49452114105225,PLC -> IO,5.1078399999999995
1776266502.6026423,376.55834221839905,PLC -> IO,20.651200000000003
1776266502.66499,376.620689868927,PLC -> IO,1.3198400000000001
1776266502.729801,376.68550086021423,PLC -> IO,2.2271199999999998
1776266502.794071,376.7497708797455,PLC -> IO,4.32888
1776266502.8573859,376.81308579444885,PLC -> IO,4.28856
1776266502.9228644,376.87856435775757,PLC -> IO,1.85816
1776266502.9849246,376.9406244754791,PLC -> IO,3.5828800000000003
1776266503.04792,377.0036199092865,PLC -> IO,1.85984
1776266503.1127107,377.0684106349945,PLC -> IO,4.0404
1776266503.17617,377.1318700313568,PLC -> IO,3.21688
1776266503.2426772,377.19837713241577,PLC -> IO,3.13936
1776266503.317708,377.2734079360962,PLC -> IO,13.30512
1776266503.373606,377.3293058872223,PLC -> IO,15.250160000000001
1776266503.432266,377.3879659175873,PLC -> IO,1.32008
1776266503.5011659,377.4568657875061,PLC -> IO,2.75968
1776266503.5625432,377.5182430744171,PLC -> IO,0.72408
1776266503.6248393,377.580539226532,PLC -> IO,2.81904
1776266503.6887786,377.644478559494,PLC -> IO,3.4845599999999997
1776266503.754202,377.7099018096924,PLC -> IO,0.72336
1776266503.8162076,377.7719075679779,PLC -> IO,2.8385599999999998
1776266503.8831122,377.8388121128082,PLC -> IO,14.287279999999999
1776266503.946894,377.9025938510895,PLC -> IO,16.4128
1776266504.0076754,377.9633753299713,PLC -> IO,0.7976
1776266504.0747259,378.03042578697205,PLC -> IO,5.8804
1776266504.1362433,378.09194326400757,PLC -> IO,2.1144
1776266504.204225,378.15992498397827,PLC -> IO,4.29168
1776266504.2636046,378.219304561615,PLC -> IO,11.31392
1776266504.3309681,378.2866680622101,PLC -> IO,12.16592
1776266504.394877,378.350576877594,PLC -> IO,1.79456
1776266504.4651601,378.42086005210876,PLC -> IO,1.3316000000000001
1776266504.5212576,378.47695755958557,PLC -> IO,1.89848
1776266504.5848575,378.54055738449097,PLC -> IO,16.784879999999998
1776266504.6502917,378.60599160194397,PLC -> IO,2.118472
1776266504.7119367,378.6676366329193,PLC -> IO,0.2948
1776266504.7844725,378.74017238616943,PLC -> IO,2.69504
1776266504.8472269,378.80292677879333,PLC -> IO,0.892
1776266504.9097345,378.86543440818787,PLC -> IO,15.125919999999999
1776266504.9674222,378.9231221675873,PLC -> IO,1.46312
1776266505.0337143,378.9894142150879,PLC -> IO,2.1330400000000003
1776266505.096333,379.0520329475403,PLC -> IO,3.36968
1776266505.160753,379.1164529323578,PLC -> IO,23.634800000000002
1776266505.226037,379.18173694610596,PLC -> IO,2.3868
1776266505.2915041,379.2472040653229,PLC -> IO,1.592
1776266505.3588483,379.31454825401306,PLC -> IO,2.2341599999999997
1776266505.4188824,379.3745822906494,PLC -> IO,21.35704
1776266505.4831421,379.43884205818176,PLC -> IO,0.7847999999999999
1776266505.5450487,379.5007486343384,PLC -> IO,0.15136
1776266505.6100972,379.5657970905304,PLC -> IO,4.24064
1776266505.674855,379.6305549144745,PLC -> IO,1.05368
1776266505.7391484,379.6948482990265,PLC -> IO,0.7884800000000001
1776266505.8005857,379.75628566741943,PLC -> IO,2.4344
1776266505.864792,379.82049202919006,PLC -> IO,25.7924
1776266505.9273307,379.8830306529999,PLC -> IO,0.82424
1776266505.9935658,379.9492657184601,PLC -> IO,2.82552
1776266506.0587847,380.01448464393616,PLC -> IO,1.33768
1776266506.1210685,380.0767683982849,PLC -> IO,1.1685599999999998
1776266506.1886234,380.144323348999,PLC -> IO,17.0684
1776266506.2499893,380.20568919181824,PLC -> IO,6.37496
1776266506.3149393,380.2706391811371,PLC -> IO,16.24936
1776266506.378639,380.3343389034271,PLC -> IO,4.47328
1776266506.4572506,380.41295051574707,PLC -> IO,1.18528
1776266506.5051064,380.4608063697815,PLC -> IO,1.3005600000000002
1776266506.5666087,380.52230858802795,PLC -> IO,2.47912
1776266506.6322298,380.587929725647,PLC -> IO,6.37656
1776266506.6984332,380.65413308143616,PLC -> IO,1.55128
1776266506.7624974,380.71819734573364,PLC -> IO,2.9912799999999997
1776266506.8256433,380.78134322166443,PLC -> IO,11.8808
1776266506.88983,380.8455300331116,PLC -> IO,0.7452799999999999
1776266506.9522803,380.90798020362854,PLC -> IO,0.5608
1776266507.0186617,380.9743616580963,PLC -> IO,1.27176
1776266507.0811365,381.03683638572693,PLC -> IO,1.09096
1776266507.1576004,381.1133003234863,PLC -> IO,3.7399199999999997
1776266507.2099814,381.1656813621521,PLC -> IO,1.3452799999999998
1776266507.2876174,381.24331736564636,PLC -> IO,0.30407999999999996
1776266507.3386564,381.29435634613037,PLC -> IO,0.40064
1776266507.4012468,381.35694670677185,PLC -> IO,0.41632
1776266507.4650958,381.4207956790924,PLC -> IO,1.3033599999999999
1776266507.5299158,381.48561573028564,PLC -> IO,2.10976
1776266507.5949674,381.5506672859192,PLC -> IO,1.6892800000000001
1776266507.660374,381.616073846817,PLC -> IO,2.6479199999999996
1776266507.7388163,381.6945161819458,PLC -> IO,15.64464
1776266507.7835982,381.73929810523987,PLC -> IO,8.29896
1776266507.8496547,381.8053545951843,PLC -> IO,0.83088
1776266507.917625,381.87332487106323,PLC -> IO,2.5489599999999997
1776266507.9760652,381.9317650794983,PLC -> IO,0.32744
1776266508.0408912,381.996591091156,PLC -> IO,1.6620000000000001
1776266508.1029787,382.05867862701416,PLC -> IO,18.253040000000002
1776266508.1699762,382.12567615509033,PLC -> IO,5.702
1776266508.2310638,382.18676376342773,PLC -> IO,28.77336
1776266508.2985444,382.25424432754517,PLC -> IO,0.32464
1776266508.3632078,382.31890773773193,PLC -> IO,0.41448
1776266508.424978,382.3806779384613,PLC -> IO,37.305440000000004
1776266508.4919307,382.4476306438446,PLC -> IO,14.38992
1776266508.5531323,382.5088322162628,PLC -> IO,0.90792
1776266508.6202824,382.5759823322296,PLC -> IO,1.77552
1776266508.680131,382.6358308792114,PLC -> IO,12.24336
1776266508.7450917,382.70079159736633,PLC -> IO,1.33416
1776266508.809396,382.765095949173,PLC -> IO,1.6464800000000002
1776266508.8748837,382.8305835723877,PLC -> IO,5.197839999999999
1776266508.936315,382.89201498031616,PLC -> IO,3.3950400000000003
1776266509.00146,382.9571599960327,PLC -> IO,9.660480000000002
1776266509.0659814,383.02168130874634,PLC -> IO,0.1908
1776266509.130638,383.0863378047943,PLC -> IO,19.19592
1776266509.1918387,383.1475386619568,PLC -> IO,0.45367999999999997
1776266509.2576132,383.21331310272217,PLC -> IO,8.207600000000001
1776266509.323219,383.2789189815521,PLC -> IO,4.24656
1776266509.3836184,383.33931827545166,PLC -> IO,0.16944
1776266509.4502661,383.4059660434723,PLC -> IO,1.9181599999999999
1776266509.5141537,383.46985363960266,PLC -> IO,3.16792
1776266509.5820408,383.53774070739746,PLC -> IO,3.13328
1776266509.6435556,383.5992555618286,PLC -> IO,18.744391999999998
1776266509.7207506,383.67645049095154,PLC -> IO,0.1976
1776266509.7706525,383.7263524532318,PLC -> IO,1.72264
1776266509.8381104,383.79381036758423,PLC -> IO,3.40256
1776266509.8987527,383.85445261001587,PLC -> IO,2.32616
1776266509.9613714,383.91707134246826,PLC -> IO,14.48184
1776266510.0260804,383.98178029060364,PLC -> IO,7.80584
1776266510.0885105,384.04421043395996,PLC -> IO,15.190560000000001
1776266510.1527352,384.1084351539612,PLC -> IO,0.80984
1776266510.2184653,384.17416524887085,PLC -> IO,1.3133599999999999
1776266510.2825065,384.23820638656616,PLC -> IO,23.0596
1776266510.3486593,384.3043591976166,PLC -> IO,1.3332000000000002
1776266510.4109666,384.36666655540466,PLC -> IO,4.63576
1776266510.4750311,384.4307310581207,PLC -> IO,9.198960000000001
1776266510.5418265,384.4975264072418,PLC -> IO,11.44976
1776266510.6025648,384.55826473236084,PLC -> IO,2.0907199999999997
1776266510.6811774,384.6368772983551,PLC -> IO,0.22824
1776266510.7273715,384.6830713748932,PLC -> IO,1.48328
1776266510.792664,384.7483639717102,PLC -> IO,3.20344
1776266510.8561192,384.8118190765381,PLC -> IO,2.6256
1776266510.9207125,384.8764123916626,PLC -> IO,2.06216
1776266510.9894762,384.94517612457275,PLC -> IO,26.33944
1776266511.052624,385.0083239078522,PLC -> IO,1.91168
1776266511.1148076,385.0705075263977,PLC -> IO,1.25856
1776266511.1776102,385.1333100795746,PLC -> IO,1.2297600000000002
1776266511.2430873,385.1987872123718,PLC -> IO,1.8044
1776266511.3038526,385.2595524787903,PLC -> IO,1.18712
1776266511.3686566,385.3243565559387,PLC -> IO,3.78192
1776266511.4324346,385.3881344795227,PLC -> IO,2.7836
1776266511.496318,385.45201802253723,PLC -> IO,3.13384
1776266511.5618732,385.51757311820984,PLC -> IO,16.74616
1776266511.625688,385.5813879966736,PLC -> IO,3.86008
1776266511.6899464,385.64564633369446,PLC -> IO,0.6951200000000001
1776266511.752248,385.70794796943665,PLC -> IO,1.2624
1776266511.8183222,385.77402210235596,PLC -> IO,0.22144
1776266511.8816452,385.837345123291,PLC -> IO,1.64712
1776266511.9502606,385.90596055984497,PLC -> IO,16.15032
1776266512.0109448,385.96664476394653,PLC -> IO,1.8750399999999998
1776266512.074571,386.03027081489563,PLC -> IO,1.9925599999999999
1776266512.1411266,386.0968265533447,PLC -> IO,3.65648
1776266512.1999538,386.15565371513367,PLC -> IO,1.34472
1776266512.263555,386.21925497055054,PLC -> IO,16.47512
1776266512.3265605,386.28226041793823,PLC -> IO,0.9975999999999999
1776266512.3937166,386.3494164943695,PLC -> IO,5.538399999999999
1776266512.4579122,386.4136121273041,PLC -> IO,7.869680000000001
1776266512.5224423,386.4781422615051,PLC -> IO,3.53152
1776266512.583729,386.5394289493561,PLC -> IO,1.2734400000000001
1776266512.6497066,386.60540652275085,PLC -> IO,2.444472
1776266512.7124815,386.66818141937256,PLC -> IO,2.84808
1776266512.781487,386.7371869087219,PLC -> IO,10.935759999999998
1776266512.8415146,386.79721450805664,PLC -> IO,20.109599999999997
1776266512.9047096,386.8604094982147,PLC -> IO,0.98576
1776266512.970216,386.9259159564972,PLC -> IO,0.71928
1776266513.0323794,386.9880793094635,PLC -> IO,2.68432
1776266513.0986686,387.05436849594116,PLC -> IO,3.8647199999999997
1776266513.1602156,387.1159155368805,PLC -> IO,2.9354400000000003
1776266513.2263463,387.18204617500305,PLC -> IO,4.50944
1776266513.2935026,387.2492024898529,PLC -> IO,1.9355200000000001
1776266513.3551338,387.31083369255066,PLC -> IO,0.8074399999999999
1776266513.4182475,387.37394738197327,PLC -> IO,2.9282399999999997
1776266513.4818556,387.43755555152893,PLC -> IO,5.39016
1776266513.543552,387.4992518424988,PLC -> IO,27.317520000000002
1776266513.6096041,387.5653040409088,PLC -> IO,0.8516
1776266513.6727443,387.6284441947937,PLC -> IO,2.10216
1776266513.7360144,387.6917142868042,PLC -> IO,0.34056000000000003
1776266513.802667,387.7583668231964,PLC -> IO,5.7184
1776266513.8658297,387.8215296268463,PLC -> IO,23.89632
1776266513.9332876,387.88898754119873,PLC -> IO,12.75048
1776266513.9928083,387.9485082626343,PLC -> IO,2.16296
1776266514.0584972,388.01419711112976,PLC -> IO,2.8487999999999998
1776266514.122581,388.07828092575073,PLC -> IO,10.61112
1776266514.1839328,388.1396327018738,PLC -> IO,1.32032
1776266514.2498162,388.2055160999298,PLC -> IO,5.1308
1776266514.312509,388.2682089805603,PLC -> IO,10.56768
1776266514.3791687,388.3348686695099,PLC -> IO,5.356159999999999
1776266514.443721,388.3994209766388,PLC -> IO,2.65032
1776266514.5058866,388.4615864753723,PLC -> IO,1.0458399999999999
1776266514.566964,388.5226638317108,PLC -> IO,1.718
1776266514.634808,388.5905079841614,PLC -> IO,11.22864
1776266514.6972365,388.65293645858765,PLC -> IO,0.7332000000000001
1776266514.762558,388.71825790405273,PLC -> IO,3.3875200000000003
1776266514.8261237,388.7818236351013,PLC -> IO,10.34112
1776266514.8915129,388.84721279144287,PLC -> IO,13.730559999999999
1776266514.9535863,388.90928626060486,PLC -> IO,0.6391199999999999
1776266515.0160594,388.9717593193054,PLC -> IO,14.766720000000001
1776266515.082477,389.0381770133972,PLC -> IO,0.68856
1776266515.144194,389.09989380836487,PLC -> IO,17.4076
1776266515.2103164,389.16601634025574,PLC -> IO,3.2668
1776266515.2763698,389.23206973075867,PLC -> IO,0.16552
1776266515.3389654,389.2946653366089,PLC -> IO,3.1236800000000002
1776266515.4011753,389.3568751811981,PLC -> IO,27.0424
1776266515.466817,389.42251682281494,PLC -> IO,4.99424
1776266515.5309095,389.48660945892334,PLC -> IO,2.02328
1776266515.5986373,389.5543372631073,PLC -> IO,13.83376
1776266515.6561847,389.6118845939636,PLC -> IO,1.0974400000000002
1776266515.7199588,389.67565870285034,PLC -> IO,0.87344
1776266515.7835813,389.73928117752075,PLC -> IO,8.77144
1776266515.8470504,389.8027503490448,PLC -> IO,6.898
1776266515.9148805,389.8705804347992,PLC -> IO,17.07552
1776266515.9772458,389.932945728302,PLC -> IO,1.1716
1776266516.0431108,389.99881076812744,PLC -> IO,2.69096
1776266516.103478,390.0591778755188,PLC -> IO,31.00288
1776266516.1717312,390.1274311542511,PLC -> IO,7.884479999999999
1776266516.2353415,390.191041469574,PLC -> IO,2.09304
1776266516.2974617,390.25316166877747,PLC -> IO,4.4680800000000005
1776266516.3644388,390.32013869285583,PLC -> IO,6.18824
1776266516.4241428,390.3798427581787,PLC -> IO,18.16592
1776266516.496247,390.45194697380066,PLC -> IO,4.7065600000000005
1776266516.5548348,390.5105347633362,PLC -> IO,1.2284
1776266516.6209402,390.57664012908936,PLC -> IO,2.17272
1776266516.6796799,390.63537979125977,PLC -> IO,11.71048
1776266516.748858,390.7045578956604,PLC -> IO,11.232560000000001
1776266516.808339,390.7640390396118,PLC -> IO,2.73096
1776266516.8745933,390.83029317855835,PLC -> IO,2.8964
1776266516.9386888,390.8943886756897,PLC -> IO,0.18688
1776266517.0007813,390.956481218338,PLC -> IO,0.22440000000000002
1776266517.0650682,391.0207681655884,PLC -> IO,1.35992
1776266517.1281042,391.0838041305542,PLC -> IO,0.52144
1776266517.1923862,391.1480860710144,PLC -> IO,2.2144
1776266517.2579556,391.21365547180176,PLC -> IO,5.810639999999999
1776266517.3228543,391.2785542011261,PLC -> IO,1.718
1776266517.3844993,391.34019923210144,PLC -> IO,14.61128
1776266517.4498773,391.4055771827698,PLC -> IO,0.7336
1776266517.5147035,391.47040343284607,PLC -> IO,0.2592
1776266517.5784953,391.53419518470764,PLC -> IO,0.89176
1776266517.6411707,391.59687066078186,PLC -> IO,3.56832
1776266517.708792,391.66449189186096,PLC -> IO,8.00208
1776266517.7707493,391.7264492511749,PLC -> IO,0.126
1776266517.834589,391.7902889251709,PLC -> IO,2.2792
1776266517.8962858,391.8519856929779,PLC -> IO,2.31424
1776266517.9652224,391.9209222793579,PLC -> IO,21.61648
1776266518.0249808,391.9806807041168,PLC -> IO,3.26904
1776266518.0875275,392.0432274341583,PLC -> IO,3.1671199999999997
1776266518.1551583,392.1108582019806,PLC -> IO,4.56176
1776266518.217864,392.17356395721436,PLC -> IO,1.37272
1776266518.2824142,392.23811411857605,PLC -> IO,0.47992
1776266518.344381,392.3000810146332,PLC -> IO,2.666
1776266518.4098186,392.3655185699463,PLC -> IO,2.3002399999999996
1776266518.472867,392.4285669326782,PLC -> IO,0.35872
1776266518.5360577,392.4917576313019,PLC -> IO,3.77808
1776266518.6010268,392.55672669410706,PLC -> IO,1.6023999999999998
1776266518.6767228,392.63242268562317,PLC -> IO,17.04656
1776266518.7302663,392.68596625328064,PLC -> IO,0.70264
1776266518.792427,392.7481269836426,PLC -> IO,0.48704
1776266518.8587422,392.81444215774536,PLC -> IO,1.31376
1776266518.9209397,392.8766396045685,PLC -> IO,1.42736
1776266518.9849765,392.94067645072937,PLC -> IO,1.3392
1776266519.0498812,393.0055811405182,PLC -> IO,4.12368
1776266519.1139824,393.06968235969543,PLC -> IO,1.17792
1776266519.1803577,393.13605761528015,PLC -> IO,0.7848799999999999
1776266519.2559216,393.21162152290344,PLC -> IO,0.33087999999999995
1776266519.303579,393.25927901268005,PLC -> IO,3.24776
1776266519.369642,393.32534193992615,PLC -> IO,4.32016
1776266519.4348793,393.3905792236328,PLC -> IO,3.17968
1776266519.4959662,393.4516661167145,PLC -> IO,3.40712
1776266519.5613759,393.51707577705383,PLC -> IO,18.662000000000003
1776266519.6229246,393.5786244869232,PLC -> IO,0.8071200000000001
1776266519.6896474,393.64534735679626,PLC -> IO,15.202399999999999
1776266519.7517755,393.70747542381287,PLC -> IO,3.14744
1776266519.8250318,393.78073167800903,PLC -> IO,8.87176
1776266519.880904,393.8366038799286,PLC -> IO,0.23071999999999998
1776266519.9438877,393.8995876312256,PLC -> IO,17.2976
1776266520.0081942,393.96389412879944,PLC -> IO,5.19888
1776266520.0724514,394.0281512737274,PLC -> IO,0.36216
1776266520.1395814,394.09528136253357,PLC -> IO,5.03424
1776266520.2026875,394.15838742256165,PLC -> IO,2.03328
1776266520.2657046,394.2214045524597,PLC -> IO,26.76008
1776266520.3269308,394.2826306819916,PLC -> IO,3.05376
1776266520.4010198,394.35671973228455,PLC -> IO,7.17056
1776266520.4563782,394.41207814216614,PLC -> IO,3.3582400000000003
1776266520.5232198,394.4789197444916,PLC -> IO,24.70984
1776266520.5843415,394.5400414466858,PLC -> IO,1.73408
1776266520.651572,394.60727190971375,PLC -> IO,15.13464
1776266520.711248,394.6669478416443,PLC -> IO,1.1392799999999998
1776266520.7788239,394.73452377319336,PLC -> IO,12.13616
1776266520.8425286,394.79822850227356,PLC -> IO,0.6679200000000001
1776266520.9046366,394.8603365421295,PLC -> IO,4.38272
1776266520.9702663,394.9259662628174,PLC -> IO,4.336399999999999
1776266521.0323899,394.988089799881,PLC -> IO,1.57296
1776266521.0999446,395.0556445121765,PLC -> IO,2.09624
1776266521.163488,395.11918783187866,PLC -> IO,1.17296
1776266521.235495,395.1911950111389,PLC -> IO,49.25136
1776266521.288448,395.24414801597595,PLC -> IO,10.84416
1776266521.352669,395.3083689212799,PLC -> IO,7.26032
1776266521.4187424,395.3744423389435,PLC -> IO,1.3847200000000002
1776266521.481218,395.4369180202484,PLC -> IO,13.62672
1776266521.551298,395.5069978237152,PLC -> IO,4.63168
1776266521.6085904,395.5642902851105,PLC -> IO,2.91208
1776266521.6798165,395.6355164051056,PLC -> IO,9.73488
1776266521.7382658,395.69396567344666,PLC -> IO,3.87456
1776266521.80226,395.7579598426819,PLC -> IO,12.76864
1776266521.8640444,395.819744348526,PLC -> IO,1.1004
1776266521.9306989,395.88639879226685,PLC -> IO,1.9930400000000001
1776266521.9923477,395.94804763793945,PLC -> IO,2.8176
1776266522.0589316,396.0146315097809,PLC -> IO,1.5124
1776266522.1225035,396.0782034397125,PLC -> IO,15.67224
1776266522.1871846,396.14288449287415,PLC -> IO,0.93816
1776266522.2533162,396.209016084671,PLC -> IO,3.88872
1776266522.3125675,396.2682673931122,PLC -> IO,3.2412
1776266522.3819447,396.33764457702637,PLC -> IO,1.13456
1776266522.4406555,396.3963553905487,PLC -> IO,1.6103999999999998
1776266522.5207665,396.4764664173126,PLC -> IO,0.17256
1776266522.5725276,396.52822756767273,PLC -> IO,6.338640000000001
1776266522.6335454,396.58924531936646,PLC -> IO,0.54784
1776266522.6986558,396.65435576438904,PLC -> IO,2.04888
1776266522.7628455,396.71854543685913,PLC -> IO,5.90248
1776266522.8250558,396.7807557582855,PLC -> IO,3.25384
1776266522.8865461,396.842246055603,PLC -> IO,3.54048
1776266522.953747,396.9094469547272,PLC -> IO,4.271439999999999
1776266523.0162551,396.97195506095886,PLC -> IO,0.15176
1776266523.0828254,397.0385253429413,PLC -> IO,31.81904
1776266523.1445649,397.10026478767395,PLC -> IO,2.00168
1776266523.2121181,397.167818069458,PLC -> IO,11.1716
1776266523.2749214,397.2306213378906,PLC -> IO,2.35352
1776266523.337522,397.293221950531,PLC -> IO,2.3164000000000002
1776266523.3997395,397.35543942451477,PLC -> IO,9.27984
1776266523.464586,397.4202859401703,PLC -> IO,17.75768
1776266523.530924,397.48662400245667,PLC -> IO,1.8364
1776266523.5924091,397.54810905456543,PLC -> IO,16.13224
1776266523.6588151,397.61451506614685,PLC -> IO,4.7876
1776266523.7228284,397.6785283088684,PLC -> IO,2.3624
1776266523.784909,397.74060893058777,PLC -> IO,29.3572
1776266523.8555136,397.81121349334717,PLC -> IO,4.22176
1776266523.917705,397.8734049797058,PLC -> IO,1.79864
1776266523.9782426,397.9339425563812,PLC -> IO,0.45312
1776266524.0413816,397.9970815181732,PLC -> IO,4.49592
1776266524.1036384,398.05933833122253,PLC -> IO,3.3287999999999998
1776266524.1687682,398.12446808815,PLC -> IO,2.3348
1776266524.2325952,398.1882951259613,PLC -> IO,2.22784
1776266524.2958074,398.2515072822571,PLC -> IO,0.040639999999999996
1776266524.366898,398.32259798049927,PLC -> IO,11.12008
1776266524.423768,398.37946796417236,PLC -> IO,6.26776
1776266524.4924026,398.44810247421265,PLC -> IO,4.39976
1776266524.5523138,398.50801372528076,PLC -> IO,2.65248
1776266524.621375,398.57707500457764,PLC -> IO,9.18536
1776266524.6823797,398.6380796432495,PLC -> IO,2.72256
1776266524.7445047,398.7002046108246,PLC -> IO,3.28104
1776266524.8122902,398.7679901123047,PLC -> IO,3.17
1776266524.8725429,398.8282427787781,PLC -> IO,1.49024
1776266524.9387968,398.89449667930603,PLC -> IO,2.3176
1776266524.9994369,398.95513677597046,PLC -> IO,5.82192
1776266525.0808454,399.03654527664185,PLC -> IO,1.61264
1776266525.1285837,399.0842835903168,PLC -> IO,2.29
1776266525.1948059,399.1505057811737,PLC -> IO,6.29424
1776266525.2596946,399.2153944969177,PLC -> IO,1.1752
1776266525.322545,399.278244972229,PLC -> IO,8.79464
1776266525.3860376,399.3417375087738,PLC -> IO,7.49032
1776266525.4496138,399.40531373023987,PLC -> IO,13.85424
1776266525.5171835,399.4728834629059,PLC -> IO,1.12128
1776266525.5758972,399.5315971374512,PLC -> IO,3.9669600000000003
1776266525.6484647,399.6041646003723,PLC -> IO,13.686072000000001
1776266525.7036202,399.6593201160431,PLC -> IO,1.0843999999999998
1776266525.7744334,399.7301332950592,PLC -> IO,1.3558400000000002
1776266525.831902,399.7876019477844,PLC -> IO,0.5528799999999999
1776266525.9015613,399.8572611808777,PLC -> IO,2.97744
1776266525.9593427,399.9150426387787,PLC -> IO,3.30968
1776266526.028319,399.9840188026428,PLC -> IO,16.4416
1776266526.0869026,400.0426025390625,PLC -> IO,1.50928
1776266526.1605654,400.11626529693604,PLC -> IO,7.5196000000000005
1776266526.2163205,400.17202043533325,PLC -> IO,3.34896
1776266526.281368,400.23706793785095,PLC -> IO,15.47776
1776266526.3435967,400.29929661750793,PLC -> IO,31.776079999999997
1776266526.4111567,400.3668565750122,PLC -> IO,13.3416
1776266526.475203,400.43090295791626,PLC -> IO,3.16256
1776266526.5387151,400.49441504478455,PLC -> IO,11.68048
1776266526.602483,400.5581829547882,PLC -> IO,1.9937599999999998
1776266526.6646218,400.62032175064087,PLC -> IO,11.38608
1776266526.7311516,400.68685150146484,PLC -> IO,2.67968
1776266526.7929835,400.7486834526062,PLC -> IO,6.76272
1776266526.8574905,400.8131904602051,PLC -> IO,1.4880799999999998
1776266526.923075,400.8787748813629,PLC -> IO,12.552719999999999
1776266526.9841726,400.93987250328064,PLC -> IO,0.1076
1776266527.0467002,401.0024001598358,PLC -> IO,0.6977599999999999
1776266527.1151145,401.070814371109,PLC -> IO,4.23912
1776266527.178773,401.13447284698486,PLC -> IO,0.83672
1776266527.2411697,401.1968696117401,PLC -> IO,0.6190399999999999
1776266527.3109407,401.266640663147,PLC -> IO,1.3244
1776266527.3684256,401.32412552833557,PLC -> IO,1.63768
1776266527.4372559,401.3929557800293,PLC -> IO,1.41584
1776266527.4988122,401.4545121192932,PLC -> IO,2.31512
1776266527.5608397,401.51653957366943,PLC -> IO,0.55216
1776266527.6246748,401.5803747177124,PLC -> IO,11.3552
1776266527.6885695,401.64426946640015,PLC -> IO,5.59456
1776266527.7522242,401.70792412757874,PLC -> IO,2.99384
1776266527.8179507,401.7736506462097,PLC -> IO,2.41096
1776266527.8825517,401.83825159072876,PLC -> IO,2.05096
1776266527.9456427,401.90134263038635,PLC -> IO,11.935599999999999
1776266528.0161858,401.97188568115234,PLC -> IO,10.13784
1776266528.0724084,402.0281083583832,PLC -> IO,0.11352
1776266528.1386583,402.0943582057953,PLC -> IO,1.2715999999999998
1776266528.200543,402.1562428474426,PLC -> IO,23.73264
1776266528.264134,402.2198338508606,PLC -> IO,1.76848
1776266528.3283398,402.28403973579407,PLC -> IO,3.54048
1776266528.3949819,402.3506817817688,PLC -> IO,9.07992
1776266528.460532,402.41623187065125,PLC -> IO,0.12064
1776266528.5231495,402.47884941101074,PLC -> IO,0.67688
1776266528.5849757,402.5406756401062,PLC -> IO,1.29264
1776266528.6499972,402.6056971549988,PLC -> IO,2.016152
1776266528.7151856,402.67088556289673,PLC -> IO,4.50136
1776266528.7783394,402.7340393066406,PLC -> IO,0.33080000000000004
1776266528.8429933,402.79869318008423,PLC -> IO,14.02552
1776266528.907119,402.8628189563751,PLC -> IO,29.8988
1776266528.9697888,402.92548871040344,PLC -> IO,3.8381600000000002
1776266529.0323198,402.9880197048187,PLC -> IO,2.45504
1776266529.096053,403.05175280570984,PLC -> IO,3.8664799999999997
1776266529.1606107,403.11631059646606,PLC -> IO,1.5156
1776266529.2230432,403.1787431240082,PLC -> IO,0.7350399999999999
1776266529.2897737,403.24547362327576,PLC -> IO,0.004719999999999999
1776266529.352376,403.3080759048462,PLC -> IO,0.19568
1776266529.4185908,403.3742907047272,PLC -> IO,0.15056
1776266529.482582,403.43828201293945,PLC -> IO,10.69848
1776266529.5463433,403.5020432472229,PLC -> IO,1.45344
1776266529.6079187,403.56361865997314,PLC -> IO,4.41912
1776266529.6735218,403.62922167778015,PLC -> IO,4.24288
1776266529.7373714,403.69307136535645,PLC -> IO,0.39096
1776266529.8028295,403.75852942466736,PLC -> IO,3.43072
1776266529.8669367,403.8226366043091,PLC -> IO,0.596
1776266529.9287128,403.88441276550293,PLC -> IO,7.27968
1776266529.9947786,403.950478553772,PLC -> IO,3.47288
1776266530.0559614,404.01166129112244,PLC -> IO,5.39464
1776266530.1214848,404.077184677124,PLC -> IO,1.12032
1776266530.183567,404.13926696777344,PLC -> IO,13.29112
1776266530.2541907,404.20989060401917,PLC -> IO,15.01808
1776266530.311803,404.2675030231476,PLC -> IO,0.66816
1776266530.3854895,404.34118938446045,PLC -> IO,1.3850399999999998
1776266530.4408522,404.39655208587646,PLC -> IO,0.32184
1776266530.503845,404.45954489707947,PLC -> IO,1.3222399999999999
1776266530.571323,404.52702283859253,PLC -> IO,1.69592
1776266530.6354618,404.5911617279053,PLC -> IO,1.99424
1776266530.7010865,404.656786441803,PLC -> IO,5.090800000000001
1776266530.7646246,404.7203245162964,PLC -> IO,28.7252
1776266530.8307943,404.7864942550659,PLC -> IO,11.629999999999999
1776266530.891066,404.84676599502563,PLC -> IO,0.422
1776266530.9547555,404.9104554653168,PLC -> IO,5.8806400000000005
1776266531.0180783,404.97377824783325,PLC -> IO,1.73448
1776266531.0835083,405.03920817375183,PLC -> IO,5.0872
1776266531.1443691,405.1000690460205,PLC -> IO,1.70416
1776266531.2155507,405.17125058174133,PLC -> IO,3.6368799999999997
1776266531.27228,405.22797989845276,PLC -> IO,2.5149600000000003
1776266531.3384488,405.294148683548,PLC -> IO,2.90304
1776266531.4035912,405.35929107666016,PLC -> IO,3.31248
1776266531.464662,405.420361995697,PLC -> IO,33.42816
1776266531.532291,405.48799085617065,PLC -> IO,1.06576
1776266531.5981126,405.5538125038147,PLC -> IO,0.808
1776266531.6610541,405.6167540550232,PLC -> IO,5.0088
1776266531.7226243,405.6783242225647,PLC -> IO,7.19096
1776266531.7867332,405.7424330711365,PLC -> IO,1.6752
1776266531.8508885,405.8065884113312,PLC -> IO,2.43552
1776266531.9121518,405.8678517341614,PLC -> IO,3.25
1776266531.9787054,405.93440532684326,PLC -> IO,0.9604
1776266532.0411723,405.99687218666077,PLC -> IO,9.75096
1776266532.108692,406.06439185142517,PLC -> IO,2.216
1776266532.1694267,406.1251266002655,PLC -> IO,18.87744
1776266532.2347872,406.19048714637756,PLC -> IO,5.3166400000000005
1776266532.2983549,406.2540547847748,PLC -> IO,0.13863999999999999
1776266532.3670082,406.3227081298828,PLC -> IO,4.80216
1776266532.424571,406.3802709579468,PLC -> IO,15.4308
1776266532.4920988,406.44779872894287,PLC -> IO,4.64
1776266532.552322,406.50802183151245,PLC -> IO,0.64816
1776266532.616293,406.5719928741455,PLC -> IO,3.1492
1776266532.679042,406.63474202156067,PLC -> IO,4.00232
1776266532.7568262,406.71252608299255,PLC -> IO,0.34872000000000003
1776266532.8099594,406.7656593322754,PLC -> IO,9.7888
1776266532.8730986,406.82879853248596,PLC -> IO,5.34208
1776266532.938951,406.8946509361267,PLC -> IO,4.11552
1776266532.9998143,406.9555141925812,PLC -> IO,0.92872
1776266533.0659456,407.0216455459595,PLC -> IO,2.7948
1776266533.1329598,407.0886597633362,PLC -> IO,6.03568
1776266533.2100902,407.16579008102417,PLC -> IO,1.03864
1776266533.2573287,407.2130286693573,PLC -> IO,1.3432
1776266533.32136,407.27706003189087,PLC -> IO,25.51704
1776266533.38444,407.34013986587524,PLC -> IO,2.41128
1776266533.448051,407.40375089645386,PLC -> IO,4.428
1776266533.5137641,407.4694640636444,PLC -> IO,5.98216
1776266533.5779026,407.53360247612,PLC -> IO,1.4291200000000002
1776266533.6423383,407.5980381965637,PLC -> IO,13.663432
1776266533.703135,407.6588349342346,PLC -> IO,11.45712
1776266533.7718687,407.7275686264038,PLC -> IO,1.2611199999999998
1776266533.834743,407.790442943573,PLC -> IO,0.17336000000000001
1776266533.8969383,407.8526382446289,PLC -> IO,0.48368
1776266533.9594512,407.9151511192322,PLC -> IO,4.62584
1776266534.029804,407.98550391197205,PLC -> IO,20.84944
1776266534.090733,408.04643297195435,PLC -> IO,0.18552
1776266534.152105,408.1078050136566,PLC -> IO,4.75288
1776266534.2188234,408.17452335357666,PLC -> IO,3.62128
1776266534.2797744,408.23547434806824,PLC -> IO,2.42056
1776266534.3463159,408.3020157814026,PLC -> IO,4.1339999999999995
1776266534.4120572,408.3677570819855,PLC -> IO,1.2592
1776266534.475687,408.43138694763184,PLC -> IO,1.44592
1776266534.537734,408.49343395233154,PLC -> IO,0.89688
1776266534.605435,408.56113481521606,PLC -> IO,9.96584
1776266534.6664984,408.622198343277,PLC -> IO,0.56576
1776266534.7286603,408.6843602657318,PLC -> IO,2.39368
1776266534.791629,408.7473289966583,PLC -> IO,1.85656
1776266534.8560073,408.8117072582245,PLC -> IO,3.36328
1776266534.9221547,408.8778545856476,PLC -> IO,2.2412
1776266534.987054,408.94275403022766,PLC -> IO,12.61584
1776266535.0508947,409.00659465789795,PLC -> IO,1.33376
1776266535.112863,409.06856298446655,PLC -> IO,4.02808
1776266535.1789951,409.1346950531006,PLC -> IO,2.0587999999999997
1776266535.24076,409.1964600086212,PLC -> IO,0.76976
1776266535.304345,409.2600448131561,PLC -> IO,15.45968
1776266535.3668685,409.32256841659546,PLC -> IO,12.56856
1776266535.4349813,409.39068126678467,PLC -> IO,2.5820000000000003
1776266535.497282,409.45298194885254,PLC -> IO,0.0776
1776266535.559815,409.51551485061646,PLC -> IO,5.04096
1776266535.6279824,409.5836822986603,PLC -> IO,12.97456
1776266535.6879067,409.64360666275024,PLC -> IO,3.1164
1776266535.7547915,409.7104914188385,PLC -> IO,9.62024
1776266535.8159132,409.7716131210327,PLC -> IO,1.28
1776266535.8814526,409.8371524810791,PLC -> IO,24.015600000000003
1776266535.9446647,409.9003646373749,PLC -> IO,3.60416
1776266536.0127182,409.9684181213379,PLC -> IO,14.41016
1776266536.072341,410.0280408859253,PLC -> IO,0.94648
1776266536.1398847,410.0955846309662,PLC -> IO,11.07784
1776266536.2017908,410.15749073028564,PLC -> IO,0.7570399999999999
1776266536.2636123,410.2193121910095,PLC -> IO,0.64632
1776266536.3298705,410.2855703830719,PLC -> IO,2.5964
1776266536.3925102,410.34821009635925,PLC -> IO,7.86056
1776266536.4586284,410.4143283367157,PLC -> IO,2.9619199999999997
1776266536.5251975,410.4808974266052,PLC -> IO,14.331760000000001
1776266536.6024098,410.5581097602844,PLC -> IO,11.87824
1776266536.655855,410.6115548610687,PLC -> IO,2.62216
1776266536.7137098,410.6694097518921,PLC -> IO,5.88344
1776266536.7772417,410.73294162750244,PLC -> IO,1.58592
1776266536.8408663,410.79656624794006,PLC -> IO,0.9423199999999999
1776266536.904495,410.86019492149353,PLC -> IO,2.3457600000000003
1776266536.9695551,410.9252550601959,PLC -> IO,12.56712
1776266537.0348597,410.9905595779419,PLC -> IO,23.86648
1776266537.0983238,411.0540237426758,PLC -> IO,0.49423999999999996
1776266537.1623428,411.11804270744324,PLC -> IO,14.18016
1776266537.2246168,411.18031668663025,PLC -> IO,1.45976
1776266537.2912557,411.24695563316345,PLC -> IO,0.45384
1776266537.3543968,411.31009674072266,PLC -> IO,1.5652000000000001
1776266537.4175227,411.3732225894928,PLC -> IO,4.4624
1776266537.4792442,411.43494415283203,PLC -> IO,0.8899999999999999
1776266537.5458457,411.5015456676483,PLC -> IO,13.85072
1776266537.6132843,411.5689842700958,PLC -> IO,1.06
1776266537.6743886,411.63008856773376,PLC -> IO,1.6672799999999999
1776266537.738734,411.694433927536,PLC -> IO,10.34208
1776266537.8011367,411.75683665275574,PLC -> IO,1.08392
1776266537.8659914,411.82169127464294,PLC -> IO,15.48424
1776266537.9294665,411.88516640663147,PLC -> IO,14.5816
1776266537.9946628,411.95036268234253,PLC -> IO,13.370719999999999
1776266538.0570116,412.0127115249634,PLC -> IO,0.11544
1776266538.120996,412.07669591903687,PLC -> IO,1.4256
1776266538.1845827,412.1402826309204,PLC -> IO,3.97112
1776266538.24809,412.2037899494171,PLC -> IO,0.42752
1776266538.3198938,412.2755937576294,PLC -> IO,7.40168
1776266538.3778796,412.3335795402527,PLC -> IO,1.97232
1776266538.4430895,412.39878940582275,PLC -> IO,34.68304
1776266538.5066478,412.4623477458954,PLC -> IO,12.51424
1776266538.5757098,412.531409740448,PLC -> IO,2.6400799999999998
1776266538.6348786,412.5905785560608,PLC -> IO,2.44456
1776266538.6981564,412.6538562774658,PLC -> IO,0.49720000000000003
1776266538.760723,412.71642303466797,PLC -> IO,1.49232
1776266538.829784,412.7854838371277,PLC -> IO,16.06544
1776266538.888367,412.8440668582916,PLC -> IO,2.5168
1776266538.9682505,412.9239504337311,PLC -> IO,1.35664
1776266539.0186973,412.9743971824646,PLC -> IO,2.45384
1776266539.079818,413.0355179309845,PLC -> IO,2.4299999999999997
1776266539.1445148,413.10021471977234,PLC -> IO,35.95024
1776266539.2095153,413.16521525382996,PLC -> IO,2.548
1776266539.2751305,413.2308304309845,PLC -> IO,7.07504
1776266539.3363369,413.2920367717743,PLC -> IO,1.4336
1776266539.402478,413.35817790031433,PLC -> IO,0.41224000000000005
1776266539.4644616,413.420161485672,PLC -> IO,10.1224
1776266539.53222,413.4879198074341,PLC -> IO,2.36272
1776266539.593268,413.54896783828735,PLC -> IO,2.0076
1776266539.6598883,413.6155881881714,PLC -> IO,3.5634400000000004
1776266539.7206407,413.6763405799866,PLC -> IO,8.0564
1776266539.7830637,413.7387635707855,PLC -> IO,4.106
1776266539.849956,413.8056559562683,PLC -> IO,18.197680000000002
1776266539.9124916,413.8681914806366,PLC -> IO,6.96896
1776266539.97862,413.93431997299194,PLC -> IO,1.0764
1776266540.0409307,413.99663066864014,PLC -> IO,0.10224
1776266540.1043906,414.0600905418396,PLC -> IO,5.42824
1776266540.1679113,414.12361121177673,PLC -> IO,2.00056
1776266540.235148,414.19084787368774,PLC -> IO,6.39024
1776266540.2978404,414.2535402774811,PLC -> IO,2.75808
1776266540.3667603,414.32246017456055,PLC -> IO,10.17064
1776266540.4245806,414.38028049468994,PLC -> IO,13.918800000000001
1776266540.4895906,414.4452905654907,PLC -> IO,4.973520000000001
1776266540.5548577,414.5105576515198,PLC -> IO,6.35368
1776266540.6158717,414.57157158851624,PLC -> IO,0.35272
1776266540.6810389,414.63673877716064,PLC -> IO,1.04904
1776266540.7454963,414.70119619369507,PLC -> IO,4.09072
1776266540.8117614,414.76746129989624,PLC -> IO,5.45112
1776266540.8727474,414.82844734191895,PLC -> IO,10.09816
1776266540.9375346,414.89323449134827,PLC -> IO,1.11304
1776266541.002606,414.9583058357239,PLC -> IO,23.03792
1776266541.0641892,415.01988911628723,PLC -> IO,0.4256
1776266541.12987,415.085569858551,PLC -> IO,2.73888
1776266541.192102,415.1478018760681,PLC -> IO,0.77328
1776266541.259531,415.21523094177246,PLC -> IO,0.5474399999999999
1776266541.3222332,415.27793312072754,PLC -> IO,0.12776
1776266541.3892853,415.3449852466583,PLC -> IO,10.12024
1776266541.4494812,415.4051811695099,PLC -> IO,1.42056
1776266541.5146494,415.4703493118286,PLC -> IO,0.094
1776266541.575865,415.531564950943,PLC -> IO,3.84608
1776266541.639915,415.59561491012573,PLC -> IO,2.58704
1776266541.7046325,415.66033244132996,PLC -> IO,25.82464
1776266541.7691197,415.72481966018677,PLC -> IO,18.07384
1776266541.8322937,415.7879936695099,PLC -> IO,1.50728
1776266541.8978465,415.8535463809967,PLC -> IO,3.53288
1776266541.9618843,415.9175841808319,PLC -> IO,0.71464
1776266542.0246487,415.98034858703613,PLC -> IO,3.41152
1776266542.0937405,416.04944038391113,PLC -> IO,0.03848
1776266542.15278,416.10847997665405,PLC -> IO,0.68824
1776266542.2185857,416.1742856502533,PLC -> IO,2.98056
1776266542.2826593,416.23835921287537,PLC -> IO,8.99096
1776266542.3458111,416.30151104927063,PLC -> IO,6.4019200000000005
1776266542.4060442,416.36174416542053,PLC -> IO,3.25656
1776266542.4731703,416.42887020111084,PLC -> IO,26.33824
1776266542.5369747,416.4926745891571,PLC -> IO,5.194
1776266542.6008713,416.5565712451935,PLC -> IO,12.550320000000001
1776266542.6660552,416.6217551231384,PLC -> IO,2.87864
1776266542.7284276,416.6841275691986,PLC -> IO,1.1013600000000001
1776266542.7947907,416.7504906654358,PLC -> IO,23.39248
1776266542.8583593,416.8140592575073,PLC -> IO,0.4344
1776266542.9224777,416.87817764282227,PLC -> IO,0.96208
1776266542.983085,416.9387848377228,PLC -> IO,13.04016
1776266543.049729,417.0054290294647,PLC -> IO,1.9925599999999999
1776266543.1122684,417.0679683685303,PLC -> IO,0.15023999999999998
1776266543.1758194,417.13151931762695,PLC -> IO,16.16
1776266543.2391982,417.1948981285095,PLC -> IO,3.3652
1776266543.31747,417.27316999435425,PLC -> IO,1.1937600000000002
1776266543.3762648,417.33196473121643,PLC -> IO,11.08912
1776266543.434269,417.3899688720703,PLC -> IO,0.15368
1776266543.500675,417.45637488365173,PLC -> IO,13.74568
1776266543.5607758,417.51647567749023,PLC -> IO,23.4304
1776266543.6258564,417.58155632019043,PLC -> IO,2.94064
1776266543.6928532,417.64855313301086,PLC -> IO,15.10224
1776266543.753672,417.70937180519104,PLC -> IO,3.34528
1776266543.8158114,417.77151131629944,PLC -> IO,2.88944
1776266543.8797843,417.8354842662811,PLC -> IO,4.443199999999999
1776266543.9436078,417.8993077278137,PLC -> IO,2.3495999999999997
1776266544.0080488,417.9637486934662,PLC -> IO,2.96
1776266544.0747073,418.0304071903229,PLC -> IO,5.03416
1776266544.137804,418.09350395202637,PLC -> IO,1.03744
1776266544.2080817,418.1637816429138,PLC -> IO,10.49424
1776266544.263159,418.21885895729065,PLC -> IO,27.95936
1776266544.3307579,418.2864577770233,PLC -> IO,2.36624
1776266544.3947704,418.35047030448914,PLC -> IO,5.82856
1776266544.4575436,418.4132435321808,PLC -> IO,1.0613599999999999
1776266544.5197177,418.47541761398315,PLC -> IO,0.9797600000000001
1776266544.593764,418.54946398735046,PLC -> IO,9.63992
1776266544.6498327,418.6055326461792,PLC -> IO,1.0851199999999999
1776266544.715886,418.67158603668213,PLC -> IO,12.65536
1776266544.7787337,418.73443365097046,PLC -> IO,1.76648
1776266544.8422227,418.7979226112366,PLC -> IO,11.02576
1776266544.9044023,418.86010217666626,PLC -> IO,1.4376
1776266544.9679503,418.92365026474,PLC -> IO,11.82432
1776266545.0396914,418.99539136886597,PLC -> IO,4.96824
1776266545.0963764,419.0520763397217,PLC -> IO,2.8872
1776266545.1611936,419.11689352989197,PLC -> IO,1.64848
1776266545.2246306,419.18033051490784,PLC -> IO,1.90232
1776266545.2887468,419.24444675445557,PLC -> IO,0.28736
1776266545.354675,419.31037497520447,PLC -> IO,0.14488
1776266545.4158382,419.37153816223145,PLC -> IO,1.47048
1776266545.481121,419.4368209838867,PLC -> IO,1.9578400000000002
1776266545.556216,419.5119159221649,PLC -> IO,0.97152
1776266545.6108804,419.56658029556274,PLC -> IO,15.3816
1776266545.673352,419.62905192375183,PLC -> IO,0.0244
1776266545.7387023,419.694402217865,PLC -> IO,1.38632
1776266545.8021467,419.7578465938568,PLC -> IO,1.10088
1776266545.864333,419.8200328350067,PLC -> IO,3.8476
1776266545.9278655,419.8835654258728,PLC -> IO,2.4429600000000002
1776266545.9941847,419.94988465309143,PLC -> IO,2.77848
1776266546.0556872,420.01138710975647,PLC -> IO,1.48208
1776266546.12036,420.0760598182678,PLC -> IO,34.0608
1776266546.1865225,420.14222240448,PLC -> IO,16.62992
1776266546.248048,420.2037479877472,PLC -> IO,2.9703199999999996
1776266546.3147867,420.27048659324646,PLC -> IO,6.37976
1776266546.3797493,420.33544921875,PLC -> IO,0.51592
1776266546.4453633,420.40106320381165,PLC -> IO,4.06776
1776266546.5071135,420.46281337738037,PLC -> IO,7.91768
1776266546.5792303,420.534930229187,PLC -> IO,6.97456
1776266546.6322567,420.5879566669464,PLC -> IO,2.18848
1776266546.6975043,420.653204202652,PLC -> IO,2.0008
1776266546.7596443,420.71534419059753,PLC -> IO,2.93216
1776266546.8232174,420.77891731262207,PLC -> IO,29.89968
1776266546.8918083,420.8475081920624,PLC -> IO,1.78136
1776266546.9520557,420.907755613327,PLC -> IO,5.404800000000001
1776266547.0200372,420.97573709487915,PLC -> IO,2.94992
1776266547.0807035,421.0364034175873,PLC -> IO,11.52896
1776266547.145939,421.1016390323639,PLC -> IO,15.06176
1776266547.2109547,421.166654586792,PLC -> IO,0.05592
1776266547.2736878,421.22938776016235,PLC -> IO,3.37624
1776266547.3358166,421.2915165424347,PLC -> IO,2.29368
1776266547.3999176,421.35561752319336,PLC -> IO,11.04848
1776266547.4670196,421.4227194786072,PLC -> IO,2.91048
1776266547.5286155,421.4843153953552,PLC -> IO,0.38615999999999995
1776266547.5979733,421.5536732673645,PLC -> IO,8.014800000000001
1776266547.6584015,421.6141014099121,PLC -> IO,0.4476
1776266547.7224598,421.6781597137451,PLC -> IO,1.51288
1776266547.7845478,421.74024772644043,PLC -> IO,0.16768
1776266547.8512926,421.80699253082275,PLC -> IO,2.4375199999999997
1776266547.9129832,421.8686830997467,PLC -> IO,6.82312
1776266547.979883,421.93558287620544,PLC -> IO,0.63512
1776266548.039244,421.994943857193,PLC -> IO,0.92472
1776266548.1048481,422.0605480670929,PLC -> IO,16.876720000000002
1776266548.1669204,422.122620344162,PLC -> IO,1.37176
1776266548.234471,422.1901710033417,PLC -> IO,5.01592
1776266548.2992203,422.2549202442169,PLC -> IO,21.28184
1776266548.3632615,422.31896138191223,PLC -> IO,0.0504
1776266548.4274917,422.38319158554077,PLC -> IO,2.40136
1776266548.4896228,422.4453227519989,PLC -> IO,5.45888
1776266548.5547333,422.5104331970215,PLC -> IO,14.912560000000001
1776266548.62109,422.57678985595703,PLC -> IO,0.46112
1776266548.6834586,422.63915848731995,PLC -> IO,22.038800000000002
1776266548.744521,422.70022082328796,PLC -> IO,2.4158399999999998
1776266548.8075886,422.7632884979248,PLC -> IO,0.9444
1776266548.8733752,422.8290750980377,PLC -> IO,1.39416
1776266548.9389136,422.8946135044098,PLC -> IO,0.50856
1776266549.0025313,422.9582312107086,PLC -> IO,13.53984
1776266549.0651479,423.0208477973938,PLC -> IO,3.0509600000000003
1776266549.1308079,423.0865077972412,PLC -> IO,3.41888
1776266549.1944656,423.1501655578613,PLC -> IO,5.980079999999999
1776266549.2586257,423.2143256664276,PLC -> IO,1.3256
1776266549.321187,423.27688694000244,PLC -> IO,0.9396800000000001
1776266549.3858926,423.3415925502777,PLC -> IO,28.38064
1776266549.448389,423.404088973999,PLC -> IO,0.13264
1776266549.5119822,423.4676821231842,PLC -> IO,12.2588
1776266549.5782194,423.5339193344116,PLC -> IO,0.45144
1776266549.6398463,423.59554624557495,PLC -> IO,0.051199999999999996
1776266549.7045105,423.66021037101746,PLC -> IO,1.40968
1776266549.770503,423.7262029647827,PLC -> IO,1.4552
1776266549.837653,423.79335284233093,PLC -> IO,3.0036799999999997
1776266549.8977726,423.8534724712372,PLC -> IO,4.5008799999999995
1776266549.9628506,423.918550491333,PLC -> IO,17.59944
1776266550.0246625,423.9803624153137,PLC -> IO,2.36008
1776266550.0897946,424.045494556427,PLC -> IO,12.38696
1776266550.1523337,424.108033657074,PLC -> IO,1.3803999999999998
1776266550.2180085,424.1737084388733,PLC -> IO,16.460559999999997
1776266550.2810788,424.2367787361145,PLC -> IO,3.5428
1776266550.3430982,424.29879808425903,PLC -> IO,7.66368
1776266550.4109492,424.3666491508484,PLC -> IO,7.8528
1776266550.4725947,424.4282946586609,PLC -> IO,0.82728
1776266550.5385473,424.49424719810486,PLC -> IO,0.11192
1776266550.6027021,424.5584020614624,PLC -> IO,0.79552
1776266550.6667848,424.6224846839905,PLC -> IO,12.16488
1776266550.7274482,424.68314814567566,PLC -> IO,0.45824
1776266550.793465,424.7491648197174,PLC -> IO,4.20448
1776266550.8601885,424.8158884048462,PLC -> IO,1.5538399999999999
1776266550.929395,424.88509488105774,PLC -> IO,1.39032
1776266550.9833677,424.9390676021576,PLC -> IO,1.13824
1776266551.0481062,425.0038061141968,PLC -> IO,2.96272
1776266551.1207068,425.0764067173004,PLC -> IO,17.55136
1776266551.1759515,425.1316514015198,PLC -> IO,3.45496
1776266551.2406774,425.19637727737427,PLC -> IO,26.29664
1776266551.3047075,425.26040744781494,PLC -> IO,7.97472
1776266551.3708346,425.3265345096588,PLC -> IO,15.39616
1776266551.4318416,425.3875415325165,PLC -> IO,1.33384
1776266551.5011005,425.45680046081543,PLC -> IO,2.4743999999999997
1776266551.563202,425.5189018249512,PLC -> IO,1.4176
1776266551.6227818,425.57848167419434,PLC -> IO,1.8588
1776266551.694707,425.6504068374634,PLC -> IO,1.1213600000000001
1776266551.754134,425.70983386039734,PLC -> IO,0.87056
1776266551.8200803,425.77578020095825,PLC -> IO,1.5906399999999998
1776266551.879267,425.8349668979645,PLC -> IO,1.73536
1776266551.9629014,425.91860127449036,PLC -> IO,11.472639999999998
1776266552.0120363,425.96773624420166,PLC -> IO,6.89632
1776266552.076588,426.03228783607483,PLC -> IO,4.06864
1776266552.137669,426.0933690071106,PLC -> IO,0.55672
1776266552.2027986,426.1584985256195,PLC -> IO,0.70728
1776266552.2635975,426.2192974090576,PLC -> IO,8.986559999999999
1776266552.3299754,426.2856752872467,PLC -> IO,14.699200000000001
1776266552.3946407,426.3503406047821,PLC -> IO,0.11832000000000001
1776266552.4559965,426.411696434021,PLC -> IO,3.9127199999999998
1776266552.5226257,426.47832560539246,PLC -> IO,10.38656
1776266552.5832007,426.5389006137848,PLC -> IO,2.96152
1776266552.6512628,426.60696268081665,PLC -> IO,0.48503199999999996
1776266552.711844,426.66754388809204,PLC -> IO,3.13096
1776266552.7786136,426.7343134880066,PLC -> IO,3.1612799999999996
1776266552.8416114,426.79731130599976,PLC -> IO,0.48232
1776266552.9183097,426.8740096092224,PLC -> IO,2.4716
1776266552.9728901,426.9285900592804,PLC -> IO,3.83752
1776266553.0321445,426.9878444671631,PLC -> IO,3.3392
1776266553.0960732,427.05177307128906,PLC -> IO,2.14488
1776266553.1608107,427.11651062965393,PLC -> IO,3.44224
1776266553.2309086,427.18660855293274,PLC -> IO,10.494959999999999
1776266553.289001,427.2447009086609,PLC -> IO,13.04472
1776266553.358228,427.31392788887024,PLC -> IO,2.91888
1776266553.4169104,427.37261033058167,PLC -> IO,0.38583999999999996
1776266553.4825122,427.4382121562958,PLC -> IO,0.41775999999999996
1776266553.5431092,427.4988090991974,PLC -> IO,12.92592
1776266553.610638,427.5663378238678,PLC -> IO,2.47168
1776266553.6723926,427.6280925273895,PLC -> IO,0.462
1776266553.7360013,427.69170117378235,PLC -> IO,5.05464
1776266553.8025153,427.7582151889801,PLC -> IO,29.1632
1776266553.8667848,427.8224847316742,PLC -> IO,12.94168
1776266553.9309516,427.8866515159607,PLC -> IO,8.32696
1776266553.9944322,427.95013213157654,PLC -> IO,0.0768
1776266554.058676,428.0143759250641,PLC -> IO,0.40904
1776266554.12081,428.07650995254517,PLC -> IO,0.06216
1776266554.1874502,428.14315009117126,PLC -> IO,2.4192
1776266554.2510004,428.2067003250122,PLC -> IO,2.9183999999999997
1776266554.3154986,428.27119851112366,PLC -> IO,4.06824
1776266554.3781593,428.333859205246,PLC -> IO,5.06304
1776266554.4409115,428.39661145210266,PLC -> IO,2.43168
1776266554.50453,428.4602298736572,PLC -> IO,27.43272
1776266554.5675402,428.5232400894165,PLC -> IO,3.57432
1776266554.6387427,428.5944426059723,PLC -> IO,0.49272
1776266554.6967647,428.6524646282196,PLC -> IO,0.54472
1776266554.7625635,428.71826338768005,PLC -> IO,11.765839999999999
1776266554.8247058,428.7804057598114,PLC -> IO,11.394400000000001
1776266554.8907554,428.84645533561707,PLC -> IO,0.8924
1776266554.9524686,428.90816855430603,PLC -> IO,5.79128
1776266555.0185828,428.97428274154663,PLC -> IO,1.4496
1776266555.0806627,429.03636264801025,PLC -> IO,8.07344
1776266555.1441512,429.0998511314392,PLC -> IO,0.52968
1776266555.2083828,429.1640827655792,PLC -> IO,0.09744
1776266555.2735815,429.2292814254761,PLC -> IO,12.73768
1776266555.3382454,429.2939453125,PLC -> IO,5.42736
1776266555.4016972,429.3573970794678,PLC -> IO,0.5505599999999999
1776266555.4663289,429.4220287799835,PLC -> IO,1.47112
1776266555.5279522,429.48365211486816,PLC -> IO,2.0624800000000003
1776266555.5945456,429.55024552345276,PLC -> IO,0.5403199999999999
1776266555.6577244,429.61342430114746,PLC -> IO,0.55528
1776266555.7253463,429.6810462474823,PLC -> IO,0.62408
1776266555.7845297,429.7402296066284,PLC -> IO,14.93528
1776266555.8481605,429.8038604259491,PLC -> IO,3.52696
1776266555.9123797,429.868079662323,PLC -> IO,1.83144
1776266555.9759614,429.9316613674164,PLC -> IO,0.033519999999999994
1776266556.0420678,429.9977676868439,PLC -> IO,1.87952
1776266556.1156044,430.07130432128906,PLC -> IO,3.4496
1776266556.1692748,430.1249747276306,PLC -> IO,1.60744
1776266556.2384336,430.19413352012634,PLC -> IO,3.9032799999999996
1776266556.298621,430.25432085990906,PLC -> IO,4.863519999999999
1776266556.3650894,430.3207893371582,PLC -> IO,19.26712
1776266556.425702,430.38140201568604,PLC -> IO,1.0344799999999998
1776266556.4939997,430.44969964027405,PLC -> IO,7.90528
1776266556.555081,430.5107808113098,PLC -> IO,3.88776
1776266556.6162457,430.57194566726685,PLC -> IO,1.37056
1776266556.6834373,430.6391372680664,PLC -> IO,4.90552
1776266556.7465432,430.7022430896759,PLC -> IO,13.885760000000001
1776266556.8079643,430.76366424560547,PLC -> IO,0.5244800000000001
1776266556.8747811,430.8304810523987,PLC -> IO,3.33464
1776266556.9383616,430.89406156539917,PLC -> IO,2.94056
1776266557.0010052,430.9567050933838,PLC -> IO,1.02288
1776266557.0636573,431.01935720443726,PLC -> IO,26.87384
1776266557.1297886,431.08548855781555,PLC -> IO,1.4988
1776266557.1924179,431.1481177806854,PLC -> IO,0.97904
1776266557.2574465,431.2131464481354,PLC -> IO,13.52432
1776266557.3196664,431.27536630630493,PLC -> IO,2.4261600000000003
1776266557.3828955,431.3385953903198,PLC -> IO,0.876
1776266557.4508421,431.4065420627594,PLC -> IO,3.9912
1776266557.5124168,431.4681167602539,PLC -> IO,0.88696
1776266557.5786817,431.5343816280365,PLC -> IO,1.3508
1776266557.6451743,431.60087418556213,PLC -> IO,18.040312
1776266557.7093654,431.6650652885437,PLC -> IO,3.4145600000000003
1776266557.7679064,431.7236063480377,PLC -> IO,5.00192
1776266557.8336673,431.7893671989441,PLC -> IO,1.9471200000000002
1776266557.8996882,431.85538816452026,PLC -> IO,6.60728
1776266557.9597569,431.9154567718506,PLC -> IO,1.0253599999999998
1776266558.027017,431.9827170372009,PLC -> IO,3.9134399999999996
1776266558.0886683,432.0443682670593,PLC -> IO,2.47648
1776266558.1548426,432.11054253578186,PLC -> IO,23.938480000000002
1776266558.2170153,432.17271518707275,PLC -> IO,0.22944
1776266558.2825925,432.2382924556732,PLC -> IO,0.0044800000000000005
1776266558.3431945,432.298894405365,PLC -> IO,16.43504
1776266558.4117022,432.3674020767212,PLC -> IO,1.48224
1776266558.4863403,432.44204020500183,PLC -> IO,0.51976
1776266558.5384974,432.4941973686218,PLC -> IO,1.5462399999999998
1776266558.599239,432.55493903160095,PLC -> IO,2.90216
1776266558.6666696,432.6223695278168,PLC -> IO,15.22744
1776266558.7278159,432.68351578712463,PLC -> IO,3.10072
1776266558.796448,432.7521479129791,PLC -> IO,0.49368
1776266558.8591821,432.8148820400238,PLC -> IO,2.90952
1776266558.9208682,432.87656807899475,PLC -> IO,34.942719999999994
1776266558.9858947,432.9415946006775,PLC -> IO,4.02856
1776266559.0491066,433.0048065185547,PLC -> IO,12.44464
1776266559.1147351,433.07043504714966,PLC -> IO,15.06048
1776266559.1797915,433.1354913711548,PLC -> IO,8.49536
1776266559.2423105,433.1980104446411,PLC -> IO,0.5541600000000001
1776266559.303061,433.25876092910767,PLC -> IO,6.38936
1776266559.3675835,433.3232834339142,PLC -> IO,1.13368
1776266559.431781,433.3874809741974,PLC -> IO,0.41088
1776266559.497288,433.452987909317,PLC -> IO,3.57328
1776266559.5626256,433.5183255672455,PLC -> IO,15.25144
1776266559.6386814,433.59438133239746,PLC -> IO,12.02384
1776266559.6908965,433.6465964317322,PLC -> IO,0.86016
1776266559.7532911,433.7089910507202,PLC -> IO,1.11072
