timestamp,rel_time_s,direction,e2e_latency_ms
1776098243.0117636,0.004000186920166016,PLC -> IO,0.760482
1776098243.0469556,0.03919219970703125,IO -> PLC,0.77668
1776098243.075766,0.06800270080566406,PLC -> IO,0.556592
1776098243.1109543,0.10319089889526367,IO -> PLC,0.79777
1776098243.1397688,0.1320054531097412,PLC -> IO,0.644562
1776098243.1749527,0.167189359664917,IO -> PLC,0.60373
1776098243.2037714,0.19600796699523926,PLC -> IO,0.534202
1776098243.2389514,0.23118805885314941,IO -> PLC,0.95331
1776098243.2677739,0.2600104808807373,PLC -> IO,0.780742
1776098243.3029501,0.29518675804138184,IO -> PLC,0.75607
1776098243.3317766,0.32401323318481445,PLC -> IO,0.626772
1776098243.3669486,0.35918521881103516,IO -> PLC,1.4899
1776098243.3957791,0.3880157470703125,PLC -> IO,0.582252
1776098243.4309473,0.4231839179992676,IO -> PLC,0.61799
1776098243.459782,0.45201849937438965,PLC -> IO,0.929432
1776098243.4949448,0.4871814250946045,IO -> PLC,0.76884
1776098243.5237844,0.5160210132598877,PLC -> IO,0.662582
1776098243.5589435,0.5511801242828369,IO -> PLC,0.91297
1776098243.587787,0.5800235271453857,PLC -> IO,0.588942
1776098243.622942,0.6151785850524902,IO -> PLC,0.62268
1776098243.6517897,0.6440262794494629,PLC -> IO,0.691152
1776098243.6869407,0.6791772842407227,IO -> PLC,0.91698
1776098243.7157922,0.7080287933349609,PLC -> IO,0.515752
1776098243.7509391,0.743175745010376,IO -> PLC,0.81406
1776098243.779795,0.7720315456390381,PLC -> IO,0.581552
1776098243.8149378,0.8071744441986084,IO -> PLC,0.63842
1776098243.8437974,0.8360340595245361,PLC -> IO,0.681192
1776098243.8789365,0.8711731433868408,IO -> PLC,0.70046
1776098243.9078,0.9000365734100342,PLC -> IO,0.558912
1776098243.942934,0.9351706504821777,IO -> PLC,0.84515
1776098243.9718027,0.9640393257141113,PLC -> IO,0.701602
1776098244.0069327,0.9991693496704102,IO -> PLC,0.61143
1776098244.0358052,1.0280418395996094,PLC -> IO,0.626832
1776098244.0709312,1.0631678104400635,IO -> PLC,0.64356
1776098244.099808,1.0920445919036865,PLC -> IO,0.546462
1776098244.13493,1.127166509628296,IO -> PLC,0.78128
1776098244.1638105,1.1560471057891846,PLC -> IO,0.752352
1776098244.1989284,1.1911649703979492,IO -> PLC,0.80341
1776098244.227813,1.2200496196746826,PLC -> IO,0.604872
1776098244.262927,1.2551636695861816,IO -> PLC,0.60529
1776098244.2918158,1.2840523719787598,PLC -> IO,0.493402
1776098244.3269258,1.319162368774414,IO -> PLC,0.8351
1776098244.3558183,1.3480548858642578,PLC -> IO,0.722492
1776098244.3909233,1.383159875869751,IO -> PLC,1.59054
1776098244.419821,1.412057638168335,PLC -> IO,0.562442
1776098244.4549217,1.4471583366394043,IO -> PLC,0.85351
1776098244.4838235,1.476060152053833,PLC -> IO,2.035172
1776098244.5189204,1.5111570358276367,IO -> PLC,0.95428
1776098244.547826,1.540062665939331,PLC -> IO,0.977412
1776098244.582919,1.57515549659729,IO -> PLC,1.12289
1776098244.6118288,1.6040654182434082,PLC -> IO,0.648662
1776098244.6469176,1.6391541957855225,IO -> PLC,0.78212
1776098244.6758313,1.6680679321289062,PLC -> IO,1.015432
1776098244.7109163,1.7031528949737549,IO -> PLC,0.90369
1776098244.7398338,1.7320704460144043,PLC -> IO,0.625132
1776098244.7749147,1.7671513557434082,IO -> PLC,0.71884
1776098244.8038366,1.7960731983184814,PLC -> IO,0.527162
1776098244.8389125,1.8311491012573242,IO -> PLC,0.60457
1776098244.867839,1.8600757122039795,PLC -> IO,0.793052
1776098244.902911,1.8951475620269775,IO -> PLC,1.60562
1776098244.9318419,1.9240784645080566,PLC -> IO,0.618932
1776098244.9669096,1.95914626121521,IO -> PLC,0.67938
1776098244.9958444,1.9880809783935547,PLC -> IO,0.566882
1776098245.030908,2.0231447219848633,IO -> PLC,0.63678
1776098245.0598469,2.0520834922790527,PLC -> IO,1.057902
1776098245.0949068,2.0871434211730957,IO -> PLC,0.71019
1776098245.1238496,2.11608624458313,PLC -> IO,0.592482
1776098245.1589055,2.151142120361328,IO -> PLC,0.65032
1776098245.1878521,2.180088758468628,PLC -> IO,0.920382
1776098245.222904,2.2151405811309814,IO -> PLC,0.63331
1776098245.251855,2.244091510772705,PLC -> IO,0.711542
1776098245.2869027,2.279139280319214,IO -> PLC,0.81913
1776098245.3158574,2.308094024658203,PLC -> IO,0.536532
1776098245.3509002,2.343136787414551,IO -> PLC,0.61173
1776098245.37986,2.372096538543701,PLC -> IO,0.558012
1776098245.4148986,2.407135248184204,IO -> PLC,1.63541
1776098245.4438627,2.4360992908477783,PLC -> IO,0.689402
1776098245.4788973,2.4711339473724365,IO -> PLC,0.8023
1776098245.5078652,2.5001018047332764,PLC -> IO,0.539752
1776098245.542896,2.535132646560669,IO -> PLC,0.63898
1776098245.571868,2.5641045570373535,PLC -> IO,0.549232
1776098245.6068945,2.5991311073303223,IO -> PLC,0.64062
1776098245.6358705,2.6281070709228516,PLC -> IO,0.639832
1776098245.6708932,2.6631298065185547,IO -> PLC,0.75779
1776098245.699873,2.6921095848083496,PLC -> IO,1.075572
1776098245.7348917,2.727128267288208,IO -> PLC,0.63447
1776098245.7638757,2.7561123371124268,PLC -> IO,0.763432
1776098245.7988894,2.791126012802124,IO -> PLC,0.66971
1776098245.8278782,2.820114850997925,PLC -> IO,0.613062
1776098245.8628879,2.8551244735717773,IO -> PLC,0.73064
1776098245.891881,2.884117603302002,PLC -> IO,0.555912
1776098245.9268866,2.9191231727600098,IO -> PLC,1.65073
1776098245.9558835,2.9481201171875,PLC -> IO,0.733712
1776098245.9908853,2.983121871948242,IO -> PLC,0.70817
1776098246.019886,3.012122631072998,PLC -> IO,0.568402
1776098246.0548837,3.0471203327178955,IO -> PLC,0.68598
1776098246.0838888,3.076125383377075,PLC -> IO,0.566362
1776098246.1188824,3.111119031906128,IO -> PLC,0.82171
1776098246.1478913,3.1401278972625732,PLC -> IO,0.695762
1776098246.1828809,3.1751174926757812,IO -> PLC,0.61654
1776098246.211894,3.2041306495666504,PLC -> IO,1.101012
1776098246.2468786,3.2391152381896973,IO -> PLC,0.67523
1776098246.2758965,3.2681331634521484,PLC -> IO,0.573592
1776098246.310877,3.3031136989593506,IO -> PLC,0.81112
1776098246.339899,3.3321356773376465,PLC -> IO,0.641722
1776098246.3748758,3.367112398147583,IO -> PLC,0.62827
1776098246.4039018,3.3961384296417236,PLC -> IO,0.534242
1776098246.4388742,3.4311108589172363,IO -> PLC,0.63792
1776098246.4679043,3.4601409435272217,PLC -> IO,0.578132
1776098246.502873,3.4951095581054688,IO -> PLC,0.99271
1776098246.531907,3.524143695831299,PLC -> IO,0.616012
1776098246.5668716,3.559108257293701,IO -> PLC,0.61241
1776098246.5959096,3.588146209716797,PLC -> IO,0.557812
1776098246.63087,3.6231067180633545,IO -> PLC,0.60069
1776098246.659912,3.652148723602295,PLC -> IO,0.961152
1776098246.6948688,3.687105417251587,IO -> PLC,0.8101
1776098246.7239149,3.716151475906372,PLC -> IO,0.852392
1776098246.7588663,3.751102924346924,IO -> PLC,0.77879
1776098246.7879174,3.78015398979187,PLC -> IO,0.548102
1776098246.822865,3.8151016235351562,IO -> PLC,0.59899
1776098246.8519201,3.8441567420959473,PLC -> IO,0.734302
1776098246.8868635,3.8791000843048096,IO -> PLC,0.65687
1776098246.9159226,3.9081592559814453,PLC -> IO,0.544662
1776098246.9508622,3.943098783493042,IO -> PLC,0.74444
1776098246.9799252,3.9721617698669434,PLC -> IO,0.588232
1776098247.0148606,4.007097244262695,IO -> PLC,0.60464
1776098247.043928,4.0361645221710205,PLC -> IO,0.722432
1776098247.0788593,4.071095943450928,IO -> PLC,0.94502
1776098247.1079304,4.1001670360565186,PLC -> IO,0.518952
1776098247.142858,4.13509464263916,IO -> PLC,0.70817
1776098247.1719332,4.164169788360596,PLC -> IO,0.546592
1776098247.2068555,4.199092149734497,IO -> PLC,0.6391
1776098247.2359357,4.228172302246094,PLC -> IO,0.929292
1776098247.2708542,4.2630908489227295,IO -> PLC,0.6661
1776098247.2999382,4.292174816131592,PLC -> IO,0.539642
1776098247.3348527,4.327089309692383,IO -> PLC,0.66983
1776098247.363941,4.356177568435669,PLC -> IO,0.794892
1776098247.3988514,4.391088008880615,IO -> PLC,0.62722
1776098247.4279435,4.420180082321167,PLC -> IO,0.591732
1776098247.4628499,4.4550864696502686,IO -> PLC,0.85304
1776098247.4919462,4.484182834625244,PLC -> IO,0.537852
1776098247.5268486,4.519085168838501,IO -> PLC,0.65076
1776098247.5559487,4.548185348510742,PLC -> IO,1.114542
1776098247.5908473,4.583083868026733,IO -> PLC,0.76697
1776098247.6199512,4.61218786239624,PLC -> IO,0.752342
1776098247.6548448,4.64708137512207,IO -> PLC,0.61717
1776098247.683954,4.676190614700317,PLC -> IO,0.569892
1776098247.7188432,4.711079835891724,IO -> PLC,0.82233
1776098247.7479565,4.740193128585815,PLC -> IO,1.173242
1776098247.782842,4.775078535079956,IO -> PLC,0.89567
1776098247.8119593,4.804195880889893,PLC -> IO,0.667352
1776098247.8468404,4.839076995849609,IO -> PLC,0.78971
1776098247.8759618,4.868198394775391,PLC -> IO,0.561462
1776098247.910839,4.903075695037842,IO -> PLC,0.61814
1776098247.9399643,4.932200908660889,PLC -> IO,0.656952
1776098247.9748378,4.967074394226074,IO -> PLC,0.63707
1776098248.003967,4.996203660964966,PLC -> IO,0.532592
1776098248.0388362,5.0310728549957275,IO -> PLC,0.74719
1776098248.0679696,5.060206174850464,PLC -> IO,0.566882
1776098248.102834,5.0950706005096436,IO -> PLC,0.635
1776098248.1319723,5.124208927154541,PLC -> IO,0.652522
1776098248.1668324,5.159069061279297,IO -> PLC,0.62216
1776098248.1959748,5.188211441040039,PLC -> IO,0.538162
1776098248.2308311,5.223067760467529,IO -> PLC,0.72501
1776098248.2599773,5.252213954925537,PLC -> IO,1.042142
1776098248.2948298,5.287066459655762,IO -> PLC,0.96827
1776098248.32398,5.316216707229614,PLC -> IO,0.617042
1776098248.3588283,5.351064920425415,IO -> PLC,0.64726
1776098248.3879826,5.380219221115112,PLC -> IO,0.546042
1776098248.422827,5.4150636196136475,IO -> PLC,0.67842
1776098248.4519854,5.4442219734191895,PLC -> IO,0.727052
1776098248.4868255,5.479062080383301,IO -> PLC,1.32722
1776098248.5159879,5.5082244873046875,PLC -> IO,0.560372
1776098248.5508242,5.543060779571533,IO -> PLC,0.85764
1776098248.5799904,5.5722270011901855,PLC -> IO,0.767852
1776098248.6148217,5.60705828666687,IO -> PLC,0.67168
1776098248.6439931,5.636229753494263,PLC -> IO,0.743102
1776098248.6788201,5.671056747436523,IO -> PLC,0.82085
1776098248.7079957,5.700232267379761,PLC -> IO,0.540902
1776098248.7428188,5.735055446624756,IO -> PLC,0.61464
1776098248.7719984,5.764235019683838,PLC -> IO,0.857602
1776098248.8068175,5.799054145812988,IO -> PLC,0.63957
1776098248.836001,5.828237533569336,PLC -> IO,0.622432
1776098248.870816,5.863052606582642,IO -> PLC,1.00363
1776098248.9000034,5.892240047454834,PLC -> IO,0.545912
1776098248.9348147,5.927051305770874,IO -> PLC,0.80335
1776098248.9640062,5.956242799758911,PLC -> IO,0.561312
1776098248.9988132,5.991049766540527,IO -> PLC,0.83044
1776098249.0280087,6.020245313644409,PLC -> IO,0.619432
1776098249.062811,6.055047512054443,IO -> PLC,0.85672
1776098249.0920115,6.084248065948486,PLC -> IO,0.550032
1776098249.1268096,6.119046211242676,IO -> PLC,1.03733
1776098249.156014,6.148250579833984,PLC -> IO,0.768322
1776098249.190808,6.183044672012329,IO -> PLC,0.62311
1776098249.2200165,6.212253093719482,PLC -> IO,0.594912
1776098249.2548068,6.2470433712005615,IO -> PLC,0.6298
1776098249.2840192,6.27625584602356,PLC -> IO,0.922332
1776098249.3188052,6.311041831970215,IO -> PLC,0.74096
1776098249.3480217,6.340258359909058,PLC -> IO,0.735392
1776098249.382804,6.375040531158447,IO -> PLC,0.82134
1776098249.4120245,6.404261112213135,PLC -> IO,0.699512
1776098249.4468026,6.43903923034668,IO -> PLC,0.91395
1776098249.476027,6.468263626098633,PLC -> IO,0.560682
1776098249.5108001,6.503036737442017,IO -> PLC,0.68822
1776098249.5400295,6.532266139984131,PLC -> IO,0.668492
1776098249.5747986,6.56703519821167,IO -> PLC,0.86187
1776098249.6040323,6.596268892288208,PLC -> IO,0.514122
1776098249.6387973,6.631033897399902,IO -> PLC,0.6207
1776098249.6680348,6.660271406173706,PLC -> IO,0.560172
1776098249.7027957,6.695032358169556,IO -> PLC,0.68667
1776098249.7320375,6.724274158477783,PLC -> IO,0.639252
1776098249.7667944,6.759031057357788,IO -> PLC,0.84897
1776098249.79604,6.788276672363281,PLC -> IO,0.870182
1776098249.8307931,6.8230297565460205,IO -> PLC,0.617
1776098249.8600426,6.852279186248779,PLC -> IO,0.544452
1776098249.8947916,6.887028217315674,IO -> PLC,0.65345
1776098249.9240453,6.9162819385528564,PLC -> IO,0.643772
1776098249.9587903,6.951026916503906,IO -> PLC,0.82078
1776098249.9880478,6.9802844524383545,PLC -> IO,0.556212
1776098250.0227878,7.015024423599243,IO -> PLC,0.61745
1776098250.0520506,7.044287204742432,PLC -> IO,0.760192
1776098250.0867865,7.079023122787476,IO -> PLC,0.60381
1776098250.116053,7.10828971862793,PLC -> IO,0.591032
1776098250.150785,7.143021583557129,IO -> PLC,0.65434
1776098250.1800556,7.172292232513428,PLC -> IO,0.573232
1776098250.2147837,7.207020282745361,IO -> PLC,0.77984
1776098250.2440584,7.236294984817505,PLC -> IO,0.761912
1776098250.2787824,7.271018981933594,IO -> PLC,0.80204
1776098250.308061,7.300297498703003,PLC -> IO,0.977562
1776098250.3427808,7.335017442703247,IO -> PLC,0.63144
1776098250.3720636,7.36430025100708,PLC -> IO,0.541352
1776098250.4067795,7.3990161418914795,IO -> PLC,0.74876
1776098250.4360662,7.428302764892578,PLC -> IO,0.675392
1776098250.470777,7.463013648986816,IO -> PLC,0.61089
1776098250.5000687,7.492305278778076,PLC -> IO,0.542632
1776098250.5347757,7.527012348175049,IO -> PLC,0.62773
1776098250.5640714,7.556308031082153,PLC -> IO,0.964452
1776098250.5987742,7.591010808944702,IO -> PLC,0.71842
1776098250.628074,7.620310544967651,PLC -> IO,0.660402
1776098250.662773,7.655009508132935,IO -> PLC,0.6155
1776098250.6920767,7.6843132972717285,PLC -> IO,0.532202
1776098250.7267714,7.719007968902588,IO -> PLC,0.62122
1776098250.7560792,7.748315811157227,PLC -> IO,0.788332
1776098250.79077,7.78300666809082,IO -> PLC,0.7804
1776098250.8200817,7.812318325042725,PLC -> IO,0.868692
1776098250.8547688,7.847005367279053,IO -> PLC,0.65691
1776098250.8840845,7.876321077346802,PLC -> IO,0.532882
1776098250.9187663,7.91100287437439,IO -> PLC,0.6228
1776098250.948087,7.9403235912323,PLC -> IO,0.761972
1776098250.982765,7.975001573562622,IO -> PLC,0.66212
1776098251.0120897,8.004326343536377,PLC -> IO,0.825452
1776098251.0467634,8.039000034332275,IO -> PLC,0.76401
1776098251.0760922,8.068328857421875,PLC -> IO,0.557002
1776098251.1107621,8.102998733520508,IO -> PLC,0.87918
1776098251.1400948,8.132331371307373,PLC -> IO,0.737692
1776098251.1747606,8.166997194290161,IO -> PLC,0.62577
1776098251.2040975,8.19633412361145,PLC -> IO,0.520372
1776098251.2387593,8.230995893478394,IO -> PLC,0.99096
1776098251.2681,8.260336637496948,PLC -> IO,0.566172
1776098251.302758,8.294994592666626,IO -> PLC,0.79987
1776098251.3321028,8.324339389801025,PLC -> IO,1.116072
1776098251.3667555,8.358992099761963,IO -> PLC,0.63055
1776098251.3961053,8.388341903686523,PLC -> IO,0.537772
1776098251.430754,8.422990560531616,IO -> PLC,0.81124
1776098251.4601078,8.452344417572021,PLC -> IO,0.548932
1776098251.4947526,8.486989259719849,IO -> PLC,0.76153
1776098251.5241106,8.516347169876099,PLC -> IO,0.628032
1776098251.5587513,8.550987958908081,IO -> PLC,0.84077
1776098251.588113,8.580349683761597,PLC -> IO,0.551352
1776098251.6227498,8.614986419677734,IO -> PLC,0.99194
1776098251.6521158,8.644352436065674,PLC -> IO,0.810122
1776098251.6867485,8.678985118865967,IO -> PLC,0.72518
1776098251.7161183,8.708354949951172,PLC -> IO,0.592792
1776098251.750747,8.74298357963562,IO -> PLC,0.99923
1776098251.7801208,8.77235746383667,PLC -> IO,0.555072
1776098251.8147457,8.806982278823853,IO -> PLC,0.75191
1776098251.8441236,8.836360216140747,PLC -> IO,1.187622
1776098251.8787432,8.87097978591919,IO -> PLC,0.78819
1776098251.908126,8.900362730026245,PLC -> IO,0.565072
1776098251.9427419,8.934978485107422,IO -> PLC,0.87176
1776098251.9721289,8.964365482330322,PLC -> IO,0.552952
1776098252.0067403,8.998976945877075,IO -> PLC,0.779
1776098252.0361314,9.02836799621582,PLC -> IO,0.703882
1776098252.070739,9.062975645065308,IO -> PLC,0.6728
1776098252.100134,9.092370510101318,PLC -> IO,0.517592
1776098252.1347377,9.12697434425354,IO -> PLC,0.66108
1776098252.1641366,9.156373262405396,PLC -> IO,0.549312
1776098252.1987362,9.190972805023193,IO -> PLC,0.62593
1776098252.2281392,9.220375776290894,PLC -> IO,0.657512
1776098252.262735,9.254971504211426,IO -> PLC,0.66022
1776098252.292142,9.28437852859497,PLC -> IO,0.526912
1776098252.3267324,9.318969011306763,IO -> PLC,0.62386
1776098252.3561444,9.348381042480469,PLC -> IO,0.693832
1776098252.390731,9.382967710494995,IO -> PLC,1.01232
1776098252.420147,9.412383556365967,PLC -> IO,0.597312
1776098252.4547296,9.446966171264648,IO -> PLC,0.85731
1776098252.4841497,9.476386308670044,PLC -> IO,1.917802
1776098252.5187283,9.51096487045288,IO -> PLC,0.7676
1776098252.5481522,9.540388822555542,PLC -> IO,0.760522
1776098252.582727,9.574963569641113,IO -> PLC,0.78044
1776098252.612155,9.60439157485962,PLC -> IO,0.719042
1776098252.6467254,9.638962030410767,IO -> PLC,0.62224
1776098252.6761575,9.668394088745117,PLC -> IO,0.580202
1776098252.710724,9.702960729598999,IO -> PLC,0.74061
1776098252.74016,9.732396602630615,PLC -> IO,0.736722
1776098252.7747216,9.766958236694336,IO -> PLC,0.7881
1776098252.8041627,9.796399354934692,PLC -> IO,0.553232
1776098252.8387203,9.830956935882568,IO -> PLC,0.61461
1776098252.8681653,9.86040186882019,PLC -> IO,0.866732
1776098252.9027188,9.894955396652222,IO -> PLC,0.91603
1776098252.932168,9.924404621124268,PLC -> IO,0.687162
1776098252.9667175,9.958954095840454,IO -> PLC,0.71703
1776098252.9961705,9.988407135009766,PLC -> IO,0.473282
1776098253.030716,10.022952556610107,IO -> PLC,0.61619
1776098253.060173,10.052409648895264,PLC -> IO,0.548612
1776098253.0947146,10.08695125579834,IO -> PLC,0.6372
1776098253.1241758,10.11641240119934,PLC -> IO,0.662582
1776098253.158713,10.150949716567993,IO -> PLC,0.6898
1776098253.1881783,10.180414915084839,PLC -> IO,0.542942
1776098253.2227118,10.214948415756226,IO -> PLC,0.62064
1776098253.252181,10.244417667388916,PLC -> IO,0.812032
1776098253.2867095,10.278946161270142,IO -> PLC,0.84965
1776098253.3161836,10.308420181274414,PLC -> IO,0.586552
1776098253.350708,10.342944622039795,IO -> PLC,0.65049
1776098253.380186,10.372422695159912,PLC -> IO,1.094852
1776098253.4147067,10.406943321228027,IO -> PLC,1.02767
1776098253.4441888,10.43642544746399,PLC -> IO,0.807512
1776098253.4787052,10.47094178199768,IO -> PLC,0.72106
1776098253.5081913,10.500427961349487,PLC -> IO,0.579542
1776098253.5427039,10.534940481185913,IO -> PLC,0.63038
1776098253.572194,10.564430713653564,PLC -> IO,0.552312
1776098253.6067026,10.598939180374146,IO -> PLC,0.99244
1776098253.6361966,10.628433227539062,PLC -> IO,0.711232
1776098253.670701,10.662937641143799,IO -> PLC,0.79223
1776098253.7001991,10.69243574142456,PLC -> IO,0.536152
1776098253.7346985,10.726935148239136,IO -> PLC,0.82964
1776098253.7642019,10.756438493728638,PLC -> IO,0.550752
1776098253.7986972,10.790933847427368,IO -> PLC,0.65817
1776098253.8282044,10.820441007614136,PLC -> IO,0.675912
1776098253.8626957,10.854932308197021,IO -> PLC,0.77853
1776098253.8922071,10.884443759918213,PLC -> IO,1.041812
1776098253.9266944,10.918931007385254,IO -> PLC,0.7093
1776098253.9562097,10.948446273803711,PLC -> IO,0.586312
1776098253.990693,10.982929706573486,IO -> PLC,0.68333
1776098254.0202122,11.012448787689209,PLC -> IO,0.624272
1776098254.0546916,11.04692816734314,IO -> PLC,0.73283
1776098254.084215,11.076451539993286,PLC -> IO,0.725362
1776098254.1186903,11.110926866531372,IO -> PLC,0.83783
1776098254.1482174,11.140454053878784,PLC -> IO,0.815722
1776098254.1826878,11.174924373626709,IO -> PLC,0.90596
1776098254.2122202,11.204456806182861,PLC -> IO,0.750642
1776098254.2466865,11.238923072814941,IO -> PLC,0.69951
1776098254.2762227,11.26845932006836,PLC -> IO,0.535632
1776098254.3106852,11.302921772003174,IO -> PLC,0.84341
1776098254.3402252,11.332461833953857,PLC -> IO,0.851842
1776098254.3746836,11.366920232772827,IO -> PLC,1.05178
1776098254.404228,11.396464586257935,PLC -> IO,0.558032
1776098254.4386823,11.43091893196106,IO -> PLC,0.66829
1776098254.4682305,11.460467100143433,PLC -> IO,0.568072
1776098254.5026808,11.494917392730713,IO -> PLC,0.80922
1776098254.5322332,11.52446985244751,PLC -> IO,0.695642
1776098254.5666795,11.558916091918945,IO -> PLC,0.62229
1776098254.5962358,11.588472366333008,PLC -> IO,0.532482
1776098254.630677,11.622913599014282,IO -> PLC,0.65971
1776098254.6602383,11.652474880218506,PLC -> IO,0.569002
1776098254.6946757,11.686912298202515,IO -> PLC,0.80663
1776098254.724241,11.716477632522583,PLC -> IO,0.658012
1776098254.7586741,11.750910758972168,IO -> PLC,0.61563
1776098254.7882435,11.780480146408081,PLC -> IO,0.541882
1776098254.8226728,11.8149094581604,IO -> PLC,0.59767
1776098254.8522463,11.844482898712158,PLC -> IO,0.557932
1776098254.8866713,11.878907918930054,IO -> PLC,0.73436
1776098254.9162488,11.908485412597656,PLC -> IO,1.003422
1776098254.95067,11.942906618118286,IO -> PLC,0.77177
1776098254.9802513,11.972487926483154,PLC -> IO,0.550422
1776098255.0146685,12.00690507888794,IO -> PLC,0.84206
1776098255.044254,12.036490678787231,PLC -> IO,0.799192
1776098255.0786662,12.070902824401855,IO -> PLC,0.71961
1776098255.1082566,12.10049319267273,PLC -> IO,0.593552
1776098255.142665,12.134901523590088,IO -> PLC,0.75078
1776098255.1722593,12.164495944976807,PLC -> IO,0.533042
1776098255.2066634,12.198899984359741,IO -> PLC,0.62226
1776098255.2362618,12.228498458862305,PLC -> IO,0.719962
1776098255.270662,12.262898683547974,IO -> PLC,0.62487
1776098255.3002644,12.292500972747803,PLC -> IO,0.569762
1776098255.3346605,12.326897144317627,IO -> PLC,0.71043
1776098255.364267,12.35650372505188,PLC -> IO,0.874292
1776098255.3986592,12.39089584350586,IO -> PLC,0.89337
1776098255.4282696,12.420506238937378,PLC -> IO,1.161552
1776098255.462658,12.454894542694092,IO -> PLC,0.89454
1776098255.4922724,12.484508991241455,PLC -> IO,0.556282
1776098255.5266564,12.518893003463745,IO -> PLC,0.67616
1776098255.556275,12.548511505126953,PLC -> IO,0.562572
1776098255.590654,12.582890510559082,IO -> PLC,1.05959
1776098255.6202774,12.612514019012451,PLC -> IO,0.636772
1776098255.6546526,12.646889209747314,IO -> PLC,0.64129
1776098255.6842802,12.676516771316528,PLC -> IO,0.535452
1776098255.718651,12.710887670516968,IO -> PLC,0.67142
1776098255.7482827,12.740519285202026,PLC -> IO,0.802622
1776098255.7826498,12.7748863697052,IO -> PLC,0.79083
1776098255.8122854,12.804522037506104,PLC -> IO,0.717462
1776098255.8466485,12.838885068893433,IO -> PLC,0.62327
1776098255.876288,12.868524551391602,PLC -> IO,0.532862
1776098255.910647,12.902883529663086,IO -> PLC,0.8758
1776098255.9402905,12.9325270652771,PLC -> IO,0.909082
1776098255.9746456,12.966882228851318,IO -> PLC,0.62632
1776098256.0042932,12.996529817581177,PLC -> IO,0.593282
1776098256.0386431,13.030879735946655,IO -> PLC,0.78764
1776098256.0682957,13.060532331466675,PLC -> IO,0.568352
1776098256.1026418,13.094878435134888,IO -> PLC,0.60688
1776098256.1322985,13.124535083770752,PLC -> IO,0.711202
1776098256.1666405,13.15887713432312,IO -> PLC,0.62188
1776098256.196301,13.18853759765625,PLC -> IO,0.577232
1776098256.230639,13.222875595092773,IO -> PLC,0.76866
1776098256.2603035,13.252540111541748,PLC -> IO,0.575592
1776098256.2946377,13.286874294281006,IO -> PLC,0.65965
1776098256.3243062,13.316542863845825,PLC -> IO,0.668192
1776098256.3586361,13.35087275505066,IO -> PLC,0.78531
1776098256.3883088,13.380545377731323,PLC -> IO,0.532232
1776098256.4226348,13.414871454238892,IO -> PLC,0.72424
1776098256.4523115,13.4445481300354,PLC -> IO,1.010132
1776098256.4866323,13.478868961334229,IO -> PLC,0.8282
1776098256.516314,13.508550643920898,PLC -> IO,0.644802
1776098256.550631,13.542867660522461,IO -> PLC,0.89633
1776098256.5803165,13.572553157806396,PLC -> IO,0.549722
1776098256.6146295,13.606866121292114,IO -> PLC,0.69508
1776098256.6443193,13.636555910110474,PLC -> IO,0.817132
1776098256.6786282,13.670864820480347,IO -> PLC,0.87594
1776098256.7083218,13.700558423995972,PLC -> IO,0.619812
1776098256.7426267,13.73486328125,IO -> PLC,0.61637
1776098256.7723246,13.764561176300049,PLC -> IO,0.540012
1776098256.8066254,13.798861980438232,IO -> PLC,0.68226
1776098256.836327,13.828563690185547,PLC -> IO,0.764862
1776098256.870624,13.862860679626465,IO -> PLC,0.63446
1776098256.9003296,13.892566204071045,PLC -> IO,0.572002
1776098256.9346225,13.926859140396118,IO -> PLC,0.61266
1776098256.9643323,13.956568956375122,PLC -> IO,0.550762
1776098256.9986203,13.990856885910034,IO -> PLC,0.62654
1776098257.0283349,14.02057147026062,PLC -> IO,0.732652
1776098257.0626187,14.054855346679688,IO -> PLC,0.72428
1776098257.0923376,14.084574222564697,PLC -> IO,0.552612
1776098257.1266174,14.11885404586792,IO -> PLC,0.80056
1776098257.1563401,14.148576736450195,PLC -> IO,0.671382
1776098257.190616,14.182852506637573,IO -> PLC,0.60332
1776098257.2203429,14.212579488754272,PLC -> IO,0.682622
1776098257.2546146,14.246851205825806,IO -> PLC,0.62345
1776098257.2843454,14.27658200263977,PLC -> IO,0.533872
1776098257.3186133,14.310849905014038,IO -> PLC,0.77846
1776098257.348348,14.340584516525269,PLC -> IO,0.640962
1776098257.3826118,14.374848365783691,IO -> PLC,0.61714
1776098257.4123507,14.404587268829346,PLC -> IO,0.741732
1776098257.4466093,14.438845872879028,IO -> PLC,0.7827
1776098257.4763532,14.468589782714844,PLC -> IO,0.899532
1776098257.510608,14.50284457206726,IO -> PLC,0.72995
1776098257.5403557,14.532592296600342,PLC -> IO,0.775972
1776098257.5746067,14.566843271255493,IO -> PLC,0.60231
1776098257.6043584,14.596595048904419,PLC -> IO,0.603842
1776098257.638605,14.630841732025146,IO -> PLC,0.62556
1776098257.668361,14.660597562789917,PLC -> IO,0.550442
1776098257.7026038,14.694840431213379,IO -> PLC,0.70472
1776098257.7323637,14.724600315093994,PLC -> IO,0.719282
1776098257.7666023,14.758838891983032,IO -> PLC,0.76573
1776098257.7963662,14.788602828979492,PLC -> IO,0.571082
1776098257.830601,14.822837591171265,IO -> PLC,0.88289
1776098257.860369,14.85260558128357,PLC -> IO,0.560412
1776098257.8945985,14.886835098266602,IO -> PLC,0.7003
1776098257.9243715,14.916608095169067,PLC -> IO,0.693022
1776098257.9585972,14.950833797454834,IO -> PLC,0.79394
1776098257.988374,14.980610609054565,PLC -> IO,0.512972
1776098258.022596,15.014832496643066,IO -> PLC,0.80279
1776098258.0523767,15.044613361358643,PLC -> IO,0.546862
1776098258.0865943,15.07883095741272,IO -> PLC,0.65162
1776098258.1163793,15.10861587524414,PLC -> IO,0.689062
1776098258.150593,15.142829656600952,IO -> PLC,0.63055
1776098258.180382,15.172618627548218,PLC -> IO,0.559342
1776098258.2145915,15.206828117370605,IO -> PLC,0.631
1776098258.2443845,15.236621141433716,PLC -> IO,0.535072
1776098258.2785902,15.270826816558838,IO -> PLC,1.00657
1776098258.308387,15.300623655319214,PLC -> IO,0.622632
1776098258.3425877,15.334824323654175,IO -> PLC,0.76541
1776098258.3723898,15.364626407623291,PLC -> IO,0.966122
1776098258.4065864,15.398823022842407,IO -> PLC,0.79225
1776098258.4363923,15.428628921508789,PLC -> IO,0.773922
1776098258.4705849,15.46282148361206,IO -> PLC,0.80518
1776098258.500395,15.492631673812866,PLC -> IO,1.039332
1776098258.5345836,15.526820182800293,IO -> PLC,0.74738
1776098258.5643976,15.556634187698364,PLC -> IO,0.534002
1776098258.5985823,15.590818881988525,IO -> PLC,0.85431
1776098258.6284,15.620636701583862,PLC -> IO,0.757892
1776098258.6625807,15.654817342758179,IO -> PLC,0.71467
1776098258.6924028,15.68463945388794,PLC -> IO,0.551692
1776098258.7265794,15.718816041946411,IO -> PLC,0.72032
1776098258.7564054,15.748641967773438,PLC -> IO,0.561022
1776098258.790578,15.782814502716064,IO -> PLC,0.72275
1776098258.820408,15.812644720077515,PLC -> IO,0.670592
1776098258.8545756,15.84681224822998,IO -> PLC,0.59936
1776098258.8844106,15.876647233963013,PLC -> IO,0.521822
1776098258.918574,15.910810708999634,IO -> PLC,0.61316
1776098258.9484131,15.94064974784851,PLC -> IO,0.559392
1776098258.9825728,15.974809408187866,IO -> PLC,0.78674
1776098259.012416,16.004652500152588,PLC -> IO,1.025362
1776098259.0465713,16.03880786895752,IO -> PLC,0.81798
1776098259.0764184,16.068655014038086,PLC -> IO,0.532982
1776098259.11057,16.102806568145752,IO -> PLC,0.63106
1776098259.1404212,16.132657766342163,PLC -> IO,0.980562
1776098259.1745687,16.166805267333984,IO -> PLC,0.85272
1776098259.2044237,16.19666028022766,PLC -> IO,0.621962
1776098259.238567,16.230803728103638,IO -> PLC,0.62794
1776098259.2684262,16.26066279411316,PLC -> IO,0.551512
1776098259.3025649,16.294801473617554,IO -> PLC,1.18346
1776098259.332429,16.324665546417236,PLC -> IO,0.743322
1776098259.3665633,16.358799934387207,IO -> PLC,0.90157
1776098259.3964314,16.388668060302734,PLC -> IO,0.601122
1776098259.430562,16.42279863357544,IO -> PLC,0.6296
1776098259.4604342,16.45267081260681,PLC -> IO,0.560372
1776098259.4945605,16.486797094345093,IO -> PLC,1.01206
1776098259.5244367,16.51667332649231,PLC -> IO,0.985862
1776098259.5585592,16.550795793533325,IO -> PLC,0.94491
1776098259.5884392,16.580675840377808,PLC -> IO,0.543812
1776098259.6225579,16.614794492721558,IO -> PLC,0.63517
1776098259.652442,16.644678592681885,PLC -> IO,0.565052
1776098259.6865563,16.67879295349121,IO -> PLC,0.76267
1776098259.7164445,16.708681106567383,PLC -> IO,0.677092
1776098259.7505538,16.742790460586548,IO -> PLC,0.84503
1776098259.7804472,16.77268385887146,PLC -> IO,0.564892
1776098259.8145525,16.80678915977478,IO -> PLC,0.62643
1776098259.8444498,16.836686372756958,PLC -> IO,0.595652
1776098259.8785512,16.870787858963013,IO -> PLC,0.74063
1776098259.9084523,16.900688886642456,PLC -> IO,0.636972
1776098259.9425497,16.934786319732666,IO -> PLC,0.60499
1776098259.972455,16.964691638946533,PLC -> IO,0.540052
1776098260.0065484,16.9987850189209,IO -> PLC,0.61984
1776098260.0364575,17.02869415283203,PLC -> IO,0.935872
1776098260.0705469,17.06278347969055,IO -> PLC,0.81397
1776098260.1004603,17.09269690513611,PLC -> IO,0.615892
1776098260.1345456,17.126782178878784,IO -> PLC,0.81938
1776098260.1644628,17.156699419021606,PLC -> IO,0.563132
1776098260.1985443,17.190780878067017,IO -> PLC,0.88558
1776098260.2284653,17.220701932907104,PLC -> IO,0.762692
1776098260.2625418,17.254778385162354,IO -> PLC,0.99476
1776098260.292468,17.28470468521118,PLC -> IO,0.589852
1776098260.3265405,17.318777084350586,IO -> PLC,0.61926
1776098260.3564706,17.34870719909668,PLC -> IO,0.563812
1776098260.390539,17.38277554512024,IO -> PLC,0.62603
1776098260.4204733,17.412709951400757,PLC -> IO,0.684022
1776098260.4545376,17.44677424430847,IO -> PLC,0.63583
1776098260.4844759,17.476712465286255,PLC -> IO,1.688172
1776098260.518536,17.510772705078125,IO -> PLC,0.76532
1776098260.5484784,17.540714979171753,PLC -> IO,0.563842
1776098260.5825348,17.574771404266357,IO -> PLC,0.6132
1776098260.612481,17.60471773147583,PLC -> IO,0.760292
1776098260.6465335,17.63877010345459,IO -> PLC,0.64029
1776098260.6764836,17.668720245361328,PLC -> IO,0.543372
1776098260.710531,17.702767610549927,IO -> PLC,0.79962
1776098260.7404864,17.732722997665405,PLC -> IO,0.562212
1776098260.7745295,17.76676607131958,IO -> PLC,0.79086
1776098260.804489,17.796725511550903,PLC -> IO,0.637052
1776098260.8385282,17.830764770507812,IO -> PLC,0.61826
1776098260.8684914,17.8607280254364,PLC -> IO,0.552452
1776098260.9025266,17.894763231277466,IO -> PLC,0.90456
1776098260.9324942,17.92473077774048,PLC -> IO,0.763222
1776098260.9665253,17.9587619304657,IO -> PLC,0.75044
1776098260.9964967,17.988733291625977,PLC -> IO,0.606212
1776098261.030524,18.02276062965393,IO -> PLC,0.62295
1776098261.0604994,18.052736043930054,PLC -> IO,1.203242
1776098261.0945225,18.086759090423584,IO -> PLC,0.92149
1776098261.124502,18.11673855781555,PLC -> IO,0.756232
1776098261.1585202,18.1507568359375,IO -> PLC,0.72632
1776098261.1885045,18.18074107170105,PLC -> IO,0.546662
1776098261.2225187,18.214755296707153,IO -> PLC,0.61221
1776098261.2525072,18.244743824005127,PLC -> IO,0.545972
1776098261.2865174,18.278753995895386,IO -> PLC,0.88306
1776098261.3165097,18.308746337890625,PLC -> IO,0.678432
1776098261.350516,18.342752695083618,IO -> PLC,0.69006
1776098261.3805125,18.372749090194702,PLC -> IO,0.915762
1776098261.4145145,18.40675115585327,IO -> PLC,0.77539
1776098261.444515,18.4367516040802,PLC -> IO,0.604512
1776098261.4785132,18.470749855041504,IO -> PLC,0.86016
1776098261.5085175,18.5007541179657,PLC -> IO,0.627102
1776098261.5425117,18.534748315811157,IO -> PLC,0.72124
1776098261.5725203,18.564756870269775,PLC -> IO,1.065562
1776098261.6065092,18.598745822906494,IO -> PLC,0.86632
1776098261.6365228,18.628759384155273,PLC -> IO,0.791912
1776098261.670508,18.662744522094727,IO -> PLC,0.61468
1776098261.7005255,18.69276213645935,PLC -> IO,0.602352
1776098261.7345066,18.72674322128296,IO -> PLC,0.65216
1776098261.764528,18.75676465034485,PLC -> IO,0.553112
1776098261.798505,18.790741682052612,IO -> PLC,0.99583
1776098261.8285306,18.820767164230347,PLC -> IO,0.773242
1776098261.8625038,18.854740381240845,IO -> PLC,1.07403
1776098261.8925333,18.884769916534424,PLC -> IO,0.594952
1776098261.9265022,18.918738842010498,IO -> PLC,0.84119
1776098261.9565358,18.948772430419922,PLC -> IO,0.561392
1776098261.990501,18.98273754119873,IO -> PLC,0.6481
1776098262.0205386,19.012775182724,PLC -> IO,0.705842
1776098262.0544996,19.046736240386963,IO -> PLC,0.77247
1776098262.084541,19.076777696609497,PLC -> IO,0.915172
1776098262.1184971,19.1107337474823,IO -> PLC,0.92149
1776098262.1485436,19.140780210494995,PLC -> IO,0.583532
1776098262.1824958,19.174732446670532,IO -> PLC,0.73784
1776098262.2125463,19.204782962799072,PLC -> IO,0.781902
1776098262.2464943,19.238730907440186,IO -> PLC,0.75661
1776098262.2765489,19.26878547668457,PLC -> IO,0.546732
1776098262.310493,19.302729606628418,IO -> PLC,0.61368
1776098262.3405516,19.332788228988647,PLC -> IO,0.564142
1776098262.3744915,19.36672806739807,IO -> PLC,0.63461
1776098262.4045541,19.396790742874146,PLC -> IO,0.634262
1776098262.4384902,19.430726766586304,IO -> PLC,0.71417
1776098262.4685566,19.460793256759644,PLC -> IO,0.547662
1776098262.5024889,19.494725465774536,IO -> PLC,0.83543
1776098262.5325594,19.52479600906372,PLC -> IO,0.777382
1776098262.5664864,19.558722972869873,IO -> PLC,0.65866
1776098262.596562,19.58879852294922,PLC -> IO,0.976632
1776098262.6304848,19.622721433639526,IO -> PLC,0.67679
1776098262.6605647,19.652801275253296,PLC -> IO,0.539132
1776098262.6944835,19.68672013282776,IO -> PLC,0.82573
1776098262.7245672,19.716803789138794,PLC -> IO,0.736382
1776098262.758482,19.750718593597412,IO -> PLC,0.71992
1776098262.7885697,19.780806303024292,PLC -> IO,0.578112
1776098262.8224807,19.814717292785645,IO -> PLC,0.63725
1776098262.8525724,19.84480905532837,PLC -> IO,0.549582
1776098262.8864794,19.878715991973877,IO -> PLC,0.77809
1776098262.916575,19.908811569213867,PLC -> IO,0.699072
1776098262.9504778,19.94271445274353,IO -> PLC,0.63629
1776098262.9805777,19.972814321517944,PLC -> IO,0.555352
1776098263.0144756,20.006712198257446,IO -> PLC,0.62345
1776098263.0445802,20.036816835403442,PLC -> IO,0.601952
1776098263.078474,20.0707106590271,IO -> PLC,0.76223
1776098263.1085827,20.10081934928894,PLC -> IO,0.643682
1776098263.1424727,20.134709358215332,IO -> PLC,0.78323
1776098263.1725855,20.164822101593018,PLC -> IO,0.573152
1776098263.2064714,20.198708057403564,IO -> PLC,0.63223
1776098263.236588,20.228824615478516,PLC -> IO,0.559112
1776098263.27047,20.262706518173218,IO -> PLC,0.64715
1776098263.3005908,20.292827367782593,PLC -> IO,0.610832
1776098263.3344686,20.32670521736145,IO -> PLC,1.02753
1776098263.3645933,20.35682988166809,PLC -> IO,0.745832
1776098263.398467,20.390703678131104,IO -> PLC,0.72285
1776098263.4285958,20.42083239555359,PLC -> IO,0.817552
1776098263.4624646,20.45470118522644,IO -> PLC,0.75113
1776098263.4925985,20.484835147857666,PLC -> IO,0.597192
1776098263.5264633,20.518699884414673,IO -> PLC,0.72302
1776098263.556601,20.548837661743164,PLC -> IO,0.558272
1776098263.590462,20.582698583602905,IO -> PLC,0.62297
1776098263.6206038,20.61284041404724,PLC -> IO,0.942322
1776098263.6544604,20.64669704437256,IO -> PLC,0.62558
1776098263.6846063,20.67684292793274,PLC -> IO,0.580832
1776098263.7184591,20.71069574356079,IO -> PLC,1.01324
1776098263.7486088,20.740845441818237,PLC -> IO,0.562552
1776098263.7824576,20.774694204330444,IO -> PLC,0.63703
1776098263.8126116,20.804848194122314,PLC -> IO,0.797392
1776098263.8464563,20.838692903518677,IO -> PLC,1.09005
1776098263.876614,20.868850708007812,PLC -> IO,0.512792
1776098263.910455,20.90269160270691,IO -> PLC,0.80073
1776098263.9406168,20.93285346031189,PLC -> IO,0.558272
1776098263.9744525,20.966689109802246,IO -> PLC,0.83614
1776098264.0046194,20.996855974197388,PLC -> IO,0.816482
1776098264.0384512,21.03068780899048,IO -> PLC,1.14987
1776098264.0686219,21.060858488082886,PLC -> IO,0.558292
1776098264.1024497,21.094686269760132,IO -> PLC,0.81758
1776098264.1326246,21.124861240386963,PLC -> IO,1.003472
1776098264.1664484,21.158684968948364,IO -> PLC,0.81202
1776098264.1966271,21.18886375427246,PLC -> IO,0.624302
1776098264.2304468,21.222683429718018,IO -> PLC,0.85343
1776098264.26063,21.252866506576538,PLC -> IO,0.541622
1776098264.2944455,21.28668212890625,IO -> PLC,0.9862
1776098264.3246324,21.316869020462036,PLC -> IO,0.775032
1776098264.3584442,21.350680828094482,IO -> PLC,0.75528
1776098264.388635,21.380871534347534,PLC -> IO,1.125562
1776098264.4224417,21.41467833518982,IO -> PLC,0.76884
1776098264.4526377,21.44487428665161,PLC -> IO,0.532612
1776098264.4864402,21.478676795959473,IO -> PLC,1.12074
1776098264.5166402,21.50887680053711,PLC -> IO,0.726422
1776098264.550439,21.542675495147705,IO -> PLC,0.95446
1776098264.580643,21.572879552841187,PLC -> IO,0.571342
1776098264.6144376,21.606674194335938,IO -> PLC,0.73873
1776098264.6446455,21.636882066726685,PLC -> IO,1.055632
1776098264.678436,21.67067265510559,IO -> PLC,0.62045
1776098264.708648,21.700884580612183,PLC -> IO,0.665182
1776098264.7424347,21.734671354293823,IO -> PLC,0.61689
1776098264.7726507,21.76488733291626,PLC -> IO,0.549612
1776098264.8064332,21.798669815063477,IO -> PLC,0.69431
1776098264.8366532,21.828889846801758,PLC -> IO,0.569582
1776098264.870431,21.862667560577393,IO -> PLC,0.63338
1776098264.900656,21.892892599105835,PLC -> IO,0.625932
1776098264.9344294,21.926666021347046,IO -> PLC,0.60919
1776098264.9646585,21.956895112991333,PLC -> IO,0.552772
1776098264.998428,21.99066472053528,IO -> PLC,1.0407
1776098265.028661,22.02089762687683,PLC -> IO,0.828272
1776098265.0624268,22.05466341972351,IO -> PLC,0.98929
1776098265.0926638,22.084900379180908,PLC -> IO,0.614702
1776098265.1264253,22.118661880493164,IO -> PLC,0.63309
1776098265.1566663,22.148902893066406,PLC -> IO,0.609312
1776098265.190424,22.182660579681396,IO -> PLC,1.19411
1776098265.220669,22.212905645370483,PLC -> IO,0.738482
1776098265.2544224,22.24665904045105,IO -> PLC,0.62197
1776098265.2846715,22.27690815925598,PLC -> IO,0.567642
1776098265.3184211,22.310657739639282,IO -> PLC,0.63073
1776098265.348674,22.34091067314148,PLC -> IO,0.560722
1776098265.3824186,22.37465524673462,IO -> PLC,0.61998
1776098265.4126768,22.404913425445557,PLC -> IO,1.001092
1776098265.4464173,22.43865394592285,IO -> PLC,0.64195
1776098265.4766793,22.468915939331055,PLC -> IO,0.523272
1776098265.5104158,22.502652406692505,IO -> PLC,0.78376
1776098265.540682,22.532918691635132,PLC -> IO,0.745402
1776098265.5744145,22.566651105880737,IO -> PLC,0.60508
1776098265.6046846,22.59692120552063,PLC -> IO,0.669522
1776098265.6384132,22.63064980506897,IO -> PLC,0.94873
1776098265.668687,22.660923719406128,PLC -> IO,0.544362
1776098265.7024117,22.694648265838623,IO -> PLC,0.74653
1776098265.7326899,22.724926471710205,PLC -> IO,0.547052
1776098265.7664104,22.758646965026855,IO -> PLC,0.5984
1776098265.7966924,22.788928985595703,PLC -> IO,0.656052
1776098265.8304079,22.822644472122192,IO -> PLC,0.86222
1776098265.8606951,22.85293173789978,PLC -> IO,0.541672
1776098265.8944066,22.886643171310425,IO -> PLC,0.71627
1776098265.9246976,22.91693425178528,PLC -> IO,0.767172
1776098265.958405,22.950641632080078,IO -> PLC,0.6143
1776098265.9887002,22.980936765670776,PLC -> IO,0.611762
1776098266.0224037,23.01464033126831,IO -> PLC,0.62611
1776098266.052703,23.044939517974854,PLC -> IO,0.529652
1776098266.0864022,23.078638792037964,IO -> PLC,0.67679
1776098266.1167054,23.10894203186035,PLC -> IO,0.728822
1776098266.1504009,23.142637491226196,IO -> PLC,0.85949
1776098266.1807082,23.17294478416443,PLC -> IO,0.769102
1776098266.2143996,23.20663619041443,IO -> PLC,0.79568
1776098266.2447107,23.236947298049927,PLC -> IO,0.610422
1776098266.278397,23.270633697509766,IO -> PLC,0.66301
1776098266.3087132,23.300949811935425,PLC -> IO,0.681182
1776098266.3423958,23.334632396697998,IO -> PLC,0.77514
1776098266.372716,23.364952564239502,PLC -> IO,0.521772
1776098266.4063942,23.39863085746765,IO -> PLC,1.14032
1776098266.4367185,23.428955078125,PLC -> IO,0.565652
1776098266.470393,23.462629556655884,IO -> PLC,0.62242
1776098266.5007212,23.492957830429077,PLC -> IO,0.647142
1776098266.5343914,23.526628017425537,IO -> PLC,0.77567
1776098266.5647237,23.556960344314575,PLC -> IO,0.545892
1776098266.59839,23.59062671661377,IO -> PLC,0.79356
1776098266.6287262,23.620962858200073,PLC -> IO,0.588502
1776098266.6623888,23.654625415802002,IO -> PLC,0.98056
1776098266.692729,23.68496561050415,PLC -> IO,0.601012
1776098266.7263863,23.71862292289734,IO -> PLC,0.76604
1776098266.7567315,23.74896812438965,PLC -> IO,0.538652
1776098266.7903848,23.782621383666992,IO -> PLC,1.21403
1776098266.8207343,23.812970876693726,PLC -> IO,0.755742
1776098266.8543835,23.846620082855225,IO -> PLC,1.09471
1776098266.8847368,23.876973390579224,PLC -> IO,0.584582
1776098266.918382,23.910618543624878,IO -> PLC,0.83218
1776098266.9487393,23.94097590446472,PLC -> IO,0.581112
1776098266.9823806,23.97461724281311,IO -> PLC,0.73014
1776098267.012742,24.0049786567688,PLC -> IO,0.963572
1776098267.0463793,24.038615942001343,IO -> PLC,0.79011
1776098267.0767446,24.068981170654297,PLC -> IO,0.558712
1776098267.1103778,24.102614402770996,IO -> PLC,0.62263
1776098267.1407473,24.132983922958374,PLC -> IO,0.559322
1776098267.1743765,24.16661310195923,IO -> PLC,0.96716
1776098267.2047498,24.196986436843872,PLC -> IO,0.672722
1776098267.238374,24.230610609054565,IO -> PLC,1.01497
1776098267.2687523,24.26098895072937,PLC -> IO,0.558682
1776098267.3023727,24.294609308242798,IO -> PLC,0.87189
1776098267.332755,24.324991703033447,PLC -> IO,0.549282
1776098267.3663714,24.35860800743103,IO -> PLC,0.67161
1776098267.3967576,24.388994216918945,PLC -> IO,0.672852
1776098267.4303699,24.422606468200684,IO -> PLC,0.83301
1776098267.4607604,24.452996969223022,PLC -> IO,0.537852
1776098267.4943686,24.486605167388916,IO -> PLC,0.8345
1776098267.5247629,24.51699948310852,PLC -> IO,0.797502
1776098267.558367,24.55060362815857,IO -> PLC,0.62414
1776098267.5887654,24.58100199699402,PLC -> IO,0.606822
1776098267.6223657,24.6146023273468,IO -> PLC,0.65634
1776098267.6527681,24.645004749298096,PLC -> IO,0.533342
1776098267.6863632,24.67859983444214,IO -> PLC,0.81168
1776098267.7167706,24.709007263183594,PLC -> IO,0.770042
1776098267.750362,24.74259853363037,IO -> PLC,0.60315
1776098267.7807734,24.77301001548767,PLC -> IO,0.586322
1776098267.8143604,24.806596994400024,IO -> PLC,0.82712
1776098267.844776,24.83701252937317,PLC -> IO,0.600692
1776098267.878359,24.870595693588257,IO -> PLC,0.77101
1776098267.9087784,24.901015043258667,PLC -> IO,0.701942
1776098267.9423575,24.93459415435791,IO -> PLC,0.60464
1776098267.9727812,24.965017795562744,PLC -> IO,0.561732
1776098268.0063562,24.998592853546143,IO -> PLC,0.9043
1776098268.0367837,25.029020309448242,PLC -> IO,0.555302
1776098268.070355,25.062591552734375,IO -> PLC,0.73785
1776098268.1007864,25.09302306175232,PLC -> IO,0.677902
1776098268.1343524,25.126589059829712,IO -> PLC,1.03336
1776098268.164789,25.157025575637817,PLC -> IO,0.646502
1776098268.1983511,25.190587759017944,IO -> PLC,0.7789
1776098268.2287915,25.221028089523315,PLC -> IO,0.560382
1776098268.2623496,25.254586219787598,IO -> PLC,0.99232
1776098268.2927942,25.285030841827393,PLC -> IO,0.618992
1776098268.3263483,25.31858491897583,IO -> PLC,0.59859
1776098268.3567967,25.34903335571289,PLC -> IO,0.544942
1776098268.3903468,25.382583379745483,IO -> PLC,0.65335
1776098268.4207995,25.413036108016968,PLC -> IO,0.790282
1776098268.4543455,25.446582078933716,IO -> PLC,0.6386
1776098268.484802,25.477038621902466,PLC -> IO,1.565472
1776098268.5183442,25.51058077812195,IO -> PLC,0.81097
1776098268.5488045,25.541041135787964,PLC -> IO,0.544282
1776098268.5823426,25.5745792388916,IO -> PLC,0.64149
1776098268.6128073,25.60504388809204,PLC -> IO,0.871302
1776098268.6463401,25.63857674598694,IO -> PLC,1.1286
1776098268.6768098,25.66904640197754,PLC -> IO,0.558922
1776098268.7103388,25.70257544517517,IO -> PLC,0.62926
1776098268.7408125,25.733049154281616,PLC -> IO,0.538162
1776098268.7743373,25.766573905944824,IO -> PLC,0.76211
1776098268.804815,25.797051668167114,PLC -> IO,0.689262
1776098268.838336,25.830572605133057,IO -> PLC,0.61382
1776098268.8688176,25.861054182052612,PLC -> IO,0.522662
1776098268.9023347,25.89457130432129,IO -> PLC,0.7802
1776098268.9328203,25.92505693435669,PLC -> IO,0.555732
1776098268.9663332,25.958569765090942,IO -> PLC,0.78697
1776098268.9968228,25.989059448242188,PLC -> IO,0.644822
1776098269.0303319,26.022568464279175,IO -> PLC,0.60828
1776098269.0608256,26.053062200546265,PLC -> IO,0.539012
1776098269.0943294,26.08656597137451,IO -> PLC,0.8333
1776098269.124828,26.117064714431763,PLC -> IO,0.555772
1776098269.158328,26.150564670562744,IO -> PLC,0.75157
1776098269.1888306,26.18106722831726,PLC -> IO,0.914962
1776098269.2223265,26.214563131332397,IO -> PLC,0.61393
1776098269.2528334,26.245069980621338,PLC -> IO,0.549542
1776098269.2863252,26.27856183052063,IO -> PLC,0.93192
1776098269.3168359,26.309072494506836,PLC -> IO,0.763422
1776098269.350324,26.342560529708862,IO -> PLC,1.10668
1776098269.3808386,26.373075246810913,PLC -> IO,0.610422
1776098269.4143224,26.406558990478516,IO -> PLC,0.84376
1776098269.4448411,26.43707776069641,PLC -> IO,0.591982
1776098269.478321,26.470557689666748,IO -> PLC,0.76859
1776098269.5088437,26.50108027458191,PLC -> IO,0.724422
1776098269.5423186,26.534555196762085,IO -> PLC,1.01801
1776098269.5728464,26.565083026885986,PLC -> IO,0.542132
1776098269.6063173,26.598553895950317,IO -> PLC,0.58924
1776098269.636849,26.629085540771484,PLC -> IO,0.558332
1776098269.6703157,26.66255235671997,IO -> PLC,0.65128
1776098269.7008517,26.69308829307556,PLC -> IO,0.671502
1776098269.7343144,26.726551055908203,IO -> PLC,0.66813
1776098269.7648542,26.75709080696106,PLC -> IO,0.529762
1776098269.798313,26.790549516677856,IO -> PLC,0.76802
1776098269.8288567,26.821093320846558,PLC -> IO,0.565182
1776098269.8623116,26.85454821586609,IO -> PLC,0.63334
1776098269.8928595,26.885096073150635,PLC -> IO,0.639462
1776098269.9263103,26.91854691505432,IO -> PLC,0.63075
1776098269.956862,26.949098587036133,PLC -> IO,0.536382
1776098269.9903078,26.982544422149658,IO -> PLC,0.91624
1776098270.0208647,27.01310133934021,PLC -> IO,0.803482
1776098270.0543065,27.04654312133789,IO -> PLC,1.03125
1776098270.0848672,27.077103853225708,PLC -> IO,0.600552
1776098270.118305,27.110541582107544,IO -> PLC,0.84128
1776098270.1488698,27.141106367111206,PLC -> IO,0.545962
1776098270.1823037,27.174540281295776,IO -> PLC,0.61644
1776098270.2128725,27.205109119415283,PLC -> IO,0.869522
1776098270.2463021,27.23853874206543,IO -> PLC,0.95378
1776098270.276875,27.26911163330078,PLC -> IO,0.587242
1776098270.3103008,27.302537441253662,IO -> PLC,0.60221
1776098270.3408778,27.33311438560486,PLC -> IO,0.705602
1776098270.3742993,27.366535902023315,IO -> PLC,0.66426
1776098270.4048803,27.397116899490356,PLC -> IO,0.711572
1776098270.438298,27.430534601211548,IO -> PLC,0.73622
1776098270.4688828,27.461119413375854,PLC -> IO,0.535042
1776098270.5022955,27.494532108306885,IO -> PLC,0.60074
1776098270.5328856,27.52512216567993,PLC -> IO,0.566122
1776098270.5662942,27.558530807495117,IO -> PLC,0.73952
1776098270.596888,27.58912467956543,PLC -> IO,0.693132
1776098270.630293,27.62252950668335,IO -> PLC,0.73276
1776098270.6608908,27.653127431869507,PLC -> IO,0.550532
1776098270.6942914,27.686527967453003,IO -> PLC,0.87769
1776098270.7248933,27.717129945755005,PLC -> IO,0.552492
1776098270.75829,27.750526666641235,IO -> PLC,0.61092
1776098270.7888958,27.781132459640503,PLC -> IO,0.621892
1776098270.8222885,27.81452512741089,IO -> PLC,0.67081
1776098270.8528986,27.84513521194458,PLC -> IO,0.722182
1776098270.8862872,27.87852382659912,IO -> PLC,0.83214
1776098270.916901,27.909137725830078,PLC -> IO,0.809502
1776098270.9502847,27.942521333694458,IO -> PLC,0.62369
1776098270.9809039,27.973140478134155,PLC -> IO,0.813702
1776098271.0142834,28.00652003288269,IO -> PLC,0.82903
1776098271.0449064,28.037142992019653,PLC -> IO,0.589892
1776098271.0782819,28.070518493652344,IO -> PLC,0.82948
1776098271.108909,28.10114550590515,PLC -> IO,0.738022
1776098271.1422806,28.134517192840576,IO -> PLC,0.61911
1776098271.1729116,28.16514825820923,PLC -> IO,0.580772
1776098271.2062793,28.19851589202881,IO -> PLC,0.66076
1776098271.2369142,28.229150772094727,PLC -> IO,0.560732
1776098271.2702777,28.262514352798462,IO -> PLC,0.7768
1776098271.300917,28.293153524398804,PLC -> IO,0.710862
1776098271.3342764,28.326513051986694,IO -> PLC,0.77829
1776098271.3649194,28.3571560382843,PLC -> IO,0.549142
1776098271.398274,28.39051055908203,IO -> PLC,1.04219
1776098271.428922,28.4211585521698,PLC -> IO,0.588622
1776098271.4622726,28.454509258270264,IO -> PLC,0.95246
1776098271.4929247,28.485161304473877,PLC -> IO,0.653062
1776098271.526271,28.518507719039917,IO -> PLC,0.76754
1776098271.5569272,28.549163818359375,PLC -> IO,0.544792
1776098271.5902698,28.58250641822815,IO -> PLC,1.14705
1776098271.62093,28.613166570663452,PLC -> IO,0.740202
1776098271.6542685,28.646505117416382,IO -> PLC,0.63042
1776098271.6849325,28.67716908454895,PLC -> IO,0.609832
1776098271.718267,28.710503578186035,IO -> PLC,1.02425
1776098271.748935,28.74117159843445,PLC -> IO,0.556832
1776098271.7822657,28.774502277374268,IO -> PLC,0.77068
1776098271.8129377,28.805174350738525,PLC -> IO,0.924242
1776098271.8462641,28.83850073814392,IO -> PLC,0.77953
1776098271.8769403,28.869176864624023,PLC -> IO,0.593312
1776098271.9102616,28.902498245239258,IO -> PLC,1.11495
1776098271.940943,28.9331796169281,PLC -> IO,0.553112
1776098271.9742603,28.96649694442749,IO -> PLC,0.63089
1776098272.0049455,28.9971821308136,PLC -> IO,0.731962
1776098272.038259,29.030495643615723,IO -> PLC,0.61093
1776098272.068948,29.061184644699097,PLC -> IO,0.578412
1776098272.1022575,29.094494104385376,IO -> PLC,0.66362
1776098272.1329508,29.125187397003174,PLC -> IO,0.555252
1776098272.1662562,29.15849280357361,IO -> PLC,0.80127
1776098272.1969533,29.189189910888672,PLC -> IO,1.046432
1776098272.2302547,29.22249126434326,IO -> PLC,0.64219
1776098272.260956,29.25319266319275,PLC -> IO,0.522782
1776098272.2942533,29.286489963531494,IO -> PLC,0.63967
1776098272.3249586,29.317195177078247,PLC -> IO,0.557302
1776098272.3582509,29.35048747062683,IO -> PLC,0.80492
1776098272.388961,29.381197690963745,PLC -> IO,0.655262
1776098272.4222496,29.414486169815063,IO -> PLC,0.61408
1776098272.4529638,29.445200443267822,PLC -> IO,0.537142
1776098272.4862483,29.478484869003296,IO -> PLC,1.17063
1776098272.5169663,29.50920295715332,PLC -> IO,0.802072
1776098272.5502467,29.54248332977295,IO -> PLC,0.8753
1776098272.580969,29.573205709457397,PLC -> IO,0.630282
1776098272.6142454,29.60648202896118,IO -> PLC,0.7651
1776098272.6449716,29.637208223342896,PLC -> IO,0.566872
1776098272.6782439,29.670480489730835,IO -> PLC,0.86483
1776098272.7089741,29.701210737228394,PLC -> IO,0.774362
1776098272.7422426,29.734479188919067,IO -> PLC,0.61854
1776098272.7729769,29.76521348953247,PLC -> IO,0.577512
1776098272.80624,29.798476696014404,IO -> PLC,0.72883
1776098272.8369794,29.82921600341797,PLC -> IO,0.574042
1776098272.8702388,29.862475395202637,IO -> PLC,0.82848
1776098272.9009821,29.893218755722046,PLC -> IO,0.715282
1776098272.9342372,29.92647385597229,IO -> PLC,0.91197
1776098272.9649847,29.957221269607544,PLC -> IO,0.568362
1776098272.998236,29.990472555160522,IO -> PLC,0.80288
1776098273.0289872,30.021223783493042,PLC -> IO,0.545212
1776098273.0622344,30.054471015930176,IO -> PLC,0.87526
1776098273.09299,30.08522653579712,PLC -> IO,0.668132
1776098273.126233,30.118469715118408,IO -> PLC,0.79386
1776098273.1569924,30.149229049682617,PLC -> IO,0.542972
1776098273.1902318,30.18246841430664,IO -> PLC,0.94679
1776098273.2209952,30.213231801986694,PLC -> IO,0.549012
1776098273.2542293,30.246465921401978,IO -> PLC,0.62074
1776098273.2849977,30.277234315872192,PLC -> IO,0.649772
1776098273.318228,30.31046462059021,IO -> PLC,0.64975
1776098273.3490002,30.34123682975769,PLC -> IO,0.541492
1776098273.3822265,30.374463081359863,IO -> PLC,0.66059
1776098273.413003,30.405239582061768,PLC -> IO,0.902902
1776098273.4462252,30.438461780548096,IO -> PLC,0.75016
1776098273.4770055,30.469242095947266,PLC -> IO,0.603342
1776098273.5102236,30.50246024131775,IO -> PLC,0.81524
1776098273.5410082,30.533244848251343,PLC -> IO,0.542422
1776098273.5742223,30.56645894050598,IO -> PLC,0.88337
1776098273.6050107,30.59724736213684,PLC -> IO,0.745752
1776098273.638221,30.630457639694214,IO -> PLC,0.97398
1776098273.6690133,30.66124987602234,PLC -> IO,0.572182
1776098273.7022185,30.69445514678955,IO -> PLC,0.77185
1776098273.733016,30.725252628326416,PLC -> IO,0.551982
1776098273.766217,30.758453607559204,IO -> PLC,0.84182
1776098273.7970185,30.789255142211914,PLC -> IO,0.725792
1776098273.8302157,30.822452306747437,IO -> PLC,0.68778
1776098273.8610213,30.85325789451599,PLC -> IO,0.527022
1776098273.8942144,30.88645100593567,IO -> PLC,0.75479
1776098273.9250238,30.91726040840149,PLC -> IO,0.566512
1776098273.9582129,30.950449466705322,IO -> PLC,0.90596
1776098273.9890263,30.981262922286987,PLC -> IO,0.667522
1776098274.0222116,31.014448165893555,IO -> PLC,0.91969
1776098274.053029,31.045265674591064,PLC -> IO,0.544112
1776098274.08621,31.078446626663208,IO -> PLC,0.81884
1776098274.1170316,31.109268188476562,PLC -> IO,0.551822
1776098274.1502087,31.14244532585144,IO -> PLC,0.76817
1776098274.1810343,31.17327094078064,PLC -> IO,0.646912
1776098274.2142062,31.206442832946777,IO -> PLC,0.79846
1776098274.2450368,31.237273454666138,PLC -> IO,0.608952
1776098274.278205,31.27044153213501,IO -> PLC,0.96986
1776098274.3090394,31.301275968551636,PLC -> IO,0.791722
1776098274.3422034,31.334439992904663,IO -> PLC,0.83111
1776098274.373042,31.365278720855713,PLC -> IO,0.599122
1776098274.406202,31.398438692092896,IO -> PLC,0.6341
1776098274.4370446,31.42928123474121,PLC -> IO,0.541962
1776098274.4702008,31.462437391281128,IO -> PLC,0.90991
1776098274.5010471,31.49328374862671,PLC -> IO,0.725522
1776098274.5341992,31.52643585205078,IO -> PLC,0.62483
1776098274.56505,31.557286500930786,PLC -> IO,0.569882
1776098274.598198,31.590434551239014,IO -> PLC,0.88737
1776098274.6290524,31.621289014816284,PLC -> IO,0.578322
1776098274.6621954,31.65443205833435,IO -> PLC,0.79884
1776098274.6930552,31.68529176712036,PLC -> IO,0.686292
1776098274.7261941,31.718430757522583,IO -> PLC,0.89266
1776098274.7570577,31.74929428100586,PLC -> IO,0.532652
1776098274.7901926,31.782429218292236,IO -> PLC,1.37537
1776098274.8210602,31.813296794891357,PLC -> IO,0.557262
1776098274.8541913,31.84642791748047,IO -> PLC,0.61617
1776098274.885063,31.877299547195435,PLC -> IO,0.655072
1776098274.91819,31.9104266166687,IO -> PLC,0.62158
1776098274.9490654,31.941302061080933,PLC -> IO,0.536222
1776098274.9821885,31.974425077438354,IO -> PLC,1.05756
1776098275.0130682,32.00530481338501,PLC -> IO,0.552902
1776098275.0461872,32.03842377662659,IO -> PLC,0.6299
1776098275.0770707,32.06930732727051,PLC -> IO,0.607182
1776098275.1101847,32.102421283721924,IO -> PLC,0.81996
1776098275.1410732,32.133309841156006,PLC -> IO,0.543782
1776098275.1741834,32.166419982910156,IO -> PLC,0.73751
1776098275.205076,32.19731259346008,PLC -> IO,1.145212
1776098275.2381818,32.23041844367981,IO -> PLC,0.61804
1776098275.2690785,32.26131510734558,PLC -> IO,0.590112
1776098275.3021805,32.29441714286804,IO -> PLC,0.89218
1776098275.3330812,32.32531785964966,PLC -> IO,0.531192
1776098275.366179,32.358415603637695,IO -> PLC,0.76453
1776098275.3970838,32.389320373535156,PLC -> IO,0.745162
1776098275.4301777,32.42241430282593,IO -> PLC,0.64729
1776098275.4610863,32.453322887420654,PLC -> IO,0.551912
1776098275.4941761,32.48641276359558,IO -> PLC,0.80983
1776098275.525089,32.51732563972473,PLC -> IO,0.554282
1776098275.5581748,32.55041146278381,IO -> PLC,0.66882
1776098275.5890915,32.58132815361023,PLC -> IO,0.677452
1776098275.6221726,32.61440920829773,IO -> PLC,0.6283
1776098275.6530943,32.64533090591431,PLC -> IO,0.538132
1776098275.686171,32.67840766906738,IO -> PLC,0.61267
1776098275.7170968,32.709333419799805,PLC -> IO,0.573852
1776098275.7501698,32.742406368255615,IO -> PLC,0.94896
1776098275.7810993,32.7733359336853,PLC -> IO,0.675172
1776098275.8141682,32.80640482902527,IO -> PLC,0.68532
1776098275.845102,32.83733868598938,PLC -> IO,0.629682
1776098275.878167,32.8704035282135,IO -> PLC,0.61721
1776098275.9091046,32.90134119987488,PLC -> IO,0.784292
1776098275.9421654,32.934401988983154,IO -> PLC,0.61557
1776098275.9731073,32.965343952178955,PLC -> IO,0.622972
1776098276.006164,32.99840068817139,IO -> PLC,1.05963
1776098276.0371099,33.02934646606445,PLC -> IO,0.539012
1776098276.0701616,33.062398195266724,IO -> PLC,0.83567
1776098276.1011124,33.09334897994995,PLC -> IO,0.742742
1776098276.1341603,33.126396894454956,IO -> PLC,0.60699
1776098276.165115,33.15735173225403,PLC -> IO,0.605492
1776098276.1981587,33.19039535522461,IO -> PLC,0.96472
1776098276.2291176,33.221354246139526,PLC -> IO,0.593372
1776098276.2621574,33.25439405441284,IO -> PLC,0.75132
1776098276.2931204,33.2853569984436,PLC -> IO,0.708382
1776098276.326156,33.318392515182495,IO -> PLC,0.92169
1776098276.357123,33.3493595123291,PLC -> IO,0.535862
1776098276.3901546,33.38239121437073,IO -> PLC,1.1467
1776098276.4211254,33.4133620262146,PLC -> IO,0.569422
1776098276.4541533,33.44638991355896,IO -> PLC,0.76001
1776098276.4851282,33.47736477851868,PLC -> IO,3.003392
1776098276.5181508,33.5103874206543,IO -> PLC,0.84134
1776098276.5491307,33.541367292404175,PLC -> IO,0.498222
1776098276.5821495,33.57438611984253,IO -> PLC,0.62473
1776098276.6131334,33.60537004470825,PLC -> IO,0.569942
1776098276.646148,33.63838458061218,IO -> PLC,0.69798
1776098276.677136,33.66937255859375,PLC -> IO,0.629512
1776098276.7101467,33.702383279800415,IO -> PLC,0.77339
1776098276.7411385,33.73337507247925,PLC -> IO,0.540912
1776098276.7741451,33.76638174057007,IO -> PLC,0.79239
1776098276.8051412,33.797377824783325,PLC -> IO,0.778962
1776098276.8381438,33.8303804397583,IO -> PLC,0.82036
1776098276.8691437,33.86138033866882,PLC -> IO,0.622432
1776098276.9021425,33.89437913894653,IO -> PLC,0.63152
1776098276.9331465,33.9253830909729,PLC -> IO,0.680552
1776098276.96614,33.95837664604187,IO -> PLC,0.61556
1776098276.997149,33.9893856048584,PLC -> IO,0.759072
1776098277.0301385,34.02237510681152,IO -> PLC,0.73193
1776098277.0611515,34.0533881187439,PLC -> IO,0.563042
1776098277.0941372,34.086373805999756,IO -> PLC,0.61669
1776098277.1251543,34.117390871047974,PLC -> IO,0.556122
1776098277.158136,34.15037250518799,IO -> PLC,0.80354
1776098277.1891568,34.18139338493347,PLC -> IO,0.688402
1776098277.2221344,34.21437096595764,IO -> PLC,0.80407
1776098277.2531595,34.24539613723755,PLC -> IO,0.532442
1776098277.286133,34.278369665145874,IO -> PLC,0.87332
1776098277.317162,34.30939865112305,PLC -> IO,0.567682
1776098277.3501315,34.34236812591553,IO -> PLC,0.754
1776098277.3811646,34.373401165008545,PLC -> IO,0.694292
1776098277.4141302,34.40636682510376,IO -> PLC,0.7994
1776098277.4451673,34.43740391731262,PLC -> IO,0.598492
1776098277.4781277,34.4703643321991,IO -> PLC,0.82777
1776098277.5091698,34.50140643119812,PLC -> IO,0.550932
1776098277.5421264,34.53436303138733,IO -> PLC,0.73405
1776098277.5731723,34.56540894508362,PLC -> IO,0.621452
1776098277.6061249,34.59836149215698,IO -> PLC,0.6064
1776098277.637175,34.629411697387695,PLC -> IO,0.556212
1776098277.6701236,34.662360191345215,IO -> PLC,0.89974
1776098277.7011776,34.69341421127319,PLC -> IO,0.765142
1776098277.7341223,34.72635889053345,IO -> PLC,0.70578
1776098277.7651803,34.75741696357727,PLC -> IO,0.621262
1776098277.7981207,34.7903573513031,IO -> PLC,0.63254
1776098277.8291829,34.82141947746277,PLC -> IO,0.568822
1776098277.8621194,34.85435605049133,IO -> PLC,0.6413
1776098277.8931854,34.88542199134827,PLC -> IO,0.741912
1776098277.926117,34.91835355758667,IO -> PLC,0.66023
1776098277.9571881,34.949424743652344,PLC -> IO,0.552502
1776098277.9901156,34.9823522567749,IO -> PLC,0.62899
1776098278.0211906,35.01342725753784,PLC -> IO,0.555342
1776098278.054114,35.046350717544556,IO -> PLC,0.83649
1776098278.0851934,35.07743000984192,PLC -> IO,0.694762
1776098278.1181128,35.11034941673279,IO -> PLC,0.64428
1776098278.149196,35.14143252372742,PLC -> IO,0.559192
1776098278.1821115,35.17434811592102,IO -> PLC,0.62737
1776098278.2131984,35.205435037612915,PLC -> IO,0.553552
1776098278.24611,35.238346576690674,IO -> PLC,0.81438
1776098278.2772012,35.26943778991699,PLC -> IO,0.654082
1776098278.3101087,35.302345275878906,IO -> PLC,0.6193
1776098278.3412037,35.33344030380249,PLC -> IO,0.522442
1776098278.3741062,35.36634278297424,IO -> PLC,0.62494
1776098278.4052064,35.39744305610657,PLC -> IO,0.768662
1776098278.4381046,35.4303412437439,IO -> PLC,0.77491
1776098278.469209,35.461445569992065,PLC -> IO,0.601892
1776098278.5021033,35.49433994293213,IO -> PLC,0.80504
1776098278.5332115,35.52544808387756,PLC -> IO,0.531292
1776098278.566102,35.55833864212036,IO -> PLC,0.93685
1776098278.5972142,35.58945083618164,PLC -> IO,0.774772
1776098278.6301005,35.622337102890015,IO -> PLC,0.88706
1776098278.6612167,35.65345335006714,PLC -> IO,0.579212
1776098278.6940992,35.68633580207825,IO -> PLC,0.77893
1776098278.7252195,35.717456102371216,PLC -> IO,0.558452
1776098278.7580976,35.7503342628479,IO -> PLC,0.63113
1776098278.789222,35.781458616256714,PLC -> IO,0.724732
1776098278.8220963,35.81433296203613,IO -> PLC,0.71846
1776098278.8532245,35.84546113014221,PLC -> IO,0.541402
1776098278.8860939,35.87833046913147,IO -> PLC,1.00083
1776098278.9172273,35.90946388244629,PLC -> IO,0.560562
1776098278.9500926,35.9423291683197,IO -> PLC,0.61926
1776098278.9812298,35.97346639633179,PLC -> IO,0.815582
1776098279.0140913,36.006327867507935,IO -> PLC,0.70563
1776098279.0452325,36.037469148635864,PLC -> IO,0.591212
1776098279.0780897,36.07032632827759,IO -> PLC,0.62855
1776098279.109235,36.10147166252136,PLC -> IO,0.716142
1776098279.1420884,36.13432502746582,IO -> PLC,0.77764
1776098279.1732376,36.16547417640686,PLC -> IO,0.628342
1776098279.2060869,36.198323488235474,IO -> PLC,0.65096
1776098279.2372403,36.22947692871094,PLC -> IO,0.541012
1776098279.2700856,36.262322187423706,IO -> PLC,0.64653
1776098279.3012428,36.293479442596436,PLC -> IO,0.771872
1776098279.334083,36.32631969451904,IO -> PLC,0.83329
1776098279.3652456,36.35748219490051,PLC -> IO,0.611982
1776098279.3980818,36.390318393707275,IO -> PLC,0.63501
1776098279.429248,36.42148470878601,PLC -> IO,0.573772
1776098279.4620802,36.45431685447693,IO -> PLC,0.90811
1776098279.4932506,36.48548722267151,PLC -> IO,0.746382
1776098279.526079,36.51831555366516,IO -> PLC,0.80407
1776098279.5572534,36.549489974975586,PLC -> IO,0.572172
1776098279.5900774,36.582314014434814,IO -> PLC,0.60402
1776098279.6212559,36.613492488861084,PLC -> IO,0.554302
1776098279.654076,36.64631271362305,IO -> PLC,0.62583
1776098279.6852586,36.67749524116516,PLC -> IO,0.711382
1776098279.7180748,36.71031141281128,IO -> PLC,0.75853
1776098279.7492611,36.74149775505066,PLC -> IO,0.522542
1776098279.7820723,36.774308919906616,IO -> PLC,0.77448
1776098279.8132637,36.80550026893616,PLC -> IO,0.555782
1776098279.846071,36.83830761909485,IO -> PLC,0.64092
1776098279.8772664,36.869503021240234,PLC -> IO,0.647032
1776098279.9100695,36.9023060798645,IO -> PLC,0.72634
1776098279.941269,36.93350553512573,PLC -> IO,0.555152
1776098279.9740682,36.966304779052734,IO -> PLC,0.8415
1776098280.0052714,36.99750804901123,PLC -> IO,0.801362
1776098280.0380666,37.03030323982239,IO -> PLC,0.66074
1776098280.0692742,37.06151080131531,PLC -> IO,0.613312
1776098280.1020653,37.09430193901062,IO -> PLC,0.69511
1776098280.1332767,37.125513315200806,PLC -> IO,0.552072
1776098280.1660638,37.15830039978027,IO -> PLC,0.62995
1776098280.1972795,37.18951606750488,PLC -> IO,0.806692
1776098280.2300615,37.22229814529419,IO -> PLC,0.77607
1776098280.261282,37.25351858139038,PLC -> IO,0.596962
1776098280.29406,37.28629660606384,IO -> PLC,0.80516
1776098280.3252845,37.31752109527588,PLC -> IO,0.540522
1776098280.3580587,37.350295305252075,IO -> PLC,0.62528
1776098280.3892872,37.381523847579956,PLC -> IO,0.716172
1776098280.4220574,37.41429400444031,IO -> PLC,0.61876
1776098280.4532897,37.445526361465454,PLC -> IO,0.581812
1776098280.4860559,37.47829246520996,IO -> PLC,1.50605
1776098280.5172925,37.50952911376953,PLC -> IO,0.587532
1776098280.5500546,37.54229116439819,IO -> PLC,0.62589
1776098280.581295,37.57353162765503,PLC -> IO,0.726762
1776098280.614053,37.60628962516785,IO -> PLC,0.82715
1776098280.6452975,37.63753414154053,PLC -> IO,0.564962
1776098280.6780508,37.67028737068176,IO -> PLC,0.60742
1776098280.7093003,37.701536893844604,PLC -> IO,0.570272
1776098280.7420492,37.734285831451416,IO -> PLC,0.62643
1776098280.7733028,37.7655394077301,PLC -> IO,0.650882
1776098280.806048,37.79828453063965,IO -> PLC,0.88192
1776098280.8373055,37.82954216003418,PLC -> IO,0.558922
1776098280.8700464,37.8622829914093,IO -> PLC,0.60804
1776098280.901308,37.89354467391968,PLC -> IO,0.554002
1776098280.934045,37.926281690597534,IO -> PLC,0.6084
1776098280.9653106,37.957547187805176,PLC -> IO,0.602522
1776098280.9980435,37.99028015136719,IO -> PLC,0.83013
1776098281.0293133,38.02154994010925,PLC -> IO,0.724022
1776098281.0620422,38.05427885055542,IO -> PLC,0.95379
1776098281.0933158,38.08555245399475,PLC -> IO,0.762472
1776098281.126041,38.11827754974365,IO -> PLC,0.62134
1776098281.1573186,38.14955520629883,PLC -> IO,0.594992
1776098281.1900384,38.18227505683899,IO -> PLC,0.71202
1776098281.221321,38.213557720184326,PLC -> IO,0.535912
1776098281.2540371,38.24627375602722,IO -> PLC,0.6039
1776098281.2853236,38.277560234069824,PLC -> IO,0.727722
1776098281.3180356,38.310272216796875,IO -> PLC,0.62491
1776098281.3493264,38.3415629863739,PLC -> IO,0.557752
1776098281.3820343,38.37427091598511,IO -> PLC,0.68383
1776098281.413329,38.4055655002594,PLC -> IO,0.556592
1776098281.4460328,38.43826937675476,IO -> PLC,0.64348
1776098281.4773316,38.46956825256348,PLC -> IO,0.665992
1776098281.5100315,38.50226807594299,IO -> PLC,0.61528
1776098281.5413342,38.533570766448975,PLC -> IO,0.548922
1776098281.5740302,38.566266775131226,IO -> PLC,0.65781
1776098281.6053367,38.59757328033447,PLC -> IO,0.566002
1776098281.6380277,38.63026428222656,IO -> PLC,0.67145
1776098281.6693394,38.66157603263855,PLC -> IO,0.634842
1776098281.7020261,38.694262742996216,IO -> PLC,0.75118
1776098281.733342,38.72557854652405,PLC -> IO,0.554322
1776098281.7660248,38.75826144218445,IO -> PLC,0.63562
1776098281.7973447,38.789581298828125,PLC -> IO,0.820522
1776098281.8300233,38.8222599029541,IO -> PLC,0.88512
1776098281.8613472,38.85358381271362,PLC -> IO,0.607532
1776098281.894022,38.886258602142334,IO -> PLC,0.79043
1776098281.9253497,38.91758632659912,PLC -> IO,0.558132
1776098281.9580207,38.950257301330566,IO -> PLC,0.59935
1776098281.9893525,38.9815890789032,PLC -> IO,0.861712
1776098282.0220191,39.01425576210022,IO -> PLC,0.63868
1776098282.053355,39.045591592788696,PLC -> IO,0.575822
1776098282.086017,39.078253507614136,IO -> PLC,0.76025
1776098282.1173575,39.109594106674194,PLC -> IO,0.559232
1776098282.1500154,39.14225196838379,IO -> PLC,0.609
1776098282.1813602,39.17359685897827,PLC -> IO,0.753192
1776098282.214014,39.20625066757202,IO -> PLC,0.64145
1776098282.2453628,39.23759937286377,PLC -> IO,0.654512
1776098282.2780125,39.270249128341675,IO -> PLC,0.7279
1776098282.3093655,39.30160212516785,PLC -> IO,0.569822
1776098282.3420112,39.33424782752991,IO -> PLC,0.63114
1776098282.373368,39.365604639053345,PLC -> IO,0.652912
1776098282.40601,39.39824652671814,IO -> PLC,0.89471
1776098282.4373705,39.42960715293884,PLC -> IO,0.541672
1776098282.4700084,39.46224498748779,IO -> PLC,0.8318
1776098282.5013733,39.49360990524292,PLC -> IO,0.577792
1776098282.534007,39.526243686676025,IO -> PLC,0.62863
1776098282.5653758,39.55761241912842,PLC -> IO,0.650072
1776098282.5980046,39.59024119377136,IO -> PLC,0.629
1776098282.6293786,39.621615171432495,PLC -> IO,0.569872
1776098282.6620033,39.654239892959595,IO -> PLC,0.93769
1776098282.693381,39.68561768531799,PLC -> IO,0.791112
1776098282.7260017,39.71823835372925,IO -> PLC,0.62812
1776098282.7573836,39.74962019920349,PLC -> IO,0.609382
1776098282.7900004,39.78223705291748,IO -> PLC,0.61817
1776098282.8213863,39.81362295150757,PLC -> IO,0.558062
1776098282.853999,39.846235513687134,IO -> PLC,0.64038
1776098282.8853889,39.877625465393066,PLC -> IO,0.740432
1776098282.9179976,39.910234212875366,IO -> PLC,0.6265
1776098282.9493916,39.941628217697144,PLC -> IO,0.563422
1776098282.9819963,39.9742329120636,IO -> PLC,0.80207
1776098283.013394,40.00563073158264,PLC -> IO,0.951792
1776098283.0459938,40.038230419158936,IO -> PLC,0.63251
1776098283.0773966,40.06963324546814,PLC -> IO,0.701202
1776098283.1099923,40.10222887992859,IO -> PLC,0.62296
1776098283.1413994,40.13363599777222,PLC -> IO,0.532672
1776098283.173991,40.16622757911682,IO -> PLC,0.78724
1776098283.205402,40.197638511657715,PLC -> IO,0.562152
1776098283.2379897,40.230226278305054,IO -> PLC,0.59624
1776098283.2694046,40.26164126396179,PLC -> IO,0.664992
1776098283.3019881,40.29422473907471,IO -> PLC,0.86014
1776098283.3334072,40.32564377784729,PLC -> IO,0.542712
1776098283.3659868,40.35822343826294,IO -> PLC,0.74282
1776098283.3974097,40.38964629173279,PLC -> IO,0.583552
1776098283.4299853,40.42222189903259,IO -> PLC,0.64381
1776098283.4614124,40.453649044036865,PLC -> IO,0.617512
1776098283.493983,40.48621964454651,IO -> PLC,0.62706
1776098283.525415,40.51765155792236,PLC -> IO,0.556192
1776098283.5579815,40.55021810531616,IO -> PLC,0.70647
1776098283.5894175,40.58165407180786,PLC -> IO,0.752732
1776098283.6219802,40.614216804504395,IO -> PLC,0.73252
1776098283.6534202,40.64565682411194,PLC -> IO,0.584042
1776098283.6859787,40.67821526527405,IO -> PLC,0.75472
1776098283.7174227,40.70965933799744,PLC -> IO,0.538072
1776098283.7499774,40.74221396446228,IO -> PLC,0.6598
1776098283.7814255,40.773662090301514,PLC -> IO,0.761012
1776098283.813976,40.80621266365051,IO -> PLC,0.64192
1776098283.845428,40.83766460418701,PLC -> IO,0.604572
1776098283.8779745,40.870211124420166,IO -> PLC,0.76741
1776098283.9094305,40.90166711807251,PLC -> IO,0.554772
1776098283.941972,40.9342086315155,IO -> PLC,0.65338
1776098283.9734333,40.96566987037659,PLC -> IO,0.686332
1776098284.0059707,40.998207330703735,IO -> PLC,0.63221
1776098284.0374358,41.029672384262085,PLC -> IO,0.554862
1776098284.0699692,41.06220579147339,IO -> PLC,0.87443
1776098284.1014385,41.09367513656616,PLC -> IO,0.561862
1776098284.1339679,41.12620449066162,IO -> PLC,0.63223
1776098284.165441,41.15767765045166,PLC -> IO,0.657022
1776098284.1979666,41.19020318984985,IO -> PLC,0.63163
1776098284.2294436,41.22168016433716,PLC -> IO,0.546982
1776098284.261965,41.25420165061951,IO -> PLC,0.81457
1776098284.2934463,41.285682916641235,PLC -> IO,0.790642
1776098284.3259637,41.31820034980774,IO -> PLC,0.7166
1776098284.3574488,41.34968543052673,PLC -> IO,0.617792
1776098284.3899622,41.38219881057739,IO -> PLC,0.64768
1776098284.4214516,41.41368818283081,PLC -> IO,0.541022
1776098284.45396,41.44619655609131,IO -> PLC,0.83846
1776098284.485454,41.47769069671631,PLC -> IO,1.681112
1776098284.5179584,41.51019501686096,IO -> PLC,0.99483
1776098284.5494566,41.54169321060181,PLC -> IO,0.581182
1776098284.581957,41.574193716049194,IO -> PLC,0.80174
1776098284.6134593,41.605695962905884,PLC -> IO,0.555222
1776098284.6459558,41.63819241523743,IO -> PLC,0.72434
1776098284.6774619,41.66969847679138,PLC -> IO,0.697582
1776098284.7099543,41.70219087600708,IO -> PLC,0.95336
1776098284.7414646,41.73370122909546,PLC -> IO,0.528672
1776098284.773953,41.76618957519531,IO -> PLC,0.89444
1776098284.8054671,41.79770374298096,PLC -> IO,0.595192
1776098284.8379514,41.830188035964966,IO -> PLC,0.92033
1776098284.8694696,41.861706256866455,PLC -> IO,0.667472
1776098284.9019492,41.89418578147888,IO -> PLC,0.62803
1776098284.9334724,41.92570900917053,PLC -> IO,0.557042
1776098284.9659476,41.958184242248535,IO -> PLC,0.62048
1776098284.997475,41.98971152305603,PLC -> IO,0.566192
1776098285.0299463,42.02218294143677,IO -> PLC,1.07863
1776098285.0614774,42.05371403694153,PLC -> IO,0.624062
1776098285.0939448,42.08618140220642,IO -> PLC,0.62873
1776098285.1254802,42.117716789245605,PLC -> IO,0.539382
1776098285.1579435,42.15018010139465,IO -> PLC,0.76854
1776098285.1894827,42.1817193031311,PLC -> IO,0.783282
1776098285.2219422,42.214178800582886,IO -> PLC,0.82931
1776098285.2534854,42.24572205543518,PLC -> IO,0.593312
1776098285.2859406,42.27817726135254,IO -> PLC,0.62606
1776098285.317488,42.30972456932068,PLC -> IO,0.536142
1776098285.3499382,42.342174768447876,IO -> PLC,0.80484
1776098285.3814905,42.37372708320618,PLC -> IO,0.784692
1776098285.4139369,42.40617346763611,IO -> PLC,0.92705
1776098285.4454932,42.437729835510254,PLC -> IO,0.617442
1776098285.4779356,42.47017216682434,IO -> PLC,0.87565
1776098285.5094957,42.50173234939575,PLC -> IO,0.566442
1776098285.541934,42.534170627593994,IO -> PLC,0.77241
1776098285.5734985,42.56573510169983,PLC -> IO,0.711452
1776098285.6059327,42.59816932678223,IO -> PLC,0.70453
1776098285.637501,42.62973761558533,PLC -> IO,0.523802
1776098285.6699312,42.66216778755188,IO -> PLC,0.64137
1776098285.7015035,42.693740129470825,PLC -> IO,0.564972
1776098285.7339299,42.72616648674011,IO -> PLC,0.81607
1776098285.7655063,42.7577428817749,PLC -> IO,0.656052
1776098285.7979283,42.790164947509766,IO -> PLC,0.81147
1776098285.8295088,42.8217453956604,PLC -> IO,0.563622
1776098285.861926,42.85416269302368,IO -> PLC,0.77215
1776098285.8935115,42.88574814796448,PLC -> IO,0.552052
1776098285.9259248,42.918161392211914,IO -> PLC,0.68747
1776098285.957514,42.949750661849976,PLC -> IO,0.616012
1776098285.9899232,42.98215985298157,IO -> PLC,0.60103
1776098286.0215166,43.013753175735474,PLC -> IO,1.114802
1776098286.053922,43.0461585521698,IO -> PLC,0.62092
1776098286.0855193,43.07775592803955,PLC -> IO,0.762992
1776098286.1179204,43.11015701293945,IO -> PLC,0.686
1776098286.1495218,43.14175844192505,PLC -> IO,0.594142
1776098286.181919,43.174155712127686,IO -> PLC,0.63837
1776098286.2135243,43.20576095581055,PLC -> IO,0.539712
1776098286.2459176,43.23815417289734,IO -> PLC,0.86914
1776098286.277527,43.269763708114624,PLC -> IO,0.724162
1776098286.309915,43.302151679992676,IO -> PLC,0.65166
1776098286.3415296,43.33376622200012,PLC -> IO,0.546912
1776098286.3739138,43.36615037918091,IO -> PLC,0.62666
1776098286.4055324,43.3977689743042,PLC -> IO,0.557192
1776098286.4379125,43.43014907836914,IO -> PLC,0.80624
1776098286.4695349,43.4617714881897,PLC -> IO,0.688842
1776098286.501911,43.494147539138794,IO -> PLC,0.61123
1776098286.5335374,43.525774002075195,PLC -> IO,0.537602
1776098286.5659096,43.558146238327026,IO -> PLC,0.62607
1776098286.5975401,43.58977675437927,PLC -> IO,0.580042
1776098286.629908,43.62214469909668,IO -> PLC,0.78421
1776098286.6615427,43.65377926826477,PLC -> IO,0.647302
1776098286.6939068,43.68614339828491,IO -> PLC,0.62105
1776098286.7255454,43.71778202056885,PLC -> IO,0.533092
1776098286.7579043,43.75014090538025,IO -> PLC,0.8591
1776098286.789548,43.781784534454346,PLC -> IO,0.811372
1776098286.821903,43.81413960456848,IO -> PLC,0.75418
1776098286.8535504,43.845787048339844,PLC -> IO,0.592852
1776098286.8859017,43.878138303756714,IO -> PLC,0.91727
1776098286.9175532,43.90978980064392,PLC -> IO,0.547602
1776098286.9499002,43.94213676452637,IO -> PLC,0.92924
1776098286.9815557,43.97379231452942,PLC -> IO,0.786452
1776098287.0138988,44.0061354637146,IO -> PLC,0.97776
1776098287.0455585,44.037795066833496,PLC -> IO,0.726102
1776098287.0778973,44.07013392448425,IO -> PLC,0.7622
1776098287.109561,44.101797580718994,PLC -> IO,0.555012
1776098287.141896,44.134132623672485,IO -> PLC,0.61536
1776098287.1735635,44.16580009460449,PLC -> IO,0.712092
1776098287.2058935,44.19813013076782,IO -> PLC,0.699
1776098287.2375662,44.22980284690857,PLC -> IO,0.536542
1776098287.2698922,44.262128829956055,IO -> PLC,0.65632
1776098287.3015687,44.29380536079407,PLC -> IO,0.577372
1776098287.3338907,44.32612729072571,IO -> PLC,0.61493
1776098287.3655715,44.357808113098145,PLC -> IO,0.672452
1776098287.3978894,44.39012598991394,IO -> PLC,0.68298
1776098287.429574,44.42181062698364,PLC -> IO,0.549132
1776098287.461888,44.45412468910217,IO -> PLC,0.66702
1776098287.4935765,44.48581314086914,PLC -> IO,0.556612
1776098287.5258865,44.518123149871826,IO -> PLC,0.8826
1776098287.5575793,44.54981589317322,PLC -> IO,0.634172
1776098287.5898852,44.58212184906006,IO -> PLC,1.18617
1776098287.6215818,44.613818407058716,PLC -> IO,0.551992
1776098287.6538837,44.64612030982971,IO -> PLC,0.63187
1776098287.6855843,44.677820920944214,PLC -> IO,0.792832
1776098287.7178812,44.71011781692505,IO -> PLC,0.82377
1776098287.749587,44.74182367324829,PLC -> IO,0.607502
1776098287.78188,44.77411651611328,IO -> PLC,0.62348
1776098287.8135896,44.80582618713379,PLC -> IO,0.545542
1776098287.8458786,44.838115215301514,IO -> PLC,0.70105
1776098287.8775923,44.869828939437866,PLC -> IO,0.727662
1776098287.909877,44.90211367607117,IO -> PLC,0.80886
1776098287.9415948,44.933831453323364,PLC -> IO,0.560182
1776098287.9738758,44.9661123752594,IO -> PLC,0.78482
1776098288.0055974,44.99783396720886,PLC -> IO,0.558302
1776098288.0378742,45.03011083602905,IO -> PLC,0.61838
1776098288.0696,45.06183671951294,PLC -> IO,0.704592
1776098288.101873,45.094109535217285,IO -> PLC,0.73155
1776098288.1336026,45.12583923339844,PLC -> IO,0.535512
1776098288.1658704,45.15810704231262,IO -> PLC,0.60007
1776098288.1976054,45.189841985702515,PLC -> IO,0.694762
1776098288.2298691,45.222105741500854,IO -> PLC,0.91189
1776098288.261608,45.25384449958801,PLC -> IO,0.654962
1776098288.2938678,45.28610444068909,IO -> PLC,0.80169
1776098288.3256104,45.31784701347351,PLC -> IO,0.530842
1776098288.3578663,45.35010290145874,IO -> PLC,0.72556
1776098288.3896132,45.38184976577759,PLC -> IO,0.552422
1776098288.421865,45.41410160064697,IO -> PLC,0.87658
1776098288.4536157,45.445852279663086,PLC -> IO,0.607972
1776098288.4858634,45.478100061416626,IO -> PLC,2.16828
1776098288.5176184,45.50985503196716,PLC -> IO,0.546162
1776098288.5498621,45.54209876060486,IO -> PLC,0.62354
1776098288.581621,45.57385754585266,PLC -> IO,0.819582
1776098288.6138597,45.606096267700195,IO -> PLC,0.83711
1776098288.6456234,45.63786005973816,PLC -> IO,0.643932
1776098288.6778584,45.67009496688843,IO -> PLC,0.63675
1776098288.7096262,45.701862812042236,PLC -> IO,0.537882
1776098288.7418568,45.73409342765808,IO -> PLC,0.62616
1776098288.7736287,45.765865325927734,PLC -> IO,0.736342
1776098288.8058555,45.79809212684631,IO -> PLC,0.61955
1776098288.8376312,45.82986783981323,PLC -> IO,0.568692
1776098288.869854,45.86209058761597,IO -> PLC,0.86569
1776098288.901634,45.89387059211731,PLC -> IO,0.556332
1776098288.9338527,45.9260892868042,IO -> PLC,0.6246
1776098288.9656365,45.95787310600281,PLC -> IO,0.671902
1776098288.9978514,45.99008798599243,IO -> PLC,0.79906
1776098289.0296392,46.021875858306885,PLC -> IO,1.342522
1776098289.0618489,46.05408549308777,IO -> PLC,0.6083
1776098289.0936418,46.08587837219238,PLC -> IO,0.559092
1776098289.1258473,46.11808395385742,IO -> PLC,0.6229
1776098289.1576443,46.14988088607788,PLC -> IO,0.649382
1776098289.189846,46.182082653045654,IO -> PLC,0.92472
1776098289.221647,46.21388363838196,PLC -> IO,0.537742
1776098289.2538447,46.24608135223389,IO -> PLC,0.59754
1776098289.2856495,46.277886152267456,PLC -> IO,0.572412
1776098289.3178432,46.31007981300354,IO -> PLC,0.62047
1776098289.3496523,46.34188890457153,PLC -> IO,0.614462
1776098289.381842,46.37407851219177,IO -> PLC,0.73676
1776098289.4136548,46.40589141845703,PLC -> IO,0.542902
1776098289.4458404,46.438076972961426,IO -> PLC,0.81417
1776098289.4776573,46.46989393234253,PLC -> IO,0.795832
1776098289.509839,46.50207567214966,IO -> PLC,0.63037
1776098289.54166,46.533896684646606,PLC -> IO,0.594842
1776098289.5738366,46.566073179244995,IO -> PLC,0.68722
1776098289.6056626,46.597899198532104,PLC -> IO,0.570712
1776098289.6378353,46.63007187843323,IO -> PLC,0.62413
1776098289.6696653,46.66190195083618,PLC -> IO,0.733732
1776098289.701834,46.69407057762146,IO -> PLC,0.61434
1776098289.7336679,46.72590446472168,PLC -> IO,0.568962
1776098289.7658324,46.75806903839111,IO -> PLC,0.66294
1776098289.7976704,46.78990697860718,PLC -> IO,0.658692
1776098289.8298311,46.822067737579346,IO -> PLC,0.64411
1776098289.861673,46.853909730911255,PLC -> IO,0.691462
1776098289.8938296,46.886066198349,IO -> PLC,0.832
1776098289.9256756,46.91791224479675,PLC -> IO,0.572692
1776098289.9578283,46.95006489753723,IO -> PLC,0.88477
1776098289.9896781,46.98191475868225,PLC -> IO,0.568162
1776098290.0218258,47.01406240463257,IO -> PLC,0.62721
1776098290.053681,47.04591751098633,PLC -> IO,0.636292
1776098290.0858243,47.07806086540222,IO -> PLC,0.79262
1776098290.1176834,47.109920024871826,PLC -> IO,0.544082
1776098290.149823,47.142059564590454,IO -> PLC,0.59641
1776098290.1816862,47.1739227771759,PLC -> IO,0.815332
1776098290.2138216,47.20605826377869,IO -> PLC,1.10279
1776098290.2456887,47.2379252910614,PLC -> IO,0.686892
1776098290.27782,47.27005672454834,IO -> PLC,0.82067
1776098290.3096912,47.3019278049469,PLC -> IO,0.537812
1776098290.3418188,47.33405542373657,IO -> PLC,0.59806
1776098290.373694,47.36593055725098,PLC -> IO,0.751782
1776098290.4058173,47.398053884506226,IO -> PLC,0.61507
1776098290.4376965,47.429933071136475,PLC -> IO,0.597262
1776098290.469815,47.46205163002014,IO -> PLC,0.80592
1776098290.5016992,47.49393582344055,PLC -> IO,0.575452
1776098290.5338135,47.526050090789795,IO -> PLC,0.6046
1776098290.5657017,47.55793833732605,PLC -> IO,0.708072
1776098290.5978122,47.59004878997803,IO -> PLC,0.62785
1776098290.6297042,47.62194085121155,PLC -> IO,0.547462
1776098290.6618109,47.65404748916626,IO -> PLC,0.69677
1776098290.693707,47.685943603515625,PLC -> IO,0.571502
1776098290.7258093,47.71804594993591,IO -> PLC,0.60217
1776098290.7577095,47.74994611740112,PLC -> IO,0.668112
1776098290.789808,47.782044649124146,IO -> PLC,0.61606
1776098290.8217123,47.8139488697052,PLC -> IO,0.657432
1776098290.8538065,47.8460431098938,IO -> PLC,0.66138
1776098290.8857148,47.8779513835907,PLC -> IO,0.543392
1776098290.9178052,47.91004180908203,IO -> PLC,0.62415
1776098290.9497173,47.941953897476196,PLC -> IO,0.631672
1776098290.9818027,47.97403931617737,IO -> PLC,0.63075
1776098291.01372,48.00595664978027,PLC -> IO,0.560192
1776098291.0458014,48.0380380153656,IO -> PLC,0.82273
1776098291.0777225,48.06995916366577,PLC -> IO,0.796962
1776098291.1097999,48.102036476135254,IO -> PLC,0.75477
1776098291.141725,48.13396167755127,PLC -> IO,0.605802
1776098291.1737986,48.166035175323486,IO -> PLC,0.73785
1776098291.2057278,48.19796442985535,PLC -> IO,0.560162
1776098291.2377973,48.23003387451172,IO -> PLC,0.78133
1776098291.2697303,48.261966943740845,PLC -> IO,0.732212
1776098291.3017957,48.29403233528137,IO -> PLC,0.97139
1776098291.333733,48.32596969604492,PLC -> IO,0.568162
1776098291.3657944,48.358031034469604,IO -> PLC,0.7803
1776098291.3977356,48.38997220993042,PLC -> IO,0.657722
1776098291.429792,48.42202854156494,IO -> PLC,0.79107
1776098291.461738,48.45397472381592,PLC -> IO,0.694172
1776098291.4937904,48.486027002334595,IO -> PLC,0.98416
1776098291.5257409,48.517977476119995,PLC -> IO,0.539892
1776098291.557789,48.55002570152283,IO -> PLC,0.745
1776098291.5897434,48.58197999000549,PLC -> IO,0.565212
1776098291.6217875,48.61402416229248,IO -> PLC,0.67704
1776098291.6537461,48.64598274230957,PLC -> IO,0.632132
1776098291.6857862,48.67802286148071,IO -> PLC,0.64261
1776098291.7177486,48.70998525619507,PLC -> IO,0.547292
1776098291.749785,48.742021560668945,IO -> PLC,0.71889
1776098291.7817512,48.773987770080566,PLC -> IO,0.573172
1776098291.8137834,48.8060200214386,IO -> PLC,0.60789
1776098291.845754,48.837990522384644,PLC -> IO,0.618822
1776098291.8777812,48.870017766952515,IO -> PLC,0.64001
1776098291.9097564,48.90199303627014,PLC -> IO,0.531662
1776098291.9417796,48.93401622772217,IO -> PLC,0.74598
1776098291.973759,48.96599555015564,PLC -> IO,0.765622
1776098292.0057783,48.9980149269104,IO -> PLC,0.67395
1776098292.0377617,49.02999830245972,PLC -> IO,0.606062
1776098292.0697768,49.062013387680054,IO -> PLC,0.60159
1776098292.1017642,49.094000816345215,PLC -> IO,0.558982
1776098292.1337755,49.126012086868286,IO -> PLC,0.66164
1776098292.165767,49.15800356864929,PLC -> IO,0.716462
1776098292.1977742,49.19001078605652,IO -> PLC,0.68456
1776098292.2297695,49.22200608253479,PLC -> IO,0.567862
1776098292.2617726,49.25400924682617,IO -> PLC,0.82117
1776098292.293772,49.28600859642029,PLC -> IO,0.559582
1776098292.3257701,49.31800675392151,IO -> PLC,0.62425
1776098292.3577747,49.350011348724365,PLC -> IO,0.680262
1776098292.3897688,49.38200545310974,IO -> PLC,0.53061
1776098292.4217772,49.41401386260986,PLC -> IO,0.521502
1776098292.4537675,49.446004152297974,IO -> PLC,0.79818
1776098292.48578,49.47801661491394,PLC -> IO,1.314042
1776098292.517766,49.51000261306763,IO -> PLC,0.59086
1776098292.5497825,49.54201912879944,PLC -> IO,0.679022
1776098292.5817647,49.57400131225586,IO -> PLC,1.02564
1776098292.613785,49.60602164268494,PLC -> IO,0.593612
1776098292.6457632,49.63799977302551,IO -> PLC,0.81944
1776098292.6777878,49.670024394989014,PLC -> IO,0.790302
1776098292.7097619,49.701998472213745,IO -> PLC,0.75732
1776098292.7417903,49.73402690887451,PLC -> IO,0.585942
1776098292.7737606,49.76599717140198,IO -> PLC,0.62264
1776098292.805793,49.79802966117859,PLC -> IO,0.667832
1776098292.837758,49.829994678497314,IO -> PLC,0.81061
1776098292.8697956,49.86203217506409,PLC -> IO,0.922932
1776098292.9017565,49.89399313926697,IO -> PLC,0.60625
1776098292.933798,49.926034688949585,PLC -> IO,0.589362
1776098292.9657552,49.9579918384552,IO -> PLC,0.61902
1776098292.9978008,49.99003744125366,PLC -> IO,0.660762
1776098293.0297537,50.02199029922485,IO -> PLC,0.69643
1776098293.0618033,50.05403995513916,PLC -> IO,0.724572
1776098293.0937524,50.085988998413086,IO -> PLC,1.06857
1776098293.1258059,50.11804246902466,PLC -> IO,0.539312
1776098293.157751,50.14998769760132,IO -> PLC,0.87875
1776098293.1898086,50.182045221328735,PLC -> IO,0.570572
1776098293.2217495,50.21398615837097,IO -> PLC,0.92128
1776098293.2538111,50.24604773521423,PLC -> IO,0.689482
1776098293.2857473,50.27798390388489,IO -> PLC,0.63075
1776098293.3178139,50.31005048751831,PLC -> IO,0.543842
1776098293.3497458,50.34198236465454,IO -> PLC,0.63952
1776098293.3818164,50.37405300140381,PLC -> IO,0.585652
1776098293.4137444,50.40598106384277,IO -> PLC,1.0159
1776098293.445819,50.43805551528931,PLC -> IO,0.676892
1776098293.477743,50.46997952461243,IO -> PLC,0.7849
1776098293.5098217,50.502058267593384,PLC -> IO,0.533012
1776098293.5417416,50.53397822380066,IO -> PLC,0.62462
1776098293.5738242,50.56606078147888,PLC -> IO,0.810742
1776098293.60574,50.59797668457031,IO -> PLC,0.58634
1776098293.637827,50.63006353378296,PLC -> IO,0.612452
1776098293.6697388,50.661975383758545,IO -> PLC,0.77743
1776098293.7018294,50.69406604766846,PLC -> IO,0.540022
1776098293.7337363,50.72597289085388,IO -> PLC,0.77476
1776098293.765832,50.758068561553955,PLC -> IO,0.731502
1776098293.797735,50.789971590042114,IO -> PLC,1.00865
1776098293.8298347,50.82207131385803,PLC -> IO,0.873152
1776098293.8617334,50.85397005081177,IO -> PLC,0.9427
1776098293.8938372,50.88607382774353,PLC -> IO,0.565022
1776098293.9257321,50.91796875,IO -> PLC,0.72601
1776098293.9578397,50.95007634162903,PLC -> IO,0.695312
1776098293.9897308,50.98196744918823,IO -> PLC,0.80853
1776098294.0218425,51.014079093933105,PLC -> IO,0.543182
1776098294.0537293,51.045965909957886,IO -> PLC,0.61657
1776098294.085845,51.0780816078186,PLC -> IO,0.570262
1776098294.117728,51.10996460914612,IO -> PLC,0.71126
1776098294.1498477,51.14208436012268,PLC -> IO,0.657662
1776098294.1817265,51.17396306991577,IO -> PLC,0.60434
1776098294.2138503,51.20608687400818,PLC -> IO,0.548422
1776098294.2457242,51.23796081542969,IO -> PLC,0.60878
1776098294.2778528,51.27008938789368,PLC -> IO,0.546152
1776098294.3097227,51.30195927619934,IO -> PLC,0.66883
1776098294.3418555,51.334092140197754,PLC -> IO,0.615632
1776098294.3737214,51.36595797538757,IO -> PLC,0.81672
1776098294.405858,51.39809465408325,PLC -> IO,0.539202
1776098294.4377198,51.42995643615723,IO -> PLC,0.6166
1776098294.4698608,51.46209740638733,PLC -> IO,0.757732
1776098294.5017185,51.49395513534546,IO -> PLC,0.65801
1776098294.5338633,51.52609992027283,PLC -> IO,0.598162
1776098294.565717,51.55795359611511,IO -> PLC,0.81726
1776098294.5978658,51.590102434158325,PLC -> IO,0.683092
1776098294.6297157,51.621952295303345,IO -> PLC,0.8157
1776098294.6618686,51.6541051864624,PLC -> IO,0.737372
1776098294.6937132,51.68594980239868,IO -> PLC,0.60214
1776098294.725871,51.7181077003479,PLC -> IO,0.559252
1776098294.757712,51.749948501586914,IO -> PLC,0.62219
1776098294.7898736,51.7821102142334,PLC -> IO,0.554492
1776098294.8217106,51.81394720077515,IO -> PLC,0.802
1776098294.8538764,51.846112966537476,PLC -> IO,0.680612
1776098294.885709,51.8779456615448,IO -> PLC,0.59962
1776098294.9178789,51.910115480422974,PLC -> IO,0.560802
1776098294.9497077,51.94194436073303,IO -> PLC,0.63599
1776098294.9818816,51.97411823272705,PLC -> IO,0.600762
1776098295.0137062,52.005942821502686,IO -> PLC,0.74724
1776098295.0458841,52.03812074661255,PLC -> IO,0.686732
1776098295.077705,52.06994152069092,IO -> PLC,0.596
1776098295.1098866,52.10212326049805,PLC -> IO,0.537802
1776098295.1417024,52.133939027786255,IO -> PLC,0.61909
1776098295.1738894,52.166126012802124,PLC -> IO,0.800742
1776098295.205701,52.19793772697449,IO -> PLC,0.73434
1776098295.237892,52.23012852668762,PLC -> IO,0.624782
1776098295.2696996,52.26193618774414,IO -> PLC,0.59766
1776098295.3018947,52.2941312789917,PLC -> IO,0.557222
1776098295.3336983,52.32593488693237,IO -> PLC,0.6165
1776098295.3658972,52.3581337928772,PLC -> IO,0.765662
1776098295.3976967,52.389933347702026,IO -> PLC,0.68687
1776098295.4298997,52.422136306762695,PLC -> IO,0.601942
1776098295.4616954,52.45393204689026,IO -> PLC,0.62691
1776098295.4939024,52.48613905906677,PLC -> IO,0.565492
1776098295.5256941,52.51793074607849,IO -> PLC,0.62928
1776098295.557905,52.55014157295227,PLC -> IO,0.719692
1776098295.5896916,52.58192825317383,IO -> PLC,0.66988
1776098295.6219075,52.61414408683777,PLC -> IO,0.558542
1776098295.65369,52.64592671394348,IO -> PLC,0.62217
1776098295.6859102,52.678146839141846,PLC -> IO,0.555782
1776098295.7176888,52.709925413131714,IO -> PLC,0.61341
1776098295.7499127,52.742149353027344,PLC -> IO,0.689352
1776098295.7816875,52.773924112319946,IO -> PLC,0.64578
1776098295.8139155,52.80615210533142,PLC -> IO,0.648342
1776098295.845686,52.8379225730896,IO -> PLC,0.62278
1776098295.877918,52.87015461921692,PLC -> IO,0.549192
1776098295.9096847,52.90192127227783,IO -> PLC,0.5385
1776098295.9419205,52.93415713310242,PLC -> IO,0.630262
1776098295.973683,52.965919733047485,IO -> PLC,0.59095
1776098296.0059233,52.998159885406494,PLC -> IO,0.545272
1776098296.0376818,53.02991843223572,IO -> PLC,0.62828
1776098296.0699258,53.06216239929199,PLC -> IO,0.798842
1776098296.1016793,53.093915939331055,IO -> PLC,0.79177
1776098296.1339285,53.12616515159607,PLC -> IO,0.602702
1776098296.165678,53.15791463851929,IO -> PLC,0.5874
1776098296.197931,53.19016766548157,PLC -> IO,0.760192
1776098296.2296765,53.22191309928894,IO -> PLC,0.63904
1776098296.2619336,53.254170179367065,PLC -> IO,0.744792
1776098296.2936752,53.28591179847717,IO -> PLC,0.74197
1776098296.3259363,53.31817293167114,PLC -> IO,0.590272
1776098296.357674,53.349910497665405,IO -> PLC,0.60009
1776098296.3899388,53.38217544555664,PLC -> IO,0.552312
1776098296.4216723,53.41390895843506,IO -> PLC,0.61918
1776098296.4539413,53.44617795944214,PLC -> IO,0.731892
1776098296.485671,53.47790765762329,IO -> PLC,2.10969
1776098296.517944,53.510180711746216,PLC -> IO,0.533992
1776098296.5496686,53.54190516471863,IO -> PLC,0.60983
1776098296.5819466,53.574183225631714,PLC -> IO,0.584282
1776098296.613667,53.60590362548828,IO -> PLC,0.65243
1776098296.6459494,53.63818597793579,PLC -> IO,0.696802
1776098296.6776657,53.669902324676514,IO -> PLC,1.20002
1776098296.7099519,53.70218849182129,PLC -> IO,0.546762
1776098296.7416644,53.733901023864746,IO -> PLC,0.62268
1776098296.7739544,53.76619100570679,PLC -> IO,0.555362
1776098296.8056629,53.7978994846344,IO -> PLC,0.62417
1776098296.8379571,53.830193758010864,PLC -> IO,0.984532
1776098296.8696616,53.86189818382263,IO -> PLC,0.65453
1776098296.9019597,53.89419627189636,PLC -> IO,0.541682
1776098296.93366,53.925896644592285,IO -> PLC,0.6253
1776098296.9659624,53.95819902420044,PLC -> IO,0.779002
1776098296.9976578,53.9898943901062,IO -> PLC,0.74159
1776098297.029965,54.02220153808594,PLC -> IO,0.769292
1776098297.0616562,54.053892850875854,IO -> PLC,0.62115
1776098297.0939674,54.086204051971436,PLC -> IO,0.562522
1776098297.125655,54.11789155006409,IO -> PLC,0.62279
1776098297.1579702,54.15020680427551,PLC -> IO,0.721052
1776098297.1896534,54.18189001083374,IO -> PLC,0.71044
1776098297.2219727,54.21420931816101,PLC -> IO,0.558842
1776098297.253652,54.24588871002197,IO -> PLC,0.60432
1776098297.2859752,54.27821183204651,PLC -> IO,0.551762
1776098297.3176506,54.309887170791626,IO -> PLC,0.62429
1776098297.349978,54.342214584350586,PLC -> IO,0.688452
1776098297.3816493,54.37388586997986,IO -> PLC,0.7733
1776098297.4139805,54.406217098236084,PLC -> IO,0.524652
1776098297.445648,54.43788456916809,IO -> PLC,0.59981
1776098297.4779832,54.47021985054016,PLC -> IO,0.547962
1776098297.5096455,54.50188207626343,IO -> PLC,0.6145
1776098297.5419858,54.53422236442566,PLC -> IO,0.654492
1776098297.5736442,54.56588077545166,IO -> PLC,0.78399
1776098297.6059883,54.59822487831116,PLC -> IO,0.539562
1776098297.6376426,54.62987923622131,IO -> PLC,0.60739
1776098297.669991,54.662227630615234,PLC -> IO,0.559532
1776098297.7016413,54.693877935409546,IO -> PLC,0.6376
1776098297.7339935,54.72623014450073,PLC -> IO,0.621332
1776098297.7656398,54.7578763961792,IO -> PLC,0.69636
1776098297.7979963,54.79023289680481,PLC -> IO,0.660332
1776098297.8296385,54.82187509536743,IO -> PLC,0.83953
1776098297.8619988,54.85423541069031,PLC -> IO,0.765742
1776098297.893637,54.885873556137085,IO -> PLC,0.86038
1776098297.9260013,54.918237924575806,PLC -> IO,0.587692
1776098297.9576347,54.949871301651,IO -> PLC,0.67242
1776098297.990004,54.98224067687988,PLC -> IO,0.535412
1776098298.0216331,55.013869762420654,IO -> PLC,0.6423
1776098298.0540066,55.04624319076538,PLC -> IO,0.736812
1776098298.0856318,55.07786846160889,IO -> PLC,0.60474
1776098298.118009,55.11024570465088,PLC -> IO,0.549332
1776098298.1496303,55.14186692237854,IO -> PLC,0.65351
1776098298.1820118,55.174248456954956,PLC -> IO,0.584412
1776098298.213629,55.20586562156677,IO -> PLC,0.7298
1776098298.2460144,55.238250970840454,PLC -> IO,0.836152
1776098298.2776277,55.269864320755005,IO -> PLC,0.80097
1776098298.310017,55.30225372314453,PLC -> IO,0.543772
1776098298.3416262,55.33386278152466,IO -> PLC,0.73813
1776098298.3740196,55.36625623703003,PLC -> IO,0.572542
1776098298.4056237,55.397860288619995,IO -> PLC,0.64937
1776098298.4380221,55.43025875091553,PLC -> IO,0.639772
1776098298.4696224,55.46185898780823,IO -> PLC,0.64477
1776098298.502025,55.494261503219604,PLC -> IO,0.534782
1776098298.533621,55.52585768699646,IO -> PLC,0.60642
1776098298.5660274,55.5582640171051,PLC -> IO,0.809232
1776098298.5976195,55.58985614776611,IO -> PLC,1.10048
1776098298.63003,55.6222665309906,PLC -> IO,0.614792
1776098298.6616182,55.653854846954346,IO -> PLC,0.73643
1776098298.6940327,55.68626928329468,PLC -> IO,0.567212
1776098298.7256167,55.717853307724,IO -> PLC,0.60383
1776098298.7580352,55.750271797180176,PLC -> IO,0.739032
1776098298.7896154,55.78185200691223,IO -> PLC,0.89813
1776098298.822038,55.81427454948425,PLC -> IO,0.595142
1776098298.853613,55.84584951400757,IO -> PLC,0.69208
1776098298.8860404,55.87827706336975,PLC -> IO,0.551112
1776098298.9176116,55.9098482131958,IO -> PLC,0.59612
1776098298.950043,55.94227957725525,PLC -> IO,0.724922
1776098298.98161,55.973846673965454,IO -> PLC,0.63145
1776098299.0140457,56.006282329559326,PLC -> IO,0.536082
1776098299.0456088,56.03784537315369,IO -> PLC,0.60341
1776098299.0780482,56.070284843444824,PLC -> IO,0.551162
1776098299.1096075,56.10184407234192,IO -> PLC,0.81683
1776098299.142051,56.1342875957489,PLC -> IO,0.676732
1776098299.173606,56.16584253311157,IO -> PLC,0.6443
1776098299.2060535,56.1982901096344,PLC -> IO,0.544922
1776098299.2376046,56.229841232299805,IO -> PLC,0.64995
1776098299.270056,56.2622926235199,PLC -> IO,0.562082
1776098299.3016021,56.29383873939514,IO -> PLC,0.806
1776098299.3340588,56.326295375823975,PLC -> IO,0.613162
1776098299.3656006,56.357837200164795,IO -> PLC,0.84341
1776098299.3980613,56.39029788970947,PLC -> IO,0.677692
1776098299.4295993,56.42183589935303,IO -> PLC,0.80513
1776098299.4620638,56.45430040359497,PLC -> IO,0.787492
1776098299.493598,56.48583459854126,IO -> PLC,0.6182
1776098299.5260665,56.51830315589905,PLC -> IO,0.605212
1776098299.5575964,56.54983305931091,IO -> PLC,0.78458
1776098299.590069,56.582305669784546,PLC -> IO,0.532842
1776098299.6215951,56.613831758499146,IO -> PLC,0.8219
1776098299.6540718,56.64630842208862,PLC -> IO,0.739612
1776098299.6855936,56.6778302192688,IO -> PLC,0.96275
1776098299.7180743,56.71031093597412,PLC -> IO,0.574292
1776098299.7495923,56.74182891845703,IO -> PLC,0.82823
1776098299.7820768,56.77431344985962,PLC -> IO,0.593702
1776098299.8135898,56.80582642555237,IO -> PLC,0.59323
1776098299.8460796,56.838316202163696,PLC -> IO,1.196062
1776098299.8775885,56.8698251247406,IO -> PLC,0.65199
1776098299.910082,56.902318716049194,PLC -> IO,0.539522
1776098299.941587,56.933823585510254,IO -> PLC,0.72532
1776098299.9740849,56.96632146835327,PLC -> IO,0.571162
1776098300.0055857,56.997822284698486,IO -> PLC,0.6716
1776098300.0380874,57.03032398223877,PLC -> IO,0.676412
1776098300.0695841,57.06182074546814,IO -> PLC,0.87382
1776098300.10209,57.09432649612427,PLC -> IO,0.730932
1776098300.1335828,57.12581944465637,IO -> PLC,0.69089
1776098300.1660926,57.158329248428345,PLC -> IO,0.546892
1776098300.1975815,57.189818143844604,IO -> PLC,0.62909
1776098300.2300951,57.22233176231384,PLC -> IO,0.658452
1776098300.261579,57.25381565093994,IO -> PLC,1.04316
1776098300.2940977,57.28633427619934,PLC -> IO,0.544012
1776098300.3255777,57.317814350128174,IO -> PLC,0.6699
1776098300.3581004,57.35033702850342,PLC -> IO,0.771012
1776098300.3895762,57.38181281089783,IO -> PLC,1.01452
1776098300.422103,57.414339542388916,PLC -> IO,0.601692
1776098300.453575,57.44581151008606,IO -> PLC,1.11649
1776098300.4861057,57.47834229469299,PLC -> IO,1.309032
1776098300.5175734,57.50980997085571,IO -> PLC,0.63044
1776098300.5501082,57.54234480857849,PLC -> IO,0.721302
1776098300.581572,57.573808670043945,IO -> PLC,1.01722
1776098300.6141107,57.60634732246399,PLC -> IO,0.560292
1776098300.6455705,57.6378071308136,IO -> PLC,0.80053
1776098300.6781135,57.670350074768066,PLC -> IO,0.567302
1776098300.7095683,57.701804876327515,IO -> PLC,0.61457
1776098300.742116,57.734352588653564,PLC -> IO,0.682622
1776098300.7735667,57.76580333709717,IO -> PLC,0.98175
1776098300.8061185,57.79835510253906,PLC -> IO,0.564822
1776098300.8375654,57.8298020362854,IO -> PLC,0.76722
1776098300.8701212,57.86235785484314,PLC -> IO,0.572632
1776098300.901564,57.893800497055054,IO -> PLC,0.6131
1776098300.9341238,57.92636036872864,PLC -> IO,0.640432
1776098300.9655626,57.957799196243286,IO -> PLC,0.64115
1776098300.9981265,57.990363121032715,PLC -> IO,0.674082
1776098301.0295613,58.02179789543152,IO -> PLC,0.8128
1776098301.062129,58.05436563491821,PLC -> IO,0.815482
1776098301.0935597,58.08579635620117,IO -> PLC,0.58411
1776098301.1261315,58.11836814880371,PLC -> IO,0.616332
1776098301.1575584,58.149795055389404,IO -> PLC,0.5608
1776098301.1901343,58.18237090110779,PLC -> IO,0.532362
1776098301.221556,58.21379256248474,IO -> PLC,0.95686
1776098301.2541368,58.246373414993286,PLC -> IO,0.789382
1776098301.2855546,58.277791261672974,IO -> PLC,0.5292
1776098301.3181396,58.31037616729736,PLC -> IO,0.609492
1776098301.349553,58.34178972244263,IO -> PLC,0.64941
1776098301.382142,58.37437868118286,PLC -> IO,0.591462
1776098301.4135518,58.40578842163086,IO -> PLC,0.55897
1776098301.4461446,58.43838119506836,PLC -> IO,0.732872
1776098301.4775503,58.46978688240051,IO -> PLC,0.52367
1776098301.5101473,58.50238394737244,PLC -> IO,0.830922
1776098301.541549,58.533785581588745,IO -> PLC,0.86812
1776098301.5741498,58.566386461257935,PLC -> IO,0.558152
1776098301.6055474,58.5977840423584,IO -> PLC,0.66792
1776098301.6381524,58.63038897514343,PLC -> IO,0.671162
1776098301.6695452,58.661781787872314,IO -> PLC,0.73821
1776098301.702155,58.69439172744751,PLC -> IO,0.529432
1776098301.7335436,58.72578024864197,IO -> PLC,0.81433
1776098301.7661576,58.75839424133301,PLC -> IO,0.562842
1776098301.7975423,58.7897789478302,IO -> PLC,0.62853
1776098301.8301604,58.822396993637085,PLC -> IO,0.659992
1776098301.8615408,58.85377740859985,IO -> PLC,0.68738
1776098301.894163,58.88639950752258,PLC -> IO,0.547392
1776098301.9255395,58.917776107788086,IO -> PLC,0.92335
1776098301.9581654,58.95040202140808,PLC -> IO,0.793202
1776098301.9895382,58.98177480697632,IO -> PLC,0.5921
1776098302.0221682,59.01440477371216,PLC -> IO,0.596602
1776098302.0535367,59.04577326774597,IO -> PLC,1.08209
1776098302.0861707,59.078407287597656,PLC -> IO,0.699692
1776098302.1175342,59.10977077484131,IO -> PLC,0.67307
1776098302.1501732,59.142409801483154,PLC -> IO,0.737252
1776098302.1815329,59.17376947402954,IO -> PLC,0.87121
1776098302.214176,59.20641255378723,PLC -> IO,0.573202
1776098302.2455316,59.23776817321777,IO -> PLC,0.66188
1776098302.2781785,59.27041506767273,PLC -> IO,0.567802
1776098302.30953,59.30176663398743,IO -> PLC,0.73185
1776098302.3421812,59.33441781997681,PLC -> IO,0.711372
1776098302.3735287,59.36576533317566,IO -> PLC,0.65061
1776098302.4061837,59.398420333862305,PLC -> IO,0.691472
1776098302.4375272,59.42976379394531,IO -> PLC,0.90194
1776098302.4701862,59.4624228477478,PLC -> IO,0.559112
1776098302.5015259,59.493762493133545,IO -> PLC,0.68934
1776098302.534189,59.52642560005188,PLC -> IO,0.665632
1776098302.5655234,59.55776000022888,IO -> PLC,0.5365
1776098302.5981915,59.59042811393738,PLC -> IO,0.673282
1776098302.629522,59.621758699417114,IO -> PLC,0.93016
1776098302.6621943,59.654430866241455,PLC -> IO,0.576202
1776098302.6935205,59.68575716018677,IO -> PLC,0.67459
1776098302.7261968,59.71843338012695,PLC -> IO,0.627852
1776098302.7575192,59.749755859375,IO -> PLC,0.62584
1776098302.7901993,59.78243589401245,PLC -> IO,0.534202
1776098302.8215177,59.81375432014465,IO -> PLC,0.65525
1776098302.854202,59.84643864631653,PLC -> IO,1.350762
1776098302.8855164,59.877753019332886,IO -> PLC,0.55441
1776098302.9182045,59.910441160202026,PLC -> IO,0.614622
1776098302.9495149,59.94175148010254,IO -> PLC,0.76998
1776098302.982207,59.974443674087524,PLC -> IO,0.575542
1776098303.0135136,60.00575017929077,IO -> PLC,0.83283
1776098303.0462098,60.0384464263916,PLC -> IO,0.693032
1776098303.077511,60.06974768638611,IO -> PLC,0.64598
1776098303.1102123,60.1024489402771,PLC -> IO,0.551462
1776098303.1415098,60.13374638557434,IO -> PLC,0.61987
1776098303.174215,60.16645169258118,PLC -> IO,0.566712
1776098303.2055085,60.19774508476257,IO -> PLC,0.76664
1776098303.2382176,60.230454206466675,PLC -> IO,0.697862
1776098303.269507,60.26174354553223,IO -> PLC,0.60243
1776098303.30222,60.29445672035217,PLC -> IO,0.511502
1776098303.3335056,60.32574224472046,IO -> PLC,0.63672
1776098303.3662229,60.35845947265625,PLC -> IO,0.558272
1776098303.397504,60.38974070549011,IO -> PLC,0.74053
1776098303.4302254,60.42246198654175,PLC -> IO,0.687272
1776098303.4615028,60.453739404678345,IO -> PLC,0.61216
1776098303.494228,60.486464500427246,PLC -> IO,0.548032
1776098303.5255003,60.51773691177368,IO -> PLC,0.91678
1776098303.5582306,60.55046725273132,PLC -> IO,0.789922
1776098303.589499,60.581735610961914,IO -> PLC,0.55785
1776098303.6222332,60.61446976661682,PLC -> IO,0.714612
1776098303.6534975,60.64573407173157,IO -> PLC,0.56158
1776098303.686236,60.6784725189209,PLC -> IO,0.535442
1776098303.7174962,60.7097327709198,IO -> PLC,0.87324
1776098303.7502384,60.7424750328064,PLC -> IO,0.750852
1776098303.7814949,60.77373147010803,IO -> PLC,0.75104
1776098303.814241,60.806477546691895,PLC -> IO,0.583772
1776098303.8454933,60.837729930877686,IO -> PLC,0.6286
1776098303.8782437,60.87048029899597,PLC -> IO,0.533962
1776098303.909492,60.90172863006592,IO -> PLC,0.61264
1776098303.9422462,60.93448281288147,PLC -> IO,0.712902
1776098303.9734895,60.965726137161255,IO -> PLC,0.66653
1776098304.0062487,60.99848532676697,PLC -> IO,0.558772
1776098304.037488,61.02972459793091,IO -> PLC,1.01819
1776098304.0702515,61.062488079071045,PLC -> IO,0.565542
1776098304.1014867,61.09372329711914,IO -> PLC,0.82006
1776098304.134254,61.12649059295654,PLC -> IO,0.661982
1776098304.1654851,61.157721757888794,IO -> PLC,0.54401
1776098304.1982567,61.19049334526062,PLC -> IO,0.747392
1776098304.2294838,61.221720457077026,IO -> PLC,0.69022
1776098304.2622592,61.25449585914612,PLC -> IO,0.561902
1776098304.2934825,61.28571915626526,IO -> PLC,0.78979
1776098304.3262618,61.318498373031616,PLC -> IO,0.627082
1776098304.357481,61.34971761703491,IO -> PLC,0.62543
1776098304.3902645,61.38250112533569,PLC -> IO,0.534812
1776098304.4214797,61.413716316223145,IO -> PLC,0.95269
1776098304.454267,61.44650363922119,PLC -> IO,0.787012
1776098304.4854772,61.47771382331848,IO -> PLC,2.68369
1776098304.5182695,61.51050615310669,PLC -> IO,0.626012
1776098304.549476,61.541712522506714,IO -> PLC,0.60453
1776098304.5822723,61.57450890541077,PLC -> IO,0.563322
1776098304.6134744,61.60571098327637,IO -> PLC,0.6737
1776098304.6462748,61.638511419296265,PLC -> IO,0.761612
1776098304.677473,61.6697096824646,IO -> PLC,0.72014
1776098304.7102776,61.70251417160034,PLC -> IO,0.562112
1776098304.7414715,61.73370814323425,IO -> PLC,0.73091
1776098304.77428,61.76651668548584,PLC -> IO,0.565282
1776098304.8054702,61.797706842422485,IO -> PLC,0.58606
1776098304.8382826,61.83051919937134,PLC -> IO,0.694212
1776098304.869469,61.86170554161072,IO -> PLC,0.63867
1776098304.9022853,61.894521951675415,PLC -> IO,0.525842
1776098304.9334664,61.925703048706055,IO -> PLC,0.54327
1776098304.9662879,61.95852446556091,PLC -> IO,0.550842
1776098304.9974651,61.98970174789429,IO -> PLC,0.59876
1776098305.0302906,62.02252721786499,PLC -> IO,0.709852
1776098305.0614636,62.05370020866394,IO -> PLC,0.64656
1776098305.094293,62.08652973175049,PLC -> IO,0.547652
1776098305.1254623,62.11769890785217,IO -> PLC,0.56092
1776098305.1582956,62.150532245635986,PLC -> IO,0.565942
1776098305.1894608,62.181697368621826,IO -> PLC,0.61169
1776098305.2222984,62.21453499794006,PLC -> IO,0.620622
1776098305.2534595,62.24569606781006,IO -> PLC,0.64006
1776098305.286301,62.27853751182556,PLC -> IO,0.531942
1776098305.317458,62.30969452857971,IO -> PLC,0.64131
1776098305.3503034,62.34254002571106,PLC -> IO,0.766302
1776098305.3814554,62.37369203567505,IO -> PLC,0.92976
1776098305.4143062,62.40654277801514,PLC -> IO,0.597942
1776098305.4454541,62.43769073486328,IO -> PLC,0.61083
1776098305.4783087,62.470545291900635,PLC -> IO,0.531982
1776098305.5094528,62.501689434051514,IO -> PLC,1.13962
1776098305.5423114,62.53454804420471,PLC -> IO,0.732272
1776098305.5734513,62.56568789482117,IO -> PLC,0.77973
1776098305.606314,62.59855055809021,PLC -> IO,0.567182
1776098305.63745,62.6296865940094,IO -> PLC,0.61128
1776098305.6703165,62.66255307197571,PLC -> IO,0.558582
1776098305.7014484,62.69368505477905,IO -> PLC,0.83998
1776098305.7343192,62.726555824279785,PLC -> IO,0.676862
1776098305.7654471,62.757683753967285,IO -> PLC,0.7925
1776098305.7983217,62.79055833816528,PLC -> IO,0.656412
1776098305.8294446,62.82168126106262,IO -> PLC,0.6803
1776098305.8623242,62.85456085205078,PLC -> IO,0.564222
1776098305.8934433,62.885679960250854,IO -> PLC,0.57234
1776098305.926327,62.91856360435486,PLC -> IO,0.671382
1776098305.9574418,62.94967842102051,IO -> PLC,0.71719
1776098305.9903295,62.982566118240356,PLC -> IO,0.550942
1776098306.0214405,63.01367712020874,IO -> PLC,0.75868
1776098306.0543323,63.046568870544434,PLC -> IO,0.562742
1776098306.085439,63.077675580978394,IO -> PLC,0.54415
1776098306.1183348,63.11057138442993,PLC -> IO,0.626222
1776098306.1494377,63.141674280166626,IO -> PLC,0.92774
1776098306.1823373,63.17457389831543,PLC -> IO,0.564102
1776098306.2134364,63.20567297935486,IO -> PLC,0.72041
1776098306.24634,63.23857665061951,PLC -> IO,0.816082
1776098306.2774348,63.26967144012451,IO -> PLC,0.61005
1776098306.3103426,63.302579164505005,PLC -> IO,0.592432
1776098306.3414326,63.33366918563843,IO -> PLC,0.60553
1776098306.374345,63.3665816783905,PLC -> IO,0.707772
1776098306.405431,63.39766764640808,IO -> PLC,0.70022
1776098306.4383478,63.43058443069458,PLC -> IO,0.726762
1776098306.4694297,63.46166634559631,IO -> PLC,0.81964
1776098306.5023503,63.49458694458008,PLC -> IO,0.552322
1776098306.5334282,63.52566480636597,IO -> PLC,0.65631
1776098306.566353,63.558589696884155,PLC -> IO,0.553322
1776098306.597427,63.5896635055542,IO -> PLC,0.71924
1776098306.6303556,63.62259221076965,PLC -> IO,0.806012
1776098306.6614254,63.65366196632385,IO -> PLC,0.84665
1776098306.694358,63.68659472465515,PLC -> IO,0.547092
1776098306.725424,63.717660665512085,IO -> PLC,0.64156
1776098306.7583609,63.75059747695923,PLC -> IO,0.573852
1776098306.7894216,63.78165817260742,IO -> PLC,0.98714
1776098306.8223634,63.81459999084473,PLC -> IO,0.628692
1776098306.8534203,63.845656871795654,IO -> PLC,1.11655
1776098306.886366,63.878602504730225,PLC -> IO,0.537292
1776098306.9174187,63.90965533256531,IO -> PLC,0.60721
1776098306.9503686,63.9426052570343,PLC -> IO,0.802382
1776098306.9814174,63.97365403175354,IO -> PLC,0.95792
1776098307.0143712,64.0066077709198,PLC -> IO,0.600902
1776098307.045416,64.03765273094177,IO -> PLC,0.66251
1776098307.078374,64.07061052322388,PLC -> IO,0.503982
1776098307.1094146,64.10165119171143,IO -> PLC,0.73672
1776098307.1423764,64.13461303710938,PLC -> IO,0.767152
1776098307.1734133,64.16564989089966,IO -> PLC,0.89989
1776098307.206379,64.19861555099487,PLC -> IO,0.581112
1776098307.2374108,64.229647397995,IO -> PLC,0.6004
1776098307.2703817,64.26261830329895,PLC -> IO,0.573462
1776098307.3014092,64.29364585876465,IO -> PLC,0.80789
1776098307.3343842,64.32662081718445,PLC -> IO,0.704792
1776098307.365408,64.35764455795288,IO -> PLC,0.69777
1776098307.398387,64.39062356948853,PLC -> IO,0.527302
1776098307.4294066,64.42164325714111,IO -> PLC,0.80694
1776098307.4623895,64.45462608337402,PLC -> IO,0.565582
1776098307.493405,64.48564171791077,IO -> PLC,0.79802
1776098307.526392,64.51862859725952,PLC -> IO,0.673722
1776098307.5574038,64.549640417099,IO -> PLC,0.8436
1776098307.5903947,64.5826313495636,PLC -> IO,0.537032
1776098307.6214023,64.61363887786865,IO -> PLC,0.61891
1776098307.6543972,64.6466338634491,PLC -> IO,0.965892
1776098307.685401,64.67763757705688,IO -> PLC,1.00129
1776098307.7183998,64.7106363773346,PLC -> IO,0.644002
1776098307.7493985,64.74163508415222,IO -> PLC,0.69868
1776098307.7824025,64.77463912963867,PLC -> IO,0.752682
1776098307.8133972,64.80563378334045,IO -> PLC,0.65328
1776098307.846405,64.83864164352417,PLC -> IO,0.841852
1776098307.8773956,64.86963224411011,IO -> PLC,0.75829
1776098307.9104078,64.90264439582825,PLC -> IO,0.594372
1776098307.9413943,64.93363094329834,IO -> PLC,0.78545
1776098307.9744103,64.96664690971375,PLC -> IO,0.589212
1776098308.0053928,64.997629404068,IO -> PLC,0.78991
1776098308.0384128,65.03064942359924,PLC -> IO,0.728292
1776098308.0693915,65.06162810325623,IO -> PLC,1.13453
1776098308.1024156,65.09465217590332,PLC -> IO,0.558492
1776098308.1333902,65.12562680244446,IO -> PLC,0.67727
1776098308.166418,65.15865468978882,PLC -> IO,0.570362
1776098308.1973877,65.1896243095398,IO -> PLC,0.84364
1776098308.2304206,65.22265720367432,PLC -> IO,0.714662
1776098308.2613864,65.25362300872803,IO -> PLC,0.91897
1776098308.2944233,65.2866599559784,PLC -> IO,0.689732
1776098308.3253849,65.31762146949768,IO -> PLC,0.67068
1776098308.3584259,65.35066246986389,PLC -> IO,0.571612
1776098308.3893836,65.38162016868591,IO -> PLC,1.07858
1776098308.4224286,65.41466522216797,PLC -> IO,0.662292
1776098308.453382,65.44561862945557,IO -> PLC,0.79566
1776098308.4864311,65.47866773605347,PLC -> IO,2.710642
1776098308.5173807,65.5096173286438,IO -> PLC,0.83298
1776098308.5504336,65.54267024993896,PLC -> IO,0.559162
1776098308.5813792,65.57361578941345,IO -> PLC,0.90407
1776098308.6144364,65.60667300224304,PLC -> IO,0.625532
1776098308.6453767,65.63761329650879,IO -> PLC,0.70298
1776098308.678439,65.67067551612854,PLC -> IO,0.547012
1776098308.7093754,65.70161199569702,IO -> PLC,0.93504
1776098308.7424414,65.73467803001404,PLC -> IO,0.789542
1776098308.773374,65.76561069488525,IO -> PLC,0.67211
1776098308.8064442,65.79868078231812,PLC -> IO,0.609352
1776098308.8373725,65.82960915565491,IO -> PLC,0.56623
1776098308.8704467,65.86268329620361,PLC -> IO,0.540422
1776098308.9013712,65.89360785484314,IO -> PLC,0.75629
1776098308.9344494,65.92668604850769,PLC -> IO,0.730872
1776098308.9653697,65.9576063156128,IO -> PLC,0.76609
1776098308.998452,65.99068856239319,PLC -> IO,0.540502
1776098309.0293684,66.02160501480103,IO -> PLC,0.56877
1776098309.0624545,66.05469107627869,PLC -> IO,0.578622
1776098309.093366,66.08560252189636,IO -> PLC,0.86514
1776098309.1264572,66.11869382858276,PLC -> IO,0.690192
1776098309.1573646,66.1496012210846,IO -> PLC,0.60142
1776098309.1904597,66.18269634246826,PLC -> IO,0.699822
1776098309.221363,66.21359968185425,IO -> PLC,0.87443
1776098309.2544622,66.24669885635376,PLC -> IO,0.551622
1776098309.2853618,66.27759838104248,IO -> PLC,0.91785
1776098309.318465,66.31070160865784,PLC -> IO,0.655992
1776098309.3493602,66.34159684181213,IO -> PLC,0.91245
1776098309.3824675,66.37470412254333,PLC -> IO,0.571312
1776098309.413359,66.40559554100037,IO -> PLC,0.80441
1776098309.4464703,66.43870687484741,PLC -> IO,0.881042
1776098309.4773576,66.4695942401886,IO -> PLC,0.85501
1776098309.5104728,66.50270938873291,PLC -> IO,0.615082
1776098309.541356,66.53359270095825,IO -> PLC,0.9457
1776098309.5744753,66.56671190261841,PLC -> IO,0.551362
1776098309.6053538,66.59759044647217,IO -> PLC,0.59277
1776098309.638478,66.63071465492249,PLC -> IO,0.874052
1776098309.6693523,66.66158890724182,IO -> PLC,0.81971
1776098309.7024806,66.69471716880798,PLC -> IO,0.575212
1776098309.733351,66.72558760643005,IO -> PLC,0.82519
1776098309.766483,66.75871968269348,PLC -> IO,0.557242
1776098309.7973495,66.7895860671997,IO -> PLC,1.23021
1776098309.8304858,66.82272243499756,PLC -> IO,0.737222
1776098309.8613482,66.85358476638794,IO -> PLC,0.79344
1776098309.8944883,66.88672494888306,PLC -> IO,0.562222
1776098309.9253466,66.91758322715759,IO -> PLC,0.81044
1776098309.958491,66.95072770118713,PLC -> IO,0.552812
1776098309.9893453,66.98158192634583,IO -> PLC,1.1889
1776098310.0224936,67.01473021507263,PLC -> IO,0.663832
1776098310.0533428,67.04557943344116,IO -> PLC,1.17199
1776098310.086496,67.07873272895813,PLC -> IO,0.535792
1776098310.1173415,67.1095781326294,IO -> PLC,0.8705
1776098310.1504989,67.1427354812622,PLC -> IO,0.563422
1776098310.18134,67.17357659339905,IO -> PLC,0.82062
1776098310.2145014,67.2067379951477,PLC -> IO,0.654112
1776098310.2453387,67.23757529258728,IO -> PLC,1.18884
1776098310.278504,67.2707405090332,PLC -> IO,0.535192
1776098310.3093374,67.30157399177551,IO -> PLC,0.65798
1776098310.3425066,67.33474326133728,PLC -> IO,0.789552
1776098310.3733358,67.36557245254517,IO -> PLC,0.80076
1776098310.4065092,67.39874577522278,PLC -> IO,0.607112
1776098310.4373345,67.4295711517334,IO -> PLC,0.69888
1776098310.470512,67.46274852752686,PLC -> IO,0.545472
1776098310.501332,67.49356865882874,IO -> PLC,0.94309
1776098310.5345144,67.52675104141235,PLC -> IO,0.741272
1776098310.5653305,67.55756711959839,IO -> PLC,0.88625
1776098310.598517,67.59075355529785,PLC -> IO,0.567712
1776098310.6293292,67.62156581878662,IO -> PLC,0.9411
1776098310.6625197,67.65475630760193,PLC -> IO,0.880572
1776098310.6933277,67.68556427955627,IO -> PLC,0.67945
1776098310.7265222,67.71875882148743,PLC -> IO,0.689082
1776098310.7573264,67.7495629787445,IO -> PLC,0.71054
1776098310.7905247,67.78276133537292,PLC -> IO,0.520722
1776098310.821325,67.81356167793274,IO -> PLC,0.78795
1776098310.8545275,67.846764087677,PLC -> IO,0.572612
1776098310.8853235,67.87756013870239,IO -> PLC,1.00136
1776098310.91853,67.9107666015625,PLC -> IO,0.653052
1776098310.9493222,67.94155883789062,IO -> PLC,1.26622
1776098310.9825327,67.97476935386658,PLC -> IO,0.545332
1776098311.0133197,68.00555634498596,IO -> PLC,1.00345
1776098311.0465353,68.03877186775208,PLC -> IO,0.705872
1776098311.0773184,68.0695550441742,IO -> PLC,0.93334
1776098311.1105378,68.10277438163757,PLC -> IO,0.612222
1776098311.141317,68.13355350494385,IO -> PLC,1.02699
1776098311.1745405,68.16677713394165,PLC -> IO,0.549302
1776098311.2053156,68.19755220413208,IO -> PLC,1.04391
1776098311.238543,68.23077964782715,PLC -> IO,0.758392
1776098311.269314,68.26155066490173,IO -> PLC,1.35893
1776098311.3025455,68.29478216171265,PLC -> IO,0.601712
1776098311.3333127,68.32554936408997,IO -> PLC,0.96207
1776098311.3665483,68.35878491401672,PLC -> IO,0.745522
1776098311.3973112,68.38954782485962,IO -> PLC,1.01901
1776098311.4305508,68.42278742790222,PLC -> IO,0.775722
1776098311.461309,68.45354557037354,IO -> PLC,0.92008
1776098311.4945536,68.4867901802063,PLC -> IO,0.572952
1776098311.5253077,68.51754426956177,IO -> PLC,0.73204
1776098311.558556,68.5507926940918,PLC -> IO,0.549882
1776098311.589306,68.58154273033142,IO -> PLC,0.96097
1776098311.6225586,68.6147952079773,PLC -> IO,0.687372
1776098311.6533048,68.64554142951965,IO -> PLC,0.78029
1776098311.6865613,68.67879796028137,PLC -> IO,0.545082
1776098311.7173033,68.7095398902893,IO -> PLC,0.73682
1776098311.7505639,68.74280047416687,PLC -> IO,0.562092
1776098311.781302,68.77353858947754,IO -> PLC,1.65066
1776098311.8145664,68.80680298805237,PLC -> IO,0.658542
1776098311.8453004,68.83753705024719,IO -> PLC,0.74586
1776098311.8785691,68.87080574035645,PLC -> IO,0.532332
1776098311.909298,68.90153455734253,IO -> PLC,1.32929
1776098311.9425716,68.93480825424194,PLC -> IO,0.554532
1776098311.9732966,68.96553325653076,IO -> PLC,0.92524
1776098312.0065744,68.99881100654602,PLC -> IO,0.603622
1776098312.0372953,69.029531955719,IO -> PLC,0.93697
1776098312.070577,69.06281352043152,PLC -> IO,0.545982
1776098312.1012938,69.09353041648865,IO -> PLC,1.06454
1776098312.1345794,69.12681603431702,PLC -> IO,0.759072
1776098312.1652925,69.15752911567688,IO -> PLC,1.00458
1776098312.1985822,69.1908187866211,PLC -> IO,0.586712
1776098312.229291,69.22152757644653,IO -> PLC,0.96934
1776098312.2625847,69.25482130050659,PLC -> IO,0.580182
1776098312.2932897,69.28552627563477,IO -> PLC,0.76481
1776098312.3265872,69.31882381439209,PLC -> IO,0.709192
1776098312.3572872,69.3495237827301,IO -> PLC,0.87391
1776098312.39059,69.38282656669617,PLC -> IO,0.541552
1776098312.4212859,69.41352248191833,IO -> PLC,1.0814
1776098312.4545925,69.44682908058167,PLC -> IO,0.742562
1776098312.4852843,69.47752094268799,IO -> PLC,1.79564
1776098312.5185952,69.51083183288574,PLC -> IO,0.670842
1776098312.549283,69.54151964187622,IO -> PLC,1.39886
1776098312.5825977,69.57483434677124,PLC -> IO,0.541522
1776098312.6132815,69.60551810264587,IO -> PLC,1.01026
1776098312.6466002,69.63883686065674,PLC -> IO,0.709492
1776098312.6772802,69.6695168018341,IO -> PLC,1.05158
1776098312.710603,69.70283961296082,PLC -> IO,0.652642
1776098312.7412786,69.73351526260376,IO -> PLC,0.79713
1776098312.7746055,69.76684212684631,PLC -> IO,0.546042
1776098312.8052764,69.79751300811768,IO -> PLC,1.14999
1776098312.838608,69.83084464073181,PLC -> IO,0.788732
1776098312.8692749,69.86151146888733,IO -> PLC,0.95074
1776098312.9026108,69.89484739303589,PLC -> IO,0.586592
1776098312.9332736,69.92551016807556,IO -> PLC,0.97704
1776098312.9666133,69.95884990692139,PLC -> IO,0.761602
1776098312.9972723,69.9895088672638,IO -> PLC,1.04108
1776098313.030616,70.02285265922546,PLC -> IO,0.775642
1776098313.0612707,70.05350732803345,IO -> PLC,0.93176
1776098313.0946186,70.08685517311096,PLC -> IO,0.588712
1776098313.1252694,70.11750602722168,IO -> PLC,1.03981
1776098313.158621,70.15085768699646,PLC -> IO,0.553712
1776098313.1892679,70.18150448799133,IO -> PLC,1.24635
1776098313.2226238,70.21486043930054,PLC -> IO,0.738162
1776098313.2532666,70.24550318717957,IO -> PLC,0.89542
1776098313.2866263,70.27886295318604,PLC -> IO,0.546602
1776098313.317264,70.3095006942749,IO -> PLC,0.8469
1776098313.3506289,70.34286546707153,PLC -> IO,0.571192
1776098313.3812628,70.37349939346313,IO -> PLC,1.44033
1776098313.4146316,70.40686821937561,PLC -> IO,0.655002
1776098313.4452612,70.43749785423279,IO -> PLC,1.00563
1776098313.478634,70.47087073326111,PLC -> IO,0.526802
1776098313.509264,70.50150060653687,IO -> PLC,1.02272
1776098313.5426369,70.53487348556519,PLC -> IO,0.569952
1776098313.5732584,70.56549501419067,IO -> PLC,0.83668
1776098313.6066394,70.59887599945068,PLC -> IO,0.629842
1776098313.637257,70.6294937133789,IO -> PLC,1.05329
1776098313.670642,70.66287851333618,PLC -> IO,1.164702
1776098313.7012558,70.69349241256714,IO -> PLC,0.63291
1776098313.7346447,70.72688126564026,PLC -> IO,0.773702
1776098313.7652533,70.75748991966248,IO -> PLC,1.13203
1776098313.7986472,70.79088377952576,PLC -> IO,0.602452
1776098313.8292518,70.82148838043213,IO -> PLC,1.02726
1776098313.8626497,70.85488629341125,PLC -> IO,0.557612
1776098313.8932505,70.88548707962036,IO -> PLC,0.71137
1776098313.9266524,70.91888904571533,PLC -> IO,0.717582
1776098313.957249,70.94948554039001,IO -> PLC,0.73334
1776098313.990655,70.98289155960083,PLC -> IO,0.715152
1776098314.0212476,71.01348423957825,IO -> PLC,0.86283
1776098314.0546577,71.04689431190491,PLC -> IO,0.749352
1776098314.0852463,71.07748293876648,IO -> PLC,0.62471
1776098314.1186602,71.1108968257904,PLC -> IO,0.693632
1776098314.1492448,71.14148139953613,IO -> PLC,1.05549
1776098314.1826627,71.1748993396759,PLC -> IO,0.528712
1776098314.2132423,71.20547890663147,IO -> PLC,0.97921
1776098314.2466655,71.23890209197998,PLC -> IO,0.805322
1776098314.277241,71.2694776058197,IO -> PLC,0.63028
1776098314.310668,71.30290460586548,PLC -> IO,0.650242
1776098314.3412395,71.33347606658936,IO -> PLC,0.67697
1776098314.3746705,71.36690711975098,PLC -> IO,0.565242
1776098314.4052382,71.39747476577759,IO -> PLC,0.8259
1776098314.4386733,71.43090987205505,PLC -> IO,0.562172
1776098314.4692369,71.46147346496582,IO -> PLC,0.8397
1776098314.5026758,71.49491238594055,PLC -> IO,0.617892
1776098314.5332353,71.52547192573547,IO -> PLC,0.6487
1776098314.5666785,71.55891513824463,PLC -> IO,0.563132
1776098314.597234,71.5894706249237,IO -> PLC,0.79979
1776098314.630681,71.62291765213013,PLC -> IO,0.797022
1776098314.6612325,71.65346908569336,IO -> PLC,0.81895
1776098314.6946836,71.68692016601562,PLC -> IO,0.591052
1776098314.7252302,71.71746683120728,IO -> PLC,0.62259
1776098314.7586863,71.7509229183197,PLC -> IO,0.507492
1776098314.7892287,71.78146529197693,IO -> PLC,0.64264
1776098314.8226888,71.8149254322052,PLC -> IO,0.722182
1776098314.8532274,71.84546399116516,IO -> PLC,0.77325
1776098314.8866913,71.8789279460907,PLC -> IO,0.555012
1776098314.9172258,71.90946245193481,IO -> PLC,0.82385
1776098314.950694,71.94293069839478,PLC -> IO,0.555292
1776098314.9812245,71.97346115112305,IO -> PLC,0.84502
1776098315.0146966,72.00693321228027,PLC -> IO,0.665902
1776098315.045223,72.0374596118927,IO -> PLC,0.75115
1776098315.078699,72.07093572616577,PLC -> IO,0.535382
1776098315.1092217,72.10145831108093,IO -> PLC,0.80807
1776098315.1427019,72.13493847846985,PLC -> IO,0.551672
1776098315.1732192,72.16545581817627,IO -> PLC,0.63138
1776098315.2067044,72.19894099235535,PLC -> IO,0.632822
1776098315.237218,72.2294545173645,IO -> PLC,0.73023
1776098315.2707071,72.26294374465942,PLC -> IO,0.535902
1776098315.3012166,72.29345321655273,IO -> PLC,0.79925
1776098315.3347096,72.32694625854492,PLC -> IO,0.790752
1776098315.365215,72.35745167732239,IO -> PLC,0.79585
1776098315.3987122,72.39094877243042,PLC -> IO,0.602782
1776098315.4292138,72.42145037651062,IO -> PLC,0.72453
1776098315.462715,72.4549515247345,PLC -> IO,0.610422
1776098315.4932122,72.48544883728027,IO -> PLC,0.87786
1776098315.5267174,72.51895403862,PLC -> IO,0.744162
1776098315.557211,72.5494475364685,IO -> PLC,0.63958
1776098315.59072,72.5829565525055,PLC -> IO,0.573082
1776098315.6212084,72.61344504356384,IO -> PLC,0.74851
1776098315.6547227,72.64695930480957,PLC -> IO,0.558792
1776098315.685207,72.6774435043335,IO -> PLC,0.86807
1776098315.7187252,72.71096181869507,PLC -> IO,0.706362
1776098315.7492056,72.74144220352173,IO -> PLC,0.84499
1776098315.782728,72.77496457099915,PLC -> IO,0.546802
1776098315.8132043,72.80544090270996,IO -> PLC,0.67544
1776098315.8467305,72.83896708488464,PLC -> IO,0.724772
1776098315.8772027,72.86943936347961,IO -> PLC,0.79597
1776098315.910733,72.90296959877014,PLC -> IO,0.670332
1776098315.9412014,72.93343806266785,IO -> PLC,0.79513
1776098315.9747357,72.96697235107422,PLC -> IO,0.551332
1776098316.0052,72.9974365234375,IO -> PLC,0.61653
1776098316.0387383,73.03097486495972,PLC -> IO,0.556822
1776098316.0691977,73.06143426895142,IO -> PLC,0.78106
1776098316.1027408,73.09497737884521,PLC -> IO,0.621272
1776098316.133196,73.12543272972107,IO -> PLC,0.77014
1776098316.1667435,73.15898013114929,PLC -> IO,0.569462
1776098316.1971948,73.1894314289093,IO -> PLC,0.84555
1776098316.230746,73.22298264503479,PLC -> IO,0.809912
1776098316.2611933,73.25342988967896,IO -> PLC,0.63391
1776098316.2947488,73.28698539733887,PLC -> IO,0.621072
1776098316.325192,73.31742858886719,IO -> PLC,1.08701
1776098316.3587513,73.35098791122437,PLC -> IO,0.532792
1776098316.3891904,73.38142704963684,IO -> PLC,1.04473
1776098316.4227538,73.41499042510986,PLC -> IO,0.733952
1776098316.4531891,73.44542574882507,IO -> PLC,0.6458
1776098316.4867566,73.47899317741394,PLC -> IO,1.197772
1776098316.5171876,73.50942420959473,IO -> PLC,0.70561
1776098316.550759,73.54299569129944,PLC -> IO,0.572202
1776098316.5811853,73.57342195510864,IO -> PLC,0.72365
1776098316.6147616,73.60699820518494,PLC -> IO,0.689932
1776098316.6451838,73.6374204158783,IO -> PLC,0.64329
1776098316.6787643,73.67100095748901,PLC -> IO,0.516832
1776098316.7091825,73.70141911506653,IO -> PLC,0.67559
1776098316.7427669,73.73500347137451,PLC -> IO,0.561432
1776098316.773181,73.76541757583618,IO -> PLC,0.86036
1776098316.8067696,73.79900622367859,PLC -> IO,0.649562
1776098316.8371797,73.82941627502441,IO -> PLC,0.84536
1776098316.8707721,73.86300873756409,PLC -> IO,0.536562
1776098316.9011784,73.89341497421265,IO -> PLC,0.63603
1776098316.9347746,73.92701125144958,PLC -> IO,0.546752
1776098316.9651768,73.9574134349823,IO -> PLC,0.66304
1776098316.9987774,73.99101400375366,PLC -> IO,0.638172
1776098317.0291746,74.02141118049622,IO -> PLC,0.80493
1776098317.06278,74.05501651763916,PLC -> IO,0.498202
1776098317.093173,74.08540964126587,IO -> PLC,1.01138
1776098317.1267824,74.11901903152466,PLC -> IO,0.767862
1776098317.1571717,74.1494083404541,IO -> PLC,0.61974
1776098317.1907852,74.18302178382874,PLC -> IO,0.612932
1776098317.2211702,74.21340680122375,IO -> PLC,0.78611
1776098317.2547877,74.24702429771423,PLC -> IO,0.551692
1776098317.285169,74.27740550041199,IO -> PLC,0.61774
1776098317.3187904,74.31102705001831,PLC -> IO,0.723892
1776098317.3491673,74.34140396118164,IO -> PLC,0.63226
1776098317.382793,74.37502956390381,PLC -> IO,0.561302
1776098317.413166,74.40540266036987,IO -> PLC,0.76008
1776098317.4467955,74.4390320777893,PLC -> IO,0.742702
1776098317.4771636,74.46940016746521,IO -> PLC,0.84029
1776098317.5107982,74.50303483009338,PLC -> IO,0.697132
1776098317.5411623,74.53339886665344,IO -> PLC,1.10194
1776098317.5748007,74.56703734397888,PLC -> IO,0.546932
1776098317.6051607,74.5973973274231,IO -> PLC,0.72054
1776098317.6388032,74.63103985786438,PLC -> IO,0.556262
1776098317.6691594,74.66139602661133,IO -> PLC,0.8521
1776098317.702806,74.69504261016846,PLC -> IO,0.640952
1776098317.7331579,74.72539448738098,IO -> PLC,0.68174
1776098317.7668085,74.75904512405396,PLC -> IO,0.554102
1776098317.7971566,74.78939318656921,IO -> PLC,1.08788
1776098317.830811,74.82304763793945,PLC -> IO,0.810562
1776098317.8611553,74.85339188575745,IO -> PLC,0.63039
1776098317.8948138,74.88705039024353,PLC -> IO,0.621562
1776098317.9251537,74.9173903465271,IO -> PLC,0.61355
1776098317.9588163,74.95105290412903,PLC -> IO,0.535772
1776098317.9891512,74.98138785362244,IO -> PLC,0.66527
1776098318.022819,75.0150556564331,PLC -> IO,0.754052
1776098318.05315,75.04538655281067,IO -> PLC,0.84701
1776098318.0868216,75.0790581703186,PLC -> IO,0.598492
1776098318.1171484,75.10938501358032,IO -> PLC,0.63049
1776098318.150824,75.1430606842041,PLC -> IO,0.559022
1776098318.181147,75.17338371276855,IO -> PLC,1.19519
1776098318.2148268,75.20706343650818,PLC -> IO,0.704912
1776098318.2451456,75.23738217353821,IO -> PLC,0.83747
1776098318.2788293,75.27106595039368,PLC -> IO,0.711752
1776098318.3091443,75.30138087272644,IO -> PLC,0.79487
1776098318.3428319,75.33506846427917,PLC -> IO,0.574832
1776098318.373143,75.36537957191467,IO -> PLC,0.86083
1776098318.4068346,75.39907121658325,PLC -> IO,0.666472
1776098318.4371405,75.42937707901001,IO -> PLC,0.74872
1776098318.470837,75.46307373046875,PLC -> IO,0.749162
1776098318.5011392,75.49337577819824,IO -> PLC,0.76868
1776098318.5348399,75.52707648277283,PLC -> IO,0.575272
1776098318.5651376,75.5573742389679,IO -> PLC,0.82857
1776098318.5988424,75.59107899665833,PLC -> IO,0.631712
1776098318.6291363,75.62137293815613,IO -> PLC,0.62628
1776098318.662845,75.65508151054382,PLC -> IO,0.552472
1776098318.6931348,75.68537139892578,IO -> PLC,0.73122
1776098318.7268476,75.7190842628479,PLC -> IO,0.774682
1776098318.7571335,75.74937009811401,IO -> PLC,0.86502
1776098318.7908502,75.7830867767334,PLC -> IO,0.779852
1776098318.821132,75.81336855888367,IO -> PLC,0.85731
1776098318.8548527,75.8470892906189,PLC -> IO,0.558132
1776098318.8851297,75.87736630439758,IO -> PLC,0.69799
1776098318.9188554,75.91109204292297,PLC -> IO,0.762732
1776098318.9491282,75.94136476516724,IO -> PLC,0.80004
1776098318.982858,75.97509455680847,PLC -> IO,0.575572
1776098319.0131269,76.00536346435547,IO -> PLC,0.61607
1776098319.0468607,76.03909730911255,PLC -> IO,0.749062
1776098319.0771253,76.06936192512512,IO -> PLC,0.67596
1776098319.1108632,76.10309982299805,PLC -> IO,0.695192
1776098319.141124,76.13336062431335,IO -> PLC,0.82809
1776098319.1748657,76.16710233688354,PLC -> IO,0.535872
1776098319.2051225,76.19735908508301,IO -> PLC,0.62372
1776098319.2388685,76.23110508918762,PLC -> IO,0.573752
1776098319.2691212,76.26135778427124,IO -> PLC,0.64882
1776098319.302871,76.29510760307312,PLC -> IO,0.649322
1776098319.3331187,76.32535529136658,IO -> PLC,0.63198
1776098319.3668735,76.35911011695862,PLC -> IO,0.545362
1776098319.3971174,76.38935399055481,IO -> PLC,1.06148
1776098319.4308763,76.4231128692627,PLC -> IO,0.597732
1776098319.4611158,76.45335245132446,IO -> PLC,0.61559
1776098319.4948788,76.4871153831482,PLC -> IO,0.619052
1776098319.5251145,76.5173511505127,IO -> PLC,0.62339
1776098319.5588813,76.55111789703369,PLC -> IO,0.550442
1776098319.5891132,76.58134984970093,IO -> PLC,0.7764
1776098319.622884,76.61512064933777,PLC -> IO,0.782572
1776098319.6531117,76.64534831047058,IO -> PLC,0.8435
1776098319.6868865,76.67912316322327,PLC -> IO,0.593182
1776098319.7171104,76.70934700965881,IO -> PLC,0.74265
1776098319.7508893,76.74312591552734,PLC -> IO,0.541292
1776098319.7811089,76.77334547042847,IO -> PLC,0.74629
1776098319.8148918,76.80712842941284,PLC -> IO,0.725912
1776098319.8451064,76.8373429775238,IO -> PLC,0.89011
1776098319.8788943,76.87113094329834,PLC -> IO,0.576972
1776098319.909105,76.90134167671204,IO -> PLC,0.6223
1776098319.942897,76.93513369560242,PLC -> IO,0.560382
1776098319.9731035,76.96534013748169,IO -> PLC,0.71387
1776098320.0068996,76.99913620948792,PLC -> IO,0.685072
1776098320.0371022,77.02933883666992,IO -> PLC,0.82192
1776098320.070902,77.06313872337341,PLC -> IO,0.528222
1776098320.101101,77.09333753585815,IO -> PLC,0.79884
1776098320.1349049,77.12714147567749,PLC -> IO,0.558352
1776098320.1650994,77.15733599662781,IO -> PLC,0.67864
1776098320.1989074,77.19114398956299,PLC -> IO,0.640792
1776098320.229098,77.22133469581604,IO -> PLC,0.83486
1776098320.2629101,77.25514674186707,PLC -> IO,0.597152
1776098320.2930956,77.28533220291138,IO -> PLC,0.63353
1776098320.3269126,77.31914925575256,PLC -> IO,0.553352
1776098320.3570943,77.34933090209961,IO -> PLC,0.65261
1776098320.3909152,77.38315176963806,PLC -> IO,0.603002
1776098320.4210927,77.41332936286926,IO -> PLC,0.80147
1776098320.454918,77.44715452194214,PLC -> IO,0.647932
1776098320.4850914,77.4773280620575,IO -> PLC,0.82559
1776098320.5189204,77.51115703582764,PLC -> IO,0.757332
1776098320.54909,77.54132652282715,IO -> PLC,0.90596
1776098320.582923,77.57515954971313,PLC -> IO,0.598892
1776098320.6130886,77.60532522201538,IO -> PLC,0.80217
1776098320.6469257,77.63916230201721,PLC -> IO,0.750862
1776098320.677087,77.66932368278503,IO -> PLC,0.79845
1776098320.7109282,77.70316481590271,PLC -> IO,0.710342
1776098320.7410848,77.73332142829895,IO -> PLC,0.81025
1776098320.7749307,77.76716732978821,PLC -> IO,0.540542
1776098320.8050833,77.7973198890686,IO -> PLC,0.77894
1776098320.8389335,77.83117008209229,PLC -> IO,0.553772
1776098320.869082,77.86131858825684,IO -> PLC,1.11652
1776098320.902936,77.89517259597778,PLC -> IO,0.669262
1776098320.9330804,77.92531704902649,IO -> PLC,0.60893
1776098320.9669387,77.95917534828186,PLC -> IO,0.532732
1776098320.9970791,77.98931574821472,IO -> PLC,0.77755
1776098321.0309412,78.02317786216736,PLC -> IO,0.572062
1776098321.0610778,78.05331444740295,IO -> PLC,0.72671
1776098321.0949438,78.08718037605286,PLC -> IO,0.647862
1776098321.1250763,78.11731290817261,IO -> PLC,0.80308
1776098321.1589465,78.15118312835693,PLC -> IO,0.535422
1776098321.189075,78.18131160736084,IO -> PLC,0.89985
1776098321.222949,78.21518564224243,PLC -> IO,0.805942
1776098321.2530725,78.24530911445618,IO -> PLC,1.11854
1776098321.2869515,78.27918815612793,PLC -> IO,0.621502
1776098321.3170712,78.30930781364441,IO -> PLC,0.83529
1776098321.3509543,78.343190908432,PLC -> IO,0.531302
1776098321.3810697,78.37330627441406,IO -> PLC,0.63925
1776098321.4149568,78.4071934223175,PLC -> IO,0.752792
1776098321.4450684,78.4373049736023,IO -> PLC,0.67354
1776098321.4789596,78.47119617462158,PLC -> IO,0.931882
1776098321.5090668,78.50130343437195,IO -> PLC,0.83071
1776098321.542962,78.53519868850708,PLC -> IO,0.563502
1776098321.5730655,78.56530213356018,IO -> PLC,0.83828
1776098321.6069646,78.59920120239258,PLC -> IO,0.704432
1776098321.637064,78.62930059432983,IO -> PLC,0.64111
1776098321.6709673,78.66320395469666,PLC -> IO,0.534382
1776098321.7010615,78.69329810142517,IO -> PLC,0.63059
1776098321.7349699,78.72720646858215,PLC -> IO,0.573942
1776098321.7650602,78.7572968006134,IO -> PLC,0.61968
1776098321.7989724,78.79120898246765,PLC -> IO,0.685672
1776098321.829059,78.82129549980164,IO -> PLC,0.66828
1776098321.8629751,78.85521173477173,PLC -> IO,0.542192
1776098321.8930573,78.88529396057129,IO -> PLC,0.77225
1776098321.9269776,78.91921424865723,PLC -> IO,0.551422
1776098321.957056,78.94929265975952,IO -> PLC,0.76982
1776098321.9909804,78.9832170009613,PLC -> IO,0.616592
1776098322.0210545,79.01329112052917,IO -> PLC,0.60538
1776098322.054983,79.0472195148468,PLC -> IO,0.534222
1776098322.0850532,79.07728981971741,IO -> PLC,0.62327
1776098322.1189854,79.1112220287323,PLC -> IO,0.778272
1776098322.1490507,79.14128732681274,IO -> PLC,0.89628
1776098322.1829882,79.17522478103638,PLC -> IO,0.617822
1776098322.2130494,79.20528602600098,IO -> PLC,0.82504
1776098322.2469907,79.23922729492188,PLC -> IO,0.819312
1776098322.2770479,79.26928448677063,IO -> PLC,0.6218
1776098322.3109932,79.30322980880737,PLC -> IO,0.746382
1776098322.3410466,79.33328318595886,IO -> PLC,0.70521
1776098322.374996,79.36723256111145,PLC -> IO,0.578582
1776098322.405045,79.39728164672852,IO -> PLC,0.66581
1776098322.4389985,79.43123507499695,PLC -> IO,0.558142
1776098322.4690437,79.46128034591675,IO -> PLC,0.69002
1776098322.503001,79.49523758888245,PLC -> IO,0.694912
1776098322.5330422,79.5252788066864,IO -> PLC,0.69974
1776098322.5670037,79.55924034118652,PLC -> IO,0.534312
1776098322.59704,79.58927655220032,IO -> PLC,0.81491
1776098322.6310062,79.62324285507202,PLC -> IO,0.572272
1776098322.6610384,79.65327501296997,IO -> PLC,0.85008
1776098322.695009,79.6872456073761,PLC -> IO,0.647752
1776098322.725037,79.7172737121582,IO -> PLC,0.84964
1776098322.7590115,79.7512481212616,PLC -> IO,0.532672
1776098322.7890358,79.78127241134644,IO -> PLC,0.78056
1776098322.823014,79.8152506351471,PLC -> IO,0.861122
1776098322.8530343,79.84527087211609,IO -> PLC,0.61436
1776098322.8870168,79.87925338745117,PLC -> IO,0.613882
1776098322.917033,79.90926957130432,IO -> PLC,0.97642
1776098322.9510193,79.94325590133667,PLC -> IO,0.683852
1776098322.9810314,79.97326803207397,IO -> PLC,0.78638
1776098323.0150218,80.00725841522217,PLC -> IO,0.773262
1776098323.04503,80.0372667312622,IO -> PLC,1.07451
1776098323.0790246,80.07126116752625,PLC -> IO,0.582582
1776098323.1090276,80.10126423835754,IO -> PLC,0.88247
1776098323.143027,80.13526368141174,PLC -> IO,0.578532
1776098323.1730263,80.16526293754578,IO -> PLC,0.62083
1776098323.2070296,80.19926619529724,PLC -> IO,0.720662
1776098323.2370248,80.22926139831543,IO -> PLC,0.75759
1776098323.2710323,80.26326894760132,PLC -> IO,0.560452
1776098323.3010235,80.29326009750366,IO -> PLC,1.07653
1776098323.3350348,80.32727146148682,PLC -> IO,0.559132
1776098323.365022,80.35725855827332,IO -> PLC,0.7412
1776098323.3990376,80.3912742137909,PLC -> IO,0.673192
1776098323.4290206,80.42125725746155,IO -> PLC,0.91269
1776098323.46304,80.45527672767639,PLC -> IO,0.533632
1776098323.493019,80.4852557182312,IO -> PLC,0.7821
1776098323.5270426,80.51927924156189,PLC -> IO,0.551742
1776098323.5570168,80.54925346374512,IO -> PLC,0.89622
1776098323.5910454,80.58328199386597,PLC -> IO,0.626342
1776098323.6210153,80.61325192451477,IO -> PLC,0.69402
1776098323.655048,80.64728450775146,PLC -> IO,0.537262
1776098323.685014,80.677250623703,IO -> PLC,0.59926
1776098323.7190504,80.71128702163696,PLC -> IO,0.802512
1776098323.7490125,80.74124908447266,IO -> PLC,0.75651
1776098323.7830532,80.77528977394104,PLC -> IO,0.692472
1776098323.8130112,80.80524778366089,IO -> PLC,0.66591
1776098323.8470557,80.83929228782654,PLC -> IO,0.743312
1776098323.8770099,80.86924648284912,IO -> PLC,0.80357
1776098323.9110584,80.90329504013062,PLC -> IO,0.772242
1776098323.9410083,80.93324494361877,IO -> PLC,0.60752
1776098323.975061,80.96729755401611,PLC -> IO,0.591632
1776098324.0050058,80.99724245071411,IO -> PLC,0.64493
1776098324.0390635,81.03130006790161,PLC -> IO,0.554552
1776098324.0690045,81.06124114990234,IO -> PLC,0.8153
1776098324.1030662,81.09530282020569,PLC -> IO,0.697002
1776098324.133003,81.125239610672,IO -> PLC,0.82406
1776098324.1670687,81.15930533409119,PLC -> IO,0.543602
1776098324.1970017,81.18923830986023,IO -> PLC,0.81947
1776098324.2310712,81.22330784797668,PLC -> IO,0.589802
1776098324.2610002,81.25323677062988,IO -> PLC,0.61934
1776098324.295074,81.28731060028076,PLC -> IO,0.669692
1776098324.3249989,81.31723546981812,IO -> PLC,0.76723
1776098324.3590765,81.35131311416626,PLC -> IO,0.539242
1776098324.3889976,81.38123416900635,IO -> PLC,0.79448
1776098324.423079,81.41531562805176,PLC -> IO,0.569292
1776098324.452996,81.445232629776,IO -> PLC,0.7234
1776098324.4870818,81.47931838035583,PLC -> IO,2.834202
1776098324.5169935,81.50923013687134,IO -> PLC,0.74129
1776098324.5510843,81.54332089424133,PLC -> IO,0.536082
1776098324.5809922,81.57322883605957,IO -> PLC,0.63613
1776098324.615087,81.60732364654541,PLC -> IO,0.794442
1776098324.6449907,81.63722729682922,IO -> PLC,0.75969
1776098324.6790895,81.67132616043091,PLC -> IO,0.584012
1776098324.7089894,81.70122599601746,IO -> PLC,0.98336
1776098324.743092,81.7353286743164,PLC -> IO,0.548842
1776098324.772988,81.76522469520569,IO -> PLC,0.60298
1776098324.8070948,81.79933142662048,PLC -> IO,0.742652
1776098324.8369865,81.82922315597534,IO -> PLC,1.06633
1776098324.8710973,81.86333394050598,PLC -> IO,0.579412
1776098324.9009852,81.89322185516357,IO -> PLC,0.68483
1776098324.9350998,81.92733645439148,PLC -> IO,0.574722
1776098324.9649827,81.95721936225891,IO -> PLC,0.64631
1776098324.9991026,81.99133920669556,PLC -> IO,0.691092
1776098325.0289814,82.02121806144714,IO -> PLC,0.62748
1776098325.063105,82.05534172058105,PLC -> IO,0.544012
1776098325.09298,82.0852165222168,IO -> PLC,0.65369
1776098325.1271076,82.11934423446655,PLC -> IO,0.550052
1776098325.1569786,82.14921522140503,IO -> PLC,0.82014
1776098325.1911104,82.18334698677063,PLC -> IO,0.797462
1776098325.220977,82.21321368217468,IO -> PLC,0.84307
1776098325.255113,82.24734950065613,PLC -> IO,0.548612
1776098325.2849758,82.27721238136292,IO -> PLC,0.6255
1776098325.3191156,82.3113522529602,PLC -> IO,0.552892
1776098325.3489742,82.34121084213257,IO -> PLC,0.83292
1776098325.3831182,82.3753547668457,PLC -> IO,0.670782
1776098325.412972,82.40520858764648,IO -> PLC,0.78416
1776098325.4471207,82.4393572807312,PLC -> IO,0.745382
1776098325.4769704,82.46920704841614,IO -> PLC,0.627
1776098325.5111234,82.50336003303528,PLC -> IO,0.766372
1776098325.5409691,82.53320574760437,IO -> PLC,0.6276
1776098325.575126,82.56736254692078,PLC -> IO,0.589372
1776098325.6049676,82.59720420837402,IO -> PLC,1.07246
1776098325.6391284,82.63136506080627,PLC -> IO,0.554622
1776098325.6689663,82.66120290756226,IO -> PLC,0.80058
1776098325.7031312,82.69536781311035,PLC -> IO,0.713712
1776098325.732965,82.72520160675049,IO -> PLC,0.7275
1776098325.7671337,82.75937032699585,PLC -> IO,0.565102
1776098325.7969635,82.78920006752014,IO -> PLC,0.72891
1776098325.8311365,82.82337307929993,PLC -> IO,0.583632
1776098325.860961,82.85319757461548,IO -> PLC,0.60342
1776098325.895139,82.88737559318542,PLC -> IO,0.688322
1776098325.9249597,82.91719627380371,IO -> PLC,0.64074
1776098325.9591415,82.95137810707092,PLC -> IO,0.510752
1776098325.9889581,82.98119473457336,IO -> PLC,1.26402
1776098326.0231442,83.015380859375,PLC -> IO,0.571192
1776098326.0529568,83.0451934337616,IO -> PLC,0.63684
1776098326.0871468,83.0793833732605,PLC -> IO,0.648352
1776098326.1169555,83.10919213294983,IO -> PLC,0.63721
1776098326.1511493,83.143385887146,PLC -> IO,0.547672
1776098326.180954,83.17319059371948,IO -> PLC,0.97486
1776098326.215152,83.20738863945007,PLC -> IO,0.794202
1776098326.2449527,83.23718929290771,IO -> PLC,1.02948
1776098326.2791545,83.27139115333557,PLC -> IO,0.593602
1776098326.3089511,83.30118775367737,IO -> PLC,1.28513
1776098326.343157,83.33539366722107,PLC -> IO,0.546202
1776098326.3729486,83.3651852607727,IO -> PLC,0.61794
1776098326.4071598,83.39939641952515,PLC -> IO,0.757692
1776098326.4369473,83.42918395996094,IO -> PLC,0.80888
1776098326.4711623,83.46339893341064,PLC -> IO,0.592362
1776098326.5009458,83.49318242073059,IO -> PLC,0.60979
1776098326.535165,83.52740168571472,PLC -> IO,0.536162
1776098326.5649445,83.55718111991882,IO -> PLC,0.85185
1776098326.5991676,83.59140419960022,PLC -> IO,0.718772
1776098326.6289432,83.62117981910706,IO -> PLC,0.62708
1776098326.66317,83.65540671348572,PLC -> IO,0.553672
1776098326.6929417,83.68517827987671,IO -> PLC,1.04842
1776098326.7271729,83.7194094657898,PLC -> IO,0.548042
1776098326.7569404,83.74917697906494,IO -> PLC,0.82478
1776098326.7911754,83.7834119796753,PLC -> IO,0.683292
1776098326.8209379,83.81317448616028,IO -> PLC,0.72298
1776098326.8551779,83.84741449356079,PLC -> IO,0.551482
1776098326.8849366,83.87717318534851,IO -> PLC,0.74175
1776098326.9191806,83.91141724586487,PLC -> IO,0.554802
1776098326.948935,83.94117164611816,IO -> PLC,0.82507
1776098326.9831831,83.97541975975037,PLC -> IO,0.683972
1776098327.0129337,84.0051703453064,IO -> PLC,0.75207
1776098327.0471857,84.03942227363586,PLC -> IO,0.756812
1776098327.0769322,84.06916880607605,IO -> PLC,0.70236
1776098327.1111884,84.10342502593994,PLC -> IO,0.781982
1776098327.140931,84.13316750526428,IO -> PLC,0.60751
1776098327.175191,84.16742753982544,PLC -> IO,0.611062
1776098327.2049294,84.19716596603394,IO -> PLC,0.62044
1776098327.2391937,84.23143029212952,PLC -> IO,0.535662
1776098327.268927,84.26116371154785,IO -> PLC,0.67513
1776098327.3031962,84.29543280601501,PLC -> IO,0.739692
1776098327.3329256,84.3251621723175,IO -> PLC,0.83743
1776098327.3671987,84.35943531990051,PLC -> IO,0.573332
1776098327.3969243,84.38916087150574,IO -> PLC,0.6321
1776098327.4312015,84.42343807220459,PLC -> IO,0.596252
1776098327.4609227,84.45315933227539,IO -> PLC,0.64607
1776098327.495204,84.48744058609009,PLC -> IO,1.249432
1776098327.5249214,84.51715803146362,IO -> PLC,0.62507
1776098327.5592065,84.55144309997559,PLC -> IO,0.524172
1776098327.5889199,84.58115649223328,IO -> PLC,0.60911
1776098327.6232092,84.61544585227966,PLC -> IO,0.567332
1776098327.6529186,84.64515519142151,IO -> PLC,0.93733
1776098327.6872118,84.67944836616516,PLC -> IO,0.654342
1776098327.7169173,84.70915389060974,IO -> PLC,0.84793
1776098327.7512143,84.74345088005066,PLC -> IO,0.548302
1776098327.7809148,84.77315139770508,IO -> PLC,0.79406
1776098327.815217,84.80745363235474,PLC -> IO,0.544672
1776098327.8449135,84.83715009689331,IO -> PLC,0.97075
1776098327.8792195,84.87145614624023,PLC -> IO,0.613762
1776098327.908912,84.90114855766296,IO -> PLC,0.62606
1776098327.9432223,84.93545889854431,PLC -> IO,0.545962
1776098327.9729106,84.9651472568512,IO -> PLC,0.74739
1776098328.0072248,84.99946141242981,PLC -> IO,0.778312
1776098328.036909,85.02914571762085,IO -> PLC,0.96208
1776098328.0712273,85.06346392631531,PLC -> IO,0.600032
1776098328.1009078,85.09314441680908,IO -> PLC,0.62155
1776098328.13523,85.12746667861938,PLC -> IO,0.555512
1776098328.1649063,85.15714287757874,IO -> PLC,1.04289
1776098328.1992326,85.19146919250488,PLC -> IO,0.730042
1776098328.2289038,85.22114038467407,IO -> PLC,0.80565
1776098328.263235,85.25547170639038,PLC -> IO,0.798642
1776098328.2929025,85.2851390838623,IO -> PLC,0.88513
1776098328.3272378,85.31947445869446,PLC -> IO,0.562202
1776098328.3569012,85.34913778305054,IO -> PLC,0.98183
1776098328.3912404,85.38347697257996,PLC -> IO,0.675522
1776098328.4208996,85.41313624382019,IO -> PLC,0.62001
1776098328.4552429,85.44747948646545,PLC -> IO,0.530602
1776098328.4848983,85.47713494300842,IO -> PLC,0.62878
1776098328.5192456,85.51148223876953,PLC -> IO,0.573202
1776098328.5488968,85.54113340377808,IO -> PLC,0.79195
1776098328.5832481,85.57548475265503,PLC -> IO,0.713012
1776098328.6128955,85.60513210296631,IO -> PLC,0.79872
1776098328.647251,85.6394875049591,PLC -> IO,0.747142
1776098328.676893,85.66912961006165,IO -> PLC,0.60971
1776098328.7112534,85.7034900188446,PLC -> IO,0.566692
1776098328.7408915,85.7331280708313,IO -> PLC,0.61431
1776098328.775256,85.7674925327301,PLC -> IO,0.620322
1776098328.8048902,85.79712677001953,IO -> PLC,0.80517
1776098328.8392587,85.83149528503418,PLC -> IO,0.550682
1776098328.8688889,85.86112546920776,IO -> PLC,0.79553
1776098328.9032612,85.89549779891968,PLC -> IO,0.755692
1776098328.9328873,85.92512392997742,IO -> PLC,0.74902
1776098328.9672637,85.95950031280518,PLC -> IO,0.585172
1776098328.996886,85.98912262916565,IO -> PLC,0.77106
1776098329.0312665,86.02350306510925,PLC -> IO,0.591042
1776098329.0608845,86.0531210899353,IO -> PLC,1.02856
1776098329.095269,86.08750557899475,PLC -> IO,0.732852
1776098329.1248822,86.11711883544922,IO -> PLC,0.60827
1776098329.1592717,86.15150833129883,PLC -> IO,0.569852
1776098329.1888807,86.18111729621887,IO -> PLC,0.62824
1776098329.2232742,86.21551084518433,PLC -> IO,0.584222
1776098329.2528794,86.2451159954071,IO -> PLC,0.74036
1776098329.2872767,86.27951335906982,PLC -> IO,0.646982
1776098329.3168778,86.30911445617676,IO -> PLC,0.80025
1776098329.3512795,86.3435161113739,PLC -> IO,0.542142
1776098329.3808765,86.37311315536499,IO -> PLC,0.70653
1776098329.415282,86.4075186252594,PLC -> IO,0.566422
1776098329.444875,86.43711161613464,IO -> PLC,0.69665
1776098329.4792845,86.4715211391449,PLC -> IO,0.622702
1776098329.5088737,86.50111031532288,IO -> PLC,0.82023
1776098329.5432873,86.53552389144897,PLC -> IO,0.544502
1776098329.5728722,86.56510877609253,IO -> PLC,0.61802
1776098329.6072898,86.59952640533447,PLC -> IO,0.787592
1776098329.63687,86.62910652160645,IO -> PLC,0.67687
1776098329.6712923,86.66352891921997,PLC -> IO,0.618892
1776098329.7008684,86.6931049823761,IO -> PLC,0.62315
1776098329.735295,86.72753167152405,PLC -> IO,0.729902
1776098329.764867,86.75710368156433,IO -> PLC,0.65128
1776098329.7992976,86.79153418540955,PLC -> IO,0.783142
1776098329.8288655,86.82110214233398,IO -> PLC,0.64148
1776098329.8633003,86.85553693771362,PLC -> IO,0.588302
1776098329.8928642,86.88510084152222,IO -> PLC,0.79554
1776098329.9273028,86.91953945159912,PLC -> IO,0.553542
1776098329.956863,86.94909954071045,IO -> PLC,0.81774
1776098329.9913054,86.98354196548462,PLC -> IO,0.700712
1776098330.0208614,87.0130980014801,IO -> PLC,0.86003
1776098330.055308,87.0475447177887,PLC -> IO,0.536512
1776098330.0848591,87.07709574699402,IO -> PLC,0.63022
1776098330.1193106,87.1115472316742,PLC -> IO,0.561762
1776098330.1488576,87.14109420776367,IO -> PLC,0.7946
1776098330.1833131,87.17554974555969,PLC -> IO,0.730762
1776098330.2128563,87.2050929069519,IO -> PLC,0.79312
1776098330.247316,87.23955249786377,PLC -> IO,0.844652
1776098330.2768548,87.26909136772156,IO -> PLC,0.62555
1776098330.3113184,87.30355501174927,PLC -> IO,0.565962
1776098330.3408535,87.33309006690979,IO -> PLC,0.73784
1776098330.375321,87.36755752563477,PLC -> IO,0.636242
1776098330.404852,87.39708852767944,IO -> PLC,0.60492
1776098330.4393237,87.43156027793884,PLC -> IO,0.553802
1776098330.4688506,87.46108722686768,IO -> PLC,0.62313
1776098330.5033262,87.49556279182434,PLC -> IO,1.407402
1776098330.5328481,87.52508473396301,IO -> PLC,0.8735
1776098330.5673287,87.55956530570984,PLC -> IO,0.611662
1776098330.5968468,87.58908343315125,IO -> PLC,0.59122
1776098330.6313314,87.62356805801392,PLC -> IO,0.577372
1776098330.6608453,87.6530818939209,IO -> PLC,0.74142
1776098330.695334,87.68757057189941,PLC -> IO,0.737342
1776098330.724844,87.71708059310913,IO -> PLC,0.68139
1776098330.7593367,87.75157332420349,PLC -> IO,0.569142
1776098330.7888424,87.78107905387878,IO -> PLC,0.65543
1776098330.8233392,87.81557583808899,PLC -> IO,0.562942
1776098330.8528411,87.84507775306702,IO -> PLC,1.00198
1776098330.8873417,87.87957835197449,PLC -> IO,0.690502
1776098330.9168396,87.90907621383667,IO -> PLC,0.6768
1776098330.9513445,87.94358110427856,PLC -> IO,0.529502
1776098330.9808383,87.9730749130249,IO -> PLC,0.9683
1776098331.015347,88.00758361816406,PLC -> IO,0.558422
1776098331.0448358,88.03707242012024,IO -> PLC,0.82738
1776098331.0793495,88.07158613204956,PLC -> IO,0.665822
1776098331.1088345,88.10107111930847,IO -> PLC,0.79399
1776098331.1433523,88.13558888435364,PLC -> IO,0.544262
1776098331.172833,88.16506958007812,IO -> PLC,0.76603
1776098331.2073548,88.19959139823914,PLC -> IO,0.572152
1776098331.2368317,88.22906827926636,IO -> PLC,0.89752
1776098331.2713575,88.26359415054321,PLC -> IO,0.740762
1776098331.3008301,88.29306674003601,IO -> PLC,0.84884
1776098331.33536,88.32759666442871,PLC -> IO,0.542472
1776098331.3648288,88.35706543922424,IO -> PLC,0.81681
1776098331.3993626,88.39159917831421,PLC -> IO,0.792842
1776098331.4288275,88.42106413841248,IO -> PLC,0.74844
1776098331.4633653,88.45560193061829,PLC -> IO,0.586172
1776098331.492825,88.48506164550781,IO -> PLC,0.78082
1776098331.5273678,88.51960444450378,PLC -> IO,0.555652
1776098331.5568235,88.54906010627747,IO -> PLC,0.82846
1776098331.5913703,88.58360695838928,PLC -> IO,0.717942
1776098331.6208222,88.6130588054657,IO -> PLC,0.72634
1776098331.655373,88.64760971069336,PLC -> IO,0.542062
1776098331.6848207,88.67705726623535,IO -> PLC,0.79775
1776098331.7193756,88.71161222457886,PLC -> IO,0.560352
1776098331.7488194,88.74105596542358,IO -> PLC,0.71027
1776098331.7833781,88.77561473846436,PLC -> IO,0.749432
1776098331.8128178,88.80505442619324,IO -> PLC,0.70559
1776098331.8473809,88.83961749076843,PLC -> IO,0.809002
1776098331.8768165,88.86905312538147,IO -> PLC,0.78901
1776098331.9113834,88.90362000465393,PLC -> IO,0.549352
1776098331.940814,88.9330506324768,IO -> PLC,0.63584
1776098331.975386,88.96762251853943,PLC -> IO,0.636842
1776098332.0048127,88.99704933166504,IO -> PLC,0.67533
1776098332.0393887,89.0316252708435,PLC -> IO,0.540962
1776098332.0688112,89.06104779243469,IO -> PLC,0.77929
1776098332.1033912,89.095627784729,PLC -> IO,0.817252
1776098332.1328099,89.12504649162292,IO -> PLC,0.73262
1776098332.167394,89.15963053703308,PLC -> IO,0.618962
1776098332.1968083,89.18904495239258,IO -> PLC,0.81315
1776098332.2313964,89.22363305091858,PLC -> IO,0.583482
1776098332.260807,89.25304365158081,IO -> PLC,0.61591
1776098332.295399,89.28763556480408,PLC -> IO,0.809702
1776098332.3248057,89.31704235076904,IO -> PLC,0.8234
1776098332.3594017,89.35163831710815,PLC -> IO,0.585332
1776098332.3888032,89.38103985786438,IO -> PLC,0.82897
1776098332.4234042,89.41564083099365,PLC -> IO,0.556092
1776098332.452802,89.44503855705261,IO -> PLC,0.77516
1776098332.4874067,89.47964334487915,PLC -> IO,2.437162
1776098332.5168004,89.50903701782227,IO -> PLC,0.79721
1776098332.5514095,89.54364609718323,PLC -> IO,0.545942
1776098332.580799,89.5730357170105,IO -> PLC,0.79253
1776098332.615412,89.60764861106873,PLC -> IO,0.572152
1776098332.6447976,89.63703417778015,IO -> PLC,0.7001
1776098332.6794145,89.67165112495422,PLC -> IO,0.675942
1776098332.7087963,89.70103287696838,IO -> PLC,0.74254
1776098332.7434173,89.7356538772583,PLC -> IO,0.545742
1776098332.7727947,89.76503133773804,IO -> PLC,0.60058
1776098332.8074198,89.7996563911438,PLC -> IO,0.571372
1776098332.8367934,89.82903003692627,IO -> PLC,0.91448
1776098332.8714225,89.86365914344788,PLC -> IO,0.685502
1776098332.900791,89.8930275440216,IO -> PLC,0.71932
1776098332.935425,89.92766165733337,PLC -> IO,0.538902
1776098332.9647896,89.95702624320984,IO -> PLC,0.78344
1776098332.9994276,89.99166417121887,PLC -> IO,0.823442
1776098333.028788,90.02102470397949,IO -> PLC,0.66421
1776098333.0634303,90.05566692352295,PLC -> IO,0.606592
1776098333.0927868,90.08502340316772,IO -> PLC,0.67905
1776098333.1274328,90.11966943740845,PLC -> IO,0.540552
1776098333.1567852,90.14902186393738,IO -> PLC,0.80438
1776098333.1914353,90.18367195129395,PLC -> IO,0.745642
1776098333.220784,90.21302056312561,IO -> PLC,0.61641
1776098333.255438,90.24767470359802,PLC -> IO,0.569042
1776098333.2847824,90.27701902389526,IO -> PLC,0.6631
1776098333.3194406,90.31167721748352,PLC -> IO,0.574362
1776098333.3487802,90.34101676940918,IO -> PLC,0.75971
1776098333.383443,90.37567973136902,PLC -> IO,0.788172
1776098333.4127786,90.40501523017883,IO -> PLC,0.71544
1776098333.4474459,90.4396824836731,PLC -> IO,0.741652
1776098333.4767773,90.46901392936707,IO -> PLC,0.63171
1776098333.5114484,90.5036849975586,PLC -> IO,0.555692
1776098333.5407758,90.53301239013672,IO -> PLC,0.62728
1776098333.5754511,90.56768774986267,PLC -> IO,0.660542
1776098333.6047745,90.59701108932495,IO -> PLC,0.79877
1776098333.6394536,90.63169026374817,PLC -> IO,0.540982
1776098333.6687732,90.66100978851318,IO -> PLC,0.8977
1776098333.7034562,90.69569277763367,PLC -> IO,0.565742
1776098333.7327716,90.72500824928284,IO -> PLC,0.62973
1776098333.767459,90.75969552993774,PLC -> IO,0.639322
1776098333.7967691,90.78900575637817,IO -> PLC,0.75315
1776098333.8314614,90.82369804382324,PLC -> IO,0.577842
1776098333.8607678,90.8530044555664,IO -> PLC,0.75671
1776098333.895464,90.88770055770874,PLC -> IO,0.776372
1776098333.9247663,90.91700291633606,IO -> PLC,0.80564
1776098333.9594667,90.95170331001282,PLC -> IO,0.614332
1776098333.988765,90.98100161552429,IO -> PLC,0.73119
1776098334.0234692,91.01570582389832,PLC -> IO,0.551812
1776098334.0527635,91.04500007629395,IO -> PLC,0.81685
1776098334.0874717,91.07970833778381,PLC -> IO,0.773152
1776098334.1167622,91.10899877548218,IO -> PLC,0.70057
1776098334.1514745,91.14371109008789,PLC -> IO,0.573512
1776098334.1807609,91.17299747467041,IO -> PLC,0.77677
1776098334.215477,91.20771360397339,PLC -> IO,0.571792
1776098334.2447593,91.23699593544006,IO -> PLC,0.64426
1776098334.2794797,91.27171635627747,PLC -> IO,0.801042
1776098334.3087568,91.3009934425354,IO -> PLC,0.62118
1776098334.3434823,91.33571887016296,PLC -> IO,0.522912
1776098334.3727555,91.36499214172363,IO -> PLC,0.67491
1776098334.4074848,91.39972138404846,PLC -> IO,0.573032
1776098334.436754,91.42899060249329,IO -> PLC,0.62327
1776098334.4714875,91.46372413635254,PLC -> IO,0.664042
1776098334.5007527,91.49298930168152,IO -> PLC,0.64316
1776098334.53549,91.52772665023804,PLC -> IO,0.542882
1776098334.5647511,91.55698776245117,IO -> PLC,0.66832
1776098334.5994925,91.59172916412354,PLC -> IO,0.802782
1776098334.6287498,91.6209864616394,IO -> PLC,0.78445
1776098334.6634953,91.65573191642761,PLC -> IO,0.618412
1776098334.6927485,91.68498516082764,IO -> PLC,0.81169
1776098334.7274978,91.71973443031311,PLC -> IO,0.541092
1776098334.756746,91.74898266792297,IO -> PLC,0.61045
1776098334.7915003,91.78373694419861,PLC -> IO,0.751622
1776098334.8207445,91.81298112869263,IO -> PLC,0.57113
1776098334.855503,91.84773969650269,PLC -> IO,0.781582
1776098334.8847432,91.87697982788086,IO -> PLC,0.78031
1776098334.9195056,91.91174221038818,PLC -> IO,0.578742
1776098334.948742,91.94097852706909,IO -> PLC,0.80963
1776098334.983508,91.97574472427368,PLC -> IO,0.787272
1776098335.0127404,92.00497698783875,IO -> PLC,0.62463
1776098335.0475109,92.03974747657776,PLC -> IO,0.757552
1776098335.076739,92.06897568702698,IO -> PLC,0.745
1776098335.1115134,92.10374999046326,PLC -> IO,0.567752
1776098335.1407375,92.13297414779663,IO -> PLC,0.87153
1776098335.1755161,92.16775274276733,PLC -> IO,0.673712
1776098335.2047353,92.19697189331055,IO -> PLC,1.20799
1776098335.2395186,92.23175525665283,PLC -> IO,0.546392
1776098335.2687337,92.2609703540802,IO -> PLC,0.72105
1776098335.3035212,92.29575777053833,PLC -> IO,0.859492
1776098335.3327324,92.32496905326843,IO -> PLC,0.6099
1776098335.367524,92.35976052284241,PLC -> IO,0.676962
1776098335.396731,92.38896751403809,IO -> PLC,0.6441
1776098335.4315264,92.4237630367279,PLC -> IO,0.562202
1776098335.4607296,92.45296621322632,IO -> PLC,0.68367
1776098335.495529,92.4877655506134,PLC -> IO,0.795452
1776098335.524728,92.51696467399597,IO -> PLC,0.81516
1776098335.5595317,92.55176830291748,PLC -> IO,0.633572
1776098335.5887268,92.5809633731842,IO -> PLC,0.63344
1776098335.6235342,92.61577081680298,PLC -> IO,0.552492
1776098335.6527243,92.64496088027954,IO -> PLC,0.66572
1776098335.6875367,92.67977333068848,PLC -> IO,0.762702
1776098335.716723,92.70895957946777,IO -> PLC,0.67449
1776098335.7515395,92.74377608299255,PLC -> IO,0.602092
1776098335.7807214,92.77295804023743,IO -> PLC,0.63396
1776098335.815542,92.80777859687805,PLC -> IO,0.570702
1776098335.8447201,92.83695673942566,IO -> PLC,0.65289
1776098335.8795447,92.87178134918213,PLC -> IO,0.700262
1776098335.9087186,92.90095520019531,IO -> PLC,0.8727
1776098335.9435472,92.93578386306763,PLC -> IO,0.544862
1776098335.9727173,92.96495389938354,IO -> PLC,0.78699
1776098336.0075498,92.99978637695312,PLC -> IO,0.744432
1776098336.0367157,93.0289523601532,IO -> PLC,0.93617
1776098336.0715525,93.0637891292572,PLC -> IO,0.666632
1776098336.1007144,93.09295105934143,IO -> PLC,0.62427
1776098336.135555,93.1277916431427,PLC -> IO,0.543792
1776098336.164712,93.15694856643677,IO -> PLC,1.01186
1776098336.1995575,93.1917941570282,PLC -> IO,0.570552
1776098336.2287107,93.220947265625,IO -> PLC,0.72652
1776098336.2635603,93.25579690933228,PLC -> IO,0.623232
1776098336.292709,93.28494572639465,IO -> PLC,0.62289
1776098336.3275628,93.31979942321777,PLC -> IO,0.557122
1776098336.3567078,93.34894442558289,IO -> PLC,0.72549
1776098336.3915653,93.38380193710327,PLC -> IO,0.769642
1776098336.4207065,93.41294312477112,IO -> PLC,0.78874
1776098336.455568,93.44780468940735,PLC -> IO,0.604002
1776098336.484705,93.47694158554077,IO -> PLC,0.6263
1776098336.5195706,93.51180720329285,PLC -> IO,0.543962
1776098336.5487037,93.540940284729,IO -> PLC,0.69019
1776098336.583573,93.57580971717834,PLC -> IO,0.833532
1776098336.6127012,93.60493779182434,IO -> PLC,0.76759
1776098336.6475759,93.63981246948242,PLC -> IO,0.778382
1776098336.6766996,93.668936252594,IO -> PLC,0.71508
1776098336.7115784,93.70381498336792,PLC -> IO,0.572972
1776098336.7406983,93.73293495178223,IO -> PLC,0.75137
1776098336.7755811,93.767817735672,PLC -> IO,0.700852
1776098336.8046968,93.79693341255188,IO -> PLC,0.81413
1776098336.8395836,93.8318202495575,PLC -> IO,0.525452
1776098336.8686955,93.86093211174011,IO -> PLC,0.63345
1776098336.9035861,93.895822763443,PLC -> IO,0.554372
1776098336.9326942,93.92493081092834,IO -> PLC,0.63797
1776098336.967589,93.95982551574707,PLC -> IO,0.674262
1776098336.9966927,93.988929271698,IO -> PLC,0.78307
1776098337.0315914,94.02382802963257,PLC -> IO,0.588142
1776098337.0606902,94.05292677879333,IO -> PLC,0.61758
1776098337.095594,94.08783054351807,PLC -> IO,0.584252
1776098337.1246889,94.11692547798157,IO -> PLC,0.60387
1776098337.1595967,94.15183329582214,PLC -> IO,0.786862
1776098337.1886873,94.18092393875122,IO -> PLC,0.78143
1776098337.2235992,94.21583580970764,PLC -> IO,0.551622
1776098337.252686,94.24492263793945,IO -> PLC,0.91205
1776098337.2876017,94.27983832359314,PLC -> IO,0.849272
1776098337.3166845,94.3089210987091,IO -> PLC,0.80697
1776098337.3516045,94.34384107589722,PLC -> IO,0.596812
1776098337.3806832,94.37291979789734,IO -> PLC,0.94174
1776098337.415607,94.40784358978271,PLC -> IO,0.573742
1776098337.444682,94.43691849708557,IO -> PLC,0.73538
1776098337.4796097,94.47184634208679,PLC -> IO,0.749702
1776098337.5086803,94.50091695785522,IO -> PLC,0.8383
1776098337.5436122,94.53584885597229,PLC -> IO,0.572152
1776098337.5726779,94.56491446495056,IO -> PLC,0.62066
1776098337.6076148,94.59985136985779,PLC -> IO,0.715072
1776098337.6366765,94.6289131641388,IO -> PLC,0.70832
1776098337.6716175,94.66385412216187,PLC -> IO,0.680392
1776098337.7006752,94.69291186332703,IO -> PLC,0.68203
1776098337.73562,94.72785663604736,PLC -> IO,0.544282
1776098337.7646737,94.75691032409668,IO -> PLC,1.00922
1776098337.7996225,94.79185914993286,PLC -> IO,0.559842
1776098337.8286724,94.82090902328491,IO -> PLC,0.71484
1776098337.8636253,94.85586190223694,PLC -> IO,0.660852
1776098337.8926709,94.88490748405457,IO -> PLC,0.67241
1776098337.9276278,94.91986441612244,PLC -> IO,0.540172
1776098337.9566696,94.9489061832428,IO -> PLC,1.56057
1776098337.9916303,94.98386693000793,PLC -> IO,0.791742
1776098338.020667,95.01290369033813,IO -> PLC,0.65906
1776098338.055633,95.04786968231201,PLC -> IO,0.627862
1776098338.0846658,95.07690238952637,IO -> PLC,0.78342
1776098338.1196356,95.11187219619751,PLC -> IO,0.545182
1776098338.1486642,95.14090085029602,IO -> PLC,0.62834
1776098338.183638,95.17587471008301,PLC -> IO,0.859242
1776098338.212663,95.20489954948425,IO -> PLC,0.60743
1776098338.2476408,95.23987746238708,PLC -> IO,0.891442
1776098338.2766614,95.2688980102539,IO -> PLC,1.06053
1776098338.3116434,95.30387997627258,PLC -> IO,1.058532
1776098338.34066,95.33289670944214,IO -> PLC,0.78873
1776098338.375646,95.36788272857666,PLC -> IO,0.726632
1776098338.4046586,95.39689517021179,IO -> PLC,0.81789
1776098338.4396486,95.43188524246216,PLC -> IO,0.535872
1776098338.4686563,95.46089291572571,IO -> PLC,0.78658
1776098338.5036511,95.49588775634766,PLC -> IO,0.551682
1776098338.5326548,95.52489137649536,IO -> PLC,0.73997
1776098338.567654,95.55989050865173,PLC -> IO,0.686602
1776098338.5966535,95.5888900756836,IO -> PLC,0.80395
1776098338.6316564,95.62389302253723,PLC -> IO,0.558962
1776098338.660652,95.65288853645325,IO -> PLC,0.59967
1776098338.695659,95.68789553642273,PLC -> IO,0.540682
1776098338.7246506,95.71688723564148,IO -> PLC,0.72203
1776098338.7596617,95.7518982887268,PLC -> IO,0.618412
1776098338.788649,95.78088569641113,IO -> PLC,1.32667
1776098338.8236642,95.8159008026123,PLC -> IO,0.539892
1776098338.8526478,95.84488439559937,IO -> PLC,0.81652
1776098338.8876667,95.8799033164978,PLC -> IO,0.784262
1776098338.9166453,95.9088819026947,IO -> PLC,0.85161
1776098338.9516695,95.94390606880188,PLC -> IO,0.612612
1776098338.980644,95.97288060188293,IO -> PLC,0.80182
1776098339.015672,96.00790858268738,PLC -> IO,0.542412
1776098339.0446424,96.03687906265259,IO -> PLC,0.73601
1776098339.0796745,96.07191109657288,PLC -> IO,0.754962
1776098339.1086411,96.10087776184082,IO -> PLC,0.66878
1776098339.1436772,96.13591384887695,PLC -> IO,0.577792
1776098339.1726398,96.16487646102905,IO -> PLC,1.0298
1776098339.2076797,96.19991636276245,PLC -> IO,0.584312
1776098339.2366383,96.2288749217987,IO -> PLC,0.8348
1776098339.2716825,96.26391911506653,PLC -> IO,0.679722
1776098339.300637,96.29287362098694,IO -> PLC,0.68172
1776098339.335685,96.32792162895203,PLC -> IO,0.542072
1776098339.3646355,96.35687208175659,IO -> PLC,0.80624
1776098339.3996875,96.39192414283752,PLC -> IO,0.554502
1776098339.428633,96.42086958885193,IO -> PLC,0.80565
1776098339.4636903,96.4559268951416,PLC -> IO,0.654632
1776098339.4926317,96.48486828804016,IO -> PLC,0.60024
1776098339.5276928,96.5199294090271,PLC -> IO,0.538192
1776098339.5566301,96.54886674880981,IO -> PLC,0.63461
1776098339.5916953,96.5839319229126,PLC -> IO,0.544952
1776098339.6206288,96.61286544799805,IO -> PLC,0.76714
1776098339.655698,96.64793467521667,PLC -> IO,0.626432
1776098339.6846275,96.67686414718628,IO -> PLC,0.79839
1776098339.7197006,96.71193718910217,PLC -> IO,0.559362
1776098339.748626,96.74086260795593,IO -> PLC,0.74579
1776098339.783703,96.77593970298767,PLC -> IO,0.857972
1776098339.8126247,96.80486130714417,IO -> PLC,1.00424
1776098339.8477058,96.83994245529175,PLC -> IO,0.786242
1776098339.8766222,96.8688588142395,IO -> PLC,0.7978
1776098339.9117084,96.90394496917725,PLC -> IO,0.536522
1776098339.9406207,96.93285727500916,IO -> PLC,0.91513
1776098339.975711,96.96794772148132,PLC -> IO,0.726892
1776098340.0046194,96.99685597419739,IO -> PLC,0.96286
1776098340.0397136,97.03195023536682,PLC -> IO,0.559082
1776098340.0686178,97.06085443496704,IO -> PLC,0.8425
1776098340.1037161,97.09595274925232,PLC -> IO,0.643292
1776098340.1326165,97.12485313415527,IO -> PLC,0.95367
1776098340.167719,97.1599555015564,PLC -> IO,0.705022
1776098340.1966152,97.1888518333435,IO -> PLC,0.6745
1776098340.2317214,97.2239580154419,PLC -> IO,0.570102
1776098340.2606137,97.25285029411316,IO -> PLC,0.6279
1776098340.295724,97.28796052932739,PLC -> IO,0.583182
1776098340.3246112,97.3168478012085,IO -> PLC,1.12013
1776098340.3597267,97.35196328163147,PLC -> IO,0.630272
1776098340.38861,97.38084650039673,IO -> PLC,0.65352
1776098340.4237292,97.41596579551697,PLC -> IO,0.535582
1776098340.4526083,97.44484496116638,IO -> PLC,0.62651
1776098340.4877317,97.47996830940247,PLC -> IO,2.073842
1776098340.516607,97.50884366035461,IO -> PLC,1.05714
1776098340.5517344,97.54397106170654,PLC -> IO,0.622942
1776098340.5806055,97.57284212112427,IO -> PLC,0.62956
1776098340.615737,97.60797357559204,PLC -> IO,0.570262
1776098340.6446042,97.6368408203125,IO -> PLC,0.98011
1776098340.6797395,97.67197608947754,PLC -> IO,0.749192
1776098340.708603,97.70083951950073,IO -> PLC,0.97152
1776098340.7437422,97.73597884178162,PLC -> IO,0.578102
1776098340.7726014,97.76483798027039,IO -> PLC,0.91147
1776098340.8077447,97.79998135566711,PLC -> IO,0.570142
1776098340.8365989,97.82883548736572,IO -> PLC,1.11897
1776098340.8717475,97.86398410797119,PLC -> IO,0.716512
1776098340.9005976,97.89283418655396,IO -> PLC,0.76612
1776098340.93575,97.92798662185669,PLC -> IO,0.549672
1776098340.9645963,97.95683288574219,IO -> PLC,0.61199
1776098340.9997525,97.99198913574219,PLC -> IO,0.560202
1776098341.0285947,98.02083134651184,IO -> PLC,0.78677
1776098341.0637553,98.05599188804626,PLC -> IO,0.668882
1776098341.0925934,98.08483004570007,IO -> PLC,0.70833
1776098341.1277578,98.11999440193176,PLC -> IO,0.535232
1776098341.156592,98.14882850646973,IO -> PLC,0.59821
1776098341.1917603,98.18399691581726,PLC -> IO,0.545112
1776098341.2205906,98.21282720565796,IO -> PLC,0.84355
1776098341.255763,98.24799966812134,PLC -> IO,1.626542
1776098341.284588,98.2768247127533,IO -> PLC,0.96391
1776098341.3197656,98.31200218200684,PLC -> IO,1.037042
1776098341.3485868,98.34082341194153,IO -> PLC,1.12197
1776098341.383768,98.37600469589233,PLC -> IO,0.901322
1776098341.4125853,98.40482187271118,IO -> PLC,0.61551
1776098341.4477708,98.44000744819641,PLC -> IO,0.805992
1776098341.476584,98.46882057189941,IO -> PLC,0.66644
1776098341.5117733,98.50400996208191,PLC -> IO,0.710032
1776098341.5405824,98.53281903266907,IO -> PLC,0.62488
1776098341.5757759,98.56801247596741,PLC -> IO,0.742552
1776098341.604581,98.5968177318573,IO -> PLC,0.6162
1776098341.6397786,98.63201522827148,PLC -> IO,0.572762
1776098341.6685796,98.66081619262695,IO -> PLC,0.63409
1776098341.7037811,98.69601774215698,PLC -> IO,0.702332
1776098341.7325773,98.72481393814087,IO -> PLC,0.81182
1776098341.7677839,98.76002049446106,PLC -> IO,0.735892
1776098341.7965758,98.78881239891052,IO -> PLC,0.79603
1776098341.8317864,98.82402300834656,PLC -> IO,0.573132
1776098341.8605745,98.85281109809875,IO -> PLC,0.84256
1776098341.895789,98.88802552223206,PLC -> IO,0.576452
1776098341.924573,98.91680955886841,IO -> PLC,0.84515
1776098341.9597917,98.95202827453613,PLC -> IO,0.646092
1776098341.9885716,98.98080825805664,IO -> PLC,0.76472
1776098342.0237942,99.01603078842163,PLC -> IO,0.553812
1776098342.05257,99.0448067188263,IO -> PLC,0.80925
1776098342.0877967,99.08003330230713,PLC -> IO,0.564252
1776098342.1165688,99.10880541801453,IO -> PLC,0.76489
1776098342.1517994,99.1440360546112,PLC -> IO,0.639572
1776098342.1805663,99.17280292510986,IO -> PLC,1.00687
1776098342.215802,99.2080385684967,PLC -> IO,0.538402
1776098342.244565,99.2368016242981,IO -> PLC,0.95522
1776098342.2798045,99.2720410823822,PLC -> IO,0.774132
1776098342.3085635,99.30080008506775,IO -> PLC,0.65254
1776098342.3438072,99.33604383468628,PLC -> IO,0.593702
1776098342.3725622,99.36479878425598,IO -> PLC,1.27261
1776098342.4078097,99.40004634857178,PLC -> IO,0.547902
1776098342.4365606,99.42879724502563,IO -> PLC,0.77655
1776098342.4718122,99.46404886245728,PLC -> IO,0.720342
1776098342.5005593,99.49279594421387,IO -> PLC,0.95213
1776098342.535815,99.52805161476135,PLC -> IO,0.556222
1776098342.564558,99.5567946434021,IO -> PLC,0.88201
1776098342.5998175,99.59205412864685,PLC -> IO,0.571302
1776098342.6285565,99.62079310417175,IO -> PLC,0.81797
1776098342.6638203,99.65605688095093,PLC -> IO,0.680312
1776098342.692554,99.68479061126709,IO -> PLC,0.83082
1776098342.7278228,99.72005939483643,PLC -> IO,0.688042
1776098342.7565527,99.74878931045532,IO -> PLC,0.8803
1776098342.7918253,99.78406190872192,PLC -> IO,0.700162
1776098342.8205512,99.81278777122498,IO -> PLC,0.82362
1776098342.855828,99.848064661026,PLC -> IO,0.638922
1776098342.8845499,99.87678647041321,IO -> PLC,0.6235
1776098342.9198306,99.9120671749115,PLC -> IO,0.534492
1776098342.9485486,99.94078516960144,IO -> PLC,0.82763
1776098342.983833,99.976069688797,PLC -> IO,0.908862
1776098343.012547,100.0047836303711,IO -> PLC,0.62135
1776098343.0478358,100.04007244110107,PLC -> IO,0.897222
1776098343.0765457,100.06878232955933,IO -> PLC,0.78461
1776098343.1118383,100.10407495498657,PLC -> IO,0.699412
1776098343.1405432,100.13277983665466,IO -> PLC,0.77384
1776098343.1758409,100.16807746887207,PLC -> IO,0.754172
1776098343.2045417,100.19677829742432,IO -> PLC,0.62492
1776098343.2398436,100.23208022117615,PLC -> IO,0.585482
1776098343.2685404,100.26077699661255,IO -> PLC,0.97451
1776098343.3038461,100.29608273506165,PLC -> IO,0.549922
1776098343.3325388,100.3247754573822,IO -> PLC,0.83694
1776098343.3678486,100.36008524894714,PLC -> IO,0.763412
1776098343.3965375,100.38877415657043,IO -> PLC,0.62554
1776098343.4318514,100.42408800125122,PLC -> IO,0.764252
1776098343.4605362,100.45277285575867,IO -> PLC,0.72214
1776098343.495854,100.48809051513672,PLC -> IO,0.569252
1776098343.5245347,100.51677131652832,IO -> PLC,0.65107
1776098343.5598567,100.5520932674408,PLC -> IO,0.658422
1776098343.5885322,100.58076882362366,IO -> PLC,0.62087
1776098343.6238592,100.6160957813263,PLC -> IO,0.536692
1776098343.652531,100.64476752281189,IO -> PLC,0.68588
1776098343.6878617,100.68009829521179,PLC -> IO,0.567222
1776098343.7165294,100.70876598358154,IO -> PLC,0.82681
1776098343.7518644,100.74410104751587,PLC -> IO,0.657422
1776098343.780528,100.77276468276978,IO -> PLC,0.63565
1776098343.815867,100.80810356140137,PLC -> IO,0.538662
1776098343.8445265,100.83676314353943,IO -> PLC,0.97202
1776098343.8798695,100.87210607528687,PLC -> IO,0.819112
1776098343.9085252,100.90076184272766,IO -> PLC,0.61726
1776098343.9438722,100.93610882759094,PLC -> IO,0.623142
1776098343.972524,100.9647605419159,IO -> PLC,0.62187
1776098344.0078747,101.00011134147644,PLC -> IO,0.566472
1776098344.0365224,101.02875900268555,IO -> PLC,0.63366
1776098344.0718772,101.06411385536194,PLC -> IO,0.734272
1776098344.10052,101.09275650978088,IO -> PLC,0.83612
1776098344.13588,101.12811660766602,PLC -> IO,0.564552
1776098344.1645186,101.15675520896912,IO -> PLC,0.79641
1776098344.1998825,101.19211912155151,PLC -> IO,0.560112
1776098344.228517,101.22075366973877,IO -> PLC,0.6086
1776098344.263885,101.25612163543701,PLC -> IO,0.706242
1776098344.2925158,101.284752368927,IO -> PLC,0.62657
1776098344.3278878,101.32012438774109,PLC -> IO,0.528672
1776098344.3565142,101.34875082969666,IO -> PLC,0.7591
1776098344.3918903,101.38412690162659,PLC -> IO,0.552082
1776098344.420513,101.41274952888489,IO -> PLC,1.12028
1776098344.455893,101.44812965393066,PLC -> IO,0.667562
1776098344.4845116,101.47674822807312,IO -> PLC,0.63102
1776098344.5198956,101.51213216781616,PLC -> IO,0.550482
1776098344.5485091,101.54074573516846,IO -> PLC,0.73818
1776098344.583898,101.57613468170166,PLC -> IO,0.663092
1776098344.6125078,101.60474443435669,IO -> PLC,0.83176
1776098344.6479008,101.64013743400574,PLC -> IO,0.836732
1776098344.6765063,101.66874289512634,IO -> PLC,0.63572
1776098344.7119033,101.70413994789124,PLC -> IO,0.539642
1776098344.740505,101.73274159431458,IO -> PLC,0.69872
1776098344.7759058,101.76814246177673,PLC -> IO,0.778652
1776098344.8045034,101.79674005508423,IO -> PLC,0.86821
1776098344.8399086,101.83214521408081,PLC -> IO,0.596442
1776098344.8685021,101.86073875427246,IO -> PLC,0.61993
1776098344.903911,101.89614772796631,PLC -> IO,0.583602
1776098344.9325006,101.92473721504211,IO -> PLC,0.65309
1776098344.9679136,101.9601502418518,PLC -> IO,0.769812
1776098344.9964983,101.98873496055603,IO -> PLC,0.62706
1776098345.0319164,102.02415299415588,PLC -> IO,0.615142
1776098345.0604968,102.05273342132568,IO -> PLC,0.98624
1776098345.095919,102.08815550804138,PLC -> IO,0.659192
1776098345.1244955,102.11673212051392,IO -> PLC,0.64954
1776098345.1599214,102.15215802192688,PLC -> IO,0.678432
1776098345.188494,102.18073058128357,IO -> PLC,0.82944
1776098345.2239242,102.21616077423096,PLC -> IO,0.527502
1776098345.2524927,102.2447292804718,IO -> PLC,0.61892
1776098345.2879267,102.28016328811646,PLC -> IO,0.572432
1776098345.3164911,102.30872774124146,IO -> PLC,0.6152
1776098345.3519294,102.34416604042053,PLC -> IO,0.670472
1776098345.3804898,102.37272644042969,IO -> PLC,0.82062
1776098345.415932,102.40816855430603,PLC -> IO,0.535952
1776098345.4444873,102.43672394752502,IO -> PLC,0.80466
1776098345.4799345,102.47217106819153,PLC -> IO,0.545602
1776098345.508486,102.50072264671326,IO -> PLC,0.60149
1776098345.5439372,102.5361738204956,PLC -> IO,0.613642
1776098345.5724845,102.56472110748291,IO -> PLC,0.6225
1776098345.6079397,102.6001763343811,PLC -> IO,0.566242
1776098345.6364832,102.62871980667114,IO -> PLC,0.8452
1776098345.6719422,102.6641788482666,PLC -> IO,0.762532
1776098345.7004817,102.6927182674408,IO -> PLC,0.99108
1776098345.735945,102.72818160057068,PLC -> IO,0.585202
1776098345.7644804,102.75671696662903,IO -> PLC,0.62
1776098345.7999475,102.79218411445618,PLC -> IO,0.541962
1776098345.8284788,102.82071542739868,IO -> PLC,0.71157
1776098345.86395,102.85618662834167,PLC -> IO,0.723692
1776098345.8924775,102.88471412658691,IO -> PLC,0.80633
1776098345.9279528,102.92018938064575,PLC -> IO,0.547012
1776098345.956475,102.94871163368225,IO -> PLC,0.8847
1776098345.9919553,102.98419189453125,PLC -> IO,0.552002
1776098346.0204737,103.01271033287048,IO -> PLC,0.68434
1776098346.0559578,103.04819440841675,PLC -> IO,0.693972
1776098346.0844722,103.07670879364014,IO -> PLC,0.68702
1776098346.1199605,103.11219716072083,PLC -> IO,0.847452
1776098346.1484709,103.14070749282837,IO -> PLC,0.86052
1776098346.183963,103.17619967460632,PLC -> IO,0.672452
1776098346.2124693,103.20470595359802,IO -> PLC,0.66639
1776098346.2479656,103.24020218849182,PLC -> IO,0.923142
1776098346.276468,103.26870465278625,IO -> PLC,0.64235
1776098346.3119683,103.3042049407959,PLC -> IO,0.534052
1776098346.3404667,103.33270335197449,IO -> PLC,0.97777
1776098346.3759708,103.3682074546814,PLC -> IO,0.792112
1776098346.4044642,103.39670085906982,IO -> PLC,0.61973
1776098346.4399736,103.43221020698547,PLC -> IO,0.589982
1776098346.4684627,103.46069931983948,IO -> PLC,0.77001
1776098346.503976,103.49621272087097,PLC -> IO,0.722912
1776098346.5324614,103.52469801902771,IO -> PLC,0.78774
1776098346.5679786,103.56021523475647,PLC -> IO,0.791112
1776098346.5964599,103.58869647979736,IO -> PLC,0.77299
1776098346.6319814,103.62421798706055,PLC -> IO,0.601312
1776098346.6604586,103.6526951789856,IO -> PLC,0.78591
1776098346.695984,103.68822050094604,PLC -> IO,0.571032
1776098346.7244573,103.71669387817383,IO -> PLC,0.79563
1776098346.7599864,103.75222301483154,PLC -> IO,0.722672
1776098346.7884557,103.78069233894348,IO -> PLC,0.60975
1776098346.8239892,103.81622576713562,PLC -> IO,0.523202
1776098346.8524532,103.84468984603882,IO -> PLC,0.82948
1776098346.8879917,103.88022828102112,PLC -> IO,0.563972
1776098346.916452,103.90868854522705,IO -> PLC,0.78257
1776098346.9519942,103.94423079490662,PLC -> IO,0.710662
1776098346.9804504,103.9726870059967,IO -> PLC,0.87742
1776098347.015997,104.0082335472107,PLC -> IO,0.545812
1776098347.044449,104.03668570518494,IO -> PLC,0.62089
1776098347.0799994,104.07223606109619,PLC -> IO,0.565052
1776098347.1084476,104.10068416595459,IO -> PLC,0.69414
1776098347.144002,104.13623857498169,PLC -> IO,0.647262
1776098347.1724463,104.16468286514282,IO -> PLC,0.59938
1776098347.2080047,104.20024132728577,PLC -> IO,0.537942
1776098347.236445,104.22868156433105,IO -> PLC,0.63671
1776098347.2720072,104.26424384117126,PLC -> IO,0.953352
1776098347.3004434,104.29268002510071,IO -> PLC,0.8074
1776098347.3360097,104.32824635505676,PLC -> IO,0.611072
1776098347.364441,104.35667753219604,IO -> PLC,0.63576
1776098347.4000125,104.39224910736084,PLC -> IO,0.543912
1776098347.4284396,104.42067623138428,IO -> PLC,0.61684
1776098347.464015,104.45625162124634,PLC -> IO,0.746202
1776098347.492438,104.48467469215393,IO -> PLC,0.6256
1776098347.5280178,104.52025437355042,PLC -> IO,0.577032
1776098347.5564368,104.54867339134216,IO -> PLC,0.62101
1776098347.5920203,104.58425688743591,PLC -> IO,0.578682
1776098347.6204352,104.61267185211182,IO -> PLC,1.03932
1776098347.6560228,104.64825940132141,PLC -> IO,0.701122
1776098347.684434,104.67667055130005,IO -> PLC,0.63742
1776098347.7200255,104.71226215362549,PLC -> IO,0.528992
1776098347.7484326,104.74066925048828,IO -> PLC,0.78851
1776098347.784028,104.77626466751099,PLC -> IO,0.675842
1776098347.8124301,104.80466675758362,IO -> PLC,0.7808
1776098347.8480306,104.84026718139648,PLC -> IO,0.850612
1776098347.8764286,104.86866521835327,IO -> PLC,0.60907
1776098347.9120333,104.90426993370056,PLC -> IO,0.664562
1776098347.9404273,104.9326639175415,IO -> PLC,0.63224
1776098347.9760358,104.96827244758606,PLC -> IO,0.714532
1776098348.0044258,104.99666237831116,IO -> PLC,0.74229
1776098348.0400383,105.03227496147156,PLC -> IO,0.630812
1776098348.0684245,105.06066107749939,IO -> PLC,0.79202
1776098348.104041,105.09627771377563,PLC -> IO,0.648932
1776098348.132423,105.12465953826904,IO -> PLC,0.63677
1776098348.1680436,105.16028022766113,PLC -> IO,0.799292
1776098348.1964216,105.18865823745728,IO -> PLC,0.7101
1776098348.2320461,105.22428274154663,PLC -> IO,0.603082
1776098348.2604191,105.25265574455261,IO -> PLC,0.75351
1776098348.2960489,105.28828549385071,PLC -> IO,0.560722
1776098348.3244178,105.31665444374084,IO -> PLC,0.68539
1776098348.3600514,105.3522880077362,PLC -> IO,0.737102
1776098348.3884163,105.3806529045105,IO -> PLC,0.68296
1776098348.4240541,105.41629076004028,PLC -> IO,0.545302
1776098348.452415,105.44465160369873,IO -> PLC,0.76525
1776098348.4880567,105.48029327392578,PLC -> IO,2.023472
1776098348.5164137,105.50865030288696,IO -> PLC,0.62568
1776098348.5520592,105.54429578781128,PLC -> IO,0.704842
1776098348.5804121,105.57264876365662,IO -> PLC,0.64957
1776098348.616062,105.60829854011536,PLC -> IO,0.473832
1776098348.6444108,105.63664746284485,IO -> PLC,0.98523
1776098348.6800644,105.67230105400085,PLC -> IO,0.549002
1776098348.7084084,105.70064496994019,IO -> PLC,0.62813
1776098348.744067,105.73630356788635,PLC -> IO,0.648332
1776098348.772407,105.76464366912842,IO -> PLC,0.86115
1776098348.8080697,105.80030632019043,PLC -> IO,0.549812
1776098348.8364055,105.82864212989807,IO -> PLC,0.63223
1776098348.8720722,105.86430883407593,PLC -> IO,0.798742
1776098348.9004111,105.8926477432251,IO -> PLC,1.1439
1776098348.9360747,105.92831134796143,PLC -> IO,0.624202
1776098348.9644027,105.95663928985596,IO -> PLC,0.84008
1776098349.0000775,105.9923141002655,PLC -> IO,0.540482
1776098349.0284014,106.02063798904419,IO -> PLC,0.79173
1776098349.06408,106.056316614151,PLC -> IO,0.756382
1776098349.0923998,106.08463644981384,IO -> PLC,0.75201
1776098349.1280825,106.1203191280365,PLC -> IO,1.011622
1776098349.1563985,106.14863514900208,IO -> PLC,0.84166
1776098349.1920853,106.18432188034058,PLC -> IO,0.556852
1776098349.220396,106.21263265609741,IO -> PLC,0.62321
1776098349.2560878,106.24832439422607,PLC -> IO,0.722412
1776098349.2843947,106.27663135528564,IO -> PLC,1.00664
1776098349.3200903,106.31232690811157,PLC -> IO,0.549892
1776098349.3483932,106.3406298160553,IO -> PLC,0.87084
1776098349.384093,106.37632966041565,PLC -> IO,0.692412
1776098349.412392,106.40462851524353,IO -> PLC,0.89792
1776098349.4480956,106.44033217430115,PLC -> IO,0.877342
1776098349.4763904,106.46862697601318,IO -> PLC,0.69564
1776098349.5120983,106.50433492660522,PLC -> IO,0.543372
1776098349.540389,106.53262567520142,IO -> PLC,0.67176
1776098349.5761008,106.56833744049072,PLC -> IO,0.556292
1776098349.6043875,106.59662413597107,IO -> PLC,0.76141
1776098349.6401033,106.63233995437622,PLC -> IO,0.621372
1776098349.6683853,106.66062188148499,IO -> PLC,0.67889
1776098349.704106,106.6963427066803,PLC -> IO,0.540132
1776098349.7323837,106.72462034225464,IO -> PLC,0.77766
1776098349.7681086,106.7603452205658,PLC -> IO,0.821782
1776098349.7963824,106.78861904144287,IO -> PLC,0.8305
1776098349.8321111,106.8243477344513,PLC -> IO,0.656142
1776098349.860381,106.85261750221252,IO -> PLC,0.63542
1776098349.8961139,106.88835048675537,PLC -> IO,0.546652
1776098349.9243796,106.91661620140076,IO -> PLC,0.62475
1776098349.9601164,106.95235300064087,PLC -> IO,0.734702
1776098349.988378,106.98061466217041,IO -> PLC,1.04394
1776098350.024119,107.01635551452637,PLC -> IO,0.561132
1776098350.0523767,107.04461336135864,IO -> PLC,0.86324
1776098350.0881217,107.08035826683044,PLC -> IO,0.579182
1776098350.1163743,107.10861086845398,IO -> PLC,0.79217
1776098350.1521242,107.14436078071594,PLC -> IO,0.718102
1776098350.180373,107.17260956764221,IO -> PLC,0.76278
1776098350.2161267,107.20836329460144,PLC -> IO,0.543982
1776098350.2443714,107.23660802841187,IO -> PLC,0.86571
1776098350.2801294,107.27236604690552,PLC -> IO,0.561782
1776098350.30837,107.3006067276001,IO -> PLC,0.62757
1776098350.344132,107.33636856079102,PLC -> IO,0.661432
1776098350.3723686,107.36460518836975,IO -> PLC,0.73995
1776098350.4081345,107.40037107467651,PLC -> IO,0.558582
1776098350.4363673,107.42860388755798,IO -> PLC,0.7988
1776098350.4721372,107.46437382698059,PLC -> IO,0.565032
1776098350.5003657,107.49260234832764,IO -> PLC,1.05421
1776098350.5361397,107.52837634086609,PLC -> IO,0.621152
1776098350.5643644,107.55660104751587,IO -> PLC,0.71376
1776098350.6001425,107.59237909317017,PLC -> IO,0.544712
1776098350.628362,107.6205985546112,IO -> PLC,0.60668
1776098350.664145,107.65638160705566,PLC -> IO,0.758362
1776098350.6923606,107.68459725379944,IO -> PLC,0.57049
1776098350.7281475,107.72038412094116,PLC -> IO,0.613912
1776098350.756359,107.74859571456909,IO -> PLC,0.67941
1776098350.7921503,107.78438687324524,PLC -> IO,0.535552
1776098350.8203578,107.81259441375732,IO -> PLC,0.65434
1776098350.8561528,107.84838938713074,PLC -> IO,0.752572
1776098350.8843563,107.87659287452698,IO -> PLC,0.63742
1776098350.9201553,107.91239190101624,PLC -> IO,0.570362
1776098350.948355,107.94059157371521,IO -> PLC,0.64202
1776098350.984158,107.97639465332031,PLC -> IO,0.689452
1776098351.0123537,108.00459027290344,IO -> PLC,0.62511
1776098351.0481606,108.04039716720581,PLC -> IO,0.889192
1776098351.076351,108.0685875415802,IO -> PLC,0.82236
1776098351.112163,108.10439968109131,PLC -> IO,0.543142
1776098351.1403496,108.13258624076843,IO -> PLC,0.62504
1776098351.1761658,108.16840243339539,PLC -> IO,0.562062
1776098351.2043483,108.19658493995667,IO -> PLC,0.641
1776098351.2401683,108.23240494728088,PLC -> IO,0.644042
1776098351.2683468,108.26058340072632,IO -> PLC,0.79714
1776098351.3041708,108.29640746116638,PLC -> IO,0.532082
1776098351.3323455,108.32458209991455,IO -> PLC,0.61942
1776098351.3681736,108.36041021347046,PLC -> IO,0.576772
1776098351.396344,108.3885805606842,IO -> PLC,0.78915
1776098351.432176,108.42441272735596,PLC -> IO,0.659052
1776098351.4603426,108.45257925987244,IO -> PLC,0.75775
1776098351.4961786,108.48841524124146,PLC -> IO,0.552932
1776098351.5243402,108.51657676696777,IO -> PLC,0.61179
1776098351.5601814,108.55241799354553,PLC -> IO,0.758822
1776098351.5883389,108.580575466156,IO -> PLC,0.61951
1776098351.624184,108.61642050743103,PLC -> IO,0.582692
1776098351.6523373,108.64457392692566,IO -> PLC,0.73261
1776098351.6881866,108.68042325973511,PLC -> IO,0.566812
1776098351.716336,108.70857262611389,IO -> PLC,0.82033
1776098351.7521892,108.7444257736206,PLC -> IO,0.733262
1776098351.7803345,108.77257108688354,IO -> PLC,0.69293
1776098351.8161917,108.8084282875061,PLC -> IO,0.551222
1776098351.8443332,108.83656978607178,IO -> PLC,0.69234
1776098351.8801944,108.87243103981018,PLC -> IO,0.566942
1776098351.9083316,108.90056824684143,IO -> PLC,0.80334
1776098351.944197,108.93643355369568,PLC -> IO,0.675152
1776098351.9723294,108.96456599235535,IO -> PLC,0.61738
1776098352.0081995,109.00043606758118,PLC -> IO,0.549432
1776098352.0363278,109.028564453125,IO -> PLC,0.67327
1776098352.0722022,109.06443881988525,PLC -> IO,0.717642
1776098352.1003265,109.09256315231323,IO -> PLC,0.77108
1776098352.1362047,109.12844133377075,PLC -> IO,1.174652
1776098352.164325,109.15656161308289,IO -> PLC,0.61079
1776098352.2002072,109.19244384765625,PLC -> IO,0.562342
1776098352.2283237,109.22056031227112,IO -> PLC,0.6502
1776098352.26421,109.25644659996033,PLC -> IO,0.776322
1776098352.2923222,109.28455877304077,IO -> PLC,0.63345
1776098352.3282125,109.32044911384583,PLC -> IO,0.593552
1776098352.3563209,109.348557472229,IO -> PLC,0.80374
1776098352.392215,109.38445162773132,PLC -> IO,0.532632
1776098352.4203193,109.41255593299866,IO -> PLC,0.60785
1776098352.4562178,109.4484543800354,PLC -> IO,0.746282
1776098352.484317,109.47655367851257,IO -> PLC,0.79463
1776098352.5202203,109.5124568939209,PLC -> IO,0.595752
1776098352.5483155,109.54055213928223,IO -> PLC,0.77163
1776098352.5842228,109.5764594078064,PLC -> IO,0.668202
1776098352.6123142,109.60455083847046,IO -> PLC,0.63087
1776098352.6482255,109.64046216011047,PLC -> IO,0.907062
1776098352.6763127,109.66854929924011,IO -> PLC,0.67531
1776098352.712228,109.70446467399597,PLC -> IO,0.519962
1776098352.7403114,109.73254799842834,IO -> PLC,0.73824
1776098352.7762308,109.76846742630005,PLC -> IO,0.576802
1776098352.8043098,109.796546459198,IO -> PLC,0.79109
1776098352.8402333,109.83246994018555,PLC -> IO,0.665822
1776098352.8683085,109.86054515838623,IO -> PLC,0.70466
1776098352.9042358,109.89647245407104,PLC -> IO,0.569462
1776098352.932306,109.92454266548157,IO -> PLC,0.70709
1776098352.9682386,109.96047520637512,PLC -> IO,0.575902
1776098352.9963048,109.9885413646698,IO -> PLC,0.79867
1776098353.032241,110.02447772026062,PLC -> IO,0.668902
1776098353.0603032,110.05253982543945,IO -> PLC,0.62518
1776098353.0962436,110.08848023414612,PLC -> IO,0.556852
1776098353.124302,110.11653852462769,IO -> PLC,0.68003
1776098353.1602464,110.1524829864502,PLC -> IO,0.775872
1776098353.1883004,110.18053698539734,IO -> PLC,0.77064
1776098353.224249,110.2164855003357,PLC -> IO,0.599992
1776098353.252299,110.24453568458557,IO -> PLC,0.64412
1776098353.2882514,110.28048801422119,PLC -> IO,0.546432
1776098353.3162975,110.30853414535522,IO -> PLC,0.79209
1776098353.3522542,110.34449076652527,PLC -> IO,0.748552
1776098353.3802953,110.37253189086914,IO -> PLC,0.64837
1776098353.4162567,110.40849328041077,PLC -> IO,0.581392
1776098353.4442937,110.4365303516388,IO -> PLC,0.70809
1776098353.4802592,110.47249579429626,PLC -> IO,0.578162
1776098353.5082924,110.50052905082703,IO -> PLC,0.60821
1776098353.544262,110.53649854660034,PLC -> IO,0.692362
1776098353.572291,110.56452751159668,IO -> PLC,0.76043
1776098353.6082644,110.60050106048584,PLC -> IO,0.528882
1776098353.6362896,110.62852621078491,IO -> PLC,0.78248
1776098353.672267,110.66450357437134,PLC -> IO,0.549892
1776098353.700288,110.69252467155457,IO -> PLC,0.8218
1776098353.7362697,110.72850632667542,PLC -> IO,0.668252
1776098353.7642868,110.7565233707428,IO -> PLC,0.61447
1776098353.8002722,110.79250884056091,PLC -> IO,0.549412
1776098353.8282852,110.82052183151245,IO -> PLC,0.75229
1776098353.8642747,110.85651135444641,PLC -> IO,0.553282
1776098353.892283,110.88451957702637,IO -> PLC,0.78346
1776098353.9282775,110.92051410675049,PLC -> IO,0.604522
1776098353.9562814,110.94851803779602,IO -> PLC,0.71341
1776098353.99228,110.98451662063599,PLC -> IO,0.535212
1776098354.0202801,111.01251673698425,IO -> PLC,0.72402
1776098354.0562828,111.04851937294006,PLC -> IO,0.762452
1776098354.0842786,111.0765151977539,IO -> PLC,0.80351
1776098354.1202853,111.11252188682556,PLC -> IO,0.598562
1776098354.1482773,111.14051389694214,IO -> PLC,0.88164
1776098354.1842878,111.17652440071106,PLC -> IO,0.536442
1776098354.2122757,111.20451235771179,IO -> PLC,1.10762
1776098354.2482905,111.24052715301514,PLC -> IO,1.080752
1776098354.2762744,111.26851105690002,IO -> PLC,0.64011
1776098354.312293,111.30452966690063,PLC -> IO,0.546942
1776098354.340272,111.33250856399536,IO -> PLC,0.61296
1776098354.3762956,111.36853218078613,PLC -> IO,0.570662
1776098354.4042706,111.3965072631836,IO -> PLC,0.66781
1776098354.4402983,111.43253493309021,PLC -> IO,0.663822
1776098354.4682693,111.46050596237183,IO -> PLC,0.78602
1776098354.5043008,111.49653744697571,PLC -> IO,0.533472
1776098354.5322678,111.52450442314148,IO -> PLC,0.82646
1776098354.5683033,111.5605399608612,PLC -> IO,0.582312
1776098354.5962665,111.58850312232971,IO -> PLC,0.6405
1776098354.632306,111.62454271316528,PLC -> IO,0.661162
1776098354.660265,111.65250158309937,IO -> PLC,0.70975
1776098354.6963086,111.68854522705078,PLC -> IO,0.532392
1776098354.7242637,111.7165002822876,IO -> PLC,0.79732
1776098354.7603111,111.75254774093628,PLC -> IO,0.790612
1776098354.7882612,111.78049778938293,IO -> PLC,0.61655
1776098354.8243139,111.81655049324036,PLC -> IO,0.615452
1776098354.8522596,111.84449625015259,IO -> PLC,0.62516
1776098354.8883164,111.88055300712585,PLC -> IO,0.541562
1776098354.9162583,111.90849494934082,IO -> PLC,0.76185
1776098354.952319,111.94455552101135,PLC -> IO,0.770802
1776098354.980257,111.97249364852905,IO -> PLC,0.77678
1776098355.0163217,112.00855827331543,PLC -> IO,0.583412
1776098355.0442555,112.0364921092987,IO -> PLC,0.94027
1776098355.0803242,112.07256078720093,PLC -> IO,0.555372
1776098355.1082542,112.10049080848694,IO -> PLC,0.73286
1776098355.144327,112.136563539505,PLC -> IO,1.335672
1776098355.1722527,112.16448926925659,IO -> PLC,0.6033
1776098355.2083294,112.2005660533905,PLC -> IO,0.538562
1776098355.2362502,112.22848677635193,IO -> PLC,0.61911
1776098355.272332,112.264568567276,PLC -> IO,0.563172
1776098355.3002489,112.29248547554016,IO -> PLC,0.7066
1776098355.3363347,112.32857131958008,PLC -> IO,0.662812
1776098355.3642473,112.35648393630981,IO -> PLC,0.68575
1776098355.4003372,112.39257383346558,PLC -> IO,0.547572
1776098355.428246,112.42048263549805,IO -> PLC,0.61548
1776098355.4643397,112.45657634735107,PLC -> IO,0.552332
1776098355.4922447,112.48448133468628,IO -> PLC,0.65793
1776098355.5283425,112.52057909965515,PLC -> IO,0.621822
1776098355.5562432,112.54847979545593,IO -> PLC,0.64525
1776098355.592345,112.58458161354065,PLC -> IO,0.547692
1776098355.6202419,112.61247849464417,IO -> PLC,0.63449
1776098355.6563475,112.64858412742615,PLC -> IO,0.781502
1776098355.6842403,112.67647695541382,IO -> PLC,0.79583
1776098355.7203503,112.71258687973022,PLC -> IO,0.606662
1776098355.7482378,112.74047446250916,IO -> PLC,0.61498
1776098355.7843528,112.77658939361572,PLC -> IO,0.555512
1776098355.8122365,112.80447316169739,IO -> PLC,0.80304
1776098355.8483553,112.84059190750122,PLC -> IO,0.919232
1776098355.876235,112.86847162246704,IO -> PLC,0.61804
1776098355.912358,112.9045946598053,PLC -> IO,0.673112
1776098355.9402337,112.93247032165527,IO -> PLC,0.62896
1776098355.9763606,112.9685971736908,PLC -> IO,0.563072
1776098356.0042324,112.9964690208435,IO -> PLC,0.78397
1776098356.040363,113.0325996875763,PLC -> IO,0.697282
1776098356.0682309,113.06046748161316,IO -> PLC,0.80802
1776098356.1043658,113.09660243988037,PLC -> IO,0.522992
1776098356.1322296,113.12446618080139,IO -> PLC,0.73798
1776098356.1683683,113.16060495376587,PLC -> IO,0.583912
1776098356.196227,113.18846368789673,IO -> PLC,0.74875
1776098356.2323709,113.22460746765137,PLC -> IO,0.681242
1776098356.2602255,113.25246214866638,IO -> PLC,0.59654
1776098356.2963736,113.28861021995544,PLC -> IO,0.530882
1776098356.3242242,113.31646084785461,IO -> PLC,0.61547
1776098356.3603761,113.35261273384094,PLC -> IO,0.563402
1776098356.3882227,113.38045930862427,IO -> PLC,0.71536
1776098356.4243789,113.41661548614502,PLC -> IO,0.625682
1776098356.4522214,113.4444580078125,IO -> PLC,0.6974
1776098356.4883814,113.48061800003052,PLC -> IO,2.213622
1776098356.51622,113.50845670700073,IO -> PLC,0.68992
1776098356.552384,113.54462051391602,PLC -> IO,0.784102
1776098356.5802186,113.57245516777039,IO -> PLC,0.90734
1776098356.6163867,113.60862326622009,PLC -> IO,0.602772
1776098356.644216,113.63645267486572,IO -> PLC,0.76666
1776098356.6803892,113.67262578010559,PLC -> IO,0.551052
1776098356.7082148,113.70045137405396,IO -> PLC,0.67598
1776098356.7443917,113.73662829399109,PLC -> IO,0.919102
1776098356.7722132,113.76444983482361,IO -> PLC,0.65611
1776098356.8083944,113.80063104629517,PLC -> IO,0.554172
1776098356.836212,113.82844853401184,IO -> PLC,0.6279
1776098356.872397,113.86463356018066,PLC -> IO,0.561252
1776098356.9002104,113.8924469947815,IO -> PLC,0.62835
1776098356.9363995,113.92863607406616,PLC -> IO,0.740902
1776098356.964209,113.95644569396973,IO -> PLC,0.63096
1776098357.0004022,113.99263882637024,PLC -> IO,0.544062
1776098357.0282078,114.02044439315796,IO -> PLC,0.65908
1776098357.0644047,114.05664134025574,PLC -> IO,0.572422
1776098357.0922062,114.08444285392761,IO -> PLC,0.89002
1776098357.1284072,114.12064385414124,PLC -> IO,0.632702
1776098357.1562037,114.14844036102295,IO -> PLC,0.61205
1776098357.19241,114.18464660644531,PLC -> IO,0.529302
1776098357.2202024,114.21243906021118,IO -> PLC,0.63817
1776098357.2564125,114.24864912033081,PLC -> IO,0.801032
1776098357.284201,114.27643752098083,IO -> PLC,1.05432
1776098357.320415,114.31265163421631,PLC -> IO,0.622432
1776098357.3481996,114.34043622016907,IO -> PLC,0.69651
1776098357.3844178,114.37665438652039,PLC -> IO,0.534132
1776098357.412198,114.40443468093872,IO -> PLC,0.64079
1776098357.4484203,114.44065690040588,PLC -> IO,0.930512
1776098357.4761968,114.46843338012695,IO -> PLC,0.72619
1776098357.5124228,114.50465941429138,PLC -> IO,0.577982
1776098357.5401955,114.53243207931519,IO -> PLC,0.80769
1776098357.5764256,114.56866216659546,PLC -> IO,0.558662
1776098357.604193,114.59642958641052,IO -> PLC,0.62684
1776098357.640428,114.63266468048096,PLC -> IO,0.716472
1776098357.6681914,114.66042804718018,IO -> PLC,0.72986
1776098357.7044306,114.69666719436646,PLC -> IO,0.549242
1776098357.7321901,114.72442674636841,IO -> PLC,0.73742
1776098357.7684333,114.76066994667053,PLC -> IO,0.578322
1776098357.7961886,114.78842520713806,IO -> PLC,1.09236
1776098357.8324358,114.82467246055603,PLC -> IO,0.683572
1776098357.8601873,114.8524239063263,IO -> PLC,0.66774
1776098357.8964386,114.88867521286011,PLC -> IO,0.539142
1776098357.9241858,114.91642236709595,IO -> PLC,0.63571
1776098357.960441,114.9526777267456,PLC -> IO,0.570622
1776098357.9881845,114.98042106628418,IO -> PLC,0.60935
1776098358.0244436,115.0166802406311,PLC -> IO,0.648502
1776098358.052182,115.04441857337952,IO -> PLC,0.65196
1776098358.0884464,115.08068299293518,PLC -> IO,0.542782
1776098358.1161807,115.10841727256775,IO -> PLC,0.87377
1776098358.152449,115.14468550682068,PLC -> IO,1.432782
1776098358.1801794,115.17241597175598,IO -> PLC,0.60892
1776098358.2164514,115.20868802070618,PLC -> IO,0.629592
1776098358.2441778,115.23641443252563,IO -> PLC,0.8317
1776098358.2804542,115.27269077301025,PLC -> IO,0.548672
1776098358.3081765,115.30041313171387,IO -> PLC,0.62326
1776098358.3444567,115.33669328689575,PLC -> IO,0.742002
1776098358.372175,115.36441159248352,IO -> PLC,0.79995
1776098358.4084592,115.40069580078125,PLC -> IO,0.585482
1776098358.4361737,115.42841029167175,IO -> PLC,0.78399
1776098358.472462,115.46469855308533,PLC -> IO,0.552872
1776098358.5001712,115.49240779876709,IO -> PLC,0.62283
1776098358.5364645,115.52870106697083,PLC -> IO,0.713572
1776098358.56417,115.55640649795532,IO -> PLC,0.74208
1776098358.600467,115.59270358085632,PLC -> IO,0.534732
1776098358.6281683,115.62040495872498,IO -> PLC,0.78973
1776098358.6644697,115.6567063331604,PLC -> IO,0.556532
1776098358.692167,115.68440365791321,IO -> PLC,0.68177
1776098358.7284722,115.7207088470459,PLC -> IO,0.689852
1776098358.7561655,115.74840211868286,IO -> PLC,0.70469
1776098358.7924747,115.7847113609314,PLC -> IO,0.533892
1776098358.8201642,115.8124008178711,IO -> PLC,0.66425
1776098358.8564775,115.84871411323547,PLC -> IO,0.579702
1776098358.8841627,115.87639927864075,IO -> PLC,0.78871
1776098358.92048,115.91271662712097,PLC -> IO,0.732862
1776098358.9481614,115.94039797782898,IO -> PLC,0.67963
1776098358.9844825,115.97671914100647,PLC -> IO,0.531222
1776098359.0121589,116.00439548492432,IO -> PLC,0.98129
1776098359.0484853,116.04072189331055,PLC -> IO,0.936162
1776098359.0761576,116.06839418411255,IO -> PLC,0.61724
1776098359.1124878,116.10472440719604,PLC -> IO,0.625222
1776098359.140156,116.1323926448822,IO -> PLC,0.6596
1776098359.1764905,116.16872715950012,PLC -> IO,0.557262
1776098359.2041547,116.19639134407043,IO -> PLC,0.64276
1776098359.240493,116.23272967338562,PLC -> IO,0.726282
1776098359.2681532,116.26038980484009,IO -> PLC,1.04667
1776098359.3044956,116.29673218727112,PLC -> IO,0.563832
1776098359.332152,116.32438850402832,IO -> PLC,0.7247
1776098359.3684983,116.3607349395752,PLC -> IO,2.961952
1776098359.3961504,116.38838696479797,IO -> PLC,0.79699
1776098359.4325008,116.4247374534607,PLC -> IO,0.732412
1776098359.460148,116.45238471031189,IO -> PLC,0.79223
1776098359.4965034,116.48873996734619,PLC -> IO,0.517802
1776098359.5241466,116.51638317108154,IO -> PLC,0.60338
1776098359.560506,116.55274271965027,PLC -> IO,0.551522
1776098359.5881453,116.58038187026978,IO -> PLC,0.61815
1776098359.6245086,116.61674523353577,PLC -> IO,0.653402
1776098359.6521437,116.64438033103943,IO -> PLC,0.77436
1776098359.6885111,116.68074774742126,PLC -> IO,0.544092
1776098359.7161424,116.70837903022766,IO -> PLC,0.78409
1776098359.752514,116.74475049972534,PLC -> IO,0.583972
1776098359.7801409,116.77237749099731,IO -> PLC,0.80117
1776098359.8165164,116.80875301361084,PLC -> IO,0.627852
1776098359.8441396,116.83637619018555,IO -> PLC,0.72881
1776098359.880519,116.87275552749634,PLC -> IO,0.538692
1776098359.908137,116.90037369728088,IO -> PLC,0.59421
1776098359.9445217,116.93675827980042,PLC -> IO,0.875782
1776098359.9721358,116.96437239646912,IO -> PLC,0.6245
1776098360.0085242,117.00076079368591,PLC -> IO,0.589892
1776098360.0361342,117.02837085723877,IO -> PLC,0.72111
1776098360.0725267,117.06476330757141,PLC -> IO,0.550572
1776098360.100133,117.092369556427,IO -> PLC,0.66227
1776098360.1365294,117.12876605987549,PLC -> IO,0.730862
1776098360.1641314,117.15636801719666,IO -> PLC,0.61151
1776098360.200532,117.19276857376099,PLC -> IO,0.556172
1776098360.22813,117.22036671638489,IO -> PLC,0.67252
1776098360.2645345,117.25677108764648,PLC -> IO,0.574852
1776098360.2921286,117.28436517715454,IO -> PLC,0.63496
1776098360.3285372,117.32077383995056,PLC -> IO,0.661382
1776098360.356126,117.34836268424988,IO -> PLC,0.62037
1776098360.3925397,117.38477635383606,PLC -> IO,0.511732
1776098360.4201248,117.41236138343811,IO -> PLC,0.64946
1776098360.4565425,117.44877910614014,PLC -> IO,0.577932
1776098360.4841235,117.47636008262634,IO -> PLC,0.74735
1776098360.520545,117.51278162002563,PLC -> IO,0.655662
1776098360.548122,117.540358543396,IO -> PLC,0.80507
1776098360.5845475,117.57678413391113,PLC -> IO,0.552572
1776098360.6121206,117.60435724258423,IO -> PLC,0.74743
1776098360.6485503,117.64078688621521,PLC -> IO,0.946952
1776098360.676119,117.66835570335388,IO -> PLC,0.62275
1776098360.7125528,117.70478940010071,PLC -> IO,0.631392
1776098360.7401178,117.73235440254211,IO -> PLC,0.77696
1776098360.7765553,117.7687919139862,PLC -> IO,0.543822
1776098360.8041162,117.79635286331177,IO -> PLC,0.62068
1776098360.840558,117.83279466629028,PLC -> IO,0.744832
1776098360.8681138,117.8603503704071,IO -> PLC,0.75242
1776098360.9045606,117.89679718017578,PLC -> IO,0.564072
1776098360.9321125,117.92434906959534,IO -> PLC,0.73037
1776098360.968563,117.96079969406128,PLC -> IO,0.545632
1776098360.9961112,117.98834776878357,IO -> PLC,0.83226
1776098361.0325658,118.02480244636536,PLC -> IO,0.735122
1776098361.0601096,118.05234622955322,IO -> PLC,0.81255
1776098361.0965683,118.08880496025085,PLC -> IO,0.538842
1776098361.1241083,118.11634492874146,IO -> PLC,0.71147
1776098361.1605709,118.15280747413635,PLC -> IO,0.576962
1776098361.1881068,118.18034338951111,IO -> PLC,0.65255
1776098361.2245736,118.21681022644043,PLC -> IO,0.661882
1776098361.2521055,118.24434208869934,IO -> PLC,0.62756
1776098361.2885761,118.28081274032593,PLC -> IO,0.542082
1776098361.316103,118.30833959579468,IO -> PLC,0.6832
1776098361.3525786,118.34481525421143,PLC -> IO,0.567812
1776098361.3801014,118.37233805656433,IO -> PLC,0.77909
1776098361.4165814,118.4088180065155,PLC -> IO,0.666412
1776098361.4441001,118.43633675575256,IO -> PLC,0.67417
1776098361.480584,118.472820520401,PLC -> IO,0.545722
1776098361.5080988,118.5003354549408,IO -> PLC,0.64286
1776098361.5445864,118.5368230342865,PLC -> IO,0.777702
1776098361.5720973,118.56433391571045,IO -> PLC,0.6177
1776098361.6085892,118.60082578659058,PLC -> IO,0.600862
1776098361.636096,118.62833261489868,IO -> PLC,0.63047
1776098361.6725917,118.66482830047607,PLC -> IO,0.579772
1776098361.7000945,118.69233107566833,IO -> PLC,0.61778
1776098361.7365942,118.72883081436157,PLC -> IO,0.847512
1776098361.764092,118.75632858276367,IO -> PLC,0.61823
1776098361.800597,118.79283356666565,PLC -> IO,0.583782
1776098361.8280907,118.8203272819519,IO -> PLC,0.7898
1776098361.8645995,118.85683608055115,PLC -> IO,0.556532
1776098361.8920891,118.88432574272156,IO -> PLC,0.61016
1776098361.928602,118.92083859443665,PLC -> IO,0.777882
1776098361.9560878,118.94832444190979,IO -> PLC,0.62997
1776098361.9926047,118.98484134674072,PLC -> IO,0.532792
1776098362.0200865,119.01232314109802,IO -> PLC,0.75962
1776098362.0566072,119.04884386062622,PLC -> IO,0.567152
1776098362.084085,119.07632160186768,IO -> PLC,0.84918
1776098362.12061,119.1128466129303,PLC -> IO,0.657612
1776098362.1480837,119.14032030105591,IO -> PLC,0.62858
1776098362.1846125,119.1768491268158,PLC -> IO,0.536602
1776098362.2120821,119.20431876182556,IO -> PLC,0.71399
1776098362.248615,119.2408516407013,PLC -> IO,0.844012
1776098362.2760797,119.2683162689209,IO -> PLC,0.81788
1776098362.3126178,119.30485439300537,PLC -> IO,0.617492
1776098362.3400784,119.33231496810913,IO -> PLC,0.61776
1776098362.3766203,119.36885690689087,PLC -> IO,0.543132
1776098362.4040768,119.39631342887878,IO -> PLC,0.69925
1776098362.4406228,119.43285942077637,PLC -> IO,0.756932
1776098362.4680755,119.46031212806702,IO -> PLC,0.83377
1776098362.5046256,119.49686217308044,PLC -> IO,0.604742
1776098362.5320742,119.52431082725525,IO -> PLC,0.62021
1776098362.568628,119.56086468696594,PLC -> IO,0.612052
1776098362.5960727,119.5883092880249,IO -> PLC,0.84418
1776098362.6326306,119.62486720085144,PLC -> IO,0.759382
1776098362.6600714,119.65230798721313,IO -> PLC,0.6163
1776098362.6966333,119.68886995315552,PLC -> IO,0.748062
1776098362.7240689,119.71630549430847,IO -> PLC,0.62787
1776098362.7606359,119.75287246704102,PLC -> IO,0.556252
1776098362.7880673,119.78030395507812,IO -> PLC,0.64599
1776098362.8246384,119.81687498092651,PLC -> IO,0.692862
1776098362.852066,119.84430265426636,IO -> PLC,0.70492
1776098362.888641,119.88087773323059,PLC -> IO,0.541142
1776098362.9160645,119.90830111503601,IO -> PLC,0.80472
1776098362.9526436,119.94488024711609,PLC -> IO,0.879272
1776098362.9800632,119.97229981422424,IO -> PLC,0.89117
1776098363.0166461,120.00888276100159,PLC -> IO,0.653542
1776098363.044062,120.03629851341248,IO -> PLC,0.84562
1776098363.080649,120.07288551330566,PLC -> IO,0.705022
1776098363.1080604,120.10029697418213,IO -> PLC,1.216
1776098363.1446514,120.13688802719116,PLC -> IO,0.790262
1776098363.1720579,120.16429448127747,IO -> PLC,0.84563
1776098363.208654,120.20089054107666,PLC -> IO,0.629662
1776098363.2360566,120.2282931804657,IO -> PLC,0.65455
1776098363.2726567,120.26489329338074,PLC -> IO,0.539242
1776098363.300055,120.29229164123535,IO -> PLC,0.91732
1776098363.3366592,120.32889580726624,PLC -> IO,0.756082
1776098363.3640537,120.35629034042358,IO -> PLC,0.84712
1776098363.400662,120.39289855957031,PLC -> IO,0.579952
1776098363.4280522,120.42028880119324,IO -> PLC,0.62563
1776098363.4646645,120.45690107345581,PLC -> IO,0.558482
1776098363.492051,120.48428750038147,IO -> PLC,0.70688
1776098363.528667,120.52090358734131,PLC -> IO,0.704192
1776098363.5560496,120.5482861995697,IO -> PLC,0.76973
1776098363.5926697,120.58490633964539,PLC -> IO,0.527192
1776098363.620047,120.61228370666504,IO -> PLC,0.63017
1776098363.6566722,120.64890885353088,PLC -> IO,0.564922
1776098363.6840456,120.67628216743469,IO -> PLC,0.67054
1776098363.7206748,120.71291136741638,PLC -> IO,0.680642
1776098363.7480443,120.74028086662292,IO -> PLC,0.76419
1776098363.7846775,120.77691411972046,PLC -> IO,0.538522
1776098363.8120427,120.80427932739258,IO -> PLC,0.62246
1776098363.84868,120.84091663360596,PLC -> IO,0.741932
1776098363.8760414,120.86827802658081,IO -> PLC,0.73251
1776098363.9126825,120.90491914749146,PLC -> IO,0.629722
1776098363.9400399,120.93227648735046,IO -> PLC,0.63071
1776098363.9766853,120.96892189979553,PLC -> IO,0.551922
1776098364.0040386,120.9962751865387,IO -> PLC,0.64356
1776098364.0406878,121.03292441368103,PLC -> IO,0.783672
1776098364.0680373,121.06027388572693,IO -> PLC,1.00138
1776098364.1046903,121.09692692756653,PLC -> IO,0.595382
1776098364.1320348,121.12427139282227,IO -> PLC,0.62501
1776098364.168693,121.1609296798706,PLC -> IO,0.554622
1776098364.1960332,121.18826985359192,IO -> PLC,0.7853
1776098364.2326956,121.2249321937561,PLC -> IO,0.754752
1776098364.260032,121.25226855278015,IO -> PLC,0.59102
1776098364.296698,121.2889347076416,PLC -> IO,0.580782
1776098364.3240306,121.31626725196838,IO -> PLC,0.62258
1776098364.3607008,121.35293745994568,PLC -> IO,0.554572
1776098364.388029,121.38026571273804,IO -> PLC,0.76223
1776098364.4247034,121.41693997383118,PLC -> IO,0.712952
1776098364.4520278,121.44426441192627,IO -> PLC,0.63475
1776098364.4887059,121.48094248771667,PLC -> IO,0.975392
1776098364.5160263,121.50826287269592,IO -> PLC,0.69784
1776098364.5527086,121.54494524002075,PLC -> IO,0.573522
1776098364.5800238,121.57226037979126,IO -> PLC,0.72781
1776098364.6167111,121.60894775390625,PLC -> IO,0.676042
1776098364.6440225,121.63625907897949,IO -> PLC,0.69881
1776098364.6807137,121.67295026779175,PLC -> IO,0.541362
1776098364.708021,121.70025753974915,IO -> PLC,0.62558
1776098364.7447164,121.73695302009583,PLC -> IO,0.736382
1776098364.7720196,121.76425623893738,IO -> PLC,0.68849
1776098364.808719,121.80095553398132,PLC -> IO,0.610572
1776098364.8360183,121.82825493812561,IO -> PLC,0.6275
1776098364.8727214,121.86495804786682,PLC -> IO,0.692772
1776098364.9000168,121.89225339889526,IO -> PLC,0.86467
1776098364.9367242,121.9289608001709,PLC -> IO,0.849302
1776098364.9640155,121.9562520980835,IO -> PLC,0.65831
1776098365.0007267,121.9929633140564,PLC -> IO,0.594372
1776098365.028013,122.02024960517883,IO -> PLC,0.6322
1776098365.0647295,122.05696606636047,PLC -> IO,0.556642
1776098365.0920115,122.08424806594849,IO -> PLC,0.644
1776098365.128732,122.12096858024597,PLC -> IO,0.758542
1776098365.1560102,122.14824676513672,IO -> PLC,0.62813
1776098365.1927345,122.18497109413147,PLC -> IO,0.553452
1776098365.2200086,122.21224522590637,IO -> PLC,0.91131
1776098365.2567372,122.24897384643555,PLC -> IO,0.564362
1776098365.2840073,122.2762439250946,IO -> PLC,0.80318
1776098365.3207397,122.31297636032104,PLC -> IO,0.717292
1776098365.348006,122.34024262428284,IO -> PLC,0.88579
1776098365.3847423,122.37697887420654,PLC -> IO,0.521802
1776098365.4120045,122.40424108505249,IO -> PLC,0.61686
1776098365.448745,122.44098162651062,PLC -> IO,0.838902
1776098365.4760032,122.46823978424072,IO -> PLC,0.77003
1776098365.5127475,122.50498414039612,PLC -> IO,0.658132
1776098365.5400007,122.53223729133606,IO -> PLC,0.82584
1776098365.57675,122.56898665428162,PLC -> IO,0.540322
1776098365.6039994,122.59623599052429,IO -> PLC,0.63268
1776098365.6407528,122.6329894065857,PLC -> IO,0.821262
1776098365.6679978,122.66023445129395,IO -> PLC,1.09203
1776098365.7047553,122.69699192047119,PLC -> IO,0.599772
1776098365.7319965,122.72423315048218,IO -> PLC,0.80589
1776098365.7687578,122.76099443435669,PLC -> IO,0.557082
1776098365.795995,122.78823161125183,IO -> PLC,0.76129
1776098365.8327606,122.82499718666077,PLC -> IO,0.807222
1776098365.8599937,122.85223031044006,IO -> PLC,0.70326
1776098365.896763,122.88899970054626,PLC -> IO,0.582132
1776098365.9239922,122.91622877120972,IO -> PLC,0.82051
1776098365.9607656,122.95300221443176,PLC -> IO,0.867692
1776098365.98799,122.98022651672363,IO -> PLC,0.62247
1776098366.0247684,123.01700496673584,PLC -> IO,0.714382
1776098366.0519884,123.04422497749329,IO -> PLC,0.82876
1776098366.0887709,123.08100748062134,PLC -> IO,0.539292
1776098366.115987,123.10822367668152,IO -> PLC,0.77712
1776098366.1527734,123.14500999450684,PLC -> IO,0.571492
1776098366.1799855,123.17222213745117,IO -> PLC,0.60764
1776098366.2167761,123.20901274681091,PLC -> IO,0.675062
1776098366.2439842,123.2362208366394,IO -> PLC,0.64809
1776098366.2807786,123.27301526069641,PLC -> IO,0.535572
1776098366.3079827,123.30021929740906,IO -> PLC,0.63317
1776098366.3447812,123.33701777458191,PLC -> IO,0.572592
1776098366.3719814,123.36421799659729,IO -> PLC,0.62057
1776098366.408784,123.40102052688599,PLC -> IO,0.627022
1776098366.435979,123.42821550369263,IO -> PLC,0.62302
1776098366.4727864,123.46502304077148,PLC -> IO,0.535132
1776098366.4999776,123.49221420288086,IO -> PLC,0.81611
1776098366.536789,123.52902555465698,PLC -> IO,0.808562
1776098366.563976,123.55621266365051,IO -> PLC,0.77656
1776098366.6007917,123.59302830696106,PLC -> IO,0.607232
1776098366.6279747,123.62021136283875,IO -> PLC,0.88869
1776098366.6647942,123.65703082084656,PLC -> IO,0.549582
1776098366.6919732,123.6842098236084,IO -> PLC,0.61904
1776098366.7287967,123.72103333473206,PLC -> IO,0.780112
1776098366.755972,123.74820852279663,IO -> PLC,0.73909
1776098366.7927995,123.78503608703613,PLC -> IO,0.566382
1776098366.8199704,123.81220698356628,IO -> PLC,0.78473
1776098366.856802,123.84903860092163,PLC -> IO,0.567952
1776098366.8839679,123.87620449066162,IO -> PLC,0.75877
1776098366.9208047,123.91304135322571,PLC -> IO,0.709032
1776098366.9479666,123.94020318984985,IO -> PLC,0.70994
1776098366.9848073,123.9770438671112,PLC -> IO,0.531622
1776098367.0119653,124.00420188903809,IO -> PLC,0.62454
1776098367.0488098,124.0410463809967,PLC -> IO,0.764152
1776098367.0759637,124.06820034980774,IO -> PLC,1.0614
1776098367.1128125,124.10504913330078,PLC -> IO,0.656582
1776098367.1399624,124.13219904899597,IO -> PLC,0.70031
1776098367.176815,124.16905164718628,PLC -> IO,0.676532
1776098367.203961,124.19619750976562,IO -> PLC,0.64052
1776098367.2408175,124.23305416107178,PLC -> IO,0.534582
1776098367.2679596,124.26019620895386,IO -> PLC,0.6256
1776098367.3048203,124.29705691337585,PLC -> IO,0.626212
1776098367.331958,124.32419466972351,IO -> PLC,0.88502
1776098367.3688228,124.36105942726135,PLC -> IO,0.580012
1776098367.3959556,124.38819217681885,IO -> PLC,0.82018
1776098367.4328253,124.42506194114685,PLC -> IO,0.831422
1776098367.4599543,124.45219087600708,IO -> PLC,0.81854
1776098367.496828,124.48906469345093,PLC -> IO,0.595772
1776098367.523953,124.51618957519531,IO -> PLC,0.85083
1776098367.5608306,124.55306720733643,PLC -> IO,0.554622
1776098367.5879514,124.58018803596497,IO -> PLC,0.84023
1776098367.624833,124.61706972122192,PLC -> IO,0.692982
1776098367.6519501,124.6441867351532,IO -> PLC,0.83644
1776098367.6888359,124.681072473526,PLC -> IO,0.558712
1776098367.7159486,124.70818519592285,IO -> PLC,0.86272
1776098367.7528384,124.7450749874115,PLC -> IO,0.735392
1776098367.7799473,124.77218389511108,IO -> PLC,0.62868
1776098367.816841,124.809077501297,PLC -> IO,0.714472
1776098367.8439448,124.83618140220642,IO -> PLC,0.76345
1776098367.8808436,124.87308025360107,PLC -> IO,0.537072
1776098367.9079432,124.90017986297607,IO -> PLC,0.72493
1776098367.9448462,124.93708276748657,PLC -> IO,0.557032
1776098367.971942,124.9641785621643,IO -> PLC,0.63018
1776098368.0088487,125.00108528137207,PLC -> IO,0.653632
1776098368.0359406,125.02817726135254,IO -> PLC,0.73727
1776098368.0728514,125.06508803367615,PLC -> IO,0.535102
1776098368.099939,125.09217572212219,IO -> PLC,0.61178
1776098368.136854,125.12909054756165,PLC -> IO,0.555542
1776098368.1639378,125.15617442131042,IO -> PLC,0.71271
1776098368.2008564,125.19309306144714,PLC -> IO,0.608232
1776098368.2279363,125.22017288208008,IO -> PLC,0.70395
1776098368.2648592,125.25709581375122,PLC -> IO,0.542992
1776098368.2919338,125.28417038917542,IO -> PLC,0.63783
1776098368.3288617,125.32109832763672,PLC -> IO,0.760952
1776098368.3559325,125.34816908836365,IO -> PLC,0.62628
1776098368.3928642,125.38510084152222,PLC -> IO,0.560512
1776098368.419931,125.4121675491333,IO -> PLC,0.68089
1776098368.456867,125.4491035938263,PLC -> IO,0.577032
1776098368.4839296,125.47616624832153,IO -> PLC,0.83398
1776098368.5208695,125.51310610771179,PLC -> IO,0.733242
1776098368.5479283,125.54016494750977,IO -> PLC,0.62466
1776098368.5848722,125.57710886001587,PLC -> IO,0.548152
1776098368.6119268,125.60416340827942,IO -> PLC,0.87383
1776098368.6488748,125.64111137390137,PLC -> IO,0.558342
1776098368.6759255,125.66816210746765,IO -> PLC,0.8818
1776098368.7128773,125.70511388778687,PLC -> IO,0.685512
1776098368.739924,125.7321605682373,IO -> PLC,0.6139
1776098368.77688,125.76911664009094,PLC -> IO,0.532432
1776098368.8039215,125.79615807533264,IO -> PLC,0.89604
1776098368.8408825,125.83311915397644,PLC -> IO,0.562312
1776098368.8679202,125.86015677452087,IO -> PLC,0.80536
1776098368.904885,125.89712166786194,PLC -> IO,0.630602
1776098368.9319186,125.92415523529053,IO -> PLC,0.77413
1776098368.9688878,125.96112442016602,PLC -> IO,0.599592
1776098368.9959173,125.98815393447876,IO -> PLC,0.60457
1776098369.0328903,126.02512693405151,PLC -> IO,0.821482
1776098369.059916,126.05215263366699,IO -> PLC,0.67685
1776098369.0968928,126.08912944793701,PLC -> IO,0.619992
1776098369.1239145,126.11615109443665,IO -> PLC,0.73778
1776098369.1608956,126.15313220024109,PLC -> IO,0.541222
1776098369.1879132,126.18014979362488,IO -> PLC,0.82423
1776098369.224898,126.21713471412659,PLC -> IO,0.769682
1776098369.2519107,126.24414730072021,IO -> PLC,0.91796
1776098369.2889006,126.28113722801208,PLC -> IO,0.584672
1776098369.3159091,126.30814576148987,IO -> PLC,0.95329
1776098369.3529034,126.34513998031616,PLC -> IO,0.585042
1776098369.3799078,126.3721444606781,IO -> PLC,0.78692
1776098369.4169059,126.40914249420166,PLC -> IO,0.717242
1776098369.4439063,126.43614292144775,IO -> PLC,0.80592
1776098369.4809084,126.47314500808716,PLC -> IO,0.490962
1776098369.507905,126.50014162063599,IO -> PLC,0.68452
1776098369.5449111,126.53714776039124,PLC -> IO,0.568612
1776098369.5719037,126.56414031982422,IO -> PLC,0.82322
1776098369.6089137,126.60115027427673,PLC -> IO,0.682332
1776098369.6359022,126.62813878059387,IO -> PLC,0.74822
1776098369.6729162,126.66515278816223,PLC -> IO,0.535412
1776098369.6998997,126.69213628768921,IO -> PLC,0.65434
1776098369.736919,126.72915554046631,PLC -> IO,0.624252
1776098369.7638984,126.75613498687744,IO -> PLC,0.84543
1776098369.8009214,126.7931580543518,PLC -> IO,0.618772
1776098369.8278968,126.8201334476471,IO -> PLC,0.83644
1776098369.864924,126.8571605682373,PLC -> IO,0.544422
1776098369.8918955,126.88413214683533,IO -> PLC,0.62111
1776098369.9289267,126.92116332054138,PLC -> IO,0.784622
1776098369.955894,126.94813060760498,IO -> PLC,0.63068
1776098369.9929292,126.98516583442688,PLC -> IO,0.609142
1776098370.0198927,127.01212930679321,IO -> PLC,0.79729
1776098370.0569317,127.04916834831238,PLC -> IO,0.544222
1776098370.0838914,127.07612800598145,IO -> PLC,0.61532
1776098370.1209345,127.11317110061646,PLC -> IO,0.728352
1776098370.147889,127.14012551307678,IO -> PLC,0.81066
1776098370.184937,127.17717361450195,PLC -> IO,0.577992
1776098370.2118874,127.20412397384644,IO -> PLC,0.7659
1776098370.2489395,127.24117612838745,PLC -> IO,0.560992
1776098370.275886,127.26812267303467,IO -> PLC,0.60058
1776098370.3129423,127.30517888069153,PLC -> IO,0.687282
1776098370.3398845,127.33212113380432,IO -> PLC,0.61542
1776098370.3769448,127.36918139457703,PLC -> IO,0.524202
1776098370.4038832,127.39611983299255,IO -> PLC,0.74603
1776098370.4409475,127.4331841468811,PLC -> IO,0.547892
1776098370.4678817,127.4601182937622,IO -> PLC,0.7864
1776098370.50495,127.4971866607666,PLC -> IO,0.654932
1776098370.5318804,127.52411699295044,IO -> PLC,0.89245
1776098370.5689526,127.5611891746521,PLC -> IO,1.004182
1776098370.595879,127.58811569213867,IO -> PLC,0.9513
1776098370.6329553,127.62519192695618,PLC -> IO,0.584932
1776098370.6598766,127.65211319923401,IO -> PLC,0.63229
1776098370.6969578,127.68919444084167,PLC -> IO,0.617452
1776098370.723875,127.71611166000366,IO -> PLC,0.63202
1776098370.7609603,127.75319695472717,PLC -> IO,0.783582
1776098370.7878737,127.7801103591919,IO -> PLC,0.958
1776098370.824963,127.81719970703125,PLC -> IO,0.786022
1776098370.8518722,127.84410881996155,IO -> PLC,0.87068
1776098370.8889656,127.88120222091675,PLC -> IO,0.589732
1776098370.915871,127.90810751914978,IO -> PLC,0.61695
1776098370.9529681,127.94520473480225,PLC -> IO,0.580662
1776098370.9798694,127.97210597991943,IO -> PLC,0.64619
1776098371.0169709,128.00920748710632,PLC -> IO,0.731102
1776098371.043868,128.03610467910767,IO -> PLC,1.06545
1776098371.0809734,128.07321000099182,PLC -> IO,0.546492
1776098371.1078656,128.100102186203,IO -> PLC,0.62556
1776098371.144976,128.13721251487732,PLC -> IO,0.560532
1776098371.1718643,128.16410088539124,IO -> PLC,0.62096
1776098371.2089787,128.2012152671814,PLC -> IO,0.687852
1776098371.2358627,128.2280993461609,IO -> PLC,0.87046
1776098371.2729812,128.2652177810669,PLC -> IO,0.511252
1776098371.2998614,128.29209804534912,IO -> PLC,0.77962
1776098371.3369837,128.3292202949524,PLC -> IO,0.555842
1776098371.36386,128.35609650611877,IO -> PLC,0.64518
1776098371.4009864,128.39322304725647,PLC -> IO,0.635012
1776098371.4278586,128.420095205307,IO -> PLC,0.61803
1776098371.464989,128.45722556114197,PLC -> IO,0.548892
1776098371.491857,128.48409366607666,IO -> PLC,0.75368
1776098371.5289915,128.52122807502747,PLC -> IO,0.810532
1776098371.5558548,128.54809141159058,IO -> PLC,0.83821
1776098371.5929942,128.58523082733154,PLC -> IO,0.601842
1776098371.6198533,128.61208987236023,IO -> PLC,0.62976
1776098371.6569967,128.64923334121704,PLC -> IO,0.544362
1776098371.683852,128.67608857154846,IO -> PLC,0.70517
1776098371.7209992,128.71323585510254,PLC -> IO,0.743542
1776098371.7478504,128.74008703231812,IO -> PLC,0.8049
1776098371.785002,128.77723860740662,PLC -> IO,0.571412
1776098371.811849,128.80408573150635,IO -> PLC,0.63429
1776098371.8490045,128.84124112129211,PLC -> IO,0.571542
1776098371.8758476,128.868084192276,IO -> PLC,0.68498
1776098371.913007,128.9052436351776,PLC -> IO,0.733662
1776098371.9398463,128.93208289146423,IO -> PLC,0.77471
1776098371.9770098,128.9692463874817,PLC -> IO,0.532902
1776098372.0038447,128.9960813522339,IO -> PLC,0.61746
1776098372.0410123,129.0332489013672,PLC -> IO,0.551582
1776098372.0678425,129.0600790977478,IO -> PLC,0.65799
1776098372.1050148,129.09725141525269,PLC -> IO,0.667462
1776098372.131841,129.12407755851746,IO -> PLC,0.64004
1776098372.1690176,129.16125416755676,PLC -> IO,0.627112
1776098372.1958396,129.1880762577057,IO -> PLC,1.10762
1776098372.23302,129.22525668144226,PLC -> IO,0.599072
1776098372.259838,129.25207471847534,IO -> PLC,1.18903
1776098372.2970226,129.28925919532776,PLC -> IO,0.639922
1776098372.3238368,129.31607341766357,IO -> PLC,0.88434
1776098372.3610253,129.35326194763184,PLC -> IO,0.557082
1776098372.3878353,129.38007187843323,IO -> PLC,0.79567
1776098372.4250278,129.41726446151733,PLC -> IO,0.806662
1776098372.451834,129.44407057762146,IO -> PLC,0.74099
1776098372.4890304,129.48126697540283,PLC -> IO,0.906212
1776098372.5158315,129.5080680847168,IO -> PLC,0.7948
1776098372.553033,129.5452697277069,PLC -> IO,0.585842
1776098372.5798302,129.57206678390503,IO -> PLC,0.7614
1776098372.6170356,129.6092722415924,PLC -> IO,0.748692
1776098372.6438286,129.63606524467468,IO -> PLC,0.86737
1776098372.6810384,129.67327499389648,PLC -> IO,0.574562
1776098372.7078273,129.70006394386292,IO -> PLC,0.91694
1776098372.745041,129.73727750778198,PLC -> IO,0.638062
1776098372.7718258,129.76406240463257,IO -> PLC,0.73113
1776098372.8090434,129.80128002166748,PLC -> IO,0.690742
1776098372.8358245,129.8280611038208,IO -> PLC,0.6775
1776098372.8730462,129.86528277397156,PLC -> IO,0.537342
1776098372.899823,129.89205956459045,IO -> PLC,0.71281
1776098372.9370487,129.92928528785706,PLC -> IO,0.558172
1776098372.9638207,129.95605731010437,IO -> PLC,0.6927
1776098373.0010512,129.99328780174255,PLC -> IO,0.669092
1776098373.0278192,130.02005577087402,IO -> PLC,0.79667
1776098373.065054,130.05729055404663,PLC -> IO,0.539302
1776098373.0918179,130.08405447006226,IO -> PLC,0.61199
1776098373.1290565,130.12129306793213,PLC -> IO,0.711502
1776098373.1558163,130.1480529308319,IO -> PLC,0.96261
1776098373.193059,130.18529558181763,PLC -> IO,0.619862
1776098373.219815,130.21205163002014,IO -> PLC,0.92961
1776098373.2570617,130.2492983341217,PLC -> IO,0.545262
1776098373.2838135,130.2760500907898,IO -> PLC,0.62364
1776098373.3210642,130.3133008480072,PLC -> IO,0.774352
1776098373.3478122,130.34004878997803,IO -> PLC,0.94882
1776098373.3850667,130.3773033618927,PLC -> IO,0.599252
1776098373.4118097,130.40404629707336,IO -> PLC,0.62069
1776098373.4490695,130.44130611419678,PLC -> IO,0.540402
1776098373.4758084,130.4680449962616,IO -> PLC,0.80139
1776098373.513072,130.50530862808228,PLC -> IO,0.740622
1776098373.5398068,130.53204345703125,IO -> PLC,0.6215
1776098373.5770745,130.56931114196777,PLC -> IO,0.553612
1776098373.6038055,130.59604215621948,IO -> PLC,0.62835
1776098373.6410773,130.63331389427185,PLC -> IO,0.548292
1776098373.667804,130.66004061698914,IO -> PLC,0.78256
1776098373.7050798,130.69731640815735,PLC -> IO,0.681622
1776098373.7318027,130.72403931617737,IO -> PLC,0.73596
1776098373.7690823,130.76131892204285,PLC -> IO,0.930642
1776098373.7958012,130.78803777694702,IO -> PLC,0.73241
1776098373.833085,130.82532167434692,PLC -> IO,0.598182
1776098373.859799,130.85203552246094,IO -> PLC,0.74397
1776098373.8970876,130.88932418823242,PLC -> IO,0.644712
1776098373.9237974,130.9160339832306,IO -> PLC,0.81826
1776098373.96109,130.95332670211792,PLC -> IO,0.520982
1776098373.987796,130.98003268241882,IO -> PLC,0.63646
1776098374.0250928,131.017329454422,PLC -> IO,0.805502
1776098374.0517945,131.04403114318848,IO -> PLC,0.92563
1776098374.0890954,131.0813319683075,PLC -> IO,0.620422
1776098374.1157932,131.1080298423767,IO -> PLC,0.60686
1776098374.1530979,131.145334482193,PLC -> IO,0.552302
1776098374.1797917,131.17202830314636,IO -> PLC,0.61546
1776098374.2171006,131.20933723449707,PLC -> IO,0.776762
1776098374.2437904,131.2360270023346,IO -> PLC,0.7604
1776098374.2811031,131.27333974838257,PLC -> IO,0.583672
1776098374.3077888,131.30002546310425,IO -> PLC,0.63604
1776098374.3451056,131.33734226226807,PLC -> IO,0.566032
1776098374.3717866,131.36402320861816,IO -> PLC,0.62544
1776098374.4091084,131.40134501457214,PLC -> IO,0.705112
1776098374.435785,131.42802166938782,IO -> PLC,0.68725
1776098374.473111,131.46534752845764,PLC -> IO,0.697322
1776098374.4997838,131.49202036857605,IO -> PLC,0.81994
1776098374.5371134,131.52935004234314,PLC -> IO,0.572872
1776098374.5637822,131.5560188293457,IO -> PLC,0.62662
1776098374.6011162,131.59335279464722,PLC -> IO,0.666912
1776098374.627781,131.62001752853394,IO -> PLC,0.63338
1776098374.6651187,131.65735530853271,PLC -> IO,0.531682
1776098374.6917794,131.6840159893036,IO -> PLC,0.62063
1776098374.7291214,131.7213580608368,PLC -> IO,0.566912
1776098374.755778,131.74801468849182,IO -> PLC,0.7922
1776098374.793124,131.7853605747223,PLC -> IO,0.627842
1776098374.8197756,131.81201219558716,IO -> PLC,0.86017
1776098374.8571265,131.8493630886078,PLC -> IO,0.538522
1776098374.883774,131.8760106563568,IO -> PLC,0.77373
1776098374.9211292,131.91336584091187,PLC -> IO,0.782572
1776098374.9477727,131.94000935554504,IO -> PLC,0.75881
1776098374.9851317,131.97736835479736,PLC -> IO,0.631482
1776098375.0117712,132.0040078163147,IO -> PLC,0.64581
1776098375.0491343,132.04137086868286,PLC -> IO,0.519052
1776098375.07577,132.06800651550293,IO -> PLC,0.62978
1776098375.113137,132.10537362098694,PLC -> IO,0.946942
1776098375.1397684,132.13200497627258,IO -> PLC,0.72863
1776098375.1771395,132.16937613487244,PLC -> IO,0.571372
1776098375.203767,132.19600367546082,IO -> PLC,0.79899
1776098375.241142,132.23337864875793,PLC -> IO,0.575252
1776098375.2677646,132.26000118255615,IO -> PLC,0.62823
1776098375.3051448,132.297381401062,PLC -> IO,0.713612
1776098375.3317633,132.32399988174438,IO -> PLC,0.6862
1776098375.3691473,132.3613839149475,PLC -> IO,0.657572
1776098375.3957617,132.38799834251404,IO -> PLC,0.63744
1776098375.4331498,132.425386428833,PLC -> IO,0.600412
1776098375.4597604,132.45199704170227,IO -> PLC,0.85222
1776098375.4971526,132.48938918113708,PLC -> IO,0.653662
1776098375.5237591,132.5159957408905,IO -> PLC,0.65688
1776098375.561155,132.55339169502258,PLC -> IO,0.572092
1776098375.5877576,132.57999420166016,IO -> PLC,0.62693
1776098375.6251576,132.61739420890808,PLC -> IO,0.723592
1776098375.6517563,132.6439929008484,IO -> PLC,0.70402
1776098375.6891603,132.68139696121216,PLC -> IO,0.610502
1776098375.7157547,132.70799136161804,IO -> PLC,0.89711
1776098375.7531629,132.74539947509766,PLC -> IO,0.555342
1776098375.7797523,132.77198886871338,IO -> PLC,0.61906
1776098375.8171654,132.80940198898315,PLC -> IO,0.779222
1776098375.843751,132.8359875679016,IO -> PLC,0.61047
1776098375.8811681,132.87340474128723,PLC -> IO,0.592712
1776098375.9077494,132.89998602867126,IO -> PLC,0.65499
1776098375.9451706,132.93740725517273,PLC -> IO,0.544902
1776098375.971748,132.9639847278595,IO -> PLC,0.63904
1776098376.0091732,133.00140976905823,PLC -> IO,0.733832
1776098376.0357466,133.02798318862915,IO -> PLC,0.80245
1776098376.073176,133.0654125213623,PLC -> IO,0.568022
1776098376.0997453,133.09198188781738,IO -> PLC,0.80498
1776098376.1371784,133.1294150352478,PLC -> IO,0.560782
1776098376.1637437,133.15598034858704,IO -> PLC,0.61501
1776098376.201181,133.1934175491333,PLC -> IO,0.694762
1776098376.2277415,133.21997809410095,IO -> PLC,0.74042
1776098376.2651837,133.25742030143738,PLC -> IO,0.512062
1776098376.29174,133.2839765548706,IO -> PLC,0.6795
1776098376.3291862,133.32142281532288,PLC -> IO,0.571152
1776098376.3557386,133.34797525405884,IO -> PLC,0.62363
1776098376.3931887,133.38542532920837,PLC -> IO,0.657902
1776098376.419737,133.4119737148285,IO -> PLC,0.7
1776098376.4571915,133.44942808151245,PLC -> IO,0.558272
1776098376.4837358,133.47597241401672,IO -> PLC,0.7938
1776098376.521194,133.51343059539795,PLC -> IO,0.559102
1776098376.5477343,133.53997087478638,IO -> PLC,0.6252
1776098376.5851965,133.57743310928345,PLC -> IO,0.613622
1776098376.611733,133.6039695739746,IO -> PLC,0.68109
1776098376.6491992,133.64143586158752,PLC -> IO,0.539412
1776098376.6757305,133.66796708106995,IO -> PLC,0.62121
1776098376.7132018,133.70543837547302,PLC -> IO,0.770592
1776098376.7397292,133.73196578025818,IO -> PLC,0.62078
1776098376.7772043,133.76944088935852,PLC -> IO,1.109672
1776098376.8037276,133.79596424102783,IO -> PLC,0.65802
1776098376.841207,133.8334436416626,PLC -> IO,0.558422
1776098376.8677263,133.85996294021606,IO -> PLC,0.78759
1776098376.9052095,133.8974461555481,PLC -> IO,0.715022
1776098376.9317248,133.92396140098572,IO -> PLC,0.82492
1776098376.969212,133.9614486694336,PLC -> IO,0.652092
1776098376.9957235,133.98796010017395,IO -> PLC,0.83785
1776098377.0332148,134.02545142173767,PLC -> IO,0.587822
1776098377.059722,134.0519585609436,IO -> PLC,0.63244
1776098377.0972173,134.08945393562317,PLC -> IO,0.684742
1776098377.1237197,134.11595630645752,IO -> PLC,0.79073
1776098377.1612198,134.15345644950867,PLC -> IO,0.543022
1776098377.1877182,134.17995476722717,IO -> PLC,0.86798
1776098377.2252226,134.21745920181274,PLC -> IO,0.554812
1776098377.2517169,134.2439534664154,IO -> PLC,0.63394
1776098377.289225,134.28146171569824,PLC -> IO,0.639022
1776098377.3157153,134.30795192718506,IO -> PLC,0.75535
1776098377.3532279,134.34546446800232,PLC -> IO,0.546252
1776098377.379714,134.3719506263733,IO -> PLC,0.79595
1776098377.4172304,134.40946698188782,PLC -> IO,0.800952
1776098377.4437125,134.43594908714294,IO -> PLC,0.61711
1776098377.481233,134.47346949577332,PLC -> IO,0.612572
1776098377.5077112,134.49994778633118,IO -> PLC,0.72212
1776098377.5452356,134.5374722480774,PLC -> IO,0.539982
1776098377.5717096,134.56394624710083,IO -> PLC,0.82497
1776098377.6092381,134.6014747619629,PLC -> IO,0.729622
1776098377.6357074,134.62794399261475,IO -> PLC,0.92574
1776098377.6732407,134.6654772758484,PLC -> IO,0.581272
1776098377.6997058,134.6919424533844,IO -> PLC,0.98779
1776098377.7372434,134.72948002815247,PLC -> IO,0.556502
1776098377.7637045,134.75594115257263,IO -> PLC,0.59821
1776098377.801246,134.79348254203796,PLC -> IO,0.733592
1776098377.827703,134.81993961334229,IO -> PLC,0.86691
1776098377.8652484,134.85748505592346,PLC -> IO,0.531542
1776098377.8917017,134.88393831253052,IO -> PLC,0.66279
1776098377.9292512,134.92148780822754,PLC -> IO,0.561912
1776098377.9557002,134.94793677330017,IO -> PLC,0.80236
1776098377.9932537,134.98549032211304,PLC -> IO,0.674512
1776098378.0196989,135.0119354724884,IO -> PLC,0.63399
1776098378.0572562,135.04949283599854,PLC -> IO,0.543112
1776098378.0836964,135.07593297958374,IO -> PLC,0.85069
1776098378.121259,135.1134955883026,PLC -> IO,0.555792
1776098378.147695,135.13993167877197,IO -> PLC,0.89537
1776098378.1852615,135.1774981021881,PLC -> IO,0.625042
1776098378.2116935,135.20393013954163,IO -> PLC,1.28695
1776098378.249264,135.2415006160736,PLC -> IO,0.556442
1776098378.2756922,135.26792883872986,IO -> PLC,0.60232
1776098378.3132668,135.30550336837769,PLC -> IO,0.796482
1776098378.3396907,135.3319272994995,IO -> PLC,0.75133
1776098378.3772693,135.36950588226318,PLC -> IO,0.597732
1776098378.4036894,135.39592599868774,IO -> PLC,0.77338
1776098378.4412718,135.43350839614868,PLC -> IO,0.553762
1776098378.4676878,135.4599244594574,IO -> PLC,0.7687
1776098378.5052745,135.49751114845276,PLC -> IO,0.729902
1776098378.5316856,135.5239222049713,IO -> PLC,0.77347
1776098378.569277,135.56151366233826,PLC -> IO,0.686652
1776098378.595684,135.58792066574097,IO -> PLC,0.73191
1776098378.6332796,135.62551617622375,PLC -> IO,0.601572
1776098378.6596828,135.6519193649292,IO -> PLC,0.91661
1776098378.6972823,135.68951892852783,PLC -> IO,0.685612
1776098378.7236812,135.71591782569885,IO -> PLC,0.62336
1776098378.7612848,135.75352144241333,PLC -> IO,0.527332
1776098378.78768,135.77991652488708,IO -> PLC,0.93406
1776098378.8252873,135.81752395629883,PLC -> IO,0.572252
1776098378.8516784,135.84391498565674,IO -> PLC,0.86914
1776098378.88929,135.8815267086029,PLC -> IO,0.647582
1776098378.915677,135.90791368484497,IO -> PLC,0.62069
1776098378.9532926,135.9455292224884,PLC -> IO,0.548412
1776098378.9796755,135.97191214561462,IO -> PLC,0.93355
1776098379.0172951,136.0095317363739,PLC -> IO,0.563422
1776098379.0436733,136.03590989112854,IO -> PLC,0.6627
1776098379.0812979,136.07353448867798,PLC -> IO,0.620662
1776098379.1076717,136.0999083518982,IO -> PLC,0.61811
1776098379.1453004,136.13753700256348,PLC -> IO,0.537182
1776098379.1716704,136.16390705108643,IO -> PLC,0.65551
1776098379.209303,136.20153951644897,PLC -> IO,0.756012
1776098379.235669,136.22790551185608,IO -> PLC,0.82812
1776098379.2733057,136.26554226875305,PLC -> IO,0.586612
1776098379.2996676,136.2919042110443,IO -> PLC,0.62184
1776098379.3373082,136.32954478263855,PLC -> IO,0.562412
1776098379.363666,136.35590267181396,IO -> PLC,0.63252
1776098379.4013107,136.39354729652405,PLC -> IO,0.722382
1776098379.4276648,136.4199013710022,IO -> PLC,0.77642
1776098379.4653134,136.45755004882812,PLC -> IO,0.553292
1776098379.4916623,136.48389887809753,IO -> PLC,0.58445
1776098379.529316,136.52155256271362,PLC -> IO,0.558062
1776098379.555661,136.54789757728577,IO -> PLC,0.81211
1776098379.5933185,136.58555507659912,PLC -> IO,0.673782
1776098379.6196594,136.61189603805542,IO -> PLC,0.76383
1776098379.6573212,136.6495578289032,PLC -> IO,0.545342
1776098379.6836581,136.67589473724365,IO -> PLC,0.74659
1776098379.7213237,136.7135603427887,PLC -> IO,0.575222
1776098379.7476566,136.7398931980133,IO -> PLC,0.80456
1776098379.7853262,136.7775628566742,PLC -> IO,1.171442
1776098379.8116553,136.80389189720154,IO -> PLC,0.64644
1776098379.849329,136.84156560897827,PLC -> IO,0.556172
1776098379.8756537,136.8678903579712,IO -> PLC,0.72561
1776098379.9133315,136.90556812286377,PLC -> IO,0.804152
1776098379.9396513,136.93188786506653,IO -> PLC,0.78373
1776098379.977334,136.96957063674927,PLC -> IO,0.600902
1776098380.00365,136.99588656425476,IO -> PLC,0.64889
1776098380.0413368,137.03357338905334,PLC -> IO,0.557592
1776098380.0676486,137.059885263443,IO -> PLC,0.68734
1776098380.1053393,137.09757590293884,PLC -> IO,0.749312
1776098380.131647,137.12388372421265,IO -> PLC,0.94684
1776098380.1693418,137.16157841682434,PLC -> IO,0.710002
1776098380.1956458,137.18788242340088,IO -> PLC,0.61983
1776098380.2333446,137.22558116912842,PLC -> IO,0.587712
1776098380.2596443,137.25188088417053,IO -> PLC,0.66027
1776098380.297347,137.28958368301392,PLC -> IO,0.703052
1776098380.323643,137.31587958335876,IO -> PLC,0.82664
1776098380.3613498,137.353586435318,PLC -> IO,0.697402
1776098380.3876405,137.3798770904541,IO -> PLC,0.6254
1776098380.4253523,137.4175889492035,PLC -> IO,0.557132
1776098380.451639,137.44387555122375,IO -> PLC,0.72737
1776098380.4893548,137.481591463089,PLC -> IO,2.135702
1776098380.5156376,137.507874250412,IO -> PLC,0.81303
1776098380.5533576,137.54559421539307,PLC -> IO,0.608092
1776098380.5796363,137.57187294960022,IO -> PLC,0.79779
1776098380.61736,137.60959672927856,PLC -> IO,0.567892
1776098380.6436348,137.63587141036987,IO -> PLC,0.60695
1776098380.6813626,137.67359924316406,PLC -> IO,0.629782
1776098380.7076335,137.6998701095581,IO -> PLC,0.62283
1776098380.7453654,137.73760199546814,PLC -> IO,0.540292
1776098380.771632,137.76386857032776,IO -> PLC,0.688
1776098380.809368,137.80160450935364,PLC -> IO,0.789702
1776098380.8356307,137.827867269516,IO -> PLC,0.93398
1776098380.8733704,137.86560702323914,PLC -> IO,0.606932
1776098380.8996282,137.89186477661133,IO -> PLC,0.80169
1776098380.9373732,137.9296097755432,PLC -> IO,0.542022
1776098380.9636266,137.95586323738098,IO -> PLC,0.7407
1776098381.0013757,137.9936122894287,PLC -> IO,0.751352
1776098381.0276253,138.0198619365692,IO -> PLC,0.8037
1776098381.0653782,138.0576148033142,PLC -> IO,0.593792
1776098381.091624,138.08386063575745,IO -> PLC,0.61478
1776098381.129381,138.1216175556183,PLC -> IO,0.558632
1776098381.1556225,138.1478590965271,IO -> PLC,0.70219
1776098381.1933835,138.18562006950378,PLC -> IO,0.714442
1776098381.2196212,138.21185779571533,IO -> PLC,0.86552
1776098381.257386,138.24962258338928,PLC -> IO,0.535422
1776098381.2836196,138.27585625648499,IO -> PLC,0.65107
1776098381.3213887,138.31362533569336,PLC -> IO,0.560912
1776098381.3476171,138.33985376358032,IO -> PLC,0.66696
1776098381.3853912,138.37762784957886,PLC -> IO,0.646952
1776098381.4116158,138.40385246276855,IO -> PLC,1.13439
1776098381.4493937,138.44163036346436,PLC -> IO,0.538512
1776098381.4756143,138.4678509235382,IO -> PLC,0.62393
1776098381.5133965,138.50563311576843,PLC -> IO,0.571592
1776098381.539613,138.53184962272644,IO -> PLC,0.92847
1776098381.577399,138.56963562965393,PLC -> IO,0.650202
1776098381.6036117,138.59584832191467,IO -> PLC,0.83387
1776098381.6414015,138.63363814353943,PLC -> IO,0.552562
1776098381.6676102,138.65984678268433,IO -> PLC,0.80967
1776098381.7054043,138.6976408958435,PLC -> IO,0.771422
1776098381.7316089,138.72384548187256,IO -> PLC,0.63411
1776098381.7694068,138.761643409729,PLC -> IO,0.722732
1776098381.7956064,138.7878429889679,IO -> PLC,0.84568
1776098381.8334093,138.8256459236145,PLC -> IO,0.575812
1776098381.8596048,138.85184144973755,IO -> PLC,1.06013
1776098381.897412,138.88964867591858,PLC -> IO,0.729292
1776098381.9236035,138.91584014892578,IO -> PLC,0.79761
1776098381.9614146,138.95365118980408,PLC -> IO,0.573502
1776098381.987602,138.97983860969543,IO -> PLC,0.63004
1776098382.025417,139.01765370368958,PLC -> IO,0.583372
1776098382.0516007,139.04383730888367,IO -> PLC,0.98474
1776098382.0894198,139.08165645599365,PLC -> IO,0.698302
1776098382.1155992,139.10783576965332,IO -> PLC,0.85518
1776098382.1534224,139.14565896987915,PLC -> IO,0.544172
1776098382.1795979,139.17183446884155,IO -> PLC,0.7249
1776098382.2174249,139.20966148376465,PLC -> IO,0.567902
1776098382.2435963,139.2358329296112,IO -> PLC,1.098
1776098382.2814276,139.27366423606873,PLC -> IO,0.656892
1776098382.307594,139.29983067512512,IO -> PLC,0.6069
1776098382.3454301,139.33766674995422,PLC -> IO,0.553742
1776098382.3715925,139.36382913589478,IO -> PLC,0.62599
1776098382.4094326,139.40166926383972,PLC -> IO,0.798672
1776098382.4355912,139.427827835083,IO -> PLC,0.93149
1776098382.4734354,139.4656720161438,PLC -> IO,0.606152
1776098382.4995897,139.49182629585266,IO -> PLC,0.63616
1776098382.537438,139.5296745300293,PLC -> IO,0.532112
1776098382.5635884,139.5558249950409,IO -> PLC,0.84253
1776098382.6014404,139.5936770439148,PLC -> IO,0.759042
1776098382.6275868,139.61982345581055,IO -> PLC,0.67409
1776098382.6654432,139.65767979621887,PLC -> IO,0.602762
1776098382.6915855,139.68382215499878,IO -> PLC,0.7739
1776098382.7294457,139.72168231010437,PLC -> IO,0.543112
1776098382.755583,139.74781966209412,IO -> PLC,0.62402
1776098382.7934482,139.78568482398987,PLC -> IO,1.224542
1776098382.8195817,139.81181836128235,IO -> PLC,0.66534
1776098382.857451,139.84968757629395,PLC -> IO,0.546232
1776098382.8835802,139.875816822052,IO -> PLC,0.63931
1776098382.9214535,139.91369009017944,PLC -> IO,0.558762
1776098382.947579,139.93981552124023,IO -> PLC,0.79232
1776098382.985456,139.97769260406494,PLC -> IO,0.662562
1776098383.0115774,140.0038139820099,IO -> PLC,0.81748
1776098383.0494587,140.04169535636902,PLC -> IO,0.531802
1776098383.075576,140.06781268119812,IO -> PLC,0.99722
1776098383.1134613,140.10569787025452,PLC -> IO,0.570082
1776098383.1395745,140.13181114196777,IO -> PLC,0.76605
1776098383.1774638,140.16970038414001,PLC -> IO,0.651252
1776098383.203572,140.1958086490631,IO -> PLC,0.92858
1776098383.2414665,140.2337031364441,PLC -> IO,0.543682
1776098383.2675707,140.25980734825134,IO -> PLC,0.72838
1776098383.305469,140.2977056503296,PLC -> IO,0.800702
1776098383.3315694,140.32380604743958,IO -> PLC,1.03307
1776098383.3694715,140.3617081642151,PLC -> IO,0.765862
1776098383.395568,140.38780450820923,IO -> PLC,0.86159
1776098383.4334743,140.42571091651917,PLC -> IO,0.774872
1776098383.4595666,140.45180320739746,IO -> PLC,0.72883
1776098383.4974768,140.48971343040466,PLC -> IO,0.733942
1776098383.523565,140.51580166816711,IO -> PLC,0.69264
1776098383.5614793,140.55371594429016,PLC -> IO,0.678472
1776098383.5875638,140.57980036735535,IO -> PLC,0.84045
1776098383.625482,140.61771869659424,PLC -> IO,0.572342
1776098383.6515613,140.64379787445068,IO -> PLC,0.63817
1776098383.6894846,140.68172121047974,PLC -> IO,0.707112
1776098383.7155597,140.70779633522034,IO -> PLC,0.67677
1776098383.7534873,140.7457239627838,PLC -> IO,0.548662
1776098383.7795584,140.77179503440857,IO -> PLC,0.82155
1776098383.8174899,140.8097264766693,PLC -> IO,0.558142
1776098383.8435571,140.8357937335968,IO -> PLC,0.61206
1776098383.8814924,140.8737289905548,PLC -> IO,0.643952
1776098383.9075556,140.89979219436646,IO -> PLC,0.94652
1776098383.9454951,140.9377317428589,PLC -> IO,0.556552
1776098383.9715543,140.9637908935547,IO -> PLC,0.63775
1776098384.0094976,141.00173425674438,PLC -> IO,0.570752
1776098384.0355527,141.02778935432434,IO -> PLC,0.61979
1776098384.0735002,141.06573677062988,PLC -> IO,0.634792
1776098384.0995514,141.09178805351257,IO -> PLC,0.6112
1776098384.137503,141.12973952293396,PLC -> IO,0.958612
1776098384.163549,141.1557855606079,IO -> PLC,0.78485
1776098384.2015054,141.19374203681946,PLC -> IO,0.797522
1776098384.2275474,141.21978402137756,IO -> PLC,0.78121
1776098384.265508,141.25774455070496,PLC -> IO,0.614442
1776098384.291546,141.2837827205658,IO -> PLC,0.88102
1776098384.3295107,141.32174730300903,PLC -> IO,0.539112
1776098384.3555448,141.34778141975403,IO -> PLC,0.63178
1776098384.3935132,141.38574981689453,PLC -> IO,0.728442
1776098384.4195433,141.41177988052368,IO -> PLC,0.97816
1776098384.4575157,141.44975233078003,PLC -> IO,0.561362
1776098384.483542,141.4757785797119,IO -> PLC,0.69011
1776098384.5215185,141.5137550830841,PLC -> IO,0.572042
1776098384.5475404,141.53977704048157,IO -> PLC,0.64039
1776098384.585521,141.5777575969696,PLC -> IO,0.828002
1776098384.611538,141.6037745475769,IO -> PLC,1.08021
1776098384.6495235,141.6417601108551,PLC -> IO,0.511232
1776098384.6755366,141.66777324676514,IO -> PLC,0.64952
1776098384.7135262,141.70576286315918,PLC -> IO,0.571192
1776098384.739535,141.7317717075348,IO -> PLC,0.62244
1776098384.7775288,141.76976537704468,PLC -> IO,0.625812
1776098384.8035338,141.79577040672302,IO -> PLC,0.71305
1776098384.8415313,141.83376789093018,PLC -> IO,0.554092
1776098384.8675325,141.85976910591125,IO -> PLC,0.63869
1776098384.905534,141.89777064323425,PLC -> IO,0.549562
1776098384.931531,141.9237675666809,IO -> PLC,0.61585
1776098384.9695365,141.96177315711975,PLC -> IO,0.741052
1776098384.9955297,141.98776626586914,IO -> PLC,0.84359
1776098385.033539,142.02577567100525,PLC -> IO,0.594202
1776098385.0595272,142.05176377296448,IO -> PLC,0.94869
1776098385.0975418,142.08977842330933,PLC -> IO,0.776012
1776098385.1235256,142.11576223373413,IO -> PLC,0.61528
1776098385.1615443,142.15378093719482,PLC -> IO,0.586762
1776098385.1875243,142.17976093292236,IO -> PLC,0.63116
1776098385.2255468,142.21778345108032,PLC -> IO,0.574242
1776098385.2515228,142.24375939369202,IO -> PLC,0.78625
1776098385.2895496,142.2817862033844,PLC -> IO,0.729882
1776098385.3155215,142.30775809288025,IO -> PLC,0.7991
1776098385.353552,142.3457887172699,PLC -> IO,0.563682
1776098385.3795202,142.37175679206848,IO -> PLC,0.87522
1776098385.4175546,142.4097912311554,PLC -> IO,0.599632
1776098385.4435186,142.43575525283813,IO -> PLC,0.67206
1776098385.4815574,142.47379398345947,PLC -> IO,0.673192
1776098385.5075161,142.49975275993347,IO -> PLC,0.75243
1776098385.54556,142.53779649734497,PLC -> IO,0.544272
1776098385.5715148,142.5637514591217,IO -> PLC,0.81031
1776098385.6095624,142.60179901123047,PLC -> IO,0.559112
1776098385.6355133,142.62774991989136,IO -> PLC,0.74764
1776098385.6735651,142.66580176353455,PLC -> IO,0.627482
1776098385.699512,142.6917486190796,IO -> PLC,0.72232
1776098385.7375677,142.72980427742004,PLC -> IO,0.537432
1776098385.7635105,142.75574707984924,IO -> PLC,0.62452
1776098385.8015702,142.79380679130554,PLC -> IO,0.801082
1776098385.8275092,142.81974577903748,IO -> PLC,0.89833
1776098385.865573,142.85780954360962,PLC -> IO,1.157932
1776098385.8915079,142.8837444782257,IO -> PLC,0.71245
1776098385.9295754,142.92181205749512,PLC -> IO,0.543552
1776098385.9555063,142.94774293899536,IO -> PLC,0.81242
1776098385.993578,142.98581457138062,PLC -> IO,0.747432
1776098386.0195038,143.0117404460907,IO -> PLC,0.76998
1776098386.0575807,143.0498173236847,PLC -> IO,0.580112
1776098386.0835025,143.07573914527893,IO -> PLC,0.99356
1776098386.1215832,143.1138198375702,PLC -> IO,0.582062
1776098386.147501,143.13973760604858,IO -> PLC,0.81999
1776098386.1855857,143.1778223514557,PLC -> IO,0.705082
1776098386.2114997,143.20373630523682,IO -> PLC,0.63323
1776098386.2495885,143.24182510375977,PLC -> IO,0.529592
1776098386.2754982,143.26773476600647,IO -> PLC,0.63263
1776098386.313591,143.30582761764526,PLC -> IO,0.554682
1776098386.3394969,143.3317334651947,IO -> PLC,0.63013
1776098386.3775935,143.36983013153076,PLC -> IO,0.772092
1776098386.4034953,143.39573192596436,IO -> PLC,0.81906
1776098386.4415963,143.43383288383484,PLC -> IO,0.541952
1776098386.4674928,143.4597294330597,IO -> PLC,0.87486
1776098386.5055988,143.49783539772034,PLC -> IO,0.548562
1776098386.5314915,143.52372813224792,IO -> PLC,1.1366
1776098386.5696013,143.56183791160583,PLC -> IO,0.878842
1776098386.5954902,143.58772683143616,IO -> PLC,0.77039
1776098386.633604,143.6258406639099,PLC -> IO,0.585522
1776098386.6594887,143.6517252922058,IO -> PLC,0.62667
1776098386.6976066,143.6898431777954,PLC -> IO,0.783322
1776098386.7234874,143.71572399139404,IO -> PLC,0.93544
1776098386.761609,143.7538456916809,PLC -> IO,0.595682
1776098386.7874858,143.7797224521637,IO -> PLC,0.7474
1776098386.8256118,143.81784844398499,PLC -> IO,0.544672
1776098386.8514845,143.84372115135193,IO -> PLC,0.87913
1776098386.8896143,143.88185095787048,PLC -> IO,0.748732
1776098386.915482,143.90771865844727,IO -> PLC,0.62452
1776098386.9536169,143.94585347175598,PLC -> IO,0.581412
1776098386.9794805,143.97171711921692,IO -> PLC,0.72857
1776098387.0176196,144.00985622406006,PLC -> IO,0.535852
1776098387.0434792,144.03571581840515,IO -> PLC,0.60813
1776098387.0816221,144.07385873794556,PLC -> IO,0.687742
1776098387.107478,144.09971451759338,IO -> PLC,0.65378
1776098387.1456246,144.13786125183105,PLC -> IO,0.537692
1776098387.1714764,144.16371297836304,IO -> PLC,0.69638
1776098387.2096274,144.20186400413513,PLC -> IO,0.568212
1776098387.235475,144.22771167755127,IO -> PLC,0.87603
1776098387.27363,144.26586651802063,PLC -> IO,0.641612
1776098387.2994735,144.29171013832092,IO -> PLC,0.62151
1776098387.3376324,144.32986903190613,PLC -> IO,0.553182
1776098387.363471,144.35570764541626,IO -> PLC,0.65067
1776098387.4016352,144.3938717842102,PLC -> IO,0.552422
1776098387.4274697,144.4197063446045,IO -> PLC,0.87962
1776098387.4656377,144.4578742980957,PLC -> IO,0.612872
1776098387.4914682,144.48370480537415,IO -> PLC,0.62093
1776098387.5296402,144.5218768119812,PLC -> IO,0.542032
1776098387.555467,144.54770350456238,IO -> PLC,0.61529
1776098387.593643,144.58587956428528,PLC -> IO,0.978632
1776098387.6194656,144.6117022037506,IO -> PLC,0.81543
1776098387.6576455,144.64988207817078,PLC -> IO,0.581142
1776098387.683464,144.67570066452026,IO -> PLC,0.78323
1776098387.7216482,144.71388483047485,PLC -> IO,0.520452
1776098387.7474627,144.7396993637085,IO -> PLC,0.85031
1776098387.7856507,144.77788734436035,PLC -> IO,0.750992
1776098387.8114612,144.80369782447815,IO -> PLC,0.84596
1776098387.8496532,144.84188985824585,PLC -> IO,0.544052
1776098387.8754587,144.8676953315735,IO -> PLC,0.75928
1776098387.913656,144.90589261054993,PLC -> IO,0.559142
1776098387.9394574,144.93169403076172,IO -> PLC,0.82117
1776098387.9776585,144.96989512443542,PLC -> IO,0.687982
1776098388.0034559,144.99569249153137,IO -> PLC,0.7164
1776098388.041661,145.03389763832092,PLC -> IO,0.539782
1776098388.0674546,145.0596911907196,IO -> PLC,1.10695
1776098388.1056638,145.097900390625,PLC -> IO,0.547982
1776098388.1314533,145.12368988990784,IO -> PLC,0.84322
1776098388.1696663,145.1619029045105,PLC -> IO,0.784422
1776098388.1954517,145.1876883506775,IO -> PLC,0.62661
1776098388.2336688,145.225905418396,PLC -> IO,0.579902
1776098388.2594504,145.25168704986572,IO -> PLC,0.84411
1776098388.2976716,145.28990817070007,PLC -> IO,0.976592
1776098388.323448,145.31568455696106,IO -> PLC,0.62846
1776098388.361674,145.35391068458557,PLC -> IO,0.564632
1776098388.3874464,145.3796830177307,IO -> PLC,0.62715
1776098388.4256766,145.41791319847107,PLC -> IO,0.560102
1776098388.451445,145.44368171691895,IO -> PLC,1.09874
1776098388.4896793,145.48191595077515,PLC -> IO,1.849952
1776098388.5154436,145.5076801776886,IO -> PLC,0.79309
1776098388.5536819,145.54591846466064,PLC -> IO,0.607312
1776098388.5794423,145.57167887687683,IO -> PLC,0.84058
1776098388.6176844,145.60992097854614,PLC -> IO,0.659822
1776098388.643441,145.63567757606506,IO -> PLC,1.08599
1776098388.681687,145.67392373085022,PLC -> IO,0.717382
1776098388.7074394,145.69967603683472,IO -> PLC,0.63377
1776098388.7456896,145.73792624473572,PLC -> IO,0.553492
1776098388.771437,145.76367354393005,IO -> PLC,0.62302
1776098388.8096921,145.80192875862122,PLC -> IO,0.735782
1776098388.8354356,145.8276722431183,IO -> PLC,1.45918
1776098388.873695,145.8659315109253,PLC -> IO,0.664062
1776098388.899434,145.89167070388794,IO -> PLC,0.80543
1776098388.9376974,145.9299340248108,PLC -> IO,0.536022
1776098388.9634328,145.95566940307617,IO -> PLC,0.77412
1776098389.0017,145.9939365386963,PLC -> IO,0.552702
1776098389.0274312,146.01966786384583,IO -> PLC,0.90361
1776098389.0657027,146.05793929100037,PLC -> IO,0.637222
1776098389.09143,146.08366656303406,IO -> PLC,0.6666
1776098389.1297052,146.12194180488586,PLC -> IO,0.553822
1776098389.1554286,146.1476652622223,IO -> PLC,0.94651
1776098389.1937077,146.18594431877136,PLC -> IO,0.792102
1776098389.219427,146.21166372299194,IO -> PLC,0.93511
1776098389.2577105,146.24994707107544,PLC -> IO,0.605592
1776098389.2834246,146.27566123008728,IO -> PLC,0.76027
1776098389.321713,146.31394958496094,PLC -> IO,0.542182
1776098389.3474233,146.3396599292755,IO -> PLC,0.9912
1776098389.3857155,146.37795209884644,PLC -> IO,0.785592
1776098389.4114218,146.40365839004517,IO -> PLC,0.957
1776098389.4497182,146.4419548511505,PLC -> IO,0.557152
1776098389.4754205,146.4676570892334,IO -> PLC,0.62759
1776098389.5137208,146.505957365036,PLC -> IO,0.556872
1776098389.539419,146.53165555000305,IO -> PLC,0.68052
1776098389.5777233,146.5699598789215,PLC -> IO,0.775242
1776098389.6034176,146.59565424919128,IO -> PLC,0.66144
1776098389.641726,146.6339626312256,PLC -> IO,0.525822
1776098389.667416,146.65965270996094,IO -> PLC,1.04598
1776098389.7057285,146.69796514511108,PLC -> IO,0.552432
1776098389.7314136,146.72365021705627,IO -> PLC,0.66041
1776098389.769731,146.76196765899658,PLC -> IO,0.796952
1776098389.7954123,146.7876489162445,IO -> PLC,0.83422
1776098389.8337338,146.82597041130066,PLC -> IO,0.592432
1776098389.859411,146.85164761543274,IO -> PLC,0.62145
1776098389.8977363,146.88997292518616,PLC -> IO,0.564642
1776098389.9234095,146.9156460762024,IO -> PLC,0.62527
1776098389.9617388,146.95397543907166,PLC -> IO,0.614442
1776098389.9874082,146.97964477539062,IO -> PLC,0.82028
1776098390.0257416,147.01797819137573,PLC -> IO,0.540402
1776098390.0514066,147.04364323616028,IO -> PLC,0.79208
1776098390.089744,147.08198070526123,PLC -> IO,0.777242
1776098390.1154053,147.1076419353485,IO -> PLC,0.96349
1776098390.1537466,147.14598321914673,PLC -> IO,0.628162
1776098390.1794028,147.17163944244385,IO -> PLC,0.62512
1776098390.2177494,147.2099859714508,PLC -> IO,0.539322
1776098390.2434013,147.2356379032135,IO -> PLC,0.69645
1776098390.2817519,147.2739884853363,PLC -> IO,0.737442
1776098390.3074,147.29963660240173,IO -> PLC,0.84938
1776098390.3457544,147.3379909992218,PLC -> IO,0.564442
1776098390.3713987,147.36363530158997,IO -> PLC,0.62781
1776098390.4097571,147.40199375152588,PLC -> IO,0.571362
1776098390.4353971,147.42763376235962,IO -> PLC,1.14852
1776098390.4737597,147.46599626541138,PLC -> IO,0.700052
1776098390.4993958,147.49163246154785,IO -> PLC,0.60822
1776098390.5377622,147.52999877929688,PLC -> IO,0.514562
1776098390.5633943,147.5556309223175,IO -> PLC,0.62827
1776098390.601765,147.59400153160095,PLC -> IO,0.731892
1776098390.6273918,147.61962842941284,IO -> PLC,0.71584
1776098390.6657674,147.65800404548645,PLC -> IO,0.640422
1776098390.6913905,147.68362712860107,IO -> PLC,0.65796
1776098390.72977,147.72200655937195,PLC -> IO,0.494442
1776098390.755389,147.74762558937073,IO -> PLC,0.62369
1776098390.7937727,147.78600931167603,PLC -> IO,0.556972
1776098390.8193877,147.81162428855896,IO -> PLC,0.89126
1776098390.8577752,147.85001182556152,PLC -> IO,0.630132
1776098390.8833864,147.8756229877472,IO -> PLC,0.62953
1776098390.9217777,147.91401433944702,PLC -> IO,0.796422
1776098390.9473848,147.93962144851685,IO -> PLC,0.61694
1776098390.9857805,147.9780170917511,PLC -> IO,0.926872
1776098391.0113835,148.00362014770508,IO -> PLC,0.63786
1776098391.049783,148.0420196056366,PLC -> IO,0.580102
1776098391.075382,148.06761860847473,IO -> PLC,1.0
1776098391.1137855,148.1060221195221,PLC -> IO,0.556142
1776098391.1393795,148.13161611557007,IO -> PLC,0.61443
1776098391.1777883,148.17002487182617,PLC -> IO,0.724502
1776098391.2033782,148.1956148147583,IO -> PLC,0.81656
1776098391.2417908,148.23402738571167,PLC -> IO,0.564782
1776098391.2673767,148.25961327552795,IO -> PLC,0.76708
1776098391.3057933,148.29802989959717,PLC -> IO,0.552502
1776098391.3313754,148.3236119747162,IO -> PLC,0.77466
1776098391.369796,148.36203265190125,PLC -> IO,0.837762
1776098391.395374,148.38761067390442,IO -> PLC,0.85614
1776098391.4337986,148.42603516578674,PLC -> IO,0.584272
1776098391.4593725,148.45160913467407,IO -> PLC,1.9596
1776098391.497801,148.49003767967224,PLC -> IO,0.551262
1776098391.5233712,148.5156078338623,IO -> PLC,0.77831
1776098391.5618038,148.55404043197632,PLC -> IO,0.628912
1776098391.5873687,148.57960534095764,IO -> PLC,0.80947
1776098391.6258063,148.61804294586182,PLC -> IO,0.556702
1776098391.6513672,148.6436038017273,IO -> PLC,0.90208
1776098391.6898088,148.68204545974731,PLC -> IO,0.774112
1776098391.715366,148.70760250091553,IO -> PLC,0.70292
1776098391.7538116,148.7460482120514,PLC -> IO,0.612082
1776098391.7793643,148.77160096168518,IO -> PLC,0.80072
1776098391.817814,148.8100507259369,PLC -> IO,0.568752
1776098391.843363,148.8355996608734,IO -> PLC,0.62012
1776098391.8818166,148.8740532398224,PLC -> IO,0.750322
1776098391.9073617,148.89959836006165,IO -> PLC,0.68201
1776098391.9458194,148.93805599212646,PLC -> IO,0.585552
1776098391.9713602,148.9635968208313,IO -> PLC,0.63758
1776098392.009822,149.00205850601196,PLC -> IO,0.555672
1776098392.0353577,149.02759432792664,IO -> PLC,0.62578
1776098392.0738244,149.06606101989746,PLC -> IO,0.698522
1776098392.0993564,149.09159302711487,IO -> PLC,0.65383
1776098392.1378272,149.13006377220154,PLC -> IO,0.539672
1776098392.1633549,149.15559148788452,IO -> PLC,0.62355
1776098392.2018297,149.19406628608704,PLC -> IO,0.564122
1776098392.2273536,149.21959018707275,IO -> PLC,0.61799
1776098392.2658322,149.25806879997253,PLC -> IO,0.663922
1776098392.291352,149.2835886478424,IO -> PLC,0.6226
1776098392.329835,149.3220715522766,PLC -> IO,0.549972
1776098392.3553507,149.34758734703064,IO -> PLC,0.78593
1776098392.3938375,149.3860740661621,PLC -> IO,0.514082
1776098392.4193492,149.4115858078003,IO -> PLC,1.01174
1776098392.45784,149.4500765800476,PLC -> IO,0.647172
1776098392.483348,149.47558450698853,IO -> PLC,0.8309
1776098392.5218427,149.51407933235168,PLC -> IO,0.540972
1776098392.5473454,149.53958201408386,IO -> PLC,0.62061
1776098392.5858452,149.57808184623718,PLC -> IO,0.786612
1776098392.611344,149.6035807132721,IO -> PLC,0.75003
1776098392.6498477,149.64208436012268,PLC -> IO,0.596972
1776098392.6753426,149.66757917404175,IO -> PLC,0.78663
1776098392.7138505,149.70608711242676,PLC -> IO,0.542372
1776098392.7393413,149.73157787322998,IO -> PLC,0.62515
1776098392.777853,149.77008962631226,PLC -> IO,0.720572
1776098392.8033397,149.79557633399963,IO -> PLC,0.74864
1776098392.8418555,149.83409214019775,PLC -> IO,0.569722
1776098392.8673384,149.85957503318787,IO -> PLC,0.88933
1776098392.9058583,149.89809489250183,PLC -> IO,0.566952
1776098392.9313369,149.92357349395752,IO -> PLC,0.6268
1776098392.9698608,149.96209740638733,PLC -> IO,0.831012
1776098392.9953344,149.98757100105286,IO -> PLC,0.68053
1776098393.0338633,150.02609992027283,PLC -> IO,0.564892
1776098393.059333,150.0515697002411,IO -> PLC,0.8089
1776098393.097866,150.0901026725769,PLC -> IO,0.552362
1776098393.1233318,150.11556839942932,IO -> PLC,0.70102
1776098393.1618686,150.1541051864624,PLC -> IO,0.664652
1776098393.1873302,150.17956686019897,IO -> PLC,0.79667
1776098393.225871,150.2181077003479,PLC -> IO,0.559072
1776098393.251329,150.2435655593872,IO -> PLC,0.8044
1776098393.2898738,150.28211045265198,PLC -> IO,0.559442
1776098393.3153274,150.30756402015686,IO -> PLC,0.60931
1776098393.3538764,150.34611296653748,PLC -> IO,0.632292
1776098393.379326,150.3715627193451,IO -> PLC,1.06778
1776098393.4178789,150.41011548042297,PLC -> IO,0.579452
1776098393.4433236,150.43556022644043,IO -> PLC,0.64932
1776098393.4818816,150.47411823272705,PLC -> IO,0.786212
1776098393.507322,150.49955868721008,IO -> PLC,0.87522
1776098393.5458841,150.53812074661255,PLC -> IO,0.592642
1776098393.5713208,150.56355738639832,IO -> PLC,0.79974
1776098393.6098866,150.60212326049805,PLC -> IO,0.554762
1776098393.6353195,150.62755608558655,IO -> PLC,0.81674
1776098393.6738894,150.66612601280212,PLC -> IO,0.716252
1776098393.699318,150.6915545463562,IO -> PLC,0.76503
1776098393.737892,150.73012852668762,PLC -> IO,0.557002
1776098393.7633166,150.75555324554443,IO -> PLC,0.80652
1776098393.8018944,150.79413104057312,PLC -> IO,0.560962
1776098393.827315,150.8195517063141,IO -> PLC,0.62055
1776098393.8658972,150.8581337928772,PLC -> IO,0.663482
1776098393.8913126,150.88354921340942,IO -> PLC,0.73372
1776098393.9298997,150.9221363067627,PLC -> IO,0.511842
1776098393.9553113,150.94754791259766,IO -> PLC,0.60624
1776098393.9939022,150.9861388206482,PLC -> IO,0.573902
1776098394.0193098,151.0115463733673,IO -> PLC,0.75133
1776098394.057905,151.05014157295227,PLC -> IO,0.642092
1776098394.0833085,151.07554507255554,IO -> PLC,0.69225
1776098394.1219075,151.11414408683777,PLC -> IO,0.542612
1776098394.1473072,151.13954377174377,IO -> PLC,0.80326
1776098394.1859102,151.17814683914185,PLC -> IO,0.819222
1776098394.2113056,151.20354223251343,IO -> PLC,0.64625
1776098394.2499127,151.24214935302734,PLC -> IO,0.604062
1776098394.2753043,151.26754093170166,IO -> PLC,0.67143
1776098394.3139153,151.30615186691284,PLC -> IO,0.534582
1776098394.3393028,151.3315393924713,IO -> PLC,0.63299
1776098394.377918,151.37015461921692,PLC -> IO,0.769582
1776098394.4033003,151.39553689956665,IO -> PLC,0.6764
1776098394.4419205,151.43415713310242,PLC -> IO,0.578032
1776098394.467299,151.45953559875488,IO -> PLC,0.67388
1776098394.505923,151.49815964698792,PLC -> IO,0.569682
1776098394.5312974,151.52353405952454,IO -> PLC,0.78705
1776098394.5699258,151.562162399292,PLC -> IO,0.862682
1776098394.5952961,151.58753275871277,IO -> PLC,0.81205
1776098394.6339283,151.6261649131775,PLC -> IO,0.585032
1776098394.6592948,151.651531457901,IO -> PLC,0.84546
1776098394.6979308,151.690167427063,PLC -> IO,0.552742
1776098394.7232933,151.71552991867065,IO -> PLC,0.97695
1776098394.7619336,151.75417017936707,PLC -> IO,0.677032
1776098394.7872918,151.7795283794403,IO -> PLC,0.80851
1776098394.825936,151.81817269325256,PLC -> IO,0.553322
1776098394.8512895,151.84352612495422,IO -> PLC,0.80888
1776098394.8899386,151.88217520713806,PLC -> IO,0.578072
1776098394.915288,151.90752458572388,IO -> PLC,0.7994
1776098394.9539413,151.94617795944214,PLC -> IO,0.643152
1776098394.9792867,151.9715232849121,IO -> PLC,0.74664
1776098395.0179439,152.01018047332764,PLC -> IO,0.541752
1776098395.0432851,152.03552174568176,IO -> PLC,0.60796
1776098395.0819464,152.07418298721313,PLC -> IO,0.781322
1776098395.1072838,152.09952044487,IO -> PLC,0.62672
1776098395.1459491,152.1381857395172,PLC -> IO,0.612882
1776098395.1712823,152.16351890563965,IO -> PLC,0.71533
1776098395.2099516,152.2021882534027,PLC -> IO,0.542282
1776098395.235281,152.22751760482788,IO -> PLC,0.84795
1776098395.2739542,152.2661907672882,PLC -> IO,0.738252
1776098395.2992785,152.29151511192322,IO -> PLC,0.62614
1776098395.337957,152.33019351959229,PLC -> IO,0.581652
1776098395.3632772,152.35551381111145,IO -> PLC,0.68707
1776098395.4019594,152.39419603347778,PLC -> IO,0.691372
1776098395.4272757,152.4195122718811,IO -> PLC,0.62727
1776098395.465962,152.45819854736328,PLC -> IO,0.679102
1776098395.4912744,152.48351097106934,IO -> PLC,0.61051
1776098395.5299647,152.52220129966736,PLC -> IO,0.517692
1776098395.5552728,152.547509431839,IO -> PLC,0.66416
1776098395.5939672,152.58620381355286,PLC -> IO,0.557092
1776098395.6192715,152.61150813102722,IO -> PLC,0.63588
1776098395.6579697,152.65020632743835,PLC -> IO,0.658022
1776098395.68327,152.67550659179688,IO -> PLC,0.6232
1776098395.7219725,152.71420907974243,PLC -> IO,0.549972
1776098395.7472687,152.7395052909851,IO -> PLC,0.83158
1776098395.785975,152.77821159362793,PLC -> IO,0.547542
1776098395.8112662,152.80350279808044,IO -> PLC,0.81283
1776098395.8499775,152.84221410751343,PLC -> IO,0.624712
1776098395.875265,152.86750149726868,IO -> PLC,0.79367
1776098395.9139802,152.9062168598175,PLC -> IO,0.535132
1776098395.9392633,152.93149995803833,IO -> PLC,0.86276
1776098395.9779828,152.970219373703,PLC -> IO,0.764632
1776098396.003262,152.99549865722656,IO -> PLC,1.36618
1776098396.0419853,153.0342218875885,PLC -> IO,0.590332
1776098396.0672605,153.05949711799622,IO -> PLC,1.03397
1776098396.105988,153.09822463989258,PLC -> IO,0.536462
1776098396.1312592,153.12349581718445,IO -> PLC,0.83672
1776098396.1699905,153.16222715377808,PLC -> IO,0.883942
1776098396.1952577,153.1874942779541,IO -> PLC,0.81998
1776098396.233993,153.22622966766357,PLC -> IO,0.601482
1776098396.2592552,153.25149178504944,IO -> PLC,0.72834
1776098396.2979958,153.29023241996765,PLC -> IO,0.551362
1776098396.3232539,153.31549048423767,IO -> PLC,0.79526
1776098396.3619983,153.35423493385315,PLC -> IO,0.681092
1776098396.3872526,153.3794891834259,IO -> PLC,0.71498
1776098396.4260008,153.41823744773865,PLC -> IO,0.541692
1776098396.451251,153.44348764419556,IO -> PLC,0.69814
1776098396.4900036,153.48224020004272,PLC -> IO,1.757932
1776098396.5152497,153.5074863433838,IO -> PLC,0.80499
1776098396.554006,153.54624271392822,PLC -> IO,0.671212
1776098396.5792482,153.57148480415344,IO -> PLC,1.02369
1776098396.6180086,153.61024522781372,PLC -> IO,0.546372
1776098396.643247,153.63548350334167,IO -> PLC,0.67396
1776098396.6820114,153.6742479801178,PLC -> IO,0.796912
1776098396.7072444,153.699481010437,IO -> PLC,0.62825
1776098396.7460139,153.7382504940033,PLC -> IO,0.616142
1776098396.7712429,153.76347947120667,IO -> PLC,1.24552
1776098396.8100164,153.8022530078888,PLC -> IO,0.550742
1776098396.8352416,153.8274781703949,IO -> PLC,0.64177
1776098396.8740191,153.86625576019287,PLC -> IO,0.778472
1776098396.8992403,153.89147686958313,IO -> PLC,0.62461
1776098396.9380217,153.93025827407837,PLC -> IO,0.589382
1776098396.9632387,153.95547533035278,IO -> PLC,0.61906
1776098397.0020242,153.99426078796387,PLC -> IO,0.583592
1776098397.0272374,154.01947402954102,IO -> PLC,0.83167
1776098397.066027,154.05826354026794,PLC -> IO,0.725702
1776098397.0912359,154.08347249031067,IO -> PLC,0.80044
1776098397.1300294,154.12226605415344,PLC -> IO,0.538302
1776098397.1552334,154.147469997406,IO -> PLC,0.78665
1776098397.194032,154.18626856803894,PLC -> IO,0.585392
1776098397.219232,154.21146869659424,IO -> PLC,0.78709
1776098397.2580347,154.25027132034302,PLC -> IO,0.666382
1776098397.2832305,154.2754671573639,IO -> PLC,0.94738
1776098397.3220372,154.31427383422852,PLC -> IO,0.528582
1776098397.3472292,154.33946585655212,IO -> PLC,0.73901
1776098397.3860397,154.378276348114,PLC -> IO,0.645752
1776098397.4112277,154.40346431732178,IO -> PLC,0.60521
1776098397.4500425,154.4422791004181,PLC -> IO,0.629952
1776098397.4752264,154.46746301651,IO -> PLC,0.72382
1776098397.514045,154.5062816143036,PLC -> IO,0.548952
1776098397.5392249,154.53146147727966,IO -> PLC,0.72211
1776098397.5780475,154.5702841281891,PLC -> IO,0.768842
1776098397.6032236,154.5954601764679,IO -> PLC,0.93464
1776098397.6420503,154.63428688049316,PLC -> IO,0.596712
1776098397.667221,154.65945768356323,IO -> PLC,0.68332
1776098397.7060528,154.69828939437866,PLC -> IO,0.550912
1776098397.7312198,154.72345638275146,IO -> PLC,0.68376
1776098397.7700553,154.76229190826416,PLC -> IO,0.888162
1776098397.7952182,154.78745484352112,IO -> PLC,0.63188
1776098397.834058,154.82629466056824,PLC -> IO,0.615552
1776098397.859217,154.85145354270935,IO -> PLC,0.62216
1776098397.8980606,154.89029717445374,PLC -> IO,0.719202
1776098397.9232154,154.915452003479,IO -> PLC,0.65758
1776098397.962063,154.95429968833923,PLC -> IO,0.702192
1776098397.987214,154.97945070266724,IO -> PLC,0.79011
1776098398.0260658,155.0183024406433,PLC -> IO,0.537512
1776098398.0512125,155.0434491634369,IO -> PLC,1.15521
1776098398.0900683,155.0823049545288,PLC -> IO,0.565642
1776098398.1152103,155.1074469089508,IO -> PLC,0.61507
1776098398.1540709,155.1463074684143,PLC -> IO,0.671282
1776098398.1792088,155.17144536972046,IO -> PLC,0.62791
1776098398.2180736,155.21031022071838,PLC -> IO,0.546112
1776098398.2432075,155.2354440689087,IO -> PLC,0.7922
1776098398.2820761,155.27431273460388,PLC -> IO,0.589122
1776098398.307206,155.29944252967834,IO -> PLC,0.65857
1776098398.3460786,155.33831524848938,PLC -> IO,0.618522
1776098398.3712046,155.36344122886658,IO -> PLC,0.77382
1776098398.4100814,155.40231800079346,PLC -> IO,0.877372
1776098398.435203,155.42743968963623,IO -> PLC,0.7465
1776098398.474084,155.46632051467896,PLC -> IO,0.781882
1776098398.4992018,155.49143838882446,IO -> PLC,0.62126
1776098398.5380864,155.53032302856445,PLC -> IO,0.610962
1776098398.5631993,155.5554358959198,IO -> PLC,0.62178
1776098398.6020892,155.59432578086853,PLC -> IO,0.563722
1776098398.627198,155.61943459510803,IO -> PLC,0.73495
1776098398.6660917,155.65832829475403,PLC -> IO,0.724962
1776098398.6911964,155.68343305587769,IO -> PLC,0.77331
1776098398.7300942,155.72233080863953,PLC -> IO,0.553882
1776098398.7551951,155.74743175506592,IO -> PLC,0.74224
1776098398.794097,155.7863335609436,PLC -> IO,0.763612
1776098398.8191936,155.81143021583557,IO -> PLC,0.6986
1776098398.8580995,155.8503360748291,PLC -> IO,0.703642
1776098398.8831923,155.8754289150238,IO -> PLC,0.78297
1776098398.922102,155.9143385887146,PLC -> IO,0.515292
1776098398.9471908,155.93942737579346,IO -> PLC,0.63189
1776098398.9861047,155.97834134101868,PLC -> IO,0.546852
1776098399.0111883,156.0034248828888,IO -> PLC,0.67241
1776098399.0501072,156.04234385490417,PLC -> IO,0.648492
1776098399.075187,156.06742358207703,IO -> PLC,0.78854
1776098399.1141098,156.10634636878967,PLC -> IO,0.549092
1776098399.1391854,156.13142204284668,IO -> PLC,0.62643
1776098399.1781125,156.17034912109375,PLC -> IO,0.569372
1776098399.2031841,156.1954207420349,IO -> PLC,0.934
1776098399.242115,156.23435163497925,PLC -> IO,0.593092
1776098399.2671826,156.25941920280457,IO -> PLC,0.62947
1776098399.3061175,156.29835414886475,PLC -> IO,0.537372
1776098399.3311813,156.3234179019928,IO -> PLC,0.804
1776098399.3701203,156.36235690116882,PLC -> IO,0.929032
1776098399.3951797,156.38741636276245,IO -> PLC,0.58116
1776098399.4341228,156.42635941505432,PLC -> IO,0.617532
1776098399.4591784,156.45141506195068,IO -> PLC,0.6412
1776098399.4981253,156.49036192893982,PLC -> IO,0.532692
1776098399.523176,156.51541256904602,IO -> PLC,0.7759
1776098399.562128,156.5543646812439,PLC -> IO,0.722582
1776098399.5871747,156.57941126823425,IO -> PLC,0.86347
1776098399.6261306,156.6183671951294,PLC -> IO,0.540852
1776098399.651173,156.6434097290039,IO -> PLC,0.75959
1776098399.690133,156.6823697090149,PLC -> IO,0.566582
1776098399.7151718,156.70740842819214,IO -> PLC,0.74163
1776098399.7541358,156.74637246131897,PLC -> IO,0.701342
1776098399.7791703,156.7714068889618,IO -> PLC,0.83936
1776098399.8181384,156.81037497520447,PLC -> IO,0.561612
1776098399.843169,156.83540558815002,IO -> PLC,0.58387
1776098399.8821409,156.87437748908997,PLC -> IO,0.557342
1776098399.9071674,156.89940404891968,IO -> PLC,0.71561
1776098399.9461436,156.93838024139404,PLC -> IO,0.668412
1776098399.9711652,156.9634017944336,IO -> PLC,0.83166
1776098400.0101461,157.00238275527954,PLC -> IO,0.552532
1776098400.0351636,157.02740025520325,IO -> PLC,0.63449
1776098400.0741487,157.06638526916504,PLC -> IO,0.793702
1776098400.0991623,157.09139895439148,IO -> PLC,0.67718
1776098400.1381514,157.13038802146912,PLC -> IO,0.625892
1776098400.1631608,157.15539741516113,IO -> PLC,0.62218
1776098400.202154,157.19439053535461,PLC -> IO,0.669382
1776098400.2271595,157.21939611434937,IO -> PLC,0.62702
1776098400.2661564,157.2583930492401,PLC -> IO,0.734872
1776098400.291158,157.28339457511902,IO -> PLC,0.65098
1776098400.3301592,157.3223958015442,PLC -> IO,0.563302
1776098400.3551567,157.34739327430725,IO -> PLC,0.64232
1776098400.3941617,157.3863983154297,PLC -> IO,0.662702
1776098400.4191542,157.4113907814026,IO -> PLC,0.62228
1776098400.4581642,157.45040082931519,PLC -> IO,0.721712
1776098400.4831529,157.47538948059082,IO -> PLC,0.64448
1776098400.522167,157.51440358161926,PLC -> IO,0.545422
1776098400.5471513,157.53938794136047,IO -> PLC,0.62436
1776098400.5861695,157.57840609550476,PLC -> IO,0.652982
1776098400.61115,157.6033866405487,IO -> PLC,0.78553
1776098400.650172,157.64240860939026,PLC -> IO,0.665342
1776098400.6751485,157.66738510131836,IO -> PLC,0.91103
1776098400.7141747,157.70641136169434,PLC -> IO,0.552492
1776098400.7391472,157.7313838005066,IO -> PLC,0.79283
1776098400.7781773,157.77041387557983,PLC -> IO,0.555662
1776098400.8031456,157.79538226127625,IO -> PLC,0.97664
1776098400.8421798,157.83441638946533,PLC -> IO,0.629142
1776098400.8671443,157.85938096046448,IO -> PLC,0.73747
1776098400.9061825,157.8984191417694,PLC -> IO,0.533662
1776098400.9311419,157.92337846755981,IO -> PLC,0.71264
1776098400.970185,157.9624216556549,PLC -> IO,0.917792
1776098400.9951406,157.98737716674805,IO -> PLC,0.72316
1776098401.0341876,158.0264241695404,PLC -> IO,0.920242
1776098401.059139,158.0513756275177,IO -> PLC,0.59873
1776098401.0981903,158.09042692184448,PLC -> IO,0.552982
1776098401.1231375,158.11537408828735,IO -> PLC,0.90134
1776098401.1621928,158.15442943572998,PLC -> IO,0.738072
1776098401.1871362,158.1793727874756,IO -> PLC,0.7533
1776098401.2261953,158.21843194961548,PLC -> IO,0.570672
1776098401.2511346,158.24337124824524,IO -> PLC,0.82663
1776098401.290198,158.28243470191956,PLC -> IO,0.565172
1776098401.3151333,158.30736994743347,IO -> PLC,0.62634
1776098401.3542006,158.34643721580505,PLC -> IO,0.702982
1776098401.3791308,158.3713674545288,IO -> PLC,0.66991
1776098401.418203,158.41043972969055,PLC -> IO,1.024962
1776098401.4431295,158.43536615371704,IO -> PLC,0.63764
1776098401.4822059,158.47444248199463,PLC -> IO,0.567142
1776098401.507128,158.4993646144867,IO -> PLC,0.61576
1776098401.5462084,158.53844499588013,PLC -> IO,0.649182
1776098401.5711267,158.56336331367493,IO -> PLC,0.66028
1776098401.610211,158.60244750976562,PLC -> IO,0.533052
1776098401.6351252,158.62736177444458,IO -> PLC,0.63001
1776098401.6742136,158.6664502620697,PLC -> IO,0.542132
1776098401.6991239,158.6913604736328,IO -> PLC,0.79934
1776098401.7382162,158.7304527759552,PLC -> IO,0.636982
1776098401.7631223,158.75535893440247,IO -> PLC,0.61969
1776098401.8022187,158.7944552898407,PLC -> IO,0.542932
1776098401.82712,158.81935667991638,IO -> PLC,0.62438
1776098401.8662214,158.85845804214478,PLC -> IO,0.752752
1776098401.8911185,158.88335514068604,IO -> PLC,0.81956
1776098401.930224,158.92246055603027,PLC -> IO,0.596472
1776098401.9551172,158.94735383987427,IO -> PLC,0.82088
1776098401.9942265,158.98646306991577,PLC -> IO,0.720032
1776098402.0191157,159.01135230064392,IO -> PLC,0.79196
1776098402.0582292,159.05046582221985,PLC -> IO,0.717112
1776098402.0831144,159.07535099983215,IO -> PLC,0.73392
1776098402.1222317,159.11446833610535,PLC -> IO,0.559952
1776098402.1471128,159.1393494606018,IO -> PLC,0.78878
1776098402.1862342,159.17847084999084,PLC -> IO,0.568792
1776098402.2111115,159.20334815979004,IO -> PLC,0.62953
1776098402.250237,159.24247360229492,PLC -> IO,0.677872
1776098402.275109,159.26734566688538,IO -> PLC,0.69854
1776098402.3142395,159.30647611618042,PLC -> IO,0.545822
1776098402.3391078,159.3313443660736,IO -> PLC,0.77602
1776098402.378242,159.37047863006592,PLC -> IO,0.552662
1776098402.4031062,159.39534282684326,IO -> PLC,0.67502
1776098402.4422448,159.43448138237,PLC -> IO,0.628392
1776098402.467105,159.4593415260315,IO -> PLC,0.68275
1776098402.5062473,159.4984838962555,PLC -> IO,0.531312
1776098402.5311034,159.52333998680115,IO -> PLC,0.81945
1776098402.5702498,159.562486410141,PLC -> IO,0.923602
1776098402.595102,159.58733868598938,IO -> PLC,0.61732
1776098402.6342525,159.62648916244507,PLC -> IO,0.654822
1776098402.6591005,159.65133714675903,IO -> PLC,0.96074
1776098402.698255,159.69049167633057,PLC -> IO,0.535982
1776098402.7230992,159.71533584594727,IO -> PLC,0.84974
1776098402.7622576,159.75449419021606,PLC -> IO,0.770672
1776098402.7870967,159.7793333530426,IO -> PLC,0.88186
1776098402.8262603,159.81849694252014,PLC -> IO,0.594542
1776098402.8510954,159.84333205223083,IO -> PLC,0.89783
1776098402.8902628,159.88249945640564,PLC -> IO,0.575862
1776098402.915094,159.9073305130005,IO -> PLC,0.81339
1776098402.9542654,159.94650197029114,PLC -> IO,0.733992
1776098402.9790926,159.97132921218872,IO -> PLC,0.79231
1776098403.018268,160.01050472259521,PLC -> IO,0.535622
1776098403.043091,160.03532767295837,IO -> PLC,0.69043
1776098403.0822706,160.0745072364807,PLC -> IO,0.579672
1776098403.1070898,160.0993263721466,IO -> PLC,0.64071
1776098403.1462731,160.1385097503662,PLC -> IO,0.668192
1776098403.1710882,160.16332483291626,IO -> PLC,0.77036
1776098403.210276,160.2025125026703,PLC -> IO,0.492942
1776098403.2350857,160.2273223400116,IO -> PLC,0.84458
1776098403.2742784,160.2665150165558,PLC -> IO,0.546192
1776098403.2990844,160.29132103919983,IO -> PLC,0.63213
1776098403.338281,160.33051753044128,PLC -> IO,0.676642
1776098403.363083,160.35531949996948,IO -> PLC,0.72578
1776098403.4022837,160.39452028274536,PLC -> IO,0.556832
1776098403.4270816,160.41931819915771,IO -> PLC,0.60342
1776098403.4662862,160.45852279663086,PLC -> IO,0.792082
1776098403.49108,160.48331665992737,IO -> PLC,0.62026
1776098403.5302887,160.52252531051636,PLC -> IO,0.587872
1776098403.5550787,160.5473153591156,IO -> PLC,0.7028
1776098403.5942914,160.58652806282043,PLC -> IO,0.544222
1776098403.6190772,160.61131381988525,IO -> PLC,0.82308
1776098403.658294,160.65053057670593,PLC -> IO,0.747792
1776098403.683075,160.67531156539917,IO -> PLC,0.62104
1776098403.7222965,160.71453309059143,PLC -> IO,0.574392
1776098403.7470734,160.73931002616882,IO -> PLC,0.6654
1776098403.7862992,160.7785358428955,PLC -> IO,0.569302
1776098403.811072,160.80330872535706,IO -> PLC,0.78673
1776098403.8503017,160.842538356781,PLC -> IO,0.713752
1776098403.8750706,160.8673071861267,IO -> PLC,0.82935
1776098403.9143043,160.9065408706665,PLC -> IO,0.539792
1776098403.9390693,160.93130588531494,IO -> PLC,0.63706
1776098403.978307,160.97054362297058,PLC -> IO,0.565502
1776098404.0030677,160.9953043460846,IO -> PLC,0.78831
1776098404.0423095,161.03454613685608,PLC -> IO,0.648992
1776098404.0670664,161.05930304527283,IO -> PLC,0.6117
1776098404.106312,161.09854865074158,PLC -> IO,0.548482
1776098404.131065,161.12330150604248,IO -> PLC,0.85688
1776098404.1703148,161.16255140304565,PLC -> IO,0.564042
1776098404.1950626,161.1872992515564,IO -> PLC,0.9751
1776098404.2343173,161.22655391693115,PLC -> IO,0.651452
1776098404.259061,161.25129771232605,IO -> PLC,0.75953
1776098404.2983198,161.29055643081665,PLC -> IO,0.535892
1776098404.3230598,161.31529641151428,IO -> PLC,0.59204
1776098404.3623226,161.35455918312073,PLC -> IO,0.791232
1776098404.3870583,161.37929487228394,IO -> PLC,0.78738
1776098404.426325,161.41856169700623,PLC -> IO,1.205612
1776098404.451057,161.44329357147217,IO -> PLC,1.18712
1776098404.4903276,161.48256421089172,PLC -> IO,1.848082
1776098404.5150554,161.50729203224182,IO -> PLC,0.76786
1776098404.5543303,161.5465669631958,PLC -> IO,0.759772
1776098404.579054,161.57129073143005,IO -> PLC,0.61679
1776098404.6183329,161.6105694770813,PLC -> IO,0.557002
1776098404.6430516,161.6352882385254,IO -> PLC,0.71139
1776098404.6823354,161.6745719909668,PLC -> IO,0.578962
1776098404.7070503,161.69928693771362,IO -> PLC,0.77856
1776098404.7463381,161.73857474327087,PLC -> IO,0.669412
1776098404.7710488,161.76328539848328,IO -> PLC,0.72484
1776098404.8103406,161.80257725715637,PLC -> IO,0.527522
1776098404.8350475,161.8272840976715,IO -> PLC,0.68136
1776098404.8743432,161.86657977104187,PLC -> IO,0.548602
1776098404.899046,161.89128255844116,IO -> PLC,0.82606
1776098404.938346,161.93058252334595,PLC -> IO,0.694172
1776098404.9630446,161.9552812576294,IO -> PLC,0.7581
1776098405.0023484,161.99458503723145,PLC -> IO,0.556602
1776098405.027043,162.01927971839905,IO -> PLC,0.6419
1776098405.066351,162.05858755111694,PLC -> IO,0.820092
1776098405.0910406,162.08327722549438,IO -> PLC,0.62394
1776098405.1303537,162.12259030342102,PLC -> IO,0.589802
1776098405.1550393,162.14727592468262,IO -> PLC,0.62014
1776098405.1943562,162.18659281730652,PLC -> IO,0.531592
1776098405.2190378,162.21127438545227,IO -> PLC,0.83076
1776098405.2583587,162.25059533119202,PLC -> IO,0.757562
1776098405.2830365,162.2752730846405,IO -> PLC,0.78432
1776098405.3223615,162.3145980834961,PLC -> IO,0.586002
1776098405.347035,162.33927154541016,IO -> PLC,0.77565
1776098405.386364,162.3786005973816,PLC -> IO,0.551562
1776098405.4110336,162.4032702445984,IO -> PLC,0.59176
1776098405.4503665,162.4426031112671,PLC -> IO,0.718412
1776098405.4750323,162.46726894378662,IO -> PLC,0.73053
1776098405.5143692,162.50660586357117,PLC -> IO,0.547322
1776098405.5390298,162.53126645088196,IO -> PLC,0.7577
1776098405.5783718,162.57060837745667,PLC -> IO,0.570332
1776098405.6030283,162.5952649116516,IO -> PLC,0.60862
1776098405.6423743,162.63461089134216,PLC -> IO,0.660052
1776098405.667027,162.65926361083984,IO -> PLC,0.70219
1776098405.706377,162.69861364364624,PLC -> IO,0.537932
1776098405.7310255,162.7232620716095,IO -> PLC,0.72007
1776098405.7703795,162.76261615753174,PLC -> IO,0.579262
1776098405.7950242,162.78726077079773,IO -> PLC,0.84868
1776098405.834382,162.82661867141724,PLC -> IO,0.659382
1776098405.8590226,162.85125923156738,IO -> PLC,0.73465
1776098405.8983848,162.8906214237213,PLC -> IO,0.533672
1776098405.9230213,162.91525793075562,IO -> PLC,0.69821
1776098405.9623873,162.9546239376068,PLC -> IO,0.788522
1776098405.98702,162.97925662994385,IO -> PLC,0.76033
1776098406.0263898,163.0186264514923,PLC -> IO,0.611422
1776098406.0510175,163.04325413703918,IO -> PLC,0.71989
1776098406.0903926,163.0826292037964,PLC -> IO,0.543952
1776098406.115016,163.10725259780884,IO -> PLC,0.65666
1776098406.154395,163.14663171768188,PLC -> IO,0.768322
1776098406.1790147,163.17125129699707,IO -> PLC,0.77183
1776098406.2183976,163.21063423156738,PLC -> IO,0.583382
1776098406.2430131,163.23524975776672,IO -> PLC,0.60755
1776098406.2824004,163.27463698387146,PLC -> IO,0.581352
1776098406.3070118,163.29924845695496,IO -> PLC,0.91312
1776098406.346403,163.33863949775696,PLC -> IO,0.699722
1776098406.3710103,163.3632469177246,IO -> PLC,0.78588
1776098406.4104054,163.40264201164246,PLC -> IO,0.527042
1776098406.435009,163.42724561691284,IO -> PLC,0.79233
1776098406.4744081,163.46664476394653,PLC -> IO,0.549312
1776098406.4990065,163.49124312400818,IO -> PLC,0.69869
1776098406.5384107,163.53064727783203,PLC -> IO,0.663512
1776098406.5630052,163.5552418231964,IO -> PLC,0.77842
1776098406.6024132,163.59464979171753,PLC -> IO,0.546832
1776098406.6270037,163.61924028396606,IO -> PLC,0.77142
1776098406.666416,163.6586525440216,PLC -> IO,0.545502
1776098406.6910024,163.6832389831543,IO -> PLC,0.79042
1776098406.7304184,163.7226550579071,PLC -> IO,0.643792
1776098406.7550008,163.74723744392395,IO -> PLC,0.76655
1776098406.794421,163.7866575717926,PLC -> IO,0.546152
1776098406.8189995,163.81123614311218,IO -> PLC,0.73716
1776098406.8584237,163.85066032409668,PLC -> IO,0.765632
1776098406.882998,163.87523460388184,IO -> PLC,0.55647
1776098406.9224262,163.91466283798218,PLC -> IO,0.599022
1776098406.9469955,163.93923211097717,IO -> PLC,0.6582
1776098406.9864287,163.97866535186768,PLC -> IO,0.565872
1776098407.0109942,164.0032308101654,IO -> PLC,0.70681
1776098407.0504315,164.04266810417175,PLC -> IO,0.747282
1776098407.0749927,164.06722927093506,IO -> PLC,0.59789
1776098407.114434,164.10667061805725,PLC -> IO,0.568832
1776098407.1389914,164.1312279701233,IO -> PLC,0.62409
1776098407.1784365,164.17067313194275,PLC -> IO,0.569112
1776098407.20299,164.19522666931152,IO -> PLC,0.91623
1776098407.2424393,164.23467588424683,PLC -> IO,0.688602
1776098407.2669885,164.25922513008118,IO -> PLC,0.80627
1776098407.3064418,164.29867839813232,PLC -> IO,0.503992
1776098407.3309872,164.3232238292694,IO -> PLC,0.60703
1776098407.3704443,164.36268091201782,PLC -> IO,0.560522
1776098407.3949857,164.38722229003906,IO -> PLC,0.64051
1776098407.434447,164.4266836643219,PLC -> IO,1.329712
1776098407.4589832,164.4512197971344,IO -> PLC,0.63776
1776098407.4984496,164.4906861782074,PLC -> IO,0.549232
1776098407.522982,164.51521849632263,IO -> PLC,1.10222
1776098407.562452,164.5546886920929,PLC -> IO,0.549282
1776098407.5869803,164.57921695709229,IO -> PLC,0.83537
1776098407.6264548,164.61869144439697,PLC -> IO,0.620202
1776098407.650979,164.64321565628052,IO -> PLC,0.86774
1776098407.6904573,164.68269395828247,PLC -> IO,0.540002
1776098407.7149777,164.70721435546875,IO -> PLC,0.77914
1776098407.7544599,164.74669647216797,PLC -> IO,0.789972
1776098407.7789762,164.7712128162384,IO -> PLC,0.81759
1776098407.8184626,164.81069922447205,PLC -> IO,0.592242
1776098407.842975,164.83521151542664,IO -> PLC,0.6501
1776098407.8824651,164.87470173835754,PLC -> IO,0.581412
1776098407.9069724,164.89920902252197,IO -> PLC,0.78472
1776098407.9464676,164.93870425224304,PLC -> IO,0.730402
1776098407.9709709,164.96320748329163,IO -> PLC,0.85709
1776098408.0104704,165.00270700454712,PLC -> IO,0.556692
1776098408.0349696,165.02720618247986,IO -> PLC,0.69792
1776098408.074473,165.06670951843262,PLC -> IO,0.553132
1776098408.098968,165.0912046432495,IO -> PLC,0.71469
1776098408.1384754,165.13071203231812,PLC -> IO,0.705252
1776098408.1629667,165.15520334243774,IO -> PLC,0.5472
1776098408.2024782,165.1947147846222,PLC -> IO,0.625772
1776098408.2269654,165.21920204162598,IO -> PLC,0.62262
1776098408.2664807,165.2587172985077,PLC -> IO,0.564532
1776098408.290964,165.28320050239563,IO -> PLC,0.68946
1776098408.3304832,165.3227198123932,PLC -> IO,0.640972
1776098408.3549614,165.34719800949097,IO -> PLC,0.80583
1776098408.394486,165.38672256469727,PLC -> IO,0.546762
1776098408.41896,165.4111967086792,IO -> PLC,0.61986
1776098408.4584885,165.45072507858276,PLC -> IO,0.778732
1776098408.4829586,165.47519516944885,IO -> PLC,0.93592
1776098408.522491,165.51472759246826,PLC -> IO,0.627242
1776098408.5469573,165.53919386863708,IO -> PLC,1.03366
1776098408.5864937,165.57873034477234,PLC -> IO,0.538082
1776098408.6109557,165.60319232940674,IO -> PLC,0.62464
1776098408.6504962,165.64273285865784,PLC -> IO,1.158862
1776098408.6749544,165.66719102859497,IO -> PLC,0.63732
1776098408.7144988,165.70673537254333,PLC -> IO,0.712722
1776098408.7389529,165.73118948936462,IO -> PLC,0.99226
1776098408.7785013,165.77073788642883,PLC -> IO,0.552122
1776098408.8029504,165.79518699645996,IO -> PLC,0.80647
1776098408.842504,165.8347406387329,PLC -> IO,0.706242
1776098408.866949,165.8591856956482,IO -> PLC,1.19909
1776098408.9065065,165.8987431526184,PLC -> IO,0.543002
1776098408.9309478,165.92318439483643,IO -> PLC,0.80231
1776098408.970509,165.9627456665039,PLC -> IO,0.561762
1776098408.9949462,165.98718285560608,IO -> PLC,0.76379
1776098409.0345118,166.02674841880798,PLC -> IO,0.708442
1776098409.058945,166.0511815547943,IO -> PLC,0.94152
1776098409.0985143,166.09075093269348,PLC -> IO,0.547592
1776098409.1229434,166.11518001556396,IO -> PLC,0.74149
1776098409.1625168,166.15475344657898,PLC -> IO,0.558352
1776098409.186942,166.1791787147522,IO -> PLC,0.96818
1776098409.2265196,166.21875619888306,PLC -> IO,0.732402
1776098409.2509406,166.24317717552185,IO -> PLC,0.78013
1776098409.290522,166.28275871276855,PLC -> IO,0.724762
1776098409.314938,166.3071746826172,IO -> PLC,0.61385
1776098409.3545246,166.34676122665405,PLC -> IO,0.823692
1776098409.3789368,166.37117338180542,IO -> PLC,0.69726
1776098409.4185274,166.41076397895813,PLC -> IO,0.641642
1776098409.4429355,166.43517208099365,IO -> PLC,0.80947
1776098409.4825299,166.47476649284363,PLC -> IO,0.567272
1776098409.506934,166.4991705417633,IO -> PLC,0.61951
1776098409.5465324,166.53876900672913,PLC -> IO,0.722762
1776098409.5709326,166.56316924095154,IO -> PLC,0.77363
1776098409.6105351,166.6027717590332,PLC -> IO,0.578632
1776098409.634931,166.6271677017212,IO -> PLC,0.78225
1776098409.6745377,166.6667742729187,PLC -> IO,0.556442
1776098409.6989298,166.69116640090942,IO -> PLC,0.62716
1776098409.7385402,166.7307767868042,PLC -> IO,0.688162
1776098409.7629273,166.75516390800476,IO -> PLC,0.65017
1776098409.802543,166.79477953910828,PLC -> IO,0.519482
1776098409.8269258,166.8191623687744,IO -> PLC,0.61901
1776098409.8665454,166.85878205299377,PLC -> IO,0.558082
1776098409.8909245,166.88316106796265,IO -> PLC,1.11603
1776098409.930548,166.92278456687927,PLC -> IO,0.654702
1776098409.954923,166.9471595287323,IO -> PLC,0.80431
1776098409.9945507,166.98678731918335,PLC -> IO,0.562492
1776098410.0189216,167.01115822792053,IO -> PLC,0.79987
1776098410.0585532,167.05078983306885,PLC -> IO,0.559742
1776098410.08292,167.07515668869019,IO -> PLC,1.23033
1776098410.1225557,167.11479234695435,PLC -> IO,0.615072
1776098410.1469188,167.13915538787842,IO -> PLC,0.59995
1776098410.1865585,167.17879509925842,PLC -> IO,0.536382
1776098410.2109163,167.20315289497375,IO -> PLC,0.82489
1776098410.250561,167.24279761314392,PLC -> IO,0.771552
1776098410.274915,167.267151594162,IO -> PLC,0.74637
1776098410.3145635,167.30680012702942,PLC -> IO,0.588872
1776098410.3389134,167.33115005493164,IO -> PLC,0.59737
1776098410.3785663,167.3708028793335,PLC -> IO,0.530422
1776098410.4029121,167.39514875411987,IO -> PLC,0.62253
1776098410.4425688,167.434805393219,PLC -> IO,0.737432
1776098410.4669106,167.45914721488953,IO -> PLC,0.96396
1776098410.5065713,167.4988079071045,PLC -> IO,0.563792
1776098410.5309093,167.52314591407776,IO -> PLC,0.60926
1776098410.570574,167.56281065940857,PLC -> IO,0.578002
1776098410.5949078,167.5871443748474,IO -> PLC,1.10629
1776098410.6345766,167.62681317329407,PLC -> IO,0.703392
1776098410.6589065,167.65114307403564,IO -> PLC,0.67679
1776098410.698579,167.69081568717957,PLC -> IO,0.528152
1776098410.722904,167.71514058113098,IO -> PLC,0.80341
1776098410.7625818,167.75481843948364,PLC -> IO,0.571872
1776098410.7869027,167.7791392803192,IO -> PLC,0.63688
1776098410.8265843,167.81882095336914,PLC -> IO,0.632082
1776098410.8509011,167.84313774108887,IO -> PLC,0.65181
1776098410.8905869,167.88282346725464,PLC -> IO,0.539642
1776098410.9148998,167.9071364402771,IO -> PLC,0.81402
1776098410.9545896,167.94682621955872,PLC -> IO,0.827212
1776098410.9788983,167.97113490104675,IO -> PLC,0.63029
1776098411.0185921,168.0108287334442,PLC -> IO,0.715012
1776098411.042897,168.03513360023499,IO -> PLC,0.77003
1776098411.0825946,168.0748312473297,PLC -> IO,0.565762
1776098411.1068954,168.09913206100464,IO -> PLC,0.63639
1776098411.1465974,168.1388339996338,PLC -> IO,0.741882
1776098411.1708932,168.16312980651855,IO -> PLC,1.09773
1776098411.2106,168.2028365135193,PLC -> IO,0.669282
1776098411.2348917,168.2271282672882,IO -> PLC,0.83816
1776098411.2746024,168.26683902740479,PLC -> IO,0.575482
1776098411.2988904,168.29112696647644,IO -> PLC,0.80397
1776098411.3386052,168.33084177970886,PLC -> IO,0.751842
1776098411.3628888,168.3551254272461,IO -> PLC,0.76953
1776098411.4026077,168.39484429359436,PLC -> IO,0.534682
1776098411.4268875,168.41912412643433,IO -> PLC,0.85406
1776098411.4666102,168.45884680747986,PLC -> IO,0.564892
1776098411.490886,168.48312258720398,IO -> PLC,0.67009
1776098411.530613,168.52284955978394,PLC -> IO,0.664292
1776098411.5548844,168.54712104797363,IO -> PLC,0.73831
1776098411.5946155,168.58685207366943,PLC -> IO,0.560402
1776098411.6188822,168.61111879348755,IO -> PLC,1.12997
1776098411.658618,168.65085458755493,PLC -> IO,0.555812
1776098411.6828806,168.6751172542572,IO -> PLC,0.61631
1776098411.7226207,168.714857339859,PLC -> IO,0.629782
1776098411.7468793,168.73911595344543,IO -> PLC,0.68971
1776098411.7866232,168.7788598537445,PLC -> IO,0.537342
1776098411.8108778,168.8031144142151,IO -> PLC,0.6604
1776098411.8506258,168.84286236763,PLC -> IO,0.778502
1776098411.8748765,168.86711311340332,IO -> PLC,0.62924
1776098411.9146285,168.90686511993408,PLC -> IO,0.618212
1776098411.938875,168.93111157417297,IO -> PLC,0.95738
1776098411.978631,168.97086763381958,PLC -> IO,0.539692
1776098412.0028737,168.9951102733612,IO -> PLC,1.03367
1776098412.0426335,169.03487014770508,PLC -> IO,0.738542
1776098412.0668712,169.05910778045654,IO -> PLC,0.62058
1776098412.1066363,169.09887290000916,PLC -> IO,0.575612
1776098412.1308699,169.12310647964478,IO -> PLC,1.22833
1776098412.1706388,169.16287541389465,PLC -> IO,0.565422
1776098412.1948683,169.18710494041443,IO -> PLC,0.81595
1776098412.2346413,169.22687792778015,PLC -> IO,0.966122
1776098412.258867,169.25110363960266,IO -> PLC,0.61591
1776098412.298644,169.29088068008423,PLC -> IO,0.523742
1776098412.3228655,169.31510210037231,IO -> PLC,0.87253
1776098412.3626466,169.35488319396973,PLC -> IO,0.582742
1776098412.3868642,169.37910079956055,IO -> PLC,0.76945
1776098412.426649,169.41888570785522,PLC -> IO,0.657912
1776098412.4508626,169.4430992603302,IO -> PLC,0.77421
1776098412.4906518,169.4828884601593,PLC -> IO,1.940712
1776098412.5148604,169.50709700584412,IO -> PLC,0.87906
1776098412.5546544,169.5468909740448,PLC -> IO,0.565252
1776098412.5788589,169.57109546661377,IO -> PLC,0.6575
1776098412.6186569,169.6108934879303,PLC -> IO,0.658262
1776098412.6428576,169.635094165802,IO -> PLC,1.23245
1776098412.6826596,169.67489624023438,PLC -> IO,0.542622
1776098412.706856,169.69909262657166,IO -> PLC,0.84583
1776098412.7466621,169.73889875411987,PLC -> IO,0.760592
1776098412.7708547,169.7630913257599,IO -> PLC,0.86492
1776098412.8106647,169.80290126800537,PLC -> IO,0.600462
1776098412.8348532,169.82708978652954,IO -> PLC,0.79759
1776098412.8746674,169.86690402030945,PLC -> IO,0.530172
1776098412.8988519,169.89108848571777,IO -> PLC,0.84125
1776098412.93867,169.93090653419495,PLC -> IO,0.767742
1776098412.9628503,169.95508694648743,IO -> PLC,0.64616
1776098413.0026724,169.99490904808044,PLC -> IO,0.573042
1776098413.026848,170.01908469200134,IO -> PLC,0.68261
1776098413.0666752,170.05891180038452,PLC -> IO,0.551252
1776098413.0908465,170.083083152771,IO -> PLC,0.81209
1776098413.1306777,170.12291431427002,PLC -> IO,0.684572
1776098413.154845,170.14708161354065,IO -> PLC,0.6191
1776098413.1946802,170.18691682815552,PLC -> IO,0.547332
1776098413.2188437,170.21108031272888,IO -> PLC,0.87755
1776098413.258683,170.2509195804596,PLC -> IO,0.558642
1776098413.2828422,170.27507877349854,IO -> PLC,0.85255
1776098413.3226855,170.3149220943451,PLC -> IO,0.635252
1776098413.3468409,170.33907747268677,IO -> PLC,0.80387
1776098413.386688,170.3789246082306,PLC -> IO,0.551852
1776098413.4108393,170.40307593345642,IO -> PLC,0.61704
1776098413.4506907,170.44292736053467,PLC -> IO,0.995672
1776098413.474837,170.46707367897034,IO -> PLC,0.81629
1776098413.5146933,170.50692987442017,PLC -> IO,0.605932
1776098413.5388355,170.53107213974,IO -> PLC,0.79313
1776098413.5786958,170.57093238830566,PLC -> IO,0.532542
1776098413.6028342,170.59507083892822,IO -> PLC,0.90638
1776098413.6426985,170.63493514060974,PLC -> IO,0.756672
1776098413.6668327,170.65906929969788,IO -> PLC,1.08908
1776098413.706701,170.69893765449524,PLC -> IO,0.590222
1776098413.7308314,170.7230679988861,IO -> PLC,0.75574
1776098413.7707036,170.76294016838074,PLC -> IO,0.737542
1776098413.7948298,170.78706645965576,IO -> PLC,0.61194
1776098413.8347063,170.82694292068481,PLC -> IO,0.744382
1776098413.8588285,170.851065158844,IO -> PLC,0.63086
1776098413.8987088,170.8909454345703,PLC -> IO,0.543782
1776098413.922826,170.91506266593933,IO -> PLC,0.68868
1776098413.9627113,170.9549479484558,PLC -> IO,0.987282
1776098413.9868248,170.97906136512756,IO -> PLC,0.84697
1776098414.026714,171.0189507007599,PLC -> IO,0.721142
1776098414.0508232,171.04305982589722,IO -> PLC,0.63444
1776098414.0907166,171.08295321464539,PLC -> IO,0.528302
1776098414.114822,171.10705852508545,IO -> PLC,0.70152
1776098414.154719,171.14695572853088,PLC -> IO,0.567142
1776098414.1788204,171.1710569858551,IO -> PLC,1.17104
1776098414.2187219,171.21095848083496,PLC -> IO,0.748002
1776098414.242819,171.23505568504333,IO -> PLC,0.60825
1776098414.2827244,171.27496099472046,PLC -> IO,0.543782
1776098414.3068175,171.299054145813,IO -> PLC,0.67838
1776098414.346727,171.33896350860596,PLC -> IO,0.783122
1776098414.3708162,171.36305284500122,IO -> PLC,0.86132
1776098414.4107296,171.40296626091003,PLC -> IO,0.576112
1776098414.4348137,171.42705035209656,IO -> PLC,0.834
1776098414.4747322,171.46696877479553,PLC -> IO,0.542872
1776098414.4988124,171.4910490512848,IO -> PLC,0.64427
1776098414.5387347,171.53097128868103,PLC -> IO,0.772512
1776098414.562811,171.55504751205444,IO -> PLC,0.81264
1776098414.6027374,171.5949740409851,PLC -> IO,0.596232
1776098414.6268094,171.6190459728241,IO -> PLC,0.80094
1776098414.66674,171.6589765548706,PLC -> IO,0.548352
1776098414.690808,171.68304467201233,IO -> PLC,1.18036
1776098414.7307425,171.7229790687561,PLC -> IO,0.725922
1776098414.7548068,171.74704337120056,IO -> PLC,0.63069
1776098414.7947452,171.78698182106018,PLC -> IO,0.536822
1776098414.8188052,171.81104183197021,IO -> PLC,0.77074
1776098414.8587477,171.85098433494568,PLC -> IO,0.577032
1776098414.8828027,171.87503933906555,IO -> PLC,0.61247
1776098414.9227502,171.91498684883118,PLC -> IO,0.675332
1776098414.9468014,171.93903803825378,IO -> PLC,0.71019
1776098414.986753,171.97898960113525,PLC -> IO,0.551522
1776098415.0108,172.00303649902344,IO -> PLC,0.73736
1776098415.0507555,172.04299211502075,PLC -> IO,0.579552
1776098415.0747986,172.06703519821167,IO -> PLC,0.80228
1776098415.114758,172.10699462890625,PLC -> IO,0.639272
1776098415.138797,172.13103365898132,IO -> PLC,0.63697
1776098415.1787608,172.17099738121033,PLC -> IO,0.534832
1776098415.2027957,172.19503235816956,IO -> PLC,1.53345
1776098415.2427633,172.23499989509583,PLC -> IO,1.059852
1776098415.2667944,172.2590310573578,IO -> PLC,0.60825
1776098415.3067658,172.29900240898132,PLC -> IO,0.594442
1776098415.330792,172.32302856445312,IO -> PLC,0.68677
1776098415.3707685,172.3630051612854,PLC -> IO,0.560882
1776098415.3947904,172.38702702522278,IO -> PLC,0.67899
1776098415.434771,172.4270076751709,PLC -> IO,0.765572
1776098415.458789,172.451025724411,IO -> PLC,0.65591
1776098415.4987736,172.4910101890564,PLC -> IO,0.559362
1776098415.5227876,172.51502418518066,IO -> PLC,0.62587
1776098415.5627763,172.55501294136047,PLC -> IO,0.579652
1776098415.5867863,172.5790228843689,IO -> PLC,0.66207
1776098415.6267788,172.61901545524597,PLC -> IO,0.695542
1776098415.6507847,172.64302134513855,IO -> PLC,0.6862
1776098415.6907814,172.68301796913147,PLC -> IO,0.513822
1776098415.7147834,172.70702004432678,IO -> PLC,1.53764
1776098415.754784,172.74702072143555,PLC -> IO,0.560902
1776098415.778781,172.77101755142212,IO -> PLC,0.81725
1776098415.8187866,172.81102323532104,PLC -> IO,0.706702
1776098415.8427796,172.83501625061035,IO -> PLC,0.88018
1776098415.8827891,172.87502574920654,PLC -> IO,0.560662
1776098415.906778,172.89901471138,IO -> PLC,0.84279
1776098415.9467916,172.93902826309204,PLC -> IO,0.556302
1776098415.9707768,172.96301341056824,IO -> PLC,0.9818
1776098416.0107944,173.00303101539612,PLC -> IO,0.612342
1776098416.0347753,173.0270118713379,IO -> PLC,0.78047
1776098416.074797,173.06703352928162,PLC -> IO,0.561582
1776098416.098774,173.09101057052612,IO -> PLC,0.75212
1776098416.1387994,173.13103604316711,PLC -> IO,0.806272
1776098416.1627724,173.15500903129578,IO -> PLC,0.594
1776098416.2028022,173.1950387954712,PLC -> IO,0.581022
1776098416.226771,173.219007730484,IO -> PLC,1.71281
1776098416.2668047,173.2590413093567,PLC -> IO,0.549862
1776098416.2907686,173.28300523757935,IO -> PLC,0.73321
1776098416.3308072,173.3230438232422,PLC -> IO,1.388242
1776098416.354767,173.347003698349,IO -> PLC,0.83622
1776098416.39481,173.38704657554626,PLC -> IO,0.568422
1776098416.4187658,173.41100239753723,IO -> PLC,0.72418
1776098416.4588125,173.45104908943176,PLC -> IO,0.574542
1776098416.4827645,173.47500109672546,IO -> PLC,1.11672
1776098416.522815,173.51505160331726,PLC -> IO,0.691072
1776098416.546763,173.53899955749512,IO -> PLC,0.82859
1776098416.5868177,173.57905435562134,PLC -> IO,0.533492
1776098416.6107616,173.60299825668335,IO -> PLC,0.65183
1776098416.6508203,173.64305686950684,PLC -> IO,0.577372
1776098416.67476,173.666996717453,IO -> PLC,0.64731
1776098416.7148228,173.70705938339233,PLC -> IO,0.631662
1776098416.7387576,173.73099422454834,IO -> PLC,0.86505
1776098416.7788255,173.7710621356964,PLC -> IO,0.549142
1776098416.8027563,173.79499292373657,IO -> PLC,0.63492
1776098416.842828,173.8350646495819,PLC -> IO,0.792462
1776098416.8667548,173.85899138450623,IO -> PLC,0.89762
1776098416.9068305,173.8990671634674,PLC -> IO,0.624972
1776098416.9307535,173.92299008369446,IO -> PLC,0.62989
1776098416.9708333,173.96306991577148,PLC -> IO,0.542462
1776098416.9947522,173.9869887828827,IO -> PLC,0.61193
1776098417.0348358,174.02707242965698,PLC -> IO,0.738032
1776098417.0587506,174.05098724365234,IO -> PLC,0.94832
1776098417.0988383,174.09107494354248,PLC -> IO,0.597982
1776098417.1227493,174.11498594284058,IO -> PLC,0.93452
1776098417.162841,174.15507769584656,PLC -> IO,0.565472
1776098417.1867468,174.1789834499359,IO -> PLC,0.76192
1776098417.2268436,174.21908020973206,PLC -> IO,0.700802
1776098417.2507453,174.24298191070557,IO -> PLC,1.48951
1776098417.290846,174.28308272361755,PLC -> IO,0.570442
1776098417.314744,174.3069806098938,IO -> PLC,0.76921
1776098417.3548489,174.34708547592163,PLC -> IO,0.570402
1776098417.3787425,174.37097907066345,IO -> PLC,0.73901
1776098417.4188514,174.41108798980713,PLC -> IO,0.687482
1776098417.4427412,174.43497776985168,IO -> PLC,0.84594
1776098417.482854,174.47509050369263,PLC -> IO,0.546712
1776098417.5067399,174.49897646903992,IO -> PLC,0.62205
1776098417.5468566,174.5390932559967,PLC -> IO,0.573242
1776098417.5707383,174.56297492980957,IO -> PLC,0.70674
1776098417.6108592,174.6030957698822,PLC -> IO,0.588892
1776098417.6347368,174.62697339057922,IO -> PLC,0.80247
1776098417.6748617,174.6670982837677,PLC -> IO,0.544522
1776098417.6987345,174.69097113609314,IO -> PLC,0.62579
1776098417.7388644,174.73110103607178,PLC -> IO,0.800962
1776098417.762733,174.7549695968628,IO -> PLC,1.74685
1776098417.802867,174.79510354995728,PLC -> IO,0.600202
1776098417.8267317,174.81896829605103,IO -> PLC,0.64724
1776098417.8668694,174.85910606384277,PLC -> IO,0.535362
1776098417.8907301,174.88296675682068,IO -> PLC,0.63552
1776098417.9308722,174.92310881614685,PLC -> IO,0.746922
1776098417.9547288,174.9469654560089,IO -> PLC,0.9187
1776098417.9948747,174.98711133003235,PLC -> IO,0.581682
1776098418.0187273,175.01096391677856,IO -> PLC,0.7645
1776098418.0588772,175.05111384391785,PLC -> IO,0.575802
1776098418.082726,175.0749626159668,IO -> PLC,0.81527
1776098418.12288,175.11511659622192,PLC -> IO,0.695862
1776098418.1467235,175.13896012306213,IO -> PLC,0.83931
1776098418.1868825,175.17911911010742,PLC -> IO,0.539582
1776098418.2107222,175.20295882225037,IO -> PLC,0.85823
1776098418.250885,175.24312162399292,PLC -> IO,0.897622
1776098418.2747207,175.26695728302002,IO -> PLC,1.56743
1776098418.3148878,175.307124376297,PLC -> IO,0.645662
1776098418.3387194,175.33095598220825,IO -> PLC,0.86553
1776098418.3788903,175.3711268901825,PLC -> IO,0.531292
1776098418.4027178,175.3949544429779,IO -> PLC,0.83741
1776098418.4428928,175.435129404068,PLC -> IO,0.552292
1776098418.4667165,175.45895314216614,IO -> PLC,0.75585
1776098418.5068955,175.49913215637207,PLC -> IO,0.608412
1776098418.530715,175.5229516029358,IO -> PLC,0.76766
1776098418.570898,175.56313467025757,PLC -> IO,0.537572
1776098418.5947125,175.58694911003113,IO -> PLC,0.8257
1776098418.6349006,175.62713718414307,PLC -> IO,0.754592
1776098418.6587112,175.65094780921936,IO -> PLC,0.72158
1776098418.6989033,175.69113993644714,PLC -> IO,0.611262
1776098418.72271,175.7149465084076,IO -> PLC,0.83163
1776098418.7629058,175.75514245033264,PLC -> IO,0.559932
1776098418.7867084,175.77894496917725,IO -> PLC,1.7026
1776098418.8269083,175.81914496421814,PLC -> IO,0.741822
1776098418.850707,175.84294366836548,IO -> PLC,0.68923
1776098418.890911,175.88314771652222,PLC -> IO,0.546262
1776098418.9147055,175.90694212913513,IO -> PLC,0.62336
1776098418.9549136,175.94715023040771,PLC -> IO,0.580702
1776098418.978704,175.97094058990479,IO -> PLC,0.62692
1776098419.0189161,176.0111527442932,PLC -> IO,0.737072
1776098419.0427017,176.0349383354187,IO -> PLC,0.67953
1776098419.082919,176.0751554965973,PLC -> IO,0.557892
1776098419.1067002,176.09893679618835,IO -> PLC,0.83798
1776098419.1469214,176.1391580104828,PLC -> IO,0.558422
1776098419.170699,176.1629354953766,IO -> PLC,0.6181
1776098419.210924,176.2031605243683,PLC -> IO,0.634302
1776098419.2346973,176.22693395614624,IO -> PLC,0.62574
1776098419.2749267,176.26716327667236,PLC -> IO,0.559222
1776098419.298696,176.29093265533447,IO -> PLC,1.80904
1776098419.3389292,176.33116579055786,PLC -> IO,0.817992
1776098419.3626945,176.35493111610413,IO -> PLC,0.7928
1776098419.4029317,176.39516830444336,PLC -> IO,0.625142
1776098419.4266932,176.41892981529236,IO -> PLC,0.74412
1776098419.4669344,176.45917105674744,PLC -> IO,0.532142
1776098419.4906917,176.482928276062,IO -> PLC,0.62376
1776098419.530937,176.52317357063293,PLC -> IO,0.773162
1776098419.5546894,176.54692602157593,IO -> PLC,1.0563
1776098419.5949395,176.58717608451843,PLC -> IO,0.784252
1776098419.6186879,176.61092448234558,IO -> PLC,0.83578
1776098419.6589422,176.6511788368225,PLC -> IO,0.561712
1776098419.6826866,176.6749231815338,IO -> PLC,0.71854
1776098419.7229447,176.715181350708,PLC -> IO,0.705442
1776098419.746685,176.73892164230347,IO -> PLC,0.73538
1776098419.7869473,176.7791838645935,PLC -> IO,0.540362
1776098419.8106837,176.8029203414917,IO -> PLC,1.67707
1776098419.85095,176.84318661689758,PLC -> IO,0.559532
1776098419.8746822,176.86691880226135,IO -> PLC,0.76524
1776098419.9149525,176.90718913078308,PLC -> IO,0.670362
1776098419.938681,176.93091750144958,IO -> PLC,0.71855
1776098419.978955,176.97119164466858,PLC -> IO,0.532802
1776098420.0026784,176.99491500854492,IO -> PLC,0.79692
1776098420.0429578,177.03519439697266,PLC -> IO,0.655002
1776098420.066677,177.05891370773315,IO -> PLC,0.78625
1776098420.1069603,177.09919691085815,PLC -> IO,0.623052
1776098420.1306756,177.1229121685028,IO -> PLC,0.68837
1776098420.1709628,177.16319942474365,PLC -> IO,0.539482
1776098420.1946743,177.18691086769104,IO -> PLC,0.54456
1776098420.2349656,177.22720217704773,PLC -> IO,0.823292
1776098420.2586727,177.2509093284607,IO -> PLC,0.63606
1776098420.298968,177.29120469093323,PLC -> IO,0.606292
1776098420.3226712,177.31490778923035,IO -> PLC,0.64986
1776098420.3629706,177.35520720481873,PLC -> IO,0.552972
1776098420.3866699,177.37890648841858,IO -> PLC,0.79175
1776098420.4269733,177.4192099571228,PLC -> IO,0.749502
1776098420.4506674,177.44290399551392,IO -> PLC,0.62219
1776098420.4909759,177.4832124710083,PLC -> IO,1.458202
1776098420.514666,177.50690269470215,IO -> PLC,0.59504
1776098420.5549784,177.5472149848938,PLC -> IO,0.576532
1776098420.5786645,177.5709011554718,IO -> PLC,0.80141
1776098420.6189811,177.61121773719788,PLC -> IO,0.734492
1776098420.6426632,177.63489985466003,IO -> PLC,0.78881
1776098420.6829836,177.67522025108337,PLC -> IO,0.524222
1776098420.7066617,177.6988983154297,IO -> PLC,0.8239
1776098420.7469862,177.73922276496887,PLC -> IO,0.575142
1776098420.7706604,177.76289701461792,IO -> PLC,0.78058
1776098420.810989,177.80322551727295,PLC -> IO,0.670622
1776098420.8346589,177.82689547538757,IO -> PLC,1.88579
1776098420.8749914,177.86722803115845,PLC -> IO,0.545942
1776098420.8986576,177.8908941745758,IO -> PLC,0.60531
1776098420.938994,177.93123054504395,PLC -> IO,0.576622
1776098420.962655,177.95489168167114,IO -> PLC,0.90696
1776098421.0029964,177.99523305892944,PLC -> IO,0.633472
1776098421.0266538,178.01889038085938,IO -> PLC,0.71595
1776098421.0669992,178.05923581123352,PLC -> IO,0.550792
1776098421.0906522,178.08288884162903,IO -> PLC,0.84857
1776098421.1310017,178.12323832511902,PLC -> IO,0.785792
1776098421.154651,178.14688754081726,IO -> PLC,0.80613
1776098421.1950042,178.18724083900452,PLC -> IO,0.593192
1776098421.2186494,178.2108860015869,IO -> PLC,0.9009
1776098421.259007,178.2512435913086,PLC -> IO,0.543952
1776098421.282648,178.27488470077515,IO -> PLC,0.63518
1776098421.3230095,178.3152461051941,PLC -> IO,0.742082
1776098421.3466465,178.3388831615448,IO -> PLC,1.6279
1776098421.387012,178.3792486190796,PLC -> IO,0.558912
1776098421.4106443,178.40288090705872,IO -> PLC,0.66054
1776098421.4510148,178.44325137138367,PLC -> IO,0.565762
1776098421.4746428,178.46687936782837,IO -> PLC,0.93996
1776098421.5150173,178.50725388526917,PLC -> IO,0.847732
1776098421.5386412,178.53087782859802,IO -> PLC,0.64736
1776098421.5790198,178.57125639915466,PLC -> IO,0.511282
1776098421.60264,178.59487652778625,IO -> PLC,1.00437
1776098421.6430225,178.63525915145874,PLC -> IO,0.557092
1776098421.6666384,178.6588749885559,IO -> PLC,0.61968
1776098421.707025,178.69926166534424,PLC -> IO,0.641452
1776098421.730637,178.72287368774414,IO -> PLC,0.79958
1776098421.7710276,178.76326417922974,PLC -> IO,0.539012
1776098421.7946358,178.78687238693237,IO -> PLC,0.9085
1776098421.8350303,178.8272669315338,PLC -> IO,0.858982
1776098421.8586333,178.8508698940277,IO -> PLC,1.76426
1776098421.8990328,178.8912694454193,PLC -> IO,0.611252
1776098421.9226317,178.91486835479736,IO -> PLC,0.75691
1776098421.9630353,178.9552719593048,PLC -> IO,0.550342
1776098421.9866304,178.9788670539856,IO -> PLC,0.82512
1776098422.027038,179.0192747116089,PLC -> IO,0.782142
1776098422.050629,179.04286551475525,IO -> PLC,0.62587
1776098422.0910406,179.08327722549438,PLC -> IO,0.587862
1776098422.1146276,179.10686421394348,IO -> PLC,0.72559
1776098422.1550431,179.14727973937988,PLC -> IO,0.603992
1776098422.178626,179.17086267471313,IO -> PLC,0.59836
1776098422.2190459,179.21128249168396,PLC -> IO,0.739312
1776098422.2426248,179.23486137390137,IO -> PLC,0.61504
1776098422.2830484,179.27528500556946,PLC -> IO,0.546792
1776098422.3066223,179.2988588809967,IO -> PLC,0.97206
1776098422.347051,179.33928751945496,PLC -> IO,0.569622
1776098422.370621,179.36285758018494,IO -> PLC,0.84875
1776098422.4110537,179.40329027175903,PLC -> IO,0.670552
1776098422.4346194,179.4268560409546,IO -> PLC,0.6259
1776098422.4750562,179.46729278564453,PLC -> IO,0.535862
1776098422.4986181,179.49085474014282,IO -> PLC,0.6817
1776098422.5390587,179.53129529953003,PLC -> IO,0.578392
1776098422.5626166,179.55485320091248,IO -> PLC,0.63503
1776098422.6030614,179.5952980518341,PLC -> IO,0.642682
1776098422.6266153,179.6188519001007,IO -> PLC,0.64083
1776098422.667064,179.6593005657196,PLC -> IO,0.550242
1776098422.6906137,179.68285036087036,IO -> PLC,0.64848
1776098422.7310665,179.7233030796051,PLC -> IO,0.940622
1776098422.7546113,179.7468478679657,IO -> PLC,0.81797
1776098422.7950692,179.78730583190918,PLC -> IO,0.613132
1776098422.81861,179.81084656715393,IO -> PLC,0.81634
1776098422.8590717,179.85130834579468,PLC -> IO,0.545492
1776098422.8826084,179.87484502792358,IO -> PLC,1.98635
1776098422.9230742,179.91531085968018,PLC -> IO,0.748262
1776098422.946607,179.93884372711182,IO -> PLC,0.83499
1776098422.987077,179.97931361198425,PLC -> IO,0.586052
1776098423.0106058,180.00284242630005,IO -> PLC,0.76975
1776098423.0510795,180.04331612586975,PLC -> IO,0.778182
1776098423.0746043,180.0668408870697,IO -> PLC,1.01828
1776098423.115082,180.10731863975525,PLC -> IO,0.695182
1776098423.138603,180.13083958625793,IO -> PLC,0.69703
1776098423.1790848,180.17132139205933,PLC -> IO,0.530572
1776098423.2026014,180.1948380470276,IO -> PLC,0.74276
1776098423.2430873,180.23532390594482,PLC -> IO,0.557572
1776098423.266599,180.25883555412292,IO -> PLC,0.62224
1776098423.3070898,180.29932641983032,PLC -> IO,0.659372
1776098423.3305976,180.32283425331116,IO -> PLC,0.62596
1776098423.3710926,180.3633291721344,PLC -> IO,0.555412
1776098423.394596,180.3868327140808,IO -> PLC,0.70938
1776098423.435095,180.4273316860199,PLC -> IO,0.705142
1776098423.4585948,180.45083141326904,IO -> PLC,0.78558
1776098423.4990976,180.4913341999054,PLC -> IO,0.635582
1776098423.5225935,180.51483011245728,IO -> PLC,0.63042
1776098423.5631003,180.55533695220947,PLC -> IO,0.546422
1776098423.586592,180.57882857322693,IO -> PLC,0.69255
1776098423.6271029,180.61933946609497,PLC -> IO,0.785102
1776098423.6505907,180.64282727241516,IO -> PLC,0.79332
1776098423.6911054,180.68334197998047,PLC -> IO,0.593622
1776098423.7145882,180.7068247795105,IO -> PLC,0.62079
1776098423.755108,180.74734473228455,PLC -> IO,0.627982
1776098423.7785866,180.77082324028015,IO -> PLC,0.651
1776098423.8191106,180.81134724617004,PLC -> IO,0.740982
1776098423.8425853,180.83482193946838,IO -> PLC,0.6188
1776098423.8831131,180.87534976005554,PLC -> IO,0.561262
1776098423.9065838,180.89882040023804,IO -> PLC,0.61532
1776098423.947116,180.93935251235962,PLC -> IO,0.567142
1776098423.9705825,180.96281909942627,IO -> PLC,0.62906
1776098424.0111184,181.00335502624512,PLC -> IO,0.699182
1776098424.0345812,181.0268177986145,IO -> PLC,0.62646
1776098424.075121,181.06735754013062,PLC -> IO,0.530982
1776098424.0985796,181.09081625938416,IO -> PLC,0.78779
1776098424.1391237,181.1313602924347,PLC -> IO,0.572702
1776098424.1625772,181.1548137664795,IO -> PLC,0.59775
1776098424.2031262,181.1953628063202,PLC -> IO,0.640352
1776098424.2265759,181.21881246566772,IO -> PLC,0.79188
1776098424.2671287,181.2593653202057,PLC -> IO,0.553912
1776098424.2905743,181.28281092643738,IO -> PLC,0.76888
1776098424.3311315,181.32336807250977,PLC -> IO,0.568032
1776098424.354573,181.3468096256256,IO -> PLC,0.82253
1776098424.395134,181.38737058639526,PLC -> IO,0.600962
1776098424.4185715,181.41080808639526,IO -> PLC,0.70241
1776098424.4591365,181.45137310028076,PLC -> IO,0.545802
1776098424.4825702,181.4748067855835,IO -> PLC,0.73125
1776098424.523139,181.51537561416626,PLC -> IO,0.782502
1776098424.5465686,181.53880524635315,IO -> PLC,0.82394
1776098424.5871418,181.57937836647034,PLC -> IO,0.586362
1776098424.6105673,181.60280394554138,IO -> PLC,0.62294
1776098424.6511443,181.64338088035583,PLC -> IO,0.555682
1776098424.6745648,181.66680145263672,IO -> PLC,0.70843
1776098424.7151468,181.70738339424133,PLC -> IO,0.761412
1776098424.7385635,181.73080015182495,IO -> PLC,0.80007
1776098424.7791495,181.7713861465454,PLC -> IO,0.546802
1776098424.802562,181.7947986125946,IO -> PLC,0.86709
1776098424.843152,181.8353886604309,PLC -> IO,0.603092
1776098424.8665607,181.85879731178284,IO -> PLC,0.67296
1776098424.9071546,181.8993911743164,PLC -> IO,0.671682
1776098424.9305592,181.9227957725525,IO -> PLC,0.84165
1776098424.9711573,181.96339392662048,PLC -> IO,0.539952
1776098424.9945579,181.98679447174072,IO -> PLC,0.63713
1776098425.0351598,182.02739644050598,PLC -> IO,0.665682
1776098425.0585563,182.05079293251038,IO -> PLC,0.63269
1776098425.0991623,182.09139895439148,PLC -> IO,0.632212
1776098425.1225538,182.1147904396057,IO -> PLC,0.8289
1776098425.163165,182.15540170669556,PLC -> IO,0.547222
1776098425.1865525,182.17878913879395,IO -> PLC,0.80263
1776098425.2271676,182.21940422058105,PLC -> IO,0.788702
1776098425.2505512,182.24278783798218,IO -> PLC,0.61163
1776098425.2911701,182.28340673446655,PLC -> IO,0.635302
1776098425.3145497,182.30678629875183,IO -> PLC,0.96448
1776098425.3551729,182.34740948677063,PLC -> IO,0.637032
1776098425.3785481,182.37078475952148,IO -> PLC,0.76629
1776098425.4191754,182.41141200065613,PLC -> IO,0.759082
1776098425.4425468,182.43478345870972,IO -> PLC,0.81697
1776098425.483178,182.47541451454163,PLC -> IO,0.591042
1776098425.5065453,182.49878191947937,IO -> PLC,0.85557
1776098425.5471807,182.5394172668457,PLC -> IO,0.554122
1776098425.570543,182.5627796649933,IO -> PLC,0.74322
1776098425.6111832,182.6034197807312,PLC -> IO,0.708962
1776098425.6345415,182.62677812576294,IO -> PLC,0.62086
1776098425.6751857,182.6674222946167,PLC -> IO,0.530362
1776098425.6985402,182.69077682495117,IO -> PLC,0.62138
1776098425.7391884,182.73142504692078,PLC -> IO,0.589372
1776098425.7625387,182.75477528572083,IO -> PLC,0.72119
1776098425.803191,182.79542756080627,PLC -> IO,0.815032
1776098425.8265374,182.81877398490906,IO -> PLC,0.82212
1776098425.8671935,182.85943007469177,PLC -> IO,0.537062
1776098425.8905358,182.8827724456787,IO -> PLC,0.70176
1776098425.9311962,182.92343282699585,PLC -> IO,0.565412
1776098425.9545345,182.94677114486694,IO -> PLC,0.66845
1776098425.9951987,182.98743534088135,PLC -> IO,0.627872
1776098426.018532,183.01076865196228,IO -> PLC,0.79185
1776098426.0592012,183.05143785476685,PLC -> IO,0.967682
1776098426.0825307,183.0747673511505,IO -> PLC,0.61533
1776098426.123204,183.11544060707092,PLC -> IO,0.775882
1776098426.1465292,183.13876581192017,IO -> PLC,0.89427
1776098426.1872065,183.17944312095642,PLC -> IO,0.602872
1776098426.210528,183.2027645111084,IO -> PLC,0.82831
1776098426.251209,183.24344563484192,PLC -> IO,0.558672
1776098426.2745264,183.26676297187805,IO -> PLC,0.64026
1776098426.3152118,183.307448387146,PLC -> IO,0.748722
1776098426.338525,183.33076167106628,IO -> PLC,0.75448
1776098426.3792143,183.3714509010315,PLC -> IO,0.567712
1776098426.4025235,183.39476013183594,IO -> PLC,0.83804
1776098426.4432168,183.435453414917,PLC -> IO,0.556162
1776098426.4665222,183.45875883102417,IO -> PLC,0.79136
1776098426.5072196,183.49945616722107,PLC -> IO,0.708202
1776098426.5305197,183.5227563381195,IO -> PLC,0.89126
1776098426.571222,183.56345868110657,PLC -> IO,0.521682
1776098426.5945182,183.58675479888916,IO -> PLC,0.61313
1776098426.6352246,183.62746119499207,PLC -> IO,0.603152
1776098426.658517,183.6507534980774,IO -> PLC,0.84102
1776098426.6992273,183.69146394729614,PLC -> IO,0.656562
1776098426.7225153,183.71475195884705,IO -> PLC,0.83347
1776098426.7632298,183.75546646118164,PLC -> IO,0.547722
1776098426.786514,183.77875065803528,IO -> PLC,0.71303
1776098426.8272324,183.81946897506714,PLC -> IO,0.569282
1776098426.8505125,183.84274911880493,IO -> PLC,0.73507
1776098426.891235,183.88347172737122,PLC -> IO,0.627482
1776098426.9145112,183.90674781799316,IO -> PLC,0.94457
1776098426.9552376,183.9474742412567,PLC -> IO,0.656962
1776098426.9785087,183.9707453250885,IO -> PLC,0.63268
1776098427.0192401,184.0114767551422,PLC -> IO,0.775482
1776098427.0425074,184.03474402427673,IO -> PLC,0.69472
1776098427.083243,184.0754795074463,PLC -> IO,0.650162
1776098427.1065059,184.0987424850464,IO -> PLC,0.84054
1776098427.1472454,184.1394820213318,PLC -> IO,0.534682
1776098427.1705046,184.16274118423462,IO -> PLC,0.62609
1776098427.211248,184.20348453521729,PLC -> IO,0.723292
1776098427.234503,184.22673964500427,IO -> PLC,0.65629
1776098427.2752507,184.26748728752136,PLC -> IO,0.546282
1776098427.2985017,184.2907383441925,IO -> PLC,0.86163
1776098427.3392532,184.33148980140686,PLC -> IO,0.584562
1776098427.3625002,184.35473680496216,IO -> PLC,0.63879
1776098427.4032557,184.39549231529236,PLC -> IO,0.701882
1776098427.426498,184.41873455047607,IO -> PLC,0.63219
1776098427.4672585,184.45949506759644,PLC -> IO,0.504002
1776098427.4904964,184.48273301124573,IO -> PLC,0.78632
1776098427.531261,184.52349758148193,PLC -> IO,0.555412
1776098427.554495,184.54673171043396,IO -> PLC,0.80533
1776098427.5952635,184.58750009536743,PLC -> IO,0.662652
1776098427.6184936,184.6107301712036,IO -> PLC,0.59472
1776098427.6592662,184.6515028476715,PLC -> IO,0.534602
1776098427.6824923,184.67472887039185,IO -> PLC,0.62709
1776098427.7232687,184.715505361557,PLC -> IO,0.826902
1776098427.7464907,184.7387273311615,IO -> PLC,0.77514
1776098427.7872713,184.7795078754425,PLC -> IO,0.633982
1776098427.8104894,184.80272603034973,IO -> PLC,0.61173
1776098427.851274,184.84351062774658,PLC -> IO,0.495692
1776098427.8744879,184.86672449111938,IO -> PLC,0.62251
1776098427.9152765,184.90751314163208,PLC -> IO,0.742472
1776098427.9384854,184.93072199821472,IO -> PLC,0.9076
1776098427.979279,184.97151565551758,PLC -> IO,0.595312
1776098428.002484,184.99472069740295,IO -> PLC,0.79332
1776098428.0432818,185.03551840782166,PLC -> IO,0.571512
1776098428.0664825,185.0587191581726,IO -> PLC,0.62392
1776098428.1072843,185.09952092170715,PLC -> IO,0.722522
1776098428.1304812,185.12271785736084,IO -> PLC,0.70636
1776098428.1712868,185.16352343559265,PLC -> IO,0.541362
1776098428.1944797,185.1867163181305,IO -> PLC,0.6036
1776098428.2352893,185.22752594947815,PLC -> IO,0.616212
1776098428.2584784,185.25071501731873,IO -> PLC,0.62037
1776098428.299292,185.29152870178223,PLC -> IO,0.673532
1776098428.322477,185.31471371650696,IO -> PLC,0.69986
1776098428.3632946,185.35553121566772,PLC -> IO,0.543172
1776098428.3864746,185.3787112236023,IO -> PLC,0.80262
1776098428.427297,185.41953372955322,PLC -> IO,0.552412
1776098428.450473,185.44270968437195,IO -> PLC,0.62291
1776098428.4912999,185.4835364818573,PLC -> IO,1.410802
1776098428.5144718,185.50670838356018,IO -> PLC,0.65623
1776098428.5553024,185.5475389957428,PLC -> IO,0.685702
1776098428.5784702,185.57070684432983,IO -> PLC,0.78788
1776098428.619305,185.6115415096283,PLC -> IO,0.784312
1776098428.642469,185.63470554351807,IO -> PLC,0.62864
1776098428.6833076,185.67554426193237,PLC -> IO,0.621552
1776098428.7064674,185.69870400428772,IO -> PLC,0.62716
1776098428.7473102,185.73954677581787,PLC -> IO,0.533102
1776098428.770466,185.76270270347595,IO -> PLC,0.76778
1776098428.8113127,185.80354928970337,PLC -> IO,0.736032
1776098428.8344636,185.8267002105713,IO -> PLC,0.78062
1776098428.8753154,185.86755204200745,PLC -> IO,0.572312
1776098428.8984623,185.89069890975952,IO -> PLC,1.01067
1776098428.939318,185.93155455589294,PLC -> IO,0.568992
1776098428.9624608,185.95469737052917,IO -> PLC,0.64455
1776098429.0033205,185.99555706977844,PLC -> IO,0.691922
1776098429.0264595,186.0186960697174,IO -> PLC,0.75756
1776098429.0673232,186.05955982208252,PLC -> IO,1.130702
1776098429.090458,186.08269453048706,IO -> PLC,0.59847
1776098429.1313257,186.12356233596802,PLC -> IO,0.559682
1776098429.1544566,186.1466932296753,IO -> PLC,0.92358
1776098429.1953282,186.18756484985352,PLC -> IO,0.670272
1776098429.218455,186.21069169044495,IO -> PLC,0.73073
1776098429.259331,186.2515676021576,PLC -> IO,0.562072
1776098429.2824526,186.27468919754028,IO -> PLC,0.77405
1776098429.3233335,186.3155701160431,PLC -> IO,0.585712
1776098429.3464513,186.33868789672852,IO -> PLC,0.61682
1776098429.387336,186.3795726299286,PLC -> IO,0.622392
1776098429.4104497,186.40268635749817,IO -> PLC,0.68286
1776098429.4513388,186.44357538223267,PLC -> IO,0.552842
1776098429.4744484,186.4666850566864,IO -> PLC,0.79091
1776098429.5153413,186.50757789611816,PLC -> IO,0.759132
1776098429.5384471,186.53068375587463,IO -> PLC,1.02585
1776098429.5793438,186.57158041000366,PLC -> IO,0.599562
1776098429.6024456,186.5946822166443,IO -> PLC,0.67115
1776098429.6433465,186.63558316230774,PLC -> IO,0.554162
1776098429.6664443,186.65868091583252,IO -> PLC,0.78736
1776098429.707349,186.69958567619324,PLC -> IO,0.742852
1776098429.7304428,186.72267937660217,IO -> PLC,0.64756
1776098429.7713516,186.76358819007874,PLC -> IO,0.563372
1776098429.7944403,186.7866768836975,IO -> PLC,0.62656
1776098429.8353543,186.8275909423828,PLC -> IO,0.616932
1776098429.858439,186.85067558288574,IO -> PLC,0.62909
1776098429.8993568,186.8915934562683,PLC -> IO,0.696652
1776098429.9224374,186.9146740436554,IO -> PLC,0.62346
1776098429.9633594,186.9555959701538,PLC -> IO,0.559962
1776098429.9864361,186.97867274284363,IO -> PLC,0.61574
1776098430.027362,187.01959872245789,PLC -> IO,0.566722
1776098430.0504348,187.04267144203186,IO -> PLC,0.75059
1776098430.0913646,187.08360123634338,PLC -> IO,0.644442
1776098430.1144333,187.1066699028015,IO -> PLC,0.77152
1776098430.1553671,187.14760375022888,PLC -> IO,0.843462
1776098430.178432,187.17066860198975,IO -> PLC,0.60611
1776098430.21937,187.21160650253296,PLC -> IO,0.582212
1776098430.2424295,187.23466610908508,IO -> PLC,0.78705
1776098430.2833724,187.27560901641846,PLC -> IO,0.618892
1776098430.306428,187.29866456985474,IO -> PLC,0.74037
1776098430.347375,187.33961153030396,PLC -> IO,0.540682
1776098430.3704267,187.36266326904297,IO -> PLC,0.78577
1776098430.4113777,187.40361428260803,PLC -> IO,0.772492
1776098430.434425,187.42666172981262,IO -> PLC,0.61854
1776098430.4753802,187.46761679649353,PLC -> IO,0.586282
1776098430.4984238,187.49066042900085,IO -> PLC,0.6957
1776098430.5393827,187.53161931037903,PLC -> IO,0.572732
1776098430.5624223,187.5546588897705,IO -> PLC,0.82119
1776098430.6033854,187.5956220626831,PLC -> IO,0.723332
1776098430.626421,187.61865758895874,IO -> PLC,0.62515
1776098430.667388,187.6596245765686,PLC -> IO,0.556812
1776098430.6904185,187.68265509605408,IO -> PLC,0.69016
1776098430.7313905,187.7236270904541,PLC -> IO,0.552202
1776098430.7544172,187.7466537952423,IO -> PLC,0.80012
1776098430.7953932,187.78762984275818,PLC -> IO,0.674002
1776098430.8184156,187.81065225601196,IO -> PLC,0.62152
1776098430.8593957,187.85163235664368,PLC -> IO,0.543882
1776098430.8824143,187.8746509552002,IO -> PLC,0.73877
1776098430.9233983,187.91563487052917,PLC -> IO,0.597282
1776098430.9464128,187.93864941596985,IO -> PLC,0.64401
1776098430.9874008,187.97963738441467,PLC -> IO,0.632842
1776098431.0104115,188.00264811515808,IO -> PLC,0.61078
1776098431.0514035,188.04364013671875,PLC -> IO,0.505042
1776098431.07441,188.06664657592773,IO -> PLC,0.61426
1776098431.115406,188.10764265060425,PLC -> IO,0.802682
1776098431.1384087,188.13064527511597,IO -> PLC,0.81576
1776098431.1794086,188.17164516448975,PLC -> IO,0.624242
1776098431.2024062,188.1946427822113,IO -> PLC,0.78428
1776098431.2434113,188.23564791679382,PLC -> IO,0.537722
1776098431.2664049,188.25864148139954,IO -> PLC,0.60767
1776098431.3074138,188.29965043067932,PLC -> IO,0.773142
1776098431.3304033,188.3226399421692,IO -> PLC,0.78965
1776098431.3714163,188.36365294456482,PLC -> IO,0.578862
1776098431.3944018,188.38663840293884,IO -> PLC,0.75305
1776098431.435419,188.4276556968689,PLC -> IO,0.628342
1776098431.4584005,188.45063710212708,IO -> PLC,0.77621
1776098431.4994216,188.4916582107544,PLC -> IO,0.711262
1776098431.522399,188.51463556289673,IO -> PLC,0.63538
1776098431.563424,188.5556607246399,PLC -> IO,0.528652
1776098431.5863976,188.57863426208496,IO -> PLC,0.70646
1776098431.6274269,188.61966347694397,PLC -> IO,0.568372
1776098431.6503952,188.6426317691803,IO -> PLC,0.60274
1776098431.6914294,188.68366599082947,PLC -> IO,0.686252
1776098431.7143939,188.70663046836853,IO -> PLC,0.62863
1776098431.755432,188.74766850471497,PLC -> IO,0.699502
1776098431.7783923,188.77062892913818,IO -> PLC,0.69876
1776098431.8194346,188.81167125701904,PLC -> IO,0.567302
1776098431.842391,188.83462762832642,IO -> PLC,0.62975
1776098431.8834372,188.87567377090454,PLC -> IO,0.623182
1776098431.9063895,188.89862608909607,IO -> PLC,0.62292
1776098431.9474397,188.93967628479004,PLC -> IO,0.552812
1776098431.9703882,188.9626247882843,IO -> PLC,0.66465
1776098432.0114424,189.00367903709412,PLC -> IO,0.795022
1776098432.0343866,189.02662324905396,IO -> PLC,0.62926
1776098432.075445,189.06768155097961,PLC -> IO,1.238442
1776098432.0983844,189.09062099456787,IO -> PLC,0.6093
1776098432.1394475,189.1316840648651,PLC -> IO,0.580702
1776098432.1623828,189.15461945533752,IO -> PLC,0.66302
1776098432.2034502,189.1956868171692,PLC -> IO,0.746992
1776098432.2263815,189.21861815452576,IO -> PLC,0.63283
1776098432.2674527,189.2596893310547,PLC -> IO,0.558942
1776098432.29038,189.2826166152954,IO -> PLC,0.62207
1776098432.3314552,189.32369184494019,PLC -> IO,0.554582
1776098432.3543787,189.34661531448364,IO -> PLC,0.59691
1776098432.395458,189.38769459724426,PLC -> IO,0.690952
1776098432.4183772,189.4106137752533,IO -> PLC,0.61688
1776098432.4594605,189.45169711112976,PLC -> IO,0.515072
1776098432.4823756,189.47461223602295,IO -> PLC,0.76605
1776098432.523463,189.51569962501526,PLC -> IO,0.574002
1776098432.5463734,189.53860998153687,IO -> PLC,0.80537
1776098432.5874658,189.57970237731934,PLC -> IO,0.657882
1776098432.6103718,189.60260844230652,IO -> PLC,0.75062
1776098432.6514683,189.64370489120483,PLC -> IO,0.542072
1776098432.6743705,189.66660714149475,IO -> PLC,0.7429
1776098432.7154708,189.70770740509033,PLC -> IO,0.563952
1776098432.738369,189.7306056022644,IO -> PLC,0.98505
1776098432.7794735,189.7717101573944,PLC -> IO,0.607102
1776098432.8023677,189.79460430145264,IO -> PLC,0.70707
1776098432.843476,189.8357126712799,PLC -> IO,0.551302
1776098432.8663661,189.8586027622223,IO -> PLC,0.71072
1776098432.9074786,189.8997151851654,PLC -> IO,0.863912
1776098432.9303648,189.92260146141052,IO -> PLC,0.80829
1776098432.9714813,189.96371793746948,PLC -> IO,0.608592
1776098432.9943633,189.98659992218018,IO -> PLC,0.58488
1776098433.0354838,190.02772045135498,PLC -> IO,0.632312
1776098433.058361,190.0505976676941,IO -> PLC,0.68133
1776098433.0994864,190.09172296524048,PLC -> IO,0.739882
1776098433.1223595,190.11459612846375,IO -> PLC,0.78242
1776098433.163489,190.15572571754456,PLC -> IO,0.564482
1776098433.1863582,190.17859482765198,IO -> PLC,0.63142
1776098433.2274916,190.21972823143005,PLC -> IO,0.753312
1776098433.2503567,190.24259328842163,IO -> PLC,0.85907
1776098433.2914941,190.28373074531555,PLC -> IO,0.679432
1776098433.3143554,190.30659198760986,IO -> PLC,0.63023
1776098433.355497,190.34773349761963,PLC -> IO,0.645162
1776098433.3783538,190.37059044837952,IO -> PLC,0.61555
1776098433.4194994,190.41173601150513,PLC -> IO,0.593042
1776098433.4423525,190.43458914756775,IO -> PLC,0.5996
1776098433.483502,190.47573852539062,PLC -> IO,0.642362
1776098433.50635,190.4985866546631,IO -> PLC,0.62148
1776098433.5475047,190.5397412776947,PLC -> IO,0.534082
1776098433.5703485,190.56258511543274,IO -> PLC,0.78193
1776098433.6115072,190.6037437915802,PLC -> IO,0.985342
1776098433.6343472,190.62658381462097,IO -> PLC,0.78118
1776098433.6755097,190.6677463054657,PLC -> IO,0.608482
1776098433.6983457,190.69058227539062,IO -> PLC,0.72874
1776098433.7395124,190.73174905776978,PLC -> IO,0.800522
1776098433.7623444,190.75458097457886,IO -> PLC,0.74646
1776098433.803515,190.79575157165527,PLC -> IO,0.928092
1776098433.826343,190.8185796737671,IO -> PLC,0.7962
1776098433.8675175,190.85975408554077,PLC -> IO,0.678202
1776098433.8903415,190.88257813453674,IO -> PLC,0.63487
1776098433.93152,190.92375659942627,PLC -> IO,0.555362
1776098433.954339,190.94657564163208,IO -> PLC,0.72651
1776098433.9955227,190.98775935173035,PLC -> IO,0.727732
1776098434.0183377,191.0105743408203,IO -> PLC,0.79265
1776098434.0595253,191.05176186561584,PLC -> IO,0.534482
1776098434.0823362,191.07457280158997,IO -> PLC,0.68156
1776098434.1235278,191.11576437950134,PLC -> IO,0.556442
1776098434.146335,191.1385715007782,IO -> PLC,0.69018
1776098434.1875305,191.17976713180542,PLC -> IO,0.683762
1776098434.2103333,191.20256996154785,IO -> PLC,0.62421
1776098434.251533,191.24376964569092,PLC -> IO,0.541562
1776098434.274332,191.26656866073608,IO -> PLC,0.84282
1776098434.3155355,191.30777215957642,PLC -> IO,0.553212
1776098434.3383307,191.33056735992432,IO -> PLC,1.04512
1776098434.3795383,191.3717749118805,PLC -> IO,0.616532
1776098434.4023292,191.39456582069397,IO -> PLC,0.85628
1776098434.4435408,191.435777425766,PLC -> IO,0.536342
1776098434.4663267,191.4585633277893,IO -> PLC,0.62103
1776098434.5075433,191.4997799396515,PLC -> IO,0.788632
1776098434.5303254,191.52256202697754,IO -> PLC,0.61956
1776098434.571546,191.56378269195557,PLC -> IO,0.628572
1776098434.5943239,191.5865604877472,IO -> PLC,0.61896
1776098434.6355486,191.62778520584106,PLC -> IO,0.756292
1776098434.6583226,191.65055918693542,IO -> PLC,0.79774
1776098434.699551,191.69178771972656,PLC -> IO,0.747622
1776098434.722321,191.71455764770508,IO -> PLC,0.81986
1776098434.7635539,191.75579047203064,PLC -> IO,0.612942
1776098434.7863197,191.7785563468933,IO -> PLC,0.64005
1776098434.8275564,191.81979298591614,PLC -> IO,0.560252
1776098434.8503182,191.84255480766296,IO -> PLC,0.75531
1776098434.891559,191.88379549980164,PLC -> IO,0.876392
1776098434.9143157,191.9065523147583,IO -> PLC,0.77615
1776098434.9555616,191.9477982521057,PLC -> IO,0.634422
1776098434.9783144,191.97055101394653,IO -> PLC,0.63131
1776098435.0195642,192.0118007659912,PLC -> IO,0.603562
1776098435.042313,192.03454971313477,IO -> PLC,0.73928
1776098435.0835667,192.0758032798767,PLC -> IO,0.676002
1776098435.1063116,192.09854817390442,IO -> PLC,0.7758
1776098435.1475694,192.1398060321808,PLC -> IO,0.541492
1776098435.1703103,192.16254687309265,IO -> PLC,0.73937
1776098435.211572,192.20380854606628,PLC -> IO,0.552972
1776098435.2343087,192.2265453338623,IO -> PLC,0.70309
1776098435.2755744,192.26781105995178,PLC -> IO,0.642542
1776098435.2983074,192.29054403305054,IO -> PLC,0.60105
1776098435.3395772,192.33181381225586,PLC -> IO,0.564582
1776098435.362305,192.35454154014587,IO -> PLC,0.62918
1776098435.4035797,192.39581632614136,PLC -> IO,0.756942
1776098435.4263034,192.41854000091553,IO -> PLC,0.66362
1776098435.4675822,192.45981884002686,PLC -> IO,0.608342
1776098435.490302,192.48253870010376,IO -> PLC,0.79407
1776098435.531585,192.52382159233093,PLC -> IO,0.551422
1776098435.5543008,192.546537399292,IO -> PLC,0.62867
1776098435.5955875,192.58782410621643,PLC -> IO,0.728992
1776098435.6182992,192.61053586006165,IO -> PLC,0.6488
1776098435.65959,192.65182662010193,PLC -> IO,0.661512
1776098435.682298,192.67453455924988,IO -> PLC,0.77013
1776098435.7235928,192.715829372406,PLC -> IO,0.796762
1776098435.7462964,192.73853302001953,IO -> PLC,0.61401
1776098435.7875953,192.7798318862915,PLC -> IO,0.696072
1776098435.810294,192.80253052711487,IO -> PLC,0.84086
1776098435.8515978,192.843834400177,PLC -> IO,0.650672
1776098435.8742926,192.8665292263031,IO -> PLC,0.63026
1776098435.9156005,192.90783715248108,PLC -> IO,0.575032
1776098435.938291,192.93052768707275,IO -> PLC,0.77727
1776098435.979603,192.97183966636658,PLC -> IO,0.657542
1776098436.0022898,192.994526386261,IO -> PLC,0.81051
1776098436.0436056,193.03584218025208,PLC -> IO,0.532382
1776098436.0662882,193.05852484703064,IO -> PLC,0.85616
1776098436.1076083,193.09984493255615,PLC -> IO,0.826992
1776098436.130287,193.12252354621887,IO -> PLC,0.7554
1776098436.1716108,193.16384744644165,PLC -> IO,0.640872
1776098436.1942854,193.18652200698853,IO -> PLC,0.60208
1776098436.2356133,193.22784996032715,PLC -> IO,0.644192
1776098436.258284,193.25052070617676,IO -> PLC,0.62004
1776098436.2996159,193.29185247421265,PLC -> IO,0.768882
1776098436.3222816,193.3145182132721,IO -> PLC,0.88482
1776098436.3636186,193.35585522651672,PLC -> IO,0.594922
1776098436.3862803,193.37851691246033,IO -> PLC,0.7983
1776098436.4276211,193.41985774040222,PLC -> IO,0.555992
1776098436.4502788,193.44251537322998,IO -> PLC,0.66986
1776098436.4916236,193.48386025428772,PLC -> IO,1.726312
1776098436.5142775,193.5065140724182,IO -> PLC,0.68262
1776098436.5556264,193.5478630065918,PLC -> IO,0.659032
1776098436.578276,193.57051253318787,IO -> PLC,0.62779
1776098436.619629,193.6118655204773,PLC -> IO,0.581552
1776098436.6422746,193.6345112323761,IO -> PLC,0.63351
1776098436.6836314,193.6758680343628,PLC -> IO,0.685192
1776098436.706273,193.69850969314575,IO -> PLC,0.68108
1776098436.7476342,193.73987078666687,PLC -> IO,0.560912
1776098436.7702708,193.76250743865967,IO -> PLC,0.79305
1776098436.8116367,193.80387330055237,PLC -> IO,0.577592
1776098436.8342693,193.82650589942932,IO -> PLC,0.84093
1776098436.8756392,193.86787581443787,PLC -> IO,0.827972
1776098436.8982677,193.89050436019897,IO -> PLC,0.76858
1776098436.939642,193.93187856674194,PLC -> IO,0.547512
1776098436.9622664,193.9545030593872,IO -> PLC,0.8471
1776098437.0036445,193.99588108062744,PLC -> IO,0.795802
1776098437.026265,194.01850152015686,IO -> PLC,0.7921
1776098437.067647,194.05988359451294,PLC -> IO,0.616882
1776098437.0902636,194.0825002193451,IO -> PLC,0.85216
1776098437.1316497,194.12388634681702,PLC -> IO,0.537242
1776098437.154262,194.14649868011475,IO -> PLC,0.62835
1776098437.1956522,194.18788886070251,PLC -> IO,0.928742
1776098437.2182598,194.21049642562866,IO -> PLC,0.77416
1776098437.2596548,194.251891374588,PLC -> IO,0.583562
1776098437.2822583,194.27449488639832,IO -> PLC,0.82893
1776098437.3236575,194.3158941268921,PLC -> IO,0.559052
1776098437.346257,194.33849358558655,IO -> PLC,0.77945
1776098437.38766,194.3798966407776,PLC -> IO,0.693582
1776098437.4102554,194.4024920463562,IO -> PLC,0.94183
1776098437.4516625,194.4438991546631,PLC -> IO,0.529042
1776098437.4742541,194.46649074554443,IO -> PLC,0.59625
1776098437.5156653,194.50790190696716,PLC -> IO,0.563482
1776098437.5382526,194.5304892063141,IO -> PLC,0.68471
1776098437.5796678,194.57190442085266,PLC -> IO,0.662662
1776098437.6022513,194.59448790550232,IO -> PLC,0.70563
1776098437.6436703,194.63590693473816,PLC -> IO,0.539092
1776098437.6662498,194.65848636627197,IO -> PLC,0.87936
1776098437.707673,194.69990968704224,PLC -> IO,0.552582
1776098437.7302475,194.7224841117859,IO -> PLC,0.64508
1776098437.7716756,194.76391220092773,PLC -> IO,0.639592
1776098437.794246,194.78648257255554,IO -> PLC,0.68656
1776098437.835678,194.82791471481323,PLC -> IO,0.654912
1776098437.8582447,194.85048127174377,IO -> PLC,0.81222
1776098437.8996809,194.8919174671173,PLC -> IO,0.761502
1776098437.922243,194.91447973251343,IO -> PLC,0.7953
1776098437.9636834,194.9559199810028,PLC -> IO,0.596822
1776098437.9862418,194.97847843170166,IO -> PLC,0.63725
1776098438.0276859,195.0199224948883,PLC -> IO,0.556222
1776098438.0502403,195.0424768924713,IO -> PLC,0.81579
1776098438.0916886,195.08392524719238,PLC -> IO,0.737792
1776098438.114239,195.10647559165955,IO -> PLC,0.77335
1776098438.1556911,195.14792776107788,PLC -> IO,0.673662
1776098438.1782365,195.17047309875488,IO -> PLC,0.59666
1776098438.2196937,195.21193027496338,PLC -> IO,0.579302
1776098438.242235,195.23447155952454,IO -> PLC,0.62679
1776098438.2836964,195.27593302726746,PLC -> IO,0.707752
1776098438.3062336,195.29847025871277,IO -> PLC,0.79316
1776098438.347699,195.33993554115295,PLC -> IO,0.515952
1776098438.370232,195.36246871948242,IO -> PLC,0.86225
1776098438.4117014,195.40393805503845,PLC -> IO,0.555102
1776098438.4342308,195.42646741867065,IO -> PLC,0.62724
1776098438.4757042,195.46794080734253,PLC -> IO,0.646352
1776098438.4982293,195.4904658794403,IO -> PLC,0.72009
1776098438.5397067,195.53194332122803,PLC -> IO,0.547672
1776098438.562228,195.55446457862854,IO -> PLC,0.84863
1776098438.6037092,195.59594583511353,PLC -> IO,0.552112
1776098438.6262255,195.61846208572388,IO -> PLC,0.68826
1776098438.667712,195.6599485874176,PLC -> IO,0.636962
1776098438.6902242,195.6824607849121,IO -> PLC,0.71639
1776098438.7317145,195.7239511013031,PLC -> IO,0.550922
1776098438.7542226,195.74645924568176,IO -> PLC,0.56251
1776098438.795717,195.7879536151886,PLC -> IO,0.759282
1776098438.8182213,195.81045794487,IO -> PLC,0.61391
1776098438.8597195,195.8519561290741,PLC -> IO,0.672202
1776098438.8822198,195.87445640563965,IO -> PLC,0.68828
1776098438.9237223,195.91595888137817,PLC -> IO,0.556402
1776098438.9462185,195.93845510482788,IO -> PLC,0.84121
1776098438.9877248,195.97996139526367,PLC -> IO,0.701242
1776098439.010217,196.00245356559753,IO -> PLC,0.61957
1776098439.0517273,196.04396390914917,PLC -> IO,0.556632
1776098439.0742145,196.06645107269287,IO -> PLC,0.65593
1776098439.11573,196.10796666145325,PLC -> IO,0.570282
1776098439.1382132,196.1304497718811,IO -> PLC,0.63397
1776098439.1797326,196.17196917533875,PLC -> IO,0.696892
1776098439.2022116,196.19444823265076,IO -> PLC,0.62338
1776098439.243735,196.23597168922424,PLC -> IO,0.533572
1776098439.2662103,196.258446931839,IO -> PLC,0.62566
1776098439.3077378,196.29997444152832,PLC -> IO,0.558742
1776098439.330209,196.32244563102722,IO -> PLC,0.62835
1776098439.3717403,196.36397695541382,PLC -> IO,0.654792
1776098439.3942075,196.38644409179688,IO -> PLC,0.64016
1776098439.4357429,196.42797946929932,PLC -> IO,0.666992
1776098439.4582062,196.4504427909851,IO -> PLC,1.05646
1776098439.4997456,196.4919822216034,PLC -> IO,0.783422
1776098439.5222046,196.51444125175476,IO -> PLC,0.78769
1776098439.5637481,196.5559847354889,PLC -> IO,0.622012
1776098439.5862021,196.5784387588501,IO -> PLC,0.74813
1776098439.6277506,196.6199872493744,PLC -> IO,0.535732
1776098439.6502008,196.64243745803833,IO -> PLC,0.60113
1776098439.6917534,196.68399000167847,PLC -> IO,0.731542
1776098439.7141993,196.70643591880798,IO -> PLC,0.77487
1776098439.755756,196.74799251556396,PLC -> IO,0.698222
1776098439.778198,196.77043461799622,IO -> PLC,0.72211
1776098439.8197584,196.81199502944946,PLC -> IO,0.578992
1776098439.8421967,196.83443331718445,IO -> PLC,0.84344
1776098439.8837612,196.87599778175354,PLC -> IO,1.005932
1776098439.9061952,196.8984317779541,IO -> PLC,0.7458
1776098439.9477637,196.94000029563904,PLC -> IO,0.550202
1776098439.9701939,196.96243047714233,IO -> PLC,0.70104
1776098440.0117662,197.00400280952454,PLC -> IO,0.565282
1776098440.0341914,197.02642798423767,IO -> PLC,0.545
1776098440.075769,197.0680055618286,PLC -> IO,0.674282
1776098440.0981898,197.09042644500732,IO -> PLC,0.79129
1776098440.1397715,197.1320080757141,PLC -> IO,0.536552
1776098440.1621885,197.15442514419556,IO -> PLC,0.66166
1776098440.203774,197.1960105895996,PLC -> IO,0.553072
1776098440.226187,197.2184236049652,IO -> PLC,0.62234
1776098440.2677767,197.2600133419037,PLC -> IO,0.608082
1776098440.2901857,197.28242230415344,IO -> PLC,0.64222
1776098440.3317792,197.32401585578918,PLC -> IO,0.506512
1776098440.3541842,197.3464207649231,IO -> PLC,0.63755
1776098440.3957818,197.38801836967468,PLC -> IO,0.800002
1776098440.4181828,197.41041946411133,IO -> PLC,0.8052
1776098440.4597845,197.45202112197876,PLC -> IO,0.610192
1776098440.4821804,197.47441697120667,IO -> PLC,1.07998
1776098440.523787,197.51602363586426,PLC -> IO,0.540152
1776098440.546179,197.5384156703949,IO -> PLC,0.83257
1776098440.5877895,197.58002614974976,PLC -> IO,0.729082
1776098440.6101775,197.60241413116455,IO -> PLC,0.63452
1776098440.6517923,197.64402890205383,PLC -> IO,0.578712
1776098440.6741762,197.66641283035278,IO -> PLC,0.76402
1776098440.7157948,197.70803141593933,PLC -> IO,0.561942
1776098440.7381747,197.73041129112244,IO -> PLC,0.8547
1776098440.7797973,197.77203392982483,PLC -> IO,0.675992
1776098440.8021734,197.79440999031067,IO -> PLC,0.76523
1776098440.8438,197.8360366821289,PLC -> IO,0.509462
1776098440.8661718,197.85840845108032,IO -> PLC,0.73695
1776098440.9078026,197.9000391960144,PLC -> IO,0.561262
1776098440.9301693,197.92240595817566,IO -> PLC,0.86548
1776098440.971805,197.9640417098999,PLC -> IO,0.654112
1776098440.994168,197.9864046573639,IO -> PLC,0.63855
1776098441.0358076,198.0280442237854,PLC -> IO,0.665752
1776098441.0581667,198.05040335655212,IO -> PLC,0.96669
1776098441.0998104,198.09204697608948,PLC -> IO,0.908282
1776098441.1221652,198.11440181732178,IO -> PLC,0.89882
1776098441.1638129,198.15604948997498,PLC -> IO,0.825692
1776098441.1861637,198.17840027809143,IO -> PLC,0.68221
1776098441.2278154,198.22005200386047,PLC -> IO,0.538112
1776098441.2501624,198.24239897727966,IO -> PLC,0.6949
1776098441.2918181,198.28405475616455,PLC -> IO,0.760972
1776098441.3141608,198.30639743804932,IO -> PLC,0.64854
1776098441.3558207,198.34805727005005,PLC -> IO,0.698052
1776098441.3781595,198.37039613723755,IO -> PLC,0.61594
1776098441.4198232,198.41205978393555,PLC -> IO,0.605132
1776098441.442157,198.43439364433289,IO -> PLC,0.87784
1776098441.483826,198.47606253623962,PLC -> IO,0.725262
1776098441.5061557,198.49839234352112,IO -> PLC,0.86196
1776098441.5478284,198.54006505012512,PLC -> IO,0.558732
1776098441.5701542,198.56239080429077,IO -> PLC,0.82353
1776098441.611831,198.60406756401062,PLC -> IO,0.550382
1776098441.634153,198.626389503479,IO -> PLC,0.88445
1776098441.6758337,198.6680703163147,PLC -> IO,0.687862
1776098441.6981514,198.69038796424866,IO -> PLC,0.77025
1776098441.7398362,198.7320728302002,PLC -> IO,0.538062
1776098441.76215,198.7543866634369,IO -> PLC,0.78094
1776098441.8038387,198.7960753440857,PLC -> IO,0.552172
1776098441.8261485,198.81838512420654,IO -> PLC,0.86962
1776098441.8678415,198.86007809638977,PLC -> IO,0.623262
1776098441.8901463,198.88238286972046,IO -> PLC,0.73503
1776098441.931844,198.92408061027527,PLC -> IO,0.532102
1776098441.9541447,198.9463813304901,IO -> PLC,0.75795
1776098441.9958465,198.98808312416077,PLC -> IO,0.794872
1776098442.0181434,199.01038002967834,IO -> PLC,0.79223
1776098442.0598493,199.05208587646484,PLC -> IO,0.619862
1776098442.0821419,199.074378490448,IO -> PLC,0.72932
1776098442.1238518,199.11608839035034,PLC -> IO,0.544702
1776098442.1461406,199.13837718963623,IO -> PLC,0.72776
1776098442.1878543,199.18009090423584,PLC -> IO,0.768032
1776098442.210139,199.20237565040588,IO -> PLC,1.08567
1776098442.251857,199.24409365653992,PLC -> IO,0.586862
1776098442.2741375,199.26637411117554,IO -> PLC,0.63257
1776098442.3158596,199.30809617042542,PLC -> IO,0.582352
1776098442.3381352,199.33037185668945,IO -> PLC,0.69245
1776098442.379862,199.3720986843109,PLC -> IO,0.699272
1776098442.4021337,199.3943703174591,IO -> PLC,0.80147
1776098442.4438648,199.436101436615,PLC -> IO,0.567302
1776098442.4661324,199.45836901664734,IO -> PLC,0.91983
1776098442.5078673,199.5001039505005,PLC -> IO,0.559272
1776098442.5301309,199.522367477417,IO -> PLC,0.66419
1776098442.5718699,199.564106464386,PLC -> IO,0.681792
1776098442.5941296,199.58636617660522,IO -> PLC,0.76712
1776098442.6358726,199.62810921669006,PLC -> IO,0.644642
1776098442.658128,199.65036463737488,IO -> PLC,0.70427
1776098442.699875,199.69211173057556,PLC -> IO,0.547242
1776098442.7221267,199.7143633365631,IO -> PLC,0.64424
1776098442.7638776,199.75611424446106,PLC -> IO,0.625122
1776098442.7861252,199.77836179733276,IO -> PLC,0.84061
1776098442.8278804,199.82011699676514,PLC -> IO,0.544442
1776098442.850123,199.84235954284668,IO -> PLC,0.8041
1776098442.891883,199.88411951065063,PLC -> IO,1.154992
1776098442.9141214,199.90635800361633,IO -> PLC,0.60997
1776098442.9558854,199.94812202453613,PLC -> IO,0.717012
1776098442.97812,199.97035670280457,IO -> PLC,0.62385
1776098443.0198882,200.0121247768402,PLC -> IO,0.588972
1776098443.0421185,200.03435516357422,IO -> PLC,1.03712
1776098443.0838907,200.0761272907257,PLC -> IO,0.744602
1776098443.1061172,200.09835386276245,IO -> PLC,0.84083
1776098443.1478932,200.1401298046112,PLC -> IO,0.568882
1776098443.1701157,200.1623523235321,IO -> PLC,0.71664
1776098443.211896,200.20413255691528,PLC -> IO,0.568992
1776098443.2341144,200.22635102272034,IO -> PLC,0.74468
1776098443.2758985,200.26813507080078,PLC -> IO,0.697432
1776098443.298112,200.29034852981567,IO -> PLC,0.81985
1776098443.339901,200.33213758468628,PLC -> IO,0.568352
1776098443.3621104,200.35434699058533,IO -> PLC,0.83702
1776098443.4039035,200.39614009857178,PLC -> IO,0.559742
1776098443.426109,200.41834568977356,IO -> PLC,0.70841
1776098443.4679062,200.46014285087585,PLC -> IO,0.762752
1776098443.4901075,200.4823441505432,IO -> PLC,0.90367
1776098443.5319088,200.52414536476135,PLC -> IO,0.535342
1776098443.5541062,200.54634284973145,IO -> PLC,0.87027
1776098443.5959113,200.58814787864685,PLC -> IO,0.552742
1776098443.618105,200.61034154891968,IO -> PLC,0.67807
1776098443.659914,200.65215063095093,PLC -> IO,0.638702
1776098443.6821034,200.67434000968933,IO -> PLC,1.03493
1776098443.7239165,200.71615314483643,PLC -> IO,0.562342
1776098443.746101,200.73833751678467,IO -> PLC,0.61767
1776098443.787919,200.78015565872192,PLC -> IO,0.798632
1776098443.8100996,200.8023362159729,IO -> PLC,0.89565
1776098443.8519218,200.844158411026,PLC -> IO,0.600992
1776098443.874098,200.86633467674255,IO -> PLC,0.68432
1776098443.9159243,200.9081609249115,PLC -> IO,0.544712
1776098443.9380968,200.9303333759308,IO -> PLC,0.62533
1776098443.9799268,200.972163438797,PLC -> IO,0.740932
1776098444.0020952,200.99433183670044,IO -> PLC,0.87274
1776098444.0439296,201.03616619110107,PLC -> IO,0.547852
1776098444.066094,201.05833053588867,IO -> PLC,0.79646
1776098444.107932,201.10016870498657,PLC -> IO,0.562772
1776098444.1300926,201.1223292350769,IO -> PLC,0.77939
1776098444.1719346,201.16417121887207,PLC -> IO,0.685292
1776098444.1940901,201.18632674217224,IO -> PLC,0.60606
1776098444.2359374,201.22817397117615,PLC -> IO,0.680382
1776098444.2580886,201.2503252029419,IO -> PLC,0.77444
1776098444.2999399,201.29217648506165,PLC -> IO,0.566172
1776098444.3220873,201.31432390213013,IO -> PLC,0.75448
1776098444.3639424,201.35617899894714,PLC -> IO,0.649492
1776098444.3860857,201.37832236289978,IO -> PLC,0.83574
1776098444.4279451,201.42018175125122,PLC -> IO,0.553292
1776098444.4500844,201.442321062088,IO -> PLC,0.63041
1776098444.4919477,201.48418426513672,PLC -> IO,1.362872
1776098444.514083,201.50631952285767,IO -> PLC,0.86158
1776098444.5559502,201.54818677902222,PLC -> IO,0.707762
1776098444.5780816,201.5703182220459,IO -> PLC,0.5997
1776098444.619953,201.6121895313263,PLC -> IO,0.567642
1776098444.64208,201.63431668281555,IO -> PLC,0.6331
1776098444.6839554,201.6761920452118,PLC -> IO,0.756812
1776098444.7060776,201.6983141899109,IO -> PLC,0.98885
1776098444.747958,201.7401945590973,PLC -> IO,0.586612
1776098444.7700763,201.76231288909912,IO -> PLC,0.65575
1776098444.8119607,201.80419731140137,PLC -> IO,0.536022
1776098444.834075,201.82631158828735,IO -> PLC,0.65307
1776098444.8759632,201.86819982528687,PLC -> IO,0.717672
1776098444.8980734,201.890310049057,IO -> PLC,0.95978
1776098444.9399657,201.93220233917236,PLC -> IO,0.694752
1776098444.9620721,201.95430874824524,IO -> PLC,1.03286
1776098445.0039685,201.99620509147644,PLC -> IO,0.602312
1776098445.0260706,202.0183072090149,IO -> PLC,0.61665
1776098445.067971,202.06020760536194,PLC -> IO,0.655392
1776098445.0900693,202.08230590820312,IO -> PLC,0.66333
1776098445.1319735,202.12421011924744,PLC -> IO,0.528392
1776098445.1540668,202.14630341529846,IO -> PLC,0.99764
1776098445.1959763,202.1882128715515,PLC -> IO,0.583072
1776098445.2180653,202.21030187606812,IO -> PLC,0.80055
1776098445.2599788,202.252215385437,PLC -> IO,0.640642
1776098445.282064,202.27430057525635,IO -> PLC,0.79683
1776098445.3239813,202.3162178993225,PLC -> IO,0.537952
1776098445.3460624,202.338299036026,IO -> PLC,0.85792
1776098445.3879838,202.380220413208,PLC -> IO,0.793852
1776098445.4100611,202.40229773521423,IO -> PLC,0.76716
1776098445.4519866,202.44422316551208,PLC -> IO,0.629492
1776098445.4740596,202.4662961959839,IO -> PLC,0.61104
1776098445.515989,202.50822567939758,PLC -> IO,0.708492
1776098445.5380583,202.53029489517212,IO -> PLC,0.80621
1776098445.5799916,202.57222819328308,PLC -> IO,0.742922
1776098445.6020558,202.59429240226746,IO -> PLC,0.7309
1776098445.6439943,202.63623094558716,PLC -> IO,0.562562
1776098445.6660545,202.6582911014557,IO -> PLC,0.79086
1776098445.7079968,202.70023345947266,PLC -> IO,0.576842
1776098445.730053,202.72228956222534,IO -> PLC,0.6265
1776098445.7719994,202.76423597335815,PLC -> IO,0.711682
1776098445.7940516,202.78628826141357,IO -> PLC,0.59727
1776098445.836002,202.82823872566223,PLC -> IO,0.781972
1776098445.85805,202.85028672218323,IO -> PLC,0.77291
1776098445.9000046,202.89224123954773,PLC -> IO,0.895622
1776098445.9220488,202.91428542137146,IO -> PLC,0.87169
1776098445.9640071,202.95624375343323,PLC -> IO,0.673812
1776098445.9860473,202.9782838821411,IO -> PLC,0.83125
1776098446.02801,203.0202465057373,PLC -> IO,0.742022
1776098446.050046,203.04228258132935,IO -> PLC,0.78873
1776098446.0920124,203.0842490196228,PLC -> IO,0.844632
1776098446.1140435,203.10628008842468,IO -> PLC,0.62125
1776098446.156015,203.1482515335083,PLC -> IO,0.724822
1776098446.1780422,203.17027878761292,IO -> PLC,0.64041
1776098446.2200177,203.21225428581238,PLC -> IO,0.578382
1776098446.2420406,203.23427724838257,IO -> PLC,0.77191
1776098446.2840202,203.27625679969788,PLC -> IO,0.759632
1776098446.306039,203.29827570915222,IO -> PLC,0.78787
1776098446.3480227,203.34025931358337,PLC -> IO,0.596472
1776098446.3700378,203.36227440834045,IO -> PLC,0.83744
1776098446.4120255,203.40426206588745,PLC -> IO,0.536992
1776098446.4340363,203.4262728691101,IO -> PLC,1.01013
1776098446.476028,203.46826457977295,PLC -> IO,0.752952
1776098446.498035,203.49027156829834,IO -> PLC,0.78312
1776098446.5400305,203.53226709365845,PLC -> IO,0.568182
1776098446.5620325,203.55426907539368,IO -> PLC,0.59932
1776098446.6040332,203.59626984596252,PLC -> IO,0.565992
1776098446.6260312,203.6182677745819,IO -> PLC,0.6256
1776098446.6680357,203.66027235984802,PLC -> IO,0.712832
1776098446.6900296,203.68226623535156,IO -> PLC,0.76206
1776098446.7320383,203.72427487373352,PLC -> IO,0.509672
1776098446.7540283,203.7462649345398,IO -> PLC,0.61513
1776098446.796041,203.7882776260376,PLC -> IO,0.580192
1776098446.8180268,203.81026339530945,IO -> PLC,0.61478
1776098446.8600435,203.8522801399231,PLC -> IO,0.661032
1776098446.8820255,203.87426209449768,IO -> PLC,0.71459
1776098446.924046,203.9162826538086,PLC -> IO,0.533402
1776098446.946024,203.93826055526733,IO -> PLC,0.79191
1776098446.9880488,203.98028540611267,PLC -> IO,0.562802
1776098447.0100217,204.00225830078125,IO -> PLC,0.67476
1776098447.0520513,204.04428791999817,PLC -> IO,0.641962
1776098447.0740201,204.0662567615509,IO -> PLC,0.74384
1776098447.1160538,204.10829043388367,PLC -> IO,0.537672
1776098447.1380188,204.13025546073914,IO -> PLC,0.63989
1776098447.1800566,204.17229318618774,PLC -> IO,0.756372
1776098447.2020173,204.1942539215088,IO -> PLC,0.62081
1776098447.244059,204.23629570007324,PLC -> IO,0.584892
1776098447.2660158,204.25825238227844,IO -> PLC,0.84455
1776098447.3080616,204.30029821395874,PLC -> IO,0.558602
1776098447.3300145,204.32225108146667,IO -> PLC,0.80011
1776098447.3720644,204.36430096626282,PLC -> IO,0.708092
1776098447.3940132,204.3862497806549,IO -> PLC,0.62118
1776098447.4360669,204.42830348014832,PLC -> IO,0.695252
1776098447.4580107,204.45024728775024,IO -> PLC,0.63931
1776098447.5000694,204.4923059940338,PLC -> IO,0.571212
1776098447.5220091,204.5142457485199,IO -> PLC,0.7812
1776098447.564072,204.5563085079193,PLC -> IO,0.715182
1776098447.5860078,204.57824444770813,IO -> PLC,0.80413
1776098447.6280746,204.6203112602234,PLC -> IO,0.551772
1776098447.6500063,204.64224290847778,IO -> PLC,0.66048
1776098447.6920772,204.6843137741089,PLC -> IO,0.720942
1776098447.714005,204.70624160766602,IO -> PLC,0.62805
1776098447.7560797,204.74831628799438,PLC -> IO,0.770752
1776098447.7780035,204.77024006843567,IO -> PLC,0.76378
1776098447.8200824,204.81231904029846,PLC -> IO,0.580072
1776098447.8420022,204.8342387676239,IO -> PLC,0.78791
1776098447.884085,204.87632155418396,PLC -> IO,0.775872
1776098447.9060009,204.89823746681213,IO -> PLC,0.71466
1776098447.9480875,204.94032406806946,PLC -> IO,0.805522
1776098447.9699984,204.96223497390747,IO -> PLC,0.73663
1776098448.0120902,205.00432682037354,PLC -> IO,0.554672
1776098448.0339968,205.02623343467712,IO -> PLC,0.79028
1776098448.0760927,205.06832933425903,PLC -> IO,0.771602
1776098448.0979955,205.09023213386536,IO -> PLC,0.78792
1776098448.1400952,205.13233184814453,PLC -> IO,0.594192
1776098448.161994,205.154230594635,IO -> PLC,0.69005
1776098448.204098,205.1963346004486,PLC -> IO,0.556552
1776098448.2259927,205.21822929382324,IO -> PLC,1.06754
1776098448.2681005,205.2603371143341,PLC -> IO,0.716832
1776098448.2899911,205.2822277545929,IO -> PLC,0.6871
1776098448.332103,205.3243396282196,PLC -> IO,0.523432
1776098448.3539898,205.34622645378113,IO -> PLC,0.55849
1776098448.3961058,205.38834238052368,PLC -> IO,0.729322
1776098448.4179873,205.41022396087646,IO -> PLC,0.71366
1776098448.4601083,205.45234489440918,PLC -> IO,0.667682
1776098448.4819858,205.47422242164612,IO -> PLC,0.84323
1776098448.5241108,205.51634740829468,PLC -> IO,0.583722
1776098448.5459845,205.53822112083435,IO -> PLC,0.64823
1776098448.5881135,205.58035016059875,PLC -> IO,0.580082
1776098448.6099832,205.60221982002258,IO -> PLC,0.62395
1776098448.652116,205.64435267448425,PLC -> IO,0.623092
1776098448.6739817,205.66621828079224,IO -> PLC,0.62359
1776098448.7161186,205.70835518836975,PLC -> IO,0.541852
1776098448.7379804,205.73021697998047,IO -> PLC,0.85326
1776098448.7801213,205.77235794067383,PLC -> IO,0.784942
1776098448.8019788,205.79421544075012,IO -> PLC,0.62465
1776098448.8441238,205.83636045455933,PLC -> IO,0.604412
1776098448.8659763,205.85821294784546,IO -> PLC,0.78462
1776098448.9081264,205.90036296844482,PLC -> IO,0.542622
1776098448.929975,205.9222116470337,IO -> PLC,0.63786
1776098448.972129,205.9643657207489,PLC -> IO,0.723462
1776098448.9939735,205.98621010780334,IO -> PLC,0.82983
1776098449.0361316,206.0283682346344,PLC -> IO,0.705012
1776098449.0579722,206.05020880699158,IO -> PLC,0.75251
1776098449.1001341,206.0923707485199,PLC -> IO,0.597212
1776098449.121971,206.1142075061798,IO -> PLC,0.9528
1776098449.164137,206.15637350082397,PLC -> IO,0.693262
1776098449.1859694,206.17820596694946,IO -> PLC,0.63068
1776098449.2281394,206.22037601470947,PLC -> IO,0.519692
1776098449.2499678,206.24220442771912,IO -> PLC,0.69968
1776098449.292142,206.28437852859497,PLC -> IO,0.553572
1776098449.3139665,206.30620312690735,IO -> PLC,0.8047
1776098449.3561447,206.34838128089905,PLC -> IO,0.766902
1776098449.377964,206.37020063400269,IO -> PLC,0.62201
1776098449.4201472,206.41238379478455,PLC -> IO,0.605502
1776098449.4419627,206.43419933319092,IO -> PLC,0.69605
1776098449.4841497,206.47638630867004,PLC -> IO,0.603462
1776098449.5059612,206.49819779396057,IO -> PLC,0.87811
1776098449.5481522,206.54038882255554,PLC -> IO,0.617832
1776098449.5699599,206.5621964931488,IO -> PLC,0.85071
1776098449.612155,206.60439157485962,PLC -> IO,0.540192
1776098449.6339583,206.62619495391846,IO -> PLC,0.66499
1776098449.6761575,206.66839408874512,PLC -> IO,0.882652
1776098449.697957,206.6901936531067,IO -> PLC,0.62751
1776098449.74016,206.73239660263062,PLC -> IO,0.606522
1776098449.7619555,206.75419211387634,IO -> PLC,0.623
1776098449.8041627,206.7963993549347,PLC -> IO,0.550962
1776098449.8259532,206.81818985939026,IO -> PLC,0.85073
1776098449.8681653,206.8604018688202,PLC -> IO,0.731642
1776098449.8899517,206.8821883201599,IO -> PLC,0.79822
1776098449.9321678,206.9244043827057,PLC -> IO,0.561122
1776098449.9539504,206.94618701934814,IO -> PLC,0.78738
1776098449.9961705,206.98840713500977,PLC -> IO,0.566282
1776098450.0179489,207.0101854801178,IO -> PLC,0.61277
1776098450.060173,207.05240964889526,PLC -> IO,0.669762
1776098450.0819476,207.07418417930603,IO -> PLC,0.78123
1776098450.1241755,207.11641216278076,PLC -> IO,0.557882
1776098450.145946,207.13818264007568,IO -> PLC,0.76335
1776098450.1881783,207.18041491508484,PLC -> IO,0.560722
1776098450.2099445,207.20218110084534,IO -> PLC,0.851
1776098450.2521808,207.24441742897034,PLC -> IO,0.657492
1776098450.2739422,207.26617884635925,IO -> PLC,0.71616
1776098450.3161833,207.30841994285583,PLC -> IO,0.724582
1776098450.3379407,207.3301773071289,IO -> PLC,0.72677
1776098450.380186,207.3724226951599,PLC -> IO,0.799582
1776098450.4019394,207.39417600631714,IO -> PLC,0.80233
1776098450.4441886,207.4364252090454,PLC -> IO,0.594502
1776098450.4659379,207.4581744670868,IO -> PLC,0.62957
1776098450.508191,207.5004277229309,PLC -> IO,0.552862
1776098450.5299366,207.52217316627502,IO -> PLC,0.73362
1776098450.5721939,207.56443047523499,PLC -> IO,0.740032
1776098450.593935,207.58617162704468,IO -> PLC,0.77902
1776098450.6361964,207.62843298912048,PLC -> IO,0.709042
1776098450.6579337,207.6501703262329,IO -> PLC,1.04476
1776098450.700199,207.69243550300598,PLC -> IO,0.871162
1776098450.7219312,207.71416783332825,IO -> PLC,0.81303
1776098450.7642016,207.75643825531006,PLC -> IO,0.719682
1776098450.78593,207.77816653251648,IO -> PLC,0.8062
1776098450.8282042,207.82044076919556,PLC -> IO,0.537462
1776098450.8499284,207.84216499328613,IO -> PLC,0.62647
1776098450.8922067,207.88444328308105,PLC -> IO,0.564312
1776098450.913927,207.90616369247437,IO -> PLC,1.19959
1776098450.9562094,207.94844603538513,PLC -> IO,0.786352
1776098450.9779255,207.97016215324402,IO -> PLC,0.63585
1776098451.020212,208.01244854927063,PLC -> IO,0.561112
1776098451.0419242,208.03416085243225,IO -> PLC,0.62406
1776098451.0842144,208.07645106315613,PLC -> IO,0.581072
1776098451.1059227,208.0981593132019,IO -> PLC,1.01795
1776098451.1482172,208.1404538154602,PLC -> IO,0.643282
1776098451.1699202,208.16215682029724,IO -> PLC,0.78799
1776098451.2122197,208.2044563293457,PLC -> IO,0.533962
1776098451.233919,208.22615551948547,IO -> PLC,0.77707
1776098451.2762222,208.2684588432312,PLC -> IO,0.788092
1776098451.2979174,208.29015398025513,IO -> PLC,0.94456
1776098451.3402247,208.3324613571167,PLC -> IO,0.614452
1776098451.361916,208.35415267944336,IO -> PLC,0.94605
1776098451.4042275,208.39646410942078,PLC -> IO,0.540252
1776098451.4259145,208.418151140213,IO -> PLC,0.74296
1776098451.46823,208.46046662330627,PLC -> IO,0.768292
1776098451.4899132,208.48214983940125,IO -> PLC,0.84166
1776098451.5322325,208.52446913719177,PLC -> IO,0.565212
1776098451.5539117,208.5461483001709,IO -> PLC,0.95602
1776098451.5962353,208.58847188949585,PLC -> IO,0.566942
1776098451.6179104,208.61014699935913,IO -> PLC,0.70446
1776098451.6602378,208.65247440338135,PLC -> IO,0.693232
1776098451.681908,208.67414450645447,IO -> PLC,0.81755
1776098451.7242403,208.71647691726685,PLC -> IO,0.534382
1776098451.7459066,208.7381432056427,IO -> PLC,0.61743
1776098451.788243,208.78047966957092,PLC -> IO,0.558102
1776098451.809905,208.80214166641235,IO -> PLC,0.68451
1776098451.8522456,208.84448218345642,PLC -> IO,0.652702
1776098451.8739038,208.8661403656006,IO -> PLC,0.81817
1776098451.916248,208.90848469734192,PLC -> IO,0.552582
1776098451.9379022,208.93013882637024,IO -> PLC,0.63948
1776098451.9802508,208.972487449646,PLC -> IO,0.545822
1776098452.001901,208.99413752555847,IO -> PLC,0.93081
1776098452.0442533,209.0364899635315,PLC -> IO,0.616182
1776098452.0658994,209.05813598632812,IO -> PLC,0.83702
1776098452.1082559,209.100492477417,PLC -> IO,0.550942
1776098452.1298969,209.12213349342346,IO -> PLC,0.62353
1776098452.1722586,209.16449522972107,PLC -> IO,0.777382
1776098452.1938956,209.1861321926117,IO -> PLC,0.9732
1776098452.2362611,209.22849774360657,PLC -> IO,0.716062
1776098452.257894,209.25013065338135,IO -> PLC,0.75379
1776098452.3002636,209.29250025749207,PLC -> IO,0.535852
1776098452.3218927,209.31412935256958,IO -> PLC,0.79512
1776098452.3642664,209.35650300979614,PLC -> IO,0.702452
1776098452.3858914,209.3781280517578,IO -> PLC,0.859
1776098452.428269,209.42050552368164,PLC -> IO,0.575852
1776098452.44989,209.44212651252747,IO -> PLC,0.6252
1776098452.4922714,209.48450803756714,PLC -> IO,1.312152
1776098452.5138886,209.5061252117157,IO -> PLC,0.75149
1776098452.5562742,209.54851078987122,PLC -> IO,0.819302
1776098452.577887,209.57012367248535,IO -> PLC,0.78274
1776098452.6202767,209.6125133037567,PLC -> IO,0.588452
1776098452.6418846,209.6341211795807,IO -> PLC,0.62765
1776098452.6842792,209.6765158176422,PLC -> IO,0.645462
1776098452.7058833,209.69811987876892,IO -> PLC,0.7337
1776098452.748282,209.7405185699463,PLC -> IO,0.647892
1776098452.7698817,209.76211833953857,IO -> PLC,0.74767
1776098452.8122845,209.8045210838318,PLC -> IO,0.535692
1776098452.8338804,209.8261170387268,IO -> PLC,1.16069
1776098452.876287,209.86852359771729,PLC -> IO,0.821732
1776098452.8978791,209.89011573791504,IO -> PLC,0.71776
1776098452.9402897,209.93252635002136,PLC -> IO,0.631452
1776098452.9618776,209.9541141986847,IO -> PLC,0.64363
1776098453.0042922,209.99652886390686,PLC -> IO,0.543732
1776098453.025876,210.01811265945435,IO -> PLC,0.86033
1776098453.0682948,210.06053137779236,PLC -> IO,0.773532
1776098453.0898738,210.08211040496826,IO -> PLC,1.01718
1776098453.1322975,210.12453413009644,PLC -> IO,0.591652
1776098453.1538723,210.14610886573792,IO -> PLC,0.62769
1776098453.1963,210.18853664398193,PLC -> IO,0.602732
1776098453.217871,210.21010756492615,IO -> PLC,0.61797
1776098453.2603025,210.25253915786743,PLC -> IO,0.701502
1776098453.2818694,210.2741060256958,IO -> PLC,0.78034
1776098453.324305,210.31654167175293,PLC -> IO,0.554742
1776098453.345868,210.33810472488403,IO -> PLC,0.62406
1776098453.3883078,210.380544424057,PLC -> IO,0.562472
1776098453.4098666,210.4021031856537,IO -> PLC,0.61426
1776098453.4523103,210.4445469379425,PLC -> IO,0.670442
1776098453.4738653,210.46610188484192,IO -> PLC,1.07889
1776098453.5163128,210.508549451828,PLC -> IO,0.724732
1776098453.5378628,210.53009939193726,IO -> PLC,0.76076
1776098453.5803156,210.57255220413208,PLC -> IO,0.546282
1776098453.6018615,210.5940980911255,IO -> PLC,0.77353
1776098453.644318,210.63655471801758,PLC -> IO,0.648972
1776098453.66586,210.65809655189514,IO -> PLC,0.60108
1776098453.7083206,210.70055723190308,PLC -> IO,1.039742
1776098453.7298586,210.72209525108337,IO -> PLC,0.84226
1776098453.7723234,210.76455998420715,PLC -> IO,0.776482
1776098453.793857,210.78609371185303,IO -> PLC,0.81702
1776098453.836326,210.82856249809265,PLC -> IO,0.724762
1776098453.8578558,210.85009241104126,IO -> PLC,0.64666
1776098453.9003284,210.89256501197815,PLC -> IO,0.537502
1776098453.9218543,210.9140908718109,IO -> PLC,0.78951
1776098453.9643312,210.95656776428223,PLC -> IO,0.739242
1776098453.9858518,210.97808837890625,IO -> PLC,0.71124
1776098454.0283337,211.02057027816772,PLC -> IO,0.572622
1776098454.0498505,211.04208707809448,IO -> PLC,0.79664
1776098454.0923362,211.08457279205322,PLC -> IO,0.551552
1776098454.113849,211.10608553886414,IO -> PLC,0.63532
1776098454.156339,211.1485755443573,PLC -> IO,0.703752
1776098454.1778476,211.17008423805237,IO -> PLC,0.67697
1776098454.2203414,211.2125780582428,PLC -> IO,0.567472
1776098454.241846,211.23408269882202,IO -> PLC,0.62421
1776098454.284344,211.2765805721283,PLC -> IO,0.569352
1776098454.3058448,211.29808139801025,IO -> PLC,0.90931
1776098454.3483467,211.34058332443237,PLC -> IO,0.662032
1776098454.3698432,211.3620798587799,IO -> PLC,0.86159
1776098454.4123492,211.40458583831787,PLC -> IO,0.535912
1776098454.433841,211.42607760429382,IO -> PLC,0.76803
1776098454.4763517,211.46858835220337,PLC -> IO,0.564672
1776098454.4978395,211.49007606506348,IO -> PLC,0.82799
1776098454.5403545,211.53259110450745,PLC -> IO,0.640962
1776098454.5618382,211.5540747642517,IO -> PLC,0.7966
1776098454.604357,211.59659361839294,PLC -> IO,0.528192
1776098454.6258366,211.61807322502136,IO -> PLC,0.7736
1776098454.6683595,211.66059613227844,PLC -> IO,0.773122
1776098454.6898353,211.6820719242096,IO -> PLC,1.01782
1776098454.7323623,211.72459888458252,PLC -> IO,0.630362
1776098454.7538338,211.74607038497925,IO -> PLC,0.63537
1776098454.7963648,211.78860139846802,PLC -> IO,0.564882
1776098454.8178322,211.8100688457489,IO -> PLC,0.61245
1776098454.8603673,211.85260391235352,PLC -> IO,0.720282
1776098454.881831,211.87406754493713,IO -> PLC,0.76242
1776098454.9243698,211.916606426239,PLC -> IO,0.577122
1776098454.9458284,211.93806505203247,IO -> PLC,0.61334
1776098454.9883726,211.9806091785431,PLC -> IO,0.560522
1776098455.0098271,212.0020637512207,IO -> PLC,0.78499
1776098455.052375,212.0446116924286,PLC -> IO,0.686252
1776098455.0738256,212.06606221199036,IO -> PLC,0.95737
1776098455.1163776,212.1086142063141,PLC -> IO,0.519722
1776098455.1378243,212.1300609111786,IO -> PLC,0.81356
1776098455.1803803,212.17261695861816,PLC -> IO,0.549132
1776098455.2018228,212.19405937194824,IO -> PLC,0.6812
1776098455.2443829,212.23661947250366,PLC -> IO,0.680862
1776098455.2658215,212.25805807113647,IO -> PLC,0.69173
1776098455.3083854,212.30062198638916,PLC -> IO,0.546322
1776098455.32982,212.32205653190613,IO -> PLC,0.79361
1776098455.3723881,212.36462473869324,PLC -> IO,0.555642
1776098455.3938177,212.38605427742004,IO -> PLC,1.25808
1776098455.4363906,212.42862725257874,PLC -> IO,0.744012
1776098455.4578161,212.4500527381897,IO -> PLC,0.68514
1776098455.5003932,212.49262976646423,PLC -> IO,0.541172
1776098455.5218148,212.51405143737793,IO -> PLC,0.78271
1776098455.564396,212.5566325187683,PLC -> IO,0.767552
1776098455.5858133,212.57804989814758,IO -> PLC,0.61451
1776098455.6283984,212.6206350326538,PLC -> IO,0.589982
1776098455.649812,212.64204859733582,IO -> PLC,1.03489
1776098455.692401,212.6846375465393,PLC -> IO,0.533542
1776098455.7138104,212.70604705810547,IO -> PLC,0.62572
1776098455.7564037,212.74864029884338,PLC -> IO,0.857752
1776098455.7778091,212.7700457572937,IO -> PLC,0.79513
1776098455.8204062,212.81264281272888,PLC -> IO,0.599542
1776098455.8418067,212.83404326438904,IO -> PLC,0.64101
1776098455.8844087,212.87664532661438,PLC -> IO,0.583822
1776098455.905805,212.8980417251587,IO -> PLC,0.81683
1776098455.9484115,212.94064807891846,PLC -> IO,0.668352
1776098455.9698038,212.96204042434692,IO -> PLC,0.77294
1776098456.012414,213.00465059280396,PLC -> IO,0.529672
1776098456.0338023,213.02603888511658,IO -> PLC,0.83004
1776098456.0764165,213.06865310668945,PLC -> IO,0.575542
1776098456.097801,213.0900375843048,IO -> PLC,0.62887
1776098456.1404192,213.13265585899353,PLC -> IO,0.658062
1776098456.1617997,213.15403628349304,IO -> PLC,0.7358
1776098456.2044218,213.19665837287903,PLC -> IO,0.537222
1776098456.2257981,213.2180347442627,IO -> PLC,0.81825
1776098456.2684243,213.26066088676453,PLC -> IO,0.814552
1776098456.2897968,213.28203344345093,IO -> PLC,0.70508
1776098456.332427,213.3246636390686,PLC -> IO,0.619232
1776098456.3537943,213.34603095054626,IO -> PLC,0.78025
1776098456.3964295,213.3886661529541,PLC -> IO,0.549672
1776098456.4177928,213.41002941131592,IO -> PLC,0.78181
1776098456.460432,213.4526686668396,PLC -> IO,0.736122
1776098456.4817915,213.47402811050415,IO -> PLC,0.62386
1776098456.5244348,213.51667141914368,PLC -> IO,0.573682
1776098456.54579,213.5380265712738,IO -> PLC,0.69694
1776098456.5884373,213.58067393302917,PLC -> IO,0.566212
1776098456.6097887,213.60202527046204,IO -> PLC,0.78435
1776098456.6524398,213.64467644691467,PLC -> IO,0.695452
1776098456.6737874,213.66602396965027,IO -> PLC,0.64663
1776098456.7164423,213.70867896080017,PLC -> IO,0.992462
1776098456.7377858,213.73002243041992,IO -> PLC,0.62988
1776098456.780445,213.77268171310425,PLC -> IO,0.577592
1776098456.8017833,213.79401993751526,IO -> PLC,0.62632
1776098456.8444476,213.83668422698975,PLC -> IO,0.668672
1776098456.865782,213.8580186367035,IO -> PLC,0.86734
1776098456.9084501,213.90068674087524,PLC -> IO,0.550872
1776098456.9297805,213.92201709747314,IO -> PLC,0.84034
1776098456.9724529,213.96468949317932,PLC -> IO,0.565072
1776098456.9937792,213.98601579666138,IO -> PLC,0.77518
1776098457.0364554,214.02869200706482,PLC -> IO,0.836962
1776098457.0577776,214.05001425743103,IO -> PLC,0.79314
1776098457.100458,214.09269452095032,PLC -> IO,0.539552
1776098457.1217763,214.11401295661926,IO -> PLC,0.82648
1776098457.1644607,214.1566972732544,PLC -> IO,0.787922
1776098457.1857748,214.17801141738892,IO -> PLC,0.62923
1776098457.2284632,214.2206997871399,PLC -> IO,0.614512
1776098457.2497723,214.24200892448425,IO -> PLC,0.75264
1776098457.2924657,214.2847023010254,PLC -> IO,0.589752
1776098457.313771,214.30600762367249,IO -> PLC,0.59244
1776098457.3564684,214.34870505332947,PLC -> IO,0.862202
1776098457.3777697,214.37000632286072,IO -> PLC,0.97986
1776098457.420471,214.41270756721497,PLC -> IO,0.622072
1776098457.4417682,214.43400478363037,IO -> PLC,0.72149
1776098457.4844735,214.47671008110046,PLC -> IO,0.585242
1776098457.5057669,214.4980034828186,IO -> PLC,0.80411
1776098457.5484762,214.54071283340454,PLC -> IO,0.679522
1776098457.5697653,214.56200194358826,IO -> PLC,0.72974
1776098457.6124787,214.60471534729004,PLC -> IO,0.535312
1776098457.633764,214.6260006427765,IO -> PLC,0.70362
1776098457.6764812,214.66871786117554,PLC -> IO,0.560642
1776098457.6977615,214.68999814987183,IO -> PLC,0.80343
1776098457.740484,214.73272061347961,PLC -> IO,0.686932
1776098457.76176,214.75399661064148,IO -> PLC,0.61643
1776098457.8044865,214.7967231273651,PLC -> IO,0.573292
1776098457.8257587,214.8179953098297,IO -> PLC,1.0565
1776098457.868489,214.8607256412506,PLC -> IO,0.751982
1776098457.8897572,214.88199377059937,IO -> PLC,1.27591
1776098457.9324918,214.9247283935547,PLC -> IO,0.614572
1776098457.9537559,214.9459924697876,IO -> PLC,0.63345
1776098457.9964943,214.98873090744019,PLC -> IO,0.546302
1776098458.0177543,215.00999093055725,IO -> PLC,0.63093
1776098458.0604968,215.05273342132568,PLC -> IO,0.773072
1776098458.081753,215.07398962974548,IO -> PLC,0.6161
1776098458.1244996,215.11673617362976,PLC -> IO,0.611342
1776098458.1457515,215.13798809051514,IO -> PLC,0.80694
1776098458.188502,215.18073868751526,PLC -> IO,0.550102
1776098458.2097492,215.20198583602905,IO -> PLC,0.86692
1776098458.2525046,215.24474120140076,PLC -> IO,0.729832
1776098458.2737477,215.2659842967987,IO -> PLC,0.9516
1776098458.316507,215.30874371528625,PLC -> IO,0.603472
1776098458.3377464,215.32998299598694,IO -> PLC,1.07486
1776098458.3805099,215.37274646759033,PLC -> IO,0.551502
1776098458.4017448,215.3939814567566,IO -> PLC,0.82545
1776098458.4445124,215.43674898147583,PLC -> IO,0.678752
1776098458.4657433,215.45797991752625,IO -> PLC,0.70733
1776098458.508515,215.50075149536133,PLC -> IO,0.602552
1776098458.529742,215.52197861671448,IO -> PLC,0.73225
1776098458.5725176,215.5647542476654,PLC -> IO,0.552832
1776098458.5937405,215.58597707748413,IO -> PLC,0.8015
1776098458.6365201,215.6287567615509,PLC -> IO,0.753272
1776098458.6577382,215.64997482299805,IO -> PLC,1.11004
1776098458.7005227,215.6927592754364,PLC -> IO,0.553392
1776098458.7217367,215.7139732837677,IO -> PLC,0.71943
1776098458.7645254,215.75676202774048,PLC -> IO,0.793852
1776098458.7857354,215.77797198295593,IO -> PLC,0.82131
1776098458.828528,215.82076454162598,PLC -> IO,0.628202
1776098458.8497338,215.8419704437256,IO -> PLC,0.71456
1776098458.8925304,215.88476705551147,PLC -> IO,0.543912
1776098458.9137325,215.90596914291382,IO -> PLC,1.02117
1776098458.9565332,215.94876980781555,PLC -> IO,0.757892
1776098458.977731,215.96996760368347,IO -> PLC,0.62625
1776098459.0205357,216.01277232170105,PLC -> IO,0.619042
1776098459.0417297,216.0339663028717,IO -> PLC,0.62685
1776098459.0845382,216.07677483558655,PLC -> IO,0.560362
1776098459.1057272,216.09796380996704,IO -> PLC,0.94171
1776098459.148541,216.14077758789062,PLC -> IO,0.697772
1776098459.169726,216.16196250915527,IO -> PLC,0.8195
1776098459.2125435,216.20478010177612,PLC -> IO,0.527482
1776098459.2337244,216.22596096992493,IO -> PLC,0.61186
1776098459.276546,216.26878261566162,PLC -> IO,0.586962
1776098459.297723,216.28995966911316,IO -> PLC,0.61759
1776098459.3405488,216.3327853679657,PLC -> IO,0.712932
1776098459.3617215,216.3539581298828,IO -> PLC,0.63747
1776098459.4045513,216.3967878818512,PLC -> IO,0.553362
1776098459.4257202,216.41795682907104,IO -> PLC,1.01193
1776098459.4685538,216.4607903957367,PLC -> IO,0.547882
1776098459.4897187,216.4819552898407,IO -> PLC,0.99397
1776098459.5325565,216.52479314804077,PLC -> IO,0.632802
1776098459.5537174,216.54595398902893,IO -> PLC,0.76097
1776098459.596559,216.58879566192627,PLC -> IO,0.545242
1776098459.617715,216.60995149612427,IO -> PLC,0.74709
1776098459.6605616,216.65279817581177,PLC -> IO,0.802572
1776098459.6817133,216.67394995689392,IO -> PLC,0.60433
1776098459.7245643,216.71680092811584,PLC -> IO,1.236152
1776098459.745712,216.73794865608215,IO -> PLC,0.6355
1776098459.7885668,216.78080344200134,PLC -> IO,0.547612
1776098459.8097105,216.8019471168518,IO -> PLC,0.73123
1776098459.8525693,216.84480595588684,PLC -> IO,0.848542
1776098459.8737092,216.86594581604004,IO -> PLC,0.79623
1776098459.916572,216.90880870819092,PLC -> IO,0.565292
1776098459.937708,216.92994451522827,IO -> PLC,1.13166
1776098459.9805746,216.97281122207642,PLC -> IO,0.569572
1776098460.0017064,216.99394297599792,IO -> PLC,0.68872
1776098460.0445771,217.0368137359619,PLC -> IO,0.723782
1776098460.0657039,217.05794048309326,IO -> PLC,0.82237
1776098460.1085796,217.1008162498474,PLC -> IO,0.557982
1776098460.1297026,217.1219391822815,IO -> PLC,0.69793
1776098460.1725824,217.1648190021515,PLC -> IO,0.567952
1776098460.193701,217.18593764305115,IO -> PLC,0.66166
1776098460.236585,217.228821516037,PLC -> IO,0.762882
1776098460.2576997,217.24993634223938,IO -> PLC,0.63345
1776098460.3005874,217.29282402992249,PLC -> IO,0.580992
1776098460.3216982,217.31393480300903,IO -> PLC,0.61574
1776098460.3645902,217.35682678222656,PLC -> IO,0.603592
1776098460.385697,217.37793350219727,IO -> PLC,0.63554
1776098460.4285927,217.42082929611206,PLC -> IO,0.605702
1776098460.4496953,217.44193196296692,IO -> PLC,1.13154
1776098460.4925952,217.48483180999756,PLC -> IO,1.098482
1776098460.5136929,217.50592947006226,IO -> PLC,0.787
1776098460.556598,217.54883456230164,PLC -> IO,0.772432
1776098460.5776916,217.5699281692505,IO -> PLC,0.85417
1776098460.6206005,217.61283707618713,PLC -> IO,0.648392
1776098460.6416903,217.63392686843872,IO -> PLC,0.83005
1776098460.684603,217.67683959007263,PLC -> IO,0.728602
1776098460.7056887,217.69792532920837,IO -> PLC,0.75706
1776098460.7486057,217.7408423423767,PLC -> IO,0.737762
1776098460.7696874,217.7619240283966,IO -> PLC,0.7799
1776098460.8126082,217.8048448562622,PLC -> IO,0.565392
1776098460.8336859,217.82592248916626,IO -> PLC,1.0098
1776098460.8766108,217.8688473701477,PLC -> IO,0.548872
1776098460.8976846,217.8899211883545,IO -> PLC,0.87927
1776098460.9406135,217.93285012245178,PLC -> IO,0.721392
1776098460.961682,217.95391869544983,IO -> PLC,1.35703
1776098461.004616,217.99685263633728,PLC -> IO,0.511112
1776098461.0256805,218.01791715621948,IO -> PLC,0.63959
1776098461.0686185,218.06085515022278,PLC -> IO,0.565392
1776098461.0896792,218.08191585540771,IO -> PLC,1.04366
1776098461.1326213,218.12485790252686,PLC -> IO,0.663442
1776098461.1536777,218.14591431617737,IO -> PLC,0.79105
1776098461.1966238,218.18886041641235,PLC -> IO,0.550362
1776098461.2176764,218.2099130153656,IO -> PLC,0.72118
1776098461.2606263,218.25286293029785,PLC -> IO,0.814882
1776098461.2816749,218.27391147613525,IO -> PLC,0.67649
1776098461.324629,218.31686568260193,PLC -> IO,0.635002
1776098461.3456736,218.3379101753235,IO -> PLC,0.85535
1776098461.3886316,218.38086819648743,PLC -> IO,0.642162
1776098461.409672,218.40190863609314,IO -> PLC,0.61922
1776098461.452634,218.44487071037292,PLC -> IO,0.758202
1776098461.4736698,218.46590638160706,IO -> PLC,0.90744
1776098461.5166368,218.508873462677,PLC -> IO,0.790402
1776098461.5376682,218.5299048423767,IO -> PLC,0.81484
1776098461.5806394,218.5728759765625,PLC -> IO,0.537232
1776098461.601667,218.59390354156494,IO -> PLC,1.12338
1776098461.6446419,218.636878490448,PLC -> IO,0.716792
1776098461.6656654,218.6579020023346,IO -> PLC,0.96326
1776098461.7086444,218.7008810043335,PLC -> IO,0.560832
1776098461.729664,218.72190070152283,IO -> PLC,0.61665
1776098461.7726471,218.76488375663757,PLC -> IO,0.568552
1776098461.7936625,218.78589916229248,IO -> PLC,0.78814
1776098461.8366497,218.82888627052307,PLC -> IO,0.772032
1776098461.8576612,218.8498978614807,IO -> PLC,0.61674
1776098461.9006522,218.89288878440857,PLC -> IO,0.561432
1776098461.9216588,218.91389536857605,IO -> PLC,0.62318
1776098461.964655,218.95689153671265,PLC -> IO,0.561312
1776098461.9856572,218.9778938293457,IO -> PLC,0.74876
1776098462.0286574,219.02089405059814,PLC -> IO,0.629362
1776098462.049656,219.04189252853394,IO -> PLC,0.83824
1776098462.09266,219.08489656448364,PLC -> IO,0.528282
1776098462.1136544,219.1058909893036,IO -> PLC,0.80413
1776098462.1566627,219.14889931678772,PLC -> IO,0.811062
1776098462.177653,219.16988968849182,IO -> PLC,0.69904
1776098462.2206652,219.21290183067322,PLC -> IO,0.659022
1776098462.2416515,219.23388814926147,IO -> PLC,0.84806
1776098462.2846677,219.27690434455872,PLC -> IO,0.539292
1776098462.3056502,219.2978868484497,IO -> PLC,0.68057
1776098462.3486705,219.3409070968628,PLC -> IO,0.743662
1776098462.3696477,219.36188435554504,IO -> PLC,0.95975
1776098462.412673,219.4049096107483,PLC -> IO,0.565062
1776098462.4336464,219.42588305473328,IO -> PLC,0.62946
1776098462.4766755,219.4689121246338,PLC -> IO,0.577582
1776098462.497645,219.48988151550293,IO -> PLC,0.87464
1776098462.5406783,219.53291487693787,PLC -> IO,0.721942
1776098462.5616436,219.55388021469116,IO -> PLC,0.66627
1776098462.6046808,219.59691739082336,PLC -> IO,0.524782
1776098462.625642,219.61787867546082,IO -> PLC,0.83689
1776098462.6686833,219.66091990470886,PLC -> IO,0.566102
1776098462.6896408,219.68187737464905,IO -> PLC,0.63652
1776098462.732686,219.72492265701294,PLC -> IO,0.662872
1776098462.7536392,219.7458758354187,IO -> PLC,0.9465
1776098462.7966886,219.78892517089844,PLC -> IO,0.560032
1776098462.817638,219.80987453460693,IO -> PLC,0.62237
1776098462.860691,219.85292768478394,PLC -> IO,0.548392
1776098462.8816354,219.87387204170227,IO -> PLC,0.79066
1776098462.9246938,219.916930437088,PLC -> IO,0.690202
1776098462.945634,219.93787050247192,IO -> PLC,0.89991
1776098462.9886963,219.9809329509735,PLC -> IO,0.550082
1776098463.0096326,220.00186920166016,IO -> PLC,1.20765
1776098463.0526989,220.044935464859,PLC -> IO,0.776852
1776098463.073631,220.0658676624298,IO -> PLC,1.06673
1776098463.1167016,220.1089382171631,PLC -> IO,0.614002
1776098463.1376297,220.12986636161804,IO -> PLC,0.85741
1776098463.180704,220.17294073104858,PLC -> IO,0.535162
1776098463.2016284,220.19386506080627,IO -> PLC,0.62944
1776098463.2447066,220.23694324493408,PLC -> IO,0.881052
1776098463.265627,220.25786352157593,IO -> PLC,0.72941
1776098463.3087094,220.30094599723816,PLC -> IO,0.586502
1776098463.3296244,220.32186102867126,IO -> PLC,0.59872
1776098463.372712,220.36494851112366,PLC -> IO,0.551832
1776098463.393623,220.3858597278595,IO -> PLC,0.77134
1776098463.4367144,220.42895102500916,PLC -> IO,0.874762
1776098463.4576216,220.44985818862915,IO -> PLC,0.97659
1776098463.500717,220.49295353889465,PLC -> IO,0.604482
1776098463.5216203,220.51385688781738,IO -> PLC,1.30377
1776098463.5647197,220.55695629119873,PLC -> IO,0.557802
1776098463.5856187,220.57785534858704,IO -> PLC,0.61418
1776098463.6287222,220.62095880508423,PLC -> IO,0.639852
1776098463.6496174,220.64185404777527,IO -> PLC,0.67408
1776098463.6927247,220.68496131896973,PLC -> IO,0.549822
1776098463.7136161,220.7058527469635,IO -> PLC,0.88141
1776098463.7567275,220.7489640712738,PLC -> IO,0.567542
1776098463.7776134,220.76985001564026,IO -> PLC,0.62288
1776098463.82073,220.8129665851593,PLC -> IO,0.645822
1776098463.841612,220.8338487148285,IO -> PLC,0.64788
1776098463.8847325,220.8769690990448,PLC -> IO,0.547942
1776098463.9056108,220.89784741401672,IO -> PLC,0.63089
1776098463.9487352,220.94097185134888,PLC -> IO,0.793112
1776098463.9696093,220.96184587478638,IO -> PLC,0.62021
1776098464.0127378,221.00497436523438,PLC -> IO,0.587302
1776098464.033608,221.0258445739746,IO -> PLC,0.6289
1776098464.0767403,221.06897687911987,PLC -> IO,0.559502
1776098464.0976064,221.08984303474426,IO -> PLC,0.76159
1776098464.140743,221.13297963142395,PLC -> IO,0.748432
1776098464.1616051,221.1538417339325,IO -> PLC,0.7774
1776098464.2047455,221.19698214530945,PLC -> IO,0.559032
1776098464.2256026,221.21783924102783,IO -> PLC,0.60887
1776098464.268748,221.26098465919495,PLC -> IO,0.744042
1776098464.289601,221.28183770179749,IO -> PLC,0.84413
1776098464.3327508,221.32498741149902,PLC -> IO,0.675202
1776098464.3535998,221.34583640098572,IO -> PLC,0.99922
1776098464.3967533,221.38898992538452,PLC -> IO,0.539082
1776098464.4175985,221.40983510017395,IO -> PLC,0.8275
1776098464.4607558,221.45299243927002,PLC -> IO,0.572642
1776098464.481597,221.4738335609436,IO -> PLC,0.72697
1776098464.5247586,221.5169951915741,PLC -> IO,0.923422
1776098464.5455956,221.53783226013184,IO -> PLC,0.7087
1776098464.588761,221.5809977054596,PLC -> IO,0.547362
1776098464.609594,221.6018307209015,IO -> PLC,0.84043
1776098464.6527636,221.6450002193451,PLC -> IO,0.776212
1776098464.6735926,221.66582918167114,IO -> PLC,0.83168
1776098464.7167664,221.70900297164917,PLC -> IO,0.608812
1776098464.7375903,221.72982692718506,IO -> PLC,0.69091
1776098464.7807689,221.77300548553467,PLC -> IO,0.533812
1776098464.8015888,221.7938253879547,IO -> PLC,0.83081
1776098464.8447714,221.83700799942017,PLC -> IO,0.761382
1776098464.8655875,221.85782408714294,IO -> PLC,0.86405
1776098464.908774,221.90101051330566,PLC -> IO,0.586932
1776098464.929586,221.9218225479126,IO -> PLC,0.65769
1776098464.9727767,221.96501326560974,PLC -> IO,0.556412
1776098464.9935846,221.98582124710083,IO -> PLC,0.62845
1776098465.0367792,222.02901577949524,PLC -> IO,0.788222
1776098465.057583,222.04981970787048,IO -> PLC,0.84091
1776098465.1007817,222.09301829338074,PLC -> IO,0.522812
1776098465.1215818,222.11381840705872,IO -> PLC,0.91431
1776098465.1647844,222.15702104568481,PLC -> IO,0.560362
1776098465.1855793,222.17781591415405,IO -> PLC,0.62899
1776098465.228787,222.2210235595703,PLC -> IO,0.669212
1776098465.249578,222.24181461334229,IO -> PLC,0.79039
1776098465.2927895,222.2850260734558,PLC -> IO,0.513642
1776098465.3135765,222.30581307411194,IO -> PLC,0.58403
1776098465.3567922,222.3490288257599,PLC -> IO,0.553922
1776098465.3775752,222.36981177330017,IO -> PLC,0.62744
1776098465.4207947,222.41303133964539,PLC -> IO,0.640612
1776098465.4415736,222.43381023406982,IO -> PLC,0.75909
1776098465.4847972,222.47703385353088,PLC -> IO,0.658572
1776098465.5055723,222.49780893325806,IO -> PLC,0.84058
1776098465.5488,222.54103660583496,PLC -> IO,0.789332
1776098465.5695708,222.5618073940277,IO -> PLC,0.62286
1776098465.6128025,222.60503911972046,PLC -> IO,0.612002
1776098465.6335683,222.62580490112305,IO -> PLC,0.72578
1776098465.676805,222.66904163360596,PLC -> IO,0.548762
1776098465.697567,222.68980360031128,IO -> PLC,0.72023
1776098465.7408078,222.73304438591003,PLC -> IO,0.755852
1776098465.7615654,222.75380206108093,IO -> PLC,0.74331
1776098465.8048103,222.79704689979553,PLC -> IO,0.582122
1776098465.8255641,222.81780076026917,IO -> PLC,1.05497
1776098465.8688128,222.86104941368103,PLC -> IO,0.577202
1776098465.8895626,222.88179922103882,IO -> PLC,0.82508
1776098465.9328156,222.9250521659851,PLC -> IO,0.695412
1776098465.9535613,222.94579792022705,IO -> PLC,0.72129
1776098465.996818,222.9890546798706,PLC -> IO,0.615202
1776098466.0175598,223.0097963809967,IO -> PLC,0.67365
1776098466.0608206,223.0530571937561,PLC -> IO,0.963252
1776098466.0815585,223.07379508018494,IO -> PLC,0.62289
1776098466.1248233,223.11705994606018,PLC -> IO,0.683682
1776098466.145556,223.13779258728027,IO -> PLC,0.60709
1776098466.1888258,223.18106245994568,PLC -> IO,0.549322
1776098466.2095547,223.2017912864685,IO -> PLC,0.64842
1776098466.2528284,223.24506497383118,PLC -> IO,0.554322
1776098466.2735531,223.26578974723816,IO -> PLC,0.84367
1776098466.316831,223.30906772613525,PLC -> IO,0.654682
1776098466.3375516,223.3297882080078,IO -> PLC,0.8082
1776098466.3808336,223.37307024002075,PLC -> IO,0.535282
1776098466.4015503,223.39378690719604,IO -> PLC,0.87632
1776098466.4448361,223.43707275390625,PLC -> IO,0.766532
1776098466.465549,223.45778560638428,IO -> PLC,0.69556
1776098466.5088387,223.50107526779175,PLC -> IO,0.591932
1776098466.5295475,223.52178406715393,IO -> PLC,0.77489
1776098466.5728414,223.56507802009583,PLC -> IO,0.533482
1776098466.593545,223.58578157424927,IO -> PLC,0.81238
1776098466.636844,223.62908053398132,PLC -> IO,0.795942
1776098466.6575437,223.6497802734375,IO -> PLC,0.65305
1776098466.7008464,223.69308304786682,PLC -> IO,0.552852
1776098466.7215421,223.71377873420715,IO -> PLC,0.74382
1776098466.7648492,223.7570858001709,PLC -> IO,0.559292
1776098466.7855408,223.77777743339539,IO -> PLC,0.82211
1776098466.8288517,223.8210883140564,PLC -> IO,0.684292
1776098466.8495393,223.84177589416504,IO -> PLC,0.62391
1776098466.8928542,223.8850908279419,PLC -> IO,0.519052
1776098466.913538,223.90577459335327,IO -> PLC,0.69923
1776098466.956857,223.94909358024597,PLC -> IO,0.573172
1776098466.9775367,223.9697732925415,IO -> PLC,0.82865
1776098467.0208595,224.01309609413147,PLC -> IO,0.677932
1776098467.0415342,224.03377079963684,IO -> PLC,1.12726
1776098467.084862,224.07709860801697,PLC -> IO,0.559882
1776098467.1055326,224.0977692604065,IO -> PLC,0.68841
1776098467.1488647,224.14110136032104,PLC -> IO,0.797132
1776098467.1695313,224.16176795959473,IO -> PLC,0.8323
1776098467.2128673,224.20510387420654,PLC -> IO,0.628932
1776098467.2335298,224.22576642036438,IO -> PLC,0.61258
1776098467.2768698,224.26910638809204,PLC -> IO,0.547122
1776098467.2975285,224.2897651195526,IO -> PLC,0.63879
1776098467.3408725,224.33310914039612,PLC -> IO,0.767412
1776098467.361527,224.35376358032227,IO -> PLC,0.63531
1776098467.404875,224.39711165428162,PLC -> IO,0.585362
1776098467.4255257,224.4177622795105,IO -> PLC,0.61319
1776098467.4688776,224.46111416816711,PLC -> IO,0.542602
1776098467.4895232,224.48175978660583,IO -> PLC,0.90757
1776098467.5328803,224.5251169204712,PLC -> IO,1.083862
1776098467.5535216,224.5457582473755,IO -> PLC,0.63168
1776098467.5968828,224.5891194343567,PLC -> IO,0.542362
1776098467.6175203,224.60975694656372,IO -> PLC,0.78589
1776098467.6608853,224.6531219482422,PLC -> IO,0.549682
1776098467.681519,224.67375564575195,IO -> PLC,0.60385
1776098467.724888,224.71712470054626,PLC -> IO,0.693802
1776098467.7455175,224.7377541065216,IO -> PLC,0.61685
1776098467.7888906,224.78112721443176,PLC -> IO,0.556722
1776098467.8095162,224.80175280570984,IO -> PLC,0.75547
1776098467.852893,224.84512972831726,PLC -> IO,0.554362
1776098467.8735147,224.8657512664795,IO -> PLC,1.02744
1776098467.9168959,224.90913248062134,PLC -> IO,0.637852
1776098467.9375134,224.92974996566772,IO -> PLC,0.7566
1776098467.9808984,224.97313499450684,PLC -> IO,0.534442
1776098468.0015109,224.99374747276306,IO -> PLC,1.03249
1776098468.044901,225.03713750839233,PLC -> IO,0.805452
1776098468.0655093,225.05774593353271,IO -> PLC,0.62748
1776098468.1089034,225.10114002227783,PLC -> IO,0.612612
1776098468.129508,225.12174463272095,IO -> PLC,0.89729
1776098468.1729062,225.1651427745819,PLC -> IO,0.552652
1776098468.1935065,225.1857430934906,IO -> PLC,0.70533
1776098468.2369087,225.2291452884674,PLC -> IO,0.922452
1776098468.2575052,225.24974179267883,IO -> PLC,0.86162
1776098468.3009112,225.2931478023529,PLC -> IO,0.736242
1776098468.3215036,225.3137402534485,IO -> PLC,0.85487
1776098468.364914,225.35715055465698,PLC -> IO,0.571642
1776098468.3855023,225.37773895263672,IO -> PLC,0.66602
1776098468.4289165,225.42115306854248,PLC -> IO,0.867762
1776098468.4494998,225.44173645973206,IO -> PLC,0.82624
1776098468.492919,225.48515558242798,PLC -> IO,0.783162
1776098468.5134985,225.5057351589203,IO -> PLC,0.81956
1776098468.5569217,225.54915833473206,PLC -> IO,0.723442
1776098468.577497,225.56973361968994,IO -> PLC,0.64088
1776098468.6209242,225.61316084861755,PLC -> IO,0.901162
1776098468.6414957,225.63373231887817,IO -> PLC,0.65268
1776098468.6849267,225.67716336250305,PLC -> IO,0.542242
1776098468.7054942,225.69773077964783,IO -> PLC,0.89698
1776098468.7489295,225.74116611480713,PLC -> IO,0.551892
1776098468.7694929,225.76172947883606,IO -> PLC,0.60661
1776098468.812932,225.80516862869263,PLC -> IO,0.620972
1776098468.8334913,225.8257279396057,IO -> PLC,1.31149
1776098468.8769345,225.86917114257812,PLC -> IO,0.543892
1776098468.8974888,225.88972544670105,IO -> PLC,0.7703
1776098468.9409373,225.9331738948822,PLC -> IO,0.802022
1776098468.9614875,225.95372414588928,IO -> PLC,0.85692
1776098469.0049398,225.9971764087677,PLC -> IO,0.609182
1776098469.025486,226.01772260665894,IO -> PLC,0.62702
1776098469.0689423,226.0611789226532,PLC -> IO,0.557452
1776098469.0894847,226.08172130584717,IO -> PLC,0.729
1776098469.132945,226.12518167495728,PLC -> IO,0.730142
1776098469.1534832,226.14571976661682,IO -> PLC,0.79297
1776098469.1969476,226.18918418884277,PLC -> IO,0.579132
1776098469.2174819,226.20971846580505,IO -> PLC,0.62756
1776098469.26095,226.25318670272827,PLC -> IO,0.553812
1776098469.2814803,226.2737169265747,IO -> PLC,0.70586
1776098469.3249528,226.31718945503235,PLC -> IO,0.718662
1776098469.345479,226.33771562576294,IO -> PLC,0.60509
1776098469.3889554,226.38119196891785,PLC -> IO,0.529252
1776098469.4094765,226.40171313285828,IO -> PLC,0.6157
1776098469.4529579,226.44519448280334,PLC -> IO,0.570972
1776098469.4734752,226.4657118320465,IO -> PLC,0.68494
1776098469.5169604,226.50919699668884,PLC -> IO,0.654942
1776098469.5374737,226.52971029281616,IO -> PLC,0.77244
1776098469.5809631,226.57319974899292,PLC -> IO,0.618182
1776098469.6014724,226.5937089920044,IO -> PLC,0.62047
1776098469.6449656,226.63720226287842,PLC -> IO,0.565902
1776098469.6654708,226.65770745277405,IO -> PLC,0.84517
1776098469.7089682,226.70120477676392,PLC -> IO,0.624902
1776098469.7294695,226.72170615196228,IO -> PLC,0.79145
1776098469.772971,226.765207529068,PLC -> IO,0.554222
1776098469.793468,226.78570461273193,IO -> PLC,0.62709
1776098469.8369734,226.8292100429535,PLC -> IO,0.811792
1776098469.8574655,226.84970211982727,IO -> PLC,0.85242
1776098469.900976,226.893212556839,PLC -> IO,0.599512
1776098469.9214642,226.9137008190155,IO -> PLC,0.70486
1776098469.9649787,226.95721530914307,PLC -> IO,0.571712
1776098469.9854627,226.97769927978516,IO -> PLC,0.78523
1776098470.0289812,227.02121782302856,PLC -> IO,0.712802
1776098470.0494614,227.0416979789734,IO -> PLC,0.61183
1776098470.0929837,227.08522033691406,PLC -> IO,0.693482
1776098470.1134598,227.10569643974304,IO -> PLC,0.84996
1776098470.1569865,227.14922308921814,PLC -> IO,0.558962
1776098470.1774585,227.16969513893127,IO -> PLC,0.79592
1776098470.220989,227.21322560310364,PLC -> IO,0.718932
1776098470.2414572,227.2336938381195,IO -> PLC,0.78316
1776098470.2849915,227.27722811698914,PLC -> IO,0.558332
1776098470.3054547,227.29769134521484,IO -> PLC,0.77569
1776098470.3489943,227.3412308692932,PLC -> IO,0.550532
1776098470.3694532,227.3616898059845,IO -> PLC,0.73093
1776098470.4129968,227.4052333831787,PLC -> IO,0.645702
1776098470.433452,227.42568850517273,IO -> PLC,0.61169
1776098470.4769993,227.4692358970642,PLC -> IO,0.540142
1776098470.4974504,227.48968696594238,IO -> PLC,0.6799
1776098470.541002,227.5332386493683,PLC -> IO,1.269642
1776098470.561449,227.55368566513062,IO -> PLC,0.68955
1776098470.6050045,227.59724116325378,PLC -> IO,0.644222
1776098470.6254475,227.61768412590027,IO -> PLC,0.88369
1776098470.669007,227.66124367713928,PLC -> IO,0.543542
1776098470.6894462,227.6816828250885,IO -> PLC,0.62811
1776098470.7330098,227.72524642944336,PLC -> IO,0.742382
1776098470.7534437,227.74568033218384,IO -> PLC,0.6512
1776098470.7970123,227.78924894332886,PLC -> IO,0.712982
1776098470.8174422,227.8096787929535,IO -> PLC,0.84629
1776098470.8610148,227.85325145721436,PLC -> IO,0.707982
1776098470.8814409,227.87367749214172,IO -> PLC,0.63265
1776098470.9250176,227.91725420951843,PLC -> IO,0.739062
1776098470.9454396,227.93767619132996,IO -> PLC,0.63109
1776098470.98902,227.98125672340393,PLC -> IO,0.534382
1776098471.009438,228.0016746520996,IO -> PLC,0.6245
1776098471.0530226,228.04525923728943,PLC -> IO,0.557862
1776098471.0734367,228.06567335128784,IO -> PLC,0.79927
1776098471.1170251,228.10926175117493,PLC -> IO,0.701432
1776098471.1374352,228.1296718120575,IO -> PLC,0.89996
1776098471.181028,228.173264503479,PLC -> IO,0.535062
1776098471.2014327,228.19366931915283,IO -> PLC,0.63431
1776098471.2450304,228.2372670173645,PLC -> IO,0.577672
1776098471.2654314,228.25766801834106,IO -> PLC,1.2011
1776098471.309033,228.30126953125,PLC -> IO,0.646922
1776098471.3294299,228.32166647911072,IO -> PLC,0.86977
1776098471.3730357,228.36527228355408,PLC -> IO,0.552392
1776098471.3934286,228.38566517829895,IO -> PLC,0.78637
1776098471.4370382,228.42927479743958,PLC -> IO,0.822292
1776098471.457427,228.4496636390686,IO -> PLC,0.96594
1776098471.5010407,228.49327731132507,PLC -> IO,0.604962
1776098471.5214257,228.51366233825684,IO -> PLC,0.77926
1776098471.5650434,228.55728006362915,PLC -> IO,0.540122
1776098471.5854242,228.5776607990265,IO -> PLC,0.61778
1776098471.629046,228.62128257751465,PLC -> IO,0.746012
1776098471.649423,228.64165949821472,IO -> PLC,0.69935
1776098471.6930485,228.68528509140015,PLC -> IO,0.580682
1776098471.7134204,228.70565700531006,IO -> PLC,0.63435
1776098471.7570512,228.74928784370422,PLC -> IO,0.560322
1776098471.777419,228.7696557044983,IO -> PLC,0.87545
1776098471.8210537,228.81329035758972,PLC -> IO,0.709082
1776098471.8414176,228.83365416526794,IO -> PLC,0.99678
1776098471.8850563,228.87729287147522,PLC -> IO,0.536962
1776098471.9054163,228.89765286445618,IO -> PLC,0.78737
1776098471.949059,228.9412956237793,PLC -> IO,0.548362
1776098471.9694147,228.96165132522583,IO -> PLC,1.16264
1776098472.0130615,229.0052981376648,PLC -> IO,0.647692
1776098472.0334134,229.02565002441406,IO -> PLC,0.94507
1776098472.077064,229.0693006515503,PLC -> IO,0.557802
1776098472.0974119,229.08964848518372,IO -> PLC,0.91703
1776098472.1410668,229.13330340385437,PLC -> IO,0.690802
1776098472.1614096,229.15364623069763,IO -> PLC,0.60722
1776098472.2050693,229.19730591773987,PLC -> IO,0.636522
1776098472.225408,229.21764469146729,IO -> PLC,0.62311
1776098472.2690718,229.26130843162537,PLC -> IO,0.546312
1776098472.2894065,229.28164315223694,IO -> PLC,0.64099
1776098472.3330746,229.32531118392944,PLC -> IO,0.764362
1776098472.3534052,229.34564185142517,IO -> PLC,1.06442
1776098472.397077,229.38931369781494,PLC -> IO,0.606882
1776098472.4174037,229.40964031219482,IO -> PLC,0.84277
1776098472.4610796,229.45331621170044,PLC -> IO,0.527552
1776098472.4814024,229.47363901138306,IO -> PLC,0.61273
1776098472.525082,229.51731872558594,PLC -> IO,0.741052
1776098472.5454009,229.5376374721527,IO -> PLC,0.75877
1776098472.5890849,229.58132147789001,PLC -> IO,0.567952
1776098472.6093986,229.60163521766663,IO -> PLC,0.79602
1776098472.6530874,229.6453239917755,PLC -> IO,0.582642
1776098472.673397,229.66563367843628,IO -> PLC,0.62342
1776098472.71709,229.709326505661,PLC -> IO,0.684842
1776098472.7373958,229.7296323776245,IO -> PLC,0.72027
1776098472.7810926,229.7733292579651,PLC -> IO,0.558792
1776098472.8013942,229.79363083839417,IO -> PLC,0.7752
1776098472.8450952,229.8373317718506,PLC -> IO,0.565072
1776098472.865393,229.8576295375824,IO -> PLC,0.64668
1776098472.9090977,229.90133428573608,PLC -> IO,0.678642
1776098472.9293914,229.92162799835205,IO -> PLC,0.68089
1776098472.9731004,229.96533703804016,PLC -> IO,0.551482
1776098472.99339,229.98562669754028,IO -> PLC,0.79925
1776098473.037103,230.02933955192566,PLC -> IO,0.849132
1776098473.0573885,230.04962515830994,IO -> PLC,0.82842
1776098473.1011055,230.09334206581116,PLC -> IO,0.613802
1776098473.121386,230.11362266540527,IO -> PLC,0.88518
1776098473.1651082,230.15734481811523,PLC -> IO,0.569842
1776098473.1853848,230.1776213645935,IO -> PLC,0.6265
1776098473.2291107,230.22134733200073,PLC -> IO,0.742052
1776098473.2493832,230.24161982536316,IO -> PLC,0.97848
1776098473.2931132,230.28534984588623,PLC -> IO,0.605532
1776098473.313382,230.3056185245514,IO -> PLC,0.61843
1776098473.357116,230.3493525981903,PLC -> IO,0.557802
1776098473.3773804,230.36961698532104,IO -> PLC,0.63423
1776098473.4211185,230.4133551120758,PLC -> IO,0.725132
1776098473.441379,230.43361568450928,IO -> PLC,0.80381
1776098473.485121,230.4773576259613,PLC -> IO,0.535322
1776098473.5053778,230.4976143836975,IO -> PLC,0.91785
1776098473.5491238,230.54136037826538,PLC -> IO,0.548642
1776098473.5693753,230.56161189079285,IO -> PLC,0.61357
1776098473.6131263,230.60536289215088,PLC -> IO,0.661572
1776098473.6333737,230.6256103515625,IO -> PLC,0.76729
1776098473.6771288,230.66936540603638,PLC -> IO,0.630972
1776098473.6973724,230.68960905075073,IO -> PLC,0.61134
1776098473.7411315,230.73336815834045,PLC -> IO,0.652602
1776098473.761371,230.75360751152039,IO -> PLC,0.61899
1776098473.805134,230.79737067222595,PLC -> IO,0.621442
1776098473.8253696,230.81760621070862,IO -> PLC,0.73319
1776098473.8691366,230.86137318611145,PLC -> IO,0.538922
1776098473.889368,230.88160467147827,IO -> PLC,0.80028
1776098473.933139,230.92537569999695,PLC -> IO,0.778492
1776098473.9533668,230.9456033706665,IO -> PLC,0.62663
1776098473.9971418,230.98937845230103,PLC -> IO,0.621642
1776098474.0173643,231.00960087776184,IO -> PLC,0.68653
1776098474.0611444,231.05338096618652,PLC -> IO,0.535192
1776098474.0813627,231.0735993385315,IO -> PLC,0.81105
1776098474.1251469,231.11738348007202,PLC -> IO,0.728602
1776098474.1453614,231.13759803771973,IO -> PLC,0.72462
1776098474.1891496,231.1813862323761,PLC -> IO,0.671842
1776098474.2093601,231.20159673690796,IO -> PLC,0.68097
1776098474.2531521,231.2453887462616,PLC -> IO,0.573872
1776098474.2733586,231.2655951976776,IO -> PLC,0.63854
1776098474.3171546,231.3093912601471,PLC -> IO,0.799202
1776098474.3373573,231.32959389686584,IO -> PLC,0.84067
1776098474.3811574,231.37339401245117,PLC -> IO,0.477952
1776098474.4013557,231.3935923576355,IO -> PLC,0.64247
1776098474.44516,231.43739652633667,PLC -> IO,0.584162
1776098474.4653533,231.45758986473083,IO -> PLC,1.0035
1776098474.5091624,231.50139904022217,PLC -> IO,0.648292
1776098474.529352,231.52158856391907,IO -> PLC,0.62208
1776098474.5731652,231.56540179252625,PLC -> IO,0.532172
1776098474.5933504,231.58558702468872,IO -> PLC,0.61533
1776098474.6371677,231.62940430641174,PLC -> IO,0.829822
1776098474.657349,231.64958572387695,IO -> PLC,0.82906
1776098474.7011702,231.69340682029724,PLC -> IO,0.687622
1776098474.7213476,231.7135841846466,IO -> PLC,0.78118
1776098474.765173,231.75740957260132,PLC -> IO,0.539892
1776098474.7853463,231.77758288383484,IO -> PLC,0.6057
1776098474.8291755,231.82141208648682,PLC -> IO,0.796022
1776098474.8493447,231.8415813446045,IO -> PLC,0.75879
1776098474.893178,231.88541460037231,PLC -> IO,0.603972
1776098474.9133434,231.90558004379272,IO -> PLC,0.74395
1776098474.9571807,231.9494173526764,PLC -> IO,0.542892
1776098474.977341,231.96957755088806,IO -> PLC,0.7896
1776098475.0211833,232.0134198665619,PLC -> IO,0.768862
1776098475.0413396,232.0335762500763,IO -> PLC,0.65075
1776098475.0851858,232.0774223804474,PLC -> IO,0.556092
1776098475.105338,232.09757471084595,IO -> PLC,0.70953
1776098475.1491885,232.14142513275146,PLC -> IO,0.570772
1776098475.1693368,232.16157341003418,IO -> PLC,0.59852
1776098475.213191,232.20542764663696,PLC -> IO,0.690982
1776098475.2333353,232.22557187080383,IO -> PLC,0.61937
1776098475.2771935,232.26943016052246,PLC -> IO,0.518452
1776098475.297334,232.28957056999207,IO -> PLC,0.69894
1776098475.341196,232.33343267440796,PLC -> IO,0.818262
1776098475.3613324,232.35356903076172,IO -> PLC,0.83339
1776098475.4051988,232.39743542671204,PLC -> IO,0.639252
1776098475.42533,232.41756653785706,IO -> PLC,0.62111
1776098475.4692013,232.46143794059753,PLC -> IO,0.536982
1776098475.4893286,232.4815652370453,IO -> PLC,0.75804
1776098475.5332038,232.52544045448303,PLC -> IO,0.801512
1776098475.553327,232.54556369781494,IO -> PLC,0.84241
1776098475.5972066,232.5894432067871,PLC -> IO,0.624912
1776098475.6173258,232.60956239700317,IO -> PLC,0.61548
1776098475.661209,232.6534457206726,PLC -> IO,0.539502
1776098475.6813242,232.67356085777283,IO -> PLC,1.17003
1776098475.7252116,232.7174482345581,PLC -> IO,0.902362
1776098475.745323,232.73755955696106,IO -> PLC,0.62165
1776098475.7892144,232.78145098686218,PLC -> IO,0.576872
1776098475.8093214,232.8015580177307,IO -> PLC,0.79706
1776098475.853217,232.84545350074768,PLC -> IO,0.553072
1776098475.8733191,232.86555576324463,IO -> PLC,0.85199
1776098475.9172194,232.90945601463318,PLC -> IO,0.707592
1776098475.9373176,232.92955422401428,IO -> PLC,0.78195
1776098475.9812222,232.97345876693726,PLC -> IO,0.550192
1776098476.0013163,232.99355292320251,IO -> PLC,0.75063
1776098476.0452247,233.03746128082275,PLC -> IO,0.559832
1776098476.0653148,233.05755138397217,IO -> PLC,0.61179
1776098476.1092272,233.10146379470825,PLC -> IO,0.672832
1776098476.1293135,233.1215500831604,IO -> PLC,0.62768
1776098476.17323,233.16546654701233,PLC -> IO,0.556712
1776098476.193312,233.18554854393005,IO -> PLC,0.73277
1776098476.2372324,233.22946906089783,PLC -> IO,0.755712
1776098476.2573106,233.2495472431183,IO -> PLC,0.96883
1776098476.301235,233.29347157478333,PLC -> IO,0.643112
1776098476.321309,233.31354570388794,IO -> PLC,0.99591
1776098476.3652377,233.3574743270874,PLC -> IO,0.539632
1776098476.3853066,233.37754321098328,IO -> PLC,0.70354
1776098476.4292402,233.4214768409729,PLC -> IO,0.778242
1776098476.4493053,233.4415419101715,IO -> PLC,0.81671
1776098476.4932427,233.4854793548584,PLC -> IO,0.649562
1776098476.5133038,233.50554037094116,IO -> PLC,0.61851
1776098476.5572455,233.54948210716248,PLC -> IO,0.545512
1776098476.5773025,233.5695390701294,IO -> PLC,0.72967
1776098476.621248,233.61348462104797,PLC -> IO,0.801642
1776098476.641301,233.63353753089905,IO -> PLC,0.7046
1776098476.6852505,233.67748713493347,PLC -> IO,0.567922
1776098476.7052996,233.69753623008728,IO -> PLC,0.62832
1776098476.749253,233.74148964881897,PLC -> IO,0.745732
1776098476.7692983,233.7615349292755,IO -> PLC,0.64205
1776098476.8132558,233.80549240112305,PLC -> IO,0.717052
1776098476.8332958,233.82553243637085,IO -> PLC,1.43429
1776098476.8772583,233.86949491500854,PLC -> IO,0.549332
1776098476.8972943,233.8895308971405,IO -> PLC,0.61861
1776098476.9412608,233.93349742889404,PLC -> IO,0.669292
1776098476.961293,233.95352959632874,IO -> PLC,0.84323
1776098477.0052636,233.99750018119812,PLC -> IO,0.666212
1776098477.0252914,234.0175280570984,IO -> PLC,0.79783
1776098477.069266,234.06150269508362,PLC -> IO,0.542402
1776098477.0892901,234.08152675628662,IO -> PLC,0.7666
1776098477.1332686,234.12550520896912,PLC -> IO,0.629322
1776098477.1532886,234.14552521705627,IO -> PLC,0.81928
1776098477.1972713,234.1895079612732,PLC -> IO,0.617522
1776098477.2172873,234.2095239162445,IO -> PLC,0.63332
1776098477.2612739,234.2535104751587,PLC -> IO,0.569482
1776098477.2812848,234.27352142333984,IO -> PLC,1.05474
1776098477.3252764,234.3175129890442,PLC -> IO,0.903612
1776098477.3452833,234.3375198841095,IO -> PLC,0.85038
1776098477.3892791,234.38151574134827,PLC -> IO,0.610762
1776098477.409282,234.40151858329773,IO -> PLC,0.70257
1776098477.4532816,234.44551825523376,PLC -> IO,0.539202
1776098477.4732807,234.46551728248596,IO -> PLC,0.72038
1776098477.5172842,234.50952076911926,PLC -> IO,0.721882
1776098477.5372791,234.52951574325562,IO -> PLC,0.8418
1776098477.581287,234.57352352142334,PLC -> IO,0.557042
1776098477.6012778,234.59351444244385,IO -> PLC,0.62615
1776098477.6452894,234.63752603530884,PLC -> IO,0.563492
1776098477.6652763,234.6575129032135,IO -> PLC,0.67692
1776098477.709292,234.70152854919434,PLC -> IO,0.721852
1776098477.7292738,234.72151041030884,IO -> PLC,0.67136
1776098477.7732947,234.7655313014984,PLC -> IO,0.544682
1776098477.7932725,234.78550910949707,IO -> PLC,0.62996
1776098477.8372972,234.8295338153839,PLC -> IO,0.704972
1776098477.857271,234.84950757026672,IO -> PLC,0.65912
1776098477.9012997,234.8935363292694,PLC -> IO,0.640922
1776098477.9212697,234.91350626945496,IO -> PLC,0.81214
1776098477.9653022,234.9575388431549,PLC -> IO,0.535842
1776098477.985268,234.9775047302246,IO -> PLC,0.8137
1776098478.029305,235.02154159545898,PLC -> IO,0.545882
1776098478.0492668,235.04150342941284,IO -> PLC,0.89095
1776098478.0933075,235.08554410934448,PLC -> IO,0.632252
1776098478.1132653,235.1055018901825,IO -> PLC,0.65378
1776098478.15731,235.14954662322998,PLC -> IO,0.540612
1776098478.177264,235.16950058937073,IO -> PLC,0.7896
1776098478.2213128,235.21354937553406,PLC -> IO,0.805142
1776098478.2412615,235.23349809646606,IO -> PLC,0.82693
1776098478.2853153,235.27755188941956,PLC -> IO,0.741492
1776098478.3052602,235.2974967956543,IO -> PLC,0.72096
1776098478.3493178,235.34155440330505,PLC -> IO,0.789462
1776098478.3692586,235.36149525642395,IO -> PLC,0.75221
1776098478.4133205,235.40555715560913,PLC -> IO,0.712782
1776098478.4332573,235.42549395561218,IO -> PLC,0.60217
1776098478.477323,235.46955966949463,PLC -> IO,0.540092
1776098478.4972558,235.48949241638184,IO -> PLC,0.64262
1776098478.5413256,235.53356218338013,PLC -> IO,0.653262
1776098478.5612545,235.55349111557007,IO -> PLC,0.73746
1776098478.6053283,235.5975649356842,PLC -> IO,0.677142
1776098478.625253,235.61748957633972,IO -> PLC,0.83823
1776098478.6693308,235.6615674495697,PLC -> IO,0.544302
1776098478.6892507,235.68148732185364,IO -> PLC,0.67715
1776098478.7333333,235.7255699634552,PLC -> IO,0.558262
1776098478.7532492,235.7454857826233,IO -> PLC,0.69496
1776098478.797336,235.78957271575928,PLC -> IO,0.695592
1776098478.8172476,235.80948424339294,IO -> PLC,0.81308
1776098478.8613386,235.85357522964478,PLC -> IO,0.540422
1776098478.8812463,235.87348294258118,IO -> PLC,0.62528
1776098478.9253411,235.91757774353027,PLC -> IO,0.815992
1776098478.9452448,235.93748140335083,IO -> PLC,0.66981
1776098478.989344,235.98158049583435,PLC -> IO,0.609072
1776098479.0092435,236.00148010253906,IO -> PLC,0.63153
1776098479.0533464,236.04558300971985,PLC -> IO,0.553752
1776098479.073242,236.06547856330872,IO -> PLC,0.84183
1776098479.117349,236.10958552360535,PLC -> IO,0.770762
1776098479.1372397,236.12947630882263,IO -> PLC,0.91499
1776098479.1813517,236.17358827590942,PLC -> IO,0.571992
1776098479.2012382,236.19347476959229,IO -> PLC,0.63095
1776098479.2453542,236.23759078979492,PLC -> IO,0.560032
1776098479.2652369,236.25747346878052,IO -> PLC,1.37902
1776098479.3093567,236.30159330368042,PLC -> IO,0.749042
1776098479.3292353,236.32147192955017,IO -> PLC,0.6072
1776098479.3733594,236.3655960559845,PLC -> IO,3.679192
1776098479.393234,236.3854706287384,IO -> PLC,3.39944
1776098479.437362,236.42959856987,PLC -> IO,0.752662
1776098479.4572325,236.44946908950806,IO -> PLC,1.14715
1776098479.5013645,236.4936010837555,PLC -> IO,0.676142
1776098479.5212312,236.5134677886963,IO -> PLC,0.86589
1776098479.565367,236.557603597641,PLC -> IO,0.537702
1776098479.5852296,236.57746624946594,IO -> PLC,0.62073
1776098479.6293697,236.62160634994507,PLC -> IO,0.543332
1776098479.6492271,236.64146375656128,IO -> PLC,0.74311
1776098479.6933722,236.68560886383057,PLC -> IO,0.650812
1776098479.7132258,236.7054624557495,IO -> PLC,0.84899
1776098479.7573748,236.74961137771606,PLC -> IO,0.549412
1776098479.7772243,236.76946091651917,IO -> PLC,0.62631
1776098479.8213775,236.81361413002014,PLC -> IO,0.828182
1776098479.841223,236.8334596157074,IO -> PLC,0.94532
1776098479.88538,236.87761664390564,PLC -> IO,0.596062
1776098479.9052215,236.89745807647705,IO -> PLC,0.82401
1776098479.9493825,236.94161915779114,PLC -> IO,0.543862
1776098479.9692202,236.96145677566528,IO -> PLC,0.62164
1776098480.0133853,237.00562191009521,PLC -> IO,0.728942
1776098480.0332189,237.02545547485352,IO -> PLC,0.68369
1776098480.0773878,237.0696244239807,PLC -> IO,0.569782
1776098480.0972164,237.08945298194885,IO -> PLC,0.63293
1776098480.1413903,237.1336269378662,PLC -> IO,0.699192
1776098480.1612148,237.1534514427185,IO -> PLC,0.62114
1776098480.205393,237.1976296901703,PLC -> IO,0.689552
1776098480.2252135,237.21745014190674,IO -> PLC,0.67591
1776098480.2693956,237.2616322040558,PLC -> IO,0.519592
1776098480.289212,237.2814486026764,IO -> PLC,0.63554
1776098480.333398,237.32563471794128,PLC -> IO,0.587232
1776098480.3532107,237.34544730186462,IO -> PLC,0.62583
1776098480.3974009,237.38963747024536,PLC -> IO,0.656622
1776098480.4172091,237.40944576263428,IO -> PLC,0.62419
1776098480.4614034,237.45363998413086,PLC -> IO,0.543872
1776098480.4812078,237.4734444618225,IO -> PLC,0.86249
1776098480.525406,237.51764249801636,PLC -> IO,0.572782
1776098480.5452054,237.53744196891785,IO -> PLC,0.78813
1776098480.5894086,237.58164525032043,PLC -> IO,0.600102
1776098480.6092038,237.6014404296875,IO -> PLC,0.61049
1776098480.6534111,237.64564776420593,PLC -> IO,0.533422
1776098480.6732025,237.66543912887573,IO -> PLC,0.62109
1776098480.7174137,237.70965027809143,PLC -> IO,0.758112
1776098480.7372012,237.72943782806396,IO -> PLC,0.75578
1776098480.7814164,237.7736530303955,PLC -> IO,0.587182
1776098480.8011997,237.79343628883362,IO -> PLC,0.61519
1776098480.845419,237.837655544281,PLC -> IO,0.584582
1776098480.8651984,237.85743498802185,IO -> PLC,0.8186
1776098480.9094214,237.9016580581665,PLC -> IO,0.779272
1776098480.9291968,237.9214334487915,IO -> PLC,0.73792
1776098480.973424,237.965660572052,PLC -> IO,0.558512
1776098480.9931943,237.98543095588684,IO -> PLC,0.8398
1776098481.0374267,238.02966332435608,PLC -> IO,0.737202
1776098481.057193,238.04942965507507,IO -> PLC,0.65393
1776098481.1014292,238.09366583824158,PLC -> IO,0.673402
1776098481.1211915,238.11342811584473,IO -> PLC,0.85837
1776098481.1654317,238.15766835212708,PLC -> IO,0.535132
1776098481.1851902,238.17742681503296,IO -> PLC,0.81874
1776098481.2294345,238.22167110443115,PLC -> IO,0.544772
1776098481.2491887,238.2414252758026,IO -> PLC,0.61453
1776098481.293437,238.28567361831665,PLC -> IO,0.673452
1776098481.3131874,238.30542397499084,IO -> PLC,0.67354
1776098481.3574395,238.34967613220215,PLC -> IO,1.168552
1776098481.3771858,238.3694224357605,IO -> PLC,0.84808
1776098481.4214423,238.41367888450623,PLC -> IO,0.841932
1776098481.4411845,238.43342113494873,IO -> PLC,0.80764
1776098481.4854448,238.47768139839172,PLC -> IO,0.611732
1776098481.505182,238.49741864204407,IO -> PLC,0.63712
1776098481.5494473,238.54168391227722,PLC -> IO,0.545362
1776098481.5691807,238.5614173412323,IO -> PLC,0.80949
1776098481.61345,238.6056866645813,PLC -> IO,0.745172
1776098481.6331792,238.62541580200195,IO -> PLC,0.79897
1776098481.6774526,238.6696891784668,PLC -> IO,0.573372
1776098481.697178,238.68941450119019,IO -> PLC,0.61924
1776098481.741455,238.7336916923523,PLC -> IO,0.683502
1776098481.7611763,238.75341296195984,IO -> PLC,0.61761
1776098481.8054578,238.79769444465637,PLC -> IO,0.709702
1776098481.825175,238.81741166114807,IO -> PLC,1.04623
1776098481.8694603,238.86169695854187,PLC -> IO,0.560942
1776098481.8891735,238.88141012191772,IO -> PLC,0.83979
1776098481.9334629,238.92569947242737,PLC -> IO,0.558172
1776098481.953171,238.94540762901306,IO -> PLC,0.62935
1776098481.9974656,238.98970222473145,PLC -> IO,0.676782
1776098482.0171697,239.0094063282013,IO -> PLC,1.00573
1776098482.0614681,239.05370473861694,PLC -> IO,0.559702
1776098482.0811682,239.07340478897095,IO -> PLC,0.59264
1776098482.1254706,239.11770725250244,PLC -> IO,0.548462
1776098482.1451669,239.13740348815918,IO -> PLC,0.62804
1776098482.1894732,239.18170976638794,PLC -> IO,0.621302
1776098482.2091653,239.20140194892883,IO -> PLC,0.71537
1776098482.253476,239.24571251869202,PLC -> IO,0.533422
1776098482.273164,239.26540064811707,IO -> PLC,0.78453
1776098482.3174784,239.30971503257751,PLC -> IO,0.795792
1776098482.3371625,239.32939910888672,IO -> PLC,0.61618
1776098482.381481,239.373717546463,PLC -> IO,0.684162
1776098482.4011602,239.39339685440063,IO -> PLC,0.68231
1776098482.4454837,239.4377202987671,PLC -> IO,0.562042
1776098482.4651587,239.4573953151703,IO -> PLC,0.79515
1776098482.5094862,239.5017228126526,PLC -> IO,0.755132
1776098482.5291574,239.52139401435852,IO -> PLC,0.62383
1776098482.5734887,239.5657253265381,PLC -> IO,0.573962
1776098482.5931559,239.58539247512817,IO -> PLC,0.65603
1776098482.6374915,239.62972807884216,PLC -> IO,0.760412
1776098482.6571543,239.64939093589783,IO -> PLC,0.77345
1776098482.701494,239.69373059272766,PLC -> IO,0.688692
1776098482.721153,239.71338963508606,IO -> PLC,0.80773
1776098482.7654965,239.75773310661316,PLC -> IO,0.520012
1776098482.7851517,239.7773883342743,IO -> PLC,0.87362
1776098482.8294992,239.82173585891724,PLC -> IO,0.554852
1776098482.8491502,239.84138679504395,IO -> PLC,0.77191
1776098482.8935018,239.88573837280273,PLC -> IO,0.685462
1776098482.9131477,239.90538430213928,IO -> PLC,1.06116
1776098482.9575043,239.94974088668823,PLC -> IO,0.547252
1776098482.9771464,239.96938300132751,IO -> PLC,0.83928
1776098483.021507,240.0137436389923,PLC -> IO,0.585372
1776098483.0411448,240.03338146209717,IO -> PLC,0.77451
1776098483.0855095,240.0777461528778,PLC -> IO,0.623822
1776098483.1051435,240.0973801612854,IO -> PLC,0.85785
1776098483.149512,240.1417486667633,PLC -> IO,0.522102
1776098483.169142,240.16137862205505,IO -> PLC,0.79276
1776098483.2135148,240.20575141906738,PLC -> IO,0.770632
1776098483.2331407,240.2253773212433,IO -> PLC,0.62648
1776098483.2775173,240.26975393295288,PLC -> IO,0.602262
1776098483.2971394,240.28937602043152,IO -> PLC,0.71797
1776098483.3415198,240.33375644683838,PLC -> IO,0.671352
1776098483.361137,240.35337352752686,IO -> PLC,0.61009
1776098483.4055226,240.39775919914246,PLC -> IO,0.741312
1776098483.4251354,240.4173719882965,IO -> PLC,0.73247
1776098483.469525,240.46176171302795,PLC -> IO,0.566072
1776098483.489134,240.48137068748474,IO -> PLC,0.66938
1776098483.5335276,240.52576422691345,PLC -> IO,0.559392
1776098483.5531325,240.5453691482544,IO -> PLC,0.82664
1776098483.5975301,240.58976674079895,PLC -> IO,0.696082
1776098483.6171312,240.60936784744263,IO -> PLC,0.62531
1776098483.6615329,240.65376949310303,PLC -> IO,0.517002
1776098483.6811297,240.67336630821228,IO -> PLC,0.66792
1776098483.7255354,240.71777200698853,PLC -> IO,0.561372
1776098483.7451284,240.7373650074005,IO -> PLC,0.84765
1776098483.789538,240.78177452087402,PLC -> IO,0.644302
1776098483.809126,240.80136251449585,IO -> PLC,0.63497
1776098483.8535407,240.8457772731781,PLC -> IO,0.542732
1776098483.8731244,240.8653609752655,IO -> PLC,0.6519
1776098483.9175432,240.9097797870636,PLC -> IO,0.830712
1776098483.937123,240.92935967445374,IO -> PLC,0.64218
1776098483.9815457,240.9737823009491,PLC -> IO,0.588822
1776098484.0011218,240.99335837364197,IO -> PLC,1.02176
1776098484.0455484,241.03778505325317,PLC -> IO,0.550142
1776098484.0651202,241.05735683441162,IO -> PLC,0.84699
1776098484.109551,241.10178756713867,PLC -> IO,0.766432
1776098484.129119,241.12135553359985,IO -> PLC,0.62431
1776098484.1735535,241.16579008102417,PLC -> IO,0.582552
1776098484.1931174,241.1853539943695,IO -> PLC,0.76932
1776098484.2375562,241.22979283332825,PLC -> IO,0.717162
1776098484.257115,241.24935150146484,IO -> PLC,0.86097
1776098484.3015587,241.29379534721375,PLC -> IO,0.723602
1776098484.3211136,241.31335020065308,IO -> PLC,0.69964
1776098484.3655612,241.35779786109924,PLC -> IO,1.052702
1776098484.385112,241.37734866142273,IO -> PLC,0.73185
1776098484.429564,241.42180061340332,PLC -> IO,0.603042
1776098484.4491107,241.44134736061096,IO -> PLC,0.6043
1776098484.4935665,241.48580312728882,PLC -> IO,1.383982
1776098484.5131092,241.50534582138062,IO -> PLC,0.90795
1776098484.557569,241.54980564117432,PLC -> IO,0.545122
1776098484.577108,241.56934452056885,IO -> PLC,0.69983
1776098484.6215718,241.6138083934784,PLC -> IO,0.587722
1776098484.6411064,241.6333429813385,IO -> PLC,0.6345
1776098484.6855743,241.6778109073639,PLC -> IO,0.639362
1776098484.705105,241.69734168052673,IO -> PLC,0.64743
1776098484.7495768,241.7418134212494,PLC -> IO,0.538842
1776098484.7691026,241.76133918762207,IO -> PLC,0.67772
1776098484.8135793,241.8058159351349,PLC -> IO,0.993152
1776098484.8331013,241.8253378868103,IO -> PLC,2.18847
1776098484.877582,241.86981868743896,PLC -> IO,0.603812
1776098484.8970997,241.88933634757996,IO -> PLC,0.61917
1776098484.9415846,241.93382120132446,PLC -> IO,0.655302
1776098484.9610984,241.9533350467682,IO -> PLC,0.65265
1776098485.005587,241.99782371520996,PLC -> IO,0.740702
1776098485.025097,242.01733350753784,IO -> PLC,0.75246
1776098485.0695899,242.06182646751404,PLC -> IO,0.560262
1776098485.0890954,242.0813319683075,IO -> PLC,0.62202
1776098485.1335924,242.12582898139954,PLC -> IO,0.577672
1776098485.153094,242.14533066749573,IO -> PLC,0.64071
1776098485.197595,242.18983149528503,PLC -> IO,0.718602
1776098485.2170916,242.20932817459106,IO -> PLC,0.63091
1776098485.2615976,242.2538342475891,PLC -> IO,0.532392
1776098485.2810903,242.2733268737793,IO -> PLC,1.14466
1776098485.3256001,242.3178367614746,PLC -> IO,0.579162
1776098485.3450887,242.33732533454895,IO -> PLC,0.82765
1776098485.3896027,242.3818392753601,PLC -> IO,0.807852
1776098485.4090874,242.40132403373718,IO -> PLC,0.62552
1776098485.4536054,242.44584202766418,PLC -> IO,0.581002
1776098485.4730859,242.46532249450684,IO -> PLC,0.74574
1776098485.517608,242.50984454154968,PLC -> IO,0.554802
1776098485.5370846,242.52932119369507,IO -> PLC,0.78722
1776098485.5816104,242.57384705543518,PLC -> IO,0.616692
1776098485.601083,242.59331965446472,IO -> PLC,0.92511
1776098485.6456132,242.63784980773926,PLC -> IO,0.559932
1776098485.6650808,242.65731739997864,IO -> PLC,0.7125
1776098485.7096157,242.70185232162476,PLC -> IO,0.794062
1776098485.7290792,242.7213158607483,IO -> PLC,0.59415
1776098485.7736182,242.76585483551025,PLC -> IO,0.625372
1776098485.7930777,242.78531432151794,IO -> PLC,0.64172
1776098485.837621,242.82985758781433,PLC -> IO,0.719102
1776098485.8570764,242.84931302070618,IO -> PLC,0.69256
1776098485.9016235,242.89386010169983,PLC -> IO,0.742752
1776098485.9210749,242.91331148147583,IO -> PLC,0.73805
1776098485.965626,242.95786261558533,PLC -> IO,0.600552
1776098485.9850736,242.97731018066406,IO -> PLC,0.85329
1776098486.0296285,243.02186512947083,PLC -> IO,0.561392
1776098486.0490723,243.0413088798523,IO -> PLC,0.65717
1776098486.0936313,243.0858678817749,PLC -> IO,0.695992
1776098486.1130698,243.10530638694763,IO -> PLC,0.62593
1776098486.1576338,243.1498703956604,PLC -> IO,0.670912
1776098486.1770682,243.16930484771729,IO -> PLC,0.6183
1776098486.2216363,243.2138729095459,PLC -> IO,0.603902
1776098486.241067,243.23330354690552,IO -> PLC,1.02229
1776098486.285639,243.27787566184998,PLC -> IO,0.662832
1776098486.3050654,243.29730200767517,IO -> PLC,0.81408
1776098486.3496416,243.34187817573547,PLC -> IO,0.538482
1776098486.369064,243.3613007068634,IO -> PLC,0.79285
1776098486.413644,243.40588068962097,PLC -> IO,0.570602
1776098486.4330626,243.42529916763306,IO -> PLC,0.78024
1776098486.4776468,243.46988344192505,PLC -> IO,0.747522
1776098486.4970613,243.4892978668213,IO -> PLC,0.62909
1776098486.5416493,243.53388595581055,PLC -> IO,0.669482
1776098486.56106,243.55329656600952,IO -> PLC,0.76569
1776098486.6056519,243.59788846969604,PLC -> IO,0.752402
1776098486.6250572,243.61729383468628,IO -> PLC,0.83894
1776098486.6696546,243.66189122200012,PLC -> IO,0.589402
1776098486.689056,243.6812925338745,IO -> PLC,0.76795
1776098486.7336571,243.72589373588562,PLC -> IO,0.578962
1776098486.7530546,243.74529123306274,IO -> PLC,0.72423
1776098486.7976596,243.78989624977112,PLC -> IO,0.740532
1776098486.817053,243.8092896938324,IO -> PLC,0.82308
1776098486.8616624,243.8538990020752,PLC -> IO,0.547602
1776098486.8810518,243.87328839302063,IO -> PLC,0.62087
1776098486.925665,243.9179015159607,PLC -> IO,0.567012
1776098486.9450502,243.93728685379028,IO -> PLC,1.06086
1776098486.9896674,243.9819040298462,PLC -> IO,0.802262
1776098487.009049,244.00128555297852,IO -> PLC,0.84305
1776098487.0536702,244.04590678215027,PLC -> IO,0.536142
1776098487.0730464,244.06528306007385,IO -> PLC,0.62741
1776098487.1176727,244.10990929603577,PLC -> IO,0.559782
1776098487.137045,244.1292815208435,IO -> PLC,0.94867
1776098487.1816752,244.17391180992126,PLC -> IO,0.837832
1776098487.2010436,244.19328022003174,IO -> PLC,0.63046
1776098487.2456777,244.23791432380676,PLC -> IO,0.547302
1776098487.2650423,244.25727891921997,IO -> PLC,0.61666
1776098487.3096805,244.30191707611084,PLC -> IO,0.819752
1776098487.3290408,244.32127737998962,IO -> PLC,0.6459
1776098487.373683,244.36591958999634,PLC -> IO,0.620262
1776098487.3930392,244.38527584075928,IO -> PLC,0.64747
1776098487.4376855,244.42992210388184,PLC -> IO,0.754392
1776098487.457038,244.4492745399475,IO -> PLC,0.81585
1776098487.5016882,244.4939248561859,PLC -> IO,0.796192
1776098487.5210354,244.51327204704285,IO -> PLC,0.59828
1776098487.5656908,244.5579273700714,PLC -> IO,0.575992
1776098487.5850341,244.57727074623108,IO -> PLC,0.77802
1776098487.6296933,244.6219298839569,PLC -> IO,0.589072
1776098487.6490326,244.64126920700073,IO -> PLC,0.7795
1776098487.693696,244.685932636261,PLC -> IO,0.909602
1776098487.7130313,244.70526790618896,IO -> PLC,0.80899
1776098487.7576985,244.74993515014648,PLC -> IO,0.600112
1776098487.7770298,244.76926636695862,IO -> PLC,0.7387
1776098487.821701,244.81393766403198,PLC -> IO,0.580792
1776098487.8410285,244.83326506614685,IO -> PLC,0.73907
1776098487.8857038,244.87794041633606,PLC -> IO,0.664282
1776098487.905027,244.8972635269165,IO -> PLC,0.80424
1776098487.9497063,244.94194293022156,PLC -> IO,0.520322
1776098487.9690256,244.96126222610474,IO -> PLC,0.6994
1776098488.0137088,245.00594544410706,PLC -> IO,0.600932
1776098488.033023,245.02525973320007,IO -> PLC,0.72129
1776098488.0777116,245.06994819641113,PLC -> IO,0.629132
1776098488.0970218,245.0892584323883,IO -> PLC,0.78109
1776098488.141714,245.13395071029663,PLC -> IO,0.787172
1776098488.1610203,245.15325689315796,IO -> PLC,0.62729
1776098488.2057166,245.19795322418213,PLC -> IO,0.799462
1776098488.2250187,245.2172553539276,IO -> PLC,0.92039
1776098488.2697194,245.2619559764862,PLC -> IO,0.838302
1776098488.2890174,245.28125405311584,IO -> PLC,0.81339
1776098488.3337219,245.3259584903717,PLC -> IO,0.558502
1776098488.353016,245.3452525138855,IO -> PLC,0.61727
1776098488.3977244,245.3899610042572,PLC -> IO,0.749512
1776098488.4170146,245.40925121307373,IO -> PLC,0.65875
1776098488.4617271,245.45396375656128,PLC -> IO,0.572662
1776098488.481012,245.47324872016907,IO -> PLC,0.62231
1776098488.5257297,245.51796627044678,PLC -> IO,0.620302
1776098488.5450108,245.5372474193573,IO -> PLC,0.62491
1776098488.5897322,245.58196878433228,PLC -> IO,0.728752
1776098488.6090093,245.60124588012695,IO -> PLC,0.90298
1776098488.6537347,245.64597129821777,PLC -> IO,0.518612
1776098488.673008,245.66524457931519,IO -> PLC,0.87702
1776098488.7177374,245.70997405052185,PLC -> IO,0.563942
1776098488.7370064,245.72924304008484,IO -> PLC,0.79442
1776098488.78174,245.77397656440735,PLC -> IO,0.605812
1776098488.8010051,245.79324173927307,IO -> PLC,0.78575
1776098488.8457425,245.83797907829285,PLC -> IO,0.555612
1776098488.8650036,245.85724020004272,IO -> PLC,0.62858
1776098488.9097452,245.90198183059692,PLC -> IO,0.586942
1776098488.929001,245.92123770713806,IO -> PLC,1.10217
1776098488.9737477,245.96598434448242,PLC -> IO,0.659952
1776098488.9929998,245.9852364063263,IO -> PLC,0.84164
1776098489.0377502,246.02998685836792,PLC -> IO,0.788632
1776098489.0569983,246.04923486709595,IO -> PLC,0.64048
1776098489.101753,246.093989610672,PLC -> IO,0.802192
1776098489.120997,246.11323356628418,IO -> PLC,0.73309
1776098489.1657555,246.1579921245575,PLC -> IO,0.882642
1776098489.1849954,246.17723202705383,IO -> PLC,0.83401
1776098489.229758,246.221994638443,PLC -> IO,0.540192
1776098489.248994,246.24123072624207,IO -> PLC,0.7895
1776098489.2937608,246.28599739074707,PLC -> IO,0.790322
1776098489.3129928,246.3052294254303,IO -> PLC,0.69657
1776098489.3577633,246.34999990463257,PLC -> IO,0.555002
1776098489.3769903,246.36922693252563,IO -> PLC,0.6635
1776098489.4217658,246.41400241851807,PLC -> IO,0.632562
1776098489.4409888,246.4332253932953,IO -> PLC,0.62611
1776098489.4857686,246.47800517082214,PLC -> IO,0.694052
1776098489.5049875,246.49722409248352,IO -> PLC,0.8344
1776098489.549771,246.54200768470764,PLC -> IO,0.646092
1776098489.568986,246.56122255325317,IO -> PLC,0.62508
1776098489.6137736,246.60601019859314,PLC -> IO,0.556772
1776098489.6329846,246.6252212524414,IO -> PLC,0.6152
1776098489.6777763,246.67001295089722,PLC -> IO,0.661132
1776098489.696983,246.68921971321106,IO -> PLC,0.64861
1776098489.7417789,246.73401546478271,PLC -> IO,0.538122
1776098489.7609818,246.7532184123993,IO -> PLC,0.6593
1776098489.8057814,246.7980179786682,PLC -> IO,1.052902
1776098489.8249803,246.81721687316895,IO -> PLC,0.81142
1776098489.8697839,246.8620204925537,PLC -> IO,0.632862
1776098489.8889778,246.88121438026428,IO -> PLC,0.61842
1776098489.9337866,246.9260232448578,PLC -> IO,0.537782
1776098489.9529765,246.94521307945251,IO -> PLC,0.61894
1776098489.9977891,246.9900257587433,PLC -> IO,0.771342
1776098490.0169752,247.00921177864075,IO -> PLC,0.76988
1776098490.0617917,247.05402827262878,PLC -> IO,0.622582
1776098490.0809736,247.0732102394104,IO -> PLC,0.60455
1776098490.1257944,247.11803102493286,PLC -> IO,0.525092
1776098490.1449723,247.13720893859863,IO -> PLC,1.12934
1776098490.189797,247.18203353881836,PLC -> IO,0.731542
1776098490.2089708,247.2012073993683,IO -> PLC,0.77249
1776098490.2537994,247.24603605270386,PLC -> IO,0.541972
1776098490.2729695,247.26520609855652,IO -> PLC,0.76573
1776098490.3178022,247.31003880500793,PLC -> IO,0.583292
1776098490.336967,247.32920360565186,IO -> PLC,0.67642
1776098490.3818047,247.37404131889343,PLC -> IO,0.689802
1776098490.4009655,247.3932020664215,IO -> PLC,0.97159
1776098490.4458072,247.43804383277893,PLC -> IO,0.564962
1776098490.4649642,247.45720076560974,IO -> PLC,0.93956
1776098490.50981,247.502046585083,PLC -> IO,0.594292
1776098490.5289626,247.5211992263794,IO -> PLC,0.62135
1776098490.5738125,247.5660490989685,PLC -> IO,0.981942
1776098490.5929613,247.58519792556763,IO -> PLC,0.68235
1776098490.637815,247.630051612854,PLC -> IO,0.857822
1776098490.6569598,247.64919638633728,IO -> PLC,0.79233
1776098490.7018178,247.69405436515808,PLC -> IO,0.992992
1776098490.7209585,247.7131950855255,IO -> PLC,0.64972
1776098490.7658203,247.75805687904358,PLC -> IO,0.654312
1776098490.784956,247.77719259262085,IO -> PLC,0.65841
1776098490.8298228,247.82205939292908,PLC -> IO,0.563072
1776098490.8489547,247.84119129180908,IO -> PLC,0.82773
1776098490.8938255,247.88606214523315,PLC -> IO,0.980882
1776098490.9129531,247.90518975257874,IO -> PLC,0.71362
1776098490.957828,247.95006465911865,PLC -> IO,0.615232
1776098490.9769518,247.96918845176697,IO -> PLC,0.85543
1776098491.0218306,248.01406717300415,PLC -> IO,0.602552
1776098491.0409503,248.03318691253662,IO -> PLC,0.84275
1776098491.085833,248.07806968688965,PLC -> IO,0.933002
1776098491.104949,248.09718561172485,IO -> PLC,1.06641
1776098491.1498358,248.14207243919373,PLC -> IO,0.646552
1776098491.1689475,248.1611840724945,IO -> PLC,0.83036
1776098491.2138383,248.20607495307922,PLC -> IO,0.578422
1776098491.232946,248.22518253326416,IO -> PLC,0.62304
1776098491.2778409,248.27007746696472,PLC -> IO,0.926002
1776098491.2969437,248.28918027877808,IO -> PLC,0.75973
1776098491.3418436,248.3340802192688,PLC -> IO,0.563232
1776098491.3609421,248.35317873954773,IO -> PLC,0.87186
1776098491.405846,248.3980827331543,PLC -> IO,0.592142
1776098491.4249408,248.41717743873596,IO -> PLC,0.72206
1776098491.4698486,248.4620852470398,PLC -> IO,0.639232
1776098491.4889393,248.48117589950562,IO -> PLC,0.94131
1776098491.5338514,248.52608799934387,PLC -> IO,0.571512
1776098491.552938,248.54517459869385,IO -> PLC,0.82207
1776098491.597854,248.59009051322937,PLC -> IO,0.944052
1776098491.6169364,248.6091730594635,IO -> PLC,0.61898
1776098491.6618564,248.65409302711487,PLC -> IO,0.615282
1776098491.6809351,248.67317175865173,IO -> PLC,1.1725
1776098491.7258592,248.71809577941895,PLC -> IO,0.621002
1776098491.7449327,248.73716926574707,IO -> PLC,0.82877
1776098491.7898617,248.78209829330444,PLC -> IO,0.900812
1776098491.8089314,248.8011679649353,IO -> PLC,0.63896
1776098491.8538642,248.84610080718994,PLC -> IO,0.587562
1776098491.8729298,248.86516642570496,IO -> PLC,0.67413
1776098491.917867,248.91010355949402,PLC -> IO,0.576312
1776098491.9369283,248.9291648864746,IO -> PLC,0.62873
1776098491.9818695,248.97410607337952,PLC -> IO,0.915972
1776098492.000927,248.99316358566284,IO -> PLC,1.07584
1776098492.045872,249.03810858726501,PLC -> IO,0.566482
1776098492.0649257,249.05716228485107,IO -> PLC,0.96452
1776098492.1098747,249.1021113395691,PLC -> IO,0.590762
1776098492.1289241,249.12116074562073,IO -> PLC,0.80735
1776098492.1738772,249.1661138534546,PLC -> IO,1.066982
1776098492.1929216,249.18515825271606,IO -> PLC,0.62963
1776098492.2378798,249.2301163673401,PLC -> IO,0.739492
1776098492.2569203,249.2491569519043,IO -> PLC,1.03577
1776098492.3018825,249.29411911964417,PLC -> IO,0.907382
1776098492.3209188,249.31315541267395,IO -> PLC,0.6266
1776098492.365885,249.35812163352966,PLC -> IO,0.859972
1776098492.3849175,249.37715411186218,IO -> PLC,0.77858
1776098492.4298875,249.42212414741516,PLC -> IO,0.558092
1776098492.448916,249.44115257263184,IO -> PLC,0.60829
1776098492.49389,249.48612666130066,PLC -> IO,0.858782
1776098492.5129147,249.50515127182007,IO -> PLC,0.75106
1776098492.5578928,249.55012941360474,PLC -> IO,0.614972
1776098492.5769134,249.5691499710083,IO -> PLC,0.74238
1776098492.6218953,249.61413192749023,PLC -> IO,0.650942
1776098492.6409106,249.63314723968506,IO -> PLC,0.84211
1776098492.6858978,249.67813444137573,PLC -> IO,0.841152
1776098492.7049093,249.6971459388733,IO -> PLC,0.71063
1776098492.7499006,249.7421371936798,PLC -> IO,0.575262
1776098492.768908,249.76114463806152,IO -> PLC,0.70596
1776098492.813903,249.8061397075653,PLC -> IO,0.576422
1776098492.8329065,249.82514309883118,IO -> PLC,0.86617
1776098492.8779056,249.8701422214508,PLC -> IO,0.872472
1776098492.8969052,249.8891417980194,IO -> PLC,0.61796
1776098492.9419084,249.93414497375488,PLC -> IO,0.566502
1776098492.9609036,249.95314025878906,IO -> PLC,0.69321
1776098493.0059109,249.99814748764038,PLC -> IO,0.586872
1776098493.0249023,250.0171389579773,IO -> PLC,0.94566
1776098493.0699134,250.06215000152588,PLC -> IO,0.851562
1776098493.0889008,250.08113741874695,IO -> PLC,0.6493
1776098493.1339161,250.12615275382996,PLC -> IO,0.854962
1776098493.1528983,250.14513492584229,IO -> PLC,0.65287
1776098493.1979187,250.19015526771545,PLC -> IO,0.847082
1776098493.216897,250.20913362503052,IO -> PLC,0.6225
1776098493.2619212,250.25415778160095,PLC -> IO,0.795452
1776098493.2808957,250.27313232421875,IO -> PLC,0.62095
1776098493.325924,250.31816053390503,PLC -> IO,0.583072
1776098493.3448942,250.3371307849884,IO -> PLC,0.90308
1776098493.3899264,250.38216304779053,PLC -> IO,0.833282
1776098493.4088926,250.40112924575806,IO -> PLC,0.64776
1776098493.453929,250.44616556167603,PLC -> IO,0.796292
1776098493.4728913,250.4651279449463,IO -> PLC,0.86222
1776098493.5179315,250.51016807556152,PLC -> IO,0.791612
1776098493.5368898,250.52912640571594,IO -> PLC,0.8801
1776098493.5819342,250.5741708278656,PLC -> IO,0.793822
1776098493.6008875,250.59312415122986,IO -> PLC,0.95639
1776098493.6459367,250.6381733417511,PLC -> IO,0.792342
1776098493.664886,250.6571226119995,IO -> PLC,0.75098
1776098493.7099392,250.7021758556366,PLC -> IO,0.831742
1776098493.7288847,250.72112131118774,IO -> PLC,0.97184
1776098493.773942,250.76617860794067,PLC -> IO,0.775852
1776098493.7928832,250.7851197719574,IO -> PLC,0.62811
1776098493.8379445,250.83018112182617,PLC -> IO,1.000782
1776098493.8568819,250.84911847114563,IO -> PLC,0.724
1776098493.901947,250.89418363571167,PLC -> IO,0.806502
1776098493.9208803,250.91311693191528,IO -> PLC,0.84933
1776098493.9659498,250.95818638801575,PLC -> IO,0.772632
1776098493.984879,250.97711563110352,IO -> PLC,0.63072
1776098494.0299523,251.02218890190125,PLC -> IO,0.790752
1776098494.0488765,251.04111313819885,IO -> PLC,0.70493
1776098494.0939548,251.08619141578674,PLC -> IO,0.829192
1776098494.112875,251.1051115989685,IO -> PLC,0.66362
1776098494.1579576,251.15019416809082,PLC -> IO,0.789942
1776098494.1768737,251.16911029815674,IO -> PLC,0.63038
1776098494.22196,251.21419668197632,PLC -> IO,0.816862
1776098494.2408721,251.2331087589264,IO -> PLC,0.66763
1776098494.2859626,251.27819919586182,PLC -> IO,0.783862
1776098494.3048708,251.29710745811462,IO -> PLC,0.80831
1776098494.3499653,251.3422019481659,PLC -> IO,0.523662
1776098494.3688693,251.36110591888428,IO -> PLC,0.61955
1776098494.4139678,251.4062044620514,PLC -> IO,0.768992
1776098494.432868,251.4251046180725,IO -> PLC,0.88105
1776098494.4779704,251.4702069759369,PLC -> IO,0.770872
1776098494.4968665,251.48910307884216,IO -> PLC,0.65452
1776098494.541973,251.53420972824097,PLC -> IO,0.726182
1776098494.5608642,251.55310082435608,IO -> PLC,0.8125
1776098494.6059756,251.59821224212646,PLC -> IO,0.765352
1776098494.6248627,251.61709928512573,IO -> PLC,0.99326
1776098494.6699781,251.66221475601196,PLC -> IO,0.765312
1776098494.6888614,251.68109798431396,IO -> PLC,0.64162
1776098494.7339807,251.72621726989746,PLC -> IO,0.748322
1776098494.7528598,251.74509644508362,IO -> PLC,0.76279
1776098494.7979834,251.79022002220154,PLC -> IO,0.752992
1776098494.8168585,251.80909514427185,IO -> PLC,0.60674
1776098494.861986,251.85422253608704,PLC -> IO,0.713432
1776098494.880857,251.8730936050415,IO -> PLC,0.62559
1776098494.9259884,251.91822504997253,PLC -> IO,0.746992
1776098494.9448557,251.93709230422974,IO -> PLC,0.73668
1776098494.9899912,251.9822278022766,PLC -> IO,0.914562
1776098495.0088532,252.00108981132507,IO -> PLC,0.85297
1776098495.0539937,252.0462303161621,PLC -> IO,0.738602
1776098495.0728517,252.06508827209473,IO -> PLC,0.73389
1776098495.1179962,252.1102328300476,PLC -> IO,0.727362
1776098495.1368504,252.12908697128296,IO -> PLC,0.72281
1776098495.181999,252.17423558235168,PLC -> IO,1.189582
1776098495.2008488,252.1930854320526,IO -> PLC,0.78198
1776098495.2460015,252.23823809623718,PLC -> IO,0.723132
1776098495.2648475,252.25708413124084,IO -> PLC,0.6421
1776098495.310004,252.30224061012268,PLC -> IO,0.717002
1776098495.3288462,252.32108283042908,IO -> PLC,0.67935
1776098495.3740067,252.36624336242676,PLC -> IO,0.715282
1776098495.3928447,252.38508129119873,IO -> PLC,0.63699
1776098495.4380093,252.43024587631226,PLC -> IO,0.918852
1776098495.4568422,252.44907879829407,IO -> PLC,0.7656
1776098495.5020118,252.49424839019775,PLC -> IO,0.708332
1776098495.520841,252.5130774974823,IO -> PLC,0.65132
1776098495.5660145,252.55825114250183,PLC -> IO,0.702532
1776098495.5848393,252.57707595825195,IO -> PLC,0.75824
1776098495.630017,252.62225365638733,PLC -> IO,0.695762
1776098495.648838,252.64107465744019,IO -> PLC,0.61549
1776098495.6940196,252.68625617027283,PLC -> IO,0.918612
1776098495.7128365,252.70507311820984,IO -> PLC,0.7133
1776098495.7580223,252.7502589225769,PLC -> IO,0.670242
1776098495.7768352,252.76907181739807,IO -> PLC,0.62981
1776098495.8220248,252.8142614364624,PLC -> IO,0.710362
1776098495.8408337,252.83307027816772,IO -> PLC,0.77371
1776098495.8860273,252.8782639503479,PLC -> IO,0.785682
1776098495.9048312,252.89706778526306,IO -> PLC,0.59902
1776098495.9500299,252.9422664642334,PLC -> IO,0.680512
1776098495.9688299,252.9610664844513,IO -> PLC,0.62211
1776098496.0140326,253.00626921653748,PLC -> IO,0.673832
1776098496.0328286,253.02506518363953,IO -> PLC,0.74961
1776098496.078035,253.07027173042297,PLC -> IO,0.844042
1776098496.096827,253.08906364440918,IO -> PLC,0.76452
1776098496.1420376,253.13427424430847,PLC -> IO,0.636952
1776098496.1608257,253.1530623435974,IO -> PLC,0.71385
1776098496.2060404,253.19827699661255,PLC -> IO,0.695642
1776098496.2248242,253.21706080436707,IO -> PLC,0.72253
1776098496.270043,253.26227951049805,PLC -> IO,0.715842
1776098496.288823,253.2810595035553,IO -> PLC,0.78018
1776098496.3340454,253.32628202438354,PLC -> IO,0.654842
1776098496.3528214,253.34505796432495,IO -> PLC,0.69903
1776098496.3980482,253.39028477668762,PLC -> IO,0.651692
1776098496.4168189,253.4090554714203,IO -> PLC,0.68506
1776098496.4620507,253.45428729057312,PLC -> IO,0.681892
1776098496.4808176,253.47305417060852,IO -> PLC,0.71848
1776098496.5260532,253.51828980445862,PLC -> IO,0.685212
1776098496.544816,253.53705263137817,IO -> PLC,0.62251
1776098496.590056,253.5822925567627,PLC -> IO,0.823972
1776098496.6088147,253.6010513305664,IO -> PLC,0.89353
1776098496.6540585,253.6462950706482,PLC -> IO,0.649452
1776098496.6728132,253.66504979133606,IO -> PLC,0.80486
1776098496.718061,253.7102975845337,PLC -> IO,0.663482
1776098496.7368119,253.7290484905243,IO -> PLC,0.61393
1776098496.7820637,253.77430033683777,PLC -> IO,0.821932
1776098496.8008103,253.79304695129395,IO -> PLC,0.83974
1776098496.8460662,253.83830285072327,PLC -> IO,0.622772
1776098496.864808,253.85704469680786,IO -> PLC,0.77562
1776098496.9100688,253.90230536460876,PLC -> IO,0.618422
1776098496.9288065,253.92104315757751,IO -> PLC,0.78335
1776098496.9740715,253.96630811691284,PLC -> IO,0.829672
1776098496.9928052,253.98504185676575,IO -> PLC,0.86276
1776098497.038074,254.03031063079834,PLC -> IO,0.814512
1776098497.0568037,254.0490403175354,IO -> PLC,0.63175
1776098497.1020765,254.09431314468384,PLC -> IO,0.634782
1776098497.1208022,254.11303877830505,IO -> PLC,0.76652
1776098497.166079,254.15831565856934,PLC -> IO,0.787872
1776098497.1848009,254.1770374774933,IO -> PLC,0.78848
1776098497.2300818,254.2223184108734,PLC -> IO,0.748792
1776098497.2487993,254.24103593826294,IO -> PLC,0.79845
1776098497.2940843,254.2863209247589,PLC -> IO,0.612102
1776098497.312797,254.30503368377686,IO -> PLC,0.73842
1776098497.3580868,254.3503234386444,PLC -> IO,0.924712
1776098497.3767955,254.3690321445465,IO -> PLC,0.61501
1776098497.4220896,254.4143261909485,PLC -> IO,0.617542
1776098497.4407942,254.43303084373474,IO -> PLC,0.69859
1776098497.486092,254.47832870483398,PLC -> IO,0.821112
1776098497.5047927,254.4970293045044,IO -> PLC,0.7215
1776098497.5500946,254.54233121871948,PLC -> IO,0.636672
1776098497.5687914,254.56102800369263,IO -> PLC,0.65443
1776098497.6140974,254.60633397102356,PLC -> IO,0.597272
1776098497.6327899,254.62502646446228,IO -> PLC,0.61608
1776098497.6780999,254.67033648490906,PLC -> IO,0.765632
1776098497.6967885,254.6890251636505,IO -> PLC,0.677
1776098497.7421024,254.73433899879456,PLC -> IO,0.740562
1776098497.760787,254.75302362442017,IO -> PLC,0.64769
1776098497.8061051,254.79834175109863,PLC -> IO,0.628922
1776098497.8247845,254.8170211315155,IO -> PLC,0.62061
1776098497.8701077,254.86234426498413,PLC -> IO,0.745842
1776098497.8887832,254.88101983070374,IO -> PLC,0.83298
1776098497.9341102,254.92634677886963,PLC -> IO,0.594602
1776098497.9527817,254.9450182914734,IO -> PLC,0.62782
1776098497.998113,254.9903495311737,PLC -> IO,0.607842
1776098498.0167804,255.00901699066162,IO -> PLC,0.63138
1776098498.0621154,255.0543520450592,PLC -> IO,0.717242
1776098498.080779,255.07301568984985,IO -> PLC,0.82952
1776098498.126118,255.1183545589447,PLC -> IO,0.555512
1776098498.1447775,255.1370141506195,IO -> PLC,0.62004
1776098498.1901207,255.18235731124878,PLC -> IO,1.372542
1776098498.2087762,255.20101284980774,IO -> PLC,1.01809
1776098498.2541232,255.24635982513428,PLC -> IO,0.701452
1776098498.2727737,255.26501035690308,IO -> PLC,0.62012
1776098498.3181257,255.31036233901978,PLC -> IO,0.592042
1776098498.3367722,255.32900881767273,IO -> PLC,0.62064
1776098498.3821282,255.37436485290527,PLC -> IO,0.982652
1776098498.400771,255.39300751686096,IO -> PLC,0.7523
1776098498.446131,255.43836760520935,PLC -> IO,0.590362
1776098498.4647694,255.45700597763062,IO -> PLC,0.75163
1776098498.5101335,255.50237011909485,PLC -> IO,0.697602
1776098498.528768,255.52100467681885,IO -> PLC,0.70006
1776098498.574136,255.56637263298035,PLC -> IO,0.764452
1776098498.5927665,255.5850031375885,IO -> PLC,0.74555
1776098498.6381388,255.63037538528442,PLC -> IO,0.489762
1776098498.6567652,255.64900183677673,IO -> PLC,0.77791
1776098498.7021413,255.69437789916992,PLC -> IO,0.703892
1776098498.7207627,255.71299934387207,IO -> PLC,0.61756
1776098498.7661438,255.75838041305542,PLC -> IO,0.842582
1776098498.7847614,255.7769980430603,IO -> PLC,0.68761
1776098498.8301466,255.8223831653595,PLC -> IO,0.682302
1776098498.84876,255.84099650382996,IO -> PLC,0.78749
1776098498.894149,255.886385679245,PLC -> IO,0.670732
1776098498.9127586,255.9049952030182,IO -> PLC,0.61593
1776098498.9581516,255.9503881931305,PLC -> IO,0.848312
1776098498.976757,255.96899366378784,IO -> PLC,0.66781
1776098499.0221543,256.01439094543457,PLC -> IO,0.571062
1776098499.0407557,256.0329923629761,IO -> PLC,0.64674
1776098499.0861568,256.07839345932007,PLC -> IO,0.856072
1776098499.1047542,256.0969908237457,IO -> PLC,0.63495
1776098499.1501594,256.14239597320557,PLC -> IO,0.664192
1776098499.1687517,256.16098833084106,IO -> PLC,0.63331
1776098499.214162,256.20639872550964,PLC -> IO,0.661752
1776098499.2327504,256.2249870300293,IO -> PLC,0.62464
1776098499.2781646,256.27040123939514,PLC -> IO,0.927962
1776098499.296749,256.28898572921753,IO -> PLC,0.7982
1776098499.3421671,256.33440375328064,PLC -> IO,0.656392
1776098499.3607476,256.3529841899872,IO -> PLC,0.64312
1776098499.40617,256.3984065055847,PLC -> IO,0.635712
1776098499.424746,256.41698265075684,IO -> PLC,0.74718
1776098499.4701724,256.4624090194702,PLC -> IO,0.764472
1776098499.4887447,256.48098134994507,IO -> PLC,0.76498
1776098499.534175,256.5264115333557,PLC -> IO,0.647792
1776098499.5527432,256.5449798107147,IO -> PLC,0.60686
1776098499.5981774,256.5904140472412,PLC -> IO,0.861602
1776098499.616742,256.60897850990295,IO -> PLC,0.62275
1776098499.6621802,256.6544167995453,PLC -> IO,0.697162
1776098499.6807394,256.6729760169983,IO -> PLC,0.74111
1776098499.7261827,256.7184193134308,PLC -> IO,0.631592
1776098499.744738,256.7369747161865,IO -> PLC,0.83868
1776098499.7901852,256.7824218273163,PLC -> IO,0.608512
1776098499.8087366,256.8009731769562,IO -> PLC,0.69592
1776098499.854188,256.84642457962036,PLC -> IO,0.660082
1776098499.8727353,256.8649718761444,IO -> PLC,0.70157
1776098499.9181905,256.91042709350586,PLC -> IO,0.619722
1776098499.9367337,256.92897033691406,IO -> PLC,0.63945
1776098499.982193,256.97442960739136,PLC -> IO,0.810642
1776098500.0007324,256.9929690361023,IO -> PLC,0.62181
1776098500.0461957,257.03843235969543,PLC -> IO,0.637962
1776098500.064731,257.05696749687195,IO -> PLC,0.67026
1776098500.1101983,257.10243487358093,PLC -> IO,0.632642
1776098500.1287284,257.1209650039673,IO -> PLC,0.81735
1776098500.1742008,257.16643738746643,PLC -> IO,0.782032
1776098500.192727,257.1849637031555,IO -> PLC,0.68491
1776098500.2382035,257.2304401397705,PLC -> IO,0.768652
1776098500.2567255,257.24896216392517,IO -> PLC,0.65135
1776098500.302206,257.294442653656,PLC -> IO,0.548282
1776098500.3207242,257.3129608631134,IO -> PLC,0.84244
1776098500.3662086,257.3584451675415,PLC -> IO,0.772652
1776098500.3847227,257.37695932388306,IO -> PLC,0.61448
1776098500.4302113,257.4224479198456,PLC -> IO,0.612442
1776098500.4487214,257.4409580230713,IO -> PLC,0.61308
1776098500.4942138,257.4864504337311,PLC -> IO,0.608152
1776098500.5127199,257.50495648384094,IO -> PLC,0.64209
1776098500.5582163,257.5504529476166,PLC -> IO,0.710202
1776098500.5767176,257.56895422935486,IO -> PLC,0.78198
1776098500.622219,257.61445569992065,PLC -> IO,0.642802
1776098500.640716,257.6329526901245,IO -> PLC,0.87363
1776098500.6862216,257.67845821380615,PLC -> IO,0.862372
1776098500.7047148,257.69695138931274,IO -> PLC,0.6243
1776098500.750224,257.74246072769165,PLC -> IO,0.681202
1776098500.7687132,257.7609498500824,IO -> PLC,0.75699
1776098500.8142266,257.80646324157715,PLC -> IO,0.519002
1776098500.832712,257.82494854927063,IO -> PLC,0.8976
1776098500.8782294,257.8704659938812,PLC -> IO,0.813382
1776098500.8967104,257.8889470100403,IO -> PLC,0.62684
1776098500.942232,257.9344685077667,PLC -> IO,0.647502
1776098500.960709,257.9529457092285,IO -> PLC,0.71632
1776098501.0062344,257.9984710216522,PLC -> IO,0.554412
1776098501.0247076,258.01694416999817,IO -> PLC,0.86638
1776098501.0702372,258.0624737739563,PLC -> IO,0.784382
1776098501.088705,258.0809416770935,IO -> PLC,0.88858
1776098501.1342397,258.1264762878418,PLC -> IO,0.662812
1776098501.1527038,258.14494037628174,IO -> PLC,0.68822
1776098501.1982422,258.1904788017273,PLC -> IO,0.587492
1776098501.2167022,258.2089388370514,IO -> PLC,0.62938
1776098501.262245,258.2544815540314,PLC -> IO,0.744982
1776098501.280701,258.2729375362396,IO -> PLC,0.87151
1776098501.3262475,258.31848406791687,PLC -> IO,0.751022
1776098501.3446996,258.33693623542786,IO -> PLC,0.66307
1776098501.39025,258.38248658180237,PLC -> IO,0.612732
1776098501.408698,258.4009346961975,IO -> PLC,0.84801
1776098501.4542527,258.44648933410645,PLC -> IO,0.687172
1776098501.4726968,258.46493339538574,IO -> PLC,0.63252
1776098501.5182552,258.51049184799194,PLC -> IO,0.615462
1776098501.5366943,258.5289309024811,IO -> PLC,0.62385
1776098501.5822577,258.57449436187744,PLC -> IO,1.137842
1776098501.6006927,258.59292936325073,IO -> PLC,0.63661
1776098501.6462605,258.6384971141815,PLC -> IO,0.682662
1776098501.6646914,258.65692806243896,IO -> PLC,0.79274
1776098501.710263,258.702499628067,PLC -> IO,0.636222
1776098501.72869,258.7209265232086,IO -> PLC,0.59462
1776098501.7742655,258.7665021419525,PLC -> IO,0.801702
1776098501.7926886,258.78492522239685,IO -> PLC,0.65754
1776098501.838268,258.830504655838,PLC -> IO,1.128952
1776098501.856687,258.8489236831665,IO -> PLC,0.76664
1776098501.9022708,258.8945074081421,PLC -> IO,0.617772
1776098501.9206858,258.91292238235474,IO -> PLC,0.79076
1776098501.9662733,258.9585099220276,PLC -> IO,0.929502
1776098501.9846833,258.9769198894501,IO -> PLC,0.73592
1776098502.0302758,259.0225124359131,PLC -> IO,0.591612
1776098502.048682,259.0409185886383,IO -> PLC,0.73229
1776098502.0942786,259.08651518821716,PLC -> IO,0.722952
1776098502.1126804,259.10491704940796,IO -> PLC,0.61104
1776098502.158281,259.15051770210266,PLC -> IO,0.719632
1776098502.1766791,259.1689157485962,IO -> PLC,0.70182
1776098502.2222836,259.21452021598816,PLC -> IO,0.665992
1776098502.2406776,259.23291420936584,IO -> PLC,0.68578
1776098502.2862864,259.27852296829224,PLC -> IO,0.584182
1776098502.304676,259.2969126701355,IO -> PLC,0.82135
1776098502.3502889,259.34252548217773,PLC -> IO,0.739992
1776098502.3686748,259.36091136932373,IO -> PLC,0.63259
1776098502.4142914,259.40652799606323,PLC -> IO,0.616422
1776098502.4326723,259.42490887641907,IO -> PLC,0.67303
1776098502.4782941,259.4705307483673,PLC -> IO,1.085282
1776098502.496671,259.4889075756073,IO -> PLC,0.63156
1776098502.5422966,259.5345332622528,PLC -> IO,0.647072
1776098502.5606694,259.55290603637695,IO -> PLC,0.6176
1776098502.6062992,259.5985357761383,PLC -> IO,0.582062
1776098502.6246681,259.6169047355652,IO -> PLC,0.63876
1776098502.670302,259.6625385284424,PLC -> IO,1.059892
1776098502.6886666,259.68090319633484,IO -> PLC,0.7457
1776098502.7343044,259.7265410423279,PLC -> IO,0.627502
1776098502.7526653,259.74490189552307,IO -> PLC,0.60998
1776098502.798307,259.7905435562134,PLC -> IO,0.597872
1776098502.8166637,259.8089003562927,IO -> PLC,0.79163
1776098502.8623097,259.85454630851746,PLC -> IO,0.801752
1776098502.8806615,259.87289810180664,IO -> PLC,0.97456
1776098502.9263122,259.91854882240295,PLC -> IO,0.673872
1776098502.94466,259.9368965625763,IO -> PLC,0.77731
1776098502.9903147,259.98255133628845,PLC -> IO,0.765032
1776098503.0086584,260.00089502334595,IO -> PLC,0.83736
1776098503.0543172,260.04655385017395,PLC -> IO,0.714032
1776098503.072657,260.0648937225342,IO -> PLC,0.63708
1776098503.11832,260.110556602478,PLC -> IO,0.593582
1776098503.1366556,260.12889218330383,IO -> PLC,0.73993
1776098503.1823225,260.1745591163635,PLC -> IO,0.916912
1776098503.2006543,260.19289088249207,IO -> PLC,0.7795
1776098503.246325,260.238561630249,PLC -> IO,0.690702
1776098503.2646527,260.2568893432617,IO -> PLC,0.62961
1776098503.3103278,260.3025643825531,PLC -> IO,0.640352
1776098503.3286514,260.32088804244995,IO -> PLC,0.70678
1776098503.3743303,260.3665668964386,PLC -> IO,1.245692
1776098503.392649,260.3848855495453,IO -> PLC,0.85572
1776098503.4383328,260.4305694103241,PLC -> IO,0.874122
1776098503.4566476,260.4488842487335,IO -> PLC,0.69767
1776098503.5023355,260.4945721626282,PLC -> IO,0.638952
1776098503.520646,260.5128827095032,IO -> PLC,0.7778
1776098503.566338,260.5585746765137,PLC -> IO,0.923802
1776098503.5846448,260.5768814086914,IO -> PLC,0.83168
1776098503.6303406,260.62257719039917,PLC -> IO,0.591112
1776098503.6486433,260.64087986946106,IO -> PLC,0.61916
1776098503.6943433,260.68657994270325,PLC -> IO,0.586592
1776098503.712642,260.7048785686493,IO -> PLC,0.82346
1776098503.7583458,260.75058245658875,PLC -> IO,0.946562
1776098503.7766404,260.76887702941895,IO -> PLC,0.75861
1776098503.8223484,260.81458497047424,PLC -> IO,0.698752
1776098503.840638,260.8328745365143,IO -> PLC,0.99243
1776098503.886351,260.8785877227783,PLC -> IO,0.811532
1776098503.9046366,260.8968732357025,IO -> PLC,0.62326
1776098503.9503536,260.9425902366638,PLC -> IO,0.706362
1776098503.968635,260.96087169647217,IO -> PLC,0.63306
1776098504.0143561,261.0065927505493,PLC -> IO,0.805362
1776098504.0326338,261.0248703956604,IO -> PLC,0.78704
1776098504.0783587,261.0705952644348,PLC -> IO,0.995172
1776098504.0966325,261.08886909484863,IO -> PLC,0.60835
1776098504.1423614,261.1345980167389,PLC -> IO,0.675282
1776098504.160631,261.1528675556183,IO -> PLC,0.62432
1776098504.206364,261.1986005306244,PLC -> IO,0.808052
1776098504.2246296,261.2168662548065,IO -> PLC,0.75597
1776098504.2703664,261.2626030445099,PLC -> IO,0.817532
1776098504.2886271,261.28086376190186,IO -> PLC,0.60888
1776098504.3343692,261.32660579681396,PLC -> IO,0.621242
1776098504.3526256,261.3448622226715,IO -> PLC,0.63013
1776098504.3983717,261.39060831069946,PLC -> IO,1.054502
1776098504.4166243,261.40886092185974,IO -> PLC,0.71347
1776098504.4623742,261.45461082458496,PLC -> IO,0.781742
1776098504.4806228,261.4728593826294,IO -> PLC,0.83279
1776098504.526377,261.51861357688904,PLC -> IO,0.793222
1776098504.5446215,261.5368580818176,IO -> PLC,0.64171
1776098504.5903795,261.58261609077454,PLC -> IO,0.679742
1776098504.60862,261.6008565425873,IO -> PLC,0.70463
1776098504.654382,261.64661860466003,PLC -> IO,0.723952
1776098504.6726186,261.6648552417755,IO -> PLC,0.68676
1776098504.7183847,261.7106213569641,PLC -> IO,0.595022
1776098504.736617,261.72885370254517,IO -> PLC,0.60744
1776098504.7823873,261.7746238708496,PLC -> IO,0.682992
1776098504.8006148,261.7928514480591,IO -> PLC,0.65413
1776098504.8463898,261.8386263847351,PLC -> IO,0.937202
1776098504.8646133,261.85684990882874,IO -> PLC,0.67201
1776098504.9103925,261.9026291370392,PLC -> IO,0.862832
1776098504.928612,261.92084860801697,IO -> PLC,0.62438
1776098504.974395,261.9666316509247,PLC -> IO,0.962962
1776098504.9926105,261.9848470687866,IO -> PLC,0.91051
1776098505.0383976,262.0306341648102,PLC -> IO,0.830122
1776098505.0566092,262.04884576797485,IO -> PLC,0.68071
1776098505.1024003,262.09463691711426,PLC -> IO,0.620322
1776098505.1206076,262.1128442287445,IO -> PLC,0.80299
1776098505.1664028,262.15863943099976,PLC -> IO,0.917332
1776098505.184606,262.17684268951416,IO -> PLC,0.83729
1776098505.2304053,262.22264194488525,PLC -> IO,0.613042
1776098505.2486038,262.2408404350281,IO -> PLC,0.61964
1776098505.2944078,262.28664445877075,PLC -> IO,0.614202
1776098505.3126023,262.30483889579773,IO -> PLC,0.77689
1776098505.3584106,262.35064721107483,PLC -> IO,0.753122
1776098505.376601,262.36883759498596,IO -> PLC,0.87166
1776098505.422413,262.4146497249603,PLC -> IO,1.288872
1776098505.4405994,262.4328360557556,IO -> PLC,0.63882
1776098505.4864156,262.4786522388458,PLC -> IO,0.883782
1776098505.5045981,262.49683475494385,IO -> PLC,0.73542
1776098505.5504184,262.5426549911499,PLC -> IO,0.737332
1776098505.5685966,262.5608332157135,IO -> PLC,0.60187
1776098505.614421,262.6066575050354,PLC -> IO,0.531462
1776098505.6325953,262.62483191490173,IO -> PLC,0.95872
1776098505.6784234,262.6706600189209,PLC -> IO,0.613732
1776098505.6965928,262.68882942199707,IO -> PLC,0.71956
1776098505.7424262,262.734662771225,PLC -> IO,1.020432
1776098505.7605915,262.7528281211853,IO -> PLC,0.80929
1776098505.8064287,262.7986652851105,PLC -> IO,0.608382
1776098505.82459,262.81682658195496,IO -> PLC,0.62428
1776098505.8704312,262.862667798996,PLC -> IO,0.912112
1776098505.8885884,262.8808250427246,IO -> PLC,0.68329
1776098505.934434,262.92667055130005,PLC -> IO,0.631822
1776098505.9525871,262.94482374191284,IO -> PLC,0.6295
1776098505.9984365,262.99067306518555,PLC -> IO,1.061782
1776098506.0165856,263.0088222026825,IO -> PLC,0.62386
1776098506.062439,263.05467557907104,PLC -> IO,0.799502
1776098506.0805843,263.0728209018707,IO -> PLC,0.65415
1776098506.1264417,263.1186783313751,PLC -> IO,0.707222
1776098506.1445818,263.13681840896606,IO -> PLC,0.79171
1776098506.1904442,263.1826808452606,PLC -> IO,0.735832
1776098506.2085805,263.2008171081543,IO -> PLC,1.03097
1776098506.2544467,263.2466833591461,PLC -> IO,0.740592
1776098506.272579,263.26481556892395,IO -> PLC,0.61564
1776098506.3184493,263.3106858730316,PLC -> IO,0.574632
1776098506.3365777,263.3288142681122,IO -> PLC,0.83233
1776098506.382452,263.3746886253357,PLC -> IO,0.621872
1776098506.400576,263.39281272888184,IO -> PLC,0.78878
1776098506.4464545,263.4386911392212,PLC -> IO,0.718322
1776098506.4645748,263.45681142807007,IO -> PLC,0.88443
1776098506.510457,263.5026936531067,PLC -> IO,0.671402
1776098506.5285733,263.5208098888397,IO -> PLC,0.77966
1776098506.5744598,263.56669640541077,PLC -> IO,1.100742
1776098506.592572,263.58480858802795,IO -> PLC,1.00532
1776098506.6384623,263.63069891929626,PLC -> IO,0.855812
1776098506.6565695,263.6488060951233,IO -> PLC,0.9412
1776098506.7024648,263.69470143318176,PLC -> IO,0.780902
1776098506.720568,263.71280455589294,IO -> PLC,0.71363
1776098506.7664676,263.75870418548584,PLC -> IO,0.813752
1776098506.7845666,263.7768032550812,IO -> PLC,0.718
1776098506.83047,263.82270669937134,PLC -> IO,0.637142
1776098506.8485653,263.8408019542694,IO -> PLC,0.6182
1776098506.8944726,263.88670921325684,PLC -> IO,0.712472
1776098506.9125638,263.90480041503906,IO -> PLC,0.72945
1776098506.9584754,263.9507119655609,PLC -> IO,0.792362
1776098506.9765625,263.9687991142273,IO -> PLC,0.71358
1776098507.0224779,264.0147144794464,PLC -> IO,0.615832
1776098507.040561,264.03279757499695,IO -> PLC,0.7713
1776098507.0864804,264.0787169933319,PLC -> IO,0.578032
1776098507.1045585,264.0967950820923,IO -> PLC,0.62334
1776098507.1504831,264.142719745636,PLC -> IO,0.985602
1776098507.1685572,264.1607937812805,IO -> PLC,0.6609
1776098507.2144856,264.2067222595215,PLC -> IO,0.563312
1776098507.2325556,264.22479224205017,IO -> PLC,0.81592
1776098507.2784882,264.270724773407,PLC -> IO,0.757452
1776098507.2965543,264.2887909412384,IO -> PLC,0.62396
1776098507.342491,264.33472752571106,PLC -> IO,1.080152
1776098507.3605528,264.35278940200806,IO -> PLC,0.64288
1776098507.4064934,264.39873003959656,PLC -> IO,0.841622
1776098507.4245515,264.4167881011963,IO -> PLC,0.82589
1776098507.470496,264.46273255348206,PLC -> IO,0.874472
1776098507.48855,264.48078656196594,IO -> PLC,0.61209
1776098507.5344985,264.52673506736755,PLC -> IO,0.683062
1776098507.5525477,264.54478430747986,IO -> PLC,0.86758
1776098507.5985012,264.59073781967163,PLC -> IO,0.611422
1776098507.6165462,264.6087827682495,IO -> PLC,0.63674
1776098507.6625037,264.65474033355713,PLC -> IO,0.972912
1776098507.6805449,264.67278146743774,IO -> PLC,0.7703
1776098507.7265062,264.7187428474426,PLC -> IO,0.725422
1776098507.7445433,264.7367799282074,IO -> PLC,0.8702
1776098507.790509,264.7827455997467,PLC -> IO,0.691302
1776098507.808542,264.80077862739563,IO -> PLC,0.72632
1776098507.8545115,264.8467481136322,PLC -> IO,0.751912
1776098507.8725405,264.8647770881653,IO -> PLC,0.73796
1776098507.918514,264.9107506275177,PLC -> IO,0.592192
1776098507.9365392,264.9287757873535,IO -> PLC,0.81553
1776098507.9825168,264.9747533798218,PLC -> IO,0.651672
1776098508.0005376,264.99277424812317,IO -> PLC,0.61717
1776098508.0465193,265.0387558937073,PLC -> IO,0.714992
1776098508.0645351,265.0567717552185,IO -> PLC,0.70377
1776098508.1105218,265.1027584075928,PLC -> IO,0.750242
1776098508.1285338,265.12077045440674,IO -> PLC,0.84879
1776098508.1745245,265.16676115989685,PLC -> IO,0.668842
1776098508.1925323,265.1847689151764,IO -> PLC,0.83067
1776098508.238527,265.23076367378235,PLC -> IO,1.010412
1776098508.256531,265.2487676143646,IO -> PLC,0.66535
1776098508.3025296,265.29476618766785,PLC -> IO,0.606442
1776098508.3205295,265.3127660751343,IO -> PLC,0.86676
1776098508.3665323,265.3587689399719,PLC -> IO,0.903222
1776098508.3845282,265.3767647743225,IO -> PLC,1.06386
1776098508.4305348,265.4227714538574,PLC -> IO,0.646772
1776098508.4485266,265.44076323509216,IO -> PLC,0.65684
1776098508.4945374,265.4867739677429,PLC -> IO,0.871382
1776098508.5125244,265.5047609806061,IO -> PLC,0.63369
1776098508.55854,265.550776720047,PLC -> IO,0.796782
1776098508.5765228,265.56875944137573,IO -> PLC,0.63013
1776098508.6225426,265.6147792339325,PLC -> IO,1.212922
1776098508.6405215,265.63275814056396,IO -> PLC,0.84771
1776098508.6865451,265.678781747818,PLC -> IO,0.718942
1776098508.70452,265.6967566013336,IO -> PLC,0.63302
1776098508.7505476,265.7427842617035,PLC -> IO,0.946352
1776098508.7685184,265.76075506210327,IO -> PLC,0.77707
1776098508.8145504,265.80678701400757,PLC -> IO,0.584382
1776098508.8325171,265.8247537612915,IO -> PLC,0.842
1776098508.878553,265.87078952789307,PLC -> IO,0.725222
1776098508.8965158,265.88875246047974,IO -> PLC,0.61932
1776098508.9425554,265.93479204177856,PLC -> IO,0.824152
1776098508.9605134,265.9527499675751,IO -> PLC,0.75808
1776098509.0065582,265.99879479408264,PLC -> IO,1.222052
1776098509.0245118,266.0167484283447,IO -> PLC,0.85294
1776098509.0705607,266.06279730796814,PLC -> IO,0.662382
1776098509.0885105,266.08074712753296,IO -> PLC,0.61776
1776098509.1345632,266.12679982185364,PLC -> IO,0.880672
1776098509.152509,266.1447455883026,IO -> PLC,0.7187
1776098509.198566,266.1908025741577,PLC -> IO,0.797752
1776098509.2165077,266.20874428749084,IO -> PLC,0.84507
1776098509.2625685,266.2548050880432,PLC -> IO,0.792342
1776098509.2805061,266.2727427482605,IO -> PLC,0.6307
1776098509.326571,266.3188076019287,PLC -> IO,0.731012
1776098509.3445048,266.33674144744873,IO -> PLC,0.69355
1776098509.3905737,266.3828103542328,PLC -> IO,0.760732
1776098509.4085023,266.40073895454407,IO -> PLC,0.77096
1776098509.4545763,266.4468128681183,PLC -> IO,0.748072
1776098509.4725008,266.4647374153137,IO -> PLC,0.86053
1776098509.5185788,266.5108153820038,PLC -> IO,0.697382
1776098509.5364995,266.52873611450195,IO -> PLC,0.66849
1776098509.5825815,266.57481813430786,PLC -> IO,0.768942
1776098509.6004982,266.5927348136902,IO -> PLC,0.63413
1776098509.646584,266.63882064819336,PLC -> IO,0.710422
1776098509.6644967,266.65673327445984,IO -> PLC,0.61433
1776098509.7105865,266.70282316207886,PLC -> IO,0.574292
1776098509.7284954,266.72073197364807,IO -> PLC,0.88927
1776098509.774589,266.76682567596436,PLC -> IO,0.782342
1776098509.7924938,266.7847304344177,IO -> PLC,0.65826
1776098509.8385918,266.83082842826843,PLC -> IO,1.096872
1776098509.8564925,266.84872913360596,IO -> PLC,0.79695
1776098509.9025943,266.89483094215393,PLC -> IO,0.796022
1776098509.92049,266.9127266407013,IO -> PLC,0.80068
1776098509.9665968,266.95883345603943,PLC -> IO,0.816162
1776098509.9844885,266.97672510147095,IO -> PLC,0.77272
1776098510.0305996,267.0228362083435,PLC -> IO,0.735472
1776098510.0484872,267.0407238006592,IO -> PLC,0.77205
1776098510.094602,267.086838722229,PLC -> IO,0.773362
1776098510.1124856,267.10472226142883,IO -> PLC,0.81946
1776098510.1586046,267.1508412361145,PLC -> IO,0.774912
1776098510.1764843,267.16872096061707,IO -> PLC,0.8283
1776098510.2226074,267.2148439884186,PLC -> IO,0.641502
1776098510.2404828,267.2327194213867,IO -> PLC,0.7345
1776098510.28661,267.2788465023041,PLC -> IO,0.777552
1776098510.3044815,267.29671812057495,IO -> PLC,0.60494
1776098510.3506124,267.3428490161896,PLC -> IO,0.744152
1776098510.368479,267.3607156276703,IO -> PLC,0.62498
1776098510.4146152,267.40685176849365,PLC -> IO,0.725712
1776098510.4324777,267.4247143268585,IO -> PLC,0.70439
1776098510.4786177,267.47085428237915,PLC -> IO,0.743682
1776098510.4964762,267.4887127876282,IO -> PLC,0.63644
1776098510.5426202,267.53485679626465,PLC -> IO,0.761242
1776098510.5604749,267.5527114868164,IO -> PLC,0.65216
1776098510.606623,267.5988595485687,PLC -> IO,0.585122
1776098510.6244733,267.61670994758606,IO -> PLC,0.68245
1776098510.6706254,267.6628620624542,PLC -> IO,0.676762
1776098510.688472,267.6807086467743,IO -> PLC,0.93402
1776098510.734628,267.7268645763397,PLC -> IO,0.853922
1776098510.7524705,267.74470710754395,IO -> PLC,0.64661
1776098510.7986307,267.7908673286438,PLC -> IO,0.807482
1776098510.816468,267.8087046146393,IO -> PLC,0.64394
1776098510.8626332,267.8548698425293,PLC -> IO,0.828402
1776098510.8804667,267.8727033138275,IO -> PLC,0.6415
1776098510.9266357,267.9188723564148,PLC -> IO,0.753802
1776098510.9444652,267.93670177459717,IO -> PLC,0.62355
1776098510.9906383,267.9828748703003,PLC -> IO,0.761142
1776098511.0084639,268.0007004737854,IO -> PLC,0.89745
1776098511.054641,268.04687762260437,PLC -> IO,0.826632
1776098511.0724623,268.06469893455505,IO -> PLC,0.99117
1776098511.1186435,268.11088013648987,PLC -> IO,0.626422
1776098511.136461,268.1286976337433,IO -> PLC,1.05306
1776098511.182646,268.17488265037537,PLC -> IO,0.734552
1776098511.2004595,268.19269609451294,IO -> PLC,0.61525
1776098511.2466488,268.23888540267944,PLC -> IO,0.729632
1776098511.2644582,268.2566947937012,IO -> PLC,0.63329
1776098511.3106513,268.30288791656494,PLC -> IO,0.732952
1776098511.3284557,268.3206923007965,IO -> PLC,0.74942
1776098511.3746538,268.36689043045044,PLC -> IO,0.762272
1776098511.3924544,268.38469099998474,IO -> PLC,0.79916
1776098511.4386566,268.4308931827545,PLC -> IO,0.859682
1776098511.4564528,268.4486894607544,IO -> PLC,0.64087
1776098511.502659,268.49489569664,PLC -> IO,0.625322
1776098511.5204513,268.51268792152405,IO -> PLC,0.71524
1776098511.5666616,268.5588982105255,PLC -> IO,0.777602
1776098511.58445,268.5766866207123,IO -> PLC,0.59679
1776098511.6306643,268.6229009628296,PLC -> IO,0.674922
1776098511.6484487,268.6406853199005,IO -> PLC,0.63212
1776098511.6946669,268.6869034767151,PLC -> IO,0.645122
1776098511.7124472,268.70468378067017,IO -> PLC,0.69217
1776098511.7586694,268.7509059906006,PLC -> IO,0.798452
1776098511.7764447,268.7686812877655,IO -> PLC,0.73773
1776098511.8226721,268.81490874290466,PLC -> IO,0.893062
1776098511.8404434,268.83267998695374,IO -> PLC,0.63066
1776098511.8866746,268.87891125679016,PLC -> IO,0.667652
1776098511.9044418,268.8966784477234,IO -> PLC,0.65695
1776098511.9506772,268.94291377067566,PLC -> IO,0.762102
1776098511.9684405,268.9606771469116,IO -> PLC,0.78019
1776098512.0146797,269.00691628456116,PLC -> IO,1.395062
1776098512.032439,269.0246756076813,IO -> PLC,0.62311
1776098512.0786824,269.07091903686523,PLC -> IO,0.663552
1776098512.0964377,269.0886743068695,IO -> PLC,0.63172
1776098512.142685,269.13492155075073,PLC -> IO,0.699112
1776098512.1604364,269.15267300605774,IO -> PLC,0.62608
1776098512.2066875,269.19892406463623,PLC -> IO,0.817712
1776098512.2244337,269.2166702747345,IO -> PLC,0.78845
1776098512.2706902,269.2629268169403,PLC -> IO,0.780562
1776098512.2884324,269.28066897392273,IO -> PLC,0.79305
1776098512.3346927,269.3269293308258,PLC -> IO,0.684762
1776098512.352431,269.34466767311096,IO -> PLC,0.79766
1776098512.3986952,269.3909318447113,PLC -> IO,0.834562
1776098512.4164295,269.4086661338806,IO -> PLC,0.76659
1776098512.462698,269.4549345970154,PLC -> IO,0.880442
1776098512.4804282,269.47266483306885,IO -> PLC,0.82223
1776098512.5267005,269.5189371109009,PLC -> IO,1.003462
1776098512.5444267,269.5366632938385,IO -> PLC,0.62299
1776098512.590703,269.5829396247864,PLC -> IO,0.790302
1776098512.6084254,269.60066199302673,IO -> PLC,0.728
1776098512.6547058,269.64694237709045,PLC -> IO,0.854022
1776098512.672423,269.66465950012207,IO -> PLC,0.91693
1776098512.7187083,269.71094489097595,PLC -> IO,0.843342
1776098512.7364213,269.7286579608917,IO -> PLC,0.61024
1776098512.7827108,269.77494740486145,PLC -> IO,0.737372
1776098512.80042,269.79265666007996,IO -> PLC,0.70389
1776098512.8467135,269.8389501571655,PLC -> IO,0.733012
1776098512.8644187,269.8566553592682,IO -> PLC,0.8325
1776098512.910716,269.902952671051,PLC -> IO,0.744102
1776098512.9284172,269.92065382003784,IO -> PLC,0.86983
1776098512.9747186,269.9669551849365,PLC -> IO,0.749252
1776098512.9924157,269.9846522808075,IO -> PLC,0.66035
1776098513.038721,270.030957698822,PLC -> IO,0.983392
1776098513.0564144,270.0486509799957,IO -> PLC,0.80631
1776098513.1027238,270.0949604511261,PLC -> IO,0.917022
1776098513.1204128,270.1126494407654,IO -> PLC,0.69836
1776098513.1667264,270.1589629650116,PLC -> IO,0.553212
1776098513.1844106,270.1766471862793,IO -> PLC,0.6456
1776098513.2307289,270.2229654788971,PLC -> IO,0.656452
1776098513.248409,270.24064564704895,IO -> PLC,0.61636
1776098513.2947316,270.2869682312012,PLC -> IO,0.638022
1776098513.3124077,270.3046443462372,IO -> PLC,0.69601
1776098513.3587341,270.35097074508667,PLC -> IO,0.797342
1776098513.3764062,270.36864280700684,IO -> PLC,0.8499
1776098513.4227366,270.41497325897217,PLC -> IO,0.720342
1776098513.440405,270.43264150619507,IO -> PLC,0.80954
1776098513.4867394,270.47897601127625,PLC -> IO,0.617352
1776098513.5044034,270.4966399669647,IO -> PLC,0.77095
1776098513.550742,270.54297852516174,PLC -> IO,0.828592
1776098513.568402,270.56063866615295,IO -> PLC,0.97244
1776098513.6147444,270.60698103904724,PLC -> IO,0.875522
1776098513.6323996,270.6246361732483,IO -> PLC,0.63695
1776098513.6787472,270.6709837913513,PLC -> IO,0.589472
1776098513.696398,270.68863463401794,IO -> PLC,0.74292
1776098513.7427497,270.7349863052368,PLC -> IO,0.718632
1776098513.7603967,270.7526333332062,IO -> PLC,0.60616
1776098513.8067522,270.7989888191223,PLC -> IO,0.776192
1776098513.8243952,270.81663179397583,IO -> PLC,0.73997
1776098513.870755,270.8629915714264,PLC -> IO,0.711912
1776098513.8883939,270.88063049316406,IO -> PLC,0.71882
1776098513.9347577,270.92699432373047,PLC -> IO,0.698682
1776098513.9523923,270.9446289539337,IO -> PLC,0.77566
1776098513.99876,270.9909965991974,PLC -> IO,0.801452
1776098514.016391,271.00862765312195,IO -> PLC,0.6297
1776098514.0627625,271.0549991130829,PLC -> IO,0.565162
1776098514.0803885,271.0726251602173,IO -> PLC,0.68751
1776098514.1267653,271.11900186538696,PLC -> IO,0.776242
1776098514.1443872,271.1366238594055,IO -> PLC,0.84172
1776098514.1907678,271.18300437927246,PLC -> IO,0.729412
1776098514.2083857,271.20062232017517,IO -> PLC,0.63944
1776098514.2547703,271.24700689315796,PLC -> IO,0.799772
1776098514.2723842,271.2646207809448,IO -> PLC,0.66044
1776098514.318773,271.31100964546204,PLC -> IO,0.671492
1776098514.3363829,271.32861948013306,IO -> PLC,0.81649
1776098514.3827755,271.37501215934753,PLC -> IO,0.719532
1776098514.4003816,271.3926181793213,IO -> PLC,0.82542
1776098514.446778,271.43901467323303,PLC -> IO,0.745742
1776098514.46438,271.45661664009094,IO -> PLC,0.62825
1776098514.5107808,271.5030174255371,PLC -> IO,0.756342
1776098514.5283787,271.5206153392792,IO -> PLC,0.82127
1776098514.5747833,271.5670199394226,PLC -> IO,0.601822
1776098514.5923762,271.5846128463745,IO -> PLC,1.17821
1776098514.6387858,271.6310224533081,PLC -> IO,1.693982
1776098514.6563747,271.64861130714417,IO -> PLC,0.97376
1776098514.7027886,271.6950252056122,PLC -> IO,0.609982
1776098514.7203734,271.7126100063324,IO -> PLC,0.79636
1776098514.766791,271.7590277194977,PLC -> IO,0.608502
1776098514.7843719,271.77660846710205,IO -> PLC,0.76385
1776098514.8307936,271.8230302333832,PLC -> IO,0.763902
1776098514.8483706,271.8406071662903,IO -> PLC,0.84429
1776098514.8947964,271.88703298568726,PLC -> IO,0.623382
1776098514.9123693,271.9046058654785,IO -> PLC,0.61833
1776098514.958799,271.95103549957275,PLC -> IO,0.806552
1776098514.9763677,271.96860432624817,IO -> PLC,0.97839
1776098515.0228014,272.01503801345825,PLC -> IO,0.711152
1776098515.0403652,272.0326018333435,IO -> PLC,0.62657
1776098515.0868042,272.07904076576233,PLC -> IO,0.619582
1776098515.104364,272.09660053253174,IO -> PLC,0.6303
1776098515.1508067,272.1430432796478,PLC -> IO,1.230852
1776098515.1683624,272.1605989933014,IO -> PLC,1.00157
1776098515.2148092,272.2070457935333,PLC -> IO,0.666312
1776098515.232361,272.2245976924896,IO -> PLC,0.9468
1776098515.2788117,272.2710483074188,PLC -> IO,0.803792
1776098515.2963595,272.2885961532593,IO -> PLC,0.643
1776098515.3428144,272.3350510597229,PLC -> IO,0.713192
1776098515.3603582,272.3525948524475,IO -> PLC,0.96618
1776098515.406817,272.3990535736084,PLC -> IO,0.642762
1776098515.4243567,272.41659331321716,IO -> PLC,0.79973
1776098515.4708195,272.4630560874939,PLC -> IO,0.635672
1776098515.4883542,272.4805908203125,IO -> PLC,0.61689
1776098515.5348222,272.527058839798,PLC -> IO,0.697882
1776098515.552353,272.54458951950073,IO -> PLC,0.89903
1776098515.5988247,272.5910613536835,PLC -> IO,0.545512
1776098515.6163516,272.60858821868896,IO -> PLC,0.6425
1776098515.6628273,272.65506386756897,PLC -> IO,0.880762
1776098515.68035,272.6725866794586,IO -> PLC,0.80375
1776098515.72683,272.71906661987305,PLC -> IO,1.067212
1776098515.7443485,272.73658514022827,IO -> PLC,0.81044
1776098515.7908325,272.78306913375854,PLC -> IO,0.716032
1776098515.8083472,272.8005838394165,IO -> PLC,0.64719
1776098515.854835,272.84707164764404,PLC -> IO,0.797682
1776098515.8723457,272.86458230018616,IO -> PLC,1.22647
1776098515.9188378,272.9110743999481,PLC -> IO,0.616662
1776098515.9363434,272.9285800457001,IO -> PLC,0.73521
1776098515.9828403,272.9750769138336,PLC -> IO,0.637662
1776098516.000342,272.9925785064697,IO -> PLC,0.61893
1776098516.0468428,273.0390794277191,PLC -> IO,0.751382
1776098516.0643406,273.05657720565796,IO -> PLC,0.74442
1776098516.1108456,273.1030821800232,PLC -> IO,0.703582
1776098516.128339,273.1205756664276,IO -> PLC,0.88528
1776098516.174848,273.1670846939087,PLC -> IO,0.759712
1776098516.1923378,273.18457436561584,IO -> PLC,0.74867
1776098516.2388506,273.2310872077942,PLC -> IO,0.886392
1776098516.2563362,273.2485728263855,IO -> PLC,0.70399
1776098516.302853,273.2950897216797,PLC -> IO,0.604682
1776098516.3203347,273.31257128715515,IO -> PLC,0.67796
1776098516.3668559,273.35909247398376,PLC -> IO,0.785852
1776098516.3843324,273.37656903266907,IO -> PLC,0.6456
1776098516.4308584,273.42309498786926,PLC -> IO,0.654912
1776098516.4483309,273.4405674934387,IO -> PLC,0.68917
1776098516.494861,273.48709750175476,PLC -> IO,0.724632
1776098516.5123296,273.50456619262695,IO -> PLC,0.77066
1776098516.5588636,273.55110025405884,PLC -> IO,0.560672
1776098516.576328,273.5685646533966,IO -> PLC,1.10391
1776098516.6228662,273.61510276794434,PLC -> IO,0.671112
1776098516.6403267,273.63256335258484,IO -> PLC,0.65986
1776098516.6868687,273.67910528182983,PLC -> IO,0.916592
1776098516.7043252,273.6965618133545,IO -> PLC,0.82127
1776098516.7508714,273.7431080341339,PLC -> IO,0.774872
1776098516.768324,273.7605605125427,IO -> PLC,0.62923
1776098516.814874,273.8071105480194,PLC -> IO,0.960592
1776098516.8323224,273.8245589733124,IO -> PLC,0.62575
1776098516.8788764,273.8711130619049,PLC -> IO,0.686782
1776098516.89632,273.8885567188263,IO -> PLC,0.62827
1776098516.9428792,273.935115814209,PLC -> IO,0.723542
1776098516.9603186,273.95255517959595,IO -> PLC,0.81409
1776098517.0068817,273.9991183280945,PLC -> IO,0.651422
1776098517.024317,274.0165536403656,IO -> PLC,0.62117
1776098517.0708842,274.06312084198,PLC -> IO,0.633062
1776098517.0883157,274.08055233955383,IO -> PLC,0.8009
1776098517.134887,274.12712359428406,PLC -> IO,0.717752
1776098517.1523144,274.14455103874207,IO -> PLC,0.76126
1776098517.1988895,274.19112610816956,PLC -> IO,0.650762
1776098517.216313,274.2085494995117,IO -> PLC,0.85099
1776098517.262892,274.25512862205505,PLC -> IO,0.603192
1776098517.2803116,274.27254819869995,IO -> PLC,0.69999
1776098517.3268945,274.31913113594055,PLC -> IO,0.807242
1776098517.344309,274.3365457057953,IO -> PLC,0.7342
1776098517.3908973,274.38313388824463,PLC -> IO,0.754392
1776098517.4083076,274.40054416656494,IO -> PLC,0.80249
1776098517.4548998,274.4471364021301,PLC -> IO,0.537632
1776098517.4723063,274.4645428657532,IO -> PLC,0.73236
1776098517.5189023,274.5111389160156,PLC -> IO,0.619832
1776098517.5363047,274.5285413265228,IO -> PLC,0.68977
1776098517.582905,274.5751416683197,PLC -> IO,0.699402
1776098517.6003034,274.59254002571106,IO -> PLC,0.7783
1776098517.6469076,274.6391441822052,PLC -> IO,0.768092
1776098517.664302,274.6565387248993,IO -> PLC,0.63329
1776098517.71091,274.7031466960907,PLC -> IO,0.787812
1776098517.7283006,274.72053718566895,IO -> PLC,0.91967
1776098517.7749128,274.7671494483948,PLC -> IO,0.670572
1776098517.792298,274.7845346927643,IO -> PLC,0.69379
1776098517.8389153,274.8311519622803,PLC -> IO,1.052302
1776098517.8562968,274.8485333919525,IO -> PLC,0.8276
1776098517.9029179,274.89515447616577,PLC -> IO,0.619532
1776098517.9202952,274.91253185272217,IO -> PLC,0.72972
1776098517.9669206,274.95915722846985,PLC -> IO,0.631012
1776098517.984294,274.9765305519104,IO -> PLC,0.62272
1776098518.0309231,275.02315974235535,PLC -> IO,0.672092
1776098518.0482924,275.04052901268005,IO -> PLC,0.79525
1776098518.0949256,275.08716225624084,PLC -> IO,0.605342
1776098518.112291,275.1045277118683,IO -> PLC,0.8245
1776098518.1589284,275.1511650085449,PLC -> IO,0.604662
1776098518.1762896,275.16852617263794,IO -> PLC,0.61694
1776098518.222931,275.2151675224304,PLC -> IO,0.727992
1776098518.2402883,275.2325248718262,IO -> PLC,0.76906
1776098518.2869334,275.2791700363159,PLC -> IO,0.600592
1776098518.3042858,275.2965223789215,IO -> PLC,0.86896
1776098518.3509362,275.34317278862,PLC -> IO,0.791762
1776098518.3682842,275.36052083969116,IO -> PLC,0.65547
1776098518.4149387,275.4071753025055,PLC -> IO,0.607552
1776098518.432283,275.4245195388794,IO -> PLC,0.73888
1776098518.4789412,275.471177816391,PLC -> IO,0.640072
1776098518.4962814,275.48851799964905,IO -> PLC,0.63092
1776098518.5429437,275.5351803302765,PLC -> IO,0.758602
1776098518.56028,275.5525166988373,IO -> PLC,0.64697
1776098518.6069465,275.59918308258057,PLC -> IO,0.566002
1776098518.6242785,275.61651515960693,IO -> PLC,0.70757
1776098518.670949,275.66318559646606,PLC -> IO,0.636122
1776098518.6882772,275.68051385879517,IO -> PLC,0.60369
1776098518.7349515,275.72718811035156,PLC -> IO,0.804882
1776098518.7522748,275.7445113658905,IO -> PLC,0.61254
1776098518.7989542,275.79119086265564,PLC -> IO,0.603402
1776098518.8162735,275.80851006507874,IO -> PLC,0.68154
1776098518.8629568,275.85519337654114,PLC -> IO,0.612722
1776098518.880272,275.8725085258484,IO -> PLC,0.8152
1776098518.9269593,275.91919589042664,PLC -> IO,0.782682
1776098518.9442706,275.9365072250366,IO -> PLC,0.62428
1776098518.990962,275.9831986427307,PLC -> IO,0.628242
1776098519.008269,276.0005056858063,IO -> PLC,0.64
1776098519.0549645,276.0472011566162,PLC -> IO,0.578132
1776098519.0722675,276.0645041465759,IO -> PLC,0.61908
1776098519.118967,276.1112036705017,PLC -> IO,0.618972
1776098519.1362662,276.12850284576416,IO -> PLC,0.62361
1776098519.1829698,276.1752064228058,PLC -> IO,0.635972
1776098519.2002637,276.1925003528595,IO -> PLC,0.63461
1776098519.2469723,276.2392089366913,PLC -> IO,1.098182
1776098519.2642624,276.25649905204773,IO -> PLC,0.6749
1776098519.3109748,276.3032114505768,PLC -> IO,0.579882
1776098519.328261,276.3204975128174,IO -> PLC,0.79831
1776098519.3749776,276.36721420288086,PLC -> IO,0.722562
1776098519.3922596,276.3844962120056,IO -> PLC,0.84795
1776098519.43898,276.43121671676636,PLC -> IO,0.913662
1776098519.456258,276.44849467277527,IO -> PLC,0.84776
1776098519.5029826,276.49521923065186,PLC -> IO,0.637692
1776098519.5202568,276.5124933719635,IO -> PLC,0.75781
1776098519.5669851,276.55922174453735,PLC -> IO,0.595492
1776098519.5842552,276.57649183273315,IO -> PLC,0.86905
1776098519.630988,276.62322449684143,PLC -> IO,0.719052
1776098519.648253,276.64048957824707,IO -> PLC,0.61749
1776098519.6949904,276.68722701072693,PLC -> IO,0.645572
1776098519.7122514,276.7044880390167,IO -> PLC,0.72762
1776098519.758993,276.7512295246124,PLC -> IO,0.739302
1776098519.77625,276.7684864997864,IO -> PLC,0.78454
1776098519.8229957,276.8152322769165,PLC -> IO,1.106072
1776098519.8402486,276.8324851989746,IO -> PLC,0.68378
1776098519.8869982,276.879234790802,PLC -> IO,0.597702
1776098519.9042473,276.89648389816284,IO -> PLC,0.68311
1776098519.9510007,276.9432373046875,PLC -> IO,0.568152
1776098519.9682457,276.9604823589325,IO -> PLC,0.79828
1776098520.0150034,277.0072400569916,PLC -> IO,0.610752
1776098520.0322444,277.0244810581207,IO -> PLC,0.63288
1776098520.079006,277.0712425708771,PLC -> IO,0.876162
1776098520.096243,277.0884795188904,IO -> PLC,0.67029
1776098520.1430085,277.1352450847626,PLC -> IO,0.770842
1776098520.1602404,277.1524770259857,IO -> PLC,0.68721
1776098520.2070112,277.19924783706665,PLC -> IO,0.587122
1776098520.224239,277.21647572517395,IO -> PLC,0.62125
1776098520.2710137,277.26325035095215,PLC -> IO,0.604202
1776098520.2882376,277.2804741859436,IO -> PLC,0.65138
1776098520.3350163,277.32725286483765,PLC -> IO,0.726742
1776098520.3522363,277.34447288513184,IO -> PLC,0.62838
1776098520.399019,277.3912556171417,PLC -> IO,0.545572
1776098520.4162347,277.4084713459015,IO -> PLC,0.80899
1776098520.4630215,277.4552581310272,PLC -> IO,0.627772
1776098520.4802334,277.4724700450897,IO -> PLC,0.62319
1776098520.527024,277.5192606449127,PLC -> IO,0.926552
1776098520.544232,277.5364685058594,IO -> PLC,0.63811
1776098520.5910265,277.5832631587982,PLC -> IO,0.737142
1776098520.6082296,277.6004662513733,IO -> PLC,0.76465
1776098520.6550293,277.6472659111023,PLC -> IO,0.556692
1776098520.672228,277.66446471214294,IO -> PLC,0.60133
1776098520.7190318,277.7112684249878,PLC -> IO,0.639942
1776098520.7362268,277.7284634113312,IO -> PLC,0.76873
1776098520.7830343,277.7752709388733,PLC -> IO,0.663182
1776098520.8002253,277.79246187210083,IO -> PLC,0.74046
1776098520.847037,277.83927369117737,PLC -> IO,0.801312
1776098520.864224,277.85646057128906,IO -> PLC,0.61202
1776098520.9110396,277.90327620506287,PLC -> IO,0.679182
1776098520.9282224,277.9204590320587,IO -> PLC,0.70974
1776098520.975042,277.96727871894836,PLC -> IO,0.808752
1776098520.992221,277.98445773124695,IO -> PLC,0.69915
1776098521.0390449,278.03128147125244,PLC -> IO,0.938632
1776098521.0562186,278.0484552383423,IO -> PLC,0.83769
1776098521.1030474,278.09528398513794,PLC -> IO,0.579612
1776098521.120217,278.11245369911194,IO -> PLC,0.6274
1776098521.16705,278.15928649902344,PLC -> IO,0.673742
1776098521.1842158,278.17645239830017,IO -> PLC,0.67609
1776098521.2310526,278.2232892513275,PLC -> IO,0.716672
1776098521.2482142,278.2404508590698,IO -> PLC,0.8423
1776098521.2950552,278.287291765213,PLC -> IO,0.826082
1776098521.312213,278.30444955825806,IO -> PLC,0.61865
1776098521.3590577,278.3512942790985,PLC -> IO,0.633072
1776098521.3762114,278.3684480190277,IO -> PLC,0.66118
1776098521.4230604,278.4152970314026,PLC -> IO,0.693832
1776098521.44021,278.43244671821594,IO -> PLC,0.78251
1776098521.487063,278.4792995452881,PLC -> IO,0.610272
1776098521.5042086,278.4964451789856,IO -> PLC,0.6131
1776098521.5510654,278.5433020591736,PLC -> IO,0.572952
1776098521.5682063,278.5604429244995,IO -> PLC,0.61659
1776098521.615068,278.6073045730591,PLC -> IO,0.634122
1776098521.6322048,278.62444138526917,IO -> PLC,0.65912
1776098521.6790707,278.67130732536316,PLC -> IO,0.645202
1776098521.6962035,278.6884400844574,IO -> PLC,0.78669
1776098521.7430732,278.73530983924866,PLC -> IO,0.818852
1776098521.760202,278.75243854522705,IO -> PLC,0.87722
1776098521.8070757,278.79931235313416,PLC -> IO,0.676802
1776098521.8242004,278.8164370059967,IO -> PLC,0.78262
1776098521.8710785,278.86331510543823,PLC -> IO,0.649002
1776098521.888199,278.88043570518494,IO -> PLC,0.74922
1776098521.935081,278.92731761932373,PLC -> IO,0.746162
1776098521.9521978,278.94443440437317,IO -> PLC,0.85519
1776098521.9990835,278.99132013320923,PLC -> IO,0.582442
1776098522.0161953,279.0084319114685,IO -> PLC,0.62123
1776098522.0630863,279.0553228855133,PLC -> IO,0.526082
1776098522.0801938,279.07243037223816,IO -> PLC,0.71399
1776098522.1270888,279.1193253993988,PLC -> IO,0.818842
1776098522.1441925,279.1364290714264,IO -> PLC,0.83829
1776098522.1910913,279.1833279132843,PLC -> IO,0.602072
1776098522.208191,279.20042753219604,IO -> PLC,0.68025
1776098522.255094,279.2473306655884,PLC -> IO,0.591152
1776098522.2721896,279.2644262313843,IO -> PLC,0.69701
1776098522.3190966,279.3113331794739,PLC -> IO,0.703272
1776098522.336188,279.32842469215393,IO -> PLC,0.82338
1776098522.383099,279.3753356933594,PLC -> IO,0.721952
1776098522.4001868,279.39242339134216,IO -> PLC,0.61726
1776098522.4471018,279.43933844566345,PLC -> IO,1.199772
1776098522.4641843,279.4564208984375,IO -> PLC,0.66882
1776098522.5111043,279.50334095954895,PLC -> IO,0.680432
1776098522.5281827,279.52041935920715,IO -> PLC,0.77191
1776098522.5751069,279.56734347343445,PLC -> IO,0.640232
1776098522.5921814,279.5844180583954,IO -> PLC,0.62595
1776098522.6391094,279.63134598731995,PLC -> IO,0.978202
1776098522.6561801,279.6484167575836,IO -> PLC,0.64079
1776098522.7031121,279.695348739624,PLC -> IO,0.587902
1776098522.7201786,279.71241521835327,IO -> PLC,0.6402
1776098522.7671146,279.7593512535095,PLC -> IO,0.701072
1776098522.7841773,279.7764139175415,IO -> PLC,0.79018
1776098522.8311172,279.823353767395,PLC -> IO,1.284022
1776098522.8481758,279.84041237831116,IO -> PLC,0.90246
1776098522.89512,279.8873565196991,PLC -> IO,0.609642
1776098522.9121733,279.9044098854065,IO -> PLC,0.62017
1776098522.9591224,279.9513590335846,PLC -> IO,0.635522
1776098522.976172,279.9684085845947,IO -> PLC,0.76519
1776098523.023125,280.0153615474701,PLC -> IO,0.742522
1776098523.0401704,280.0324070453644,IO -> PLC,0.86499
1776098523.0871277,280.07936429977417,PLC -> IO,0.591992
1776098523.1041691,280.0964057445526,IO -> PLC,0.77352
1776098523.1511302,280.14336681365967,PLC -> IO,0.589802
1776098523.1681676,280.16040420532227,IO -> PLC,0.73076
1776098523.2151327,280.20736932754517,PLC -> IO,0.661622
1776098523.2321663,280.2244029045105,IO -> PLC,0.59919
1776098523.2791355,280.27137207984924,PLC -> IO,0.809662
1776098523.2961648,280.28840136528015,IO -> PLC,0.63764
1776098523.343138,280.33537459373474,PLC -> IO,0.896032
1776098523.3601635,280.3524000644684,IO -> PLC,0.95771
1776098523.4071405,280.39937710762024,PLC -> IO,0.627732
1776098523.424161,280.4163975715637,IO -> PLC,0.77998
1776098523.4711432,280.4633798599243,PLC -> IO,0.616332
1776098523.4881597,280.48039627075195,IO -> PLC,0.61666
1776098523.5351458,280.5273823738098,PLC -> IO,0.761332
1776098523.552158,280.5443947315216,IO -> PLC,0.67663
1776098523.5991483,280.5913848876953,PLC -> IO,0.659772
1776098523.6161568,280.60839343070984,IO -> PLC,0.78876
1776098523.6631508,280.6553874015808,PLC -> IO,0.661902
1776098523.6801553,280.6723918914795,IO -> PLC,0.62127
1776098523.7271535,280.7193901538849,PLC -> IO,0.881792
1776098523.744154,280.7363905906677,IO -> PLC,0.675
1776098523.791156,280.7833926677704,PLC -> IO,0.605022
1776098523.8081524,280.8003890514374,IO -> PLC,0.84258
1776098523.8551586,280.8473951816559,PLC -> IO,0.566662
1776098523.87215,280.8643865585327,IO -> PLC,0.63405
1776098523.9191613,280.91139793395996,PLC -> IO,0.697092
1776098523.9361486,280.92838525772095,IO -> PLC,0.61817
1776098523.9831638,280.97540044784546,PLC -> IO,0.804182
1776098524.000147,280.9923837184906,IO -> PLC,0.62094
1776098524.0471663,281.03940296173096,PLC -> IO,0.777272
1776098524.0641458,281.05638241767883,IO -> PLC,0.77075
1776098524.111169,281.10340571403503,PLC -> IO,0.700512
1776098524.1281443,281.1203808784485,IO -> PLC,0.84304
1776098524.1751716,281.16740822792053,PLC -> IO,0.537912
1776098524.192143,281.1843795776367,IO -> PLC,0.82525
1776098524.2391741,281.23141074180603,PLC -> IO,1.079162
1776098524.2561414,281.2483780384064,IO -> PLC,0.7456
1776098524.3031769,281.2954134941101,PLC -> IO,0.615752
1776098524.3201392,281.3123757839203,IO -> PLC,0.85173
1776098524.3671794,281.3594160079956,PLC -> IO,0.530192
1776098524.3841376,281.37637424468994,IO -> PLC,0.71609
1776098524.431182,281.4234185218811,PLC -> IO,0.742012
1776098524.448136,281.4403727054596,IO -> PLC,0.71541
1776098524.4951847,281.4874212741852,PLC -> IO,0.649722
1776098524.5121348,281.5043714046478,IO -> PLC,0.78138
1776098524.5591872,281.5514237880707,PLC -> IO,0.652082
1776098524.5761333,281.5683698654175,IO -> PLC,0.69119
1776098524.6231897,281.6154263019562,PLC -> IO,0.708922
1776098524.640132,281.6323685646057,IO -> PLC,0.69251
1776098524.6871922,281.6794288158417,PLC -> IO,0.543752
1776098524.7041306,281.69636726379395,IO -> PLC,0.80344
1776098524.751195,281.74343156814575,PLC -> IO,0.584352
1776098524.768129,281.7603657245636,IO -> PLC,0.62068
1776098524.8151975,281.80743408203125,PLC -> IO,0.669832
1776098524.8321266,281.82436323165894,IO -> PLC,0.65513
1776098524.8792,281.87143659591675,PLC -> IO,0.614832
1776098524.8961253,281.88836193084717,IO -> PLC,0.79285
1776098524.9432027,281.9354393482208,PLC -> IO,0.558072
1776098524.9601238,281.9523603916168,IO -> PLC,0.81802
1776098525.0072052,281.9994418621063,PLC -> IO,0.628192
1776098525.0241225,282.01635909080505,IO -> PLC,0.66182
1776098525.0712078,282.0634443759918,PLC -> IO,0.542312
1776098525.088121,282.0803575515747,IO -> PLC,0.62338
1776098525.1352105,282.1274471282959,PLC -> IO,0.790432
1776098525.1521196,282.14435625076294,IO -> PLC,0.80112
1776098525.199213,282.1914496421814,PLC -> IO,0.707902
1776098525.216118,282.2083547115326,IO -> PLC,0.59051
1776098525.2632155,282.2554521560669,PLC -> IO,0.543392
1776098525.2801156,282.27235221862793,IO -> PLC,0.63615
1776098525.3272183,282.319454908371,PLC -> IO,0.849122
1776098525.3441143,282.33635091781616,IO -> PLC,0.78725
1776098525.3912208,282.38345742225647,PLC -> IO,0.857882
1776098525.408113,282.4003496170044,IO -> PLC,0.83266
1776098525.4552233,282.44745993614197,PLC -> IO,0.567112
1776098525.4721115,282.46434807777405,IO -> PLC,0.63461
1776098525.519226,282.51146268844604,PLC -> IO,0.709312
1776098525.5361102,282.5283467769623,IO -> PLC,0.73242
1776098525.5832286,282.57546520233154,PLC -> IO,0.513502
1776098525.6001086,282.59234523773193,IO -> PLC,0.66231
1776098525.647231,282.63946771621704,PLC -> IO,0.534042
1776098525.6641073,282.65634393692017,IO -> PLC,0.6157
1776098525.7112336,282.70347023010254,PLC -> IO,0.664482
1776098525.7281048,282.7203414440155,IO -> PLC,0.83016
1776098525.7752364,282.7674729824066,PLC -> IO,0.555472
1776098525.7921033,282.78433990478516,IO -> PLC,0.6402
1776098525.839239,282.8314754962921,PLC -> IO,0.576642
1776098525.856102,282.8483386039734,IO -> PLC,0.61616
1776098525.9032414,282.8954780101776,PLC -> IO,0.825252
1776098525.9201005,282.91233706474304,IO -> PLC,0.67085
1776098525.9672441,282.9594807624817,PLC -> IO,0.548482
1776098525.9840991,282.9763357639313,IO -> PLC,0.65721
1776098526.0312467,283.0234832763672,PLC -> IO,0.772952
1776098526.0480976,283.0403342247009,IO -> PLC,0.6259
1776098526.0952492,283.0874857902527,PLC -> IO,0.638032
1776098526.1120963,283.10433292388916,IO -> PLC,0.65522
1776098526.159252,283.15148854255676,PLC -> IO,0.573512
1776098526.1760938,283.1683304309845,IO -> PLC,0.80319
1776098526.2232544,283.21549105644226,PLC -> IO,0.768432
1776098526.2400925,283.23232913017273,IO -> PLC,0.81188
1776098526.287257,283.27949357032776,PLC -> IO,0.556302
1776098526.304091,283.2963275909424,IO -> PLC,0.8104
1776098526.3512597,283.34349632263184,PLC -> IO,0.583952
1776098526.3680897,283.3603262901306,IO -> PLC,0.81085
1776098526.4152622,283.40749883651733,PLC -> IO,1.116892
1776098526.4320881,283.42432475090027,IO -> PLC,0.77233
1776098526.4792647,283.47150135040283,PLC -> IO,0.825412
1776098526.4960866,283.4883232116699,IO -> PLC,0.60389
1776098526.5432675,283.5355041027069,PLC -> IO,0.570652
1776098526.5600853,283.55232191085815,IO -> PLC,0.63721
1776098526.60727,283.5995066165924,PLC -> IO,0.770212
1776098526.6240838,283.6163203716278,IO -> PLC,0.75351
1776098526.6712725,283.6635091304779,PLC -> IO,0.727522
1776098526.6880815,283.6803181171417,IO -> PLC,0.82259
1776098526.735275,283.7275116443634,PLC -> IO,0.788292
1776098526.75208,283.7443165779114,IO -> PLC,0.68799
1776098526.7992778,283.7915143966675,PLC -> IO,0.635602
1776098526.8160787,283.8083152770996,IO -> PLC,0.93725
1776098526.8632803,283.855516910553,PLC -> IO,0.547082
1776098526.8800771,283.87231373786926,IO -> PLC,0.84352
1776098526.9272828,283.9195194244385,PLC -> IO,0.924582
1776098526.9440758,283.9363124370575,IO -> PLC,0.68244
1776098526.9912856,283.98352217674255,PLC -> IO,0.573802
1776098527.0080743,284.00031089782715,IO -> PLC,0.69505
1776098527.055288,284.04752469062805,PLC -> IO,0.735762
1776098527.072073,284.0643095970154,IO -> PLC,0.62701
1776098527.1192906,284.11152720451355,PLC -> IO,0.720762
1776098527.1360705,284.1283071041107,IO -> PLC,0.6265
1776098527.1832933,284.1755299568176,PLC -> IO,0.533122
1776098527.200069,284.19230556488037,IO -> PLC,0.66087
1776098527.2472959,284.2395324707031,PLC -> IO,0.551412
1776098527.2640676,284.2563042640686,IO -> PLC,0.80668
1776098527.3112984,284.3035349845886,PLC -> IO,0.693052
1776098527.328066,284.32030272483826,IO -> PLC,0.62503
1776098527.3753011,284.3675377368927,PLC -> IO,0.566612
1776098527.3920648,284.3843014240265,IO -> PLC,0.64588
1776098527.4393036,284.4315402507782,PLC -> IO,0.614252
1776098527.4560635,284.4483001232147,IO -> PLC,0.76817
1776098527.5033062,284.4955427646637,PLC -> IO,0.654372
1776098527.520062,284.5122985839844,IO -> PLC,0.80061
1776098527.567309,284.5595455169678,PLC -> IO,0.552812
1776098527.5840595,284.5762960910797,IO -> PLC,0.87186
1776098527.6313114,284.62354803085327,PLC -> IO,0.823832
1776098527.6480582,284.64029479026794,IO -> PLC,0.62966
1776098527.695314,284.68755054473877,PLC -> IO,0.654592
1776098527.7120566,284.7042932510376,IO -> PLC,0.77338
1776098527.7593164,284.75155305862427,PLC -> IO,0.557822
1776098527.7760553,284.76829195022583,IO -> PLC,0.81903
1776098527.8233192,284.81555581092834,PLC -> IO,0.769312
1776098527.8400538,284.8322904109955,IO -> PLC,0.6742
1776098527.8873217,284.87955832481384,PLC -> IO,0.588142
1776098527.9040525,284.8962891101837,IO -> PLC,0.7268
1776098527.9513242,284.94356083869934,PLC -> IO,0.595782
1776098527.968051,284.96028757095337,IO -> PLC,0.66292
1776098528.015327,285.0075635910034,PLC -> IO,0.726392
1776098528.0320497,285.0242862701416,IO -> PLC,0.61737
1776098528.0793295,285.0715661048889,PLC -> IO,0.625392
1776098528.0960472,285.08828377723694,IO -> PLC,0.69869
1776098528.143332,285.1355686187744,PLC -> IO,0.555102
1776098528.1600459,285.15228247642517,IO -> PLC,0.79962
1776098528.2073348,285.1995713710785,PLC -> IO,0.680192
1776098528.2240443,285.2162809371948,IO -> PLC,0.64766
1776098528.2713373,285.263573884964,PLC -> IO,0.540222
1776098528.288043,285.28027963638306,IO -> PLC,0.67667
1776098528.3353398,285.3275763988495,PLC -> IO,0.556582
1776098528.3520415,285.3442780971527,IO -> PLC,0.792
1776098528.3993425,285.39157915115356,PLC -> IO,0.641832
1776098528.41604,285.40827655792236,IO -> PLC,0.63076
1776098528.463345,285.45558166503906,PLC -> IO,0.598192
1776098528.4800386,285.4722752571106,IO -> PLC,0.84625
1776098528.5273476,285.51958417892456,PLC -> IO,1.028172
1776098528.5440361,285.53627276420593,IO -> PLC,0.83357
1776098528.5913503,285.58358693122864,PLC -> IO,0.605152
1776098528.6080348,285.60027146339417,IO -> PLC,0.8033
1776098528.6553528,285.64758944511414,PLC -> IO,0.548862
1776098528.6720333,285.6642699241638,IO -> PLC,0.6163
1776098528.7193553,285.71159195899963,PLC -> IO,0.751312
1776098528.736032,285.72826862335205,IO -> PLC,0.79922
1776098528.7833579,285.77559447288513,PLC -> IO,0.552872
1776098528.8000305,285.7922670841217,IO -> PLC,0.77927
1776098528.8473606,285.8395972251892,PLC -> IO,0.765792
1776098528.8640292,285.85626578330994,IO -> PLC,0.78364
1776098528.9113631,285.9035997390747,PLC -> IO,0.698232
1776098528.9280276,285.9202642440796,IO -> PLC,0.70863
1776098528.9753656,285.9676022529602,PLC -> IO,0.604902
1776098528.9920254,285.9842619895935,IO -> PLC,0.74172
1776098529.0393684,286.0316050052643,PLC -> IO,0.572622
1776098529.0560238,286.04826045036316,IO -> PLC,0.84474
1776098529.103371,286.0956075191498,PLC -> IO,0.654262
1776098529.1200223,286.1122589111328,IO -> PLC,0.67638
1776098529.1673734,286.1596100330353,PLC -> IO,0.525512
1776098529.184021,286.17625761032104,IO -> PLC,0.70946
1776098529.2313762,286.22361278533936,PLC -> IO,1.026452
1776098529.2480195,286.2402560710907,IO -> PLC,0.66398
1776098529.2953787,286.28761529922485,PLC -> IO,0.632312
1776098529.3120182,286.30425477027893,IO -> PLC,0.63363
1776098529.3593812,286.35161781311035,PLC -> IO,0.536902
1776098529.3760166,286.3682532310486,IO -> PLC,0.69263
1776098529.423384,286.41562056541443,PLC -> IO,0.800472
1776098529.4400144,286.4322509765625,IO -> PLC,0.8314
1776098529.4873865,286.4796230792999,PLC -> IO,0.705622
1776098529.5040128,286.49624943733215,IO -> PLC,0.61584
1776098529.551389,286.5436255931854,PLC -> IO,0.589592
1776098529.5680115,286.5602481365204,IO -> PLC,0.63468
1776098529.6153917,286.6076283454895,PLC -> IO,0.846592
1776098529.63201,286.62424659729004,IO -> PLC,0.81042
1776098529.6793942,286.671630859375,PLC -> IO,0.590542
1776098529.6960087,286.68824529647827,IO -> PLC,0.6459
1776098529.7433968,286.7356333732605,PLC -> IO,0.557542
1776098529.7600071,286.7522437572479,IO -> PLC,0.63025
1776098529.8073993,286.799635887146,PLC -> IO,0.723982
1776098529.8240058,286.81624245643616,IO -> PLC,0.6307
1776098529.871402,286.8636386394501,PLC -> IO,0.536012
1776098529.8880043,286.8802409172058,IO -> PLC,0.79708
1776098529.9354045,286.92764115333557,PLC -> IO,0.557022
1776098529.9520018,286.94423842430115,IO -> PLC,0.87441
1776098529.999407,286.99164366722107,PLC -> IO,0.737542
1776098530.0160005,287.0082371234894,IO -> PLC,0.87085
1776098530.0634098,287.05564641952515,PLC -> IO,0.538382
1776098530.079999,287.07223558425903,IO -> PLC,0.76993
1776098530.1274123,287.11964893341064,PLC -> IO,0.924032
1776098530.1439977,287.13623428344727,IO -> PLC,0.87182
1776098530.1914148,287.18365144729614,PLC -> IO,0.813662
1776098530.2079964,287.2002329826355,IO -> PLC,0.75777
1776098530.2554176,287.2476541996002,PLC -> IO,0.533152
1776098530.2719948,287.26423144340515,IO -> PLC,0.71726
1776098530.31942,287.3116567134857,PLC -> IO,0.736162
1776098530.3359935,287.3282301425934,IO -> PLC,0.83539
1776098530.3834226,287.3756592273712,PLC -> IO,0.587552
1776098530.399991,287.3922276496887,IO -> PLC,0.62302
1776098530.4474254,287.4396619796753,PLC -> IO,0.559432
1776098530.4639895,287.4562261104584,IO -> PLC,0.95428
1776098530.5114279,287.5036644935608,PLC -> IO,0.771792
1776098530.5279882,287.5202248096466,IO -> PLC,0.90057
1776098530.5754304,287.5676670074463,PLC -> IO,0.528152
1776098530.5919867,287.58422327041626,IO -> PLC,0.68004
1776098530.6394331,287.63166975975037,PLC -> IO,1.183502
1776098530.6559854,287.6482219696045,IO -> PLC,0.66505
1776098530.7034357,287.69567227363586,PLC -> IO,0.690082
1776098530.7199838,287.71222043037415,IO -> PLC,0.63165
1776098530.7674382,287.75967478752136,PLC -> IO,0.729802
1776098530.7839825,287.7762191295624,IO -> PLC,0.64554
1776098530.8314407,287.82367730140686,PLC -> IO,0.552802
1776098530.84798,287.8402166366577,IO -> PLC,0.76694
1776098530.8954434,287.88768005371094,PLC -> IO,0.658042
1776098530.9119787,287.90421533584595,IO -> PLC,0.64235
1776098530.959446,287.95168256759644,PLC -> IO,0.534472
1776098530.9759772,287.9682137966156,IO -> PLC,0.81
1776098531.0234485,288.01568508148193,PLC -> IO,1.022382
1776098531.0399756,288.03221225738525,IO -> PLC,0.73756
1776098531.0874512,288.079687833786,PLC -> IO,0.618242
1776098531.1039743,288.0962109565735,IO -> PLC,0.642
1776098531.1514537,288.1436903476715,PLC -> IO,0.559152
1776098531.1679728,288.16020941734314,IO -> PLC,0.76429
1776098531.2154562,288.207692861557,PLC -> IO,0.718882
1776098531.2319715,288.2242081165314,IO -> PLC,0.83145
1776098531.279459,288.2716956138611,PLC -> IO,0.769402
1776098531.29597,288.288206577301,IO -> PLC,0.63541
1776098531.3434615,288.3356981277466,PLC -> IO,0.518392
1776098531.3599677,288.35220432281494,IO -> PLC,0.73619
1776098531.407464,288.3997006416321,PLC -> IO,0.698762
1776098531.4239662,288.4162027835846,IO -> PLC,0.61278
1776098531.4714668,288.46370339393616,PLC -> IO,0.541362
1776098531.4879649,288.4802014827728,IO -> PLC,0.68411
1776098531.5354693,288.52770590782166,PLC -> IO,0.571892
1776098531.5519633,288.5441999435425,IO -> PLC,0.71408
1776098531.5994718,288.59170842170715,PLC -> IO,0.654492
1776098531.615962,288.6081986427307,IO -> PLC,0.61124
1776098531.6634746,288.65571117401123,PLC -> IO,0.539012
1776098531.6799605,288.67219710350037,IO -> PLC,0.98138
1776098531.727477,288.71971368789673,PLC -> IO,0.927072
1776098531.7439592,288.7361958026886,IO -> PLC,0.9031
1776098531.7914796,288.7837162017822,PLC -> IO,0.615262
1776098531.8079567,288.80019330978394,IO -> PLC,0.72146
1776098531.855482,288.8477187156677,PLC -> IO,0.529292
1776098531.8719552,288.8641917705536,IO -> PLC,0.6739
1776098531.9194849,288.9117214679718,PLC -> IO,0.772622
1776098531.9359539,288.9281904697418,IO -> PLC,0.64034
1776098531.9834874,288.9757239818573,PLC -> IO,0.583532
1776098531.9999523,288.9921889305115,IO -> PLC,0.8244
1776098532.04749,289.0397264957428,PLC -> IO,0.578612
1776098532.063951,289.0561876296997,IO -> PLC,0.62499
1776098532.1114926,289.1037292480469,PLC -> IO,0.734832
1776098532.1279495,289.12018609046936,IO -> PLC,0.66048
1776098532.1754951,289.1677317619324,PLC -> IO,0.554782
1776098532.1919482,289.1841847896576,IO -> PLC,0.65468
1776098532.2394977,289.23173427581787,PLC -> IO,0.575772
1776098532.2559457,289.24818229675293,IO -> PLC,0.77194
1776098532.3035004,289.29573702812195,PLC -> IO,0.698142
1776098532.3199441,289.3121807575226,IO -> PLC,0.86886
1776098532.367503,289.35973954200745,PLC -> IO,0.528662
1776098532.3839428,289.3761794567108,IO -> PLC,0.7845
1776098532.4315054,289.42374205589294,PLC -> IO,0.535262
1776098532.4479415,289.44017815589905,IO -> PLC,0.74783
1776098532.4955082,289.487744808197,PLC -> IO,0.679002
1776098532.51194,289.5041766166687,IO -> PLC,0.85091
1776098532.5595107,289.5517473220825,PLC -> IO,0.599762
1776098532.5759387,289.56817531585693,IO -> PLC,0.70703
1776098532.6235132,289.615749835968,PLC -> IO,0.917812
1776098532.6399372,289.6321737766266,IO -> PLC,0.727
1776098532.687516,289.6797525882721,PLC -> IO,0.622152
1776098532.7039347,289.6961712837219,IO -> PLC,0.82194
1776098532.7515185,289.7437551021576,PLC -> IO,0.541792
1776098532.7679334,289.76016998291016,IO -> PLC,0.64301
1776098532.815521,289.8077576160431,PLC -> IO,0.744242
1776098532.8319318,289.8241684436798,IO -> PLC,0.68762
1776098532.8795235,289.8717601299286,PLC -> IO,0.641562
1776098532.8959305,289.88816714286804,IO -> PLC,0.82823
1776098532.9435263,289.93576288223267,PLC -> IO,0.572082
1776098532.9599292,289.9521658420563,IO -> PLC,0.63746
1776098533.0075288,289.99976539611816,PLC -> IO,0.721012
1776098533.0239277,290.0161643028259,IO -> PLC,0.65023
1776098533.0715313,290.06376791000366,PLC -> IO,0.605922
1776098533.0879261,290.0801627635956,IO -> PLC,0.61891
1776098533.135534,290.12777066230774,PLC -> IO,0.557082
1776098533.1519248,290.1441614627838,IO -> PLC,0.61951
1776098533.1995366,290.19177317619324,PLC -> IO,0.675532
1776098533.2159224,290.20815896987915,IO -> PLC,0.63636
1776098533.263539,290.25577569007874,PLC -> IO,0.536132
1776098533.279921,290.2721576690674,IO -> PLC,0.63481
1776098533.3275418,290.3197784423828,PLC -> IO,0.664572
1776098533.3439195,290.33615612983704,IO -> PLC,1.01831
1776098533.3915443,290.3837809562683,PLC -> IO,0.647732
1776098533.4079182,290.40015482902527,IO -> PLC,0.86626
1776098533.4555469,290.4477834701538,PLC -> IO,0.549292
1776098533.4719167,290.4641532897949,IO -> PLC,0.63838
1776098533.5195496,290.5117862224579,PLC -> IO,0.773092
1776098533.5359154,290.52815198898315,IO -> PLC,0.8674
1776098533.5835521,290.5757887363434,PLC -> IO,0.665222
1776098533.5999138,290.5921504497528,IO -> PLC,0.84432
1776098533.6475546,290.6397912502289,PLC -> IO,1.138402
1776098533.6639113,290.65614795684814,IO -> PLC,0.61435
1776098533.7115571,290.7037937641144,PLC -> IO,0.762342
1776098533.72791,290.7201466560364,IO -> PLC,0.77265
1776098533.77556,290.76779651641846,PLC -> IO,0.559892
1776098533.7919085,290.78414511680603,IO -> PLC,0.81813
1776098533.8395624,290.83179903030396,PLC -> IO,0.558092
1776098533.8559072,290.84814381599426,IO -> PLC,0.71745
1776098533.903565,290.89580154418945,PLC -> IO,0.709902
1776098533.9199057,290.9121422767639,IO -> PLC,0.70254
1776098533.9675677,290.95980429649353,PLC -> IO,0.511692
1776098533.9839044,290.97614097595215,IO -> PLC,0.84331
1776098534.0315702,291.023806810379,PLC -> IO,0.577182
1776098534.0479028,291.0401394367218,IO -> PLC,0.63174
1776098534.0955727,291.0878093242645,PLC -> IO,0.774422
1776098534.1119006,291.1041371822357,IO -> PLC,0.68147
1776098534.1595755,291.1518120765686,PLC -> IO,0.542462
1776098534.175899,291.16813564300537,IO -> PLC,0.81721
1776098534.223578,291.2158145904541,PLC -> IO,0.592822
1776098534.2398977,291.2321343421936,IO -> PLC,0.62316
1776098534.2875805,291.2798171043396,PLC -> IO,0.638872
1776098534.3038962,291.29613280296326,IO -> PLC,0.65448
1776098534.3515832,291.3438198566437,PLC -> IO,0.536182
1776098534.3678946,291.3601312637329,IO -> PLC,0.82166
1776098534.4155858,291.4078223705292,PLC -> IO,0.773912
1776098534.4318933,291.42412996292114,IO -> PLC,0.61849
1776098534.4795883,291.4718248844147,PLC -> IO,0.703862
1776098534.495892,291.4881286621094,IO -> PLC,0.84327
1776098534.543591,291.53582763671875,PLC -> IO,0.539422
1776098534.5598905,291.552127122879,IO -> PLC,0.80507
1776098534.6075935,291.59983015060425,PLC -> IO,0.694352
1776098534.623888,291.61612462997437,IO -> PLC,0.786
1776098534.671596,291.66383266448975,PLC -> IO,0.549912
1776098534.6878867,291.6801233291626,IO -> PLC,0.84372
1776098534.7355986,291.72783517837524,PLC -> IO,0.577232
1776098534.7518852,291.74412178993225,IO -> PLC,0.67528
1776098534.7996013,291.7918379306793,PLC -> IO,0.680142
1776098534.8158839,291.8081204891205,IO -> PLC,0.75565
1776098534.8636038,291.8558404445648,PLC -> IO,0.542182
1776098534.8798823,291.87211894989014,IO -> PLC,0.83929
1776098534.9276063,291.9198429584503,PLC -> IO,0.571822
1776098534.943881,291.93611764907837,IO -> PLC,0.67685
1776098534.991609,291.9838457107544,PLC -> IO,0.654752
1776098535.0078795,292.000116109848,IO -> PLC,0.71314
1776098535.0556116,292.0478482246399,PLC -> IO,0.557432
1776098535.071877,292.06411361694336,IO -> PLC,0.90319
1776098535.1196141,292.1118507385254,PLC -> IO,0.884282
1776098535.1358757,292.1281123161316,IO -> PLC,0.67851
1776098535.1836169,292.17585349082947,PLC -> IO,0.625192
1776098535.1998744,292.1921110153198,IO -> PLC,0.69432
1776098535.2476194,292.23985600471497,PLC -> IO,0.536582
1776098535.2638729,292.2561094760895,IO -> PLC,0.63748
1776098535.311622,292.30385851860046,PLC -> IO,0.783282
1776098535.3278716,292.3201081752777,IO -> PLC,0.6504
1776098535.3756247,292.36786127090454,PLC -> IO,0.588522
1776098535.39187,292.38410663604736,IO -> PLC,0.65597
1776098535.4396272,292.43186378479004,PLC -> IO,0.679522
1776098535.4558687,292.4481053352356,IO -> PLC,0.83562
1776098535.5036297,292.49586629867554,PLC -> IO,0.705552
1776098535.5198662,292.51210284233093,IO -> PLC,0.61189
1776098535.5676324,292.5598690509796,PLC -> IO,0.522622
1776098535.5838647,292.5761013031006,IO -> PLC,0.63794
1776098535.631635,292.6238715648651,PLC -> IO,0.779642
1776098535.6478634,292.6401000022888,IO -> PLC,0.64983
1776098535.6956375,292.6878740787506,PLC -> IO,0.692972
1776098535.7118618,292.7040984630585,IO -> PLC,0.80596
1776098535.75964,292.7518765926361,PLC -> IO,0.541322
1776098535.7758605,292.7680971622467,IO -> PLC,0.61903
1776098535.8236427,292.8158793449402,PLC -> IO,0.523752
1776098535.839859,292.83209562301636,IO -> PLC,0.62052
1776098535.8876452,292.8798818588257,PLC -> IO,0.636432
1776098535.9038577,292.8960943222046,IO -> PLC,0.76866
1776098535.9516478,292.9438843727112,PLC -> IO,0.731202
1776098535.9678552,292.9600918292999,IO -> PLC,0.61333
1776098536.0156505,293.00788712501526,PLC -> IO,0.777082
1776098536.031854,293.02409052848816,IO -> PLC,0.63025
1776098536.079653,293.07188963890076,PLC -> IO,0.701762
1776098536.0958524,293.0880889892578,IO -> PLC,0.73935
1776098536.1436555,293.13589215278625,PLC -> IO,0.921732
1776098536.159851,293.15208768844604,IO -> PLC,0.84539
1776098536.2076583,293.19989490509033,PLC -> IO,0.764812
1776098536.2238495,293.2160861492157,IO -> PLC,0.68823
1776098536.2716608,293.26389741897583,PLC -> IO,0.594692
1776098536.287848,293.28008460998535,IO -> PLC,0.83812
1776098536.3356633,293.3278999328613,PLC -> IO,0.559692
1776098536.3518467,293.3440833091736,IO -> PLC,0.67393
1776098536.399666,293.3919026851654,PLC -> IO,0.678862
1776098536.4158452,293.40808176994324,IO -> PLC,0.61708
1776098536.4636686,293.4559051990509,PLC -> IO,0.531852
1776098536.479843,293.47207951545715,IO -> PLC,0.68217
1776098536.527671,293.5199077129364,PLC -> IO,0.569652
1776098536.5438414,293.5360779762268,IO -> PLC,0.82071
1776098536.5916739,293.5839104652405,PLC -> IO,0.689052
1776098536.60784,293.60007667541504,IO -> PLC,0.62873
1776098536.6556764,293.647912979126,PLC -> IO,0.640042
1776098536.6718385,293.6640751361847,IO -> PLC,0.65598
1776098536.7196789,293.7119154930115,PLC -> IO,0.749942
1776098536.7358372,293.7280738353729,IO -> PLC,0.811
1776098536.7836814,293.775918006897,PLC -> IO,0.629492
1776098536.7998357,293.7920722961426,IO -> PLC,0.61824
1776098536.8476841,293.83992075920105,PLC -> IO,0.539222
1776098536.8638344,293.8560709953308,IO -> PLC,0.61652
1776098536.9116867,293.90392327308655,PLC -> IO,0.801982
1776098536.927832,293.92006850242615,IO -> PLC,0.68361
1776098536.9756892,293.96792578697205,PLC -> IO,0.581052
1776098536.9918303,293.9840669631958,IO -> PLC,0.77326
1776098537.039692,294.0319285392761,PLC -> IO,0.559572
1776098537.055829,294.04806566238403,IO -> PLC,0.87514
1776098537.1036944,294.0959310531616,PLC -> IO,0.927462
1776098537.1198275,294.1120641231537,IO -> PLC,0.76726
1776098537.167697,294.1599335670471,PLC -> IO,0.853742
1776098537.1838262,294.1760628223419,IO -> PLC,0.75523
1776098537.2316997,294.2239363193512,PLC -> IO,0.568742
1776098537.247825,294.24006152153015,IO -> PLC,0.82119
1776098537.2957022,294.2879388332367,PLC -> IO,0.729662
1776098537.3118234,294.3040599822998,IO -> PLC,0.71843
1776098537.3597047,294.3519413471222,PLC -> IO,0.566092
1776098537.3758209,294.36805748939514,IO -> PLC,0.7148
1776098537.4237075,294.41594409942627,PLC -> IO,0.584462
1776098537.4398196,294.4320561885834,IO -> PLC,0.82293
1776098537.48771,294.47994661331177,PLC -> IO,0.650432
1776098537.503818,294.496054649353,IO -> PLC,0.61536
1776098537.5517125,294.54394912719727,PLC -> IO,0.538222
1776098537.5678167,294.56005334854126,IO -> PLC,0.69285
1776098537.6157153,294.60795187950134,PLC -> IO,0.796272
1776098537.6318152,294.6240518093109,IO -> PLC,0.82963
1776098537.6797178,294.67195439338684,PLC -> IO,0.690782
1776098537.695814,294.68805050849915,IO -> PLC,0.63038
1776098537.7437203,294.73595690727234,PLC -> IO,0.554742
1776098537.7598124,294.7520489692688,IO -> PLC,0.66659
1776098537.8077228,294.79995942115784,PLC -> IO,0.779352
1776098537.823811,294.81604766845703,IO -> PLC,0.8228
1776098537.8717256,294.8639621734619,PLC -> IO,0.584902
1776098537.8878086,294.88004517555237,IO -> PLC,0.6246
1776098537.935728,294.9279646873474,PLC -> IO,0.571742
1776098537.9518073,294.9440438747406,IO -> PLC,0.86785
1776098537.9997306,294.9919672012329,PLC -> IO,0.716742
1776098538.0158057,295.00804233551025,IO -> PLC,0.62781
1776098538.0637333,295.055969953537,PLC -> IO,0.532542
1776098538.0798042,295.0720407962799,IO -> PLC,0.80146
1776098538.1277359,295.1199724674225,PLC -> IO,0.573322
1776098538.143803,295.13603949546814,IO -> PLC,0.64821
1776098538.1917384,295.183974981308,PLC -> IO,1.066492
1776098538.2078013,295.2000379562378,IO -> PLC,0.62738
1776098538.2557411,295.24797773361206,PLC -> IO,0.547792
1776098538.2718,295.264036655426,IO -> PLC,0.76607
1776098538.3197436,295.31198024749756,PLC -> IO,0.564712
1776098538.3357975,295.32803416252136,IO -> PLC,0.86884
1776098538.3837461,295.37598276138306,PLC -> IO,0.652282
1776098538.3997962,295.3920328617096,IO -> PLC,0.81112
1776098538.447749,295.43998551368713,PLC -> IO,0.710412
1776098538.4637947,295.45603132247925,IO -> PLC,0.73468
1776098538.5117514,295.50398802757263,PLC -> IO,0.810942
1776098538.5277934,295.5200300216675,IO -> PLC,0.8993
1776098538.575754,295.56799054145813,PLC -> IO,0.603932
1776098538.5917919,295.58402848243713,IO -> PLC,0.72965
1776098538.6397564,295.6319930553436,PLC -> IO,0.543012
1776098538.6557906,295.64802718162537,IO -> PLC,0.69338
1776098538.7037592,295.6959958076477,PLC -> IO,0.798582
1776098538.719789,295.712025642395,IO -> PLC,0.81279
1776098538.7677617,295.7599983215332,PLC -> IO,0.569902
1776098538.7837865,295.77602314949036,IO -> PLC,0.63387
1776098538.8317642,295.8240008354187,PLC -> IO,0.532742
1776098538.8477852,295.8400218486786,IO -> PLC,0.67647
1776098538.895767,295.8880035877228,PLC -> IO,0.725432
1776098538.9117837,295.90402030944824,IO -> PLC,0.85108
1776098538.9597695,295.9520061016083,PLC -> IO,0.524502
1776098538.9757824,295.9680190086365,IO -> PLC,0.63352
1776098539.023772,296.0160086154938,PLC -> IO,0.613182
1776098539.0397809,296.0320174694061,IO -> PLC,0.91445
1776098539.0877748,296.08001136779785,PLC -> IO,0.665712
1776098539.1037796,296.09601616859436,IO -> PLC,0.81066
1776098539.1517773,296.14401388168335,PLC -> IO,0.534792
1776098539.167778,296.160014629364,IO -> PLC,0.62069
1776098539.2157798,296.20801639556885,PLC -> IO,0.758842
1776098539.2317758,296.22401237487793,IO -> PLC,0.74507
1776098539.2797825,296.2720191478729,PLC -> IO,0.670722
1776098539.2957742,296.2880108356476,IO -> PLC,0.63198
1776098539.343785,296.3360216617584,PLC -> IO,0.537322
1776098539.3597727,296.35200929641724,IO -> PLC,0.76771
1776098539.4077876,296.4000241756439,PLC -> IO,0.777922
1776098539.4237714,296.41600799560547,IO -> PLC,0.83881
1776098539.4717903,296.464026927948,PLC -> IO,0.610132
1776098539.48777,296.4800066947937,IO -> PLC,0.62307
1776098539.5357928,296.5280294418335,PLC -> IO,0.549372
1776098539.5517685,296.54400515556335,IO -> PLC,0.74569
1776098539.5997953,296.592031955719,PLC -> IO,0.747342
1776098539.6157672,296.6080038547516,IO -> PLC,0.87814
1776098539.6637979,296.6560344696045,PLC -> IO,0.557132
1776098539.6797657,296.67200231552124,IO -> PLC,0.80722
1776098539.7278006,296.72003722190857,PLC -> IO,0.829822
1776098539.7437632,296.7359998226166,IO -> PLC,0.70622
1776098539.7918031,296.78403973579407,PLC -> IO,0.719382
1776098539.807762,296.7999985218048,IO -> PLC,0.82851
1776098539.8558056,296.84804224967957,PLC -> IO,0.514852
1776098539.8717604,296.86399698257446,IO -> PLC,0.62519
1776098539.9198084,296.91204500198364,PLC -> IO,0.551372
1776098539.935759,296.9279956817627,IO -> PLC,0.68003
1776098539.983811,296.97604751586914,PLC -> IO,0.643652
1776098539.9997578,296.9919943809509,IO -> PLC,0.84024
1776098540.0478134,297.04005002975464,PLC -> IO,0.534482
1776098540.0637562,297.0559928417206,IO -> PLC,0.62076
1776098540.1118162,297.1040527820587,PLC -> IO,0.822622
1776098540.1277547,297.11999130249023,IO -> PLC,0.89674
1776098540.1758187,297.1680552959442,PLC -> IO,0.599692
1776098540.1917524,297.18398904800415,IO -> PLC,0.8203
1776098540.2398212,297.2320578098297,PLC -> IO,0.593012
1776098540.255751,297.2479875087738,IO -> PLC,0.61706
1776098540.303824,297.2960605621338,PLC -> IO,0.795222
1776098540.3197496,297.31198620796204,IO -> PLC,0.88992
1776098540.3678265,297.3600630760193,PLC -> IO,0.722862
1776098540.383748,297.3759846687317,IO -> PLC,0.63354
1776098540.431829,297.4240655899048,PLC -> IO,0.698832
1776098540.4477468,297.4399833679199,IO -> PLC,0.78856
1776098540.4958315,297.4880681037903,PLC -> IO,0.769672
1776098540.5117452,297.5039818286896,IO -> PLC,0.63756
1776098540.5598342,297.55207085609436,PLC -> IO,0.513862
1776098540.575744,297.5679805278778,IO -> PLC,0.78465
