timestamp,rel_time_s,direction,e2e_latency_ms
1776102873.01303,0.01159214973449707,IO -> PLC,6.32629
1776102873.0290294,0.027591466903686523,IO -> PLC,4.9051
1776102873.0450296,0.04359173774719238,IO -> PLC,1.34909
1776102873.0610292,0.05959129333496094,IO -> PLC,2.24392
1776102873.0770285,0.07559061050415039,IO -> PLC,0.85545
1776102873.093028,0.09159016609191895,IO -> PLC,6.41705
1776102873.1090274,0.1075894832611084,IO -> PLC,5.55813
1776102873.1250277,0.12358975410461426,IO -> PLC,4.05692
1776102873.1410272,0.1395893096923828,IO -> PLC,2.74117
1776102873.1570265,0.15558862686157227,IO -> PLC,1.21557
1776102873.173026,0.17158818244934082,IO -> PLC,6.47109
1776102873.1890264,0.18758845329284668,IO -> PLC,5.05197
1776102873.2050257,0.20358777046203613,IO -> PLC,3.75855
1776102873.2210252,0.2195873260498047,IO -> PLC,1.63508
1776102873.2370245,0.23558664321899414,IO -> PLC,1.01145
1776102873.2530239,0.2515859603881836,IO -> PLC,5.76013
1776102873.2690244,0.26758646965026855,IO -> PLC,4.43406
1776102873.285024,0.2835860252380371,IO -> PLC,3.12023
1776102873.3010232,0.29958534240722656,IO -> PLC,1.78312
1776102873.3170226,0.315584659576416,IO -> PLC,2.793
1776102873.3330219,0.33158397674560547,IO -> PLC,5.16566
1776102873.3490224,0.34758448600769043,IO -> PLC,3.53654
1776102873.3650217,0.3635838031768799,IO -> PLC,2.10621
1776102873.3810213,0.37958335876464844,IO -> PLC,7.51613
1776102873.3970206,0.3955826759338379,IO -> PLC,0.61341
1776102873.413021,0.41158318519592285,IO -> PLC,3.6785
1776102873.4290204,0.4275825023651123,IO -> PLC,3.19511
1776102873.4450197,0.44358181953430176,IO -> PLC,2.1129
1776102873.4610193,0.4595813751220703,IO -> PLC,7.5517
1776102873.4770186,0.47558069229125977,IO -> PLC,5.76465
1776102873.493019,0.4915812015533447,IO -> PLC,2.8445
1776102873.5090184,0.5075805187225342,IO -> PLC,2.95209
1776102873.5250177,0.5235798358917236,IO -> PLC,1.59626
1776102873.5410173,0.5395793914794922,IO -> PLC,7.0177
1776102873.5570176,0.555579662322998,IO -> PLC,5.45835
1776102873.573017,0.5715789794921875,IO -> PLC,1.51304
1776102873.5890164,0.587578535079956,IO -> PLC,2.97102
1776102873.6050158,0.6035778522491455,IO -> PLC,1.62454
1776102873.6210153,0.6195774078369141,IO -> PLC,6.28722
1776102873.6370156,0.6355776786804199,IO -> PLC,4.89163
1776102873.6530151,0.6515772342681885,IO -> PLC,3.26979
1776102873.6690145,0.6675765514373779,IO -> PLC,1.96628
1776102873.6850138,0.6835758686065674,IO -> PLC,0.68205
1776102873.7010133,0.6995754241943359,IO -> PLC,5.80028
1776102873.7170136,0.7155756950378418,IO -> PLC,4.29011
1776102873.7330132,0.7315752506256104,IO -> PLC,2.98557
1776102873.7490125,0.7475745677947998,IO -> PLC,1.41189
1776102873.7650118,0.7635738849639893,IO -> PLC,4.99932
1776102873.7810123,0.7795743942260742,IO -> PLC,5.27685
1776102873.7970116,0.7955737113952637,IO -> PLC,4.09711
1776102873.8130112,0.8115732669830322,IO -> PLC,2.96161
1776102873.8290105,0.8275725841522217,IO -> PLC,1.58761
1776102873.8450098,0.8435719013214111,IO -> PLC,3.61017
1776102873.8610103,0.8595724105834961,IO -> PLC,5.31232
1776102873.8770096,0.8755717277526855,IO -> PLC,3.95665
1776102873.8930092,0.8915712833404541,IO -> PLC,2.86724
1776102873.9090085,0.9075706005096436,IO -> PLC,1.35684
1776102873.9250078,0.923569917678833,IO -> PLC,1.86493
1776102873.9410083,0.939570426940918,IO -> PLC,4.52128
1776102873.9570076,0.9555697441101074,IO -> PLC,2.84711
1776102873.973007,0.9715690612792969,IO -> PLC,2.92311
1776102873.9890065,0.9875686168670654,IO -> PLC,1.92682
1776102874.005007,1.0035691261291504,IO -> PLC,7.09816
1776102874.0210063,1.0195684432983398,IO -> PLC,2.7526
1776102874.0370057,1.0355677604675293,IO -> PLC,3.93312
1776102874.053005,1.0515670776367188,IO -> PLC,2.65233
1776102874.0690045,1.0675666332244873,IO -> PLC,1.23514
1776102874.0850048,1.0835669040679932,IO -> PLC,6.89203
1776102874.1010044,1.0995664596557617,IO -> PLC,1.08999
1776102874.1170037,1.1155657768249512,IO -> PLC,3.82627
1776102874.133003,1.1315650939941406,IO -> PLC,2.72669
1776102874.1490026,1.1475646495819092,IO -> PLC,1.57175
1776102874.1650028,1.163564920425415,IO -> PLC,6.62037
1776102874.1810024,1.1795644760131836,IO -> PLC,5.34974
1776102874.1970017,1.195563793182373,IO -> PLC,2.42208
1776102874.2130013,1.2115633487701416,IO -> PLC,2.78969
1776102874.2290015,1.2275636196136475,IO -> PLC,1.52122
1776102874.2450008,1.243562936782837,IO -> PLC,6.74897
1776102874.2610004,1.2595624923706055,IO -> PLC,4.89664
1776102874.2769997,1.275561809539795,IO -> PLC,1.04957
1776102874.2929993,1.2915613651275635,IO -> PLC,2.13401
1776102874.3089995,1.3075616359710693,IO -> PLC,6.74741
1776102874.3249989,1.3235609531402588,IO -> PLC,4.99749
1776102874.3409984,1.3395605087280273,IO -> PLC,3.60493
1776102874.3569977,1.3555598258972168,IO -> PLC,2.16214
1776102874.3729982,1.3715603351593018,IO -> PLC,2.33454
1776102874.3889976,1.3875596523284912,IO -> PLC,5.40354
1776102874.404997,1.4035592079162598,IO -> PLC,4.54246
1776102874.4209964,1.4195585250854492,IO -> PLC,2.92766
1776102874.4369957,1.4355578422546387,IO -> PLC,1.52694
1776102874.4529963,1.4515583515167236,IO -> PLC,6.73437
1776102874.4689956,1.467557668685913,IO -> PLC,3.72383
1776102874.484995,1.4835569858551025,IO -> PLC,4.32185
1776102874.5009944,1.499556541442871,IO -> PLC,3.29898
1776102874.5169938,1.5155558586120605,IO -> PLC,4.81361
1776102874.5329943,1.5315563678741455,IO -> PLC,1.46945
1776102874.5489936,1.547555685043335,IO -> PLC,1.87394
1776102874.564993,1.5635550022125244,IO -> PLC,7.07305
1776102874.5809925,1.579554557800293,IO -> PLC,6.37285
1776102874.5969927,1.5955548286437988,IO -> PLC,5.05502
1776102874.6129923,1.6115543842315674,IO -> PLC,3.47597
1776102874.6289916,1.6275537014007568,IO -> PLC,1.97701
1776102874.644991,1.6435530185699463,IO -> PLC,0.908
1776102874.6609905,1.6595525741577148,IO -> PLC,5.98942
1776102874.6769907,1.6755528450012207,IO -> PLC,4.75048
1776102874.69299,1.6915521621704102,IO -> PLC,3.91411
1776102874.7089896,1.7075517177581787,IO -> PLC,0.85844
1776102874.724989,1.7235510349273682,IO -> PLC,0.93627
1776102874.7409894,1.7395515441894531,IO -> PLC,5.54463
1776102874.7569888,1.7555508613586426,IO -> PLC,4.14688
1776102874.7729883,1.7715504169464111,IO -> PLC,2.69489
1776102874.7889876,1.7875497341156006,IO -> PLC,1.44994
1776102874.804987,1.80354905128479,IO -> PLC,2.30205
1776102874.8209875,1.819549560546875,IO -> PLC,4.64398
1776102874.8369868,1.8355488777160645,IO -> PLC,2.90334
1776102874.8529863,1.851548433303833,IO -> PLC,1.47806
1776102874.8689857,1.8675477504730225,IO -> PLC,6.08619
1776102874.884985,1.883547067642212,IO -> PLC,4.99085
1776102874.9009855,1.8995475769042969,IO -> PLC,2.88451
1776102874.9169848,1.9155468940734863,IO -> PLC,1.75701
1776102874.9329844,1.9315464496612549,IO -> PLC,6.47488
1776102874.9489837,1.9475457668304443,IO -> PLC,4.84688
1776102874.9649842,1.9635462760925293,IO -> PLC,3.08967
1776102874.9809835,1.9795455932617188,IO -> PLC,0.79308
1776102874.9969828,1.9955449104309082,IO -> PLC,3.90114
1776102875.0129824,2.0115444660186768,IO -> PLC,4.69788
1776102875.0289817,2.027543783187866,IO -> PLC,3.53766
1776102875.0449822,2.043544292449951,IO -> PLC,1.85541
1776102875.0609815,2.0595436096191406,IO -> PLC,6.79435
1776102875.0769808,2.07554292678833,IO -> PLC,1.63034
1776102875.0929801,2.0915422439575195,IO -> PLC,4.27758
1776102875.1089797,2.107541799545288,IO -> PLC,3.08464
1776102875.1249802,2.123542308807373,IO -> PLC,1.52528
1776102875.1409795,2.1395416259765625,IO -> PLC,6.34844
1776102875.1569788,2.155540943145752,IO -> PLC,4.90789
1776102875.1729782,2.1715402603149414,IO -> PLC,3.35269
1776102875.1889787,2.1875407695770264,IO -> PLC,2.20887
1776102875.204978,2.203540086746216,IO -> PLC,0.8644
1776102875.2209775,2.2195396423339844,IO -> PLC,5.98359
1776102875.2369769,2.235538959503174,IO -> PLC,4.47031
1776102875.2529764,2.2515385150909424,IO -> PLC,1.22334
1776102875.2689767,2.2675387859344482,IO -> PLC,1.94625
1776102875.284976,2.2835381031036377,IO -> PLC,6.82278
1776102875.3009756,2.2995376586914062,IO -> PLC,5.59424
1776102875.3169749,2.3155369758605957,IO -> PLC,3.85039
1776102875.3329744,2.3315365314483643,IO -> PLC,2.40032
1776102875.3489747,2.34753680229187,IO -> PLC,2.29822
1776102875.364974,2.3635361194610596,IO -> PLC,5.28555
1776102875.3809736,2.379535675048828,IO -> PLC,4.19901
1776102875.396973,2.3955349922180176,IO -> PLC,2.55981
1776102875.4129734,2.4115355014801025,IO -> PLC,1.10469
1776102875.4289727,2.427534818649292,IO -> PLC,2.04281
1776102875.444972,2.4435341358184814,IO -> PLC,4.98189
1776102875.4609716,2.45953369140625,IO -> PLC,3.49717
1776102875.476971,2.4755330085754395,IO -> PLC,2.07382
1776102875.4929714,2.4915335178375244,IO -> PLC,0.80031
1776102875.5089707,2.507532835006714,IO -> PLC,1.46185
1776102875.5249703,2.5235323905944824,IO -> PLC,4.03836
1776102875.5409696,2.539531707763672,IO -> PLC,2.55685
1776102875.55697,2.5555319786071777,IO -> PLC,1.13253
1776102875.5729694,2.5715315341949463,IO -> PLC,5.98946
1776102875.5889688,2.5875308513641357,IO -> PLC,4.65547
1776102875.604968,2.603530168533325,IO -> PLC,2.98347
1776102875.6209676,2.6195297241210938,IO -> PLC,1.53835
1776102875.636968,2.6355299949645996,IO -> PLC,6.2952
1776102875.6529675,2.651529550552368,IO -> PLC,4.76953
1776102875.6689668,2.6675288677215576,IO -> PLC,3.31248
1776102875.684966,2.683528184890747,IO -> PLC,1.42551
1776102875.7009656,2.6995277404785156,IO -> PLC,5.04455
1776102875.716966,2.7155280113220215,IO -> PLC,6.07571
1776102875.7329655,2.73152756690979,IO -> PLC,4.69443
1776102875.7489648,2.7475268840789795,IO -> PLC,3.17084
1776102875.764964,2.763526201248169,IO -> PLC,0.62127
1776102875.7809646,2.779526710510254,IO -> PLC,3.66155
1776102875.796964,2.7955260276794434,IO -> PLC,5.93517
1776102875.8129635,2.811525583267212,IO -> PLC,4.26605
1776102875.8289628,2.8275249004364014,IO -> PLC,2.57036
1776102875.8449621,2.843524217605591,IO -> PLC,1.06205
1776102875.8609626,2.859524726867676,IO -> PLC,2.52162
1776102875.876962,2.8755240440368652,IO -> PLC,4.52666
1776102875.8929615,2.891523599624634,IO -> PLC,3.12907
1776102875.9089608,2.9075229167938232,IO -> PLC,1.85612
1776102875.9249601,2.9235222339630127,IO -> PLC,6.55873
1776102875.9409606,2.9395227432250977,IO -> PLC,0.7567
1776102875.95696,2.955522060394287,IO -> PLC,3.67314
1776102875.9729595,2.9715216159820557,IO -> PLC,2.25314
1776102875.9889588,2.987520933151245,IO -> PLC,0.94947
1776102876.0049593,3.00352144241333,IO -> PLC,6.03618
1776102876.0209587,3.0195207595825195,IO -> PLC,4.28913
1776102876.036958,3.035520076751709,IO -> PLC,2.00686
1776102876.0529575,3.0515196323394775,IO -> PLC,1.17025
1776102876.0689569,3.067518949508667,IO -> PLC,6.10503
1776102876.0849574,3.083519458770752,IO -> PLC,5.11705
1776102876.1009567,3.0995187759399414,IO -> PLC,3.86994
1776102876.116956,3.115518093109131,IO -> PLC,2.43851
1776102876.1329556,3.1315176486968994,IO -> PLC,0.86051
1776102876.1489549,3.147516965866089,IO -> PLC,4.87189
1776102876.1649554,3.163517475128174,IO -> PLC,4.46858
1776102876.1809547,3.1795167922973633,IO -> PLC,2.71336
1776102876.196954,3.1955161094665527,IO -> PLC,1.28825
1776102876.2129533,3.211515426635742,IO -> PLC,6.74241
1776102876.2289538,3.227515935897827,IO -> PLC,2.78158
1776102876.2449534,3.2435154914855957,IO -> PLC,3.77082
1776102876.2609527,3.259514808654785,IO -> PLC,2.38955
1776102876.276952,3.2755141258239746,IO -> PLC,3.49966
1776102876.2929513,3.291513442993164,IO -> PLC,2.20952
1776102876.3089519,3.307513952255249,IO -> PLC,1.11706
1776102876.3249512,3.3235132694244385,IO -> PLC,4.54785
1776102876.3409507,3.339512825012207,IO -> PLC,5.34652
1776102876.35695,3.3555121421813965,IO -> PLC,3.97629
1776102876.3729506,3.3715126514434814,IO -> PLC,2.83079
1776102876.3889499,3.387511968612671,IO -> PLC,1.76688
1776102876.4049492,3.4035112857818604,IO -> PLC,2.85165
1776102876.4209487,3.419510841369629,IO -> PLC,5.41271
1776102876.436948,3.4355101585388184,IO -> PLC,3.72935
1776102876.4529486,3.4515106678009033,IO -> PLC,2.40128
1776102876.468948,3.4675099849700928,IO -> PLC,1.11818
1776102876.4849472,3.4835093021392822,IO -> PLC,1.5989
1776102876.5009468,3.499508857727051,IO -> PLC,4.94553
1776102876.516946,3.5155081748962402,IO -> PLC,6.40879
1776102876.5329466,3.531508684158325,IO -> PLC,4.6559
1776102876.548946,3.5475080013275146,IO -> PLC,1.62687
1776102876.5649452,3.563507318496704,IO -> PLC,1.74479
1776102876.5809448,3.5795068740844727,IO -> PLC,7.31359
1776102876.596945,3.5955071449279785,IO -> PLC,5.98448
1776102876.6129446,3.611506700515747,IO -> PLC,4.78338
1776102876.628944,3.6275060176849365,IO -> PLC,3.14401
1776102876.6449435,3.643505573272705,IO -> PLC,1.68306
1776102876.6609428,3.6595048904418945,IO -> PLC,6.55439
1776102876.676943,3.6755051612854004,IO -> PLC,5.55801
1776102876.6929426,3.691504716873169,IO -> PLC,6.16851
1776102876.708942,3.7075040340423584,IO -> PLC,4.77596
1776102876.7249413,3.723503351211548,IO -> PLC,1.38668
1776102876.7409418,3.739503860473633,IO -> PLC,2.29303
1776102876.7569413,3.7555034160614014,IO -> PLC,7.35598
1776102876.7729406,3.771502733230591,IO -> PLC,6.14774
1776102876.78894,3.7875020503997803,IO -> PLC,4.87088
1776102876.8049393,3.8035013675689697,IO -> PLC,3.22032
1776102876.8209398,3.8195018768310547,IO -> PLC,1.56647
1776102876.836939,3.835501194000244,IO -> PLC,6.37868
1776102876.8529387,3.8515007495880127,IO -> PLC,4.87653
1776102876.868938,3.867500066757202,IO -> PLC,3.27804
1776102876.8849373,3.8834993839263916,IO -> PLC,1.86909
1776102876.9009378,3.8994998931884766,IO -> PLC,1.18025
1776102876.916937,3.915499210357666,IO -> PLC,4.54743
1776102876.9329367,3.9314987659454346,IO -> PLC,4.05372
1776102876.948936,3.947498083114624,IO -> PLC,2.46956
1776102876.9649365,3.963498592376709,IO -> PLC,0.89579
1776102876.9809358,3.9794979095458984,IO -> PLC,6.50676
1776102876.9969351,3.995497226715088,IO -> PLC,2.2992
1776102877.0129347,4.0114967823028564,IO -> PLC,3.37557
1776102877.028934,4.027496099472046,IO -> PLC,1.78036
1776102877.0449343,4.043496370315552,IO -> PLC,6.82155
1776102877.0609338,4.05949592590332,IO -> PLC,4.96018
1776102877.0769331,4.07549524307251,IO -> PLC,0.66244
1776102877.0929327,4.091494798660278,IO -> PLC,2.41451
1776102877.108932,4.107494115829468,IO -> PLC,1.03524
1776102877.1249325,4.123494625091553,IO -> PLC,6.02162
1776102877.1409318,4.139493942260742,IO -> PLC,4.36898
1776102877.1569312,4.155493259429932,IO -> PLC,3.01323
1776102877.1729307,4.1714928150177,IO -> PLC,1.30818
1776102877.188931,4.187493085861206,IO -> PLC,5.96174
1776102877.2049305,4.203492641448975,IO -> PLC,4.84136
1776102877.2209299,4.219491958618164,IO -> PLC,3.47865
1776102877.2369292,4.2354912757873535,IO -> PLC,1.93545
1776102877.2529287,4.251490831375122,IO -> PLC,0.93516
1776102877.268929,4.267491102218628,IO -> PLC,4.18369
1776102877.2849286,4.2834906578063965,IO -> PLC,4.26249
1776102877.3009279,4.299489974975586,IO -> PLC,2.8585
1776102877.3169272,4.315489292144775,IO -> PLC,1.10761
1776102877.3329265,4.331488609313965,IO -> PLC,6.07647
1776102877.348927,4.34748911857605,IO -> PLC,1.92331
1776102877.3649266,4.363488674163818,IO -> PLC,3.01686
1776102877.380926,4.379487991333008,IO -> PLC,1.37646
1776102877.3969252,4.395487308502197,IO -> PLC,6.67902
1776102877.4129257,4.411487817764282,IO -> PLC,4.82989
1776102877.428925,4.427487134933472,IO -> PLC,1.74262
1776102877.4449244,4.443486452102661,IO -> PLC,2.24943
1776102877.460924,4.45948600769043,IO -> PLC,0.91223
1776102877.4769232,4.475485324859619,IO -> PLC,5.80005
1776102877.4929237,4.491485834121704,IO -> PLC,4.39102
1776102877.508923,4.5074851512908936,IO -> PLC,2.67493
1776102877.5249224,4.523484468460083,IO -> PLC,1.08069
1776102877.540922,4.539484024047852,IO -> PLC,5.65641
1776102877.5569222,4.555484294891357,IO -> PLC,3.91448
1776102877.5729218,4.571483850479126,IO -> PLC,2.30472
1776102877.588921,4.587483167648315,IO -> PLC,0.8916
1776102877.6049206,4.603482723236084,IO -> PLC,1.90172
1776102877.62092,4.619482040405273,IO -> PLC,4.18942
1776102877.6369202,4.635482311248779,IO -> PLC,2.50814
1776102877.6529198,4.651481866836548,IO -> PLC,0.72028
1776102877.668919,4.667481184005737,IO -> PLC,5.53337
1776102877.6849186,4.683480739593506,IO -> PLC,3.90729
1776102877.700918,4.699480056762695,IO -> PLC,2.59874
1776102877.7169182,4.715480327606201,IO -> PLC,6.46059
1776102877.7329178,4.73147988319397,IO -> PLC,5.97512
1776102877.748917,4.747479200363159,IO -> PLC,4.36463
1776102877.7649167,4.763478755950928,IO -> PLC,2.74359
1776102877.780917,4.779479026794434,IO -> PLC,1.0551
1776102877.7969165,4.795478582382202,IO -> PLC,4.18476
1776102877.8129158,4.811477899551392,IO -> PLC,4.8259
1776102877.828915,4.827477216720581,IO -> PLC,3.19462
1776102877.8449144,4.8434765338897705,IO -> PLC,1.52972
1776102877.860915,4.8594770431518555,IO -> PLC,6.14729
1776102877.8769145,4.875476598739624,IO -> PLC,3.00466
1776102877.8929138,4.8914759159088135,IO -> PLC,3.55051
1776102877.9089131,4.907475233078003,IO -> PLC,2.11388
1776102877.9249125,4.923474550247192,IO -> PLC,7.01002
1776102877.940913,4.939475059509277,IO -> PLC,5.34104
1776102877.9569123,4.955474376678467,IO -> PLC,0.94708
1776102877.9729118,4.971473932266235,IO -> PLC,2.5017
1776102877.9889112,4.987473249435425,IO -> PLC,1.18987
1776102878.0049117,5.00347375869751,IO -> PLC,5.964
1776102878.020911,5.019473075866699,IO -> PLC,4.71602
1776102878.0369103,5.035472393035889,IO -> PLC,3.21369
1776102878.0529099,5.051471948623657,IO -> PLC,1.77826
1776102878.0689092,5.067471265792847,IO -> PLC,5.02664
1776102878.0849097,5.083471775054932,IO -> PLC,6.12236
1776102878.100909,5.099471092224121,IO -> PLC,4.93974
1776102878.1169083,5.1154704093933105,IO -> PLC,3.33102
1776102878.1329079,5.131469964981079,IO -> PLC,2.25799
1776102878.1489072,5.1474692821502686,IO -> PLC,3.09098
1776102878.1649077,5.1634697914123535,IO -> PLC,5.57413
1776102878.180907,5.179469108581543,IO -> PLC,3.74748
1776102878.1969063,5.195468425750732,IO -> PLC,2.64366
1776102878.212906,5.211467981338501,IO -> PLC,0.97374
1776102878.2289062,5.227468252182007,IO -> PLC,0.61426
1776102878.2449057,5.243467807769775,IO -> PLC,4.11986
1776102878.260905,5.259467124938965,IO -> PLC,2.63602
1776102878.2769043,5.275466442108154,IO -> PLC,1.31499
1776102878.292904,5.291465997695923,IO -> PLC,6.10873
1776102878.3089042,5.307466268539429,IO -> PLC,4.66705
1776102878.3249037,5.323465824127197,IO -> PLC,2.1922
1776102878.340903,5.339465141296387,IO -> PLC,1.71393
1776102878.3569024,5.355464458465576,IO -> PLC,6.29686
1776102878.3729029,5.371464967727661,IO -> PLC,4.77814
1776102878.3889022,5.387464284896851,IO -> PLC,3.22774
1776102878.4049017,5.403463840484619,IO -> PLC,1.82295
1776102878.420901,5.419463157653809,IO -> PLC,1.6902
1776102878.4369004,5.435462474822998,IO -> PLC,5.05619
1776102878.452901,5.451462984085083,IO -> PLC,3.40339
1776102878.4689002,5.4674623012542725,IO -> PLC,2.24845
1776102878.4848998,5.483461856842041,IO -> PLC,1.15087
1776102878.500899,5.4994611740112305,IO -> PLC,1.17054
1776102878.5168984,5.51546049118042,IO -> PLC,0.91155
1776102878.532899,5.531461000442505,IO -> PLC,5.97138
1776102878.5488982,5.547460317611694,IO -> PLC,4.26145
1776102878.5648975,5.563459634780884,IO -> PLC,0.77785
1776102878.580897,5.579459190368652,IO -> PLC,0.95505
1776102878.5968976,5.595459699630737,IO -> PLC,6.07831
1776102878.612897,5.611459016799927,IO -> PLC,4.20765
1776102878.6288962,5.627458333969116,IO -> PLC,2.56109
1776102878.6448958,5.643457889556885,IO -> PLC,1.26182
1776102878.660895,5.659457206726074,IO -> PLC,1.7668
1776102878.6768954,5.67545747756958,IO -> PLC,4.46923
1776102878.692895,5.691457033157349,IO -> PLC,3.15445
1776102878.7088943,5.707456350326538,IO -> PLC,1.82549
1776102878.7248938,5.723455905914307,IO -> PLC,6.60674
1776102878.7408931,5.739455223083496,IO -> PLC,5.03506
1776102878.7568934,5.755455493927002,IO -> PLC,2.68711
1776102878.772893,5.7714550495147705,IO -> PLC,2.11683
1776102878.7888923,5.78745436668396,IO -> PLC,0.84084
1776102878.8048918,5.8034539222717285,IO -> PLC,5.9305
1776102878.820892,5.819454193115234,IO -> PLC,4.34138
1776102878.8368917,5.835453748703003,IO -> PLC,0.73193
1776102878.852891,5.851453065872192,IO -> PLC,1.29923
1776102878.8688903,5.867452383041382,IO -> PLC,6.23009
1776102878.8848898,5.88345193862915,IO -> PLC,4.89273
1776102878.90089,5.899452209472656,IO -> PLC,3.35281
1776102878.9168897,5.915451765060425,IO -> PLC,0.85637
1776102878.932889,5.931451082229614,IO -> PLC,3.88866
1776102878.9488883,5.947450399398804,IO -> PLC,5.13503
1776102878.9648888,5.963450908660889,IO -> PLC,3.27862
1776102878.9808881,5.979450225830078,IO -> PLC,1.64844
1776102878.9968877,5.995449781417847,IO -> PLC,6.80747
1776102879.012887,6.011449098587036,IO -> PLC,5.4406
1776102879.0288863,6.027448415756226,IO -> PLC,3.2761
1776102879.0448868,6.0434489250183105,IO -> PLC,1.95107
1776102879.0608861,6.0594482421875,IO -> PLC,6.63192
1776102879.0768855,6.0754475593566895,IO -> PLC,5.15439
1776102879.092885,6.091447114944458,IO -> PLC,3.91745
1776102879.1088843,6.1074464321136475,IO -> PLC,1.47861
1776102879.1248848,6.123446941375732,IO -> PLC,1.34955
1776102879.1408842,6.139446258544922,IO -> PLC,6.27617
1776102879.1568835,6.155445575714111,IO -> PLC,4.56417
1776102879.172883,6.17144513130188,IO -> PLC,3.21065
1776102879.1888833,6.187445402145386,IO -> PLC,1.57761
1776102879.2048829,6.203444957733154,IO -> PLC,5.05736
1776102879.2208822,6.219444274902344,IO -> PLC,5.23248
1776102879.2368815,6.235443592071533,IO -> PLC,3.52759
1776102879.252881,6.251443147659302,IO -> PLC,1.85134
1776102879.2688813,6.267443418502808,IO -> PLC,6.55491
1776102879.2848809,6.283442974090576,IO -> PLC,2.92185
1776102879.3008802,6.299442291259766,IO -> PLC,3.47067
1776102879.3168795,6.315441608428955,IO -> PLC,1.85907
1776102879.332879,6.331441164016724,IO -> PLC,6.65064
1776102879.3488793,6.3474414348602295,IO -> PLC,4.95479
1776102879.364879,6.363440990447998,IO -> PLC,2.95613
1776102879.3808782,6.3794403076171875,IO -> PLC,1.40597
1776102879.3968778,6.395439863204956,IO -> PLC,1.80022
1776102879.412878,6.411440134048462,IO -> PLC,7.42647
1776102879.4288774,6.427439451217651,IO -> PLC,5.79111
1776102879.444877,6.44343900680542,IO -> PLC,4.79601
1776102879.4608762,6.459438323974609,IO -> PLC,1.98835
1776102879.4768755,6.475437641143799,IO -> PLC,1.6024
1776102879.492876,6.491438150405884,IO -> PLC,6.92744
1776102879.5088756,6.507437705993652,IO -> PLC,5.23584
1776102879.524875,6.523437023162842,IO -> PLC,3.77968
1776102879.5408742,6.539436340332031,IO -> PLC,1.8547
1776102879.5568736,6.555435657501221,IO -> PLC,3.56389
1776102879.572874,6.571436166763306,IO -> PLC,5.19131
1776102879.5888734,6.587435483932495,IO -> PLC,3.98309
1776102879.604873,6.603435039520264,IO -> PLC,2.22708
1776102879.6208723,6.619434356689453,IO -> PLC,0.69197
1776102879.6368728,6.635434865951538,IO -> PLC,0.91756
1776102879.652872,6.6514341831207275,IO -> PLC,4.11874
1776102879.6688714,6.667433500289917,IO -> PLC,2.44545
1776102879.684871,6.6834330558776855,IO -> PLC,1.06122
1776102879.7008703,6.699432373046875,IO -> PLC,6.13137
1776102879.7168708,6.71543288230896,IO -> PLC,4.98362
1776102879.73287,6.731432199478149,IO -> PLC,2.179
1776102879.7488694,6.747431516647339,IO -> PLC,1.45288
1776102879.764869,6.763431072235107,IO -> PLC,6.49935
1776102879.7808692,6.779431343078613,IO -> PLC,4.99111
1776102879.7968686,6.795430660247803,IO -> PLC,3.80561
1776102879.812868,6.811430215835571,IO -> PLC,2.25216
1776102879.8288674,6.827429533004761,IO -> PLC,0.71816
1776102879.844867,6.843429088592529,IO -> PLC,5.69318
1776102879.8608673,6.859429359436035,IO -> PLC,4.18495
1776102879.8768668,6.875428915023804,IO -> PLC,2.57302
1776102879.8928661,6.891428232192993,IO -> PLC,1.55745
1776102879.9088655,6.907427549362183,IO -> PLC,2.49676
1776102879.924865,6.923427104949951,IO -> PLC,4.93502
1776102879.9408653,6.939427375793457,IO -> PLC,3.698
1776102879.9568648,6.955426931381226,IO -> PLC,2.47345
1776102879.9728642,6.971426248550415,IO -> PLC,7.1647
1776102879.9888635,6.9874255657196045,IO -> PLC,0.61631
1776102880.004864,7.0034260749816895,IO -> PLC,3.73556
1776102880.0208633,7.019425392150879,IO -> PLC,3.17129
1776102880.0368629,7.0354249477386475,IO -> PLC,1.53504
1776102880.0528622,7.051424264907837,IO -> PLC,7.16545
1776102880.0688615,7.067423582077026,IO -> PLC,5.53833
1776102880.084862,7.083424091339111,IO -> PLC,1.73214
1776102880.1008613,7.099423408508301,IO -> PLC,3.1442
1776102880.1168609,7.115422964096069,IO -> PLC,1.2121
1776102880.1328602,7.131422281265259,IO -> PLC,6.68155
1776102880.1488595,7.147421598434448,IO -> PLC,4.96954
1776102880.16486,7.163422107696533,IO -> PLC,0.84294
1776102880.1808593,7.179421424865723,IO -> PLC,1.87113
1776102880.1968586,7.195420742034912,IO -> PLC,0.76524
1776102880.2128582,7.211420297622681,IO -> PLC,6.07291
1776102880.2288587,7.227420806884766,IO -> PLC,4.46427
1776102880.244858,7.243420124053955,IO -> PLC,2.78083
1776102880.2608573,7.2594194412231445,IO -> PLC,1.33419
1776102880.2768567,7.275418758392334,IO -> PLC,5.47044
1776102880.2928562,7.2914183139801025,IO -> PLC,5.6506
1776102880.3088565,7.307418584823608,IO -> PLC,3.95516
1776102880.324856,7.323418140411377,IO -> PLC,2.30524
1776102880.3408554,7.339417457580566,IO -> PLC,0.67724
1776102880.356855,7.355417013168335,IO -> PLC,3.75881
1776102880.3728542,7.371416330337524,IO -> PLC,4.16953
1776102880.3888545,7.38741660118103,IO -> PLC,2.77594
1776102880.404854,7.403416156768799,IO -> PLC,1.24122
1776102880.4208534,7.419415473937988,IO -> PLC,6.16464
1776102880.436853,7.435415029525757,IO -> PLC,2.01764
1776102880.4528532,7.451415300369263,IO -> PLC,3.26072
1776102880.4688528,7.467414855957031,IO -> PLC,2.00442
1776102880.484852,7.483414173126221,IO -> PLC,7.10328
1776102880.5008514,7.49941349029541,IO -> PLC,5.61553
1776102880.516851,7.515413045883179,IO -> PLC,4.25266
1776102880.5328512,7.531413316726685,IO -> PLC,5.4283
1776102880.5488508,7.547412872314453,IO -> PLC,3.95478
1776102880.56485,7.563412189483643,IO -> PLC,2.26846
1776102880.5808494,7.579411506652832,IO -> PLC,7.46861
1776102880.59685,7.595412015914917,IO -> PLC,2.51149
1776102880.6128492,7.6114113330841064,IO -> PLC,4.08956
1776102880.6288488,7.627410888671875,IO -> PLC,2.68164
1776102880.644848,7.6434102058410645,IO -> PLC,1.18356
1776102880.6608474,7.659409523010254,IO -> PLC,6.21466
1776102880.676848,7.675410032272339,IO -> PLC,0.79489
1776102880.6928473,7.691409349441528,IO -> PLC,3.25763
1776102880.7088466,7.707408666610718,IO -> PLC,1.85892
1776102880.7248461,7.723408222198486,IO -> PLC,6.78162
1776102880.7408454,7.739407539367676,IO -> PLC,5.27833
1776102880.756846,7.755408048629761,IO -> PLC,3.46392
1776102880.7728453,7.77140736579895,IO -> PLC,2.44939
1776102880.7888446,7.78740668296814,IO -> PLC,1.33421
1776102880.8048441,7.803406238555908,IO -> PLC,6.21179
1776102880.8208444,7.819406509399414,IO -> PLC,4.38096
1776102880.836844,7.835406064987183,IO -> PLC,3.16554
1776102880.8528433,7.851405382156372,IO -> PLC,1.51706
1776102880.8688426,7.8674046993255615,IO -> PLC,3.28169
1776102880.8848422,7.88340425491333,IO -> PLC,5.24473
1776102880.9008424,7.899404525756836,IO -> PLC,4.37549
1776102880.916842,7.9154040813446045,IO -> PLC,2.84468
1776102880.9328413,7.931403398513794,IO -> PLC,0.8489
1776102880.9488406,7.947402715682983,IO -> PLC,0.9413
1776102880.9648411,7.963403224945068,IO -> PLC,3.97167
1776102880.9808404,7.979402542114258,IO -> PLC,2.52272
1776102880.99684,7.995402097702026,IO -> PLC,1.20281
1776102881.0128393,8.011401414871216,IO -> PLC,6.46743
1776102881.0288389,8.027400970458984,IO -> PLC,4.68366
1776102881.0448391,8.04340124130249,IO -> PLC,2.1597
1776102881.0608385,8.05940055847168,IO -> PLC,2.01225
1776102881.076838,8.075400114059448,IO -> PLC,0.7549
1776102881.0928373,8.091399431228638,IO -> PLC,5.71655
1776102881.1088367,8.107398748397827,IO -> PLC,4.49185
1776102881.1248372,8.123399257659912,IO -> PLC,3.12794
1776102881.1408365,8.139398574829102,IO -> PLC,1.5941
1776102881.156836,8.15539813041687,IO -> PLC,6.20958
1776102881.1728354,8.17139744758606,IO -> PLC,4.65327
1776102881.1888359,8.187397956848145,IO -> PLC,3.71417
1776102881.2048352,8.203397274017334,IO -> PLC,2.20393
1776102881.2208345,8.219396591186523,IO -> PLC,0.86986
1776102881.236834,8.235396146774292,IO -> PLC,5.61207
1776102881.2528334,8.251395463943481,IO -> PLC,4.03023
1776102881.2688339,8.267395973205566,IO -> PLC,2.46766
1776102881.2848332,8.283395290374756,IO -> PLC,1.28608
1776102881.3008325,8.299394607543945,IO -> PLC,1.31487
1776102881.316832,8.315394163131714,IO -> PLC,4.34221
1776102881.3328314,8.331393480300903,IO -> PLC,3.22487
1776102881.348832,8.347393989562988,IO -> PLC,1.77279
1776102881.3648312,8.363393306732178,IO -> PLC,6.82557
1776102881.3808305,8.379392623901367,IO -> PLC,5.82431
1776102881.39683,8.395392179489136,IO -> PLC,3.51132
1776102881.4128304,8.411392450332642,IO -> PLC,2.90505
1776102881.4288297,8.427391767501831,IO -> PLC,1.43769
1776102881.4448292,8.4433913230896,IO -> PLC,6.688
1776102881.4608285,8.459390640258789,IO -> PLC,5.04455
1776102881.476828,8.475390195846558,IO -> PLC,2.18985
1776102881.4928284,8.491390466690063,IO -> PLC,2.38034
1776102881.508828,8.507390022277832,IO -> PLC,0.72761
1776102881.5248272,8.523389339447021,IO -> PLC,5.60223
1776102881.5408266,8.539388656616211,IO -> PLC,3.94542
1776102881.556826,8.55538821220398,IO -> PLC,2.36742
1776102881.5728264,8.571388483047485,IO -> PLC,0.77014
1776102881.588826,8.587388038635254,IO -> PLC,6.11365
1776102881.6048253,8.603387355804443,IO -> PLC,4.47837
1776102881.6208246,8.619386672973633,IO -> PLC,2.89037
1776102881.636825,8.635387182235718,IO -> PLC,1.47933
1776102881.6528244,8.651386499404907,IO -> PLC,1.68013
1776102881.668824,8.667386054992676,IO -> PLC,4.96851
1776102881.6848233,8.683385372161865,IO -> PLC,4.32232
1776102881.7008226,8.699384689331055,IO -> PLC,2.99945
1776102881.716823,8.71538519859314,IO -> PLC,1.24048
1776102881.7328224,8.731384515762329,IO -> PLC,6.41182
1776102881.748822,8.747384071350098,IO -> PLC,3.19151
1776102881.7648213,8.763383388519287,IO -> PLC,3.2971
1776102881.7808218,8.779383897781372,IO -> PLC,1.88183
1776102881.796821,8.795383214950562,IO -> PLC,1.02786
1776102881.8128204,8.811382532119751,IO -> PLC,6.17889
1776102881.8288198,8.82738184928894,IO -> PLC,1.11448
1776102881.8448193,8.843381404876709,IO -> PLC,2.93096
1776102881.8608198,8.859381914138794,IO -> PLC,1.64497
1776102881.8768191,8.875381231307983,IO -> PLC,6.90041
1776102881.8928185,8.891380548477173,IO -> PLC,5.80379
1776102881.9088178,8.907379865646362,IO -> PLC,4.30178
1776102881.9248173,8.92337942123413,IO -> PLC,2.72906
1776102881.9408176,8.939379692077637,IO -> PLC,1.4122
1776102881.9568172,8.955379247665405,IO -> PLC,6.22833
1776102881.9728165,8.971378564834595,IO -> PLC,4.65753
1776102881.988816,8.987378120422363,IO -> PLC,3.97868
1776102882.0048163,9.00337839126587,IO -> PLC,0.81173
1776102882.0208156,9.019377708435059,IO -> PLC,1.07373
1776102882.0368152,9.035377264022827,IO -> PLC,5.95659
1776102882.0528145,9.051376581192017,IO -> PLC,4.49428
1776102882.068814,9.067376136779785,IO -> PLC,2.68395
1776102882.0848143,9.083376407623291,IO -> PLC,1.87405
1776102882.1008136,9.09937572479248,IO -> PLC,3.57428
1776102882.1168132,9.115375280380249,IO -> PLC,5.23419
1776102882.1328125,9.131374597549438,IO -> PLC,4.12317
1776102882.148812,9.147374153137207,IO -> PLC,2.21668
1776102882.1648123,9.163374423980713,IO -> PLC,0.94997
1776102882.180812,9.179373979568481,IO -> PLC,2.35314
1776102882.1968112,9.195373296737671,IO -> PLC,4.79644
1776102882.2128105,9.21137261390686,IO -> PLC,3.1326
1776102882.228811,9.227373123168945,IO -> PLC,2.12407
1776102882.2448103,9.243372440338135,IO -> PLC,0.57079
1776102882.26081,9.259371995925903,IO -> PLC,0.73678
1776102882.2768092,9.275371313095093,IO -> PLC,3.96164
1776102882.2928085,9.291370630264282,IO -> PLC,5.28697
1776102882.308809,9.307371139526367,IO -> PLC,3.96587
1776102882.3248084,9.323370456695557,IO -> PLC,2.47923
1776102882.3408077,9.339369773864746,IO -> PLC,0.94539
1776102882.3568072,9.355369329452515,IO -> PLC,1.87014
1776102882.3728065,9.371368646621704,IO -> PLC,4.81746
1776102882.388807,9.387369155883789,IO -> PLC,3.89174
1776102882.4048064,9.403368473052979,IO -> PLC,2.71431
1776102882.4208057,9.419367790222168,IO -> PLC,1.24816
1776102882.4368052,9.435367345809937,IO -> PLC,6.3295
1776102882.4528055,9.451367616653442,IO -> PLC,3.43384
1776102882.468805,9.467367172241211,IO -> PLC,3.95385
1776102882.4848044,9.4833664894104,IO -> PLC,2.39337
1776102882.5008037,9.49936580657959,IO -> PLC,0.98746
1776102882.5168033,9.515365362167358,IO -> PLC,1.66684
1776102882.5328035,9.531365633010864,IO -> PLC,0.96425
1776102882.548803,9.547365188598633,IO -> PLC,6.04158
1776102882.5648024,9.563364505767822,IO -> PLC,4.9316
1776102882.5808017,9.579363822937012,IO -> PLC,3.10575
1776102882.5968022,9.595364332199097,IO -> PLC,2.03906
1776102882.6128016,9.611363649368286,IO -> PLC,3.54752
1776102882.628801,9.627363204956055,IO -> PLC,5.73712
1776102882.6448004,9.643362522125244,IO -> PLC,3.99231
1776102882.6607997,9.659361839294434,IO -> PLC,2.60984
1776102882.6768003,9.675362348556519,IO -> PLC,1.24689
1776102882.6927996,9.691361665725708,IO -> PLC,1.96716
1776102882.7087991,9.707361221313477,IO -> PLC,4.86
1776102882.7247984,9.723360538482666,IO -> PLC,3.71633
1776102882.7407978,9.739359855651855,IO -> PLC,2.31266
1776102882.7567983,9.75536036491394,IO -> PLC,7.18816
1776102882.7727976,9.77135968208313,IO -> PLC,0.94779
1776102882.7887971,9.787359237670898,IO -> PLC,4.18497
1776102882.8047965,9.803358554840088,IO -> PLC,2.92433
1776102882.820797,9.819359064102173,IO -> PLC,1.22561
1776102882.8367963,9.835358381271362,IO -> PLC,5.95269
1776102882.8527956,9.851357698440552,IO -> PLC,4.39742
1776102882.8687952,9.86735725402832,IO -> PLC,2.14987
1776102882.8847945,9.88335657119751,IO -> PLC,1.15981
1776102882.900795,9.899357080459595,IO -> PLC,6.09762
1776102882.9167943,9.915356397628784,IO -> PLC,4.46226
1776102882.9327936,9.931355714797974,IO -> PLC,2.8393
1776102882.948793,9.947355031967163,IO -> PLC,0.9112
1776102882.9647934,9.963355541229248,IO -> PLC,3.16554
1776102882.980793,9.979355096817017,IO -> PLC,4.22109
1776102882.9967923,9.995354413986206,IO -> PLC,3.09391
1776102883.0127916,10.011353731155396,IO -> PLC,1.30502
1776102883.0287912,10.027353286743164,IO -> PLC,6.23284
1776102883.0447915,10.04335355758667,IO -> PLC,1.70879
1776102883.0607908,10.05935287475586,IO -> PLC,3.04324
1776102883.0767903,10.075352430343628,IO -> PLC,1.74796
1776102883.0927896,10.091351747512817,IO -> PLC,0.82135
1776102883.1087892,10.107351303100586,IO -> PLC,6.3
1776102883.1247895,10.123351573944092,IO -> PLC,4.52543
1776102883.1407888,10.139350891113281,IO -> PLC,3.09304
1776102883.1567883,10.15535044670105,IO -> PLC,1.4107
1776102883.1727877,10.17134976387024,IO -> PLC,6.22467
1776102883.1887882,10.187350273132324,IO -> PLC,4.73684
1776102883.2047875,10.203349590301514,IO -> PLC,3.1918
1776102883.220787,10.219349145889282,IO -> PLC,1.57724
1776102883.2367864,10.235348463058472,IO -> PLC,4.95763
1776102883.2527857,10.251347780227661,IO -> PLC,4.66272
1776102883.2687862,10.267348289489746,IO -> PLC,3.16464
1776102883.2847855,10.283347606658936,IO -> PLC,1.70969
1776102883.300785,10.299347162246704,IO -> PLC,6.63342
1776102883.3167844,10.315346479415894,IO -> PLC,2.79852
1776102883.3327837,10.331345796585083,IO -> PLC,3.4479
1776102883.3487842,10.347346305847168,IO -> PLC,1.79925
1776102883.3647835,10.363345623016357,IO -> PLC,6.85003
1776102883.380783,10.379345178604126,IO -> PLC,5.33244
1776102883.3967824,10.395344495773315,IO -> PLC,0.70918
1776102883.412783,10.4113450050354,IO -> PLC,2.44181
1776102883.4287822,10.42734432220459,IO -> PLC,0.84532
1776102883.4447815,10.44334363937378,IO -> PLC,6.35493
1776102883.4607809,10.459342956542969,IO -> PLC,4.73708
1776102883.4767804,10.475342512130737,IO -> PLC,3.62311
1776102883.492781,10.491343021392822,IO -> PLC,2.42408
1776102883.5087802,10.507342338562012,IO -> PLC,0.82152
1776102883.5247796,10.523341655731201,IO -> PLC,5.56804
1776102883.5407789,10.53934097290039,IO -> PLC,4.29318
1776102883.5567784,10.55534052848816,IO -> PLC,3.00719
1776102883.5727787,10.571340799331665,IO -> PLC,0.69332
1776102883.5887783,10.587340354919434,IO -> PLC,3.87386
1776102883.6047776,10.603339672088623,IO -> PLC,5.05974
1776102883.620777,10.619338989257812,IO -> PLC,3.42453
1776102883.6367774,10.635339498519897,IO -> PLC,1.61204
1776102883.6527767,10.651338815689087,IO -> PLC,6.4529
1776102883.6687763,10.667338371276855,IO -> PLC,1.64323
1776102883.6847756,10.683337688446045,IO -> PLC,3.89708
1776102883.7007751,10.699337244033813,IO -> PLC,2.30683
1776102883.7167754,10.71533751487732,IO -> PLC,7.35658
1776102883.7327747,10.731336832046509,IO -> PLC,5.67025
1776102883.7487743,10.747336387634277,IO -> PLC,4.30826
1776102883.7647736,10.763335704803467,IO -> PLC,2.44265
1776102883.780774,10.779336214065552,IO -> PLC,0.88537
1776102883.7967734,10.795335531234741,IO -> PLC,6.85227
1776102883.8127728,10.81133484840393,IO -> PLC,5.11874
1776102883.8287723,10.8273344039917,IO -> PLC,3.45906
1776102883.8447716,10.843333721160889,IO -> PLC,1.74601
1776102883.8607721,10.859334230422974,IO -> PLC,4.6043
1776102883.8767715,10.875333547592163,IO -> PLC,5.19719
1776102883.892771,10.891333103179932,IO -> PLC,3.91616
1776102883.9087703,10.907332420349121,IO -> PLC,2.43056
1776102883.9247696,10.92333173751831,IO -> PLC,7.10021
1776102883.9407701,10.939332246780396,IO -> PLC,2.99706
1776102883.9567695,10.955331563949585,IO -> PLC,3.84101
1776102883.9727688,10.971330881118774,IO -> PLC,2.08899
1776102883.9887683,10.987330436706543,IO -> PLC,6.86408
1776102884.0047688,11.003330945968628,IO -> PLC,5.27592
1776102884.0207682,11.019330263137817,IO -> PLC,3.72672
1776102884.0367675,11.035329580307007,IO -> PLC,2.02608
1776102884.0527668,11.051328897476196,IO -> PLC,6.79621
1776102884.0687664,11.067328453063965,IO -> PLC,5.13827
1776102884.0847666,11.08332872390747,IO -> PLC,4.43584
1776102884.1007662,11.09932827949524,IO -> PLC,2.90088
1776102884.1167655,11.115327596664429,IO -> PLC,1.04967
1776102884.1327648,11.131326913833618,IO -> PLC,6.24078
1776102884.1487644,11.147326469421387,IO -> PLC,4.60332
1776102884.1647646,11.163326740264893,IO -> PLC,2.73147
1776102884.1807642,11.179326295852661,IO -> PLC,1.60837
1776102884.1967635,11.19532561302185,IO -> PLC,1.11602
1776102884.2127628,11.21132493019104,IO -> PLC,4.3888
1776102884.2287633,11.227325439453125,IO -> PLC,4.46672
1776102884.2447627,11.243324756622314,IO -> PLC,2.85711
1776102884.2607622,11.259324312210083,IO -> PLC,1.23831
1776102884.2767615,11.275323629379272,IO -> PLC,6.49062
1776102884.2927608,11.291322946548462,IO -> PLC,2.86173
1776102884.3087614,11.307323455810547,IO -> PLC,3.726
1776102884.3247607,11.323322772979736,IO -> PLC,2.41537
1776102884.3407602,11.339322328567505,IO -> PLC,0.65
1776102884.3567595,11.355321645736694,IO -> PLC,5.55317
1776102884.3727589,11.371320962905884,IO -> PLC,1.05088
1776102884.3887594,11.387321472167969,IO -> PLC,3.19521
1776102884.4047587,11.403320789337158,IO -> PLC,1.86714
1776102884.4207582,11.419320344924927,IO -> PLC,7.0836
1776102884.4367576,11.435319662094116,IO -> PLC,5.34096
1776102884.452758,11.451320171356201,IO -> PLC,3.96161
1776102884.4687574,11.46731948852539,IO -> PLC,2.54873
1776102884.4847567,11.48331880569458,IO -> PLC,2.76802
1776102884.5007563,11.499318361282349,IO -> PLC,1.6334
1776102884.5167556,11.515317678451538,IO -> PLC,3.48298
1776102884.532756,11.531318187713623,IO -> PLC,1.96131
1776102884.5487554,11.547317504882812,IO -> PLC,4.02299
1776102884.5647547,11.563316822052002,IO -> PLC,5.56538
1776102884.580754,11.579316139221191,IO -> PLC,3.74345
1776102884.5967546,11.595316648483276,IO -> PLC,3.10052
1776102884.612754,11.611316204071045,IO -> PLC,1.62205
1776102884.6287534,11.627315521240234,IO -> PLC,2.06862
1776102884.6447527,11.643314838409424,IO -> PLC,4.70665
1776102884.6607523,11.659314393997192,IO -> PLC,3.86109
1776102884.6767526,11.675314664840698,IO -> PLC,2.241
1776102884.692752,11.691313982009888,IO -> PLC,0.92733
1776102884.7087514,11.707313537597656,IO -> PLC,5.60105
1776102884.7247508,11.723312854766846,IO -> PLC,3.62392
1776102884.7407503,11.739312410354614,IO -> PLC,2.983
1776102884.7567506,11.75531268119812,IO -> PLC,1.56085
1776102884.77275,11.77131199836731,IO -> PLC,7.03229
1776102884.7887495,11.787311553955078,IO -> PLC,6.12815
1776102884.8047488,11.803310871124268,IO -> PLC,2.43885
1776102884.8207493,11.819311380386353,IO -> PLC,2.98671
1776102884.8367486,11.835310697555542,IO -> PLC,1.65968
1776102884.8527482,11.85131025314331,IO -> PLC,6.79127
1776102884.8687475,11.8673095703125,IO -> PLC,5.48888
1776102884.8847468,11.88330888748169,IO -> PLC,2.14263
1776102884.9007473,11.899309396743774,IO -> PLC,3.13995
1776102884.9167466,11.915308713912964,IO -> PLC,1.09913
1776102884.9327462,11.931308269500732,IO -> PLC,6.50201
1776102884.9487455,11.947307586669922,IO -> PLC,4.83817
1776102884.9647448,11.963306903839111,IO -> PLC,3.37176
1776102884.9807453,11.979307413101196,IO -> PLC,1.73256
1776102884.9967446,11.995306730270386,IO -> PLC,0.99644
1776102885.0127442,12.011306285858154,IO -> PLC,1.1162
1776102885.0287435,12.027305603027344,IO -> PLC,7.14279
1776102885.044744,12.043306112289429,IO -> PLC,5.43597
1776102885.0607433,12.059305429458618,IO -> PLC,1.76612
1776102885.0767426,12.075304746627808,IO -> PLC,2.25453
1776102885.092742,12.091304063796997,IO -> PLC,0.92238
1776102885.1087415,12.107303619384766,IO -> PLC,6.44295
1776102885.124742,12.12330412864685,IO -> PLC,5.28497
1776102885.1407413,12.13930344581604,IO -> PLC,0.5921
1776102885.1567407,12.15530276298523,IO -> PLC,2.18144
1776102885.17274,12.171302080154419,IO -> PLC,1.00594
1776102885.1887405,12.187302589416504,IO -> PLC,6.13761
1776102885.2047398,12.203301906585693,IO -> PLC,4.72762
1776102885.2207394,12.219301462173462,IO -> PLC,3.43235
1776102885.2367387,12.235300779342651,IO -> PLC,1.9221
1776102885.252738,12.25130009651184,IO -> PLC,1.0731
1776102885.2687385,12.267300605773926,IO -> PLC,6.79463
1776102885.2847378,12.283299922943115,IO -> PLC,5.59977
1776102885.3007374,12.299299478530884,IO -> PLC,4.07505
1776102885.3167367,12.315298795700073,IO -> PLC,2.60769
1776102885.3327363,12.331298351287842,IO -> PLC,1.38099
1776102885.3487365,12.347298622131348,IO -> PLC,6.48201
1776102885.3647358,12.363297939300537,IO -> PLC,5.08418
1776102885.3807354,12.379297494888306,IO -> PLC,10.17473
1776102885.3967347,12.395296812057495,IO -> PLC,2.10147
1776102885.4127352,12.41129732131958,IO -> PLC,0.65467
1776102885.4287345,12.42729663848877,IO -> PLC,4.51747
1776102885.4447339,12.443295955657959,IO -> PLC,4.09345
1776102885.4607334,12.459295511245728,IO -> PLC,2.45633
1776102885.4767327,12.475294828414917,IO -> PLC,0.91305
1776102885.4927332,12.491295337677002,IO -> PLC,1.23698
1776102885.5087326,12.507294654846191,IO -> PLC,4.17397
1776102885.524732,12.52329421043396,IO -> PLC,2.37676
1776102885.5407314,12.53929352760315,IO -> PLC,0.82956
1776102885.5567307,12.555292844772339,IO -> PLC,5.69906
1776102885.5727313,12.571293354034424,IO -> PLC,4.50116
1776102885.5887306,12.587292671203613,IO -> PLC,2.65619
1776102885.60473,12.603291988372803,IO -> PLC,1.6822
1776102885.6207294,12.619291543960571,IO -> PLC,6.29561
1776102885.6367297,12.635291814804077,IO -> PLC,4.98506
1776102885.6527293,12.651291370391846,IO -> PLC,3.4665
1776102885.6687286,12.667290687561035,IO -> PLC,0.60461
1776102885.684728,12.683290004730225,IO -> PLC,3.96042
1776102885.7007275,12.699289560317993,IO -> PLC,5.84058
1776102885.7167277,12.715289831161499,IO -> PLC,4.2689
1776102885.7327273,12.731289386749268,IO -> PLC,2.35081
1776102885.7487266,12.747288703918457,IO -> PLC,0.9593
1776102885.764726,12.763288021087646,IO -> PLC,2.12606
1776102885.7807255,12.779287576675415,IO -> PLC,4.52527
1776102885.7967257,12.795287847518921,IO -> PLC,3.52298
1776102885.8127253,12.81128740310669,IO -> PLC,2.28812
1776102885.8287246,12.827286720275879,IO -> PLC,0.86476
1776102885.844724,12.843286037445068,IO -> PLC,2.68484
1776102885.8607244,12.859286546707153,IO -> PLC,4.08049
1776102885.8767238,12.875285863876343,IO -> PLC,2.77186
1776102885.8927233,12.891285419464111,IO -> PLC,3.35468
1776102885.9087226,12.9072847366333,IO -> PLC,1.95709
1776102885.924722,12.92328405380249,IO -> PLC,0.6167
1776102885.9407225,12.939284563064575,IO -> PLC,3.94612
1776102885.9567218,12.955283880233765,IO -> PLC,3.44936
1776102885.9727213,12.971283435821533,IO -> PLC,1.75672
1776102885.9887207,12.987282752990723,IO -> PLC,6.69486
1776102886.0047212,13.003283262252808,IO -> PLC,5.00533
1776102886.0207205,13.019282579421997,IO -> PLC,2.03383
1776102886.0367198,13.035281896591187,IO -> PLC,1.59356
1776102886.0527194,13.051281452178955,IO -> PLC,6.45985
1776102886.0687187,13.067280769348145,IO -> PLC,4.72024
1776102886.0847192,13.08328127861023,IO -> PLC,4.06692
1776102886.1007185,13.099280595779419,IO -> PLC,2.61909
1776102886.1167178,13.115279912948608,IO -> PLC,0.90188
1776102886.1327174,13.131279468536377,IO -> PLC,6.18804
1776102886.1487167,13.147278785705566,IO -> PLC,5.00861
1776102886.1647172,13.163279294967651,IO -> PLC,3.30468
1776102886.1807165,13.17927861213684,IO -> PLC,1.81493
1776102886.1967158,13.19527792930603,IO -> PLC,0.66791
1776102886.2127151,13.21127724647522,IO -> PLC,4.83193
1776102886.2287157,13.227277755737305,IO -> PLC,4.22981
1776102886.2447152,13.243277311325073,IO -> PLC,2.78917
1776102886.2607145,13.259276628494263,IO -> PLC,1.22253
1776102886.2767138,13.275275945663452,IO -> PLC,6.16979
1776102886.2927132,13.291275262832642,IO -> PLC,2.96396
1776102886.3087137,13.307275772094727,IO -> PLC,3.23012
1776102886.324713,13.323275089263916,IO -> PLC,1.49747
1776102886.3407125,13.339274644851685,IO -> PLC,6.19175
1776102886.3567119,13.355273962020874,IO -> PLC,4.83608
1776102886.3727114,13.371273517608643,IO -> PLC,1.32296
1776102886.3887117,13.387273788452148,IO -> PLC,1.76633
1776102886.404711,13.403273105621338,IO -> PLC,6.984
1776102886.4207106,13.419272661209106,IO -> PLC,5.90585
1776102886.43671,13.435271978378296,IO -> PLC,4.53578
1776102886.4527104,13.45127248764038,IO -> PLC,3.14619
1776102886.4687097,13.46727180480957,IO -> PLC,2.23478
1776102886.484709,13.48327112197876,IO -> PLC,0.72567
1776102886.5007086,13.499270677566528,IO -> PLC,6.15414
1776102886.516708,13.515269994735718,IO -> PLC,0.90413
1776102886.5327084,13.531270503997803,IO -> PLC,0.60331
1776102886.5487077,13.547269821166992,IO -> PLC,3.70104
1776102886.5647073,13.56326937675476,IO -> PLC,2.57771
1776102886.5807066,13.57926869392395,IO -> PLC,1.06243
1776102886.596706,13.59526801109314,IO -> PLC,6.40586
1776102886.6127064,13.611268520355225,IO -> PLC,5.00202
1776102886.6287057,13.627267837524414,IO -> PLC,1.76939
1776102886.6447053,13.643267393112183,IO -> PLC,1.64546
1776102886.6607046,13.659266710281372,IO -> PLC,6.2815
1776102886.676705,13.675266981124878,IO -> PLC,4.69334
1776102886.6927044,13.691266536712646,IO -> PLC,3.41543
1776102886.7087038,13.707265853881836,IO -> PLC,1.66342
1776102886.724703,13.723265171051025,IO -> PLC,3.29805
1776102886.7407026,13.739264726638794,IO -> PLC,4.70506
1776102886.7567031,13.755265235900879,IO -> PLC,3.19163
1776102886.7727025,13.771264553070068,IO -> PLC,1.80531
1776102886.7887018,13.787263870239258,IO -> PLC,7.0033
1776102886.804701,13.803263187408447,IO -> PLC,1.60808
1776102886.8207016,13.819263696670532,IO -> PLC,3.73497
1776102886.836701,13.835263013839722,IO -> PLC,1.91648
1776102886.8527005,13.85126256942749,IO -> PLC,6.74277
1776102886.8686998,13.86726188659668,IO -> PLC,4.94988
1776102886.884699,13.88326120376587,IO -> PLC,3.63501
1776102886.9006996,13.899261713027954,IO -> PLC,1.70099
1776102886.916699,13.915261030197144,IO -> PLC,5.84645
1776102886.9326985,13.931260585784912,IO -> PLC,5.10185
1776102886.9486978,13.947259902954102,IO -> PLC,3.32832
1776102886.9646971,13.963259220123291,IO -> PLC,1.85696
1776102886.9806976,13.979259729385376,IO -> PLC,0.84755
1776102886.996697,13.995259046554565,IO -> PLC,4.04568
1776102887.0126965,14.011258602142334,IO -> PLC,3.54285
1776102887.0286958,14.027257919311523,IO -> PLC,2.0747
1776102887.0446963,14.043258428573608,IO -> PLC,6.86019
1776102887.0606956,14.059257745742798,IO -> PLC,5.34355
1776102887.076695,14.075257062911987,IO -> PLC,2.10171
1776102887.0926945,14.091256618499756,IO -> PLC,2.61173
1776102887.1086938,14.107255935668945,IO -> PLC,1.28678
1776102887.1246943,14.12325644493103,IO -> PLC,6.01579
1776102887.1406937,14.13925576210022,IO -> PLC,4.5649
1776102887.156693,14.15525507926941,IO -> PLC,1.1685
1776102887.1726925,14.171254634857178,IO -> PLC,1.37834
1776102887.1886928,14.187254905700684,IO -> PLC,6.54361
1776102887.2046924,14.203254461288452,IO -> PLC,5.01905
1776102887.2206917,14.219253778457642,IO -> PLC,3.43809
1776102887.236691,14.235253095626831,IO -> PLC,1.8284
1776102887.2526906,14.2512526512146,IO -> PLC,2.22609
1776102887.2686908,14.267252922058105,IO -> PLC,5.48952
1776102887.2846904,14.283252477645874,IO -> PLC,4.23633
1776102887.3006897,14.299251794815063,IO -> PLC,3.13963
1776102887.316689,14.315251111984253,IO -> PLC,1.40203
1776102887.3326886,14.331250667572021,IO -> PLC,1.82939
1776102887.3486888,14.347250938415527,IO -> PLC,5.07353
1776102887.3646884,14.363250494003296,IO -> PLC,3.44225
1776102887.3806877,14.379249811172485,IO -> PLC,1.93705
1776102887.396687,14.395249128341675,IO -> PLC,0.78323
1776102887.4126875,14.41124963760376,IO -> PLC,5.84714
1776102887.4286869,14.42724895477295,IO -> PLC,3.03547
1776102887.4446862,14.443248271942139,IO -> PLC,3.21355
1776102887.4606857,14.459247827529907,IO -> PLC,1.57939
1776102887.476685,14.475247144699097,IO -> PLC,6.57889
1776102887.4926856,14.491247653961182,IO -> PLC,5.40451
1776102887.5086849,14.507246971130371,IO -> PLC,1.67001
1776102887.5246844,14.52324652671814,IO -> PLC,2.01929
1776102887.5406837,14.539245843887329,IO -> PLC,6.81894
1776102887.556683,14.555245161056519,IO -> PLC,5.23694
1776102887.5726836,14.571245670318604,IO -> PLC,3.65286
1776102887.588683,14.587244987487793,IO -> PLC,2.28391
1776102887.6046824,14.603244543075562,IO -> PLC,0.77975
1776102887.6206818,14.619243860244751,IO -> PLC,5.40235
1776102887.636682,14.635244131088257,IO -> PLC,3.71691
1776102887.6526816,14.651243686676025,IO -> PLC,2.03762
1776102887.668681,14.667243003845215,IO -> PLC,7.06168
1776102887.6846805,14.683242559432983,IO -> PLC,2.62475
1776102887.7006798,14.699241876602173,IO -> PLC,4.09528
1776102887.7166803,14.715242385864258,IO -> PLC,2.13031
1776102887.7326796,14.731241703033447,IO -> PLC,7.24973
1776102887.748679,14.747241020202637,IO -> PLC,5.55493
1776102887.7646785,14.763240575790405,IO -> PLC,0.82614
1776102887.7806778,14.779239892959595,IO -> PLC,2.07763
1776102887.7966783,14.79524040222168,IO -> PLC,1.14901
1776102887.8126776,14.81123971939087,IO -> PLC,1.4951
1776102887.828677,14.827239036560059,IO -> PLC,6.63277
1776102887.8446763,14.843238353729248,IO -> PLC,5.01109
1776102887.8606768,14.859238862991333,IO -> PLC,2.60465
1776102887.8766763,14.875238418579102,IO -> PLC,2.0251
1776102887.8926756,14.891237735748291,IO -> PLC,6.72866
1776102887.908675,14.90723705291748,IO -> PLC,5.68004
1776102887.9246743,14.92323637008667,IO -> PLC,3.85635
1776102887.9406748,14.939236879348755,IO -> PLC,0.78772
1776102887.956674,14.955236196517944,IO -> PLC,3.80873
1776102887.9726737,14.971235752105713,IO -> PLC,5.37247
1776102887.988673,14.987235069274902,IO -> PLC,3.99632
1776102888.0046735,15.003235578536987,IO -> PLC,2.46336
1776102888.0206728,15.019234895706177,IO -> PLC,6.92012
1776102888.036672,15.035234212875366,IO -> PLC,1.66291
1776102888.0526717,15.051233768463135,IO -> PLC,3.66923
1776102888.068671,15.067233085632324,IO -> PLC,2.09826
1776102888.0846715,15.08323359489441,IO -> PLC,7.61603
1776102888.1006708,15.099232912063599,IO -> PLC,6.41901
1776102888.1166701,15.115232229232788,IO -> PLC,4.90261
1776102888.1326697,15.131231784820557,IO -> PLC,2.64786
1776102888.148669,15.147231101989746,IO -> PLC,1.9863
1776102888.1646695,15.163231611251831,IO -> PLC,6.93459
1776102888.1806688,15.17923092842102,IO -> PLC,5.27771
1776102888.1966684,15.195230484008789,IO -> PLC,3.50626
1776102888.2126677,15.211229801177979,IO -> PLC,2.04618
1776102888.228668,15.227230072021484,IO -> PLC,2.5646
1776102888.2446675,15.243229627609253,IO -> PLC,5.17583
1776102888.2606668,15.259228944778442,IO -> PLC,3.37589
1776102888.2766664,15.275228500366211,IO -> PLC,1.87454
1776102888.2926657,15.2912278175354,IO -> PLC,6.77787
1776102888.308666,15.307228088378906,IO -> PLC,0.86024
1776102888.3246655,15.323227643966675,IO -> PLC,3.54323
1776102888.3406649,15.339226961135864,IO -> PLC,2.00227
1776102888.3566642,15.355226278305054,IO -> PLC,6.9904
1776102888.3726637,15.371225833892822,IO -> PLC,5.43609
1776102888.3886642,15.387226343154907,IO -> PLC,4.12138
1776102888.4046636,15.403225660324097,IO -> PLC,2.06824
1776102888.4206629,15.419224977493286,IO -> PLC,1.4602
1776102888.4366622,15.435224294662476,IO -> PLC,6.32138
1776102888.4526627,15.45122480392456,IO -> PLC,4.9913
1776102888.468662,15.46722412109375,IO -> PLC,4.22222
1776102888.4846616,15.483223676681519,IO -> PLC,3.30289
1776102888.500661,15.499222993850708,IO -> PLC,2.18059
1776102888.5166602,15.515222311019897,IO -> PLC,3.79457
1776102888.5326607,15.531222820281982,IO -> PLC,2.17576
1776102888.54866,15.547222137451172,IO -> PLC,0.84265
1776102888.5646596,15.56322169303894,IO -> PLC,1.36195
1776102888.580659,15.57922101020813,IO -> PLC,4.256
1776102888.5966582,15.59522032737732,IO -> PLC,3.47683
1776102888.6126587,15.611220836639404,IO -> PLC,1.84979
1776102888.628658,15.627220153808594,IO -> PLC,6.53167
1776102888.6446576,15.643219709396362,IO -> PLC,4.86262
1776102888.660657,15.659219026565552,IO -> PLC,2.47387
1776102888.6766574,15.675219535827637,IO -> PLC,1.71095
1776102888.6926568,15.691218852996826,IO -> PLC,6.35803
1776102888.708656,15.707218170166016,IO -> PLC,4.80483
1776102888.7246556,15.723217725753784,IO -> PLC,3.17786
1776102888.740655,15.739217042922974,IO -> PLC,1.62642
1776102888.7566555,15.755217552185059,IO -> PLC,3.83676
1776102888.7726548,15.771216869354248,IO -> PLC,5.4813
1776102888.788654,15.787216186523438,IO -> PLC,4.23508
1776102888.8046536,15.803215742111206,IO -> PLC,2.70012
1776102888.820654,15.819216012954712,IO -> PLC,1.16235
1776102888.8366535,15.83521556854248,IO -> PLC,1.66621
1776102888.8526528,15.85121488571167,IO -> PLC,4.52969
1776102888.868652,15.86721420288086,IO -> PLC,2.99058
1776102888.8846517,15.883213758468628,IO -> PLC,1.72291
1776102888.900652,15.899214029312134,IO -> PLC,6.8001
1776102888.9166515,15.915213584899902,IO -> PLC,5.62266
1776102888.9326508,15.931212902069092,IO -> PLC,2.91941
1776102888.9486501,15.947212219238281,IO -> PLC,2.35938
1776102888.9646494,15.96321153640747,IO -> PLC,0.82242
1776102888.98065,15.979212045669556,IO -> PLC,6.12194
1776102888.9966495,15.995211601257324,IO -> PLC,4.56138
1776102889.0126488,16.011210918426514,IO -> PLC,1.03888
1776102889.0286481,16.027210235595703,IO -> PLC,1.91851
1776102889.0446486,16.043210744857788,IO -> PLC,6.82801
1776102889.060648,16.059210062026978,IO -> PLC,5.23369
1776102889.0766473,16.075209379196167,IO -> PLC,4.00603
1776102889.0926468,16.091208934783936,IO -> PLC,3.05054
1776102889.1086462,16.107208251953125,IO -> PLC,1.65397
1776102889.1246467,16.12320876121521,IO -> PLC,5.3847
1776102889.140646,16.1392080783844,IO -> PLC,4.91379
1776102889.1566453,16.15520739555359,IO -> PLC,3.69533
1776102889.1726449,16.171206951141357,IO -> PLC,1.89636
1776102889.1886451,16.187207221984863,IO -> PLC,0.58156
1776102889.2046447,16.203206777572632,IO -> PLC,3.61897
1776102889.220644,16.21920609474182,IO -> PLC,4.41356
1776102889.2366436,16.23520565032959,IO -> PLC,2.53267
1776102889.2526429,16.25120496749878,IO -> PLC,0.99379
1776102889.2686431,16.267205238342285,IO -> PLC,5.85896
1776102889.2846427,16.283204793930054,IO -> PLC,1.94837
1776102889.300642,16.299204111099243,IO -> PLC,3.30946
1776102889.3166416,16.31520366668701,IO -> PLC,1.49385
1776102889.332641,16.3312029838562,IO -> PLC,6.55591
1776102889.3486412,16.347203254699707,IO -> PLC,5.21241
1776102889.3646407,16.363202810287476,IO -> PLC,3.60272
1776102889.38064,16.379202127456665,IO -> PLC,1.90103
1776102889.3966396,16.395201683044434,IO -> PLC,0.62208
1776102889.4126399,16.41120195388794,IO -> PLC,5.4699
1776102889.4286394,16.427201509475708,IO -> PLC,4.04783
1776102889.4446387,16.443200826644897,IO -> PLC,2.78216
1776102889.460638,16.459200143814087,IO -> PLC,1.31905
1776102889.4766374,16.475199460983276,IO -> PLC,6.61751
1776102889.4926379,16.49119997024536,IO -> PLC,5.62026
1776102889.5086374,16.50719952583313,IO -> PLC,4.21739
1776102889.5246367,16.52319884300232,IO -> PLC,2.80235
1776102889.540636,16.53919816017151,IO -> PLC,1.21819
1776102889.5566354,16.5551974773407,IO -> PLC,4.98076
1776102889.572636,16.571197986602783,IO -> PLC,4.5784
1776102889.5886352,16.587197303771973,IO -> PLC,3.46219
1776102889.6046348,16.60319685935974,IO -> PLC,1.99787
1776102889.620634,16.61919617652893,IO -> PLC,6.49783
1776102889.6366346,16.635196685791016,IO -> PLC,3.78018
1776102889.652634,16.651196002960205,IO -> PLC,3.46168
1776102889.6686332,16.667195320129395,IO -> PLC,2.2728
1776102889.6846328,16.683194875717163,IO -> PLC,7.37799
1776102889.700632,16.699194192886353,IO -> PLC,5.86351
1776102889.7166326,16.715194702148438,IO -> PLC,2.62472
1776102889.732632,16.731194019317627,IO -> PLC,2.79064
1776102889.7486312,16.747193336486816,IO -> PLC,1.14303
1776102889.7646308,16.763192892074585,IO -> PLC,6.33206
1776102889.78063,16.779192209243774,IO -> PLC,4.49308
1776102889.7966306,16.79519271850586,IO -> PLC,3.3307
1776102889.81263,16.81119203567505,IO -> PLC,2.1132
1776102889.8286293,16.82719135284424,IO -> PLC,5.47039
1776102889.8446288,16.843190908432007,IO -> PLC,5.32597
1776102889.860629,16.859191179275513,IO -> PLC,3.94173
1776102889.8766286,16.87519073486328,IO -> PLC,2.4979
1776102889.892628,16.89119005203247,IO -> PLC,0.94054
1776102889.9086273,16.90718936920166,IO -> PLC,3.96883
1776102889.9246268,16.92318892478943,IO -> PLC,4.65485
1776102889.940627,16.939189195632935,IO -> PLC,3.0995
1776102889.9566267,16.955188751220703,IO -> PLC,1.74278
1776102889.972626,16.971188068389893,IO -> PLC,6.73828
1776102889.9886253,16.987187385559082,IO -> PLC,1.97765
1776102890.0046258,17.003187894821167,IO -> PLC,4.14966
1776102890.020625,17.019187211990356,IO -> PLC,2.72431
1776102890.0366247,17.035186767578125,IO -> PLC,1.21392
1776102890.052624,17.051186084747314,IO -> PLC,6.35573
1776102890.0686233,17.067185401916504,IO -> PLC,5.05639
1776102890.0846238,17.08318591117859,IO -> PLC,3.05685
1776102890.1006231,17.09918522834778,IO -> PLC,3.18373
1776102890.1166227,17.115184783935547,IO -> PLC,1.74093
1776102890.132622,17.131184101104736,IO -> PLC,0.63735
1776102890.1486213,17.147183418273926,IO -> PLC,5.60908
1776102890.1646218,17.16318392753601,IO -> PLC,1.99947
1776102890.1806211,17.1791832447052,IO -> PLC,1.94522
1776102890.1966205,17.19518256187439,IO -> PLC,7.43955
1776102890.21262,17.211182117462158,IO -> PLC,5.68642
1776102890.2286205,17.227182626724243,IO -> PLC,4.45042
1776102890.2446198,17.243181943893433,IO -> PLC,2.73722
1776102890.2606192,17.259181261062622,IO -> PLC,1.12154
1776102890.2766187,17.27518081665039,IO -> PLC,6.84299
1776102890.292618,17.29118013381958,IO -> PLC,5.39628
1776102890.3086183,17.307180404663086,IO -> PLC,3.9474
1776102890.3246179,17.323179960250854,IO -> PLC,2.14203
1776102890.3406172,17.339179277420044,IO -> PLC,0.69211
1776102890.3566167,17.355178833007812,IO -> PLC,5.26775
1776102890.372616,17.371178150177002,IO -> PLC,3.65903
1776102890.3886163,17.387178421020508,IO -> PLC,2.2224
1776102890.4046159,17.403177976608276,IO -> PLC,0.88313
1776102890.4206152,17.419177293777466,IO -> PLC,5.31821
1776102890.4366148,17.435176849365234,IO -> PLC,3.66059
1776102890.452615,17.45117712020874,IO -> PLC,2.30692
1776102890.4686146,17.46717667579651,IO -> PLC,1.32391
1776102890.484614,17.4831759929657,IO -> PLC,6.24469
1776102890.5006132,17.499175310134888,IO -> PLC,1.31621
1776102890.5166128,17.515174865722656,IO -> PLC,5.97562
1776102890.532613,17.531175136566162,IO -> PLC,5.03564
1776102890.5486126,17.54717469215393,IO -> PLC,3.18427
1776102890.564612,17.56317400932312,IO -> PLC,1.59203
1776102890.5806112,17.57917332649231,IO -> PLC,0.62254
1776102890.5966105,17.5951726436615,IO -> PLC,3.34241
1776102890.612611,17.611173152923584,IO -> PLC,4.11459
1776102890.6286106,17.627172708511353,IO -> PLC,4.22123
1776102890.64461,17.643172025680542,IO -> PLC,2.77739
1776102890.6606092,17.65917134284973,IO -> PLC,1.07371
1776102890.6766098,17.675171852111816,IO -> PLC,1.34619
1776102890.692609,17.691171169281006,IO -> PLC,4.50449
1776102890.7086084,17.707170486450195,IO -> PLC,3.84724
1776102890.724608,17.723170042037964,IO -> PLC,2.33981
1776102890.7406073,17.739169359207153,IO -> PLC,0.85637
1776102890.7566078,17.75516986846924,IO -> PLC,5.69899
1776102890.772607,17.771169185638428,IO -> PLC,3.36743
1776102890.7886064,17.787168502807617,IO -> PLC,3.38591
1776102890.804606,17.803168058395386,IO -> PLC,1.68214
1776102890.8206062,17.81916832923889,IO -> PLC,6.37634
1776102890.8366058,17.83516788482666,IO -> PLC,4.79018
1776102890.852605,17.85116720199585,IO -> PLC,0.93591
1776102890.8686044,17.86716651916504,IO -> PLC,2.14644
1776102890.884604,17.883166074752808,IO -> PLC,7.45924
1776102890.9006042,17.899166345596313,IO -> PLC,5.87716
1776102890.9166038,17.915165901184082,IO -> PLC,4.80109
1776102890.9326031,17.93116521835327,IO -> PLC,2.88412
1776102890.9486027,17.94716477394104,IO -> PLC,1.39756
1776102890.964602,17.96316409111023,IO -> PLC,4.79035
1776102890.9806023,17.979164361953735,IO -> PLC,4.80674
1776102890.9966018,17.995163917541504,IO -> PLC,3.79829
1776102891.0126011,18.011163234710693,IO -> PLC,2.43629
1776102891.0286007,18.027162790298462,IO -> PLC,0.80101
1776102891.044601,18.043163061141968,IO -> PLC,3.07774
1776102891.0606003,18.059162378311157,IO -> PLC,4.00858
1776102891.0765998,18.075161933898926,IO -> PLC,2.58019
1776102891.0925992,18.091161251068115,IO -> PLC,1.09139
1776102891.1085985,18.107160568237305,IO -> PLC,6.52498
1776102891.124599,18.12316107749939,IO -> PLC,1.50234
1776102891.1405985,18.139160633087158,IO -> PLC,3.43058
1776102891.1565979,18.155159950256348,IO -> PLC,1.92139
1776102891.1725972,18.171159267425537,IO -> PLC,7.1329
1776102891.1885965,18.187158584594727,IO -> PLC,5.69011
1776102891.204597,18.20315909385681,IO -> PLC,4.0969
1776102891.2205963,18.219158411026,IO -> PLC,2.75035
1776102891.2365959,18.23515796661377,IO -> PLC,1.14771
1776102891.2525952,18.25115728378296,IO -> PLC,5.9128
1776102891.2685957,18.267157793045044,IO -> PLC,4.41176
1776102891.284595,18.283157110214233,IO -> PLC,3.16554
1776102891.3005943,18.299156427383423,IO -> PLC,1.14847
1776102891.316594,18.31515598297119,IO -> PLC,4.35789
1776102891.3325932,18.33115530014038,IO -> PLC,4.75326
1776102891.3485937,18.347155809402466,IO -> PLC,3.18254
1776102891.364593,18.363155126571655,IO -> PLC,1.59318
1776102891.3805923,18.379154443740845,IO -> PLC,6.88461
1776102891.396592,18.395153999328613,IO -> PLC,2.47039
1776102891.4125922,18.41115427017212,IO -> PLC,3.93781
1776102891.4285917,18.427153825759888,IO -> PLC,2.40589
1776102891.444591,18.443153142929077,IO -> PLC,1.29088
1776102891.4605904,18.459152460098267,IO -> PLC,6.07517
1776102891.47659,18.475152015686035,IO -> PLC,0.99421
1776102891.4925902,18.49115228652954,IO -> PLC,3.78992
1776102891.5085897,18.50715184211731,IO -> PLC,2.15151
1776102891.524589,18.5231511592865,IO -> PLC,0.79481
1776102891.5405884,18.53915047645569,IO -> PLC,5.43797
1776102891.556588,18.555150032043457,IO -> PLC,3.98606
1776102891.5725882,18.571150302886963,IO -> PLC,2.20229
1776102891.5885878,18.58714985847473,IO -> PLC,1.02886
1776102891.604587,18.60314917564392,IO -> PLC,5.75483
1776102891.6205864,18.61914849281311,IO -> PLC,4.24243
1776102891.636587,18.635149002075195,IO -> PLC,2.52338
1776102891.6525862,18.651148319244385,IO -> PLC,1.21988
1776102891.6685858,18.667147874832153,IO -> PLC,3.6019
1776102891.684585,18.683147192001343,IO -> PLC,4.81858
1776102891.7005844,18.699146509170532,IO -> PLC,3.2489
1776102891.716585,18.715147018432617,IO -> PLC,1.30528
1776102891.7325842,18.731146335601807,IO -> PLC,6.50135
1776102891.7485838,18.747145891189575,IO -> PLC,1.576
1776102891.764583,18.763145208358765,IO -> PLC,3.30759
1776102891.7805824,18.779144525527954,IO -> PLC,1.62238
1776102891.796583,18.79514503479004,IO -> PLC,7.02941
1776102891.8125823,18.81114435195923,IO -> PLC,5.44637
1776102891.8285816,18.827143669128418,IO -> PLC,3.30531
1776102891.8445811,18.843143224716187,IO -> PLC,2.3907
1776102891.8605816,18.85914373397827,IO -> PLC,0.82006
1776102891.876581,18.87514305114746,IO -> PLC,5.50835
1776102891.8925803,18.89114236831665,IO -> PLC,4.40036
1776102891.9085796,18.90714168548584,IO -> PLC,1.47998
1776102891.9245791,18.92314124107361,IO -> PLC,1.32748
1776102891.9405794,18.939141511917114,IO -> PLC,1.55493
1776102891.956579,18.955141067504883,IO -> PLC,6.38338
1776102891.9725783,18.971140384674072,IO -> PLC,4.73178
1776102891.9885778,18.98713994026184,IO -> PLC,3.69043
1776102892.0045772,19.00313925743103,IO -> PLC,1.35592
1776102892.0205774,19.019139528274536,IO -> PLC,4.34509
1776102892.036577,19.035139083862305,IO -> PLC,5.40313
1776102892.0525763,19.051138401031494,IO -> PLC,3.71656
1776102892.0685759,19.067137956619263,IO -> PLC,2.40482
1776102892.0845761,19.08313822746277,IO -> PLC,0.7124
1776102892.1005754,19.099137544631958,IO -> PLC,2.12574
1776102892.116575,19.115137100219727,IO -> PLC,4.83025
1776102892.1325743,19.131136417388916,IO -> PLC,4.2099
1776102892.1485739,19.147135972976685,IO -> PLC,2.65326
1776102892.1645741,19.16313624382019,IO -> PLC,1.10806
1776102892.1805737,19.17913579940796,IO -> PLC,0.67122
1776102892.196573,19.19513511657715,IO -> PLC,3.76384
1776102892.2125723,19.211134433746338,IO -> PLC,3.45982
1776102892.2285728,19.227134943008423,IO -> PLC,2.04262
1776102892.2445722,19.243134260177612,IO -> PLC,7.27574
1776102892.2605717,19.25913381576538,IO -> PLC,5.68518
1776102892.276571,19.27513313293457,IO -> PLC,1.95003
1776102892.2925704,19.29113245010376,IO -> PLC,3.66738
1776102892.3085709,19.307132959365845,IO -> PLC,2.35963
1776102892.3245702,19.323132276535034,IO -> PLC,0.84844
1776102892.3405695,19.339131593704224,IO -> PLC,5.84074
1776102892.356569,19.355131149291992,IO -> PLC,4.46555
1776102892.3725684,19.37113046646118,IO -> PLC,3.21115
1776102892.3885689,19.387130975723267,IO -> PLC,2.03885
1776102892.4045682,19.403130292892456,IO -> PLC,0.83455
1776102892.4205675,19.419129610061646,IO -> PLC,5.94693
1776102892.436567,19.435129165649414,IO -> PLC,4.53382
1776102892.4525673,19.45112943649292,IO -> PLC,2.49628
1776102892.468567,19.46712899208069,IO -> PLC,2.04353
1776102892.4845662,19.483128309249878,IO -> PLC,7.3164
1776102892.5005655,19.499127626419067,IO -> PLC,5.81536
1776102892.516565,19.515127182006836,IO -> PLC,1.89141
1776102892.5325654,19.531127452850342,IO -> PLC,5.04571
1776102892.548565,19.54712700843811,IO -> PLC,4.69649
1776102892.5645642,19.5631263256073,IO -> PLC,2.9936
1776102892.5805635,19.57912564277649,IO -> PLC,1.47607
1776102892.596563,19.595125198364258,IO -> PLC,6.81359
1776102892.6125634,19.611125469207764,IO -> PLC,3.28702
1776102892.628563,19.627125024795532,IO -> PLC,3.73359
1776102892.6445622,19.64312434196472,IO -> PLC,2.172
1776102892.6605616,19.65912365913391,IO -> PLC,7.01885
1776102892.676562,19.675124168395996,IO -> PLC,5.46036
1776102892.6925614,19.691123485565186,IO -> PLC,1.32969
1776102892.708561,19.707123041152954,IO -> PLC,2.40693
1776102892.7245603,19.723122358322144,IO -> PLC,0.71748
1776102892.7405596,19.739121675491333,IO -> PLC,5.73026
1776102892.75656,19.755122184753418,IO -> PLC,4.12466
1776102892.7725594,19.771121501922607,IO -> PLC,3.06092
1776102892.788559,19.787121057510376,IO -> PLC,1.64156
1776102892.8045583,19.803120374679565,IO -> PLC,6.0124
1776102892.8205576,19.819119691848755,IO -> PLC,5.22699
1776102892.836558,19.83512020111084,IO -> PLC,3.75564
1776102892.8525574,19.85111951828003,IO -> PLC,2.01803
1776102892.868557,19.867119073867798,IO -> PLC,1.06277
1776102892.8845563,19.883118391036987,IO -> PLC,4.22611
1776102892.9005568,19.899118900299072,IO -> PLC,4.43203
1776102892.9165561,19.91511821746826,IO -> PLC,3.15404
1776102892.9325554,19.93111753463745,IO -> PLC,1.15939
1776102892.9485548,19.94711685180664,IO -> PLC,6.00856
1776102892.9645543,19.96311640739441,IO -> PLC,2.43663
1776102892.9805548,19.979116916656494,IO -> PLC,2.94375
1776102892.9965541,19.995116233825684,IO -> PLC,1.46928
1776102893.0125535,20.011115550994873,IO -> PLC,6.74719
1776102893.028553,20.02711510658264,IO -> PLC,5.05671
1776102893.0445533,20.043115377426147,IO -> PLC,2.4445
1776102893.0605526,20.059114694595337,IO -> PLC,2.19176
1776102893.0765522,20.075114250183105,IO -> PLC,0.87488
1776102893.0925515,20.091113567352295,IO -> PLC,6.16224
1776102893.108551,20.107113122940063,IO -> PLC,5.36564
1776102893.1245513,20.12311339378357,IO -> PLC,3.90844
1776102893.1405506,20.13911271095276,IO -> PLC,2.48429
1776102893.1565502,20.155112266540527,IO -> PLC,1.05374
1776102893.1725495,20.171111583709717,IO -> PLC,6.33172
1776102893.188549,20.187111139297485,IO -> PLC,5.29654
1776102893.2045493,20.20311141014099,IO -> PLC,4.02984
1776102893.2205489,20.21911096572876,IO -> PLC,2.5636
1776102893.2365482,20.23511028289795,IO -> PLC,0.8424
1776102893.2525475,20.25110960006714,IO -> PLC,5.74862
1776102893.268548,20.267110109329224,IO -> PLC,4.23726
1776102893.2845473,20.283109426498413,IO -> PLC,3.10479
1776102893.300547,20.29910898208618,IO -> PLC,1.34462
1776102893.3165462,20.31510829925537,IO -> PLC,1.13492
1776102893.3325455,20.33110761642456,IO -> PLC,3.88472
1776102893.348546,20.347108125686646,IO -> PLC,2.95491
1776102893.3645453,20.363107442855835,IO -> PLC,1.53884
1776102893.380545,20.379106998443604,IO -> PLC,7.36965
1776102893.3965442,20.395106315612793,IO -> PLC,0.76494
1776102893.4125447,20.411106824874878,IO -> PLC,3.93444
1776102893.428544,20.427106142044067,IO -> PLC,2.7487
1776102893.4445434,20.443105459213257,IO -> PLC,1.84865
1776102893.4605427,20.459104776382446,IO -> PLC,6.78567
1776102893.4765422,20.475104331970215,IO -> PLC,5.54759
1776102893.4925427,20.4911048412323,IO -> PLC,2.71633
1776102893.508542,20.50710415840149,IO -> PLC,2.96434
1776102893.5245414,20.52310347557068,IO -> PLC,2.97481
1776102893.5405407,20.539102792739868,IO -> PLC,1.36809
1776102893.5565403,20.555102348327637,IO -> PLC,6.06654
1776102893.5725405,20.571102619171143,IO -> PLC,0.96814
1776102893.58854,20.58710217475891,IO -> PLC,3.606
1776102893.6045394,20.6031014919281,IO -> PLC,2.09168
1776102893.6205387,20.61910080909729,IO -> PLC,6.99486
1776102893.6365392,20.635101318359375,IO -> PLC,5.48766
1776102893.6525385,20.651100635528564,IO -> PLC,3.99575
1776102893.668538,20.667100191116333,IO -> PLC,3.35587
1776102893.6845374,20.683099508285522,IO -> PLC,2.90007
1776102893.7005367,20.699098825454712,IO -> PLC,1.03446
1776102893.7165372,20.715099334716797,IO -> PLC,6.24189
1776102893.7325366,20.731098651885986,IO -> PLC,4.77574
1776102893.748536,20.747098207473755,IO -> PLC,1.62798
1776102893.7645354,20.763097524642944,IO -> PLC,1.66902
1776102893.780535,20.779097080230713,IO -> PLC,6.83524
1776102893.7965353,20.79509735107422,IO -> PLC,5.2522
1776102893.8125346,20.811096668243408,IO -> PLC,4.43623
1776102893.8285341,20.827096223831177,IO -> PLC,2.84911
1776102893.8445334,20.843095541000366,IO -> PLC,1.27335
1776102893.860534,20.85909605026245,IO -> PLC,6.15909
1776102893.8765333,20.87509536743164,IO -> PLC,4.84038
1776102893.8925326,20.89109468460083,IO -> PLC,3.70143
1776102893.9085321,20.9070942401886,IO -> PLC,2.14207
1776102893.9245315,20.923093557357788,IO -> PLC,0.75888
1776102893.940532,20.939094066619873,IO -> PLC,5.39285
1776102893.9565313,20.955093383789062,IO -> PLC,4.68017
1776102893.9725306,20.971092700958252,IO -> PLC,2.91176
1776102893.9885302,20.98709225654602,IO -> PLC,1.90833
1776102894.0045295,21.00309157371521,IO -> PLC,6.62926
1776102894.02053,21.019092082977295,IO -> PLC,3.12533
1776102894.0365293,21.035091400146484,IO -> PLC,3.72015
1776102894.0525286,21.051090717315674,IO -> PLC,2.51497
1776102894.068528,21.067090034484863,IO -> PLC,0.85929
1776102894.0845284,21.08309054374695,IO -> PLC,6.35649
1776102894.100528,21.099090099334717,IO -> PLC,1.216
1776102894.1165273,21.115089416503906,IO -> PLC,3.49146
1776102894.1325266,21.131088733673096,IO -> PLC,1.9053
1776102894.1485262,21.147088289260864,IO -> PLC,6.93448
1776102894.1645265,21.16308856010437,IO -> PLC,5.3832
1776102894.1805258,21.17908787727356,IO -> PLC,3.59863
1776102894.1965253,21.195087432861328,IO -> PLC,2.45168
1776102894.2125247,21.211086750030518,IO -> PLC,1.00281
1776102894.2285252,21.227087259292603,IO -> PLC,5.98487
1776102894.2445245,21.243086576461792,IO -> PLC,4.23582
1776102894.2605238,21.25908589363098,IO -> PLC,3.13728
1776102894.2765234,21.27508544921875,IO -> PLC,0.70844
1776102894.2925227,21.29108476638794,IO -> PLC,3.64961
1776102894.3085232,21.307085275650024,IO -> PLC,5.23279
1776102894.3245225,21.323084592819214,IO -> PLC,3.69807
1776102894.340522,21.339084148406982,IO -> PLC,2.06071
1776102894.3565214,21.355083465576172,IO -> PLC,6.90556
1776102894.3725207,21.37108278274536,IO -> PLC,5.26108
1776102894.3885212,21.387083292007446,IO -> PLC,2.80656
1776102894.4045205,21.403082609176636,IO -> PLC,2.36828
1776102894.42052,21.419082164764404,IO -> PLC,7.06369
1776102894.4365194,21.435081481933594,IO -> PLC,5.60969
1776102894.4525197,21.4510817527771,IO -> PLC,4.01649
1776102894.4685192,21.467081308364868,IO -> PLC,1.96551
1776102894.4845185,21.483080625534058,IO -> PLC,1.77493
1776102894.500518,21.499080181121826,IO -> PLC,0.60463
1776102894.5165174,21.515079498291016,IO -> PLC,2.35502
1776102894.532518,21.5310800075531,IO -> PLC,0.76462
1776102894.5485172,21.54707932472229,IO -> PLC,4.20573
1776102894.5645165,21.56307864189148,IO -> PLC,4.14028
1776102894.5805159,21.57907795906067,IO -> PLC,2.54195
1776102894.5965154,21.595077514648438,IO -> PLC,1.34989
1776102894.612516,21.611078023910522,IO -> PLC,5.99297
1776102894.6285152,21.627077341079712,IO -> PLC,2.21359
1776102894.6445146,21.6430766582489,IO -> PLC,2.89865
1776102894.6605139,21.65907597541809,IO -> PLC,1.26761
1776102894.6765144,21.675076484680176,IO -> PLC,6.36319
1776102894.6925137,21.691075801849365,IO -> PLC,5.04649
1776102894.7085133,21.707075357437134,IO -> PLC,0.76524
1776102894.7245126,21.723074674606323,IO -> PLC,1.67663
1776102894.740512,21.739073991775513,IO -> PLC,6.20923
1776102894.7565124,21.755074501037598,IO -> PLC,4.70899
1776102894.7725117,21.771073818206787,IO -> PLC,3.57677
1776102894.7885113,21.787073373794556,IO -> PLC,2.44215
1776102894.8045106,21.803072690963745,IO -> PLC,1.20729
1776102894.82051,21.819072008132935,IO -> PLC,5.62004
1776102894.8365104,21.83507251739502,IO -> PLC,4.46189
1776102894.8525097,21.85107183456421,IO -> PLC,2.78893
1776102894.8685093,21.867071390151978,IO -> PLC,1.15244
1776102894.8845086,21.883070707321167,IO -> PLC,6.16627
1776102894.900509,21.899071216583252,IO -> PLC,3.54494
1776102894.9165084,21.91507053375244,IO -> PLC,3.13131
1776102894.9325078,21.93106985092163,IO -> PLC,1.57186
1776102894.9485073,21.9470694065094,IO -> PLC,6.43928
1776102894.9645066,21.96306872367859,IO -> PLC,4.66471
1776102894.9805071,21.979069232940674,IO -> PLC,1.71881
1776102894.9965065,21.995068550109863,IO -> PLC,1.38703
1776102895.0125058,22.011067867279053,IO -> PLC,6.27788
1776102895.0285053,22.02706742286682,IO -> PLC,4.93445
1776102895.0445056,22.043067693710327,IO -> PLC,3.60349
1776102895.0605052,22.059067249298096,IO -> PLC,2.46975
1776102895.0765045,22.075066566467285,IO -> PLC,0.93504
1776102895.0925038,22.091065883636475,IO -> PLC,6.25503
1776102895.1085033,22.107065439224243,IO -> PLC,4.82664
1776102895.1245036,22.12306571006775,IO -> PLC,3.00703
1776102895.1405032,22.139065265655518,IO -> PLC,1.47822
1776102895.1565025,22.155064582824707,IO -> PLC,2.11744
1776102895.1725018,22.171063899993896,IO -> PLC,4.5077
1776102895.1885014,22.187063455581665,IO -> PLC,3.51125
1776102895.2045016,22.20306372642517,IO -> PLC,2.1055
1776102895.2205012,22.21906328201294,IO -> PLC,6.94627
1776102895.2365005,22.23506259918213,IO -> PLC,3.36946
1776102895.2524998,22.25106191635132,IO -> PLC,3.88059
1776102895.2685003,22.267062425613403,IO -> PLC,2.95398
1776102895.2844996,22.283061742782593,IO -> PLC,1.04116
1776102895.300499,22.299061059951782,IO -> PLC,6.40004
1776102895.3164985,22.31506061553955,IO -> PLC,2.24992
1776102895.3324978,22.33105993270874,IO -> PLC,3.38653
1776102895.3484983,22.347060441970825,IO -> PLC,1.82716
1776102895.3644977,22.363059759140015,IO -> PLC,6.89722
1776102895.3804972,22.379059314727783,IO -> PLC,5.22114
1776102895.3964965,22.395058631896973,IO -> PLC,4.02204
1776102895.4124968,22.41105890274048,IO -> PLC,3.18239
1776102895.4284964,22.427058458328247,IO -> PLC,1.48351
1776102895.4444957,22.443057775497437,IO -> PLC,6.97983
1776102895.4604952,22.459057331085205,IO -> PLC,5.33942
1776102895.4764946,22.475056648254395,IO -> PLC,3.93358
1776102895.4924948,22.4910569190979,IO -> PLC,2.41311
1776102895.5084944,22.50705647468567,IO -> PLC,1.40857
1776102895.5244937,22.52305579185486,IO -> PLC,6.27583
1776102895.5404932,22.539055347442627,IO -> PLC,4.63543
1776102895.5564926,22.555054664611816,IO -> PLC,2.9459
1776102895.572493,22.5710551738739,IO -> PLC,1.19724
1776102895.5884924,22.58705449104309,IO -> PLC,4.2377
1776102895.6044917,22.60305380821228,IO -> PLC,4.84188
1776102895.6204913,22.61905336380005,IO -> PLC,3.09195
1776102895.6364915,22.635053634643555,IO -> PLC,1.34914
1776102895.652491,22.651053190231323,IO -> PLC,6.22152
1776102895.6684904,22.667052507400513,IO -> PLC,2.41356
1776102895.6844897,22.683051824569702,IO -> PLC,3.29312
1776102895.700489,22.69905114173889,IO -> PLC,1.94057
1776102895.7164896,22.715051651000977,IO -> PLC,7.08752
1776102895.732489,22.731051206588745,IO -> PLC,5.37231
1776102895.7484884,22.747050523757935,IO -> PLC,2.65378
1776102895.7644877,22.763049840927124,IO -> PLC,2.27895
1776102895.780487,22.779049158096313,IO -> PLC,7.51509
1776102895.7964876,22.7950496673584,IO -> PLC,6.0395
1776102895.812487,22.811048984527588,IO -> PLC,4.82304
1776102895.8284864,22.827048540115356,IO -> PLC,2.12995
1776102895.8444858,22.843047857284546,IO -> PLC,1.832
1776102895.8604863,22.85904836654663,IO -> PLC,6.69742
1776102895.8764856,22.87504768371582,IO -> PLC,5.60712
1776102895.892485,22.89104700088501,IO -> PLC,4.57274
1776102895.9084845,22.90704655647278,IO -> PLC,1.40682
1776102895.9244838,22.923045873641968,IO -> PLC,1.61155
1776102895.9404843,22.939046382904053,IO -> PLC,6.32839
1776102895.9564836,22.955045700073242,IO -> PLC,5.37098
1776102895.972483,22.97104501724243,IO -> PLC,3.82794
1776102895.9884825,22.9870445728302,IO -> PLC,2.55116
1776102896.0044818,23.00304388999939,IO -> PLC,0.87914
1776102896.0204823,23.019044399261475,IO -> PLC,5.06445
1776102896.0364816,23.035043716430664,IO -> PLC,4.35873
1776102896.052481,23.051043033599854,IO -> PLC,2.74305
1776102896.0684805,23.067042589187622,IO -> PLC,0.81383
1776102896.0844808,23.083042860031128,IO -> PLC,6.94298
1776102896.1004803,23.099042415618896,IO -> PLC,3.18191
1776102896.1164796,23.115041732788086,IO -> PLC,4.11379
1776102896.132479,23.131041049957275,IO -> PLC,2.18873
1776102896.1484785,23.147040605545044,IO -> PLC,0.72466
1776102896.1644788,23.16304087638855,IO -> PLC,5.86217
1776102896.1804783,23.17904043197632,IO -> PLC,1.61172
1776102896.1964777,23.195039749145508,IO -> PLC,4.50057
1776102896.212477,23.211039066314697,IO -> PLC,3.22769
1776102896.2284775,23.227039575576782,IO -> PLC,1.86802
1776102896.2444768,23.24303889274597,IO -> PLC,7.06201
1776102896.2604764,23.25903844833374,IO -> PLC,5.34073
1776102896.2764757,23.27503776550293,IO -> PLC,3.35751
1776102896.292475,23.29103708267212,IO -> PLC,2.81668
1776102896.3084755,23.307037591934204,IO -> PLC,1.43333
1776102896.3244748,23.323036909103394,IO -> PLC,6.30585
1776102896.3404744,23.339036464691162,IO -> PLC,4.73505
1776102896.3564737,23.35503578186035,IO -> PLC,3.25858
1776102896.372473,23.37103509902954,IO -> PLC,1.52305
1776102896.3884735,23.387035608291626,IO -> PLC,6.77128
1776102896.4044728,23.403034925460815,IO -> PLC,5.18312
1776102896.4204721,23.419034242630005,IO -> PLC,3.90018
1776102896.4364717,23.435033798217773,IO -> PLC,1.75806
1776102896.4524722,23.45103430747986,IO -> PLC,1.17531
1776102896.4684715,23.467033624649048,IO -> PLC,6.15753
1776102896.4844708,23.483032941818237,IO -> PLC,4.95634
1776102896.5004702,23.499032258987427,IO -> PLC,3.54955
1776102896.5164697,23.515031814575195,IO -> PLC,3.75563
1776102896.53247,23.5310320854187,IO -> PLC,3.14231
1776102896.5484695,23.54703164100647,IO -> PLC,1.34214
1776102896.5644689,23.56303095817566,IO -> PLC,6.39476
1776102896.5804684,23.579030513763428,IO -> PLC,4.51795
1776102896.5964677,23.595029830932617,IO -> PLC,2.41072
1776102896.612468,23.611030101776123,IO -> PLC,1.82085
1776102896.6284676,23.62702965736389,IO -> PLC,6.74971
1776102896.6444669,23.64302897453308,IO -> PLC,5.17498
1776102896.6604664,23.65902853012085,IO -> PLC,3.78323
1776102896.6764667,23.675028800964355,IO -> PLC,0.73908
1776102896.6924663,23.691028356552124,IO -> PLC,0.86612
1776102896.7084656,23.707027673721313,IO -> PLC,5.50408
1776102896.724465,23.723026990890503,IO -> PLC,4.3081
1776102896.7404644,23.73902654647827,IO -> PLC,3.03235
1776102896.7564647,23.755026817321777,IO -> PLC,1.45746
1776102896.7724643,23.771026372909546,IO -> PLC,2.82264
1776102896.7884636,23.787025690078735,IO -> PLC,4.91985
1776102896.804463,23.803025007247925,IO -> PLC,3.34001
1776102896.8204634,23.81902551651001,IO -> PLC,1.62088
1776102896.8364627,23.8350248336792,IO -> PLC,6.5251
1776102896.8524623,23.851024389266968,IO -> PLC,0.89099
1776102896.8684616,23.867023706436157,IO -> PLC,3.93951
1776102896.884461,23.883023023605347,IO -> PLC,2.38328
1776102896.9004614,23.89902353286743,IO -> PLC,7.38366
1776102896.9164608,23.91502285003662,IO -> PLC,6.25112
1776102896.93246,23.93102216720581,IO -> PLC,4.89241
1776102896.9484596,23.94702172279358,IO -> PLC,2.21892
1776102896.964459,23.96302103996277,IO -> PLC,1.33727
1776102896.9804595,23.979021549224854,IO -> PLC,6.73614
1776102896.9964588,23.995020866394043,IO -> PLC,5.06397
1776102897.012458,24.011020183563232,IO -> PLC,3.45949
1776102897.0284576,24.027019739151,IO -> PLC,1.88877
1776102897.044458,24.043020009994507,IO -> PLC,3.75277
1776102897.0604575,24.059019565582275,IO -> PLC,5.10947
1776102897.0764568,24.075018882751465,IO -> PLC,4.18294
1776102897.092456,24.091018199920654,IO -> PLC,3.06887
1776102897.1084557,24.107017755508423,IO -> PLC,1.61191
1776102897.124456,24.12301802635193,IO -> PLC,2.33618
1776102897.1404555,24.139017581939697,IO -> PLC,3.97473
1776102897.1564548,24.155016899108887,IO -> PLC,3.43797
1776102897.172454,24.171016216278076,IO -> PLC,1.92062
1776102897.1884537,24.187015771865845,IO -> PLC,7.16477
1776102897.204454,24.20301604270935,IO -> PLC,5.44139
1776102897.2204535,24.21901559829712,IO -> PLC,1.28007
1776102897.2364528,24.23501491546631,IO -> PLC,2.87558
1776102897.2524521,24.251014232635498,IO -> PLC,1.45519
1776102897.2684526,24.267014741897583,IO -> PLC,6.90023
1776102897.284452,24.283014059066772,IO -> PLC,5.71561
1776102897.3004515,24.29901361465454,IO -> PLC,4.48074
1776102897.3164508,24.31501293182373,IO -> PLC,2.67952
1776102897.3324502,24.33101224899292,IO -> PLC,1.37722
1776102897.3484507,24.347012758255005,IO -> PLC,6.56497
1776102897.36445,24.363012075424194,IO -> PLC,5.25946
1776102897.3804495,24.379011631011963,IO -> PLC,3.49721
1776102897.3964489,24.395010948181152,IO -> PLC,1.97473
1776102897.4124482,24.411010265350342,IO -> PLC,1.25989
1776102897.4284487,24.427010774612427,IO -> PLC,6.56164
1776102897.444448,24.443010091781616,IO -> PLC,5.08308
1776102897.4604475,24.459009647369385,IO -> PLC,3.50812
1776102897.4764469,24.475008964538574,IO -> PLC,0.74343
1776102897.4924474,24.49100947380066,IO -> PLC,0.97903
1776102897.5084467,24.50700879096985,IO -> PLC,5.95997
1776102897.524446,24.523008108139038,IO -> PLC,4.16308
1776102897.5404453,24.539007425308228,IO -> PLC,2.65572
1776102897.556445,24.555006980895996,IO -> PLC,0.81354
1776102897.5724454,24.57100749015808,IO -> PLC,2.22792
1776102897.5884447,24.58700680732727,IO -> PLC,4.35729
1776102897.604444,24.60300612449646,IO -> PLC,2.8877
1776102897.6204433,24.61900544166565,IO -> PLC,1.4225
1776102897.6364439,24.635005950927734,IO -> PLC,6.28968
1776102897.6524432,24.651005268096924,IO -> PLC,4.56142
1776102897.6684427,24.667004823684692,IO -> PLC,3.0735
1776102897.684442,24.683004140853882,IO -> PLC,1.30109
1776102897.7004416,24.69900369644165,IO -> PLC,6.54029
1776102897.7164419,24.715003967285156,IO -> PLC,5.02269
1776102897.7324412,24.731003284454346,IO -> PLC,3.12123
1776102897.7484407,24.747002840042114,IO -> PLC,1.77901
1776102897.76444,24.763002157211304,IO -> PLC,4.7344
1776102897.7804396,24.779001712799072,IO -> PLC,5.21154
1776102897.79644,24.795001983642578,IO -> PLC,4.1866
1776102897.8124392,24.811001300811768,IO -> PLC,2.84533
1776102897.8284388,24.827000856399536,IO -> PLC,1.26125
1776102897.844438,24.843000173568726,IO -> PLC,3.34542
1776102897.8604386,24.85900068283081,IO -> PLC,4.83436
1776102897.876438,24.875,IO -> PLC,3.83814
1776102897.8924375,24.89099955558777,IO -> PLC,2.7712
1776102897.9084368,24.906998872756958,IO -> PLC,1.17488
1776102897.924436,24.922998189926147,IO -> PLC,1.36552
1776102897.9404366,24.938998699188232,IO -> PLC,4.39981
1776102897.956436,24.954998016357422,IO -> PLC,2.91622
1776102897.9724355,24.97099757194519,IO -> PLC,1.40062
1776102897.9884348,24.98699688911438,IO -> PLC,6.52596
1776102898.004434,25.00299620628357,IO -> PLC,0.59
1776102898.0204346,25.018996715545654,IO -> PLC,3.55981
1776102898.036434,25.034996032714844,IO -> PLC,2.06997
1776102898.0524333,25.050995349884033,IO -> PLC,0.91591
1776102898.0684328,25.0669949054718,IO -> PLC,5.89693
1776102898.0844333,25.082995414733887,IO -> PLC,5.01952
1776102898.1004326,25.098994731903076,IO -> PLC,2.44947
1776102898.116432,25.114994049072266,IO -> PLC,2.06328
1776102898.1324313,25.130993366241455,IO -> PLC,0.94114
1776102898.1484308,25.146992921829224,IO -> PLC,5.99809
1776102898.164431,25.16299319267273,IO -> PLC,4.08007
1776102898.1804307,25.178992748260498,IO -> PLC,1.3717
1776102898.19643,25.194992065429688,IO -> PLC,1.06864
1776102898.2124293,25.210991382598877,IO -> PLC,5.86644
1776102898.2284288,25.226990938186646,IO -> PLC,4.50861
1776102898.244429,25.24299120903015,IO -> PLC,3.08126
1776102898.2604287,25.25899076461792,IO -> PLC,1.66927
1776102898.276428,25.27499008178711,IO -> PLC,2.70987
1776102898.2924273,25.2909893989563,IO -> PLC,5.19429
1776102898.3084278,25.306989908218384,IO -> PLC,3.68677
1776102898.3244271,25.322989225387573,IO -> PLC,1.99941
1776102898.3404267,25.338988780975342,IO -> PLC,6.9109
1776102898.356426,25.35498809814453,IO -> PLC,0.74453
1776102898.3724253,25.37098741531372,IO -> PLC,3.77338
1776102898.3884258,25.386987924575806,IO -> PLC,2.57956
1776102898.4044251,25.402987241744995,IO -> PLC,1.12564
1776102898.4204247,25.418986797332764,IO -> PLC,6.34019
1776102898.436424,25.434986114501953,IO -> PLC,1.00626
1776102898.4524245,25.450986623764038,IO -> PLC,3.58572
1776102898.4684238,25.466985940933228,IO -> PLC,1.9566
1776102898.4844232,25.482985258102417,IO -> PLC,7.43228
1776102898.5004227,25.498984813690186,IO -> PLC,5.90652
1776102898.516422,25.514984130859375,IO -> PLC,0.96773
1776102898.5324225,25.53098464012146,IO -> PLC,5.52713
1776102898.5484219,25.54698395729065,IO -> PLC,4.50932
1776102898.5644212,25.56298327445984,IO -> PLC,2.62193
1776102898.5804207,25.578982830047607,IO -> PLC,1.12618
1776102898.59642,25.594982147216797,IO -> PLC,1.15801
1776102898.6124206,25.610982656478882,IO -> PLC,4.40319
1776102898.6284199,25.62698197364807,IO -> PLC,3.16929
1776102898.6444192,25.64298129081726,IO -> PLC,1.77378
1776102898.6604185,25.65898060798645,IO -> PLC,6.53959
1776102898.676419,25.674981117248535,IO -> PLC,5.00878
1776102898.6924186,25.690980672836304,IO -> PLC,2.90467
1776102898.708418,25.706979990005493,IO -> PLC,2.45017
1776102898.7244172,25.722979307174683,IO -> PLC,1.09954
1776102898.7404165,25.738978624343872,IO -> PLC,6.13176
1776102898.756417,25.754979133605957,IO -> PLC,4.84665
1776102898.7724164,25.770978450775146,IO -> PLC,3.85772
1776102898.788416,25.786978006362915,IO -> PLC,2.78566
1776102898.8044152,25.802977323532104,IO -> PLC,1.09405
1776102898.8204157,25.81897783279419,IO -> PLC,6.03811
1776102898.836415,25.83497714996338,IO -> PLC,4.41314
1776102898.8524144,25.85097646713257,IO -> PLC,3.03275
1776102898.868414,25.866976022720337,IO -> PLC,1.33515
1776102898.8844132,25.882975339889526,IO -> PLC,6.5445
1776102898.9004138,25.89897584915161,IO -> PLC,5.411
1776102898.916413,25.9149751663208,IO -> PLC,3.98788
1776102898.9324124,25.93097448348999,IO -> PLC,2.18163
1776102898.948412,25.94697403907776,IO -> PLC,2.15914
1776102898.9644113,25.96297335624695,IO -> PLC,5.80282
1776102898.9804118,25.978973865509033,IO -> PLC,3.93608
1776102898.996411,25.994973182678223,IO -> PLC,4.5137
1776102899.0124104,26.010972499847412,IO -> PLC,3.09667
1776102899.02841,26.02697205543518,IO -> PLC,2.05029
1776102899.0444102,26.042972326278687,IO -> PLC,5.53724
1776102899.0604098,26.058971881866455,IO -> PLC,5.55371
1776102899.076409,26.074971199035645,IO -> PLC,4.10067
1776102899.0924087,26.090970754623413,IO -> PLC,2.93237
1776102899.108408,26.106970071792603,IO -> PLC,0.91739
1776102899.1244082,26.12297034263611,IO -> PLC,4.11145
1776102899.1404078,26.138969898223877,IO -> PLC,4.80892
1776102899.156407,26.154969215393066,IO -> PLC,3.54828
1776102899.1724064,26.170968532562256,IO -> PLC,1.8414
1776102899.188406,26.186968088150024,IO -> PLC,7.23411
1776102899.2044063,26.20296835899353,IO -> PLC,3.05528
1776102899.2204058,26.2189679145813,IO -> PLC,4.25236
1776102899.2364051,26.23496723175049,IO -> PLC,2.75141
1776102899.2524045,26.250966548919678,IO -> PLC,1.027
1776102899.268405,26.266967058181763,IO -> PLC,6.04378
1776102899.2844043,26.282966375350952,IO -> PLC,1.26178
1776102899.3004038,26.29896593093872,IO -> PLC,3.5474
1776102899.3164032,26.31496524810791,IO -> PLC,1.55282
1776102899.3324025,26.3309645652771,IO -> PLC,6.66801
1776102899.348403,26.346965074539185,IO -> PLC,5.05217
1776102899.3644023,26.362964391708374,IO -> PLC,3.47433
1776102899.3804016,26.378963708877563,IO -> PLC,1.95161
1776102899.3964012,26.394963264465332,IO -> PLC,1.06491
1776102899.4124005,26.41096258163452,IO -> PLC,6.2641
1776102899.428401,26.426963090896606,IO -> PLC,5.07948
1776102899.4444003,26.442962408065796,IO -> PLC,3.45548
1776102899.4603999,26.458961963653564,IO -> PLC,1.85092
1776102899.4763992,26.474961280822754,IO -> PLC,2.83847
1776102899.4923995,26.49096155166626,IO -> PLC,5.41274
1776102899.508399,26.50696110725403,IO -> PLC,3.73346
1776102899.5243983,26.522960424423218,IO -> PLC,2.10441
1776102899.540398,26.538959980010986,IO -> PLC,7.05567
1776102899.5563972,26.554959297180176,IO -> PLC,1.32148
1776102899.5723977,26.57095980644226,IO -> PLC,4.2276
1776102899.588397,26.58695912361145,IO -> PLC,2.76233
1776102899.6043963,26.60295844078064,IO -> PLC,1.16393
1776102899.620396,26.618957996368408,IO -> PLC,6.14503
1776102899.6363962,26.634958267211914,IO -> PLC,0.82429
1776102899.6523957,26.650957822799683,IO -> PLC,3.18887
1776102899.668395,26.666957139968872,IO -> PLC,1.83928
1776102899.6843944,26.68295645713806,IO -> PLC,7.17567
1776102899.700394,26.69895601272583,IO -> PLC,5.71648
1776102899.7163942,26.714956283569336,IO -> PLC,4.45393
1776102899.7323937,26.730955839157104,IO -> PLC,2.03541
1776102899.748393,26.746955156326294,IO -> PLC,1.17025
1776102899.7643924,26.762954473495483,IO -> PLC,6.07949
1776102899.7803917,26.778953790664673,IO -> PLC,4.26612
1776102899.7963922,26.794954299926758,IO -> PLC,4.01938
1776102899.8123918,26.810953855514526,IO -> PLC,0.81035
1776102899.828391,26.826953172683716,IO -> PLC,4.00033
1776102899.8443904,26.842952489852905,IO -> PLC,5.86217
1776102899.860391,26.85895299911499,IO -> PLC,4.55658
1776102899.8763902,26.87495231628418,IO -> PLC,3.13538
1776102899.8923895,26.89095163345337,IO -> PLC,1.6301
1776102899.908389,26.906951189041138,IO -> PLC,2.14963
1776102899.9243884,26.922950506210327,IO -> PLC,5.39386
1776102899.940389,26.938951015472412,IO -> PLC,3.96834
1776102899.9563882,26.9549503326416,IO -> PLC,2.23161
1776102899.9723876,26.97094964981079,IO -> PLC,7.12167
1776102899.988387,26.98694920539856,IO -> PLC,5.86737
1776102900.0043864,27.00294852256775,IO -> PLC,3.64549
1776102900.020387,27.018949031829834,IO -> PLC,2.64383
1776102900.0363863,27.034948348999023,IO -> PLC,1.08247
1776102900.0523856,27.050947666168213,IO -> PLC,6.42071
1776102900.0683851,27.06694722175598,IO -> PLC,4.92487
1776102900.0843854,27.082947492599487,IO -> PLC,3.82218
1776102900.100385,27.098947048187256,IO -> PLC,2.23818
1776102900.1163843,27.114946365356445,IO -> PLC,7.01951
1776102900.1323836,27.130945682525635,IO -> PLC,6.09473
1776102900.1483831,27.146945238113403,IO -> PLC,4.16663
1776102900.1643834,27.16294550895691,IO -> PLC,2.40854
1776102900.180383,27.178945064544678,IO -> PLC,1.09175
1776102900.1963823,27.194944381713867,IO -> PLC,5.05921
1776102900.2123816,27.210943698883057,IO -> PLC,4.48469
1776102900.2283812,27.226943254470825,IO -> PLC,2.85653
1776102900.2443814,27.24294352531433,IO -> PLC,1.34717
1776102900.260381,27.2589430809021,IO -> PLC,5.98721
1776102900.2763803,27.27494239807129,IO -> PLC,3.41004
1776102900.2923796,27.29094171524048,IO -> PLC,3.88734
1776102900.3083801,27.306942224502563,IO -> PLC,2.51319
1776102900.3243794,27.322941541671753,IO -> PLC,0.81134
1776102900.340379,27.33894109725952,IO -> PLC,5.52707
1776102900.3563783,27.35494041442871,IO -> PLC,1.97818
1776102900.3723776,27.3709397315979,IO -> PLC,2.10305
1776102900.3883781,27.386940240859985,IO -> PLC,0.64377
1776102900.4043775,27.402939558029175,IO -> PLC,5.61255
1776102900.420377,27.418939113616943,IO -> PLC,4.02023
1776102900.4363763,27.434938430786133,IO -> PLC,0.73647
1776102900.4523768,27.450938940048218,IO -> PLC,1.44826
1776102900.4683762,27.466938257217407,IO -> PLC,6.45504
1776102900.4843755,27.482937574386597,IO -> PLC,5.19953
1776102900.5003748,27.498936891555786,IO -> PLC,3.50488
1776102900.5163743,27.514936447143555,IO -> PLC,3.33102
1776102900.5323749,27.53093695640564,IO -> PLC,3.40886
1776102900.5483742,27.54693627357483,IO -> PLC,2.18224
1776102900.5643735,27.56293559074402,IO -> PLC,0.7048
1776102900.580373,27.578935146331787,IO -> PLC,6.86123
1776102900.5963724,27.594934463500977,IO -> PLC,1.71483
1776102900.6123726,27.610934734344482,IO -> PLC,4.04029
1776102900.6283722,27.62693428993225,IO -> PLC,2.37852
1776102900.6443715,27.64293360710144,IO -> PLC,7.0984
1776102900.660371,27.65893316268921,IO -> PLC,5.41496
1776102900.6763713,27.674933433532715,IO -> PLC,3.95584
1776102900.6923707,27.690932750701904,IO -> PLC,2.62258
1776102900.7083702,27.706932306289673,IO -> PLC,0.98953
1776102900.7243695,27.722931623458862,IO -> PLC,6.02688
1776102900.740369,27.73893117904663,IO -> PLC,4.58408
1776102900.7563694,27.754931449890137,IO -> PLC,3.30825
1776102900.772369,27.770931005477905,IO -> PLC,1.73857
1776102900.7883682,27.786930322647095,IO -> PLC,5.13455
1776102900.8043675,27.802929639816284,IO -> PLC,5.75297
1776102900.820368,27.81893014907837,IO -> PLC,4.32666
1776102900.8363674,27.83492946624756,IO -> PLC,2.73554
1776102900.852367,27.850929021835327,IO -> PLC,1.06242
1776102900.8683662,27.866928339004517,IO -> PLC,4.19607
1776102900.8843656,27.882927656173706,IO -> PLC,4.60679
1776102900.900366,27.89892816543579,IO -> PLC,3.38113
1776102900.9163654,27.91492748260498,IO -> PLC,1.75721
1776102900.932365,27.93092703819275,IO -> PLC,6.84047
1776102900.9483643,27.94692635536194,IO -> PLC,3.47679
1776102900.9643636,27.962925672531128,IO -> PLC,4.27674
1776102900.980364,27.978926181793213,IO -> PLC,2.96307
1776102900.9963634,27.994925498962402,IO -> PLC,1.6494
1776102901.0123627,28.010924816131592,IO -> PLC,6.99187
1776102901.0283623,28.02692437171936,IO -> PLC,0.9071
1776102901.0443628,28.042924880981445,IO -> PLC,4.26005
1776102901.060362,28.058924198150635,IO -> PLC,2.94414
1776102901.0763614,28.074923515319824,IO -> PLC,1.91817
1776102901.0923607,28.090922832489014,IO -> PLC,6.99551
1776102901.1083603,28.106922388076782,IO -> PLC,1.52325
1776102901.1243606,28.122922658920288,IO -> PLC,3.80279
1776102901.14036,28.138922214508057,IO -> PLC,2.24022
1776102901.1563594,28.154921531677246,IO -> PLC,1.09952
1776102901.1723588,28.170920848846436,IO -> PLC,5.71804
1776102901.1883583,28.186920404434204,IO -> PLC,4.61839
1776102901.2043586,28.20292067527771,IO -> PLC,1.81185
1776102901.2203581,28.21892023086548,IO -> PLC,2.55932
1776102901.2363575,28.234919548034668,IO -> PLC,1.00196
1776102901.2523568,28.250918865203857,IO -> PLC,6.06082
1776102901.2683573,28.266919374465942,IO -> PLC,4.5965
1776102901.2843566,28.282918691635132,IO -> PLC,3.60948
1776102901.3003561,28.2989182472229,IO -> PLC,1.86668
1776102901.3163555,28.31491756439209,IO -> PLC,6.39719
1776102901.3323548,28.33091688156128,IO -> PLC,5.92117
1776102901.3483553,28.346917390823364,IO -> PLC,3.99403
1776102901.3643546,28.362916707992554,IO -> PLC,2.49387
1776102901.3803542,28.378916263580322,IO -> PLC,0.76051
1776102901.3963535,28.39491558074951,IO -> PLC,4.91516
1776102901.4123528,28.4109148979187,IO -> PLC,4.57721
1776102901.4283533,28.426915407180786,IO -> PLC,3.09858
1776102901.4443526,28.442914724349976,IO -> PLC,1.30153
1776102901.4603522,28.458914279937744,IO -> PLC,0.68021
1776102901.4763515,28.474913597106934,IO -> PLC,3.89275
1776102901.492352,28.49091410636902,IO -> PLC,3.70442
1776102901.5083513,28.506913423538208,IO -> PLC,2.23306
1776102901.5243506,28.522912740707397,IO -> PLC,0.67761
1776102901.5403502,28.538912296295166,IO -> PLC,5.53783
1776102901.5563495,28.554911613464355,IO -> PLC,2.25799
1776102901.57235,28.57091212272644,IO -> PLC,2.76696
1776102901.5883493,28.58691143989563,IO -> PLC,1.68259
1776102901.6043487,28.60291075706482,IO -> PLC,6.51328
1776102901.620348,28.61891007423401,IO -> PLC,4.97728
1776102901.6363485,28.634910583496094,IO -> PLC,3.34728
1776102901.652348,28.650910139083862,IO -> PLC,1.55311
1776102901.6683474,28.66690945625305,IO -> PLC,6.39283
1776102901.6843467,28.68290877342224,IO -> PLC,4.92868
1776102901.700346,28.69890809059143,IO -> PLC,3.53701
1776102901.7163465,28.714908599853516,IO -> PLC,0.80735
1776102901.7323458,28.730907917022705,IO -> PLC,3.8314
1776102901.7483454,28.746907472610474,IO -> PLC,5.67364
1776102901.7643447,28.762906789779663,IO -> PLC,4.05988
1776102901.780344,28.778906106948853,IO -> PLC,2.39083
1776102901.7963445,28.794906616210938,IO -> PLC,1.73559
1776102901.8123438,28.810905933380127,IO -> PLC,2.37377
1776102901.8283434,28.826905488967896,IO -> PLC,5.48598
1776102901.8443427,28.842904806137085,IO -> PLC,5.6427
1776102901.8603432,28.85890531539917,IO -> PLC,4.4568
1776102901.8763425,28.87490463256836,IO -> PLC,3.04593
1776102901.8923419,28.89090394973755,IO -> PLC,0.98183
1776102901.9083414,28.906903505325317,IO -> PLC,3.99044
1776102901.9243407,28.922902822494507,IO -> PLC,5.47233
1776102901.9403412,28.938903331756592,IO -> PLC,3.81144
1776102901.9563406,28.95490264892578,IO -> PLC,2.27664
1776102901.9723399,28.97090196609497,IO -> PLC,0.96802
1776102901.9883394,28.98690152168274,IO -> PLC,2.34455
1776102902.0043387,29.00290083885193,IO -> PLC,4.65881
1776102902.0203393,29.018901348114014,IO -> PLC,3.2601
1776102902.0363386,29.034900665283203,IO -> PLC,1.74162
1776102902.0523381,29.05090022087097,IO -> PLC,6.45438
1776102902.0683374,29.06689953804016,IO -> PLC,4.91838
1776102902.0843377,29.082899808883667,IO -> PLC,3.24742
1776102902.1003373,29.098899364471436,IO -> PLC,2.59498
1776102902.1163366,29.114898681640625,IO -> PLC,1.17994
1776102902.132336,29.130897998809814,IO -> PLC,6.22769
1776102902.1483355,29.146897554397583,IO -> PLC,4.32399
1776102902.1643357,29.16289782524109,IO -> PLC,2.14925
1776102902.1803353,29.178897380828857,IO -> PLC,1.02079
1776102902.1963346,29.194896697998047,IO -> PLC,6.11756
1776102902.212334,29.210896015167236,IO -> PLC,4.427
1776102902.2283335,29.226895570755005,IO -> PLC,3.31502
1776102902.2443337,29.24289584159851,IO -> PLC,0.80634
1776102902.2603333,29.25889539718628,IO -> PLC,3.92567
1776102902.2763326,29.27489471435547,IO -> PLC,5.5519
1776102902.292332,29.290894031524658,IO -> PLC,4.22903
1776102902.3083324,29.306894540786743,IO -> PLC,3.0012
1776102902.3243318,29.322893857955933,IO -> PLC,1.63224
1776102902.340331,29.338893175125122,IO -> PLC,3.91514
1776102902.3563306,29.35489273071289,IO -> PLC,5.46136
1776102902.37233,29.37089204788208,IO -> PLC,4.31762
1776102902.3883305,29.386892557144165,IO -> PLC,3.09508
1776102902.4043298,29.402891874313354,IO -> PLC,1.87566
1776102902.420329,29.418891191482544,IO -> PLC,1.78676
1776102902.4363286,29.434890747070312,IO -> PLC,5.40892
1776102902.452329,29.45089101791382,IO -> PLC,4.28133
1776102902.4683285,29.466890573501587,IO -> PLC,2.98918
1776102902.4843278,29.482889890670776,IO -> PLC,1.68384
1776102902.5003273,29.498889446258545,IO -> PLC,0.68562
1776102902.5163267,29.514888763427734,IO -> PLC,1.57438
1776102902.532327,29.53088903427124,IO -> PLC,6.59644
1776102902.5483265,29.54688858985901,IO -> PLC,4.6929
1776102902.5643258,29.5628879070282,IO -> PLC,2.89273
1776102902.5803254,29.578887462615967,IO -> PLC,1.47962
1776102902.5963247,29.594886779785156,IO -> PLC,3.70418
1776102902.612325,29.610887050628662,IO -> PLC,5.04664
1776102902.6283245,29.62688660621643,IO -> PLC,3.25575
1776102902.6443238,29.64288592338562,IO -> PLC,1.74743
1776102902.6603234,29.65888547897339,IO -> PLC,0.80562
1776102902.6763237,29.674885749816895,IO -> PLC,3.80095
1776102902.6923232,29.690885305404663,IO -> PLC,3.60645
1776102902.7083225,29.706884622573853,IO -> PLC,1.95797
1776102902.7243218,29.722883939743042,IO -> PLC,6.88778
1776102902.7403212,29.73888325691223,IO -> PLC,6.13214
1776102902.7563217,29.754883766174316,IO -> PLC,3.17703
1776102902.7723212,29.770883321762085,IO -> PLC,3.12574
1776102902.7883205,29.786882638931274,IO -> PLC,1.74863
1776102902.8043199,29.802881956100464,IO -> PLC,6.95694
1776102902.8203192,29.818881273269653,IO -> PLC,5.51215
1776102902.8363197,29.83488178253174,IO -> PLC,1.00257
1776102902.852319,29.850881099700928,IO -> PLC,2.59088
1776102902.8683186,29.866880655288696,IO -> PLC,0.94838
1776102902.8843179,29.882879972457886,IO -> PLC,6.31974
1776102902.9003184,29.89888048171997,IO -> PLC,4.98647
1776102902.9163177,29.91487979888916,IO -> PLC,3.6452
1776102902.932317,29.93087911605835,IO -> PLC,1.80719
1776102902.9483166,29.946878671646118,IO -> PLC,6.10226
1776102902.964316,29.962877988815308,IO -> PLC,5.58807
1776102902.9803164,29.978878498077393,IO -> PLC,4.01751
1776102902.9963157,29.994877815246582,IO -> PLC,3.02617
1776102903.012315,30.01087713241577,IO -> PLC,1.59385
1776102903.0283146,30.02687668800354,IO -> PLC,2.47781
1776102903.0443149,30.042876958847046,IO -> PLC,5.28785
1776102903.0603144,30.058876514434814,IO -> PLC,3.63096
1776102903.0763137,30.074875831604004,IO -> PLC,2.64803
1776102903.092313,30.090875148773193,IO -> PLC,1.21964
1776102903.1083126,30.106874704360962,IO -> PLC,0.94538
1776102903.1243129,30.122874975204468,IO -> PLC,4.24184
1776102903.1403124,30.138874530792236,IO -> PLC,3.03865
1776102903.1563118,30.154873847961426,IO -> PLC,1.38816
1776102903.172311,30.170873165130615,IO -> PLC,6.48583
1776102903.1883106,30.186872720718384,IO -> PLC,4.97551
1776102903.204311,30.20287299156189,IO -> PLC,2.33274
1776102903.2203104,30.218872547149658,IO -> PLC,1.93648
1776102903.2363098,30.234871864318848,IO -> PLC,6.76685
1776102903.252309,30.250871181488037,IO -> PLC,5.55367
1776102903.2683096,30.266871690750122,IO -> PLC,4.10263
1776102903.284309,30.28287100791931,IO -> PLC,0.58133
1776102903.3003085,30.29887056350708,IO -> PLC,1.05631
1776102903.3163078,30.31486988067627,IO -> PLC,6.32918
1776102903.332307,30.33086919784546,IO -> PLC,4.77494
1776102903.3483076,30.346869707107544,IO -> PLC,3.00549
1776102903.364307,30.362869024276733,IO -> PLC,1.33645
1776102903.3803065,30.378868579864502,IO -> PLC,1.97679
1776102903.3963058,30.39486789703369,IO -> PLC,5.41358
1776102903.412305,30.41086721420288,IO -> PLC,4.21231
1776102903.4283056,30.426867723464966,IO -> PLC,2.59054
1776102903.444305,30.442867040634155,IO -> PLC,0.97254
1776102903.4603043,30.458866357803345,IO -> PLC,0.91253
1776102903.4763038,30.474865913391113,IO -> PLC,4.06355
1776102903.4923043,30.4908664226532,IO -> PLC,3.25046
1776102903.5083036,30.506865739822388,IO -> PLC,1.73807
1776102903.524303,30.522865056991577,IO -> PLC,6.71092
1776102903.5403023,30.538864374160767,IO -> PLC,0.68968
1776102903.5563018,30.554863929748535,IO -> PLC,3.75772
1776102903.572302,30.57086420059204,IO -> PLC,1.98115
1776102903.5883017,30.58686375617981,IO -> PLC,0.85998
1776102903.604301,30.602863073349,IO -> PLC,5.47746
1776102903.6203003,30.61886239051819,IO -> PLC,3.96826
1776102903.6362998,30.634861946105957,IO -> PLC,2.45602
1776102903.6523001,30.650862216949463,IO -> PLC,1.08179
1776102903.6682997,30.66686177253723,IO -> PLC,5.84776
1776102903.684299,30.68286108970642,IO -> PLC,4.54634
1776102903.7002985,30.69886064529419,IO -> PLC,2.99505
1776102903.7162988,30.714860916137695,IO -> PLC,1.19488
1776102903.7322981,30.730860233306885,IO -> PLC,3.38769
1776102903.7482977,30.746859788894653,IO -> PLC,5.066
1776102903.764297,30.762859106063843,IO -> PLC,3.43496
1776102903.7802966,30.77885866165161,IO -> PLC,1.75671
1776102903.7962968,30.794858932495117,IO -> PLC,1.02131
1776102903.8122962,30.810858249664307,IO -> PLC,1.93622
1776102903.8282957,30.826857805252075,IO -> PLC,4.4728
1776102903.844295,30.842857122421265,IO -> PLC,2.63879
1776102903.8602955,30.85885763168335,IO -> PLC,1.20024
1776102903.8762949,30.87485694885254,IO -> PLC,5.88932
1776102903.8922942,30.89085626602173,IO -> PLC,5.19424
1776102903.9082937,30.906855821609497,IO -> PLC,3.41047
1776102903.924293,30.922855138778687,IO -> PLC,2.22377
1776102903.9402936,30.93885564804077,IO -> PLC,7.01726
1776102903.9562929,30.95485496520996,IO -> PLC,5.4291
1776102903.9722922,30.97085428237915,IO -> PLC,3.76525
1776102903.9882917,30.98685383796692,IO -> PLC,1.70811
1776102904.004291,31.00285315513611,IO -> PLC,0.62373
1776102904.0202916,31.018853664398193,IO -> PLC,5.59267
1776102904.036291,31.034852981567383,IO -> PLC,3.89898
1776102904.0522902,31.050852298736572,IO -> PLC,2.21546
1776102904.0682895,31.06685161590576,IO -> PLC,6.96111
1776102904.08429,31.082852125167847,IO -> PLC,3.06596
1776102904.1002896,31.098851680755615,IO -> PLC,4.66027
1776102904.116289,31.114850997924805,IO -> PLC,3.08538
1776102904.1322882,31.130850315093994,IO -> PLC,1.5249
1776102904.1482878,31.146849870681763,IO -> PLC,7.03954
1776102904.164288,31.16285014152527,IO -> PLC,3.49353
1776102904.1802874,31.178849458694458,IO -> PLC,3.90522
1776102904.196287,31.194849014282227,IO -> PLC,2.45323
1776102904.2122862,31.210848331451416,IO -> PLC,0.85691
1776102904.2282867,31.2268488407135,IO -> PLC,5.73056
1776102904.244286,31.24284815788269,IO -> PLC,1.76037
1776102904.2602854,31.25884747505188,IO -> PLC,2.50087
1776102904.276285,31.27484703063965,IO -> PLC,1.1708
1776102904.2922843,31.290846347808838,IO -> PLC,6.43447
1776102904.3082848,31.306846857070923,IO -> PLC,5.03056
1776102904.324284,31.322846174240112,IO -> PLC,3.62681
1776102904.3402834,31.3388454914093,IO -> PLC,1.87272
1776102904.356283,31.35484504699707,IO -> PLC,6.29379
1776102904.3722823,31.37084436416626,IO -> PLC,5.02293
1776102904.3882828,31.386844873428345,IO -> PLC,3.66518
1776102904.404282,31.402844190597534,IO -> PLC,2.31366
1776102904.4202816,31.418843746185303,IO -> PLC,0.7315
1776102904.436281,31.434843063354492,IO -> PLC,5.85092
1776102904.4522812,31.450843334197998,IO -> PLC,4.33341
1776102904.4682808,31.466842889785767,IO -> PLC,2.84981
1776102904.48428,31.482842206954956,IO -> PLC,1.1366
1776102904.5002797,31.498841762542725,IO -> PLC,6.37756
1776102904.516279,31.514841079711914,IO -> PLC,5.58223
1776102904.5322793,31.53084135055542,IO -> PLC,6.25817
1776102904.5482788,31.54684090614319,IO -> PLC,4.43855
1776102904.5642781,31.562840223312378,IO -> PLC,4.38862
1776102904.5802774,31.578839540481567,IO -> PLC,0.92358
1776102904.596277,31.594839096069336,IO -> PLC,2.15426
1776102904.6122775,31.61083960533142,IO -> PLC,6.88023
1776102904.6282768,31.62683892250061,IO -> PLC,5.4048
1776102904.6442761,31.6428382396698,IO -> PLC,3.96416
1776102904.6602755,31.65883755683899,IO -> PLC,2.7621
1776102904.676276,31.674838066101074,IO -> PLC,1.18218
1776102904.6922753,31.690837383270264,IO -> PLC,5.4106
1776102904.7082748,31.706836938858032,IO -> PLC,4.62007
1776102904.7242742,31.72283625602722,IO -> PLC,2.92343
1776102904.7402735,31.73883557319641,IO -> PLC,1.71416
1776102904.756274,31.754836082458496,IO -> PLC,0.9782
1776102904.7722733,31.770835399627686,IO -> PLC,4.17218
1776102904.7882729,31.786834955215454,IO -> PLC,3.53438
1776102904.8042722,31.802834272384644,IO -> PLC,2.01486
1776102904.8202715,31.818833589553833,IO -> PLC,6.84924
1776102904.836272,31.834834098815918,IO -> PLC,5.55412
1776102904.8522713,31.850833415985107,IO -> PLC,1.95171
1776102904.8682709,31.866832971572876,IO -> PLC,2.67053
1776102904.8842702,31.882832288742065,IO -> PLC,0.77212
1776102904.9002705,31.89883255958557,IO -> PLC,6.37181
1776102904.91627,31.91483211517334,IO -> PLC,5.09694
1776102904.9322693,31.93083143234253,IO -> PLC,3.19228
1776102904.948269,31.946830987930298,IO -> PLC,1.74253
1776102904.9642682,31.962830305099487,IO -> PLC,6.41026
1776102904.9802687,31.978830814361572,IO -> PLC,5.21826
1776102904.996268,31.99483013153076,IO -> PLC,3.83283
1776102905.0122674,32.01082944869995,IO -> PLC,2.26923
1776102905.028267,32.02682900428772,IO -> PLC,1.26806
1776102905.0442672,32.042829275131226,IO -> PLC,5.05198
1776102905.0602667,32.058828830718994,IO -> PLC,3.71864
1776102905.076266,32.074828147888184,IO -> PLC,2.86779
1776102905.0922654,32.09082746505737,IO -> PLC,1.85541
1776102905.108265,32.10682702064514,IO -> PLC,6.68771
1776102905.1242652,32.12282729148865,IO -> PLC,3.40194
1776102905.1402647,32.138826847076416,IO -> PLC,3.25024
1776102905.156264,32.154826164245605,IO -> PLC,1.59872
1776102905.1722634,32.170825481414795,IO -> PLC,6.5971
1776102905.1882627,32.186824798583984,IO -> PLC,5.16159
1776102905.2042632,32.20282530784607,IO -> PLC,2.02824
1776102905.2202628,32.21882486343384,IO -> PLC,1.98727
1776102905.236262,32.23482418060303,IO -> PLC,6.62331
1776102905.2522614,32.25082349777222,IO -> PLC,5.01371
1776102905.268262,32.2668240070343,IO -> PLC,3.89541
1776102905.2842612,32.28282332420349,IO -> PLC,2.16411
1776102905.3002605,32.29882264137268,IO -> PLC,1.16478
1776102905.31626,32.31482219696045,IO -> PLC,6.1826
1776102905.3322594,32.33082151412964,IO -> PLC,4.66092
1776102905.34826,32.346822023391724,IO -> PLC,3.01852
1776102905.3642592,32.36282134056091,IO -> PLC,1.47764
1776102905.3802586,32.3788206577301,IO -> PLC,1.76549
1776102905.396258,32.39482021331787,IO -> PLC,5.08347
1776102905.4122574,32.41081953048706,IO -> PLC,3.80748
1776102905.428258,32.426820039749146,IO -> PLC,2.56645
1776102905.4442573,32.442819356918335,IO -> PLC,0.84948
1776102905.4602566,32.458818674087524,IO -> PLC,1.58895
1776102905.4762561,32.47481822967529,IO -> PLC,4.07953
1776102905.4922564,32.4908185005188,IO -> PLC,2.68178
1776102905.508256,32.50681805610657,IO -> PLC,1.05378
1776102905.5242553,32.52281737327576,IO -> PLC,5.75719
1776102905.5402546,32.538816690444946,IO -> PLC,4.4692
1776102905.5562541,32.554816246032715,IO -> PLC,3.24026
1776102905.5722544,32.57081651687622,IO -> PLC,1.51505
1776102905.588254,32.58681607246399,IO -> PLC,6.96192
1776102905.6042533,32.60281538963318,IO -> PLC,5.44952
1776102905.6202526,32.61881470680237,IO -> PLC,3.98329
1776102905.6362522,32.63481426239014,IO -> PLC,1.13979
1776102905.6522524,32.65081453323364,IO -> PLC,4.5725
1776102905.668252,32.66681408882141,IO -> PLC,5.50429
1776102905.6842513,32.6828134059906,IO -> PLC,4.26855
1776102905.7002506,32.69881272315979,IO -> PLC,2.62815
1776102905.7162511,32.714813232421875,IO -> PLC,1.29216
1776102905.7322505,32.730812549591064,IO -> PLC,2.58036
1776102905.74825,32.74681210517883,IO -> PLC,4.55052
1776102905.7642493,32.76281142234802,IO -> PLC,3.03716
1776102905.7802486,32.77881073951721,IO -> PLC,1.8127
1776102905.7962492,32.7948112487793,IO -> PLC,0.85529
1776102905.8122485,32.810810565948486,IO -> PLC,1.36754
1776102905.828248,32.826810121536255,IO -> PLC,4.19902
1776102905.8442473,32.842809438705444,IO -> PLC,3.01024
1776102905.8602479,32.85880994796753,IO -> PLC,1.38536
1776102905.8762472,32.87480926513672,IO -> PLC,6.23109
1776102905.8922465,32.89080858230591,IO -> PLC,5.20919
1776102905.9082458,32.9068078994751,IO -> PLC,1.96439
1776102905.9242454,32.922807455062866,IO -> PLC,2.44048
1776102905.9402459,32.93880796432495,IO -> PLC,1.32235
1776102905.9562452,32.95480728149414,IO -> PLC,6.23472
1776102905.9722445,32.97080659866333,IO -> PLC,4.46343
1776102905.9882438,32.98680591583252,IO -> PLC,0.75862
1776102906.0042434,33.00280547142029,IO -> PLC,1.4172
1776102906.0202436,33.018805742263794,IO -> PLC,6.52414
1776102906.0362432,33.03480529785156,IO -> PLC,4.89797
1776102906.0522425,33.05080461502075,IO -> PLC,3.42678
1776102906.0682418,33.06680393218994,IO -> PLC,2.00942
1776102906.0842423,33.082804441452026,IO -> PLC,2.06718
1776102906.1002417,33.098803758621216,IO -> PLC,5.01954
1776102906.1162412,33.114803314208984,IO -> PLC,5.00114
1776102906.1322405,33.130802631378174,IO -> PLC,3.15792
1776102906.1482399,33.14680194854736,IO -> PLC,1.47856
1776102906.1642404,33.16280245780945,IO -> PLC,0.66579
1776102906.1802397,33.17880177497864,IO -> PLC,3.61624
1776102906.1962392,33.194801330566406,IO -> PLC,4.19993
1776102906.2122386,33.210800647735596,IO -> PLC,2.41536
1776102906.228239,33.22680115699768,IO -> PLC,1.08713
1776102906.2442384,33.24280047416687,IO -> PLC,5.67485
1776102906.2602377,33.25879979133606,IO -> PLC,2.17196
1776102906.2762372,33.27479934692383,IO -> PLC,4.87544
1776102906.2922366,33.29079866409302,IO -> PLC,3.71426
1776102906.308237,33.3067991733551,IO -> PLC,2.39235
1776102906.3242364,33.32279849052429,IO -> PLC,1.10724
1776102906.3402357,33.33879780769348,IO -> PLC,6.13346
1776102906.3562353,33.35479736328125,IO -> PLC,4.41945
1776102906.3722346,33.37079668045044,IO -> PLC,3.17626
1776102906.388235,33.386797189712524,IO -> PLC,1.85323
1776102906.4042344,33.402796506881714,IO -> PLC,0.82542
1776102906.4202337,33.4187958240509,IO -> PLC,5.74604
1776102906.4362333,33.43479537963867,IO -> PLC,2.8983
1776102906.4522336,33.45079565048218,IO -> PLC,3.33351
1776102906.468233,33.466795206069946,IO -> PLC,1.66255
1776102906.4842324,33.482794523239136,IO -> PLC,7.07671
1776102906.5002317,33.498793840408325,IO -> PLC,5.81328
1776102906.5162313,33.514793395996094,IO -> PLC,5.36996
1776102906.5322316,33.5307936668396,IO -> PLC,6.01118
1776102906.5482311,33.54679322242737,IO -> PLC,4.14333
1776102906.5642304,33.56279253959656,IO -> PLC,2.71502
1776102906.5802298,33.57879185676575,IO -> PLC,0.87612
1776102906.5962293,33.594791412353516,IO -> PLC,0.91492
1776102906.6122296,33.61079168319702,IO -> PLC,5.74649
1776102906.628229,33.62679100036621,IO -> PLC,4.19633
1776102906.6442285,33.64279055595398,IO -> PLC,2.51377
1776102906.6602278,33.65878987312317,IO -> PLC,0.8008
1776102906.6762283,33.674790382385254,IO -> PLC,1.7197
1776102906.6922276,33.69078969955444,IO -> PLC,4.75888
1776102906.708227,33.70678901672363,IO -> PLC,3.34088
1776102906.7242265,33.7227885723114,IO -> PLC,1.93801
1776102906.7402258,33.73878788948059,IO -> PLC,0.81971
1776102906.7562263,33.754788398742676,IO -> PLC,5.84193
1776102906.7722256,33.770787715911865,IO -> PLC,3.63118
1776102906.788225,33.786787033081055,IO -> PLC,3.22372
1776102906.8042245,33.80278658866882,IO -> PLC,1.655
1776102906.8202238,33.81878590583801,IO -> PLC,6.41289
1776102906.8362243,33.8347864151001,IO -> PLC,5.06737
1776102906.8522236,33.85078573226929,IO -> PLC,1.88481
1776102906.8682232,33.866785287857056,IO -> PLC,2.31802
1776102906.8842225,33.882784605026245,IO -> PLC,7.37073
1776102906.9002228,33.89878487586975,IO -> PLC,5.9649
1776102906.9162223,33.91478443145752,IO -> PLC,4.35217
1776102906.9322217,33.93078374862671,IO -> PLC,2.56144
1776102906.9482212,33.94678330421448,IO -> PLC,0.90752
1776102906.9642205,33.96278262138367,IO -> PLC,6.45897
1776102906.9802208,33.97878289222717,IO -> PLC,4.58711
1776102906.9962204,33.99478244781494,IO -> PLC,3.47112
1776102907.0122197,34.01078176498413,IO -> PLC,1.81848
1776102907.028219,34.02678108215332,IO -> PLC,1.64774
1776102907.0442195,34.042781591415405,IO -> PLC,4.99437
1776102907.0602188,34.058780908584595,IO -> PLC,4.00415
1776102907.0762184,34.07478046417236,IO -> PLC,2.73129
1776102907.0922177,34.09077978134155,IO -> PLC,1.76076
1776102907.108217,34.10677909851074,IO -> PLC,6.73962
1776102907.1242175,34.12277960777283,IO -> PLC,3.0892
1776102907.1402168,34.13877892494202,IO -> PLC,3.6105
1776102907.1562164,34.154778480529785,IO -> PLC,1.88912
1776102907.1722157,34.170777797698975,IO -> PLC,6.76365
1776102907.188215,34.186777114868164,IO -> PLC,5.41022
1776102907.2042155,34.20277762413025,IO -> PLC,1.477
1776102907.2202148,34.21877694129944,IO -> PLC,2.55136
1776102907.2362142,34.23477625846863,IO -> PLC,1.07992
1776102907.2522137,34.2507758140564,IO -> PLC,6.05886
1776102907.2682142,34.26677632331848,IO -> PLC,4.64687
1776102907.2842135,34.28277564048767,IO -> PLC,1.78281
1776102907.3002129,34.29877495765686,IO -> PLC,1.30254
1776102907.3162124,34.31477451324463,IO -> PLC,6.73421
1776102907.3322117,34.33077383041382,IO -> PLC,5.29158
1776102907.348212,34.346774101257324,IO -> PLC,3.70734
1776102907.3642116,34.36277365684509,IO -> PLC,1.98909
1776102907.3802109,34.37877297401428,IO -> PLC,3.47643
1776102907.3962104,34.39477252960205,IO -> PLC,6.5076
1776102907.4122097,34.41077184677124,IO -> PLC,6.2731
1776102907.42821,34.426772117614746,IO -> PLC,4.81623
1776102907.4442096,34.442771673202515,IO -> PLC,3.37343
1776102907.460209,34.458770990371704,IO -> PLC,1.69511
1776102907.4762084,34.47477054595947,IO -> PLC,0.69777
1776102907.4922087,34.49077081680298,IO -> PLC,5.91127
1776102907.5082083,34.50677037239075,IO -> PLC,4.35695
1776102907.5242076,34.52276968955994,IO -> PLC,2.78215
1776102907.540207,34.538769006729126,IO -> PLC,1.13447
1776102907.5562065,34.554768562316895,IO -> PLC,5.57795
1776102907.5722067,34.5707688331604,IO -> PLC,4.62461
1776102907.5882063,34.58676838874817,IO -> PLC,3.30071
1776102907.6042056,34.60276770591736,IO -> PLC,2.05056
1776102907.620205,34.61876702308655,IO -> PLC,7.05526
1776102907.6362042,34.63476634025574,IO -> PLC,3.8103
1776102907.6522048,34.65076684951782,IO -> PLC,4.17974
1776102907.6682043,34.66676640510559,IO -> PLC,2.4503
1776102907.6842036,34.68276572227478,IO -> PLC,0.66973
1776102907.700203,34.69876503944397,IO -> PLC,5.97228
1776102907.7162035,34.714765548706055,IO -> PLC,4.54397
1776102907.7322028,34.730764865875244,IO -> PLC,2.78796
1776102907.748202,34.746764183044434,IO -> PLC,1.3062
1776102907.7642016,34.7627637386322,IO -> PLC,6.66924
1776102907.780201,34.77876305580139,IO -> PLC,4.91611
1776102907.7962015,34.79476356506348,IO -> PLC,3.70589
1776102907.8122008,34.810762882232666,IO -> PLC,1.76851
1776102907.8282,34.826762199401855,IO -> PLC,0.89333
1776102907.8441997,34.842761754989624,IO -> PLC,5.76875
1776102907.8602,34.85876202583313,IO -> PLC,4.55949
1776102907.8761995,34.8747615814209,IO -> PLC,3.12997
1776102907.8921988,34.89076089859009,IO -> PLC,1.69654
1776102907.908198,34.90676021575928,IO -> PLC,5.25837
1776102907.9241977,34.922759771347046,IO -> PLC,5.50918
1776102907.940198,34.93876004219055,IO -> PLC,4.21503
1776102907.9561973,34.95475935935974,IO -> PLC,2.66175
1776102907.9721968,34.97075891494751,IO -> PLC,1.09591
1776102907.9881961,34.9867582321167,IO -> PLC,3.72193
1776102908.0041957,35.00275778770447,IO -> PLC,5.32264
1776102908.020196,35.018758058547974,IO -> PLC,3.93185
1776102908.0361955,35.03475761413574,IO -> PLC,2.53625
1776102908.0521948,35.05075693130493,IO -> PLC,1.01066
1776102908.0681942,35.06675624847412,IO -> PLC,5.99152
1776102908.0841947,35.082756757736206,IO -> PLC,3.00585
1776102908.100194,35.098756074905396,IO -> PLC,3.55379
1776102908.1161935,35.114755630493164,IO -> PLC,2.06187
1776102908.1321929,35.13075494766235,IO -> PLC,7.38387
1776102908.1481922,35.14675426483154,IO -> PLC,5.82227
1776102908.1641927,35.16275477409363,IO -> PLC,2.03784
1776102908.180192,35.17875409126282,IO -> PLC,2.48617
1776102908.1961915,35.194753646850586,IO -> PLC,1.0661
1776102908.2121909,35.210752964019775,IO -> PLC,5.94783
1776102908.2281902,35.226752281188965,IO -> PLC,4.36791
1776102908.2441907,35.24275279045105,IO -> PLC,2.9968
1776102908.26019,35.25875210762024,IO -> PLC,1.43216
1776102908.2761896,35.27475166320801,IO -> PLC,6.40302
1776102908.292189,35.2907509803772,IO -> PLC,5.248
1776102908.3081894,35.30675148963928,IO -> PLC,3.52071
1776102908.3241887,35.32275080680847,IO -> PLC,2.16488
1776102908.340188,35.33875012397766,IO -> PLC,1.89781
1776102908.3561873,35.35474944114685,IO -> PLC,5.18515
1776102908.372187,35.37074899673462,IO -> PLC,4.11814
1776102908.3881874,35.386749505996704,IO -> PLC,3.05832
1776102908.4041867,35.402748823165894,IO -> PLC,1.74257
1776102908.420186,35.41874814033508,IO -> PLC,6.67239
1776102908.4361854,35.43474745750427,IO -> PLC,3.97634
1776102908.4521859,35.45074796676636,IO -> PLC,4.24362
1776102908.4681852,35.46674728393555,IO -> PLC,2.54001
1776102908.4841847,35.482746839523315,IO -> PLC,0.7172
1776102908.500184,35.498746156692505,IO -> PLC,6.1364
1776102908.5161834,35.514745473861694,IO -> PLC,5.29291
1776102908.532184,35.53074598312378,IO -> PLC,5.88796
1776102908.5481832,35.54674530029297,IO -> PLC,3.92395
1776102908.5641828,35.56274485588074,IO -> PLC,2.35115
1776102908.580182,35.57874417304993,IO -> PLC,0.67082
1776102908.5961814,35.594743490219116,IO -> PLC,3.43686
1776102908.612182,35.6107439994812,IO -> PLC,4.8358
1776102908.6281812,35.62674331665039,IO -> PLC,3.53237
1776102908.6441808,35.64274287223816,IO -> PLC,1.759
1776102908.66018,35.65874218940735,IO -> PLC,6.87818
1776102908.6761804,35.674742460250854,IO -> PLC,1.71418
1776102908.69218,35.69074201583862,IO -> PLC,4.11139
1776102908.7081792,35.70674133300781,IO -> PLC,2.41275
1776102908.7241788,35.72274088859558,IO -> PLC,1.18076
1776102908.740178,35.73874020576477,IO -> PLC,6.10882
1776102908.7561786,35.754740715026855,IO -> PLC,0.63664
1776102908.772178,35.770740032196045,IO -> PLC,3.48644
1776102908.7881773,35.786739349365234,IO -> PLC,2.11117
1776102908.8041768,35.802738904953,IO -> PLC,7.04531
1776102908.8201761,35.81873822212219,IO -> PLC,5.39355
1776102908.8361766,35.83473873138428,IO -> PLC,3.79202
1776102908.852176,35.85073804855347,IO -> PLC,1.82409
1776102908.8681753,35.866737365722656,IO -> PLC,6.8287
1776102908.8841748,35.882736921310425,IO -> PLC,5.86616
1776102908.900175,35.89873719215393,IO -> PLC,4.97116
1776102908.9161747,35.9147367477417,IO -> PLC,3.23875
1776102908.932174,35.93073606491089,IO -> PLC,1.64547
1776102908.9481733,35.94673538208008,IO -> PLC,5.10074
1776102908.9641726,35.96273469924927,IO -> PLC,4.73303
1776102908.980173,35.97873520851135,IO -> PLC,3.09487
1776102908.9961727,35.99473476409912,IO -> PLC,1.73912
1776102909.012172,36.01073408126831,IO -> PLC,6.6915
1776102909.0281713,36.0267333984375,IO -> PLC,3.23253
1776102909.0441706,36.04273271560669,IO -> PLC,3.66878
1776102909.0601711,36.058733224868774,IO -> PLC,2.22102
1776102909.0761704,36.074732542037964,IO -> PLC,1.0372
1776102909.09217,36.09073209762573,IO -> PLC,6.33255
1776102909.1081693,36.10673141479492,IO -> PLC,2.08211
1776102909.1241698,36.12273192405701,IO -> PLC,3.10831
1776102909.1401691,36.138731241226196,IO -> PLC,1.8632
1776102909.1561685,36.154730558395386,IO -> PLC,6.8811
1776102909.172168,36.170730113983154,IO -> PLC,5.09125
1776102909.1881673,36.186729431152344,IO -> PLC,1.97022
1776102909.2041678,36.20272994041443,IO -> PLC,2.47712
1776102909.2201672,36.21872925758362,IO -> PLC,1.40098
1776102909.2361665,36.23472857475281,IO -> PLC,6.14446
1776102909.252166,36.250728130340576,IO -> PLC,4.49685
1776102909.2681663,36.26672840118408,IO -> PLC,1.35446
1776102909.2841659,36.28272795677185,IO -> PLC,1.71791
1776102909.3001652,36.29872727394104,IO -> PLC,0.74114
1776102909.3161645,36.31472659111023,IO -> PLC,5.86944
1776102909.332164,36.330726146698,IO -> PLC,4.21176
1776102909.3481643,36.346726417541504,IO -> PLC,2.48447
1776102909.3641639,36.36272597312927,IO -> PLC,0.87471
1776102909.3801632,36.37872529029846,IO -> PLC,5.51171
1776102909.3961625,36.39472460746765,IO -> PLC,4.53502
1776102909.412162,36.41072416305542,IO -> PLC,3.34728
1776102909.4281623,36.426724433898926,IO -> PLC,1.71799
1776102909.444162,36.442723989486694,IO -> PLC,1.54221
1776102909.4601612,36.458723306655884,IO -> PLC,4.70251
1776102909.4761605,36.47472262382507,IO -> PLC,3.23611
1776102909.492161,36.49072313308716,IO -> PLC,1.83012
1776102909.5081604,36.50672245025635,IO -> PLC,6.62793
1776102909.52416,36.522722005844116,IO -> PLC,4.99169
1776102909.5401592,36.538721323013306,IO -> PLC,3.41073
1776102909.5561585,36.554720640182495,IO -> PLC,1.73136
1776102909.572159,36.57072114944458,IO -> PLC,6.58646
1776102909.5881584,36.58672046661377,IO -> PLC,5.13238
1776102909.604158,36.60272002220154,IO -> PLC,12.93577
1776102909.6201572,36.61871933937073,IO -> PLC,0.87272
1776102909.6361578,36.63471984863281,IO -> PLC,3.60892
1776102909.652157,36.650719165802,IO -> PLC,2.33421
1776102909.6681564,36.66671848297119,IO -> PLC,7.34203
1776102909.6841557,36.68271780014038,IO -> PLC,5.83459
1776102909.7001553,36.69871735572815,IO -> PLC,4.7903
1776102909.7161558,36.714717864990234,IO -> PLC,2.40546
1776102909.732155,36.730717182159424,IO -> PLC,1.33964
1776102909.7481544,36.74671649932861,IO -> PLC,6.76396
1776102909.7641537,36.7627158164978,IO -> PLC,5.23732
1776102909.7801533,36.77871537208557,IO -> PLC,3.97678
1776102909.7961535,36.79471564292908,IO -> PLC,1.43449
1776102909.812153,36.810715198516846,IO -> PLC,1.52648
1776102909.8281524,36.826714515686035,IO -> PLC,0.58467
1776102909.8441517,36.842713832855225,IO -> PLC,5.51641
1776102909.8601522,36.85871434211731,IO -> PLC,4.1453
1776102909.8761516,36.8747136592865,IO -> PLC,2.77346
1776102909.892151,36.89071321487427,IO -> PLC,1.28163
1776102909.9081504,36.90671253204346,IO -> PLC,4.55857
1776102909.9241498,36.92271184921265,IO -> PLC,4.77577
1776102909.9401503,36.93871235847473,IO -> PLC,3.16601
1776102909.9561496,36.95471167564392,IO -> PLC,1.46632
1776102909.9721491,36.97071123123169,IO -> PLC,1.12454
1776102909.9881485,36.98671054840088,IO -> PLC,4.32068
1776102910.004148,37.00271010398865,IO -> PLC,3.37134
1776102910.0201483,37.01871037483215,IO -> PLC,1.76173
1776102910.0361476,37.03470969200134,IO -> PLC,6.81548
1776102910.0521472,37.05070924758911,IO -> PLC,5.57029
1776102910.0681465,37.0667085647583,IO -> PLC,2.99721
1776102910.084147,37.082709074020386,IO -> PLC,2.36229
1776102910.1001463,37.098708391189575,IO -> PLC,1.79417
1776102910.1161456,37.114707708358765,IO -> PLC,7.51947
1776102910.1321452,37.13070726394653,IO -> PLC,7.4613
1776102910.1481445,37.14670658111572,IO -> PLC,3.45247
1776102910.164145,37.16270709037781,IO -> PLC,4.61995
1776102910.1801443,37.178706407547,IO -> PLC,3.03995
1776102910.1961436,37.19470572471619,IO -> PLC,1.69675
1776102910.2121432,37.210705280303955,IO -> PLC,6.62433
1776102910.2281425,37.226704597473145,IO -> PLC,1.49833
1776102910.244143,37.24270510673523,IO -> PLC,3.65482
1776102910.2601423,37.25870442390442,IO -> PLC,2.21026
1776102910.2761416,37.27470374107361,IO -> PLC,1.21381
1776102910.292141,37.2907030582428,IO -> PLC,6.44484
1776102910.3081415,37.30670356750488,IO -> PLC,5.19357
1776102910.324141,37.32270312309265,IO -> PLC,2.71977
1776102910.3401403,37.33870244026184,IO -> PLC,1.72012
1776102910.3561397,37.35470175743103,IO -> PLC,6.35216
1776102910.372139,37.37070107460022,IO -> PLC,4.76616
1776102910.3881395,37.386701583862305,IO -> PLC,3.50864
1776102910.4041388,37.402700901031494,IO -> PLC,0.58626
1776102910.4201384,37.41870045661926,IO -> PLC,0.6333
1776102910.4361377,37.43469977378845,IO -> PLC,5.70152
1776102910.4521382,37.45070028305054,IO -> PLC,4.14504
1776102910.4681375,37.46669960021973,IO -> PLC,2.74433
1776102910.4841368,37.482698917388916,IO -> PLC,0.99848
1776102910.5001364,37.498698472976685,IO -> PLC,1.96852
1776102910.5161357,37.514697790145874,IO -> PLC,7.487
1776102910.5321362,37.53069829940796,IO -> PLC,5.74723
1776102910.5481355,37.54669761657715,IO -> PLC,4.22363
1776102910.5641348,37.56269693374634,IO -> PLC,1.0934
1776102910.5801344,37.578696489334106,IO -> PLC,1.59125
1776102910.5961337,37.594695806503296,IO -> PLC,6.47274
1776102910.6121342,37.61069631576538,IO -> PLC,4.9317
1776102910.6281335,37.62669563293457,IO -> PLC,3.46651
1776102910.6441329,37.64269495010376,IO -> PLC,1.97155
1776102910.6601324,37.65869450569153,IO -> PLC,2.78294
1776102910.6761327,37.674694776535034,IO -> PLC,5.19952
1776102910.6921322,37.6906943321228,IO -> PLC,4.16227
1776102910.7081316,37.70669364929199,IO -> PLC,2.34882
1776102910.724131,37.72269320487976,IO -> PLC,1.01467
1776102910.7401304,37.73869252204895,IO -> PLC,1.76365
1776102910.7561307,37.754692792892456,IO -> PLC,4.01543
1776102910.7721303,37.770692348480225,IO -> PLC,2.7048
1776102910.7881296,37.786691665649414,IO -> PLC,1.52937
1776102910.804129,37.8026909828186,IO -> PLC,6.52775
1776102910.8201284,37.81869053840637,IO -> PLC,5.2264
1776102910.8361287,37.83469080924988,IO -> PLC,2.89685
1776102910.8521283,37.85069036483765,IO -> PLC,2.03464
1776102910.8681276,37.866689682006836,IO -> PLC,6.57636
1776102910.884127,37.882688999176025,IO -> PLC,5.26485
1776102910.9001274,37.89868950843811,IO -> PLC,3.70525
1776102910.9161267,37.9146888256073,IO -> PLC,1.0452
1776102910.9321263,37.93068838119507,IO -> PLC,4.46535
1776102910.9481256,37.94668769836426,IO -> PLC,5.15569
1776102910.964125,37.96268701553345,IO -> PLC,3.44976
1776102910.9801254,37.97868752479553,IO -> PLC,1.69983
1776102910.9961247,37.99468684196472,IO -> PLC,0.61041
1776102911.012124,38.01068615913391,IO -> PLC,2.49393
1776102911.0281236,38.02668571472168,IO -> PLC,3.63549
1776102911.044123,38.04268503189087,IO -> PLC,1.79756
1776102911.0601234,38.058685541152954,IO -> PLC,6.8441
1776102911.0761228,38.074684858322144,IO -> PLC,5.34738
1776102911.092122,38.09068417549133,IO -> PLC,1.16318
1776102911.1081216,38.1066837310791,IO -> PLC,2.58876
1776102911.124122,38.12268400192261,IO -> PLC,0.83363
1776102911.1401215,38.138683557510376,IO -> PLC,5.69281
1776102911.1561208,38.154682874679565,IO -> PLC,4.20705
1776102911.17212,38.170682191848755,IO -> PLC,2.55937
1776102911.1881196,38.18668174743652,IO -> PLC,1.26018
1776102911.20412,38.20268201828003,IO -> PLC,6.12558
1776102911.2201195,38.2186815738678,IO -> PLC,4.80967
1776102911.2361188,38.23468089103699,IO -> PLC,3.14167
1776102911.2521183,38.250680446624756,IO -> PLC,1.24934
1776102911.2681186,38.26668071746826,IO -> PLC,0.81443
1776102911.284118,38.28268003463745,IO -> PLC,3.94496
1776102911.3001175,38.29867959022522,IO -> PLC,4.04128
1776102911.3161168,38.31467890739441,IO -> PLC,2.47056
1776102911.3321164,38.33067846298218,IO -> PLC,0.92832
1776102911.3481166,38.346678733825684,IO -> PLC,1.0668
1776102911.364116,38.36267805099487,IO -> PLC,4.06733
1776102911.3801155,38.37867760658264,IO -> PLC,2.39516
1776102911.3961148,38.39467692375183,IO -> PLC,0.97501
1776102911.4121141,38.41067624092102,IO -> PLC,6.09746
1776102911.4281147,38.426676750183105,IO -> PLC,4.92404
1776102911.4441142,38.442676305770874,IO -> PLC,2.9161
1776102911.4601135,38.45867562294006,IO -> PLC,2.02013
1776102911.4761128,38.47467494010925,IO -> PLC,6.8445
1776102911.4921134,38.49067544937134,IO -> PLC,5.6342
1776102911.5081127,38.50667476654053,IO -> PLC,3.90379
1776102911.524112,38.52267408370972,IO -> PLC,0.91285
1776102911.5401115,38.538673639297485,IO -> PLC,0.88108
1776102911.5561109,38.554672956466675,IO -> PLC,6.05651
1776102911.5721114,38.57067346572876,IO -> PLC,4.49715
1776102911.5881107,38.58667278289795,IO -> PLC,3.22732
1776102911.60411,38.60267210006714,IO -> PLC,1.70372
1776102911.6201093,38.61867141723633,IO -> PLC,2.53767
1776102911.6361098,38.63467192649841,IO -> PLC,4.81192
1776102911.6521094,38.65067148208618,IO -> PLC,3.2852
1776102911.6681087,38.66667079925537,IO -> PLC,1.42879
1776102911.684108,38.68267011642456,IO -> PLC,6.6219
1776102911.7001076,38.69866967201233,IO -> PLC,5.63696
1776102911.7161078,38.714669942855835,IO -> PLC,3.0934
1776102911.7321072,38.730669260025024,IO -> PLC,2.58657
1776102911.7481067,38.74666881561279,IO -> PLC,0.80888
1776102911.764106,38.76266813278198,IO -> PLC,5.63949
1776102911.7801056,38.77866768836975,IO -> PLC,3.84556
1776102911.7961059,38.79466795921326,IO -> PLC,1.74946
1776102911.8121052,38.810667276382446,IO -> PLC,1.30319
1776102911.8281047,38.826666831970215,IO -> PLC,6.84631
1776102911.844104,38.842666149139404,IO -> PLC,5.12093
1776102911.8601046,38.85866665840149,IO -> PLC,3.46613
1776102911.8761039,38.87466597557068,IO -> PLC,1.94757
1776102911.8921032,38.89066529273987,IO -> PLC,0.67895
1776102911.9081028,38.90666484832764,IO -> PLC,5.70109
1776102911.924102,38.922664165496826,IO -> PLC,3.94292
1776102911.9401026,38.93866467475891,IO -> PLC,2.46028
1776102911.956102,38.9546639919281,IO -> PLC,0.94685
1776102911.9721012,38.97066330909729,IO -> PLC,2.74124
1776102911.9881008,38.98666286468506,IO -> PLC,4.13289
1776102912.0041,39.00266218185425,IO -> PLC,2.64298
1776102912.0201006,39.01866269111633,IO -> PLC,0.79689
1776102912.0361,39.03466200828552,IO -> PLC,5.85967
1776102912.0520995,39.05066156387329,IO -> PLC,1.37266
1776102912.0680988,39.06666088104248,IO -> PLC,2.70806
1776102912.084099,39.082661151885986,IO -> PLC,1.24374
1776102912.1000986,39.098660707473755,IO -> PLC,7.13112
1776102912.116098,39.114660024642944,IO -> PLC,5.40576
1776102912.1320972,39.130659341812134,IO -> PLC,3.93936
1776102912.1480968,39.1466588973999,IO -> PLC,2.39832
1776102912.164097,39.16265916824341,IO -> PLC,0.70464
1776102912.1800966,39.17865872383118,IO -> PLC,5.49637
1776102912.196096,39.194658041000366,IO -> PLC,4.10382
1776102912.2120953,39.210657358169556,IO -> PLC,2.89567
1776102912.2280948,39.226656913757324,IO -> PLC,1.27263
1776102912.244095,39.24265718460083,IO -> PLC,4.84566
1776102912.2600946,39.2586567401886,IO -> PLC,4.21275
1776102912.276094,39.27465605735779,IO -> PLC,3.3907
1776102912.2920933,39.29065537452698,IO -> PLC,1.99703
1776102912.3080938,39.30665588378906,IO -> PLC,6.81435
1776102912.324093,39.32265520095825,IO -> PLC,2.59759
1776102912.3400924,39.33865451812744,IO -> PLC,3.90332
1776102912.356092,39.35465407371521,IO -> PLC,2.54349
1776102912.3720913,39.3706533908844,IO -> PLC,1.42935
1776102912.3880918,39.386653900146484,IO -> PLC,6.49133
1776102912.4040911,39.402653217315674,IO -> PLC,5.09678
1776102912.4200904,39.41865253448486,IO -> PLC,3.60791
1776102912.43609,39.43465209007263,IO -> PLC,2.46216
1776102912.4520903,39.45065236091614,IO -> PLC,1.39115
1776102912.4680898,39.466651916503906,IO -> PLC,6.79307
1776102912.4840891,39.482651233673096,IO -> PLC,5.56124
1776102912.5000885,39.498650550842285,IO -> PLC,2.41261
1776102912.516088,39.514650106430054,IO -> PLC,5.33633
1776102912.5320883,39.53065037727356,IO -> PLC,3.57393
1776102912.5480878,39.54664993286133,IO -> PLC,2.02584
1776102912.5640872,39.56264925003052,IO -> PLC,0.9681
1776102912.5800867,39.578648805618286,IO -> PLC,4.13256
1776102912.596086,39.594648122787476,IO -> PLC,4.65089
1776102912.6120863,39.61064839363098,IO -> PLC,3.24082
1776102912.6280859,39.62664794921875,IO -> PLC,1.87899
1776102912.6440852,39.64264726638794,IO -> PLC,6.75456
1776102912.6600847,39.65864682197571,IO -> PLC,2.66685
1776102912.676085,39.674647092819214,IO -> PLC,3.81273
1776102912.6920843,39.6906464099884,IO -> PLC,2.37818
1776102912.7080839,39.70664596557617,IO -> PLC,0.92714
1776102912.7240832,39.72264528274536,IO -> PLC,6.25954
1776102912.7400825,39.73864459991455,IO -> PLC,1.2881
1776102912.756083,39.754645109176636,IO -> PLC,3.82349
1776102912.7720823,39.770644426345825,IO -> PLC,2.21285
1776102912.788082,39.786643981933594,IO -> PLC,0.95853
1776102912.8040812,39.80264329910278,IO -> PLC,5.92323
1776102912.8200805,39.81864261627197,IO -> PLC,4.50204
1776102912.836081,39.83464312553406,IO -> PLC,2.91796
1776102912.8520803,39.85064244270325,IO -> PLC,1.42708
1776102912.86808,39.866641998291016,IO -> PLC,6.36306
1776102912.8840792,39.882641315460205,IO -> PLC,4.99411
1776102912.9000797,39.89864182472229,IO -> PLC,3.33426
1776102912.916079,39.91464114189148,IO -> PLC,2.0626
1776102912.9320784,39.93064045906067,IO -> PLC,5.11241
1776102912.9480777,39.94663977622986,IO -> PLC,5.30497
1776102912.9640772,39.96263933181763,IO -> PLC,3.74745
1776102912.9800777,39.97863984107971,IO -> PLC,3.58367
1776102912.996077,39.9946391582489,IO -> PLC,2.15432
1776102913.0120764,40.01063847541809,IO -> PLC,5.63319
1776102913.028076,40.02663803100586,IO -> PLC,5.72549
1776102913.0440762,40.042638301849365,IO -> PLC,4.41367
1776102913.0600755,40.058637619018555,IO -> PLC,2.80006
1776102913.076075,40.07463717460632,IO -> PLC,1.06438
1776102913.0920744,40.09063649177551,IO -> PLC,0.8186
1776102913.108074,40.10663604736328,IO -> PLC,5.77417
1776102913.1240742,40.12263631820679,IO -> PLC,4.58019
1776102913.1400735,40.13863563537598,IO -> PLC,2.93891
1776102913.156073,40.154635190963745,IO -> PLC,1.5166
1776102913.1720724,40.170634508132935,IO -> PLC,3.32331
1776102913.188072,40.1866340637207,IO -> PLC,5.24635
1776102913.2040722,40.20263433456421,IO -> PLC,3.56298
1776102913.2200716,40.2186336517334,IO -> PLC,2.21651
1776102913.236071,40.23463320732117,IO -> PLC,0.71332
1776102913.2520704,40.250632524490356,IO -> PLC,1.8964
1776102913.268071,40.26663303375244,IO -> PLC,4.26505
1776102913.2840703,40.28263235092163,IO -> PLC,2.61033
1776102913.3000698,40.2986319065094,IO -> PLC,1.2741
1776102913.3160691,40.31463122367859,IO -> PLC,6.62777
1776102913.3320684,40.33063054084778,IO -> PLC,4.82456
1776102913.348069,40.34663105010986,IO -> PLC,2.94775
1776102913.3640683,40.36263036727905,IO -> PLC,1.96994
1776102913.3800678,40.37862992286682,IO -> PLC,7.52234
1776102913.3960671,40.39462924003601,IO -> PLC,6.25364
1776102913.4120665,40.4106285572052,IO -> PLC,4.66867
1776102913.428067,40.426629066467285,IO -> PLC,1.71861
1776102913.4440663,40.442628383636475,IO -> PLC,1.60604
1776102913.4600656,40.458627700805664,IO -> PLC,6.46921
1776102913.4760652,40.47462725639343,IO -> PLC,5.12378
1776102913.4920654,40.49062752723694,IO -> PLC,4.31286
1776102913.508065,40.50662708282471,IO -> PLC,2.70733
1776102913.5240643,40.5226263999939,IO -> PLC,1.1242
1776102913.5400636,40.538625717163086,IO -> PLC,6.12786
1776102913.5560632,40.554625272750854,IO -> PLC,4.76395
1776102913.5720634,40.57062554359436,IO -> PLC,3.17275
1776102913.588063,40.58662509918213,IO -> PLC,1.8682
1776102913.6040623,40.60262441635132,IO -> PLC,1.36873
1776102913.6200616,40.61862373352051,IO -> PLC,5.10458
1776102913.6360612,40.634623289108276,IO -> PLC,4.32421
1776102913.6520615,40.65062355995178,IO -> PLC,2.61524
1776102913.6680608,40.66662287712097,IO -> PLC,0.86756
1776102913.6840603,40.68262243270874,IO -> PLC,6.19747
1776102913.7000597,40.69862174987793,IO -> PLC,2.85235
1776102913.7160602,40.714622259140015,IO -> PLC,2.78266
1776102913.7320595,40.730621576309204,IO -> PLC,1.27146
1776102913.7480588,40.746620893478394,IO -> PLC,6.43681
1776102913.7640584,40.76262044906616,IO -> PLC,4.72672
1776102913.7800577,40.77861976623535,IO -> PLC,1.17958
1776102913.7960582,40.79462027549744,IO -> PLC,2.07985
1776102913.8120575,40.810619592666626,IO -> PLC,6.63485
1776102913.8280568,40.826618909835815,IO -> PLC,5.03957
1776102913.8440564,40.842618465423584,IO -> PLC,3.47077
1776102913.8600566,40.85861873626709,IO -> PLC,1.79061
1776102913.8760562,40.87461829185486,IO -> PLC,3.16314
1776102913.8920555,40.89061760902405,IO -> PLC,5.56228
1776102913.908055,40.906617164611816,IO -> PLC,3.88204
1776102913.9240544,40.922616481781006,IO -> PLC,2.24267
1776102913.9400547,40.93861675262451,IO -> PLC,6.976
1776102913.9560542,40.95461630821228,IO -> PLC,1.62151
1776102913.9720535,40.97061562538147,IO -> PLC,3.69928
1776102913.988053,40.98661518096924,IO -> PLC,2.39153
1776102914.0040524,41.00261449813843,IO -> PLC,1.0873
1776102914.0200527,41.018614768981934,IO -> PLC,6.10296
1776102914.0360522,41.0346143245697,IO -> PLC,4.56911
1776102914.0520515,41.05061364173889,IO -> PLC,2.7927
1776102914.0680509,41.06661295890808,IO -> PLC,1.37863
1776102914.0840514,41.082613468170166,IO -> PLC,6.88895
1776102914.1000507,41.098612785339355,IO -> PLC,5.3756
1776102914.1160502,41.114612340927124,IO -> PLC,3.92976
1776102914.1320496,41.13061165809631,IO -> PLC,1.48356
1776102914.1480489,41.1466109752655,IO -> PLC,1.48779
1776102914.1640494,41.16261148452759,IO -> PLC,6.68698
1776102914.1800487,41.17861080169678,IO -> PLC,4.83761
1776102914.1960483,41.194610357284546,IO -> PLC,3.47778
1776102914.2120476,41.210609674453735,IO -> PLC,2.04418
1776102914.228047,41.226608991622925,IO -> PLC,0.791
1776102914.2440474,41.24260950088501,IO -> PLC,4.29339
1776102914.2600467,41.2586088180542,IO -> PLC,4.43683
1776102914.276046,41.27460813522339,IO -> PLC,3.05348
1776102914.2920456,41.29060769081116,IO -> PLC,1.73349
1776102914.308046,41.30660820007324,IO -> PLC,6.8221
1776102914.3240454,41.32260751724243,IO -> PLC,2.17012
1776102914.3400447,41.33860683441162,IO -> PLC,3.86387
1776102914.356044,41.35460615158081,IO -> PLC,2.28411
1776102914.3720436,41.37060570716858,IO -> PLC,0.77587
1776102914.3880439,41.386605978012085,IO -> PLC,6.03226
1776102914.4040434,41.40260553359985,IO -> PLC,5.25102
1776102914.4200428,41.41860485076904,IO -> PLC,3.57677
1776102914.4360423,41.43460440635681,IO -> PLC,2.5088
1776102914.4520416,41.450603723526,IO -> PLC,7.14596
1776102914.468042,41.46660399436951,IO -> PLC,5.62132
1776102914.4840415,41.482603549957275,IO -> PLC,4.21853
1776102914.5000408,41.498602867126465,IO -> PLC,2.44916
1776102914.5160403,41.51460242271423,IO -> PLC,4.94367
1776102914.5320406,41.53060269355774,IO -> PLC,3.20718
1776102914.54804,41.54660201072693,IO -> PLC,1.7295
1776102914.5640395,41.5626015663147,IO -> PLC,1.38372
1776102914.5800388,41.57860088348389,IO -> PLC,4.51025
1776102914.5960383,41.594600439071655,IO -> PLC,3.87116
1776102914.6120386,41.61060070991516,IO -> PLC,2.36093
1776102914.628038,41.62660002708435,IO -> PLC,0.79829
1776102914.6440375,41.64259958267212,IO -> PLC,5.90323
1776102914.6600368,41.65859889984131,IO -> PLC,3.31679
1776102914.6760373,41.674599409103394,IO -> PLC,2.9942
1776102914.6920366,41.69059872627258,IO -> PLC,1.77278
1776102914.708036,41.70659804344177,IO -> PLC,6.84076
1776102914.7240355,41.72259759902954,IO -> PLC,5.53117
1776102914.7400348,41.73859691619873,IO -> PLC,1.72195
1776102914.7560353,41.754597425460815,IO -> PLC,3.21705
1776102914.7720346,41.770596742630005,IO -> PLC,1.70481
1776102914.788034,41.786596059799194,IO -> PLC,6.84256
1776102914.8040335,41.80259561538696,IO -> PLC,5.42129
1776102914.8200328,41.81859493255615,IO -> PLC,4.18826
1776102914.8360333,41.83459544181824,IO -> PLC,2.62778
1776102914.8520327,41.85059475898743,IO -> PLC,0.91777
1776102914.868032,41.866594076156616,IO -> PLC,6.24089
1776102914.8840313,41.882593393325806,IO -> PLC,5.50581
1776102914.9000318,41.89859390258789,IO -> PLC,4.13269
1776102914.9160314,41.91459345817566,IO -> PLC,2.15027
1776102914.9320307,41.93059277534485,IO -> PLC,0.96764
1776102914.94803,41.94659209251404,IO -> PLC,6.11451
1776102914.9640293,41.96259140968323,IO -> PLC,4.44659
1776102914.9800298,41.97859191894531,IO -> PLC,3.05915
1776102914.9960291,41.9945912361145,IO -> PLC,0.7
1776102915.0120287,42.01059079170227,IO -> PLC,3.71989
1776102915.028028,42.02659010887146,IO -> PLC,4.75937
1776102915.0440285,42.042590618133545,IO -> PLC,3.08328
1776102915.0600278,42.058589935302734,IO -> PLC,1.56456
1776102915.0760272,42.074589252471924,IO -> PLC,7.22569
1776102915.0920267,42.09058880805969,IO -> PLC,2.39138
1776102915.108026,42.10658812522888,IO -> PLC,4.42835
1776102915.1240265,42.12258863449097,IO -> PLC,2.97227
1776102915.1400259,42.138587951660156,IO -> PLC,1.56732
1776102915.1560252,42.154587268829346,IO -> PLC,6.26385
1776102915.1720247,42.170586824417114,IO -> PLC,0.65742
1776102915.188024,42.186586141586304,IO -> PLC,3.92827
1776102915.2040246,42.20258665084839,IO -> PLC,2.43124
1776102915.2200239,42.21858596801758,IO -> PLC,0.99756
1776102915.2360232,42.23458528518677,IO -> PLC,6.13331
1776102915.2520227,42.250584840774536,IO -> PLC,4.71828
1776102915.268023,42.26658511161804,IO -> PLC,2.0283
1776102915.2840226,42.28258466720581,IO -> PLC,2.06926
1776102915.300022,42.298583984375,IO -> PLC,0.66231
1776102915.3160212,42.31458330154419,IO -> PLC,5.585
1776102915.3320208,42.33058285713196,IO -> PLC,3.82883
1776102915.348021,42.346583127975464,IO -> PLC,2.07714
1776102915.3640206,42.36258268356323,IO -> PLC,1.11965
1776102915.38002,42.37858200073242,IO -> PLC,6.06579
1776102915.3960192,42.39458131790161,IO -> PLC,4.55763
1776102915.4120188,42.41058087348938,IO -> PLC,3.86431
1776102915.428019,42.426581144332886,IO -> PLC,0.58863
1776102915.4440186,42.442580699920654,IO -> PLC,4.11983
1776102915.460018,42.458580017089844,IO -> PLC,5.65381
1776102915.4760172,42.47457933425903,IO -> PLC,4.23766
1776102915.4920177,42.49057984352112,IO -> PLC,3.11967
1776102915.508017,42.50657916069031,IO -> PLC,1.45974
1776102915.5240166,42.522578716278076,IO -> PLC,3.25822
1776102915.540016,42.538578033447266,IO -> PLC,4.71435
1776102915.5560153,42.554577350616455,IO -> PLC,3.35252
1776102915.5720158,42.57057785987854,IO -> PLC,1.64756
1776102915.588015,42.58657717704773,IO -> PLC,6.95123
1776102915.6040144,42.60257649421692,IO -> PLC,1.67458
1776102915.620014,42.61857604980469,IO -> PLC,3.92739
1776102915.6360133,42.63457536697388,IO -> PLC,2.17851
1776102915.6520138,42.65057587623596,IO -> PLC,7.32553
1776102915.668013,42.66657519340515,IO -> PLC,5.79665
1776102915.6840124,42.68257451057434,IO -> PLC,4.56507
1776102915.700012,42.69857406616211,IO -> PLC,2.7925
1776102915.7160122,42.714574337005615,IO -> PLC,1.07225
1776102915.7320118,42.730573892593384,IO -> PLC,6.34825
1776102915.748011,42.74657320976257,IO -> PLC,4.81953
1776102915.7640104,42.76257252693176,IO -> PLC,3.29673
1776102915.78001,42.77857208251953,IO -> PLC,1.33703
1776102915.7960103,42.79457235336304,IO -> PLC,0.85588
1776102915.8120098,42.810571908950806,IO -> PLC,5.52552
1776102915.8280091,42.826571226119995,IO -> PLC,4.03576
1776102915.8440084,42.842570543289185,IO -> PLC,2.19767
1776102915.860009,42.85857105255127,IO -> PLC,1.41634
1776102915.8760083,42.87457036972046,IO -> PLC,1.77915
1776102915.8920078,42.89056992530823,IO -> PLC,6.52264
1776102915.9080071,42.90656924247742,IO -> PLC,5.50282
1776102915.9240065,42.922568559646606,IO -> PLC,3.9229
1776102915.940007,42.93856906890869,IO -> PLC,2.40634
1776102915.9560063,42.95456838607788,IO -> PLC,0.97891
1776102915.9720058,42.97056794166565,IO -> PLC,4.85924
1776102915.9880052,42.98656725883484,IO -> PLC,5.01812
1776102916.0040045,43.00256657600403,IO -> PLC,3.41764
1776102916.020005,43.01856708526611,IO -> PLC,1.70651
1776102916.0360043,43.0345664024353,IO -> PLC,6.59849
1776102916.0520039,43.05056595802307,IO -> PLC,2.83022
1776102916.0680032,43.06656527519226,IO -> PLC,3.33928
1776102916.0840037,43.082565784454346,IO -> PLC,1.48695
1776102916.100003,43.098565101623535,IO -> PLC,7.21128
1776102916.1160023,43.114564418792725,IO -> PLC,5.45638
1776102916.1320019,43.13056397438049,IO -> PLC,2.67528
1776102916.1480012,43.14656329154968,IO -> PLC,2.49703
1776102916.1640017,43.16256380081177,IO -> PLC,0.82078
1776102916.180001,43.17856311798096,IO -> PLC,5.48043
1776102916.1960003,43.19456243515015,IO -> PLC,4.21476
1776102916.2119997,43.210561752319336,IO -> PLC,1.65608
1776102916.2280002,43.22656226158142,IO -> PLC,1.06716
1776102916.2439997,43.24256181716919,IO -> PLC,5.83105
1776102916.259999,43.25856113433838,IO -> PLC,4.17536
1776102916.2759984,43.27456045150757,IO -> PLC,2.65377
1776102916.2919977,43.29055976867676,IO -> PLC,1.30834
1776102916.3079982,43.30656027793884,IO -> PLC,1.4805
1776102916.3239975,43.32255959510803,IO -> PLC,4.3767
1776102916.339997,43.3385591506958,IO -> PLC,2.61133
1776102916.3559964,43.35455846786499,IO -> PLC,0.97909
1776102916.3719957,43.37055778503418,IO -> PLC,5.62417
1776102916.3879962,43.386558294296265,IO -> PLC,4.37707
1776102916.4039955,43.402557611465454,IO -> PLC,2.76554
1776102916.419995,43.41855716705322,IO -> PLC,1.15266
1776102916.4359944,43.43455648422241,IO -> PLC,5.86439
1776102916.451995,43.4505569934845,IO -> PLC,4.18205
1776102916.4679942,43.46655631065369,IO -> PLC,3.01887
1776102916.4839935,43.482555627822876,IO -> PLC,0.99653
1776102916.499993,43.498555183410645,IO -> PLC,4.3802
1776102916.5159924,43.514554500579834,IO -> PLC,7.7605
1776102916.531993,43.53055500984192,IO -> PLC,6.77149
1776102916.5479922,43.54655432701111,IO -> PLC,5.15453
1776102916.5639915,43.5625536441803,IO -> PLC,2.94898
1776102916.579991,43.578553199768066,IO -> PLC,2.19949
1776102916.5959904,43.594552516937256,IO -> PLC,0.8039
1776102916.611991,43.61055302619934,IO -> PLC,5.42754
1776102916.6279902,43.62655234336853,IO -> PLC,3.91931
1776102916.6439896,43.64255166053772,IO -> PLC,1.36046
1776102916.659989,43.65855121612549,IO -> PLC,0.82291
1776102916.6759894,43.674551486968994,IO -> PLC,6.05578
1776102916.691989,43.69055104255676,IO -> PLC,4.57618
1776102916.7079883,43.70655035972595,IO -> PLC,3.0689
1776102916.7239876,43.72254967689514,IO -> PLC,0.81727
1776102916.7399871,43.73854923248291,IO -> PLC,4.32166
1776102916.7559874,43.754549503326416,IO -> PLC,5.13169
1776102916.771987,43.770549058914185,IO -> PLC,4.08428
1776102916.7879863,43.786548376083374,IO -> PLC,2.65996
1776102916.8039856,43.80254769325256,IO -> PLC,1.35757
1776102916.819985,43.81854701042175,IO -> PLC,2.3592
1776102916.8359854,43.83454751968384,IO -> PLC,4.86003
1776102916.851985,43.850547075271606,IO -> PLC,3.27387
1776102916.8679843,43.866546392440796,IO -> PLC,1.76051
1776102916.8839836,43.882545709609985,IO -> PLC,6.93914
1776102916.8999841,43.89854621887207,IO -> PLC,5.81492
1776102916.9159834,43.91454553604126,IO -> PLC,2.08258
1776102916.9319828,43.93054485321045,IO -> PLC,2.33338
1776102916.9479823,43.94654440879822,IO -> PLC,1.00427
1776102916.9639816,43.96254372596741,IO -> PLC,6.15842
1776102916.9799821,43.97854423522949,IO -> PLC,4.65842
1776102916.9959815,43.99454355239868,IO -> PLC,3.25251
1776102917.0119808,44.01054286956787,IO -> PLC,1.72067
1776102917.0279803,44.02654242515564,IO -> PLC,6.50816
1776102917.0439806,44.042542695999146,IO -> PLC,5.23129
1776102917.0599802,44.058542251586914,IO -> PLC,3.53665
1776102917.0759795,44.0745415687561,IO -> PLC,2.14298
1776102917.0919788,44.09054088592529,IO -> PLC,1.00451
1776102917.1079783,44.10654044151306,IO -> PLC,5.07005
1776102917.1239786,44.12254071235657,IO -> PLC,4.63194
1776102917.139978,44.13854002952576,IO -> PLC,3.06618
1776102917.1559775,44.154539585113525,IO -> PLC,1.60818
1776102917.1719768,44.170538902282715,IO -> PLC,0.70517
1776102917.1879764,44.18653845787048,IO -> PLC,4.01091
1776102917.2039766,44.20253872871399,IO -> PLC,3.85937
1776102917.2199762,44.21853828430176,IO -> PLC,2.39714
1776102917.2359755,44.23453760147095,IO -> PLC,0.82642
1776102917.2519748,44.25053691864014,IO -> PLC,6.39827
1776102917.2679753,44.26653742790222,IO -> PLC,1.67364
1776102917.2839746,44.28253674507141,IO -> PLC,4.52656
1776102917.2999742,44.29853630065918,IO -> PLC,2.96112
1776102917.3159735,44.31453561782837,IO -> PLC,1.71098
1776102917.3319728,44.33053493499756,IO -> PLC,0.5734
1776102917.3479733,44.346535444259644,IO -> PLC,5.49801
1776102917.3639727,44.36253476142883,IO -> PLC,2.85708
1776102917.3799722,44.3785343170166,IO -> PLC,2.933
1776102917.3959715,44.39453363418579,IO -> PLC,1.71757
1776102917.4119709,44.41053295135498,IO -> PLC,7.01917
1776102917.4279714,44.426533460617065,IO -> PLC,5.69734
1776102917.4439707,44.442532777786255,IO -> PLC,1.5769
1776102917.4599702,44.45853233337402,IO -> PLC,2.95
1776102917.4759696,44.47453165054321,IO -> PLC,1.79913
1776102917.4919698,44.49053192138672,IO -> PLC,6.78119
1776102917.5079694,44.50653147697449,IO -> PLC,5.37536
1776102917.5239687,44.52253079414368,IO -> PLC,3.72792
1776102917.539968,44.538530111312866,IO -> PLC,2.14479
1776102917.5559676,44.554529666900635,IO -> PLC,6.90964
1776102917.571968,44.57053017616272,IO -> PLC,5.65741
1776102917.5879674,44.58652949333191,IO -> PLC,4.58327
1776102917.6039667,44.6025288105011,IO -> PLC,3.18984
1776102917.619966,44.61852812767029,IO -> PLC,1.72552
1776102917.6359656,44.63452768325806,IO -> PLC,6.84495
1776102917.6519659,44.65052795410156,IO -> PLC,5.51896
1776102917.6679654,44.66652750968933,IO -> PLC,4.00944
1776102917.6839647,44.68252682685852,IO -> PLC,2.63329
1776102917.699964,44.69852614402771,IO -> PLC,1.18458
1776102917.7159646,44.714526653289795,IO -> PLC,4.57432
1776102917.7319639,44.730525970458984,IO -> PLC,4.87025
1776102917.7479634,44.74652552604675,IO -> PLC,3.40193
1776102917.7639627,44.76252484321594,IO -> PLC,1.69496
1776102917.779962,44.77852416038513,IO -> PLC,6.74959
1776102917.7959626,44.79452466964722,IO -> PLC,3.53143
1776102917.811962,44.810523986816406,IO -> PLC,4.36906
1776102917.8279614,44.826523542404175,IO -> PLC,2.67754
1776102917.8439608,44.842522859573364,IO -> PLC,1.12514
1776102917.859961,44.85852313041687,IO -> PLC,5.88702
1776102917.8759606,44.87452268600464,IO -> PLC,1.77475
1776102917.89196,44.89052200317383,IO -> PLC,3.05192
1776102917.9079595,44.9065215587616,IO -> PLC,1.42055
1776102917.9239588,44.922520875930786,IO -> PLC,6.94023
1776102917.939959,44.93852114677429,IO -> PLC,4.97637
1776102917.9559586,44.95452070236206,IO -> PLC,3.57054
1776102917.971958,44.97052001953125,IO -> PLC,2.00278
1776102917.9879575,44.98651957511902,IO -> PLC,6.77099
1776102918.0039568,45.00251889228821,IO -> PLC,5.68957
1776102918.019957,45.018519163131714,IO -> PLC,4.21197
1776102918.0359566,45.03451871871948,IO -> PLC,2.42204
1776102918.051956,45.05051803588867,IO -> PLC,1.35438
1776102918.0679555,45.06651759147644,IO -> PLC,4.43156
1776102918.0839558,45.082517862319946,IO -> PLC,4.79108
1776102918.099955,45.098517179489136,IO -> PLC,2.91731
1776102918.1159546,45.114516735076904,IO -> PLC,1.1693
1776102918.131954,45.130516052246094,IO -> PLC,6.28465
1776102918.1479533,45.14651536941528,IO -> PLC,3.41043
1776102918.1639538,45.16251587867737,IO -> PLC,3.35201
1776102918.1799533,45.17851543426514,IO -> PLC,1.53856
1776102918.1959527,45.194514751434326,IO -> PLC,6.74391
1776102918.211952,45.210514068603516,IO -> PLC,4.9735
1776102918.2279513,45.226513385772705,IO -> PLC,3.01172
1776102918.2439518,45.24251389503479,IO -> PLC,1.7439
1776102918.259951,45.25851321220398,IO -> PLC,6.76996
1776102918.2759507,45.27451276779175,IO -> PLC,5.20836
1776102918.29195,45.29051208496094,IO -> PLC,3.79541
1776102918.3079505,45.30651259422302,IO -> PLC,1.39841
1776102918.3239498,45.32251191139221,IO -> PLC,4.4655
1776102918.3399491,45.3385112285614,IO -> PLC,5.21312
1776102918.3559487,45.35451078414917,IO -> PLC,3.53375
1776102918.371948,45.37051010131836,IO -> PLC,2.04591
1776102918.3879485,45.386510610580444,IO -> PLC,7.11206
1776102918.4039478,45.402509927749634,IO -> PLC,2.37303
1776102918.4199471,45.41850924491882,IO -> PLC,4.21735
1776102918.4359467,45.43450880050659,IO -> PLC,2.66287
1776102918.451947,45.4505090713501,IO -> PLC,7.29771
1776102918.4679463,45.46650838851929,IO -> PLC,5.74875
1776102918.4839458,45.482507944107056,IO -> PLC,3.25639
1776102918.4999452,45.498507261276245,IO -> PLC,3.10677
1776102918.5159447,45.514506816864014,IO -> PLC,4.42498
1776102918.531945,45.53050708770752,IO -> PLC,3.10395
1776102918.5479443,45.54650640487671,IO -> PLC,1.52011
1776102918.5639439,45.56250596046448,IO -> PLC,4.81866
1776102918.5799432,45.57850527763367,IO -> PLC,5.58052
1776102918.5959427,45.594504833221436,IO -> PLC,4.75127
1776102918.611943,45.61050510406494,IO -> PLC,4.76575
1776102918.6279423,45.62650442123413,IO -> PLC,3.05678
1776102918.6439419,45.6425039768219,IO -> PLC,1.44502
1776102918.6599412,45.65850329399109,IO -> PLC,6.56852
1776102918.6759417,45.674503803253174,IO -> PLC,5.23517
1776102918.691941,45.69050312042236,IO -> PLC,4.31264
1776102918.7079403,45.70650243759155,IO -> PLC,2.76752
1776102918.72394,45.72250199317932,IO -> PLC,1.4693
1776102918.7399392,45.73850131034851,IO -> PLC,3.08856
1776102918.7559397,45.754501819610596,IO -> PLC,4.75047
1776102918.771939,45.770501136779785,IO -> PLC,3.10493
1776102918.7879386,45.786500692367554,IO -> PLC,2.30009
1776102918.803938,45.80250000953674,IO -> PLC,7.12654
1776102918.8199372,45.81849932670593,IO -> PLC,1.56028
1776102918.8359377,45.83449983596802,IO -> PLC,3.96366
1776102918.851937,45.85049915313721,IO -> PLC,2.30269
1776102918.8679364,45.8664984703064,IO -> PLC,7.03002
1776102918.883936,45.882498025894165,IO -> PLC,5.54915
1776102918.8999362,45.89849829673767,IO -> PLC,3.89346
1776102918.9159358,45.91449785232544,IO -> PLC,2.22042
1776102918.931935,45.93049716949463,IO -> PLC,0.75618
1776102918.9479344,45.94649648666382,IO -> PLC,5.62559
1776102918.9639337,45.96249580383301,IO -> PLC,4.07623
1776102918.9799342,45.97849631309509,IO -> PLC,2.47183
1776102918.9959338,45.99449586868286,IO -> PLC,1.30441
1776102919.011933,46.01049518585205,IO -> PLC,4.55503
1776102919.0279324,46.02649450302124,IO -> PLC,5.20225
1776102919.0439317,46.04249382019043,IO -> PLC,3.53217
1776102919.0599322,46.058494329452515,IO -> PLC,1.74128
1776102919.0759315,46.074493646621704,IO -> PLC,6.71213
1776102919.091931,46.09049320220947,IO -> PLC,2.97859
1776102919.1079304,46.10649251937866,IO -> PLC,3.79478
1776102919.123931,46.12249302864075,IO -> PLC,2.37759
1776102919.1399302,46.13849234580994,IO -> PLC,0.77303
1776102919.1559296,46.154491662979126,IO -> PLC,5.32299
1776102919.1719291,46.170491218566895,IO -> PLC,2.34124
1776102919.1879284,46.186490535736084,IO -> PLC,2.22771
1776102919.203929,46.20249104499817,IO -> PLC,7.05096
1776102919.2199283,46.21849036216736,IO -> PLC,5.39528
1776102919.2359276,46.23448967933655,IO -> PLC,3.90136
1776102919.2519271,46.250489234924316,IO -> PLC,2.27943
1776102919.2679274,46.26648950576782,IO -> PLC,0.76183
1776102919.283927,46.28248906135559,IO -> PLC,6.00198
1776102919.2999263,46.29848837852478,IO -> PLC,4.4947
1776102919.3159256,46.31448769569397,IO -> PLC,2.5306
1776102919.3319252,46.33048725128174,IO -> PLC,0.77371
1776102919.3479254,46.346487522125244,IO -> PLC,1.79983
1776102919.363925,46.36248707771301,IO -> PLC,3.91152
1776102919.3799243,46.3784863948822,IO -> PLC,2.41464
1776102919.3959236,46.39448571205139,IO -> PLC,1.05153
1776102919.4119232,46.41048526763916,IO -> PLC,6.02239
1776102919.4279234,46.426485538482666,IO -> PLC,1.59994
1776102919.443923,46.442485094070435,IO -> PLC,3.18824
1776102919.4599223,46.458484411239624,IO -> PLC,1.58376
1776102919.4759216,46.47448372840881,IO -> PLC,6.38757
1776102919.4919221,46.4904842376709,IO -> PLC,5.00438
1776102919.5079215,46.50648355484009,IO -> PLC,3.58991
1776102919.523921,46.522483110427856,IO -> PLC,1.75733
1776102919.5399203,46.538482427597046,IO -> PLC,5.2054
1776102919.5559196,46.554481744766235,IO -> PLC,5.13883
1776102919.5719202,46.57048225402832,IO -> PLC,3.84468
1776102919.5879195,46.58648157119751,IO -> PLC,2.47765
1776102919.603919,46.60248112678528,IO -> PLC,1.11774
1776102919.6199183,46.61848044395447,IO -> PLC,3.8093
1776102919.6359189,46.63448095321655,IO -> PLC,4.26395
1776102919.6519182,46.65048027038574,IO -> PLC,2.63586
1776102919.6679175,46.66647958755493,IO -> PLC,0.84697
1776102919.6839168,46.68247890472412,IO -> PLC,6.63507
1776102919.6999164,46.69847846031189,IO -> PLC,1.84164
1776102919.7159169,46.714478969573975,IO -> PLC,3.85197
1776102919.7319162,46.730478286743164,IO -> PLC,2.49517
1776102919.7479155,46.74647760391235,IO -> PLC,0.87117
1776102919.7639148,46.76247692108154,IO -> PLC,5.56249
1776102919.7799144,46.77847647666931,IO -> PLC,3.8924
1776102919.7959146,46.79447674751282,IO -> PLC,2.45465
1776102919.8119142,46.810476303100586,IO -> PLC,1.10514
1776102919.8279135,46.826475620269775,IO -> PLC,5.83726
1776102919.8439128,46.842474937438965,IO -> PLC,4.33535
1776102919.8599133,46.85847544670105,IO -> PLC,2.6827
1776102919.8759127,46.87447476387024,IO -> PLC,1.0935
1776102919.8919122,46.89047431945801,IO -> PLC,5.15904
1776102919.9079115,46.9064736366272,IO -> PLC,4.77309
1776102919.9239109,46.92247295379639,IO -> PLC,3.09981
1776102919.9399114,46.93847346305847,IO -> PLC,1.44932
1776102919.9559107,46.95447278022766,IO -> PLC,6.19785
1776102919.9719102,46.97047233581543,IO -> PLC,3.44956
1776102919.9879096,46.98647165298462,IO -> PLC,3.37386
1776102920.0039089,47.00247097015381,IO -> PLC,2.00075
1776102920.0199094,47.018471479415894,IO -> PLC,6.78728
1776102920.0359087,47.03447079658508,IO -> PLC,5.33001
1776102920.0519083,47.05047035217285,IO -> PLC,3.1011
1776102920.0679076,47.06646966934204,IO -> PLC,1.988
1776102920.0839078,47.08246994018555,IO -> PLC,7.83946
1776102920.0999074,47.098469495773315,IO -> PLC,6.56059
1776102920.1159067,47.114468812942505,IO -> PLC,5.14132
1776102920.1319063,47.13046836853027,IO -> PLC,0.89391
1776102920.1479056,47.14646768569946,IO -> PLC,2.44421
1776102920.163906,47.16246819496155,IO -> PLC,0.77517
1776102920.1799054,47.17846751213074,IO -> PLC,5.80739
1776102920.1959047,47.19446682929993,IO -> PLC,4.42004
1776102920.2119043,47.210466384887695,IO -> PLC,3.02549
1776102920.2279036,47.226465702056885,IO -> PLC,1.53357
1776102920.243904,47.24246621131897,IO -> PLC,6.36618
1776102920.2599034,47.25846552848816,IO -> PLC,5.03083
1776102920.2759027,47.27446484565735,IO -> PLC,4.09718
1776102920.291902,47.29046416282654,IO -> PLC,2.90312
1776102920.3079026,47.30646467208862,IO -> PLC,1.15647
1776102920.3239021,47.32246422767639,IO -> PLC,5.094
1776102920.3399014,47.33846354484558,IO -> PLC,4.34235
1776102920.3559008,47.35446286201477,IO -> PLC,2.85963
1776102920.3719,47.37046217918396,IO -> PLC,1.1025
1776102920.3879006,47.386462688446045,IO -> PLC,6.6305
1776102920.4039,47.402462005615234,IO -> PLC,2.61535
1776102920.4198995,47.418461561203,IO -> PLC,3.82268
1776102920.4358988,47.43446087837219,IO -> PLC,2.02475
1776102920.4518993,47.45046138763428,IO -> PLC,6.94728
1776102920.4678986,47.46646070480347,IO -> PLC,5.2732
1776102920.483898,47.482460021972656,IO -> PLC,2.36218
1776102920.4998975,47.498459577560425,IO -> PLC,2.58834
1776102920.5158968,47.514458894729614,IO -> PLC,3.07699
1776102920.5318973,47.5304594039917,IO -> PLC,2.69001
1776102920.5478966,47.54645872116089,IO -> PLC,1.07512
1776102920.563896,47.56245803833008,IO -> PLC,4.03085
1776102920.5798955,47.57845759391785,IO -> PLC,4.25317
1776102920.5958948,47.594456911087036,IO -> PLC,3.21479
1776102920.611895,47.61045718193054,IO -> PLC,1.58279
1776102920.6278946,47.62645673751831,IO -> PLC,6.60877
1776102920.643894,47.6424560546875,IO -> PLC,2.35201
1776102920.6598935,47.65845561027527,IO -> PLC,3.63718
1776102920.6758938,47.674455881118774,IO -> PLC,1.98053
1776102920.691893,47.690455198287964,IO -> PLC,7.02612
1776102920.7078927,47.70645475387573,IO -> PLC,5.56084
1776102920.723892,47.72245407104492,IO -> PLC,4.13741
1776102920.7398915,47.73845362663269,IO -> PLC,2.44076
1776102920.7558918,47.754453897476196,IO -> PLC,0.92636
1776102920.771891,47.770453214645386,IO -> PLC,5.76609
1776102920.7878907,47.786452770233154,IO -> PLC,4.93373
1776102920.80389,47.802452087402344,IO -> PLC,3.32821
1776102920.8198895,47.81845164299011,IO -> PLC,1.56892
1776102920.8358898,47.83445191383362,IO -> PLC,5.12987
1776102920.8518891,47.85045123100281,IO -> PLC,5.00906
1776102920.8678887,47.866450786590576,IO -> PLC,3.5049
1776102920.883888,47.882450103759766,IO -> PLC,1.72841
1776102920.8998885,47.89845061302185,IO -> PLC,7.31034
1776102920.9158878,47.91444993019104,IO -> PLC,3.43271
1776102920.9318874,47.93044948577881,IO -> PLC,4.00297
1776102920.9478867,47.946448802948,IO -> PLC,2.40552
1776102920.963886,47.96244812011719,IO -> PLC,1.09802
1776102920.9798865,47.97844862937927,IO -> PLC,6.14271
1776102920.9958858,47.99444794654846,IO -> PLC,1.79266
1776102921.0118852,48.01044726371765,IO -> PLC,3.37096
1776102921.0278847,48.02644681930542,IO -> PLC,2.02433
1776102921.043884,48.04244613647461,IO -> PLC,6.84558
1776102921.0598845,48.058446645736694,IO -> PLC,5.22262
1776102921.0758839,48.074445962905884,IO -> PLC,3.6755
1776102921.0918832,48.09044528007507,IO -> PLC,2.72225
1776102921.1078827,48.10644483566284,IO -> PLC,1.16473
1776102921.123883,48.12244510650635,IO -> PLC,6.63737
1776102921.1398826,48.138444662094116,IO -> PLC,4.86896
1776102921.155882,48.154443979263306,IO -> PLC,3.24296
1776102921.1718812,48.170443296432495,IO -> PLC,1.6692
1776102921.1878808,48.186442852020264,IO -> PLC,0.97092
1776102921.203881,48.20244312286377,IO -> PLC,5.79217
1776102921.2198803,48.21844244003296,IO -> PLC,4.30337
1776102921.23588,48.23444199562073,IO -> PLC,2.79609
1776102921.2518792,48.25044131278992,IO -> PLC,0.94056
1776102921.2678797,48.266441822052,IO -> PLC,5.17827
1776102921.283879,48.28244113922119,IO -> PLC,4.81584
1776102921.2998784,48.29844045639038,IO -> PLC,3.02495
1776102921.315878,48.31444001197815,IO -> PLC,1.19622
1776102921.3318772,48.33043932914734,IO -> PLC,6.23756
1776102921.3478777,48.346439838409424,IO -> PLC,3.58151
1776102921.363877,48.36243915557861,IO -> PLC,4.64843
1776102921.3798764,48.3784384727478,IO -> PLC,2.86578
1776102921.395876,48.39443802833557,IO -> PLC,1.55323
1776102921.4118752,48.41043734550476,IO -> PLC,6.40216
1776102921.4278758,48.426437854766846,IO -> PLC,1.93555
1776102921.443875,48.442437171936035,IO -> PLC,3.15304
1776102921.4598744,48.458436489105225,IO -> PLC,1.75848
1776102921.475874,48.47443604469299,IO -> PLC,6.69238
1776102921.4918742,48.4904363155365,IO -> PLC,5.34375
1776102921.5078738,48.50643587112427,IO -> PLC,0.82305
1776102921.523873,48.52243518829346,IO -> PLC,1.95966
1776102921.5398724,48.53843450546265,IO -> PLC,6.82195
1776102921.555872,48.554434061050415,IO -> PLC,5.27267
1776102921.5718722,48.57043433189392,IO -> PLC,3.86276
1776102921.5878718,48.58643388748169,IO -> PLC,2.32996
1776102921.603871,48.60243320465088,IO -> PLC,2.24715
1776102921.6198704,48.61843252182007,IO -> PLC,5.4176
1776102921.635871,48.63443303108215,IO -> PLC,4.26674
1776102921.6518703,48.65043234825134,IO -> PLC,2.69178
1776102921.6678698,48.66643190383911,IO -> PLC,0.85697
1776102921.6838691,48.6824312210083,IO -> PLC,1.0088
1776102921.6998684,48.69843053817749,IO -> PLC,4.14765
1776102921.715869,48.714431047439575,IO -> PLC,2.68021
1776102921.7318683,48.730430364608765,IO -> PLC,1.01413
1776102921.7478678,48.74642992019653,IO -> PLC,5.86706
1776102921.7638671,48.76242923736572,IO -> PLC,4.29738
1776102921.7798665,48.77842855453491,IO -> PLC,2.15951
1776102921.795867,48.794429063797,IO -> PLC,1.56964
1776102921.8118663,48.81042838096619,IO -> PLC,6.78419
1776102921.8278656,48.826427698135376,IO -> PLC,5.05266
1776102921.8438652,48.842427253723145,IO -> PLC,3.4901
1776102921.8598657,48.85842776298523,IO -> PLC,1.68601
1776102921.875865,48.87442708015442,IO -> PLC,5.82323
1776102921.8918643,48.89042639732361,IO -> PLC,5.58673
1776102921.9078636,48.9064257144928,IO -> PLC,3.99753
1776102921.9238632,48.922425270080566,IO -> PLC,2.41561
1776102921.9398634,48.93842554092407,IO -> PLC,1.08562
1776102921.955863,48.95442509651184,IO -> PLC,4.28775
1776102921.9718623,48.97042441368103,IO -> PLC,4.19774
1776102921.9878616,48.98642373085022,IO -> PLC,2.87175
1776102922.0038612,49.00242328643799,IO -> PLC,1.48112
1776102922.0198615,49.018423557281494,IO -> PLC,6.12028
1776102922.035861,49.03442311286926,IO -> PLC,1.93024
1776102922.0518603,49.05042243003845,IO -> PLC,3.27366
1776102922.0678596,49.06642174720764,IO -> PLC,1.07923
1776102922.0838602,49.08242225646973,IO -> PLC,6.79572
1776102922.0998595,49.098421573638916,IO -> PLC,5.31916
1776102922.115859,49.114421129226685,IO -> PLC,3.6062
1776102922.1318583,49.130420446395874,IO -> PLC,1.51409
1776102922.1478577,49.14641976356506,IO -> PLC,1.18855
1776102922.1638582,49.16242027282715,IO -> PLC,6.52894
1776102922.1798575,49.17841958999634,IO -> PLC,5.0207
1776102922.195857,49.194419145584106,IO -> PLC,3.63639
1776102922.2118564,49.210418462753296,IO -> PLC,0.58496
1776102922.2278557,49.226417779922485,IO -> PLC,3.50461
1776102922.2438562,49.24241828918457,IO -> PLC,5.20852
1776102922.2598555,49.25841760635376,IO -> PLC,3.55179
1776102922.275855,49.27441716194153,IO -> PLC,2.69694
1776102922.2918544,49.29041647911072,IO -> PLC,1.03494
1776102922.3078547,49.306416749954224,IO -> PLC,1.87081
1776102922.3238542,49.32241630554199,IO -> PLC,4.48324
1776102922.3398535,49.33841562271118,IO -> PLC,3.07333
1776102922.355853,49.35441517829895,IO -> PLC,1.40732
1776102922.3718524,49.37041449546814,IO -> PLC,6.45882
1776102922.387853,49.386415004730225,IO -> PLC,5.25372
1776102922.4038522,49.402414321899414,IO -> PLC,2.49846
1776102922.4198515,49.4184136390686,IO -> PLC,2.21052
1776102922.4358509,49.43441295623779,IO -> PLC,7.1169
1776102922.4518514,49.45041346549988,IO -> PLC,5.59338
1776102922.467851,49.46641302108765,IO -> PLC,4.42596
1776102922.4838502,49.482412338256836,IO -> PLC,1.6183
1776102922.4998496,49.498411655426025,IO -> PLC,1.37676
1776102922.5158489,49.514410972595215,IO -> PLC,2.34152
1776102922.5318494,49.5304114818573,IO -> PLC,1.22554
1776102922.5478487,49.54641079902649,IO -> PLC,6.76458
1776102922.5638483,49.56241035461426,IO -> PLC,3.17033
1776102922.5798476,49.57840967178345,IO -> PLC,3.27488
1776102922.595847,49.59440898895264,IO -> PLC,2.30011
1776102922.6118474,49.61040949821472,IO -> PLC,0.62698
1776102922.6278467,49.62640881538391,IO -> PLC,5.4812
1776102922.643846,49.6424081325531,IO -> PLC,1.53981
1776102922.6598456,49.65840768814087,IO -> PLC,2.4112
1776102922.675846,49.674408197402954,IO -> PLC,0.77695
1776102922.6918454,49.690407514572144,IO -> PLC,6.01294
1776102922.7078447,49.70640683174133,IO -> PLC,4.17092
1776102922.7238443,49.7224063873291,IO -> PLC,1.57207
1776102922.7398436,49.73840570449829,IO -> PLC,1.30181
1776102922.7558439,49.7544059753418,IO -> PLC,6.13643
1776102922.7718434,49.770405530929565,IO -> PLC,4.31681
1776102922.7878428,49.786404848098755,IO -> PLC,3.72398
1776102922.8038423,49.80240440368652,IO -> PLC,2.13686
1776102922.8198416,49.81840372085571,IO -> PLC,3.20418
1776102922.835842,49.83440399169922,IO -> PLC,5.2513
1776102922.8518414,49.85040354728699,IO -> PLC,3.77466
1776102922.8678408,49.86640286445618,IO -> PLC,1.80881
1776102922.8838403,49.882402420043945,IO -> PLC,7.17384
1776102922.8998406,49.89840269088745,IO -> PLC,1.6319
1776102922.91584,49.91440200805664,IO -> PLC,3.96664
1776102922.9318395,49.93040156364441,IO -> PLC,2.30799
1776102922.9478388,49.9464008808136,IO -> PLC,7.28893
1776102922.9638383,49.96240043640137,IO -> PLC,5.33875
1776102922.9798386,49.97840070724487,IO -> PLC,3.96108
1776102922.995838,49.99440002441406,IO -> PLC,2.89534
1776102923.0118375,50.01039958000183,IO -> PLC,1.55167
1776102923.0278368,50.02639889717102,IO -> PLC,6.76646
1776102923.043836,50.04239821434021,IO -> PLC,5.19958
1776102923.0598366,50.058398723602295,IO -> PLC,3.84399
1776102923.075836,50.074398040771484,IO -> PLC,1.41819
1776102923.0918355,50.09039759635925,IO -> PLC,1.98773
1776102923.1078348,50.10639691352844,IO -> PLC,6.79866
1776102923.1238353,50.12239742279053,IO -> PLC,5.55779
1776102923.1398346,50.13839673995972,IO -> PLC,4.39445
1776102923.155834,50.154396057128906,IO -> PLC,1.04725
1776102923.1718335,50.170395612716675,IO -> PLC,1.28277
1776102923.1878328,50.186394929885864,IO -> PLC,6.67341
1776102923.2038333,50.20239543914795,IO -> PLC,5.06789
1776102923.2198327,50.21839475631714,IO -> PLC,3.56365
1776102923.235832,50.23439407348633,IO -> PLC,1.96837
1776102923.2518313,50.25039339065552,IO -> PLC,2.38438
1776102923.2678318,50.2663938999176,IO -> PLC,5.12153
1776102923.2838314,50.28239345550537,IO -> PLC,3.3152
1776102923.2998307,50.29839277267456,IO -> PLC,2.14498
1776102923.31583,50.31439208984375,IO -> PLC,7.34825
1776102923.3318293,50.33039140701294,IO -> PLC,5.54
1776102923.3478298,50.346391916275024,IO -> PLC,3.56998
1776102923.3638291,50.362391233444214,IO -> PLC,2.16903
1776102923.3798287,50.37839078903198,IO -> PLC,0.59198
1776102923.395828,50.39439010620117,IO -> PLC,5.74437
1776102923.4118273,50.41038942337036,IO -> PLC,4.19805
1776102923.4278278,50.426389932632446,IO -> PLC,1.36071
1776102923.4438272,50.442389249801636,IO -> PLC,1.39055
1776102923.4598267,50.458388805389404,IO -> PLC,6.45549
1776102923.475826,50.474388122558594,IO -> PLC,4.87557
1776102923.4918265,50.49038863182068,IO -> PLC,3.62206
1776102923.5078259,50.50638794898987,IO -> PLC,1.9827
1776102923.5238252,50.52238726615906,IO -> PLC,3.18218
1776102923.5398247,50.538386821746826,IO -> PLC,5.28043
1776102923.555824,50.554386138916016,IO -> PLC,3.89308
1776102923.5718246,50.5703866481781,IO -> PLC,2.17483
1776102923.5878239,50.58638596534729,IO -> PLC,0.7566
1776102923.6038232,50.60238528251648,IO -> PLC,1.33965
1776102923.6198227,50.61838483810425,IO -> PLC,4.10145
1776102923.635822,50.63438415527344,IO -> PLC,2.43233
1776102923.6518226,50.65038466453552,IO -> PLC,7.06629
1776102923.667822,50.66638398170471,IO -> PLC,5.52213
1776102923.6838212,50.6823832988739,IO -> PLC,3.64203
1776102923.6998208,50.69838285446167,IO -> PLC,2.32429
1776102923.715821,50.714383125305176,IO -> PLC,6.08997
1776102923.7318206,50.730382680892944,IO -> PLC,5.49305
1776102923.74782,50.746381998062134,IO -> PLC,3.69704
1776102923.7638192,50.76238131523132,IO -> PLC,2.28089
1776102923.7798188,50.77838087081909,IO -> PLC,6.86141
1776102923.795819,50.7943811416626,IO -> PLC,2.58336
1776102923.8118186,50.810380697250366,IO -> PLC,4.20639
1776102923.827818,50.826380014419556,IO -> PLC,2.55886
1776102923.8438172,50.842379331588745,IO -> PLC,0.8427
1776102923.8598177,50.85837984085083,IO -> PLC,5.60659
1776102923.875817,50.87437915802002,IO -> PLC,1.18101
1776102923.8918166,50.89037871360779,IO -> PLC,2.65451
1776102923.907816,50.90637803077698,IO -> PLC,1.18004
1776102923.9238153,50.92237734794617,IO -> PLC,5.68791
1776102923.9398158,50.93837785720825,IO -> PLC,4.13271
1776102923.955815,50.95437717437744,IO -> PLC,2.30086
1776102923.9718144,50.97037649154663,IO -> PLC,0.74646
1776102923.987814,50.9863760471344,IO -> PLC,5.56971
1776102924.0038133,51.00237536430359,IO -> PLC,4.16084
1776102924.0198138,51.018375873565674,IO -> PLC,2.33507
1776102924.035813,51.03437519073486,IO -> PLC,0.97852
1776102924.0518124,51.05037450790405,IO -> PLC,4.34466
1776102924.067812,51.06637406349182,IO -> PLC,4.28729
1776102924.0838122,51.08237433433533,IO -> PLC,2.44816
1776102924.0998118,51.098373889923096,IO -> PLC,2.67368
1776102924.115811,51.114373207092285,IO -> PLC,3.03104
1776102924.1318104,51.130372524261475,IO -> PLC,1.70002
1776102924.14781,51.14637207984924,IO -> PLC,4.60758
1776102924.1638103,51.16237235069275,IO -> PLC,5.52921
1776102924.1798096,51.17837166786194,IO -> PLC,4.0977
1776102924.1958091,51.19437122344971,IO -> PLC,3.74247
1776102924.2118084,51.2103705406189,IO -> PLC,2.23111
1776102924.227808,51.226370096206665,IO -> PLC,2.72601
1776102924.2438083,51.24237036705017,IO -> PLC,5.69468
1776102924.2598076,51.25836968421936,IO -> PLC,4.18646
1776102924.2758071,51.27436923980713,IO -> PLC,2.7787
1776102924.2918065,51.29036855697632,IO -> PLC,1.57952
1776102924.307807,51.3063690662384,IO -> PLC,0.99803
1776102924.3238063,51.32236838340759,IO -> PLC,4.10002
1776102924.3398058,51.33836793899536,IO -> PLC,3.53269
1776102924.3558052,51.35436725616455,IO -> PLC,1.85245
1776102924.3718045,51.37036657333374,IO -> PLC,6.53441
1776102924.387805,51.386367082595825,IO -> PLC,5.34771
1776102924.4038043,51.402366399765015,IO -> PLC,2.13147
1776102924.4198039,51.41836595535278,IO -> PLC,2.25331
1776102924.4358032,51.43436527252197,IO -> PLC,7.06336
1776102924.4518025,51.45036458969116,IO -> PLC,5.66977
1776102924.467803,51.46636509895325,IO -> PLC,4.3285
1776102924.4838023,51.48236441612244,IO -> PLC,0.93297
1776102924.4998019,51.498363971710205,IO -> PLC,1.85349
1776102924.5158012,51.514363288879395,IO -> PLC,3.22386
1776102924.5318015,51.5303635597229,IO -> PLC,1.62034
1776102924.547801,51.54636311531067,IO -> PLC,1.0523
1776102924.5638003,51.56236243247986,IO -> PLC,4.41021
1776102924.5797997,51.57836174964905,IO -> PLC,3.6268
1776102924.5957992,51.594361305236816,IO -> PLC,2.1328
1776102924.6117995,51.61036157608032,IO -> PLC,6.94798
1776102924.627799,51.62636113166809,IO -> PLC,5.44078
1776102924.6437984,51.64236044883728,IO -> PLC,2.96178
1776102924.6597977,51.65835976600647,IO -> PLC,2.50519
1776102924.6757982,51.674360275268555,IO -> PLC,1.03271
1776102924.6917975,51.690359592437744,IO -> PLC,6.02701
1776102924.707797,51.70635914802551,IO -> PLC,4.69182
1776102924.7237964,51.7223584651947,IO -> PLC,1.20421
1776102924.7397957,51.73835778236389,IO -> PLC,1.40293
1776102924.7557962,51.75435829162598,IO -> PLC,6.08178
1776102924.7717955,51.770357608795166,IO -> PLC,5.11308
1776102924.7877948,51.786356925964355,IO -> PLC,3.71549
1776102924.8037944,51.802356481552124,IO -> PLC,2.15909
1776102924.8197937,51.81835579872131,IO -> PLC,2.96016
1776102924.8357942,51.8343563079834,IO -> PLC,5.52938
1776102924.8517935,51.85035562515259,IO -> PLC,3.87682
1776102924.8677928,51.86635494232178,IO -> PLC,1.89752
1776102924.8837924,51.882354497909546,IO -> PLC,0.69346
1776102924.8997927,51.89835476875305,IO -> PLC,1.23115
1776102924.9157922,51.91435432434082,IO -> PLC,4.39857
1776102924.9317915,51.93035364151001,IO -> PLC,2.80617
1776102924.9477909,51.9463529586792,IO -> PLC,1.30617
1776102924.9637904,51.96235251426697,IO -> PLC,5.87165
1776102924.9797907,51.978352785110474,IO -> PLC,4.28237
1776102924.9957902,51.99435234069824,IO -> PLC,2.32771
1776102925.0117896,52.01035165786743,IO -> PLC,1.58439
1776102925.0277889,52.02635097503662,IO -> PLC,6.25907
1776102925.0437894,52.042351484298706,IO -> PLC,4.94324
1776102925.0597887,52.058350801467896,IO -> PLC,3.36236
1776102925.0757883,52.074350357055664,IO -> PLC,1.69435
1776102925.0917876,52.09034967422485,IO -> PLC,0.81799
1776102925.107787,52.10634899139404,IO -> PLC,6.22078
1776102925.1237874,52.12234950065613,IO -> PLC,4.88367
1776102925.1397867,52.13834881782532,IO -> PLC,3.08646
1776102925.1557863,52.154348373413086,IO -> PLC,1.5843
1776102925.1717856,52.170347690582275,IO -> PLC,3.00908
1776102925.187785,52.186347007751465,IO -> PLC,5.07869
1776102925.2037854,52.20234751701355,IO -> PLC,3.44852
1776102925.2197847,52.21834683418274,IO -> PLC,2.26998
1776102925.2357843,52.23434638977051,IO -> PLC,7.14955
1776102925.2517836,52.2503457069397,IO -> PLC,1.09167
1776102925.267784,52.26634621620178,IO -> PLC,4.01643
1776102925.2837834,52.28234553337097,IO -> PLC,3.23111
1776102925.2997828,52.29834485054016,IO -> PLC,2.07097
1776102925.3157823,52.31434440612793,IO -> PLC,7.10615
1776102925.3317816,52.33034372329712,IO -> PLC,5.20781
1776102925.3477821,52.346344232559204,IO -> PLC,2.02038
1776102925.3637815,52.362343549728394,IO -> PLC,2.2835
1776102925.3797808,52.37834286689758,IO -> PLC,7.00859
1776102925.39578,52.39434218406677,IO -> PLC,5.8218
1776102925.4117796,52.41034173965454,IO -> PLC,4.58174
1776102925.4277802,52.426342248916626,IO -> PLC,3.21783
1776102925.4437795,52.442341566085815,IO -> PLC,1.78343
1776102925.4597788,52.458340883255005,IO -> PLC,6.78597
1776102925.475778,52.474340200424194,IO -> PLC,5.24789
1776102925.4917786,52.49034070968628,IO -> PLC,3.83078
1776102925.507778,52.50634002685547,IO -> PLC,2.12077
1776102925.5237775,52.52233958244324,IO -> PLC,2.61566
1776102925.5397768,52.53833889961243,IO -> PLC,5.26578
1776102925.5557761,52.554338216781616,IO -> PLC,3.71154
1776102925.5717766,52.5703387260437,IO -> PLC,2.07929
1776102925.587776,52.58633804321289,IO -> PLC,0.75842
1776102925.6037755,52.60233759880066,IO -> PLC,0.88154
1776102925.6197748,52.61833691596985,IO -> PLC,4.09592
1776102925.6357741,52.63433623313904,IO -> PLC,2.4968
1776102925.6517746,52.65033674240112,IO -> PLC,0.69334
1776102925.667774,52.66633605957031,IO -> PLC,5.79421
1776102925.6837735,52.68233561515808,IO -> PLC,4.25621
1776102925.6997728,52.69833493232727,IO -> PLC,2.49716
1776102925.715773,52.714335203170776,IO -> PLC,0.80051
1776102925.7317727,52.730334758758545,IO -> PLC,5.64216
1776102925.747772,52.746334075927734,IO -> PLC,3.97928
1776102925.7637715,52.7623336315155,IO -> PLC,2.42488
1776102925.7797709,52.77833294868469,IO -> PLC,0.72831
1776102925.7957711,52.7943332195282,IO -> PLC,4.38015
1776102925.8117707,52.81033277511597,IO -> PLC,4.55631
1776102925.82777,52.826332092285156,IO -> PLC,3.01927
1776102925.8437696,52.842331647872925,IO -> PLC,1.39439
1776102925.8597698,52.85833191871643,IO -> PLC,6.46661
1776102925.8757691,52.87433123588562,IO -> PLC,0.90627
1776102925.8917687,52.89033079147339,IO -> PLC,4.4169
1776102925.907768,52.90633010864258,IO -> PLC,3.49621
1776102925.9237676,52.92232966423035,IO -> PLC,1.84436
1776102925.9397678,52.93832993507385,IO -> PLC,6.56233
1776102925.9557672,52.95432925224304,IO -> PLC,5.31634
1776102925.9717667,52.97032880783081,IO -> PLC,3.24592
1776102925.987766,52.986328125,IO -> PLC,2.68268
1776102926.0037653,53.00232744216919,IO -> PLC,1.20317
1776102926.0197659,53.018327951431274,IO -> PLC,6.14738
1776102926.0357652,53.034327268600464,IO -> PLC,4.69315
1776102926.0517647,53.05032682418823,IO -> PLC,2.0791
1776102926.067764,53.06632614135742,IO -> PLC,1.64187
1776102926.0837646,53.08232665061951,IO -> PLC,7.37364
1776102926.0997639,53.098325967788696,IO -> PLC,6.0803
1776102926.1157632,53.114325284957886,IO -> PLC,4.13692
1776102926.1317627,53.130324840545654,IO -> PLC,0.68899
1776102926.147762,53.146324157714844,IO -> PLC,1.48078
1776102926.1637626,53.16232466697693,IO -> PLC,6.89686
1776102926.179762,53.17832398414612,IO -> PLC,5.47686
1776102926.1957612,53.19432330131531,IO -> PLC,4.3248
1776102926.2117605,53.2103226184845,IO -> PLC,2.64968
1776102926.22776,53.226322174072266,IO -> PLC,1.21
1776102926.2437606,53.24232268333435,IO -> PLC,5.59619
1776102926.25976,53.25832200050354,IO -> PLC,4.87431
1776102926.2757592,53.27432131767273,IO -> PLC,3.26247
1776102926.2917585,53.29032063484192,IO -> PLC,1.76767
1776102926.307759,53.306321144104004,IO -> PLC,6.6638
1776102926.3237584,53.32232046127319,IO -> PLC,3.56829
1776102926.339758,53.33832001686096,IO -> PLC,3.23043
1776102926.3557572,53.35431933403015,IO -> PLC,1.42714
1776102926.3717566,53.37031865119934,IO -> PLC,6.13678
1776102926.387757,53.386319160461426,IO -> PLC,4.50558
1776102926.4037564,53.402318477630615,IO -> PLC,1.50439
1776102926.419756,53.418318033218384,IO -> PLC,1.87616
1776102926.4357553,53.43431735038757,IO -> PLC,6.96359
1776102926.4517548,53.45031690597534,IO -> PLC,5.37142
1776102926.467755,53.46631717681885,IO -> PLC,4.20624
1776102926.4837544,53.48231649398804,IO -> PLC,2.28535
1776102926.499754,53.498316049575806,IO -> PLC,1.07505
1776102926.5157533,53.514315366744995,IO -> PLC,2.7792
1776102926.5317538,53.53031587600708,IO -> PLC,0.89926
1776102926.547753,53.54631519317627,IO -> PLC,5.67019
1776102926.5637524,53.56231451034546,IO -> PLC,2.27067
1776102926.579752,53.57831406593323,IO -> PLC,2.6414
1776102926.5957513,53.59431338310242,IO -> PLC,1.37981
1776102926.6117518,53.6103138923645,IO -> PLC,6.25026
1776102926.627751,53.62631320953369,IO -> PLC,4.59154
1776102926.6437504,53.64231252670288,IO -> PLC,2.34807
1776102926.65975,53.65831208229065,IO -> PLC,1.47466
1776102926.6757503,53.674312353134155,IO -> PLC,6.5848
1776102926.6917498,53.690311908721924,IO -> PLC,5.3293
1776102926.7077491,53.70631122589111,IO -> PLC,3.72377
1776102926.7237484,53.7223105430603,IO -> PLC,2.29338
1776102926.739748,53.73831009864807,IO -> PLC,0.6981
1776102926.7557483,53.75431036949158,IO -> PLC,5.49887
1776102926.7717478,53.770309925079346,IO -> PLC,4.42577
1776102926.7877471,53.786309242248535,IO -> PLC,3.32723
1776102926.8037465,53.802308559417725,IO -> PLC,1.80451
1776102926.8197458,53.818307876586914,IO -> PLC,2.84623
1776102926.8357463,53.834308385849,IO -> PLC,4.81135
1776102926.8517458,53.85030794143677,IO -> PLC,3.28567
1776102926.8677452,53.86630725860596,IO -> PLC,1.28485
1776102926.8837445,53.88230657577515,IO -> PLC,6.33851
1776102926.899745,53.89830708503723,IO -> PLC,0.98002
1776102926.9157443,53.91430640220642,IO -> PLC,2.8981
1776102926.9317436,53.93030571937561,IO -> PLC,1.25457
1776102926.9477432,53.94630527496338,IO -> PLC,5.92238
1776102926.9637425,53.96230459213257,IO -> PLC,5.51179
1776102926.979743,53.97830510139465,IO -> PLC,4.28516
1776102926.9957423,53.99430441856384,IO -> PLC,2.34891
1776102927.0117416,54.01030373573303,IO -> PLC,1.08932
1776102927.0277412,54.0263032913208,IO -> PLC,5.72624
1776102927.0437415,54.04230356216431,IO -> PLC,4.09832
1776102927.059741,54.058303117752075,IO -> PLC,2.56328
1776102927.0757403,54.074302434921265,IO -> PLC,1.06328
1776102927.0917397,54.090301752090454,IO -> PLC,3.40034
1776102927.1077392,54.10630130767822,IO -> PLC,5.07465
1776102927.1237395,54.12230157852173,IO -> PLC,3.26128
1776102927.1397388,54.13830089569092,IO -> PLC,1.51231
1776102927.1557384,54.15430045127869,IO -> PLC,6.53925
1776102927.1717377,54.170299768447876,IO -> PLC,2.62274
1776102927.1877372,54.186299324035645,IO -> PLC,3.72558
1776102927.2037375,54.20229959487915,IO -> PLC,2.37823
1776102927.2197368,54.21829891204834,IO -> PLC,7.37757
1776102927.2357364,54.23429846763611,IO -> PLC,5.89293
1776102927.2517357,54.2502977848053,IO -> PLC,1.06486
1776102927.2677362,54.26629829406738,IO -> PLC,2.36115
1776102927.2837355,54.28229761123657,IO -> PLC,1.58623
1776102927.2997348,54.29829692840576,IO -> PLC,6.84686
1776102927.3157344,54.31429648399353,IO -> PLC,5.08965
1776102927.3317337,54.33029580116272,IO -> PLC,3.54157
1776102927.3477342,54.346296310424805,IO -> PLC,2.34559
1776102927.3637335,54.362295627593994,IO -> PLC,1.02768
1776102927.3797328,54.378294944763184,IO -> PLC,5.90541
1776102927.3957324,54.39429450035095,IO -> PLC,4.96128
1776102927.4117317,54.41029381752014,IO -> PLC,3.84522
1776102927.4277322,54.42629432678223,IO -> PLC,2.13625
1776102927.4437315,54.442293643951416,IO -> PLC,0.93211
1776102927.4597309,54.458292961120605,IO -> PLC,6.01257
1776102927.4757304,54.474292516708374,IO -> PLC,4.58394
1776102927.4917307,54.49029278755188,IO -> PLC,3.22514
1776102927.5077302,54.50629234313965,IO -> PLC,1.36473
1776102927.5237296,54.52229166030884,IO -> PLC,1.8893
1776102927.5397289,54.53829097747803,IO -> PLC,4.33573
1776102927.5557284,54.554290533065796,IO -> PLC,2.87141
1776102927.5717287,54.5702908039093,IO -> PLC,1.06732
1776102927.5877283,54.58629035949707,IO -> PLC,6.0873
1776102927.6037276,54.60228967666626,IO -> PLC,4.34345
1776102927.619727,54.61828899383545,IO -> PLC,2.9969
1776102927.6357262,54.63428831100464,IO -> PLC,1.05144
1776102927.6517267,54.650288820266724,IO -> PLC,6.05182
1776102927.6677263,54.66628837585449,IO -> PLC,4.58351
1776102927.6837256,54.68228769302368,IO -> PLC,2.94934
1776102927.699725,54.69828701019287,IO -> PLC,1.62959
1776102927.7157254,54.714287519454956,IO -> PLC,4.75309
1776102927.7317247,54.730286836624146,IO -> PLC,5.37766
1776102927.747724,54.746286153793335,IO -> PLC,4.22784
1776102927.7637236,54.7622857093811,IO -> PLC,2.74001
1776102927.779723,54.77828502655029,IO -> PLC,1.09848
1776102927.7957234,54.79428553581238,IO -> PLC,3.05576
1776102927.8117228,54.81028485298157,IO -> PLC,5.14585
1776102927.827722,54.82628417015076,IO -> PLC,3.8393
1776102927.8437216,54.842283725738525,IO -> PLC,2.09361
1776102927.859722,54.85828399658203,IO -> PLC,0.67938
1776102927.8757215,54.8742835521698,IO -> PLC,1.37084
1776102927.8917208,54.89028286933899,IO -> PLC,4.25552
1776102927.90772,54.90628218650818,IO -> PLC,2.82713
1776102927.9237196,54.92228174209595,IO -> PLC,1.30369
1776102927.93972,54.93828201293945,IO -> PLC,6.10342
1776102927.9557195,54.95428156852722,IO -> PLC,4.68726
1776102927.9717188,54.97028088569641,IO -> PLC,3.13398
1776102927.987718,54.9862802028656,IO -> PLC,2.12633
1776102928.0037177,55.00227975845337,IO -> PLC,7.29568
1776102928.019718,55.018280029296875,IO -> PLC,5.63895
1776102928.0357175,55.034279584884644,IO -> PLC,3.96599
1776102928.0517168,55.05027890205383,IO -> PLC,1.20633
1776102928.0677161,55.06627821922302,IO -> PLC,3.86077
1776102928.0837166,55.08227872848511,IO -> PLC,6.09831
1776102928.099716,55.0982780456543,IO -> PLC,4.52454
1776102928.1157155,55.114277601242065,IO -> PLC,3.06847
1776102928.1317148,55.130276918411255,IO -> PLC,2.12554
1776102928.1477141,55.146276235580444,IO -> PLC,2.92956
1776102928.1637146,55.16227674484253,IO -> PLC,5.42519
1776102928.179714,55.17827606201172,IO -> PLC,3.84327
1776102928.1957135,55.19427561759949,IO -> PLC,2.43831
1776102928.2117128,55.21027493476868,IO -> PLC,7.29453
1776102928.2277122,55.226274251937866,IO -> PLC,1.06343
1776102928.2437127,55.24227476119995,IO -> PLC,4.52582
1776102928.259712,55.25827407836914,IO -> PLC,3.09223
1776102928.2757115,55.27427363395691,IO -> PLC,1.68423
1776102928.2917109,55.2902729511261,IO -> PLC,7.07295
1776102928.3077111,55.306273221969604,IO -> PLC,5.67736
1776102928.3237107,55.32227277755737,IO -> PLC,2.58601
1776102928.33971,55.33827209472656,IO -> PLC,2.71688
1776102928.3557093,55.35427141189575,IO -> PLC,1.19329
1776102928.3717089,55.37027096748352,IO -> PLC,6.52656
1776102928.3877091,55.386271238327026,IO -> PLC,5.24153
1776102928.4037087,55.402270793914795,IO -> PLC,3.77322
1776102928.419708,55.418270111083984,IO -> PLC,2.13385
1776102928.4357073,55.434269428253174,IO -> PLC,5.82489
1776102928.4517078,55.45026993751526,IO -> PLC,5.84424
1776102928.4677072,55.46626925468445,IO -> PLC,4.97291
1776102928.4837067,55.48226881027222,IO -> PLC,3.0305
1776102928.499706,55.498268127441406,IO -> PLC,0.7819
1776102928.5157053,55.514267444610596,IO -> PLC,2.35789
1776102928.5317059,55.53026795387268,IO -> PLC,1.78369
1776102928.5477052,55.54626727104187,IO -> PLC,7.03592
1776102928.5637045,55.56226658821106,IO -> PLC,5.24407
1776102928.579704,55.57826614379883,IO -> PLC,2.53066
1776102928.5957034,55.59426546096802,IO -> PLC,3.01083
1776102928.6117039,55.6102659702301,IO -> PLC,2.05766
1776102928.6277032,55.62626528739929,IO -> PLC,6.89947
1776102928.6437025,55.64226460456848,IO -> PLC,5.12906
1776102928.659702,55.65826416015625,IO -> PLC,0.80773
1776102928.6757023,55.674264430999756,IO -> PLC,2.0613
1776102928.691702,55.690263986587524,IO -> PLC,7.0504
1776102928.7077012,55.706263303756714,IO -> PLC,5.60161
1776102928.7237005,55.7222626209259,IO -> PLC,4.15169
1776102928.7397,55.73826217651367,IO -> PLC,2.55945
1776102928.7557003,55.75426244735718,IO -> PLC,0.84944
1776102928.7717,55.770262002944946,IO -> PLC,6.42033
1776102928.7876992,55.786261320114136,IO -> PLC,5.10034
1776102928.8036985,55.802260637283325,IO -> PLC,3.72026
1776102928.819698,55.818260192871094,IO -> PLC,1.94465
1776102928.8356984,55.8342604637146,IO -> PLC,2.50699
1776102928.851698,55.85026001930237,IO -> PLC,5.32215
1776102928.8676972,55.86625933647156,IO -> PLC,3.85799
1776102928.8836966,55.88225865364075,IO -> PLC,1.90109
1776102928.899697,55.89825916290283,IO -> PLC,7.51294
1776102928.9156964,55.91425848007202,IO -> PLC,1.0352
1776102928.931696,55.93025803565979,IO -> PLC,4.0358
1776102928.9476953,55.94625735282898,IO -> PLC,2.49869
1776102928.9636946,55.96225666999817,IO -> PLC,0.8798
1776102928.979695,55.978257179260254,IO -> PLC,5.7861
1776102928.9956944,55.99425649642944,IO -> PLC,4.41604
1776102929.011694,56.01025605201721,IO -> PLC,2.32105
1776102929.0276933,56.0262553691864,IO -> PLC,1.59309
1776102929.0436926,56.04225468635559,IO -> PLC,6.45842
1776102929.059693,56.058255195617676,IO -> PLC,4.78313
1776102929.0756924,56.074254512786865,IO -> PLC,3.39058
1776102929.091692,56.090254068374634,IO -> PLC,2.06147
1776102929.1076913,56.10625338554382,IO -> PLC,0.75908
1776102929.1236918,56.12225389480591,IO -> PLC,5.36832
1776102929.139691,56.1382532119751,IO -> PLC,3.90097
1776102929.1556904,56.15425252914429,IO -> PLC,2.37953
1776102929.1716897,56.17025184631348,IO -> PLC,0.78729
1776102929.1876893,56.186251401901245,IO -> PLC,4.40536
1776102929.2036898,56.20225191116333,IO -> PLC,4.31015
1776102929.2196891,56.21825122833252,IO -> PLC,2.85095
1776102929.2356884,56.23425054550171,IO -> PLC,0.89734
1776102929.2516878,56.2502498626709,IO -> PLC,5.98284
1776102929.2676883,56.26625037193298,IO -> PLC,2.47379
1776102929.2836876,56.28224968910217,IO -> PLC,2.56994
1776102929.2996871,56.29824924468994,IO -> PLC,1.12003
1776102929.3156865,56.31424856185913,IO -> PLC,6.25057
1776102929.3316858,56.33024787902832,IO -> PLC,4.35224
1776102929.3476863,56.346248388290405,IO -> PLC,0.92607
1776102929.3636856,56.362247705459595,IO -> PLC,1.18712
1776102929.379685,56.378247022628784,IO -> PLC,5.95724
1776102929.3956845,56.39424657821655,IO -> PLC,4.55541
1776102929.4116838,56.41024589538574,IO -> PLC,3.15878
1776102929.4276843,56.42624640464783,IO -> PLC,1.49189
1776102929.4436836,56.44224572181702,IO -> PLC,2.89795
1776102929.459683,56.458245038986206,IO -> PLC,5.16228
1776102929.4756825,56.474244594573975,IO -> PLC,3.89557
1776102929.4916828,56.49024486541748,IO -> PLC,2.57982
1776102929.5076823,56.50624442100525,IO -> PLC,1.40424
1776102929.5236816,56.52224373817444,IO -> PLC,1.26735
1776102929.5396812,56.53824329376221,IO -> PLC,4.24843
1776102929.5556805,56.5542426109314,IO -> PLC,2.42162
1776102929.5716808,56.5702428817749,IO -> PLC,1.10595
1776102929.5876803,56.58624243736267,IO -> PLC,6.33578
1776102929.6036797,56.60224175453186,IO -> PLC,4.91651
1776102929.6196792,56.61824131011963,IO -> PLC,3.41947
1776102929.6356785,56.63424062728882,IO -> PLC,1.41137
1776102929.6516788,56.650240898132324,IO -> PLC,6.42743
1776102929.6676784,56.66624045372009,IO -> PLC,4.93343
1776102929.6836777,56.68223977088928,IO -> PLC,3.51728
1776102929.6996772,56.69823932647705,IO -> PLC,0.7169
1776102929.7156775,56.71423959732056,IO -> PLC,1.00474
1776102929.7316768,56.730238914489746,IO -> PLC,5.90368
1776102929.7476764,56.746238470077515,IO -> PLC,4.68618
1776102929.7636757,56.762237787246704,IO -> PLC,4.22455
1776102929.779675,56.778237104415894,IO -> PLC,3.32986
1776102929.7956755,56.79423761367798,IO -> PLC,2.48701
1776102929.8116748,56.81023693084717,IO -> PLC,1.30023
1776102929.8276744,56.82623648643494,IO -> PLC,6.0242
1776102929.8436737,56.842235803604126,IO -> PLC,4.67061
1776102929.859673,56.858235120773315,IO -> PLC,3.14197
1776102929.8756735,56.8742356300354,IO -> PLC,1.47996
1776102929.8916728,56.89023494720459,IO -> PLC,5.21604
1776102929.9076724,56.90623450279236,IO -> PLC,4.9333
1776102929.9236717,56.92223381996155,IO -> PLC,3.31746
1776102929.9396722,56.93823432922363,IO -> PLC,1.47857
1776102929.9556715,56.95423364639282,IO -> PLC,6.95409
1776102929.9716709,56.97023296356201,IO -> PLC,3.34359
1776102929.9876702,56.9862322807312,IO -> PLC,4.15162
1776102930.0036697,57.00223183631897,IO -> PLC,2.52154
1776102930.0196702,57.018232345581055,IO -> PLC,7.36735
1776102930.0356696,57.034231662750244,IO -> PLC,5.6247
1776102930.051669,57.050230979919434,IO -> PLC,1.43042
1776102930.0676682,57.06623029708862,IO -> PLC,2.07124
1776102930.0836687,57.08223080635071,IO -> PLC,7.85005
1776102930.099668,57.0982301235199,IO -> PLC,6.20365
1776102930.1156676,57.114229679107666,IO -> PLC,4.377
1776102930.131667,57.130228996276855,IO -> PLC,3.10205
1776102930.1476662,57.146228313446045,IO -> PLC,1.4514
1776102930.1636667,57.16222882270813,IO -> PLC,6.53083
1776102930.179666,57.17822813987732,IO -> PLC,4.79954
1776102930.1956656,57.19422769546509,IO -> PLC,3.59931
1776102930.211665,57.21022701263428,IO -> PLC,1.83906
1776102930.2276642,57.22622632980347,IO -> PLC,0.71788
1776102930.2436647,57.24222683906555,IO -> PLC,5.22472
1776102930.259664,57.25822615623474,IO -> PLC,3.83737
1776102930.2756636,57.27422571182251,IO -> PLC,2.61586
1776102930.291663,57.2902250289917,IO -> PLC,1.3862
1776102930.3076632,57.306225299835205,IO -> PLC,1.93221
1776102930.3236628,57.322224855422974,IO -> PLC,4.91914
1776102930.339662,57.33822417259216,IO -> PLC,3.51139
1776102930.3556616,57.35422372817993,IO -> PLC,1.98979
1776102930.371661,57.37022304534912,IO -> PLC,6.80385
1776102930.3876612,57.38622331619263,IO -> PLC,5.81379
1776102930.4036608,57.402222871780396,IO -> PLC,2.98469
1776102930.41966,57.418222188949585,IO -> PLC,2.8186
1776102930.4356596,57.43422174453735,IO -> PLC,0.96314
1776102930.45166,57.45022201538086,IO -> PLC,6.32722
1776102930.4676592,57.46622133255005,IO -> PLC,5.21836
1776102930.4836588,57.48222088813782,IO -> PLC,3.20538
1776102930.499658,57.49822020530701,IO -> PLC,1.82395
1776102930.5156577,57.514219760894775,IO -> PLC,7.33963
1776102930.531658,57.53022003173828,IO -> PLC,1.66648
1776102930.5476573,57.54621934890747,IO -> PLC,1.8336
1776102930.5636568,57.56221890449524,IO -> PLC,5.0627
1776102930.5796561,57.57821822166443,IO -> PLC,4.21673
1776102930.5956554,57.59421753883362,IO -> PLC,2.9605
1776102930.611656,57.6102180480957,IO -> PLC,1.44002
1776102930.6276553,57.62621736526489,IO -> PLC,6.17511
1776102930.6436548,57.64221692085266,IO -> PLC,3.57226
1776102930.6596541,57.65821623802185,IO -> PLC,2.89838
1776102930.6756546,57.674216747283936,IO -> PLC,1.18541
1776102930.691654,57.690216064453125,IO -> PLC,6.42756
1776102930.7076533,57.706215381622314,IO -> PLC,4.62139
1776102930.7236528,57.72221493721008,IO -> PLC,1.60677
1776102930.7396522,57.73821425437927,IO -> PLC,1.66636
1776102930.7556527,57.75421476364136,IO -> PLC,6.49569
1776102930.771652,57.77021408081055,IO -> PLC,5.40003
1776102930.7876513,57.786213397979736,IO -> PLC,4.0434
1776102930.8036506,57.802212715148926,IO -> PLC,2.78293
1776102930.8196502,57.818212270736694,IO -> PLC,1.17933
1776102930.8356507,57.83421277999878,IO -> PLC,4.36123
1776102930.85165,57.85021209716797,IO -> PLC,4.77604
1776102930.8676493,57.86621141433716,IO -> PLC,3.09691
1776102930.8836486,57.88221073150635,IO -> PLC,1.41954
1776102930.8996491,57.89821124076843,IO -> PLC,7.05699
1776102930.9156485,57.91421055793762,IO -> PLC,2.67126
1776102930.931648,57.93021011352539,IO -> PLC,3.81916
1776102930.9476473,57.94620943069458,IO -> PLC,2.11123
1776102930.9636467,57.96220874786377,IO -> PLC,0.97053
1776102930.9796472,57.978209257125854,IO -> PLC,5.62497
1776102930.9956465,57.994208574295044,IO -> PLC,1.24956
1776102931.011646,58.01020812988281,IO -> PLC,2.95147
1776102931.0276453,58.026207447052,IO -> PLC,1.38059
1776102931.0436447,58.04220676422119,IO -> PLC,6.20416
1776102931.0596452,58.058207273483276,IO -> PLC,5.02858
1776102931.0756445,58.074206590652466,IO -> PLC,3.96996
1776102931.091644,58.090206146240234,IO -> PLC,2.5478
1776102931.1076434,58.106205463409424,IO -> PLC,1.66199
1776102931.1236436,58.12220573425293,IO -> PLC,6.64709
1776102931.1396432,58.1382052898407,IO -> PLC,5.1859
1776102931.1556425,58.15420460700989,IO -> PLC,3.6879
1776102931.171642,58.170204162597656,IO -> PLC,1.10537
1776102931.1876414,58.186203479766846,IO -> PLC,0.91199
1776102931.2036417,58.20220375061035,IO -> PLC,6.19215
1776102931.2196412,58.21820330619812,IO -> PLC,4.43286
1776102931.2356405,58.23420262336731,IO -> PLC,2.83749
1776102931.25164,58.25020217895508,IO -> PLC,1.27485
1776102931.2676404,58.266202449798584,IO -> PLC,2.52458
1776102931.28364,58.28220200538635,IO -> PLC,5.00284
1776102931.2996392,58.29820132255554,IO -> PLC,3.28356
1776102931.3156385,58.31420063972473,IO -> PLC,1.69539
1776102931.331638,58.3302001953125,IO -> PLC,6.80962
1776102931.3476384,58.346200466156006,IO -> PLC,0.76069
1776102931.363638,58.362200021743774,IO -> PLC,3.67522
1776102931.3796372,58.378199338912964,IO -> PLC,2.17114
1776102931.3956366,58.39419865608215,IO -> PLC,0.66266
1776102931.4116359,58.41019797325134,IO -> PLC,5.62016
1776102931.4276364,58.42619848251343,IO -> PLC,0.66329
1776102931.4436357,58.44219779968262,IO -> PLC,2.7449
1776102931.4596353,58.458197355270386,IO -> PLC,1.15578
1776102931.4756346,58.474196672439575,IO -> PLC,6.03247
1776102931.491635,58.49019718170166,IO -> PLC,4.61631
1776102931.5076344,58.50619649887085,IO -> PLC,2.99535
1776102931.5236337,58.52219581604004,IO -> PLC,1.28854
1776102931.5396333,58.53819537162781,IO -> PLC,5.93771
1776102931.5556326,58.554194688797,IO -> PLC,4.30658
1776102931.571633,58.57019519805908,IO -> PLC,2.64154
1776102931.5876324,58.58619451522827,IO -> PLC,1.26339
1776102931.6036317,58.60219383239746,IO -> PLC,2.42479
1776102931.619631,58.61819314956665,IO -> PLC,4.40639
1776102931.6356316,58.634193658828735,IO -> PLC,2.5295
1776102931.651631,58.650193214416504,IO -> PLC,0.59508
1776102931.6676304,58.66619253158569,IO -> PLC,5.53833
1776102931.6836298,58.68219184875488,IO -> PLC,0.79635
1776102931.699629,58.69819116592407,IO -> PLC,2.2064
1776102931.7156296,58.71419167518616,IO -> PLC,0.6276
1776102931.731629,58.73019099235535,IO -> PLC,5.40781
1776102931.7476285,58.746190547943115,IO -> PLC,3.71532
1776102931.7636278,58.762189865112305,IO -> PLC,2.083
1776102931.779627,58.778189182281494,IO -> PLC,1.75754
1776102931.7956276,58.79418969154358,IO -> PLC,4.84103
1776102931.811627,58.81018900871277,IO -> PLC,4.12939
1776102931.8276265,58.82618856430054,IO -> PLC,2.64579
1776102931.8436258,58.84218788146973,IO -> PLC,1.30748
1776102931.8596263,58.85818839073181,IO -> PLC,6.24449
1776102931.8756256,58.874187707901,IO -> PLC,1.83517
1776102931.891625,58.89018702507019,IO -> PLC,3.61796
1776102931.9076245,58.90618658065796,IO -> PLC,2.37286
1776102931.9236238,58.92218589782715,IO -> PLC,0.9671
1776102931.939624,58.938186168670654,IO -> PLC,6.03613
1776102931.9556236,58.95418572425842,IO -> PLC,4.53405
1776102931.971623,58.97018504142761,IO -> PLC,2.97141
1776102931.9876225,58.98618459701538,IO -> PLC,1.49917
1776102932.0036218,59.00218391418457,IO -> PLC,6.40123
1776102932.0196223,59.018184423446655,IO -> PLC,4.82434
1776102932.0356216,59.034183740615845,IO -> PLC,3.42043
1776102932.051621,59.050183057785034,IO -> PLC,1.79227
1776102932.0676205,59.0661826133728,IO -> PLC,5.90109
1776102932.0836208,59.08218288421631,IO -> PLC,6.24213
1776102932.0996203,59.09818243980408,IO -> PLC,4.8363
1776102932.1156197,59.11418175697327,IO -> PLC,3.46943
1776102932.131619,59.130181074142456,IO -> PLC,0.92178
1776102932.1476185,59.146180629730225,IO -> PLC,0.67496
1776102932.1636188,59.16218090057373,IO -> PLC,5.28724
1776102932.1796184,59.1781804561615,IO -> PLC,3.81188
1776102932.1956177,59.19417977333069,IO -> PLC,2.44581
1776102932.211617,59.21017909049988,IO -> PLC,0.83421
1776102932.2276163,59.22617840766907,IO -> PLC,2.35203
1776102932.2436168,59.24217891693115,IO -> PLC,4.49332
1776102932.2596164,59.25817847251892,IO -> PLC,2.79051
1776102932.2756157,59.27417778968811,IO -> PLC,1.75421
1776102932.291615,59.2901771068573,IO -> PLC,0.85632
1776102932.3076155,59.306177616119385,IO -> PLC,1.81293
1776102932.3236148,59.322176933288574,IO -> PLC,4.22359
1776102932.3396142,59.338176250457764,IO -> PLC,2.56582
1776102932.3556137,59.35417580604553,IO -> PLC,1.15983
1776102932.371613,59.37017512321472,IO -> PLC,6.23829
1776102932.3876135,59.38617563247681,IO -> PLC,4.87246
1776102932.4036129,59.402174949645996,IO -> PLC,1.37637
1776102932.4196122,59.418174266815186,IO -> PLC,3.71039
1776102932.4356115,59.434173583984375,IO -> PLC,1.8827
1776102932.451612,59.45017409324646,IO -> PLC,6.88411
1776102932.4676116,59.46617364883423,IO -> PLC,5.5262
1776102932.4836109,59.48217296600342,IO -> PLC,4.05701
1776102932.4996102,59.49817228317261,IO -> PLC,3.04119
1776102932.5156095,59.5141716003418,IO -> PLC,3.53816
1776102932.53161,59.53017210960388,IO -> PLC,2.7906
1776102932.5476093,59.54617142677307,IO -> PLC,1.34693
1776102932.563609,59.56217098236084,IO -> PLC,1.87454
1776102932.5796082,59.57817029953003,IO -> PLC,4.45617
1776102932.5956078,59.5941698551178,IO -> PLC,3.01041
1776102932.611608,59.610170125961304,IO -> PLC,1.34537
1776102932.6276073,59.62616944313049,IO -> PLC,6.48311
1776102932.643607,59.64216899871826,IO -> PLC,4.69414
1776102932.6596062,59.65816831588745,IO -> PLC,3.40295
1776102932.6756067,59.674168825149536,IO -> PLC,1.91616
1776102932.691606,59.690168142318726,IO -> PLC,0.86866
1776102932.7076054,59.706167459487915,IO -> PLC,5.75872
1776102932.723605,59.722167015075684,IO -> PLC,4.31793
1776102932.7396042,59.73816633224487,IO -> PLC,1.65988
1776102932.7556047,59.75416684150696,IO -> PLC,1.04856
1776102932.771604,59.77016615867615,IO -> PLC,6.50864
1776102932.7876034,59.78616547584534,IO -> PLC,5.16537
1776102932.803603,59.802165031433105,IO -> PLC,3.54753
1776102932.8196023,59.818164348602295,IO -> PLC,1.60199
1776102932.8356028,59.83416485786438,IO -> PLC,2.81259
1776102932.851602,59.85016417503357,IO -> PLC,4.87812
1776102932.8676014,59.86616349220276,IO -> PLC,2.93554
1776102932.883601,59.88216304779053,IO -> PLC,1.18785
1776102932.8996012,59.89816331863403,IO -> PLC,6.5036
1776102932.9156008,59.9141628742218,IO -> PLC,1.70634
1776102932.9316,59.93016219139099,IO -> PLC,2.8943
1776102932.9475994,59.94616150856018,IO -> PLC,1.17909
1776102932.963599,59.96216106414795,IO -> PLC,6.12723
1776102932.9795992,59.978161334991455,IO -> PLC,4.8002
1776102932.9955988,59.994160890579224,IO -> PLC,3.61558
1776102933.011598,60.01016020774841,IO -> PLC,1.95277
1776102933.0275974,60.0261595249176,IO -> PLC,6.27336
1776102933.0435967,60.04215884208679,IO -> PLC,5.25858
1776102933.0595973,60.05815935134888,IO -> PLC,3.58962
1776102933.0755968,60.074158906936646,IO -> PLC,1.84249
1776102933.0915961,60.090158224105835,IO -> PLC,0.67939
1776102933.1075954,60.106157541275024,IO -> PLC,4.46364
1776102933.123596,60.12215805053711,IO -> PLC,4.40507
1776102933.1395953,60.1381573677063,IO -> PLC,2.79042
1776102933.1555946,60.15415668487549,IO -> PLC,1.30267
1776102933.1715941,60.17015624046326,IO -> PLC,6.06959
1776102933.1875935,60.186155557632446,IO -> PLC,3.62859
1776102933.203594,60.20215606689453,IO -> PLC,3.72075
1776102933.2195933,60.21815538406372,IO -> PLC,1.78137
1776102933.2355926,60.23415470123291,IO -> PLC,6.86679
1776102933.251592,60.2501540184021,IO -> PLC,5.14774
1776102933.2675924,60.266154527664185,IO -> PLC,3.4131
1776102933.283592,60.28215408325195,IO -> PLC,2.16791
1776102933.2995913,60.29815340042114,IO -> PLC,0.97088
1776102933.3155906,60.31415271759033,IO -> PLC,6.04207
1776102933.3315902,60.3301522731781,IO -> PLC,4.57367
1776102933.3475904,60.346152544021606,IO -> PLC,1.44872
1776102933.3635898,60.362151861190796,IO -> PLC,1.81537
1776102933.3795893,60.378151416778564,IO -> PLC,6.87303
1776102933.3955886,60.394150733947754,IO -> PLC,5.84809
1776102933.4115882,60.41015028953552,IO -> PLC,4.54474
1776102933.4275885,60.42615056037903,IO -> PLC,3.50036
1776102933.4435878,60.44214987754822,IO -> PLC,2.37502
1776102933.4595873,60.458149433135986,IO -> PLC,0.75526
1776102933.4755867,60.474148750305176,IO -> PLC,5.58668
1776102933.4915872,60.49014925956726,IO -> PLC,4.22173
1776102933.5075865,60.50614857673645,IO -> PLC,2.77693
1776102933.5235858,60.52214789390564,IO -> PLC,1.12525
1776102933.5395854,60.53814744949341,IO -> PLC,4.76597
1776102933.5555847,60.5541467666626,IO -> PLC,4.65651
1776102933.5715852,60.57014727592468,IO -> PLC,3.07747
1776102933.5875845,60.58614659309387,IO -> PLC,1.46995
1776102933.6035838,60.60214591026306,IO -> PLC,7.24364
1776102933.6195834,60.61814546585083,IO -> PLC,2.81479
1776102933.6355827,60.63414478302002,IO -> PLC,4.20556
1776102933.6515832,60.650145292282104,IO -> PLC,2.26315
1776102933.6675825,60.666144609451294,IO -> PLC,7.40897
1776102933.6835818,60.68214392662048,IO -> PLC,5.96306
1776102933.6995814,60.69814348220825,IO -> PLC,1.16467
1776102933.7155817,60.71414375305176,IO -> PLC,2.52176
1776102933.7315812,60.730143308639526,IO -> PLC,1.22225
1776102933.7475805,60.746142625808716,IO -> PLC,5.9207
1776102933.7635798,60.762141942977905,IO -> PLC,4.26797
1776102933.7795794,60.778141498565674,IO -> PLC,2.65109
1776102933.7955797,60.79414176940918,IO -> PLC,1.11317
1776102933.8115792,60.81014132499695,IO -> PLC,4.40668
1776102933.8275785,60.82614064216614,IO -> PLC,5.05598
1776102933.8435779,60.84213995933533,IO -> PLC,3.54782
1776102933.8595784,60.85814046859741,IO -> PLC,2.00662
1776102933.8755777,60.8741397857666,IO -> PLC,7.0718
1776102933.8915772,60.89013934135437,IO -> PLC,2.8416
1776102933.9075766,60.90613865852356,IO -> PLC,4.23837
1776102933.9235759,60.92213797569275,IO -> PLC,2.7731
1776102933.9395764,60.938138484954834,IO -> PLC,1.28734
1776102933.9555757,60.95413780212402,IO -> PLC,6.12299
1776102933.971575,60.97013711929321,IO -> PLC,1.07371
1776102933.9875746,60.98613667488098,IO -> PLC,3.34093
1776102934.003574,61.00213599205017,IO -> PLC,1.91061
1776102934.0195744,61.018136501312256,IO -> PLC,6.65282
1776102934.0355737,61.034135818481445,IO -> PLC,5.19498
1776102934.051573,61.050135135650635,IO -> PLC,3.73371
1776102934.0675726,61.0661346912384,IO -> PLC,1.76969
1776102934.0835729,61.08213496208191,IO -> PLC,7.6377
1776102934.0995724,61.09813451766968,IO -> PLC,6.91678
1776102934.1155717,61.11413383483887,IO -> PLC,5.16869
1776102934.131571,61.13013315200806,IO -> PLC,4.13064
1776102934.1475706,61.146132707595825,IO -> PLC,2.67968
1776102934.163571,61.16213297843933,IO -> PLC,1.42753
1776102934.1795702,61.17813229560852,IO -> PLC,6.23143
1776102934.1955698,61.19413185119629,IO -> PLC,4.85112
1776102934.211569,61.21013116836548,IO -> PLC,3.25264
1776102934.2275686,61.22613072395325,IO -> PLC,1.07773
1776102934.243569,61.24213099479675,IO -> PLC,4.62628
1776102934.2595682,61.25813031196594,IO -> PLC,5.20798
1776102934.2755678,61.27412986755371,IO -> PLC,3.76414
1776102934.291567,61.2901291847229,IO -> PLC,2.25903
1776102934.3075676,61.306129693984985,IO -> PLC,0.68318
1776102934.323567,61.322129011154175,IO -> PLC,1.97043
1776102934.3395662,61.338128328323364,IO -> PLC,4.78255
1776102934.3555658,61.35412788391113,IO -> PLC,3.27015
1776102934.371565,61.37012720108032,IO -> PLC,1.67279
1776102934.3875656,61.38612771034241,IO -> PLC,6.98982
1776102934.403565,61.4021270275116,IO -> PLC,1.04042
1776102934.4195642,61.418126344680786,IO -> PLC,3.94967
1776102934.4355638,61.434125900268555,IO -> PLC,2.08197
1776102934.4515631,61.450125217437744,IO -> PLC,0.89623
1776102934.4675636,61.46612572669983,IO -> PLC,6.6208
1776102934.483563,61.48212504386902,IO -> PLC,5.14632
1776102934.4995623,61.49812436103821,IO -> PLC,2.73189
1776102934.5155618,61.51412391662598,IO -> PLC,3.58376
1776102934.531562,61.53012418746948,IO -> PLC,3.17117
1776102934.5475616,61.54612374305725,IO -> PLC,1.7091
1776102934.563561,61.56212306022644,IO -> PLC,1.35819
1776102934.5795603,61.57812237739563,IO -> PLC,4.57769
1776102934.5955598,61.5941219329834,IO -> PLC,3.45539
1776102934.61156,61.610122203826904,IO -> PLC,1.96963
1776102934.6275597,61.62612175941467,IO -> PLC,6.97633
1776102934.643559,61.64212107658386,IO -> PLC,5.72314
1776102934.6595583,61.65812039375305,IO -> PLC,3.06285
1776102934.6755588,61.67412090301514,IO -> PLC,2.37673
1776102934.6915581,61.690120220184326,IO -> PLC,1.06106
1776102934.7075577,61.706119775772095,IO -> PLC,6.32777
1776102934.723557,61.722119092941284,IO -> PLC,5.269
1776102934.7395563,61.738118410110474,IO -> PLC,2.94672
1776102934.7555568,61.75411891937256,IO -> PLC,2.18708
1776102934.7715561,61.77011823654175,IO -> PLC,0.80972
1776102934.7875555,61.78611755371094,IO -> PLC,5.97107
1776102934.803555,61.802117109298706,IO -> PLC,4.25274
1776102934.8195543,61.818116426467896,IO -> PLC,2.62875
1776102934.8355548,61.83411693572998,IO -> PLC,2.40369
1776102934.8515542,61.85011625289917,IO -> PLC,5.66431
1776102934.8675535,61.86611557006836,IO -> PLC,3.79261
1776102934.883553,61.88211512565613,IO -> PLC,2.35294
1776102934.8995533,61.898115396499634,IO -> PLC,1.03103
1776102934.9155529,61.9141149520874,IO -> PLC,0.92973
1776102934.9315522,61.93011426925659,IO -> PLC,4.08811
1776102934.9475515,61.94611358642578,IO -> PLC,2.31242
1776102934.963551,61.96211314201355,IO -> PLC,0.83906
1776102934.9795513,61.978113412857056,IO -> PLC,5.51998
1776102934.9955506,61.994112730026245,IO -> PLC,4.16431
1776102935.0115502,62.010112285614014,IO -> PLC,2.28734
1776102935.0275495,62.0261116027832,IO -> PLC,5.74469
1776102935.043549,62.04211115837097,IO -> PLC,5.17633
1776102935.0595493,62.05811142921448,IO -> PLC,3.80938
1776102935.0755486,62.07411074638367,IO -> PLC,2.14249
1776102935.0915482,62.090110301971436,IO -> PLC,0.78354
1776102935.1075475,62.106109619140625,IO -> PLC,4.41498
1776102935.123548,62.12211012840271,IO -> PLC,4.70282
1776102935.1395473,62.1381094455719,IO -> PLC,3.30212
1776102935.1555467,62.15410876274109,IO -> PLC,1.9034
1776102935.1715462,62.17010831832886,IO -> PLC,1.09472
1776102935.1875455,62.18610763549805,IO -> PLC,4.7516
1776102935.203546,62.20210814476013,IO -> PLC,3.97451
1776102935.2195454,62.21810746192932,IO -> PLC,2.42003
1776102935.2355447,62.23410677909851,IO -> PLC,0.64754
1776102935.2515442,62.25010633468628,IO -> PLC,5.70336
1776102935.2675436,62.26610565185547,IO -> PLC,2.71129
1776102935.283544,62.282106161117554,IO -> PLC,3.0965
1776102935.2995434,62.29810547828674,IO -> PLC,1.78275
1776102935.3155427,62.31410479545593,IO -> PLC,6.77601
1776102935.3315423,62.3301043510437,IO -> PLC,5.07616
1776102935.3475425,62.34610462188721,IO -> PLC,2.87285
1776102935.363542,62.362104177474976,IO -> PLC,3.79945
1776102935.3795414,62.378103494644165,IO -> PLC,2.26665
1776102935.3955407,62.394102811813354,IO -> PLC,1.06866
1776102935.4115403,62.41010236740112,IO -> PLC,6.21874
1776102935.4275405,62.42610263824463,IO -> PLC,1.31586
1776102935.44354,62.4421021938324,IO -> PLC,3.31979
1776102935.4595394,62.45810151100159,IO -> PLC,1.84851
1776102935.4755387,62.474100828170776,IO -> PLC,6.97297
1776102935.4915392,62.49010133743286,IO -> PLC,5.85475
1776102935.5075386,62.50610065460205,IO -> PLC,0.67243
1776102935.523538,62.52210021018982,IO -> PLC,2.62315
1776102935.5395374,62.53809952735901,IO -> PLC,0.91626
1776102935.5555367,62.5540988445282,IO -> PLC,5.92504
1776102935.5715373,62.57009935379028,IO -> PLC,4.31328
1776102935.5875366,62.58609867095947,IO -> PLC,2.86944
1776102935.603536,62.60209798812866,IO -> PLC,1.26296
1776102935.6195354,62.61809754371643,IO -> PLC,5.5425
1776102935.6355348,62.63409686088562,IO -> PLC,5.35208
1776102935.6515353,62.650097370147705,IO -> PLC,3.84081
1776102935.6675346,62.666096687316895,IO -> PLC,2.41745
1776102935.683534,62.682096004486084,IO -> PLC,0.5908
1776102935.6995335,62.69809556007385,IO -> PLC,3.69997
1776102935.7155337,62.71409583091736,IO -> PLC,4.29903
1776102935.7315333,62.73009538650513,IO -> PLC,2.97497
1776102935.7475326,62.746094703674316,IO -> PLC,1.25288
1776102935.763532,62.762094020843506,IO -> PLC,6.624
1776102935.7795315,62.778093576431274,IO -> PLC,4.91103
1776102935.7955317,62.79409384727478,IO -> PLC,2.96453
1776102935.811531,62.81009316444397,IO -> PLC,2.83235
1776102935.8275306,62.82609272003174,IO -> PLC,1.26979
1776102935.84353,62.84209203720093,IO -> PLC,6.13209
1776102935.8595304,62.85809254646301,IO -> PLC,4.79257
1776102935.8755298,62.8740918636322,IO -> PLC,1.77531
1776102935.891529,62.89009118080139,IO -> PLC,1.7977
1776102935.9075286,62.90609073638916,IO -> PLC,6.78904
1776102935.923528,62.92209005355835,IO -> PLC,5.13839
1776102935.9395285,62.938090562820435,IO -> PLC,3.53999
1776102935.9555278,62.954089879989624,IO -> PLC,1.57917
1776102935.971527,62.97008919715881,IO -> PLC,4.92075
1776102935.9875267,62.98608875274658,IO -> PLC,5.14907
1776102936.003526,63.00208806991577,IO -> PLC,3.86093
1776102936.0195265,63.018088579177856,IO -> PLC,1.84275
1776102936.0355258,63.034087896347046,IO -> PLC,7.20771
1776102936.051525,63.050087213516235,IO -> PLC,3.10775
1776102936.0675247,63.066086769104004,IO -> PLC,3.93218
1776102936.083525,63.08208703994751,IO -> PLC,2.34002
1776102936.0995245,63.09808659553528,IO -> PLC,1.56797
1776102936.1155238,63.11408591270447,IO -> PLC,6.44035
1776102936.1315231,63.13008522987366,IO -> PLC,0.84632
1776102936.1475227,63.146084785461426,IO -> PLC,3.86629
1776102936.163523,63.16208505630493,IO -> PLC,2.36405
1776102936.1795225,63.1780846118927,IO -> PLC,1.0995
1776102936.1955218,63.19408392906189,IO -> PLC,6.30181
1776102936.2115211,63.21008324623108,IO -> PLC,4.8951
1776102936.2275207,63.22608280181885,IO -> PLC,2.12416
1776102936.243521,63.24208307266235,IO -> PLC,1.67557
1776102936.2595205,63.25808262825012,IO -> PLC,6.49674
1776102936.2755198,63.27408194541931,IO -> PLC,5.23333
1776102936.2915192,63.2900812625885,IO -> PLC,3.94822
1776102936.3075197,63.306081771850586,IO -> PLC,2.21589
1776102936.323519,63.322081089019775,IO -> PLC,0.73629
1776102936.3395185,63.338080644607544,IO -> PLC,5.15312
1776102936.3555179,63.35407996177673,IO -> PLC,4.08594
1776102936.3715172,63.37007927894592,IO -> PLC,2.55731
1776102936.3875177,63.38607978820801,IO -> PLC,0.69169
1776102936.403517,63.4020791053772,IO -> PLC,6.33114
1776102936.4195163,63.41807842254639,IO -> PLC,2.50959
1776102936.4355159,63.434077978134155,IO -> PLC,3.2533
1776102936.4515152,63.450077295303345,IO -> PLC,1.54729
1776102936.4675157,63.46607780456543,IO -> PLC,6.72272
1776102936.483515,63.48207712173462,IO -> PLC,5.75002
1776102936.4995143,63.49807643890381,IO -> PLC,1.47494
1776102936.515514,63.51407599449158,IO -> PLC,3.69615
1776102936.5315142,63.53007626533508,IO -> PLC,3.80895
1776102936.5475137,63.54607582092285,IO -> PLC,2.27504
1776102936.563513,63.56207513809204,IO -> PLC,0.70952
1776102936.5795124,63.57807445526123,IO -> PLC,2.91025
1776102936.5955117,63.59407377243042,IO -> PLC,4.95945
1776102936.6115122,63.610074281692505,IO -> PLC,3.39585
1776102936.6275115,63.626073598861694,IO -> PLC,1.62552
1776102936.643511,63.64207315444946,IO -> PLC,6.46109
1776102936.6595104,63.65807247161865,IO -> PLC,0.99811
1776102936.675511,63.67407298088074,IO -> PLC,3.46181
1776102936.6915102,63.69007229804993,IO -> PLC,2.08158
1776102936.7075095,63.706071615219116,IO -> PLC,6.97972
1776102936.723509,63.722071170806885,IO -> PLC,5.36899
1776102936.7395084,63.738070487976074,IO -> PLC,3.84123
1776102936.755509,63.75407099723816,IO -> PLC,1.97562
1776102936.7715082,63.77007031440735,IO -> PLC,5.23536
1776102936.7875075,63.78606963157654,IO -> PLC,5.83233
1776102936.803507,63.80206918716431,IO -> PLC,4.13274
1776102936.8195064,63.818068504333496,IO -> PLC,2.40433
1776102936.835507,63.83406901359558,IO -> PLC,1.83005
1776102936.8515062,63.85006833076477,IO -> PLC,5.11931
1776102936.8675056,63.86606764793396,IO -> PLC,3.72564
1776102936.883505,63.88206720352173,IO -> PLC,2.36173
1776102936.8995054,63.898067474365234,IO -> PLC,0.94669
1776102936.915505,63.914067029953,IO -> PLC,5.91843
1776102936.9315042,63.93006634712219,IO -> PLC,2.96549
1776102936.9475036,63.94606566429138,IO -> PLC,2.73491
1776102936.9635031,63.96206521987915,IO -> PLC,1.0433
1776102936.9795034,63.978065490722656,IO -> PLC,5.82071
1776102936.995503,63.994065046310425,IO -> PLC,4.53976
1776102937.0115023,64.01006436347961,IO -> PLC,1.31736
1776102937.0275016,64.0260636806488,IO -> PLC,1.46496
1776102937.043502,64.04206418991089,IO -> PLC,5.9586
1776102937.0595014,64.05806350708008,IO -> PLC,4.86383
1776102937.075501,64.07406306266785,IO -> PLC,3.37191
1776102937.0915003,64.09006237983704,IO -> PLC,2.19857
1776102937.1074996,64.10606169700623,IO -> PLC,1.88638
1776102937.1235,64.12206220626831,IO -> PLC,5.49526
1776102937.1394994,64.1380615234375,IO -> PLC,4.66985
1776102937.155499,64.15406107902527,IO -> PLC,3.25785
1776102937.1714983,64.17006039619446,IO -> PLC,1.61953
1776102937.1874976,64.18605971336365,IO -> PLC,1.67088
1776102937.2034981,64.20206022262573,IO -> PLC,5.02799
1776102937.2194974,64.21805953979492,IO -> PLC,3.79304
1776102937.2354968,64.23405885696411,IO -> PLC,1.97967
1776102937.2514963,64.25005841255188,IO -> PLC,7.14589
1776102937.2674966,64.26605868339539,IO -> PLC,6.09752
1776102937.2834961,64.28205823898315,IO -> PLC,3.04289
1776102937.2994955,64.29805755615234,IO -> PLC,3.26721
1776102937.3154948,64.31405687332153,IO -> PLC,1.94235
1776102937.331494,64.33005619049072,IO -> PLC,6.78
1776102937.3474946,64.34605669975281,IO -> PLC,5.24096
1776102937.3634942,64.36205625534058,IO -> PLC,1.57294
1776102937.3794935,64.37805557250977,IO -> PLC,2.01359
1776102937.3954928,64.39405488967896,IO -> PLC,0.85129
1776102937.411492,64.41005420684814,IO -> PLC,5.72982
1776102937.4274926,64.42605471611023,IO -> PLC,4.33951
1776102937.443492,64.44205403327942,IO -> PLC,1.6373
1776102937.4594915,64.45805358886719,IO -> PLC,1.53688
1776102937.4754908,64.47405290603638,IO -> PLC,6.41758
1776102937.4914913,64.49005341529846,IO -> PLC,5.31888
1776102937.5074906,64.50605273246765,IO -> PLC,3.94584
1776102937.52349,64.52205204963684,IO -> PLC,2.3864
1776102937.5394895,64.53805160522461,IO -> PLC,1.10441
1776102937.5554888,64.5540509223938,IO -> PLC,6.00144
1776102937.5714893,64.57005143165588,IO -> PLC,4.51168
1776102937.5874887,64.58605074882507,IO -> PLC,3.29714
1776102937.603488,64.60205006599426,IO -> PLC,2.19964
1776102937.6194875,64.61804962158203,IO -> PLC,0.94533
1776102937.6354868,64.63404893875122,IO -> PLC,2.2061
1776102937.651487,64.65004920959473,IO -> PLC,4.32882
1776102937.6674867,64.6660487651825,IO -> PLC,2.40697
1776102937.683486,64.68204808235168,IO -> PLC,0.91513
1776102937.6994855,64.69804763793945,IO -> PLC,6.30569
1776102937.7154858,64.71404790878296,IO -> PLC,2.25389
1776102937.7314854,64.73004746437073,IO -> PLC,3.02496
1776102937.7474847,64.74604678153992,IO -> PLC,1.5904
1776102937.763484,64.7620460987091,IO -> PLC,6.54886
1776102937.7794836,64.77804565429688,IO -> PLC,4.94733
1776102937.7954838,64.79404592514038,IO -> PLC,4.07305
1776102937.8114831,64.81004524230957,IO -> PLC,2.05487
1776102937.8274827,64.82604479789734,IO -> PLC,0.96953
1776102937.843482,64.84204411506653,IO -> PLC,5.90855
1776102937.8594825,64.85804462432861,IO -> PLC,4.71257
1776102937.8754818,64.8740439414978,IO -> PLC,3.31681
1776102937.8914812,64.89004325866699,IO -> PLC,2.21011
1776102937.9074807,64.90604281425476,IO -> PLC,0.69555
1776102937.92348,64.92204213142395,IO -> PLC,6.2902
1776102937.9394805,64.93804264068604,IO -> PLC,4.69188
1776102937.9554799,64.95404195785522,IO -> PLC,3.12403
1776102937.9714794,64.970041513443,IO -> PLC,1.6474
1776102937.9874787,64.98604083061218,IO -> PLC,3.11313
1776102938.003478,65.00204014778137,IO -> PLC,5.72028
1776102938.0194786,65.01804065704346,IO -> PLC,4.4435
1776102938.0354779,65.03403997421265,IO -> PLC,3.27936
1776102938.0514772,65.05003929138184,IO -> PLC,1.61752
1776102938.0674767,65.0660388469696,IO -> PLC,3.38423
1776102938.083477,65.08203911781311,IO -> PLC,6.4286
1776102938.0994766,65.09803867340088,IO -> PLC,4.82724
1776102938.115476,65.11403799057007,IO -> PLC,3.26675
1776102938.1314752,65.13003730773926,IO -> PLC,2.32582
1776102938.1474745,65.14603662490845,IO -> PLC,0.69054
1776102938.163475,65.16203713417053,IO -> PLC,4.95072
1776102938.1794746,65.1780366897583,IO -> PLC,5.70947
1776102938.195474,65.19403600692749,IO -> PLC,4.66301
1776102938.2114732,65.21003532409668,IO -> PLC,2.91844
1776102938.2274725,65.22603464126587,IO -> PLC,1.66285
1776102938.243473,65.24203515052795,IO -> PLC,3.3098
1776102938.2594724,65.25803446769714,IO -> PLC,5.01579
1776102938.275472,65.27403402328491,IO -> PLC,3.60468
1776102938.2914712,65.2900333404541,IO -> PLC,2.0914
1776102938.3074718,65.30603384971619,IO -> PLC,0.96294
1776102938.323471,65.32203316688538,IO -> PLC,1.04118
1776102938.3394704,65.33803248405457,IO -> PLC,4.39604
1776102938.35547,65.35403203964233,IO -> PLC,3.19278
1776102938.3714693,65.37003135681152,IO -> PLC,1.82478
1776102938.3874698,65.38603186607361,IO -> PLC,6.81804
1776102938.403469,65.4020311832428,IO -> PLC,5.45317
1776102938.4194684,65.41803050041199,IO -> PLC,2.22573
1776102938.435468,65.43403005599976,IO -> PLC,1.98411
1776102938.4514673,65.45002937316895,IO -> PLC,7.00313
1776102938.4674675,65.46602964401245,IO -> PLC,5.92699
1776102938.483467,65.48202919960022,IO -> PLC,4.1421
1776102938.4994664,65.49802851676941,IO -> PLC,0.74059
1776102938.515466,65.51402807235718,IO -> PLC,4.34202
1776102938.5314662,65.53002834320068,IO -> PLC,3.1962
1776102938.5474656,65.54602766036987,IO -> PLC,2.22142
1776102938.563465,65.56202721595764,IO -> PLC,7.01211
1776102938.5794644,65.57802653312683,IO -> PLC,5.5426
1776102938.595464,65.5940260887146,IO -> PLC,3.14768
1776102938.6114643,65.6100263595581,IO -> PLC,2.5322
1776102938.6274636,65.6260256767273,IO -> PLC,0.80699
1776102938.6434631,65.64202523231506,IO -> PLC,5.73177
1776102938.6594625,65.65802454948425,IO -> PLC,3.94695
1776102938.675463,65.67402505874634,IO -> PLC,2.546
1776102938.6914623,65.69002437591553,IO -> PLC,1.02752
1776102938.7074616,65.70602369308472,IO -> PLC,5.95438
1776102938.7234612,65.72202324867249,IO -> PLC,4.52175
1776102938.7394605,65.73802256584167,IO -> PLC,3.18768
1776102938.755461,65.75402307510376,IO -> PLC,1.80649
1776102938.7714603,65.77002239227295,IO -> PLC,3.07646
1776102938.7874596,65.78602170944214,IO -> PLC,5.76145
1776102938.8034592,65.80202126502991,IO -> PLC,4.25113
1776102938.8194585,65.8180205821991,IO -> PLC,2.66601
1776102938.835459,65.83402109146118,IO -> PLC,1.20081
1776102938.8514583,65.85002040863037,IO -> PLC,0.86103
1776102938.8674576,65.86601972579956,IO -> PLC,3.99164
1776102938.8834572,65.88201928138733,IO -> PLC,3.29936
1776102938.8994575,65.89801955223083,IO -> PLC,2.14754
1776102938.915457,65.9140191078186,IO -> PLC,1.11532
1776102938.9314563,65.9300184249878,IO -> PLC,0.60561
1776102938.9474556,65.94601774215698,IO -> PLC,4.01184
1776102938.963455,65.96201705932617,IO -> PLC,3.03483
1776102938.9794555,65.97801756858826,IO -> PLC,1.65364
1776102938.995455,65.99401712417603,IO -> PLC,6.97979
1776102939.0114543,66.01001644134521,IO -> PLC,5.60652
1776102939.0274537,66.0260157585144,IO -> PLC,1.98266
1776102939.043453,66.0420150756836,IO -> PLC,2.41499
1776102939.0594535,66.05801558494568,IO -> PLC,0.92915
1776102939.0754528,66.07401490211487,IO -> PLC,5.94521
1776102939.0914524,66.09001445770264,IO -> PLC,4.79195
1776102939.1074517,66.10601377487183,IO -> PLC,0.67975
1776102939.1234522,66.12201428413391,IO -> PLC,1.91372
1776102939.1394515,66.1380136013031,IO -> PLC,6.78633
1776102939.1554508,66.15401291847229,IO -> PLC,5.13161
1776102939.1714504,66.17001247406006,IO -> PLC,3.50145
1776102939.1874497,66.18601179122925,IO -> PLC,2.04122
1776102939.2034502,66.20201230049133,IO -> PLC,2.09897
1776102939.2194495,66.21801161766052,IO -> PLC,5.29398
1776102939.2354488,66.23401093482971,IO -> PLC,3.82255
1776102939.2514484,66.25001049041748,IO -> PLC,2.05414
1776102939.2674487,66.26601076126099,IO -> PLC,7.15284
1776102939.283448,66.28201007843018,IO -> PLC,6.13742
1776102939.2994475,66.29800963401794,IO -> PLC,1.69105
1776102939.3154469,66.31400895118713,IO -> PLC,3.19015
1776102939.3314464,66.3300085067749,IO -> PLC,1.47302
1776102939.3474467,66.34600877761841,IO -> PLC,6.57389
1776102939.363446,66.3620080947876,IO -> PLC,5.03901
1776102939.3794456,66.37800765037537,IO -> PLC,3.63222
1776102939.3954449,66.39400696754456,IO -> PLC,2.41664
1776102939.4114444,66.41000652313232,IO -> PLC,1.01176
1776102939.4274447,66.42600679397583,IO -> PLC,5.90486
1776102939.443444,66.44200611114502,IO -> PLC,4.85728
1776102939.4594436,66.45800566673279,IO -> PLC,3.19959
1776102939.475443,66.47400498390198,IO -> PLC,1.80616
1776102939.4914434,66.49000549316406,IO -> PLC,0.84251
1776102939.5074427,66.50600481033325,IO -> PLC,5.68216
1776102939.523442,66.52200412750244,IO -> PLC,4.29896
1776102939.5394416,66.53800368309021,IO -> PLC,2.5828
1776102939.555441,66.5540030002594,IO -> PLC,1.1984
1776102939.5714414,66.57000350952148,IO -> PLC,3.63482
1776102939.5874407,66.58600282669067,IO -> PLC,5.10425
1776102939.60344,66.60200214385986,IO -> PLC,3.45689
1776102939.6194396,66.61800169944763,IO -> PLC,1.70168
1776102939.635439,66.63400101661682,IO -> PLC,7.05559
1776102939.6514394,66.6500015258789,IO -> PLC,1.82086
1776102939.6674387,66.6660008430481,IO -> PLC,4.08904
1776102939.683438,66.68200016021729,IO -> PLC,2.714
1776102939.6994376,66.69799971580505,IO -> PLC,1.84059
1776102939.715438,66.71399998664856,IO -> PLC,7.19739
1776102939.7314374,66.72999954223633,IO -> PLC,5.51322
1776102939.7474368,66.74599885940552,IO -> PLC,3.14166
1776102939.763436,66.7619981765747,IO -> PLC,2.80796
1776102939.7794354,66.7779974937439,IO -> PLC,1.37828
1776102939.795436,66.79399800300598,IO -> PLC,0.7589
1776102939.8114355,66.80999755859375,IO -> PLC,0.78481
1776102939.8274348,66.82599687576294,IO -> PLC,4.00038
1776102939.843434,66.84199619293213,IO -> PLC,3.20994
1776102939.8594334,66.85799551010132,IO -> PLC,2.29965
1776102939.875434,66.8739960193634,IO -> PLC,0.88757
1776102939.8914332,66.88999533653259,IO -> PLC,6.33773
1776102939.9074328,66.90599489212036,IO -> PLC,3.16134
1776102939.923432,66.92199420928955,IO -> PLC,3.4399
1776102939.9394326,66.93799471855164,IO -> PLC,1.80149
1776102939.955432,66.95399403572083,IO -> PLC,6.68739
1776102939.9714313,66.96999335289001,IO -> PLC,5.16491
1776102939.9874306,66.9859926700592,IO -> PLC,2.14932
1776102940.0034301,67.00199222564697,IO -> PLC,2.32117
1776102940.0194306,67.01799273490906,IO -> PLC,7.19578
1776102940.03543,67.03399205207825,IO -> PLC,5.63634
1776102940.0514293,67.04999136924744,IO -> PLC,4.05642
1776102940.0674286,67.06599068641663,IO -> PLC,2.1148
1776102940.083429,67.08199119567871,IO -> PLC,0.5964
1776102940.0994284,67.0979905128479,IO -> PLC,5.63494
1776102940.115428,67.11399006843567,IO -> PLC,4.16854
1776102940.1314273,67.12998938560486,IO -> PLC,2.51374
1776102940.1474266,67.14598870277405,IO -> PLC,1.30663
1776102940.163427,67.16198921203613,IO -> PLC,0.87061
1776102940.1794264,67.17798852920532,IO -> PLC,3.95402
1776102940.195426,67.19398808479309,IO -> PLC,3.83136
1776102940.2114253,67.20998740196228,IO -> PLC,2.18057
1776102940.2274246,67.22598671913147,IO -> PLC,0.76745
1776102940.2434251,67.24198722839355,IO -> PLC,5.46694
1776102940.2594244,67.25798654556274,IO -> PLC,2.50063
1776102940.275424,67.27398610115051,IO -> PLC,3.35778
1776102940.2914233,67.2899854183197,IO -> PLC,2.31644
1776102940.3074236,67.30598568916321,IO -> PLC,0.65772
1776102940.3234231,67.32198524475098,IO -> PLC,5.63673
1776102940.3394225,67.33798456192017,IO -> PLC,3.98705
1776102940.355422,67.35398411750793,IO -> PLC,2.49209
1776102940.3714213,67.36998343467712,IO -> PLC,1.02065
1776102940.3874218,67.38598394393921,IO -> PLC,6.13784
1776102940.4034212,67.4019832611084,IO -> PLC,4.65521
1776102940.4194205,67.41798257827759,IO -> PLC,3.04041
1776102940.43542,67.43398213386536,IO -> PLC,1.28936
1776102940.4514194,67.44998145103455,IO -> PLC,5.5425
1776102940.4674196,67.46598172187805,IO -> PLC,5.29888
1776102940.4834192,67.48198127746582,IO -> PLC,3.68096
1776102940.4994185,67.49798059463501,IO -> PLC,2.42777
1776102940.515418,67.51398015022278,IO -> PLC,3.75286
1776102940.5314183,67.52998042106628,IO -> PLC,2.29566
1776102940.5474179,67.54597997665405,IO -> PLC,1.02192
1776102940.5634172,67.56197929382324,IO -> PLC,5.90365
1776102940.5794165,67.57797861099243,IO -> PLC,4.32893
1776102940.5954158,67.59397792816162,IO -> PLC,3.38295
1776102940.6114163,67.6099784374237,IO -> PLC,2.03537
1776102940.6274157,67.6259777545929,IO -> PLC,0.63554
1776102940.6434152,67.64197731018066,IO -> PLC,5.76304
1776102940.6594145,67.65797662734985,IO -> PLC,4.40825
1776102940.6754138,67.67397594451904,IO -> PLC,2.60232
1776102940.6914144,67.68997645378113,IO -> PLC,1.72987
1776102940.7074137,67.70597577095032,IO -> PLC,7.05906
1776102940.7234132,67.72197532653809,IO -> PLC,5.68587
1776102940.7394125,67.73797464370728,IO -> PLC,4.41708
1776102940.755413,67.75397515296936,IO -> PLC,2.35202
1776102940.7714124,67.76997447013855,IO -> PLC,1.56853
1776102940.7874117,67.78597378730774,IO -> PLC,6.90606
1776102940.803411,67.80197310447693,IO -> PLC,5.4459
1776102940.8194106,67.8179726600647,IO -> PLC,3.71445
1776102940.835411,67.83397316932678,IO -> PLC,1.9358
1776102940.8514104,67.84997248649597,IO -> PLC,3.90924
1776102940.8674097,67.86597180366516,IO -> PLC,7.28883
1776102940.883409,67.88197112083435,IO -> PLC,6.10804
1776102940.8994095,67.89797163009644,IO -> PLC,4.42163
1776102940.9154088,67.91397094726562,IO -> PLC,3.07716
1776102940.9314084,67.9299705028534,IO -> PLC,1.44796
1776102940.9474077,67.94596982002258,IO -> PLC,3.46572
1776102940.963407,67.96196913719177,IO -> PLC,4.84801
1776102940.9794075,67.97796964645386,IO -> PLC,3.23729
1776102940.9954069,67.99396896362305,IO -> PLC,1.84699
1776102941.0114064,68.00996851921082,IO -> PLC,6.86481
1776102941.0274057,68.02596783638,IO -> PLC,0.95325
1776102941.043405,68.0419671535492,IO -> PLC,3.79409
1776102941.0594056,68.05796766281128,IO -> PLC,2.1464
1776102941.075405,68.07396697998047,IO -> PLC,0.9341
1776102941.0914044,68.08996653556824,IO -> PLC,6.16705
1776102941.1074038,68.10596585273743,IO -> PLC,4.68649
1776102941.123404,68.12196612358093,IO -> PLC,3.01864
1776102941.1394036,68.1379656791687,IO -> PLC,1.90338
1776102941.155403,68.15396499633789,IO -> PLC,6.76151
1776102941.1714025,68.16996455192566,IO -> PLC,5.38432
1776102941.1874018,68.18596386909485,IO -> PLC,4.26203
1776102941.203402,68.20196413993835,IO -> PLC,1.31837
1776102941.2194016,68.21796369552612,IO -> PLC,0.91882
1776102941.235401,68.23396301269531,IO -> PLC,6.39866
1776102941.2514005,68.24996256828308,IO -> PLC,5.0041
1776102941.2674007,68.26596283912659,IO -> PLC,3.14033
1776102941.2834,68.28196215629578,IO -> PLC,1.65585
1776102941.2993996,68.29796171188354,IO -> PLC,2.63597
1776102941.315399,68.31396102905273,IO -> PLC,5.61913
1776102941.3313985,68.3299605846405,IO -> PLC,4.30946
1776102941.3473988,68.34596085548401,IO -> PLC,2.76002
1776102941.363398,68.3619601726532,IO -> PLC,1.28971
1776102941.3793976,68.37795972824097,IO -> PLC,6.40402
1776102941.395397,68.39395904541016,IO -> PLC,3.57884
1776102941.4113963,68.40995836257935,IO -> PLC,3.66483
1776102941.4273968,68.42595887184143,IO -> PLC,2.09003
1776102941.443396,68.44195818901062,IO -> PLC,0.86429
1776102941.4593956,68.45795774459839,IO -> PLC,5.56689
1776102941.475395,68.47395706176758,IO -> PLC,2.26345
1776102941.4913955,68.48995757102966,IO -> PLC,2.97739
1776102941.5073948,68.50595688819885,IO -> PLC,1.50796
1776102941.523394,68.52195620536804,IO -> PLC,6.36929
1776102941.5393937,68.53795576095581,IO -> PLC,4.99914
1776102941.555393,68.553955078125,IO -> PLC,3.33818
1776102941.5713935,68.56995558738708,IO -> PLC,1.74906
1776102941.5873928,68.58595490455627,IO -> PLC,6.89808
1776102941.6033921,68.60195422172546,IO -> PLC,5.38688
1776102941.6193914,68.61795353889465,IO -> PLC,3.86008
1776102941.635391,68.63395309448242,IO -> PLC,2.10487
1776102941.6513915,68.6499536037445,IO -> PLC,0.98081
1776102941.6673908,68.6659529209137,IO -> PLC,5.82558
1776102941.6833901,68.68195223808289,IO -> PLC,4.10126
1776102941.6993895,68.69795155525208,IO -> PLC,2.6451
1776102941.71539,68.71395206451416,IO -> PLC,1.1799
1776102941.7313893,68.72995138168335,IO -> PLC,0.57195
1776102941.7473888,68.74595093727112,IO -> PLC,3.73217
1776102941.7633882,68.76195025444031,IO -> PLC,3.3195
1776102941.7793875,68.7779495716095,IO -> PLC,2.12264
1776102941.795388,68.79395008087158,IO -> PLC,0.87137
1776102941.8113873,68.80994939804077,IO -> PLC,6.48522
1776102941.8273866,68.82594871520996,IO -> PLC,1.57114
1776102941.8433862,68.84194827079773,IO -> PLC,3.73587
1776102941.8593855,68.85794758796692,IO -> PLC,2.02594
1776102941.875386,68.873948097229,IO -> PLC,6.95976
1776102941.8913853,68.8899474143982,IO -> PLC,6.07515
1776102941.9073846,68.90594673156738,IO -> PLC,4.74628
1776102941.9233842,68.92194628715515,IO -> PLC,3.34253
1776102941.9393845,68.93794655799866,IO -> PLC,2.0419
1776102941.955384,68.95394611358643,IO -> PLC,7.32709
1776102941.9713833,68.96994543075562,IO -> PLC,5.60677
1776102941.9873827,68.9859447479248,IO -> PLC,4.3699
1776102942.0033822,69.00194430351257,IO -> PLC,0.86701
1776102942.0193825,69.01794457435608,IO -> PLC,1.27142
1776102942.035382,69.03394412994385,IO -> PLC,6.20035
1776102942.0513813,69.04994344711304,IO -> PLC,5.03917
1776102942.0673807,69.06594276428223,IO -> PLC,3.10283
1776102942.0833812,69.08194327354431,IO -> PLC,1.60067
1776102942.0993805,69.0979425907135,IO -> PLC,0.75704
1776102942.11538,69.11394214630127,IO -> PLC,5.42684
1776102942.1313794,69.12994146347046,IO -> PLC,4.40582
1776102942.1473787,69.14594078063965,IO -> PLC,2.62829
1776102942.1633792,69.16194128990173,IO -> PLC,1.18558
1776102942.1793785,69.17794060707092,IO -> PLC,1.26573
1776102942.195378,69.19394016265869,IO -> PLC,4.44242
1776102942.2113774,69.20993947982788,IO -> PLC,2.90026
1776102942.2273767,69.22593879699707,IO -> PLC,1.57843
1776102942.2433772,69.24193930625916,IO -> PLC,6.16607
1776102942.2593765,69.25793862342834,IO -> PLC,4.67832
1776102942.275376,69.27393817901611,IO -> PLC,2.67653
1776102942.2913754,69.2899374961853,IO -> PLC,2.98167
1776102942.3073757,69.30593776702881,IO -> PLC,1.61576
1776102942.3233752,69.32193732261658,IO -> PLC,6.40532
1776102942.3393745,69.33793663978577,IO -> PLC,4.98309
1776102942.355374,69.35393619537354,IO -> PLC,3.38765
1776102942.3713734,69.36993551254272,IO -> PLC,1.88869
1776102942.3873737,69.38593578338623,IO -> PLC,5.95118
1776102942.4033732,69.401935338974,IO -> PLC,5.90221
1776102942.4193726,69.41793465614319,IO -> PLC,4.47582
1776102942.4353719,69.43393397331238,IO -> PLC,2.58052
1776102942.4513724,69.44993448257446,IO -> PLC,1.09581
1776102942.4673717,69.46593379974365,IO -> PLC,4.51212
1776102942.4833713,69.48193335533142,IO -> PLC,6.06762
1776102942.4993706,69.49793267250061,IO -> PLC,4.53066
1776102942.51537,69.5139319896698,IO -> PLC,5.04387
1776102942.5313704,69.52993249893188,IO -> PLC,2.99817
1776102942.5473697,69.54593181610107,IO -> PLC,2.97776
1776102942.5633693,69.56193137168884,IO -> PLC,1.50224
1776102942.5793686,69.57793068885803,IO -> PLC,6.4411
1776102942.595368,69.59393000602722,IO -> PLC,5.22367
1776102942.6113684,69.6099305152893,IO -> PLC,1.01923
1776102942.6273677,69.6259298324585,IO -> PLC,2.1244
1776102942.643367,69.64192914962769,IO -> PLC,6.94557
1776102942.6593666,69.65792870521545,IO -> PLC,5.63182
1776102942.675367,69.67392921447754,IO -> PLC,4.1727
1776102942.6913664,69.68992853164673,IO -> PLC,3.46522
1776102942.7073658,69.70592784881592,IO -> PLC,1.56784
1776102942.723365,69.72192716598511,IO -> PLC,5.54842
1776102942.7393646,69.73792672157288,IO -> PLC,5.08359
1776102942.755365,69.75392699241638,IO -> PLC,3.54375
1776102942.7713645,69.76992654800415,IO -> PLC,2.18879
1776102942.7873638,69.78592586517334,IO -> PLC,1.15586
1776102942.803363,69.80192518234253,IO -> PLC,4.49849
1776102942.8193626,69.8179247379303,IO -> PLC,4.04478
1776102942.835363,69.8339250087738,IO -> PLC,2.29189
1776102942.8513625,69.84992456436157,IO -> PLC,0.87269
1776102942.8673618,69.86592388153076,IO -> PLC,6.01532
1776102942.883361,69.88192319869995,IO -> PLC,1.76383
1776102942.8993616,69.89792370796204,IO -> PLC,2.9394
1776102942.915361,69.91392302513123,IO -> PLC,1.45484
1776102942.9313605,69.929922580719,IO -> PLC,6.73179
1776102942.9473598,69.94592189788818,IO -> PLC,5.05762
1776102942.963359,69.96192121505737,IO -> PLC,3.59547
1776102942.9793596,69.97792172431946,IO -> PLC,2.07076
1776102942.995359,69.99392104148865,IO -> PLC,1.03862
1776102943.0113583,70.00992035865784,IO -> PLC,5.98084
1776102943.0273578,70.0259199142456,IO -> PLC,4.69581
1776102943.0433571,70.0419192314148,IO -> PLC,3.13533
1776102943.0593576,70.05791974067688,IO -> PLC,0.93898
1776102943.075357,70.07391905784607,IO -> PLC,3.96903
1776102943.0913565,70.08991861343384,IO -> PLC,6.08791
1776102943.1073558,70.10591793060303,IO -> PLC,4.96769
1776102943.123356,70.12191820144653,IO -> PLC,3.38257
1776102943.1393557,70.1379177570343,IO -> PLC,2.01882
1776102943.155355,70.15391707420349,IO -> PLC,2.71125
1776102943.1713543,70.16991639137268,IO -> PLC,5.67801
1776102943.1873538,70.18591594696045,IO -> PLC,4.14713
1776102943.2033541,70.20191621780396,IO -> PLC,2.83962
1776102943.2193537,70.21791577339172,IO -> PLC,1.04857
1776102943.235353,70.23391509056091,IO -> PLC,6.49361
1776102943.2513523,70.2499144077301,IO -> PLC,3.31418
1776102943.2673528,70.26591491699219,IO -> PLC,3.46265
1776102943.2833521,70.28191423416138,IO -> PLC,1.96257
1776102943.2993517,70.29791378974915,IO -> PLC,0.84348
1776102943.315351,70.31391310691833,IO -> PLC,5.89098
1776102943.3313503,70.32991242408752,IO -> PLC,1.24636
1776102943.3473508,70.34591293334961,IO -> PLC,3.2206
1776102943.3633502,70.3619122505188,IO -> PLC,1.56892
1776102943.3793497,70.37791180610657,IO -> PLC,6.55625
1776102943.395349,70.39391112327576,IO -> PLC,5.29563
1776102943.4113483,70.40991044044495,IO -> PLC,3.92467
1776102943.4273489,70.42591094970703,IO -> PLC,2.10426
1776102943.4433482,70.44191026687622,IO -> PLC,1.29013
1776102943.4593475,70.45790958404541,IO -> PLC,6.13186
1776102943.475347,70.47390913963318,IO -> PLC,4.91421
1776102943.4913473,70.48990941047668,IO -> PLC,3.62022
1776102943.5073469,70.50590896606445,IO -> PLC,0.95689
1776102943.5233462,70.52190828323364,IO -> PLC,0.68247
1776102943.5393455,70.53790760040283,IO -> PLC,5.66972
1776102943.555345,70.5539071559906,IO -> PLC,4.18597
1776102943.5713453,70.5699074268341,IO -> PLC,2.82605
1776102943.587345,70.58590698242188,IO -> PLC,1.08332
1776102943.6033442,70.60190629959106,IO -> PLC,3.15621
1776102943.6193435,70.61790561676025,IO -> PLC,5.38966
1776102943.635343,70.63390517234802,IO -> PLC,3.79743
1776102943.6513433,70.64990544319153,IO -> PLC,1.95133
1776102943.6673427,70.66590476036072,IO -> PLC,7.02852
1776102943.6833422,70.68190431594849,IO -> PLC,1.54298
1776102943.6993415,70.69790363311768,IO -> PLC,3.80811
1776102943.715342,70.71390414237976,IO -> PLC,3.56561
1776102943.7313414,70.72990345954895,IO -> PLC,2.725
1776102943.7473407,70.74590277671814,IO -> PLC,1.50245
1776102943.7633402,70.76190233230591,IO -> PLC,1.35932
1776102943.7793396,70.7779016494751,IO -> PLC,4.33928
1776102943.79534,70.79390215873718,IO -> PLC,4.41817
1776102943.8113394,70.80990147590637,IO -> PLC,2.97553
1776102943.8273387,70.82590079307556,IO -> PLC,1.45505
1776102943.8433383,70.84190034866333,IO -> PLC,6.53535
1776102943.8593376,70.85789966583252,IO -> PLC,2.77325
1776102943.875338,70.8739001750946,IO -> PLC,3.92321
1776102943.8913374,70.8898994922638,IO -> PLC,2.59714
1776102943.9073367,70.90589880943298,IO -> PLC,1.73621
1776102943.9233363,70.92189836502075,IO -> PLC,6.42226
1776102943.9393365,70.93789863586426,IO -> PLC,4.99178
1776102943.955336,70.95389819145203,IO -> PLC,3.46835
1776102943.9713354,70.96989750862122,IO -> PLC,2.41565
1776102943.9873347,70.9858968257904,IO -> PLC,0.9267
1776102944.0033343,71.00189638137817,IO -> PLC,6.61447
1776102944.0193346,71.01789665222168,IO -> PLC,5.11343
1776102944.035334,71.03389620780945,IO -> PLC,2.94564
1776102944.0513334,71.04989552497864,IO -> PLC,2.03943
1776102944.0673327,71.06589484214783,IO -> PLC,7.46078
1776102944.0833333,71.08189535140991,IO -> PLC,6.81267
1776102944.0993326,71.0978946685791,IO -> PLC,5.14979
1776102944.1153321,71.11389422416687,IO -> PLC,3.78588
1776102944.1313314,71.12989354133606,IO -> PLC,2.64749
1776102944.1473308,71.14589285850525,IO -> PLC,1.52215
1776102944.1633313,71.16189336776733,IO -> PLC,6.24724
1776102944.1793306,71.17789268493652,IO -> PLC,4.76356
1776102944.1953301,71.19389224052429,IO -> PLC,3.31549
1776102944.2113295,71.20989155769348,IO -> PLC,1.65676
1776102944.2273288,71.22589087486267,IO -> PLC,4.46784
1776102944.2433293,71.24189138412476,IO -> PLC,5.44995
1776102944.2593286,71.25789070129395,IO -> PLC,3.53323
1776102944.275328,71.27389001846313,IO -> PLC,2.05571
1776102944.2913275,71.2898895740509,IO -> PLC,0.70596
1776102944.3073277,71.30588984489441,IO -> PLC,1.7908
1776102944.3233273,71.32188940048218,IO -> PLC,3.57359
1776102944.3393266,71.33788871765137,IO -> PLC,1.90454
1776102944.355326,71.35388803482056,IO -> PLC,0.70656
1776102944.3713253,71.36988735198975,IO -> PLC,5.18483
1776102944.3873258,71.38588786125183,IO -> PLC,3.65403
1776102944.4033253,71.4018874168396,IO -> PLC,1.65721
1776102944.4193246,71.41788673400879,IO -> PLC,4.83511
1776102944.435324,71.43388605117798,IO -> PLC,4.46437
1776102944.4513233,71.44988536834717,IO -> PLC,2.35802
1776102944.4673238,71.46588587760925,IO -> PLC,0.82218
1776102944.483323,71.48188519477844,IO -> PLC,6.02537
1776102944.4993227,71.49788475036621,IO -> PLC,2.07494
1776102944.515322,71.5138840675354,IO -> PLC,5.64981
1776102944.5313225,71.52988457679749,IO -> PLC,3.80676
1776102944.5473218,71.54588389396667,IO -> PLC,2.14987
1776102944.563321,71.56188321113586,IO -> PLC,6.82472
1776102944.5793207,71.57788276672363,IO -> PLC,2.80469
1776102944.59532,71.59388208389282,IO -> PLC,3.91369
1776102944.6113205,71.60988259315491,IO -> PLC,2.16872
1776102944.6273198,71.6258819103241,IO -> PLC,7.03621
1776102944.6433191,71.64188122749329,IO -> PLC,5.2278
1776102944.6593187,71.65788078308105,IO -> PLC,1.76699
1776102944.675319,71.67388105392456,IO -> PLC,1.58154
1776102944.6913183,71.68988037109375,IO -> PLC,6.62728
1776102944.7073178,71.70587992668152,IO -> PLC,4.72982
1776102944.7233171,71.72187924385071,IO -> PLC,3.05046
1776102944.7393167,71.73787879943848,IO -> PLC,1.49814
1776102944.755317,71.75387907028198,IO -> PLC,1.17588
1776102944.7713163,71.76987838745117,IO -> PLC,4.13128
1776102944.7873158,71.78587794303894,IO -> PLC,2.89529
1776102944.8033152,71.80187726020813,IO -> PLC,0.82071
1776102944.8193147,71.8178768157959,IO -> PLC,5.87253
1776102944.835315,71.8338770866394,IO -> PLC,4.29957
1776102944.8513143,71.8498764038086,IO -> PLC,1.03933
1776102944.8673139,71.86587595939636,IO -> PLC,0.71171
1776102944.8833132,71.88187527656555,IO -> PLC,6.28764
1776102944.8993137,71.89787578582764,IO -> PLC,4.38722
1776102944.915313,71.91387510299683,IO -> PLC,2.67105
1776102944.9313123,71.92987442016602,IO -> PLC,0.77968
1776102944.9473119,71.94587397575378,IO -> PLC,0.57526
1776102944.9633112,71.96187329292297,IO -> PLC,3.40482
1776102944.9793117,71.97787380218506,IO -> PLC,2.18203
1776102944.995311,71.99387311935425,IO -> PLC,0.86844
1776102945.0113103,72.00987243652344,IO -> PLC,5.55353
1776102945.02731,72.0258719921112,IO -> PLC,3.88129
1776102945.0433092,72.0418713092804,IO -> PLC,0.60057
1776102945.0593097,72.05787181854248,IO -> PLC,3.64518
1776102945.075309,72.07387113571167,IO -> PLC,5.21612
1776102945.0913084,72.08987045288086,IO -> PLC,4.0755
1776102945.107308,72.10587000846863,IO -> PLC,2.45029
1776102945.1233082,72.12187027931213,IO -> PLC,7.36179
1776102945.1393077,72.1378698348999,IO -> PLC,5.6077
1776102945.155307,72.15386915206909,IO -> PLC,3.86193
1776102945.1713064,72.16986846923828,IO -> PLC,1.83839
1776102945.1873057,72.18586778640747,IO -> PLC,6.6506
1776102945.2033062,72.20186829566956,IO -> PLC,4.80643
1776102945.2193058,72.21786785125732,IO -> PLC,2.61704
1776102945.235305,72.23386716842651,IO -> PLC,0.66566
1776102945.2513044,72.2498664855957,IO -> PLC,3.69995
1776102945.2673037,72.26586580276489,IO -> PLC,4.14228
1776102945.2833042,72.28186631202698,IO -> PLC,3.34071
1776102945.2993035,72.29786562919617,IO -> PLC,2.03936
1776102945.315303,72.31386518478394,IO -> PLC,6.55125
1776102945.3313024,72.32986450195312,IO -> PLC,5.01837
1776102945.347303,72.34586501121521,IO -> PLC,1.51444
1776102945.3633022,72.3618643283844,IO -> PLC,1.78468
1776102945.3793015,72.37786364555359,IO -> PLC,6.24863
1776102945.3953009,72.39386296272278,IO -> PLC,4.91144
1776102945.4113004,72.40986251831055,IO -> PLC,3.17063
1776102945.427301,72.42586302757263,IO -> PLC,1.3767
1776102945.4433002,72.44186234474182,IO -> PLC,2.33538
1776102945.4592996,72.45786166191101,IO -> PLC,4.73285
1776102945.475299,72.4738609790802,IO -> PLC,3.33509
1776102945.4912994,72.48986148834229,IO -> PLC,1.89846
1776102945.5072987,72.50586080551147,IO -> PLC,6.81299
1776102945.5232983,72.52186036109924,IO -> PLC,1.51066
1776102945.5392976,72.53785967826843,IO -> PLC,3.79123
1776102945.555297,72.55385899543762,IO -> PLC,2.06186
1776102945.5712974,72.5698595046997,IO -> PLC,6.94552
1776102945.5872967,72.5858588218689,IO -> PLC,5.56016
1776102945.6032963,72.60185837745667,IO -> PLC,4.17281
1776102945.6192956,72.61785769462585,IO -> PLC,1.78694
1776102945.635295,72.63385701179504,IO -> PLC,4.7465
1776102945.6512954,72.64985752105713,IO -> PLC,5.44181
1776102945.6672947,72.66585683822632,IO -> PLC,3.63659
1776102945.6832943,72.68185639381409,IO -> PLC,1.84674
1776102945.6992936,72.69785571098328,IO -> PLC,7.01209
1776102945.715294,72.71385598182678,IO -> PLC,1.74888
1776102945.7312934,72.72985553741455,IO -> PLC,3.29006
1776102945.7472928,72.74585485458374,IO -> PLC,1.80006
1776102945.7632923,72.76185441017151,IO -> PLC,6.6378
1776102945.7792916,72.7778537273407,IO -> PLC,4.92067
1776102945.795292,72.7938539981842,IO -> PLC,3.25379
1776102945.8112915,72.80985355377197,IO -> PLC,1.43417
1776102945.8272908,72.82585287094116,IO -> PLC,4.36302
1776102945.8432903,72.84185242652893,IO -> PLC,3.98811
1776102945.8592896,72.85785174369812,IO -> PLC,1.99769
1776102945.87529,72.87385201454163,IO -> PLC,1.00027
1776102945.8912895,72.8898515701294,IO -> PLC,6.20562
1776102945.9072888,72.90585088729858,IO -> PLC,1.91214
1776102945.9232883,72.92185044288635,IO -> PLC,3.14923
1776102945.9392886,72.93785071372986,IO -> PLC,1.47794
1776102945.955288,72.95385003089905,IO -> PLC,6.29015
1776102945.9712875,72.96984958648682,IO -> PLC,4.60879
1776102945.9872868,72.985848903656,IO -> PLC,2.9019
1776102946.0032861,73.0018482208252,IO -> PLC,1.26357
1776102946.0192866,73.01784873008728,IO -> PLC,4.26834
1776102946.035286,73.03384804725647,IO -> PLC,4.69835
1776102946.0512855,73.04984760284424,IO -> PLC,2.80322
1776102946.0672848,73.06584692001343,IO -> PLC,0.90265
1776102946.0832841,73.08184623718262,IO -> PLC,6.2696
1776102946.0992846,73.0978467464447,IO -> PLC,1.05671
1776102946.115284,73.11384606361389,IO -> PLC,2.39596
1776102946.1312835,73.12984561920166,IO -> PLC,7.20497
1776102946.1472828,73.14584493637085,IO -> PLC,5.28304
1776102946.1632833,73.16184544563293,IO -> PLC,3.38758
1776102946.1792827,73.17784476280212,IO -> PLC,1.55357
1776102946.195282,73.19384407997131,IO -> PLC,1.34716
1776102946.2112813,73.2098433971405,IO -> PLC,4.10511
1776102946.2272809,73.22584295272827,IO -> PLC,2.61807
1776102946.2432814,73.24184346199036,IO -> PLC,7.08203
1776102946.2592807,73.25784277915955,IO -> PLC,5.54003
1776102946.27528,73.27384209632874,IO -> PLC,4.26932
1776102946.2912793,73.28984141349792,IO -> PLC,1.70111
1776102946.3072798,73.30584192276001,IO -> PLC,0.74474
1776102946.3232791,73.3218412399292,IO -> PLC,5.23413
1776102946.3392787,73.33784079551697,IO -> PLC,3.89887
1776102946.355278,73.35384011268616,IO -> PLC,1.94125
1776102946.3712773,73.36983942985535,IO -> PLC,6.49929
1776102946.3872778,73.38583993911743,IO -> PLC,2.88991
1776102946.4032772,73.40183925628662,IO -> PLC,3.66818
1776102946.4192765,73.41783857345581,IO -> PLC,1.84361
1776102946.435276,73.43383812904358,IO -> PLC,6.63285
1776102946.4512753,73.44983744621277,IO -> PLC,4.98837
1776102946.4672759,73.46583795547485,IO -> PLC,3.18828
1776102946.4832752,73.48183727264404,IO -> PLC,1.63717
1776102946.4992745,73.49783658981323,IO -> PLC,5.29316
1776102946.515274,73.513836145401,IO -> PLC,3.31986
1776102946.5312743,73.5298364162445,IO -> PLC,1.3088
1776102946.5472739,73.54583597183228,IO -> PLC,5.96516
1776102946.5632732,73.56183528900146,IO -> PLC,2.95782
1776102946.5792725,73.57783460617065,IO -> PLC,2.20729
1776102946.595272,73.59383416175842,IO -> PLC,6.90974
1776102946.6112723,73.60983443260193,IO -> PLC,5.18541
1776102946.627272,73.6258339881897,IO -> PLC,3.19684
1776102946.6432712,73.64183330535889,IO -> PLC,1.01689
1776102946.6592705,73.65783262252808,IO -> PLC,3.99373
1776102946.675271,73.67383313179016,IO -> PLC,5.17978
1776102946.6912704,73.68983244895935,IO -> PLC,3.59777
1776102946.70727,73.70583200454712,IO -> PLC,1.66752
1776102946.7232692,73.72183132171631,IO -> PLC,6.38036
1776102946.7392685,73.7378306388855,IO -> PLC,4.63443
1776102946.755269,73.75383114814758,IO -> PLC,3.08324
1776102946.7712684,73.76983046531677,IO -> PLC,1.38035
1776102946.787268,73.78583002090454,IO -> PLC,6.44745
1776102946.8032672,73.80182933807373,IO -> PLC,4.49159
1776102946.8192666,73.81782865524292,IO -> PLC,2.37613
1776102946.835267,73.833829164505,IO -> PLC,7.04177
1776102946.8512664,73.8498284816742,IO -> PLC,3.44648
1776102946.867266,73.86582803726196,IO -> PLC,3.19277
1776102946.8832653,73.88182735443115,IO -> PLC,1.54413
1776102946.8992655,73.89782762527466,IO -> PLC,6.94485
1776102946.915265,73.91382718086243,IO -> PLC,5.00868
1776102946.9312644,73.92982649803162,IO -> PLC,3.18994
1776102946.947264,73.94582605361938,IO -> PLC,1.5385
1776102946.9632633,73.96182537078857,IO -> PLC,6.1907
1776102946.9792635,73.97782564163208,IO -> PLC,4.21452
1776102946.995263,73.99382519721985,IO -> PLC,2.68156
1776102947.0112624,74.00982451438904,IO -> PLC,0.85587
1776102947.0272617,74.02582383155823,IO -> PLC,0.64114
1776102947.0432613,74.041823387146,IO -> PLC,3.62622
1776102947.0592616,74.0578236579895,IO -> PLC,2.5376
1776102947.075261,74.07382321357727,IO -> PLC,0.97
1776102947.0912604,74.08982253074646,IO -> PLC,6.15399
1776102947.1072598,74.10582184791565,IO -> PLC,4.26781
1776102947.1232603,74.12182235717773,IO -> PLC,0.58451
1776102947.1392596,74.13782167434692,IO -> PLC,4.1381
1776102947.1552591,74.15382122993469,IO -> PLC,5.19374
1776102947.1712584,74.16982054710388,IO -> PLC,3.33222
1776102947.1872578,74.18581986427307,IO -> PLC,1.35196
1776102947.2032583,74.20182037353516,IO -> PLC,6.35553
1776102947.2192576,74.21781969070435,IO -> PLC,0.76655
1776102947.235257,74.23381900787354,IO -> PLC,2.36917
1776102947.2512565,74.2498185634613,IO -> PLC,6.93553
1776102947.2672558,74.2658178806305,IO -> PLC,6.14708
1776102947.2832563,74.28181838989258,IO -> PLC,4.5078
1776102947.2992556,74.29781770706177,IO -> PLC,3.10797
1776102947.315255,74.31381702423096,IO -> PLC,0.60049
1776102947.3312545,74.32981657981873,IO -> PLC,3.40021
1776102947.3472548,74.34581685066223,IO -> PLC,3.8263
1776102947.3632543,74.36181640625,IO -> PLC,2.10597
1776102947.3792536,74.37781572341919,IO -> PLC,6.58624
1776102947.395253,74.39381504058838,IO -> PLC,5.08024
1776102947.4112525,74.40981459617615,IO -> PLC,0.58987
1776102947.4272528,74.42581486701965,IO -> PLC,1.8536
1776102947.443252,74.44181418418884,IO -> PLC,6.26532
1776102947.4592516,74.45781373977661,IO -> PLC,4.69764
1776102947.475251,74.4738130569458,IO -> PLC,2.85338
1776102947.4912515,74.48981356620789,IO -> PLC,1.34402
1776102947.5072508,74.50581288337708,IO -> PLC,2.31006
1776102947.52325,74.52181220054626,IO -> PLC,4.15021
1776102947.5392497,74.53781175613403,IO -> PLC,2.56629
1776102947.555249,74.55381107330322,IO -> PLC,7.13673
1776102947.5712495,74.56981158256531,IO -> PLC,5.15624
1776102947.5872488,74.5858108997345,IO -> PLC,3.45143
1776102947.6032481,74.60181021690369,IO -> PLC,1.7843
1776102947.6192477,74.61780977249146,IO -> PLC,5.03684
1776102947.635247,74.63380908966064,IO -> PLC,4.62529
1776102947.6512475,74.64980959892273,IO -> PLC,2.60399
1776102947.6672468,74.66580891609192,IO -> PLC,1.21023
1776102947.6832461,74.68180823326111,IO -> PLC,6.16269
1776102947.6992457,74.69780778884888,IO -> PLC,2.33002
1776102947.715246,74.71380805969238,IO -> PLC,2.35467
1776102947.7312455,74.72980761528015,IO -> PLC,0.64362
1776102947.7472448,74.74580693244934,IO -> PLC,5.08405
1776102947.7632442,74.76180624961853,IO -> PLC,3.48653
1776102947.7792437,74.7778058052063,IO -> PLC,1.47122
1776102947.795244,74.7938060760498,IO -> PLC,2.3851
1776102947.8112435,74.80980563163757,IO -> PLC,4.86008
1776102947.8272429,74.82580494880676,IO -> PLC,3.11119
1776102947.8432422,74.84180426597595,IO -> PLC,1.2047
1776102947.8592427,74.85780477523804,IO -> PLC,5.82722
1776102947.875242,74.87380409240723,IO -> PLC,4.48083
1776102947.8912413,74.88980340957642,IO -> PLC,2.10727
1776102947.9072409,74.90580296516418,IO -> PLC,1.22874
1776102947.9232402,74.92180228233337,IO -> PLC,5.93639
1776102947.9392407,74.93780279159546,IO -> PLC,4.10245
1776102947.95524,74.95380210876465,IO -> PLC,2.16507
1776102947.9712393,74.96980142593384,IO -> PLC,7.1205
1776102947.987239,74.9858009815216,IO -> PLC,2.07426
1776102948.0032382,75.0018002986908,IO -> PLC,3.92785
1776102948.0192387,75.01780080795288,IO -> PLC,1.77238
1776102948.035238,75.03380012512207,IO -> PLC,6.67044
1776102948.0512373,75.04979944229126,IO -> PLC,4.96867
1776102948.067237,75.06579899787903,IO -> PLC,2.87664
1776102948.0832372,75.08179926872253,IO -> PLC,1.10303
1776102948.0992367,75.0977988243103,IO -> PLC,3.19544
1776102948.115236,75.11379814147949,IO -> PLC,4.46118
1776102948.1312354,75.12979745864868,IO -> PLC,2.81997
1776102948.1472347,75.14579677581787,IO -> PLC,1.00324
1776102948.1632352,75.16179728507996,IO -> PLC,5.51319
1776102948.1792347,75.17779684066772,IO -> PLC,0.61344
1776102948.195234,75.19379615783691,IO -> PLC,2.68112
1776102948.2112334,75.2097954750061,IO -> PLC,0.94647
1776102948.2272327,75.2257947921753,IO -> PLC,5.57628
1776102948.2432332,75.24179530143738,IO -> PLC,4.07829
1776102948.2592325,75.25779461860657,IO -> PLC,2.03946
1776102948.275232,75.27379417419434,IO -> PLC,2.49643
1776102948.2912314,75.28979349136353,IO -> PLC,5.67913
1776102948.307232,75.30579400062561,IO -> PLC,4.20257
1776102948.3232312,75.3217933177948,IO -> PLC,2.31247
1776102948.3392305,75.33779263496399,IO -> PLC,6.83555
1776102948.35523,75.35379219055176,IO -> PLC,4.99146
1776102948.3712294,75.36979150772095,IO -> PLC,1.90324
1776102948.38723,75.38579201698303,IO -> PLC,1.03375
1776102948.4032292,75.40179133415222,IO -> PLC,6.46862
1776102948.4192286,75.41779065132141,IO -> PLC,4.7975
1776102948.4352279,75.4337899684906,IO -> PLC,2.95332
1776102948.4512274,75.44978952407837,IO -> PLC,1.01714
1776102948.4672277,75.46578979492188,IO -> PLC,1.87957
1776102948.4832273,75.48178935050964,IO -> PLC,4.08318
1776102948.4992266,75.49778866767883,IO -> PLC,2.50734
1776102948.515226,75.51378798484802,IO -> PLC,2.86488
1776102948.5312264,75.52978849411011,IO -> PLC,2.17076
1776102948.5472257,75.5457878112793,IO -> PLC,0.78524
1776102948.5632253,75.56178736686707,IO -> PLC,5.62609
1776102948.5792246,75.57778668403625,IO -> PLC,4.20778
1776102948.595224,75.59378600120544,IO -> PLC,2.7805
1776102948.6112244,75.60978651046753,IO -> PLC,0.83912
1776102948.6272237,75.62578582763672,IO -> PLC,5.29052
1776102948.6432233,75.64178538322449,IO -> PLC,3.36675
1776102948.6592226,75.65778470039368,IO -> PLC,1.75194
1776102948.6752229,75.67378497123718,IO -> PLC,6.45847
1776102948.6912224,75.68978452682495,IO -> PLC,4.93375
1776102948.7072217,75.70578384399414,IO -> PLC,3.04149
1776102948.7232213,75.72178339958191,IO -> PLC,1.12771
1776102948.7392206,75.7377827167511,IO -> PLC,3.84367
1776102948.7552211,75.75378322601318,IO -> PLC,3.8519
1776102948.7712204,75.76978254318237,IO -> PLC,1.92989
1776102948.7872198,75.78578186035156,IO -> PLC,6.58737
1776102948.8032193,75.80178141593933,IO -> PLC,4.75248
1776102948.8192186,75.81778073310852,IO -> PLC,2.91022
1776102948.835219,75.83378100395203,IO -> PLC,0.8818
1776102948.8512185,75.8497805595398,IO -> PLC,5.60777
1776102948.8672178,75.86577987670898,IO -> PLC,3.33981
1776102948.8832173,75.88177943229675,IO -> PLC,1.57556
1776102948.8992176,75.89777970314026,IO -> PLC,6.75916
1776102948.915217,75.91377902030945,IO -> PLC,4.9265
1776102948.9312165,75.92977857589722,IO -> PLC,1.13552
1776102948.9472158,75.9457778930664,IO -> PLC,1.70706
1776102948.963215,75.9617772102356,IO -> PLC,6.12901
1776102948.9792156,75.97777771949768,IO -> PLC,4.50924
1776102948.995215,75.99377703666687,IO -> PLC,2.74259
1776102949.0112145,76.00977659225464,IO -> PLC,0.99074
1776102949.0272138,76.02577590942383,IO -> PLC,2.05503
1776102949.0432131,76.04177522659302,IO -> PLC,3.61965
1776102949.0592136,76.0577757358551,IO -> PLC,2.10325
1776102949.075213,76.07377505302429,IO -> PLC,0.81094
1776102949.0912125,76.08977460861206,IO -> PLC,5.88429
1776102949.1072118,76.10577392578125,IO -> PLC,3.87426
1776102949.1232123,76.12177443504333,IO -> PLC,2.15697
1776102949.1392117,76.13777375221252,IO -> PLC,5.71482
1776102949.155211,76.15377306938171,IO -> PLC,5.2243
1776102949.1712103,76.1697723865509,IO -> PLC,4.52906
1776102949.1872098,76.18577194213867,IO -> PLC,3.57581
1776102949.2032104,76.20177245140076,IO -> PLC,1.25041
1776102949.2192097,76.21777176856995,IO -> PLC,4.05637
1776102949.235209,76.23377108573914,IO -> PLC,5.31298
1776102949.2512083,76.24977040290833,IO -> PLC,3.29983
1776102949.2672079,76.2657699584961,IO -> PLC,1.44231
1776102949.2832081,76.2817702293396,IO -> PLC,6.42949
1776102949.2992077,76.29776978492737,IO -> PLC,1.20516
1776102949.315207,76.31376910209656,IO -> PLC,2.81298
1776102949.3312063,76.32976841926575,IO -> PLC,1.37523
1776102949.3472068,76.34576892852783,IO -> PLC,6.17615
1776102949.3632061,76.36176824569702,IO -> PLC,4.63703
1776102949.3792055,76.37776756286621,IO -> PLC,2.85742
1776102949.395205,76.39376711845398,IO -> PLC,0.81469
1776102949.4112043,76.40976643562317,IO -> PLC,3.5388
1776102949.4272048,76.42576694488525,IO -> PLC,4.24746
1776102949.4432042,76.44176626205444,IO -> PLC,2.31113
1776102949.4592035,76.45776557922363,IO -> PLC,1.38243
1776102949.475203,76.4737651348114,IO -> PLC,6.31961
1776102949.4912033,76.48976540565491,IO -> PLC,1.49658
1776102949.5072029,76.50576496124268,IO -> PLC,2.87799
1776102949.5232022,76.52176427841187,IO -> PLC,1.09007
1776102949.5392015,76.53776359558105,IO -> PLC,5.56634
1776102949.555201,76.55376315116882,IO -> PLC,3.59328
1776102949.5712013,76.56976342201233,IO -> PLC,1.76543
1776102949.5872009,76.5857629776001,IO -> PLC,2.06567
1776102949.6032002,76.60176229476929,IO -> PLC,5.0198
1776102949.6191995,76.61776161193848,IO -> PLC,3.0745
1776102949.635199,76.63376116752625,IO -> PLC,1.01927
1776102949.6511993,76.64976143836975,IO -> PLC,5.80997
1776102949.667199,76.66576099395752,IO -> PLC,3.5685
1776102949.6831982,76.68176031112671,IO -> PLC,1.6016
1776102949.6991975,76.6977596282959,IO -> PLC,4.48828
1776102949.715198,76.71376013755798,IO -> PLC,4.89277
1776102949.7311974,76.72975945472717,IO -> PLC,3.21772
1776102949.747197,76.74575901031494,IO -> PLC,1.37459
1776102949.7631962,76.76175832748413,IO -> PLC,5.78022
1776102949.7791955,76.77775764465332,IO -> PLC,1.96476
1776102949.795196,76.7937581539154,IO -> PLC,2.6131
1776102949.8111954,76.8097574710846,IO -> PLC,0.85589
1776102949.827195,76.82575702667236,IO -> PLC,5.47329
1776102949.8431942,76.84175634384155,IO -> PLC,3.98441
1776102949.8591936,76.85775566101074,IO -> PLC,2.42825
1776102949.875194,76.87375617027283,IO -> PLC,1.03882
1776102949.8911934,76.88975548744202,IO -> PLC,5.31949
1776102949.907193,76.90575504302979,IO -> PLC,4.09975
1776102949.9231923,76.92175436019897,IO -> PLC,2.32934
1776102949.9391925,76.93775463104248,IO -> PLC,6.60784
1776102949.955192,76.95375418663025,IO -> PLC,4.93368
1776102949.9711914,76.96975350379944,IO -> PLC,2.75885
1776102949.9871907,76.98575282096863,IO -> PLC,1.32933
1776102950.0031903,77.0017523765564,IO -> PLC,6.677
1776102950.0191905,77.0177526473999,IO -> PLC,4.78764
1776102950.03519,77.03375220298767,IO -> PLC,3.11155
1776102950.0511894,77.04975152015686,IO -> PLC,1.29106
1776102950.0671887,77.06575083732605,IO -> PLC,2.96656
1776102950.0831892,77.08175134658813,IO -> PLC,4.26397
1776102950.0991886,77.09775066375732,IO -> PLC,3.79314
1776102950.1151881,77.11375021934509,IO -> PLC,1.86808
1776102950.1311874,77.12974953651428,IO -> PLC,6.66461
1776102950.1471868,77.14574885368347,IO -> PLC,4.92389
1776102950.1631873,77.16174936294556,IO -> PLC,1.43324
1776102950.1791866,77.17774868011475,IO -> PLC,1.41387
1776102950.195186,77.19374799728394,IO -> PLC,6.30888
1776102950.2111855,77.2097475528717,IO -> PLC,4.60608
1776102950.2271848,77.2257468700409,IO -> PLC,3.38233
1776102950.2431853,77.24174737930298,IO -> PLC,1.46751
1776102950.2591846,77.25774669647217,IO -> PLC,0.76732
1776102950.275184,77.27374601364136,IO -> PLC,3.76905
1776102950.2911835,77.28974556922913,IO -> PLC,4.02417
1776102950.3071837,77.30574584007263,IO -> PLC,2.23719
1776102950.3231833,77.3217453956604,IO -> PLC,6.76875
1776102950.3391826,77.33774471282959,IO -> PLC,5.23987
1776102950.355182,77.35374402999878,IO -> PLC,0.81014
1776102950.3711815,77.36974358558655,IO -> PLC,2.06171
1776102950.3871818,77.38574385643005,IO -> PLC,6.75088
1776102950.403181,77.40174317359924,IO -> PLC,5.70338
1776102950.4191806,77.41774272918701,IO -> PLC,3.6524
1776102950.43518,77.4337420463562,IO -> PLC,1.61861
1776102950.4511795,77.44974160194397,IO -> PLC,1.09146
1776102950.4671798,77.46574187278748,IO -> PLC,4.82834
1776102950.483179,77.48174118995667,IO -> PLC,3.34242
1776102950.4991786,77.49774074554443,IO -> PLC,1.82819
1776102950.515178,77.51374006271362,IO -> PLC,7.42252
1776102950.5311785,77.52974057197571,IO -> PLC,1.10326
1776102950.5471778,77.5457398891449,IO -> PLC,5.50489
1776102950.563177,77.56173920631409,IO -> PLC,4.17474
1776102950.5791767,77.57773876190186,IO -> PLC,2.50657
1776102950.595176,77.59373807907104,IO -> PLC,0.87761
1776102950.6111765,77.60973858833313,IO -> PLC,5.91183
1776102950.6271758,77.62573790550232,IO -> PLC,2.28702
1776102950.6431751,77.64173722267151,IO -> PLC,2.34013
1776102950.6591747,77.65773677825928,IO -> PLC,0.78677
1776102950.675174,77.67373609542847,IO -> PLC,5.62042
1776102950.6911745,77.68973660469055,IO -> PLC,4.24227
1776102950.7071738,77.70573592185974,IO -> PLC,2.48626
1776102950.7231731,77.72173523902893,IO -> PLC,0.79449
1776102950.7391727,77.7377347946167,IO -> PLC,5.71127
1776102950.755173,77.7537350654602,IO -> PLC,3.91822
1776102950.7711723,77.7697343826294,IO -> PLC,2.24085
1776102950.7871718,77.78573393821716,IO -> PLC,7.23011
1776102950.8031712,77.80173325538635,IO -> PLC,5.5365
1776102950.8191707,77.81773281097412,IO -> PLC,1.90761
1776102950.835171,77.83373308181763,IO -> PLC,1.9588
1776102950.8511703,77.84973239898682,IO -> PLC,6.87213
1776102950.8671699,77.86573195457458,IO -> PLC,5.19702
1776102950.8831692,77.88173127174377,IO -> PLC,3.38772
1776102950.8991697,77.89773178100586,IO -> PLC,2.01565
1776102950.915169,77.91373109817505,IO -> PLC,2.15205
1776102950.9311683,77.92973041534424,IO -> PLC,4.9212
1776102950.9471679,77.945729970932,IO -> PLC,3.38104
1776102950.9631672,77.9617292881012,IO -> PLC,2.58244
1776102950.9791677,77.97772979736328,IO -> PLC,1.19285
1776102950.995167,77.99372911453247,IO -> PLC,6.30107
1776102951.0111663,78.00972843170166,IO -> PLC,2.38233
1776102951.027166,78.02572798728943,IO -> PLC,2.92794
1776102951.0431652,78.04172730445862,IO -> PLC,1.23041
1776102951.0591657,78.0577278137207,IO -> PLC,6.18687
1776102951.075165,78.07372713088989,IO -> PLC,4.50038
1776102951.0911644,78.08972644805908,IO -> PLC,0.60515
1776102951.1071637,78.10572576522827,IO -> PLC,1.60152
1776102951.1231642,78.12172627449036,IO -> PLC,6.24276
1776102951.1391637,78.13772583007812,IO -> PLC,4.42299
1776102951.155163,78.15372514724731,IO -> PLC,2.54097
1776102951.1711624,78.1697244644165,IO -> PLC,7.05396
1776102951.1871617,78.1857237815857,IO -> PLC,1.84084
1776102951.2031622,78.20172429084778,IO -> PLC,3.56651
1776102951.2191615,78.21772360801697,IO -> PLC,1.52985
1776102951.235161,78.23372316360474,IO -> PLC,6.41542
1776102951.2511604,78.24972248077393,IO -> PLC,5.22568
1776102951.2671597,78.26572179794312,IO -> PLC,0.88403
1776102951.2831602,78.2817223072052,IO -> PLC,1.65006
1776102951.2991595,78.29772162437439,IO -> PLC,6.27482
1776102951.3151588,78.31372094154358,IO -> PLC,4.7521
1776102951.3311584,78.32972049713135,IO -> PLC,2.87217
1776102951.347159,78.34572100639343,IO -> PLC,1.154
1776102951.3631582,78.36172032356262,IO -> PLC,5.51435
1776102951.3791575,78.37771964073181,IO -> PLC,1.65912
1776102951.3951569,78.393718957901,IO -> PLC,2.63508
1776102951.4111564,78.40971851348877,IO -> PLC,1.24364
1776102951.4271567,78.42571878433228,IO -> PLC,5.57831
1776102951.4431562,78.44171833992004,IO -> PLC,3.94608
1776102951.4591556,78.45771765708923,IO -> PLC,2.46368
1776102951.4751549,78.47371697425842,IO -> PLC,1.51146
1776102951.4911544,78.48971652984619,IO -> PLC,4.50271
1776102951.5071547,78.5057168006897,IO -> PLC,3.68866
1776102951.5231543,78.52171635627747,IO -> PLC,1.96121
1776102951.5391536,78.53771567344666,IO -> PLC,6.39141
1776102951.555153,78.55371499061584,IO -> PLC,4.68756
1776102951.5711534,78.56971549987793,IO -> PLC,0.8045
1776102951.5871527,78.58571481704712,IO -> PLC,0.79545
1776102951.6031523,78.60171437263489,IO -> PLC,5.84919
1776102951.6191516,78.61771368980408,IO -> PLC,4.14222
1776102951.635151,78.63371300697327,IO -> PLC,2.09724
1776102951.6511514,78.64971351623535,IO -> PLC,7.06809
1776102951.6671507,78.66571283340454,IO -> PLC,1.00717
1776102951.6831503,78.68171238899231,IO -> PLC,3.20063
1776102951.6991496,78.6977117061615,IO -> PLC,1.63822
1776102951.7151499,78.713711977005,IO -> PLC,6.39067
1776102951.7311494,78.72971153259277,IO -> PLC,4.83539
1776102951.7471488,78.74571084976196,IO -> PLC,3.00762
1776102951.7631483,78.76171040534973,IO -> PLC,0.82255
1776102951.7791476,78.77770972251892,IO -> PLC,3.70523
1776102951.795148,78.79370999336243,IO -> PLC,4.80304
1776102951.8111475,78.8097095489502,IO -> PLC,3.04903
1776102951.8271468,78.82570886611938,IO -> PLC,1.38926
1776102951.8431463,78.84170842170715,IO -> PLC,5.82553
1776102951.8591456,78.85770773887634,IO -> PLC,2.31328
1776102951.875146,78.87370800971985,IO -> PLC,2.60912
1776102951.8911455,78.88970756530762,IO -> PLC,1.87212
1776102951.9071448,78.9057068824768,IO -> PLC,6.65354
1776102951.923144,78.921706199646,IO -> PLC,4.97305
1776102951.9391446,78.93770670890808,IO -> PLC,3.37977
1776102951.955144,78.95370602607727,IO -> PLC,1.32582
1776102951.9711435,78.96970558166504,IO -> PLC,4.21586
1776102951.9871428,78.98570489883423,IO -> PLC,4.92237
1776102952.003142,79.00170421600342,IO -> PLC,3.17556
1776102952.0191426,79.0177047252655,IO -> PLC,1.51875
1776102952.035142,79.03370404243469,IO -> PLC,6.20912
1776102952.0511415,79.04970359802246,IO -> PLC,4.32279
1776102952.0671408,79.06570291519165,IO -> PLC,3.24481
1776102952.0831413,79.08170342445374,IO -> PLC,2.62941
1776102952.0991406,79.09770274162292,IO -> PLC,1.73432
1776102952.11514,79.11370205879211,IO -> PLC,6.22291
1776102952.1311393,79.1297013759613,IO -> PLC,4.3645
1776102952.1471388,79.14570093154907,IO -> PLC,1.64165
1776102952.163139,79.16170120239258,IO -> PLC,0.83065
1776102952.1791387,79.17770075798035,IO -> PLC,5.307
1776102952.195138,79.19370007514954,IO -> PLC,3.87348
1776102952.2111373,79.20969939231873,IO -> PLC,2.00371
1776102952.2271369,79.2256989479065,IO -> PLC,6.82896
1776102952.2431371,79.24169921875,IO -> PLC,1.55455
1776102952.2591367,79.25769877433777,IO -> PLC,3.43759
1776102952.275136,79.27369809150696,IO -> PLC,2.15784
1776102952.2911353,79.28969740867615,IO -> PLC,0.65472
1776102952.3071358,79.30569791793823,IO -> PLC,5.84159
1776102952.3231351,79.32169723510742,IO -> PLC,4.32407
1776102952.3391345,79.33769655227661,IO -> PLC,0.78422
1776102952.355134,79.35369610786438,IO -> PLC,4.02524
1776102952.3711333,79.36969542503357,IO -> PLC,5.44658
1776102952.3871338,79.38569593429565,IO -> PLC,3.67929
1776102952.4031332,79.40169525146484,IO -> PLC,1.81887
1776102952.4191325,79.41769456863403,IO -> PLC,6.74053
1776102952.435132,79.4336941242218,IO -> PLC,4.9526
1776102952.4511313,79.44969344139099,IO -> PLC,2.89657
1776102952.4671319,79.46569395065308,IO -> PLC,1.28465
1776102952.4831312,79.48169326782227,IO -> PLC,6.54945
1776102952.4991305,79.49769258499146,IO -> PLC,4.90912
1776102952.51513,79.51369214057922,IO -> PLC,5.96708
1776102952.5311303,79.52969241142273,IO -> PLC,3.19934
1776102952.5471296,79.54569172859192,IO -> PLC,2.35249
1776102952.5631292,79.56169128417969,IO -> PLC,0.69177
1776102952.5791285,79.57769060134888,IO -> PLC,5.64598
1776102952.595128,79.59369015693665,IO -> PLC,4.42145
1776102952.6111283,79.60969042778015,IO -> PLC,2.91313
1776102952.6271276,79.62568974494934,IO -> PLC,1.28912
1776102952.6431272,79.64168930053711,IO -> PLC,5.9342
1776102952.6591265,79.6576886177063,IO -> PLC,4.29284
1776102952.675126,79.67368817329407,IO -> PLC,2.60435
1776102952.6911263,79.68968844413757,IO -> PLC,1.19972
1776102952.7071257,79.70568776130676,IO -> PLC,6.01466
1776102952.7231252,79.72168731689453,IO -> PLC,2.56497
1776102952.7391245,79.73768663406372,IO -> PLC,2.55072
1776102952.755125,79.7536871433258,IO -> PLC,7.21524
1776102952.7711244,79.769686460495,IO -> PLC,5.67516
1776102952.7871237,79.78568577766418,IO -> PLC,4.09316
1776102952.8031232,79.80168533325195,IO -> PLC,2.37083
1776102952.8191226,79.81768465042114,IO -> PLC,7.00376
1776102952.835123,79.83368515968323,IO -> PLC,3.08285
1776102952.8511224,79.84968447685242,IO -> PLC,3.209
1776102952.8671217,79.8656837940216,IO -> PLC,1.24498
1776102952.8831213,79.88168334960938,IO -> PLC,5.94951
1776102952.8991215,79.89768362045288,IO -> PLC,4.37879
1776102952.915121,79.91368317604065,IO -> PLC,17.79747
1776102952.934009,79.93257117271423,IO -> PLC,4.37772
1776102952.9471197,79.94568181037903,IO -> PLC,5.89851
1776102952.9631193,79.9616813659668,IO -> PLC,8.65127
1776102952.9791195,79.9776816368103,IO -> PLC,11.44595
1776102952.995119,79.99368119239807,IO -> PLC,14.2887
1776102953.0111184,80.00968050956726,IO -> PLC,16.93202
1776102953.0291646,80.02772665023804,IO -> PLC,1.74384
1776102953.043117,80.04167914390564,IO -> PLC,5.22243
1776102953.0591176,80.05767965316772,IO -> PLC,8.13999
1776102953.075117,80.0736792087555,IO -> PLC,10.83018
1776102953.0911164,80.08967852592468,IO -> PLC,13.69455
1776102953.1071157,80.10567784309387,IO -> PLC,16.59579
1776102953.1240656,80.12262773513794,IO -> PLC,1.10717
1776102953.1391156,80.13767766952515,IO -> PLC,6.04953
1776102953.155115,80.15367698669434,IO -> PLC,8.40083
1776102953.1711144,80.1696765422821,IO -> PLC,11.15679
1776102953.1871138,80.1856758594513,IO -> PLC,14.13867
1776102953.2031143,80.20167636871338,IO -> PLC,16.89775
1776102953.2211115,80.21967363357544,IO -> PLC,2.06337
1776102953.235113,80.23367500305176,IO -> PLC,5.00366
1776102953.2511122,80.24967432022095,IO -> PLC,8.17836
1776102953.2671127,80.26567482948303,IO -> PLC,10.89728
1776102953.2831123,80.2816743850708,IO -> PLC,13.84989
1776102953.2991116,80.29767370223999,IO -> PLC,16.61576
1776102953.316822,80.31538414955139,IO -> PLC,4.77294
1776102953.3311102,80.32967233657837,IO -> PLC,4.71672
1776102953.3471107,80.34567284584045,IO -> PLC,7.55852
1776102953.36311,80.36167216300964,IO -> PLC,10.43729
1776102953.3791096,80.37767171859741,IO -> PLC,13.02924
1776102953.395109,80.3936710357666,IO -> PLC,16.15065
1776102953.4123626,80.41092467308044,IO -> PLC,1.28702
1776102953.4271088,80.42567086219788,IO -> PLC,7.09925
1776102953.443108,80.44167017936707,IO -> PLC,7.31965
1776102953.4591076,80.45766973495483,IO -> PLC,10.01305
1776102953.475107,80.47366905212402,IO -> PLC,13.22559
1776102953.4911075,80.48966956138611,IO -> PLC,16.11147
1776102953.50859,80.50715208053589,IO -> PLC,3.77449
1776102953.523106,80.52166819572449,IO -> PLC,3.84785
1776102953.5391057,80.53766775131226,IO -> PLC,6.99391
1776102953.555105,80.55366706848145,IO -> PLC,9.77218
1776102953.5711052,80.56966733932495,IO -> PLC,12.80255
1776102953.5871048,80.58566689491272,IO -> PLC,15.58796
1776102953.603104,80.60166621208191,IO -> PLC,7.27781
1776102953.6191034,80.6176655292511,IO -> PLC,5.38963
1776102953.635103,80.63366508483887,IO -> PLC,6.89945
1776102953.6511033,80.64966535568237,IO -> PLC,9.97158
1776102953.6671028,80.66566491127014,IO -> PLC,12.86258
1776102953.6831021,80.68166422843933,IO -> PLC,15.50574
1776102953.6991014,80.69766354560852,IO -> PLC,3.35053
1776102953.715102,80.7136640548706,IO -> PLC,3.3158
1776102953.7311013,80.7296633720398,IO -> PLC,6.58042
1776102953.7471008,80.74566292762756,IO -> PLC,9.26797
1776102953.7631001,80.76166224479675,IO -> PLC,12.34938
1776102953.7790995,80.77766156196594,IO -> PLC,15.37239
1776102953.7951,80.79366207122803,IO -> PLC,19.09272
1776102953.8152761,80.8138382434845,IO -> PLC,0.18617
1776102953.8270988,80.82566094398499,IO -> PLC,7.02895
1776102953.8430982,80.84166026115417,IO -> PLC,10.28245
1776102953.8590975,80.85765957832336,IO -> PLC,13.03416
1776102953.875098,80.87366008758545,IO -> PLC,16.82744
1776102953.893369,80.89193105697632,IO -> PLC,0.19169
1776102953.9070969,80.90565896034241,IO -> PLC,7.13995
1776102953.9230962,80.9216582775116,IO -> PLC,9.99839
1776102953.9390965,80.9376585483551,IO -> PLC,12.89251
1776102953.955096,80.95365810394287,IO -> PLC,15.61551
1776102953.9710953,80.96965742111206,IO -> PLC,6.16874
1776102953.9870949,80.98565697669983,IO -> PLC,4.79771
1776102954.0030942,81.00165629386902,IO -> PLC,6.51426
1776102954.0190945,81.01765656471252,IO -> PLC,9.34991
1776102954.035094,81.0336561203003,IO -> PLC,12.37611
1776102954.0510933,81.04965543746948,IO -> PLC,13.42375
1776102954.0670927,81.06565475463867,IO -> PLC,16.14179
1776102954.0843282,81.0828902721405,IO -> PLC,6.05707
1776102954.0990925,81.09765458106995,IO -> PLC,5.26135
1776102954.115092,81.11365413665771,IO -> PLC,6.70453
1776102954.1310914,81.1296534538269,IO -> PLC,9.53001
1776102954.1470907,81.1456527709961,IO -> PLC,12.86327
1776102954.1630912,81.16165328025818,IO -> PLC,15.47474
1776102954.1790905,81.17765259742737,IO -> PLC,2.83312
1776102954.19509,81.19365215301514,IO -> PLC,3.56546
1776102954.2110894,81.20965147018433,IO -> PLC,6.27117
1776102954.2270887,81.22565078735352,IO -> PLC,10.73201
1776102954.2430892,81.2416512966156,IO -> PLC,14.06744
1776102954.2590885,81.25765061378479,IO -> PLC,17.13252
1776102954.2773137,81.27587580680847,IO -> PLC,2.76885
1776102954.2910874,81.28964948654175,IO -> PLC,5.10747
1776102954.307088,81.30564999580383,IO -> PLC,8.38969
1776102954.3230872,81.32164931297302,IO -> PLC,11.12277
1776102954.3390865,81.33764863014221,IO -> PLC,14.20427
1776102954.3550858,81.3536479473114,IO -> PLC,17.06255
1776102954.3710854,81.36964750289917,IO -> PLC,1.02629
1776102954.3870857,81.38564777374268,IO -> PLC,6.45884
1776102954.4030852,81.40164732933044,IO -> PLC,8.12203
1776102954.4190845,81.41764664649963,IO -> PLC,10.78366
1776102954.4350839,81.43364596366882,IO -> PLC,13.84164
1776102954.4510834,81.44964551925659,IO -> PLC,16.96409
1776102954.4691575,81.46771955490112,IO -> PLC,2.01193
1776102954.483083,81.48164510726929,IO -> PLC,4.93288
1776102954.4990826,81.49764466285706,IO -> PLC,7.61395
1776102954.515082,81.51364398002625,IO -> PLC,13.87191
1776102954.5310824,81.52964448928833,IO -> PLC,16.80179
1776102954.548986,81.5475480556488,IO -> PLC,2.89685
1776102954.563081,81.56164312362671,IO -> PLC,4.6561
1776102954.5790806,81.57764267921448,IO -> PLC,7.68119
1776102954.59508,81.59364199638367,IO -> PLC,12.00674
1776102954.6110804,81.60964250564575,IO -> PLC,15.25096
1776102954.6270797,81.62564182281494,IO -> PLC,18.16772
1776102954.643079,81.64164113998413,IO -> PLC,0.90965
1776102954.6590786,81.6576406955719,IO -> PLC,6.29533
1776102954.675078,81.67364001274109,IO -> PLC,9.0428
1776102954.6910784,81.68964052200317,IO -> PLC,12.11813
1776102954.7070777,81.70563983917236,IO -> PLC,14.90577
1776102954.723077,81.72163915634155,IO -> PLC,17.73933
1776102954.7423034,81.74086546897888,IO -> PLC,0.43514
1776102954.755077,81.75363898277283,IO -> PLC,6.30719
1776102954.7710762,81.76963829994202,IO -> PLC,9.02523
1776102954.7870758,81.78563785552979,IO -> PLC,11.85879
1776102954.803075,81.80163717269897,IO -> PLC,14.67914
1776102954.8190746,81.81763672828674,IO -> PLC,17.85776
1776102954.836963,81.83552503585815,IO -> PLC,1.06717
1776102954.8510745,81.84963655471802,IO -> PLC,6.77187
1776102954.8670738,81.8656358718872,IO -> PLC,9.17342
1776102954.883073,81.8816351890564,IO -> PLC,12.1125
1776102954.8990736,81.89763569831848,IO -> PLC,14.89806
1776102954.915073,81.91363501548767,IO -> PLC,17.74698
1776102954.9339054,81.93246746063232,IO -> PLC,1.75712
1776102954.9470718,81.94563388824463,IO -> PLC,5.86842
1776102954.963071,81.96163320541382,IO -> PLC,8.79519
1776102954.9790716,81.9776337146759,IO -> PLC,11.64635
1776102954.995071,81.99363303184509,IO -> PLC,14.61423
1776102955.0110703,82.00963234901428,IO -> PLC,17.51628
1776102955.0270698,82.02563190460205,IO -> PLC,0.67814
1776102955.0430691,82.04163122177124,IO -> PLC,5.58347
1776102955.0590696,82.05763173103333,IO -> PLC,8.29023
1776102955.075069,82.07363104820251,IO -> PLC,11.13099
1776102955.0910683,82.0896303653717,IO -> PLC,13.98007
1776102955.1070678,82.10562992095947,IO -> PLC,17.17517
1776102955.1256316,82.12419366836548,IO -> PLC,1.20093
1776102955.1390676,82.13762974739075,IO -> PLC,5.84023
1776102955.155067,82.15362906455994,IO -> PLC,8.77315
1776102955.1710663,82.16962838172913,IO -> PLC,9.68175
1776102955.1870656,82.18562769889832,IO -> PLC,12.54203
1776102955.203066,82.2016282081604,IO -> PLC,15.0367
1776102955.2190657,82.21762776374817,IO -> PLC,17.9173
1776102955.2380755,82.23663759231567,IO -> PLC,2.1873
1776102955.2510643,82.24962639808655,IO -> PLC,6.27234
1776102955.2670636,82.26562571525574,IO -> PLC,9.35992
1776102955.2830641,82.28162622451782,IO -> PLC,12.15476
1776102955.2990634,82.29762554168701,IO -> PLC,15.13481
1776102955.315063,82.31362509727478,IO -> PLC,18.03597
1776102955.3310623,82.32962441444397,IO -> PLC,0.9991
1776102955.3470628,82.34562492370605,IO -> PLC,6.22797
1776102955.3630621,82.36162424087524,IO -> PLC,8.95712
1776102955.3790615,82.37762355804443,IO -> PLC,11.83093
1776102955.3950608,82.39362287521362,IO -> PLC,14.93682
1776102955.4110603,82.40962243080139,IO -> PLC,17.57685
1776102955.4297411,82.42830324172974,IO -> PLC,0.32858
1776102955.4430602,82.44162225723267,IO -> PLC,5.82534
1776102955.4590595,82.45762157440186,IO -> PLC,9.68406
1776102955.4750588,82.47362089157104,IO -> PLC,12.76964
1776102955.4910593,82.48962140083313,IO -> PLC,15.91673
1776102955.5070586,82.50562071800232,IO -> PLC,1.07837
1776102955.5230582,82.52162027359009,IO -> PLC,5.78289
1776102955.5390575,82.53761959075928,IO -> PLC,7.03654
1776102955.5550568,82.55361890792847,IO -> PLC,9.79233
1776102955.5710573,82.56961941719055,IO -> PLC,12.68749
1776102955.5870566,82.58561873435974,IO -> PLC,15.52722
1776102955.6030562,82.60161828994751,IO -> PLC,3.47234
1776102955.6190555,82.6176176071167,IO -> PLC,3.3076
1776102955.6350548,82.63361692428589,IO -> PLC,6.25269
1776102955.6510553,82.64961743354797,IO -> PLC,9.37946
1776102955.6670547,82.66561675071716,IO -> PLC,12.21502
1776102955.6830542,82.68161630630493,IO -> PLC,15.07547
1776102955.6990535,82.69761562347412,IO -> PLC,17.79438
1776102955.7179384,82.71650052070618,IO -> PLC,1.40479
1776102955.7310534,82.7296154499054,IO -> PLC,5.82862
1776102955.7470527,82.74561476707458,IO -> PLC,10.69107
1776102955.7630522,82.76161432266235,IO -> PLC,13.61679
1776102955.7790515,82.77761363983154,IO -> PLC,16.36755
1776102955.7965217,82.79508376121521,IO -> PLC,0.50283
1776102955.8110514,82.80961346626282,IO -> PLC,6.81638
1776102955.8270507,82.825612783432,IO -> PLC,7.19534
1776102955.84305,82.8416121006012,IO -> PLC,10.37628
1776102955.8590496,82.85761165618896,IO -> PLC,13.23144
1776102955.8750498,82.87361192703247,IO -> PLC,14.41941
1776102955.8910494,82.88961148262024,IO -> PLC,18.01692
1776102955.910165,82.90872716903687,IO -> PLC,0.61115
1776102955.923048,82.92161011695862,IO -> PLC,5.76787
1776102955.9390485,82.9376106262207,IO -> PLC,8.67095
1776102955.9550478,82.95360994338989,IO -> PLC,11.4145
1776102955.9710474,82.96960949897766,IO -> PLC,14.33214
1776102955.9870467,82.98560881614685,IO -> PLC,17.10427
1776102956.0052366,83.00379872322083,IO -> PLC,3.51848
1776102956.0190465,83.01760864257812,IO -> PLC,5.13586
1776102956.0350459,83.03360795974731,IO -> PLC,8.39536
1776102956.0510454,83.04960751533508,IO -> PLC,11.27284
1776102956.0670447,83.06560683250427,IO -> PLC,14.166
1776102956.083044,83.08160614967346,IO -> PLC,16.88693
1776102956.1010227,83.09958481788635,IO -> PLC,1.01868
1776102956.1150439,83.11360597610474,IO -> PLC,5.01356
1776102956.1310434,83.1296055316925,IO -> PLC,7.74384
1776102956.1470428,83.1456048488617,IO -> PLC,10.95125
1776102956.163043,83.1616051197052,IO -> PLC,14.08082
1776102956.1790426,83.17760467529297,IO -> PLC,16.74447
1776102956.1968715,83.19543361663818,IO -> PLC,3.7661
1776102956.2110412,83.20960330963135,IO -> PLC,4.76254
1776102956.2270408,83.22560286521912,IO -> PLC,7.45057
1776102956.243041,83.24160313606262,IO -> PLC,10.6079
1776102956.2590406,83.25760269165039,IO -> PLC,13.51314
1776102956.27504,83.27360200881958,IO -> PLC,16.31215
1776102956.2927086,83.29127073287964,IO -> PLC,0.57859
1776102956.3070397,83.30560183525085,IO -> PLC,4.84817
1776102956.323039,83.32160115242004,IO -> PLC,9.41245
1776102956.3390386,83.33760070800781,IO -> PLC,12.42721
1776102956.355038,83.353600025177,IO -> PLC,15.28965
1776102956.3710372,83.36959934234619,IO -> PLC,17.83448
1776102956.3899696,83.38853168487549,IO -> PLC,2.68372
1776102956.403037,83.40159916877747,IO -> PLC,5.93848
1776102956.4190364,83.41759848594666,IO -> PLC,8.96469
1776102956.435036,83.43359804153442,IO -> PLC,12.02154
1776102956.4510353,83.44959735870361,IO -> PLC,13.03766
1776102956.4670358,83.4655978679657,IO -> PLC,15.96234
1776102956.483035,83.48159718513489,IO -> PLC,1.86746
1776102956.4990344,83.49759650230408,IO -> PLC,6.90791
1776102956.515034,83.51359605789185,IO -> PLC,9.51642
1776102956.5310342,83.52959632873535,IO -> PLC,13.1181
1776102956.5470338,83.54559588432312,IO -> PLC,16.12478
1776102956.564374,83.56293606758118,IO -> PLC,1.30062
1776102956.5790324,83.5775945186615,IO -> PLC,4.23399
1776102956.595032,83.59359407424927,IO -> PLC,9.56206
1776102956.6110322,83.60959434509277,IO -> PLC,12.62715
1776102956.6270316,83.62559366226196,IO -> PLC,15.82737
1776102956.6430311,83.64159321784973,IO -> PLC,0.93084
1776102956.6590304,83.65759253501892,IO -> PLC,5.48783
1776102956.6750298,83.67359185218811,IO -> PLC,6.94438
1776102956.6910303,83.6895923614502,IO -> PLC,10.19972
1776102956.7070296,83.70559167861938,IO -> PLC,13.14312
1776102956.7230291,83.72159123420715,IO -> PLC,15.52002
1776102956.7390285,83.73759055137634,IO -> PLC,4.7716
1776102956.755029,83.75359106063843,IO -> PLC,4.05499
1776102956.7710283,83.76959037780762,IO -> PLC,6.94912
1776102956.7870276,83.7855896949768,IO -> PLC,9.65076
1776102956.8030272,83.80158925056458,IO -> PLC,12.34807
1776102956.8190265,83.81758856773376,IO -> PLC,15.11522
1776102956.8350267,83.83358883857727,IO -> PLC,18.17839
1776102956.85431,83.852872133255,IO -> PLC,2.5386
1776102956.8670256,83.86558771133423,IO -> PLC,6.02719
1776102956.8830252,83.881587266922,IO -> PLC,9.10972
1776102956.8990245,83.89758658409119,IO -> PLC,11.94432
1776102956.9150248,83.91358685493469,IO -> PLC,14.817
1776102956.9310243,83.92958641052246,IO -> PLC,17.86569
1776102956.9493353,83.94789743423462,IO -> PLC,0.64418
1776102956.9630232,83.96158528327942,IO -> PLC,7.02014
1776102956.9790235,83.97758555412292,IO -> PLC,8.75629
1776102956.9950228,83.99358487129211,IO -> PLC,11.43216
1776102957.0110223,84.00958442687988,IO -> PLC,14.45629
1776102957.0270216,84.02558374404907,IO -> PLC,17.27456
1776102957.0453858,84.04394793510437,IO -> PLC,2.70637
1776102957.0590215,84.05758357048035,IO -> PLC,5.28217
1776102957.0750208,84.07358288764954,IO -> PLC,8.03196
1776102957.0910203,84.0895824432373,IO -> PLC,10.964
1776102957.1070197,84.1055817604065,IO -> PLC,13.86501
1776102957.1230202,84.12158226966858,IO -> PLC,17.02946
1776102957.1411402,84.13970232009888,IO -> PLC,0.28553
1776102957.1550188,84.15358090400696,IO -> PLC,7.20299
1776102957.1710184,84.16958045959473,IO -> PLC,8.47521
1776102957.1870177,84.18557977676392,IO -> PLC,11.34765
1776102957.2030182,84.201580286026,IO -> PLC,13.956
1776102957.2190175,84.21757960319519,IO -> PLC,16.885
1776102957.236994,84.23555612564087,IO -> PLC,3.61896
1776102957.2510164,84.24957847595215,IO -> PLC,4.87619
1776102957.2670157,84.26557779312134,IO -> PLC,7.7888
1776102957.2830162,84.28157830238342,IO -> PLC,11.0147
1776102957.2990155,84.29757761955261,IO -> PLC,11.90865
1776102957.3150148,84.3135769367218,IO -> PLC,14.43203
1776102957.3310142,84.32957625389099,IO -> PLC,17.488
1776102957.3470147,84.34557676315308,IO -> PLC,1.00612
1776102957.363014,84.36157608032227,IO -> PLC,6.11315
1776102957.3790135,84.37757563591003,IO -> PLC,8.03739
1776102957.3950129,84.39357495307922,IO -> PLC,10.79646
1776102957.4110122,84.40957427024841,IO -> PLC,13.51314
1776102957.4270127,84.4255747795105,IO -> PLC,16.91224
1776102957.4450145,84.44357657432556,IO -> PLC,2.08474
1776102957.4590116,84.45757365226746,IO -> PLC,6.22358
1776102957.4750109,84.47357296943665,IO -> PLC,9.62549
1776102957.4910114,84.48957347869873,IO -> PLC,12.38544
1776102957.5070107,84.50557279586792,IO -> PLC,15.16484
1776102957.52301,84.52157211303711,IO -> PLC,17.79047
1776102957.5422966,84.54085874557495,IO -> PLC,3.9137
1776102957.555009,84.55357098579407,IO -> PLC,5.94263
1776102957.5710094,84.56957149505615,IO -> PLC,8.89196
1776102957.5870087,84.58557081222534,IO -> PLC,11.70112
1776102957.603008,84.60157012939453,IO -> PLC,14.33507
1776102957.6190073,84.61756944656372,IO -> PLC,17.08774
1776102957.6371868,84.63574886322021,IO -> PLC,2.2273
1776102957.6510072,84.649569272995,IO -> PLC,5.35159
1776102957.6670067,84.66556882858276,IO -> PLC,8.32964
1776102957.683006,84.68156814575195,IO -> PLC,11.11808
1776102957.6990054,84.69756746292114,IO -> PLC,14.02348
1776102957.7150059,84.71356797218323,IO -> PLC,16.82951
1776102957.7329352,84.73149728775024,IO -> PLC,4.78838
1776102957.7470045,84.7455666065216,IO -> PLC,5.05953
1776102957.763004,84.76156616210938,IO -> PLC,7.7702
1776102957.7790034,84.77756547927856,IO -> PLC,10.5936
1776102957.795004,84.79356598854065,IO -> PLC,13.55324
1776102957.8110032,84.80956530570984,IO -> PLC,16.19935
1776102957.8282974,84.82685947418213,IO -> PLC,1.40895
1776102957.843002,84.8415641784668,IO -> PLC,4.49593
1776102957.8590014,84.85756349563599,IO -> PLC,7.34797
1776102957.875002,84.87356400489807,IO -> PLC,9.93287
1776102957.8910012,84.88956332206726,IO -> PLC,13.26613
1776102957.9070005,84.90556263923645,IO -> PLC,16.09681
1776102957.9241931,84.92275524139404,IO -> PLC,4.90503
1776102957.9390004,84.93756246566772,IO -> PLC,4.51923
1776102957.955,84.9535620212555,IO -> PLC,7.49128
1776102957.9709992,84.96956133842468,IO -> PLC,10.16515
1776102957.9869986,84.98556065559387,IO -> PLC,13.09807
1776102958.002998,85.00156021118164,IO -> PLC,15.93795
1776102958.0189984,85.01756048202515,IO -> PLC,1.71298
1776102958.034998,85.03356003761292,IO -> PLC,6.64488
1776102958.0509973,85.0495593547821,IO -> PLC,7.01784
1776102958.0669966,85.0655586719513,IO -> PLC,10.03173
1776102958.0829961,85.08155822753906,IO -> PLC,12.88985
1776102958.0989964,85.09755849838257,IO -> PLC,15.67844
1776102958.114996,85.11355805397034,IO -> PLC,5.35108
1776102958.1309953,85.12955737113953,IO -> PLC,3.79381
1776102958.1469946,85.14555668830872,IO -> PLC,6.7821
1776102958.162995,85.1615571975708,IO -> PLC,9.61573
1776102958.1789944,85.17755651473999,IO -> PLC,12.28961
1776102958.194994,85.19355607032776,IO -> PLC,15.35053
1776102958.2109933,85.20955538749695,IO -> PLC,18.04801
1776102958.2269926,85.22555470466614,IO -> PLC,0.87594
1776102958.242993,85.24155521392822,IO -> PLC,6.46539
1776102958.2589924,85.25755453109741,IO -> PLC,9.16174
1776102958.274992,85.27355408668518,IO -> PLC,11.99642
1776102958.2909913,85.28955340385437,IO -> PLC,14.91406
1776102958.3069916,85.30555367469788,IO -> PLC,18.25957
1776102958.3263695,85.32493162155151,IO -> PLC,0.66843
1776102958.3389904,85.33755254745483,IO -> PLC,6.28076
1776102958.3549898,85.35355186462402,IO -> PLC,9.03656
1776102958.3709893,85.36955142021179,IO -> PLC,11.81788
1776102958.3869896,85.3855516910553,IO -> PLC,14.54711
1776102958.4029891,85.40155124664307,IO -> PLC,17.52732
1776102958.4189885,85.41755056381226,IO -> PLC,1.35466
1776102958.4349878,85.43354988098145,IO -> PLC,6.13086
1776102958.450987,85.44954919815063,IO -> PLC,8.36247
1776102958.4669876,85.46554970741272,IO -> PLC,11.35388
1776102958.4829872,85.48154926300049,IO -> PLC,14.01031
1776102958.4989865,85.49754858016968,IO -> PLC,16.97188
1776102958.5203464,85.51890850067139,IO -> PLC,1.624
1776102958.5309863,85.52954840660095,IO -> PLC,8.02322
1776102958.5469856,85.54554772377014,IO -> PLC,11.22343
1776102958.562985,85.56154704093933,IO -> PLC,14.49853
1776102958.5789845,85.5775465965271,IO -> PLC,16.86503
1776102958.5970497,85.5956118106842,IO -> PLC,3.04934
1776102958.6109843,85.60954642295837,IO -> PLC,4.98343
1776102958.6269836,85.62554574012756,IO -> PLC,7.77923
1776102958.642983,85.64154505729675,IO -> PLC,10.81456
1776102958.6589823,85.65754437446594,IO -> PLC,13.61547
1776102958.6749818,85.67354393005371,IO -> PLC,16.14294
1776102958.6921263,85.69068837165833,IO -> PLC,0.82852
1776102958.7069817,85.70554375648499,IO -> PLC,6.24168
1776102958.722981,85.72154307365417,IO -> PLC,9.29652
1776102958.7389803,85.73754239082336,IO -> PLC,12.28801
1776102958.7549808,85.75354290008545,IO -> PLC,15.18909
1776102958.7709801,85.76954221725464,IO -> PLC,17.97881
1776102958.7900546,85.78861665725708,IO -> PLC,1.16213
1776102958.802979,85.8015410900116,IO -> PLC,6.11962
1776102958.8189783,85.81754040718079,IO -> PLC,8.95837
1776102958.8349788,85.83354091644287,IO -> PLC,12.09923
1776102958.8509781,85.84954023361206,IO -> PLC,13.03422
1776102958.8669777,85.86553978919983,IO -> PLC,15.8137
1776102958.882977,85.88153910636902,IO -> PLC,6.40902
1776102958.8989763,85.89753842353821,IO -> PLC,4.81766
1776102958.9149768,85.9135389328003,IO -> PLC,6.61093
1776102958.9309762,85.92953824996948,IO -> PLC,9.49473
1776102958.9469757,85.94553780555725,IO -> PLC,12.68079
1776102958.962975,85.96153712272644,IO -> PLC,15.20426
1776102958.9789753,85.97753739356995,IO -> PLC,18.03678
1776102958.9949749,85.99353694915771,IO -> PLC,1.5753
1776102959.0109742,86.0095362663269,IO -> PLC,5.99829
1776102959.0269737,86.02553582191467,IO -> PLC,10.5136
1776102959.042973,86.04153513908386,IO -> PLC,13.54069
1776102959.0589733,86.05753540992737,IO -> PLC,15.928
1776102959.0749729,86.07353496551514,IO -> PLC,5.60656
1776102959.0909722,86.08953428268433,IO -> PLC,4.37473
1776102959.1069715,86.10553359985352,IO -> PLC,6.93308
1776102959.122972,86.1215341091156,IO -> PLC,9.8036
1776102959.1389713,86.13753342628479,IO -> PLC,13.47487
1776102959.154971,86.15353298187256,IO -> PLC,14.36699
1776102959.1709702,86.16953229904175,IO -> PLC,17.2796
1776102959.189335,86.18789720535278,IO -> PLC,4.34283
1776102959.20297,86.20153212547302,IO -> PLC,5.01038
1776102959.2189693,86.21753144264221,IO -> PLC,7.96114
1776102959.234969,86.23353099822998,IO -> PLC,10.9872
1776102959.2509682,86.24953031539917,IO -> PLC,13.75955
1776102959.2669675,86.26552963256836,IO -> PLC,16.46518
1776102959.2845294,86.28309154510498,IO -> PLC,1.18246
1776102959.2989674,86.29752945899963,IO -> PLC,4.41245
1776102959.314967,86.3135290145874,IO -> PLC,7.27793
1776102959.3309662,86.32952833175659,IO -> PLC,10.17806
1776102959.3469665,86.3455286026001,IO -> PLC,13.43868
1776102959.362966,86.36152815818787,IO -> PLC,16.24256
1776102959.3803053,86.3788673877716,IO -> PLC,3.68961
1776102959.394965,86.39352703094482,IO -> PLC,4.9621
1776102959.4109643,86.40952634811401,IO -> PLC,7.98631
1776102959.4269645,86.42552661895752,IO -> PLC,10.66723
1776102959.442964,86.44152617454529,IO -> PLC,13.99153
1776102959.4589634,86.45752549171448,IO -> PLC,18.06931
1776102959.4770393,86.47560143470764,IO -> PLC,1.08693
1776102959.4909632,86.48952531814575,IO -> PLC,6.38027
1776102959.5069625,86.50552463531494,IO -> PLC,9.12879
1776102959.522962,86.52152419090271,IO -> PLC,11.99316
1776102959.5389614,86.5375235080719,IO -> PLC,14.87496
1776102959.5549607,86.55352282524109,IO -> PLC,17.63075
1776102959.5736778,86.57223987579346,IO -> PLC,1.74288
1776102959.5869606,86.58552265167236,IO -> PLC,5.96412
1776102959.60296,86.60152220726013,IO -> PLC,10.25295
1776102959.6189594,86.61752152442932,IO -> PLC,13.22372
1776102959.6349587,86.63352084159851,IO -> PLC,16.30217
1776102959.6523442,86.6509063243866,IO -> PLC,0.34713
1776102959.6669586,86.66552066802979,IO -> PLC,6.54642
1776102959.682958,86.68151998519897,IO -> PLC,7.08828
1776102959.6989574,86.69751954078674,IO -> PLC,10.04889
1776102959.7149577,86.71351981163025,IO -> PLC,12.87133
1776102959.7309573,86.72951936721802,IO -> PLC,15.71721
1776102959.7469566,86.7455186843872,IO -> PLC,4.20811
1776102959.762956,86.7615180015564,IO -> PLC,3.61647
1776102959.7789552,86.77751731872559,IO -> PLC,7.05423
1776102959.7949557,86.79351782798767,IO -> PLC,9.05735
1776102959.8109553,86.80951738357544,IO -> PLC,11.68706
1776102959.8269546,86.82551670074463,IO -> PLC,14.62718
1776102959.842954,86.84151601791382,IO -> PLC,17.78972
1776102959.8618436,86.86040568351746,IO -> PLC,2.80668
1776102959.8749537,86.87351584434509,IO -> PLC,5.98917
1776102959.890953,86.88951516151428,IO -> PLC,8.90985
1776102959.9069526,86.90551471710205,IO -> PLC,11.78413
1776102959.922952,86.92151403427124,IO -> PLC,14.46936
1776102959.9389524,86.93751454353333,IO -> PLC,17.63165
1776102959.9571257,86.95568776130676,IO -> PLC,0.55402
1776102959.970951,86.9695131778717,IO -> PLC,7.00548
1776102959.9869506,86.98551273345947,IO -> PLC,8.73851
1776102960.00295,87.00151205062866,IO -> PLC,11.5659
1776102960.0189505,87.01751255989075,IO -> PLC,14.3381
1776102960.0349498,87.03351187705994,IO -> PLC,17.42567
1776102960.053591,87.05215311050415,IO -> PLC,2.21491
1776102960.0669487,87.0655107498169,IO -> PLC,5.35863
1776102960.082948,87.08151006698608,IO -> PLC,8.21291
1776102960.0989482,87.09751033782959,IO -> PLC,11.25231
1776102960.1149478,87.11350989341736,IO -> PLC,13.80834
1776102960.130947,87.12950921058655,IO -> PLC,16.96863
1776102960.1469467,87.14550876617432,IO -> PLC,0.95166
1776102960.162947,87.16150903701782,IO -> PLC,5.50474
1776102960.1789463,87.17750835418701,IO -> PLC,9.10449
1776102960.1949458,87.19350790977478,IO -> PLC,12.31503
1776102960.2109451,87.20950722694397,IO -> PLC,15.19267
1776102960.2269447,87.22550678253174,IO -> PLC,18.08256
1776102960.2459834,87.24454545974731,IO -> PLC,0.2993
1776102960.2589443,87.25750637054443,IO -> PLC,6.12103
1776102960.2749438,87.2735059261322,IO -> PLC,8.88819
1776102960.2909431,87.28950524330139,IO -> PLC,12.01064
1776102960.3069437,87.30550575256348,IO -> PLC,14.73667
1776102960.322943,87.32150506973267,IO -> PLC,17.64816
1776102960.3417,87.34026217460632,IO -> PLC,4.07355
1776102960.3549418,87.35350394248962,IO -> PLC,6.79461
1776102960.3709412,87.36950325965881,IO -> PLC,8.84901
1776102960.3869417,87.3855037689209,IO -> PLC,11.44912
1776102960.402941,87.40150308609009,IO -> PLC,15.24032
1776102960.4189403,87.41750240325928,IO -> PLC,6.1211
1776102960.4349399,87.43350195884705,IO -> PLC,6.16734
1776102960.4509392,87.44950127601624,IO -> PLC,6.9756
1776102960.4669397,87.46550178527832,IO -> PLC,10.99705
1776102960.482939,87.48150110244751,IO -> PLC,13.82565
1776102960.4989383,87.4975004196167,IO -> PLC,16.79963
1776102960.520084,87.5186460018158,IO -> PLC,1.91889
1776102960.5309381,87.52950024604797,IO -> PLC,7.9808
1776102960.5469375,87.54549956321716,IO -> PLC,10.97845
1776102960.562937,87.56149911880493,IO -> PLC,14.39355
1776102960.5789363,87.57749843597412,IO -> PLC,17.15767
1776102960.5971878,87.5957498550415,IO -> PLC,2.80357
1776102960.6109362,87.6094982624054,IO -> PLC,5.20535
1776102960.6269355,87.62549757957458,IO -> PLC,8.01435
1776102960.642935,87.64149713516235,IO -> PLC,11.23721
1776102960.6589344,87.65749645233154,IO -> PLC,14.20805
1776102960.6749337,87.67349576950073,IO -> PLC,15.53115
1776102960.6909342,87.68949627876282,IO -> PLC,1.75195
1776102960.7069335,87.705495595932,IO -> PLC,6.60896
1776102960.722933,87.72149515151978,IO -> PLC,6.27725
1776102960.7389324,87.73749446868896,IO -> PLC,9.45003
1776102960.7549329,87.75349497795105,IO -> PLC,12.22206
1776102960.7709322,87.76949429512024,IO -> PLC,15.03115
1776102960.7869315,87.78549361228943,IO -> PLC,17.5771
1776102960.8056169,87.80417895317078,IO -> PLC,0.1012
1776102960.8189304,87.81749248504639,IO -> PLC,5.61149
1776102960.834931,87.83349299430847,IO -> PLC,8.83011
1776102960.8509302,87.84949231147766,IO -> PLC,11.59519
1776102960.8669295,87.86549162864685,IO -> PLC,14.45555
1776102960.8829288,87.88149094581604,IO -> PLC,17.05454
1776102960.9010804,87.89964246749878,IO -> PLC,4.09386
1776102960.9149287,87.91349077224731,IO -> PLC,5.18325
1776102960.9309282,87.92949032783508,IO -> PLC,7.77096
1776102960.9469275,87.94548964500427,IO -> PLC,10.90686
1776102960.9629269,87.96148896217346,IO -> PLC,14.03852
1776102960.9789274,87.97748947143555,IO -> PLC,16.71231
1776102960.9967375,87.99529957771301,IO -> PLC,0.78419
1776102961.010926,88.00948810577393,IO -> PLC,4.71094
1776102961.0269256,88.0254876613617,IO -> PLC,7.40418
1776102961.042925,88.04148697853088,IO -> PLC,10.29222
1776102961.0589254,88.05748748779297,IO -> PLC,13.22514
1776102961.0749247,88.07348680496216,IO -> PLC,16.02814
1776102961.0926824,88.09124445915222,IO -> PLC,3.5972
1776102961.1069236,88.10548567771912,IO -> PLC,4.58264
1776102961.1229239,88.12148594856262,IO -> PLC,9.47766
1776102961.1389234,88.13748550415039,IO -> PLC,12.7578
1776102961.1549227,88.15348482131958,IO -> PLC,15.64064
1776102961.170922,88.16948413848877,IO -> PLC,3.20366
1776102961.1869216,88.18548369407654,IO -> PLC,3.44038
1776102961.2029219,88.20148396492004,IO -> PLC,6.57316
1776102961.2189212,88.21748328208923,IO -> PLC,9.33208
1776102961.2349207,88.233482837677,IO -> PLC,12.56613
1776102961.25092,88.24948215484619,IO -> PLC,13.56153
1776102961.2669196,88.26548171043396,IO -> PLC,16.2426
1776102961.284262,88.28282403945923,IO -> PLC,3.27367
1776102961.2989192,88.29748129844666,IO -> PLC,4.13276
1776102961.3149188,88.31348085403442,IO -> PLC,6.80647
1776102961.330918,88.32948017120361,IO -> PLC,9.59298
1776102961.3469186,88.3454806804657,IO -> PLC,12.82184
1776102961.362918,88.36147999763489,IO -> PLC,15.58579
1776102961.3789172,88.37747931480408,IO -> PLC,6.97172
1776102961.3949168,88.39347887039185,IO -> PLC,5.4646
1776102961.410916,88.40947818756104,IO -> PLC,6.59744
1776102961.4269166,88.42547869682312,IO -> PLC,9.53652
1776102961.442916,88.44147801399231,IO -> PLC,12.73146
1776102961.4589152,88.4574773311615,IO -> PLC,15.46694
1776102961.4749148,88.47347688674927,IO -> PLC,3.67512
1776102961.490914,88.48947620391846,IO -> PLC,4.0492
1776102961.5069146,88.50547671318054,IO -> PLC,6.96876
1776102961.522914,88.52147603034973,IO -> PLC,9.50231
1776102961.5389132,88.53747534751892,IO -> PLC,12.83765
1776102961.5549128,88.55347490310669,IO -> PLC,16.10564
1776102961.572499,88.57106113433838,IO -> PLC,5.56546
1776102961.5869126,88.58547472953796,IO -> PLC,5.84395
1776102961.602912,88.60147404670715,IO -> PLC,7.58394
1776102961.6189113,88.61747336387634,IO -> PLC,10.38285
1776102961.6349108,88.63347291946411,IO -> PLC,13.52163
1776102961.650911,88.64947319030762,IO -> PLC,16.19647
1776102961.668313,88.66687512397766,IO -> PLC,1.84712
1776102961.68291,88.68147206306458,IO -> PLC,4.39983
1776102961.6989093,88.69747138023376,IO -> PLC,8.8893
1776102961.7149098,88.71347188949585,IO -> PLC,11.97072
1776102961.730909,88.72947120666504,IO -> PLC,15.06357
1776102961.7469084,88.74547052383423,IO -> PLC,17.89817
1776102961.765922,88.764484167099,IO -> PLC,2.45635
1776102961.7789073,88.77746939659119,IO -> PLC,6.0248
1776102961.7949078,88.79346990585327,IO -> PLC,8.79484
1776102961.8109071,88.80946922302246,IO -> PLC,11.58561
1776102961.8269064,88.82546854019165,IO -> PLC,12.49924
1776102961.842906,88.84146809577942,IO -> PLC,16.11611
1776102961.8601208,88.85868287086487,IO -> PLC,0.13921
1776102961.8749058,88.8734679222107,IO -> PLC,6.06347
1776102961.8909051,88.88946723937988,IO -> PLC,7.31689
1776102961.9069045,88.90546655654907,IO -> PLC,10.17829
1776102961.9229038,88.92146587371826,IO -> PLC,13.07241
1776102961.9389043,88.93746638298035,IO -> PLC,16.04733
1776102961.9561856,88.95474767684937,IO -> PLC,3.80297
1776102961.9709032,88.9694652557373,IO -> PLC,6.23622
1776102961.9869025,88.9854645729065,IO -> PLC,9.14163
1776102962.0029018,89.00146389007568,IO -> PLC,11.89327
1776102962.0189023,89.01746439933777,IO -> PLC,14.94204
1776102962.0349016,89.03346371650696,IO -> PLC,18.00601
1776102962.0509012,89.04946327209473,IO -> PLC,1.21283
1776102962.0669005,89.06546258926392,IO -> PLC,5.99425
1776102962.0828998,89.0814619064331,IO -> PLC,8.65588
1776102962.0989003,89.09746241569519,IO -> PLC,11.51
1776102962.1148996,89.11346173286438,IO -> PLC,14.5106
1776102962.130899,89.12946105003357,IO -> PLC,17.60225
1776102962.1495993,89.1481614112854,IO -> PLC,1.7908
1776102962.162899,89.16146111488342,IO -> PLC,5.52601
1776102962.1788983,89.17746043205261,IO -> PLC,9.19217
1776102962.1948977,89.1934597492218,IO -> PLC,12.07813
1776102962.210897,89.20945906639099,IO -> PLC,15.06737
1776102962.2268965,89.22545862197876,IO -> PLC,18.09766
1776102962.2461011,89.24466323852539,IO -> PLC,3.94538
1776102962.2588964,89.25745844841003,IO -> PLC,6.64193
1776102962.2748957,89.27345776557922,IO -> PLC,9.23499
1776102962.290895,89.28945708274841,IO -> PLC,12.10159
1776102962.3068945,89.30545663833618,IO -> PLC,15.27101
1776102962.3228948,89.32145690917969,IO -> PLC,17.99697
1776102962.3423562,89.34091830253601,IO -> PLC,0.87348
1776102962.3548937,89.35345578193665,IO -> PLC,6.33866
1776102962.370893,89.36945509910583,IO -> PLC,9.2091
1776102962.3868935,89.38545560836792,IO -> PLC,11.92281
1776102962.4028928,89.40145492553711,IO -> PLC,14.64613
1776102962.4188921,89.4174542427063,IO -> PLC,17.58825
1776102962.4348917,89.43345379829407,IO -> PLC,1.03373
1776102962.450891,89.44945311546326,IO -> PLC,6.2718
1776102962.4668915,89.46545362472534,IO -> PLC,8.77678
1776102962.4828908,89.48145294189453,IO -> PLC,11.44138
1776102962.4988902,89.49745225906372,IO -> PLC,14.38054
1776102962.5148897,89.51345181465149,IO -> PLC,20.50641
1776102962.5365071,89.53506922721863,IO -> PLC,1.65056
1776102962.5468895,89.54545164108276,IO -> PLC,6.79377
1776102962.5628889,89.56145095825195,IO -> PLC,9.73605
1776102962.5788882,89.57745027542114,IO -> PLC,12.71722
1776102962.5948877,89.59344983100891,IO -> PLC,15.89584
1776102962.610888,89.60945010185242,IO -> PLC,5.39535
1776102962.6268876,89.62544965744019,IO -> PLC,3.86071
1776102962.6428869,89.64144897460938,IO -> PLC,7.48182
1776102962.6588862,89.65744829177856,IO -> PLC,11.08142
1776102962.6748857,89.67344784736633,IO -> PLC,13.79514
1776102962.690886,89.68944811820984,IO -> PLC,17.04759
1776102962.7089515,89.70751357078552,IO -> PLC,0.23881
1776102962.722885,89.7214469909668,IO -> PLC,6.85351
1776102962.7388842,89.73744630813599,IO -> PLC,8.13581
1776102962.7548847,89.75344681739807,IO -> PLC,11.02993
1776102962.770884,89.76944613456726,IO -> PLC,14.2639
1776102962.7868836,89.78544569015503,IO -> PLC,17.80197
1776102962.8057864,89.80434846878052,IO -> PLC,2.18106
1776102962.8188822,89.81744432449341,IO -> PLC,5.64709
1776102962.8348827,89.8334448337555,IO -> PLC,8.90362
1776102962.850882,89.84944415092468,IO -> PLC,11.75158
1776102962.8668816,89.86544370651245,IO -> PLC,14.69059
1776102962.882881,89.88144302368164,IO -> PLC,17.50486
1776102962.8988802,89.89744234085083,IO -> PLC,1.12227
1776102962.9148808,89.91344285011292,IO -> PLC,5.95072
1776102962.93088,89.9294421672821,IO -> PLC,8.57371
1776102962.9468794,89.9454414844513,IO -> PLC,11.31007
1776102962.962879,89.96144104003906,IO -> PLC,14.33923
1776102962.9788792,89.97744131088257,IO -> PLC,17.11543
1776102962.9970956,89.99565768241882,IO -> PLC,1.55023
1776102963.010878,90.00944018363953,IO -> PLC,6.30388
1776102963.0268774,90.02543950080872,IO -> PLC,9.50522
1776102963.0428767,90.0414388179779,IO -> PLC,12.82024
1776102963.0588772,90.05743932723999,IO -> PLC,15.61908
1776102963.0748768,90.07343888282776,IO -> PLC,1.41875
1776102963.090876,90.08943819999695,IO -> PLC,6.58809
1776102963.1068754,90.10543751716614,IO -> PLC,6.67553
1776102963.1228747,90.12143683433533,IO -> PLC,9.60845
1776102963.1388752,90.13743734359741,IO -> PLC,13.09332
1776102963.1548746,90.1534366607666,IO -> PLC,15.75392
1776102963.170874,90.16943621635437,IO -> PLC,4.28978
1776102963.1868734,90.18543553352356,IO -> PLC,3.87743
1776102963.202874,90.20143604278564,IO -> PLC,6.93532
1776102963.2188733,90.21743535995483,IO -> PLC,9.73832
1776102963.2348726,90.23343467712402,IO -> PLC,13.06239
1776102963.250872,90.24943399429321,IO -> PLC,15.58161
1776102963.2668715,90.26543354988098,IO -> PLC,1.66297
1776102963.282872,90.28143405914307,IO -> PLC,6.5211
1776102963.2988713,90.29743337631226,IO -> PLC,6.24075
1776102963.3148706,90.31343269348145,IO -> PLC,9.01903
1776102963.33087,90.32943201065063,IO -> PLC,12.21117
1776102963.3468704,90.34543251991272,IO -> PLC,14.95873
1776102963.3628697,90.36143183708191,IO -> PLC,17.9891
1776102963.3819494,90.38051152229309,IO -> PLC,0.32857
1776102963.3948686,90.39343070983887,IO -> PLC,5.72035
1776102963.410868,90.40943002700806,IO -> PLC,8.44448
1776102963.4268684,90.42543053627014,IO -> PLC,11.19603
1776102963.4428678,90.44142985343933,IO -> PLC,14.30208
1776102963.4588673,90.4574294090271,IO -> PLC,17.5403
1776102963.4776917,90.47625374794006,IO -> PLC,4.08674
1776102963.490866,90.48942804336548,IO -> PLC,7.46695
1776102963.5068665,90.50542855262756,IO -> PLC,10.25666
1776102963.5228658,90.52142786979675,IO -> PLC,13.22039
1776102963.5388653,90.53742742538452,IO -> PLC,16.22083
1776102963.55619,90.55475211143494,IO -> PLC,3.0351
1776102963.570865,90.56942701339722,IO -> PLC,3.99523
1776102963.5868645,90.58542656898499,IO -> PLC,7.39081
1776102963.6028638,90.60142588615417,IO -> PLC,10.09556
1776102963.618863,90.61742520332336,IO -> PLC,12.9908
1776102963.6348627,90.63342475891113,IO -> PLC,16.25958
1776102963.6522167,90.65077877044678,IO -> PLC,5.34536
1776102963.6668625,90.66542458534241,IO -> PLC,4.59696
1776102963.6828618,90.6814239025116,IO -> PLC,7.00666
1776102963.6988611,90.69742321968079,IO -> PLC,9.70821
1776102963.7148616,90.71342372894287,IO -> PLC,12.88586
1776102963.730861,90.72942304611206,IO -> PLC,15.90288
1776102963.7468605,90.74542260169983,IO -> PLC,2.31921
1776102963.7628598,90.76142191886902,IO -> PLC,6.97141
1776102963.7788591,90.77742123603821,IO -> PLC,6.43297
1776102963.7948596,90.7934217453003,IO -> PLC,9.25845
1776102963.810859,90.80942106246948,IO -> PLC,11.94977
1776102963.8268585,90.82542061805725,IO -> PLC,14.77325
1776102963.8428578,90.84141993522644,IO -> PLC,18.04507
1776102963.8620017,90.8605637550354,IO -> PLC,0.70139
1776102963.8748577,90.87341976165771,IO -> PLC,6.23515
1776102963.890857,90.8894190788269,IO -> PLC,9.08
1776102963.9068565,90.90541863441467,IO -> PLC,12.08164
1776102963.9228559,90.92141795158386,IO -> PLC,14.70735
1776102963.9388561,90.93741822242737,IO -> PLC,18.01117
1776102963.957964,90.95652604103088,IO -> PLC,3.97834
1776102963.970855,90.96941709518433,IO -> PLC,5.83556
1776102963.9868543,90.98541641235352,IO -> PLC,8.70288
1776102964.0028539,91.00141596794128,IO -> PLC,11.40652
1776102964.0188541,91.01741623878479,IO -> PLC,14.17567
1776102964.0348537,91.03341579437256,IO -> PLC,17.36765
1776102964.053315,91.05187702178955,IO -> PLC,0.40018
1776102964.0668523,91.06541442871094,IO -> PLC,5.22612
1776102964.082852,91.0814139842987,IO -> PLC,8.09736
1776102964.0988522,91.09741425514221,IO -> PLC,11.12053
1776102964.1148517,91.11341381072998,IO -> PLC,14.02793
1776102964.130851,91.12941312789917,IO -> PLC,17.27118
1776102964.1492178,91.14777994155884,IO -> PLC,3.74698
1776102964.1628509,91.16141295433044,IO -> PLC,5.21862
1776102964.1788502,91.17741227149963,IO -> PLC,8.09938
1776102964.1948497,91.1934118270874,IO -> PLC,10.87142
1776102964.210849,91.20941114425659,IO -> PLC,13.7133
1776102964.2268484,91.22541046142578,IO -> PLC,16.98321
1776102964.245052,91.24361419677734,IO -> PLC,1.39966
1776102964.2588482,91.25741028785706,IO -> PLC,5.13328
1776102964.2748475,91.27340960502625,IO -> PLC,7.79395
1776102964.290847,91.28940916061401,IO -> PLC,11.30226
1776102964.3068464,91.3054084777832,IO -> PLC,14.02743
1776102964.322847,91.32140898704529,IO -> PLC,16.97875
1776102964.3410318,91.3395938873291,IO -> PLC,4.06443
1776102964.3548455,91.35340762138367,IO -> PLC,5.44436
1776102964.3708448,91.36940693855286,IO -> PLC,8.03015
1776102964.3868454,91.38540744781494,IO -> PLC,10.86396
1776102964.402845,91.40140700340271,IO -> PLC,13.75984
1776102964.4188442,91.4174063205719,IO -> PLC,16.51875
1776102964.4364986,91.43506073951721,IO -> PLC,0.82932
1776102964.4508429,91.44940495491028,IO -> PLC,7.25967
1776102964.4668434,91.46540546417236,IO -> PLC,7.68793
1776102964.4828427,91.48140478134155,IO -> PLC,10.78062
1776102964.4988422,91.49740433692932,IO -> PLC,11.79961
1776102964.5148416,91.51340365409851,IO -> PLC,18.04645
1776102964.530842,91.5294041633606,IO -> PLC,2.01114
1776102964.5468414,91.54540348052979,IO -> PLC,6.72384
1776102964.5628407,91.56140279769897,IO -> PLC,9.1469
1776102964.5788403,91.57740235328674,IO -> PLC,12.05622
1776102964.5948396,91.59340167045593,IO -> PLC,15.28411
1776102964.61084,91.60940217971802,IO -> PLC,18.35128
1776102964.630282,91.62884402275085,IO -> PLC,1.11509
1776102964.6428387,91.6414008140564,IO -> PLC,6.3704
1776102964.658838,91.65740013122559,IO -> PLC,9.17428
1776102964.6748376,91.67339968681335,IO -> PLC,11.84407
1776102964.6908379,91.68939995765686,IO -> PLC,15.03301
1776102964.7068374,91.70539951324463,IO -> PLC,17.88914
1776102964.7228367,91.72139883041382,IO -> PLC,1.44334
1776102964.738836,91.73739814758301,IO -> PLC,6.40267
1776102964.7548366,91.75339865684509,IO -> PLC,9.31839
1776102964.7708359,91.76939797401428,IO -> PLC,12.08963
1776102964.7868354,91.78539752960205,IO -> PLC,14.77271
1776102964.8028347,91.80139684677124,IO -> PLC,17.60531
1776102964.8215377,91.82009983062744,IO -> PLC,0.901
1776102964.8348346,91.83339667320251,IO -> PLC,5.42257
1776102964.850834,91.8493959903717,IO -> PLC,8.83583
1776102964.8668334,91.86539554595947,IO -> PLC,11.7054
1776102964.8828328,91.88139486312866,IO -> PLC,14.41208
1776102964.898832,91.89739418029785,IO -> PLC,17.3562
1776102964.9172819,91.91584396362305,IO -> PLC,3.24727
1776102964.930832,91.92939400672913,IO -> PLC,5.13858
1776102964.9468315,91.9453935623169,IO -> PLC,8.00823
1776102964.9628308,91.96139287948608,IO -> PLC,11.59454
1776102964.978831,91.97739315032959,IO -> PLC,14.52642
1776102964.9948306,91.99339270591736,IO -> PLC,17.54543
1776102965.0125346,92.01109671592712,IO -> PLC,0.937
1776102965.0268292,92.02539134025574,IO -> PLC,6.37427
1776102965.0428288,92.0413908958435,IO -> PLC,9.00022
1776102965.058829,92.05739116668701,IO -> PLC,12.14499
1776102965.0748286,92.07339072227478,IO -> PLC,14.80678
1776102965.090828,92.08939003944397,IO -> PLC,17.59858
1776102965.1100473,92.1086094379425,IO -> PLC,1.76312
1776102965.1228268,92.12138891220093,IO -> PLC,6.20933
1776102965.138827,92.13738918304443,IO -> PLC,9.63587
1776102965.1548266,92.1533887386322,IO -> PLC,12.63232
1776102965.170826,92.16938805580139,IO -> PLC,15.26731
1776102965.1868253,92.18538737297058,IO -> PLC,18.02535
1776102965.2028258,92.20138788223267,IO -> PLC,1.18905
1776102965.218825,92.21738719940186,IO -> PLC,6.10446
1776102965.2348247,92.23338675498962,IO -> PLC,9.04579
1776102965.250824,92.24938607215881,IO -> PLC,12.0084
1776102965.2668233,92.265385389328,IO -> PLC,14.84308
1776102965.2828238,92.28138589859009,IO -> PLC,17.57447
1776102965.3014927,92.30005478858948,IO -> PLC,2.0941
1776102965.3148227,92.31338477134705,IO -> PLC,5.48286
1776102965.330822,92.32938408851624,IO -> PLC,8.5202
1776102965.3468223,92.34538435935974,IO -> PLC,11.42352
1776102965.3628218,92.36138391494751,IO -> PLC,14.36772
1776102965.3788211,92.3773832321167,IO -> PLC,16.89927
1776102965.3968039,92.39536595344543,IO -> PLC,4.7083
1776102965.41082,92.40938210487366,IO -> PLC,5.32561
1776102965.4268203,92.42538237571716,IO -> PLC,7.88203
1776102965.4428198,92.44138193130493,IO -> PLC,11.10473
1776102965.4588192,92.45738124847412,IO -> PLC,15.04122
1776102965.4748185,92.47338056564331,IO -> PLC,18.28335
1776102965.5068183,92.50538039207458,IO -> PLC,6.3732
1776102965.5228179,92.52137994766235,IO -> PLC,9.20067
1776102965.5388172,92.53737926483154,IO -> PLC,12.24336
1776102965.5548165,92.55337858200073,IO -> PLC,14.89563
1776102965.570817,92.56937909126282,IO -> PLC,17.95153
1776102965.589979,92.58854103088379,IO -> PLC,2.60091
1776102965.6028156,92.6013777256012,IO -> PLC,6.15593
1776102965.6188152,92.61737728118896,IO -> PLC,10.66172
1776102965.6348145,92.63337659835815,IO -> PLC,13.93666
1776102965.650815,92.64937710762024,IO -> PLC,16.51622
1776102965.668435,92.66699719429016,IO -> PLC,1.4039
1776102965.6828136,92.68137574195862,IO -> PLC,4.47709
1776102965.698813,92.69737505912781,IO -> PLC,7.30465
1776102965.7148135,92.71337556838989,IO -> PLC,10.19765
1776102965.730813,92.72937512397766,IO -> PLC,13.51772
1776102965.7468123,92.74537444114685,IO -> PLC,14.52247
1776102965.7628117,92.76137375831604,IO -> PLC,17.37963
1776102965.78129,92.77985215187073,IO -> PLC,2.35915
1776102965.7948115,92.79337358474731,IO -> PLC,6.50655
1776102965.8108108,92.8093729019165,IO -> PLC,9.54101
1776102965.8268104,92.82537245750427,IO -> PLC,12.23736
1776102965.8428097,92.84137177467346,IO -> PLC,15.41182
1776102965.858809,92.85737109184265,IO -> PLC,2.97724
1776102965.8748095,92.87337160110474,IO -> PLC,3.19852
1776102965.8908088,92.88937091827393,IO -> PLC,8.26147
1776102965.9068084,92.9053704738617,IO -> PLC,11.15351
1776102965.9228077,92.92136979103088,IO -> PLC,13.9565
1776102965.9388082,92.93737030029297,IO -> PLC,16.93247
1776102965.9568322,92.95539426803589,IO -> PLC,4.13491
1776102965.9708068,92.96936893463135,IO -> PLC,5.53314
1776102965.9868064,92.98536849021912,IO -> PLC,7.74611
1776102966.0028057,93.0013678073883,IO -> PLC,10.59935
1776102966.018806,93.01736807823181,IO -> PLC,13.39714
1776102966.0348055,93.03336763381958,IO -> PLC,16.67809
1776102966.0525744,93.05113649368286,IO -> PLC,1.77256
1776102966.0668044,93.06536650657654,IO -> PLC,4.70848
1776102966.0828037,93.08136582374573,IO -> PLC,7.45612
1776102966.098804,93.09736609458923,IO -> PLC,10.40136
1776102966.1148036,93.113365650177,IO -> PLC,13.40622
1776102966.1308029,93.12936496734619,IO -> PLC,16.67387
1776102966.1485686,93.14713072776794,IO -> PLC,5.16296
1776102966.1628027,93.16136479377747,IO -> PLC,5.19765
1776102966.178802,93.17736411094666,IO -> PLC,7.38006
1776102966.1948016,93.19336366653442,IO -> PLC,10.24243
1776102966.210801,93.20936298370361,IO -> PLC,12.96134
1776102966.2268002,93.2253623008728,IO -> PLC,15.95474
1776102966.2428007,93.24136281013489,IO -> PLC,3.41032
1776102966.2588,93.25736212730408,IO -> PLC,3.82945
1776102966.2747996,93.27336168289185,IO -> PLC,6.55501
1776102966.290799,93.28936100006104,IO -> PLC,9.30721
1776102966.3067982,93.30536031723022,IO -> PLC,12.60783
1776102966.3227987,93.32136082649231,IO -> PLC,15.2725
1776102966.338798,93.3373601436615,IO -> PLC,18.66944
1776102966.3585672,93.35712933540344,IO -> PLC,1.24726
1776102966.370797,93.36935901641846,IO -> PLC,6.74472
1776102966.3867972,93.38535928726196,IO -> PLC,9.6122
1776102966.4027967,93.40135884284973,IO -> PLC,12.4744
1776102966.418796,93.41735816001892,IO -> PLC,15.3234
1776102966.4347956,93.43335771560669,IO -> PLC,18.54219
1776102966.4544232,93.45298528671265,IO -> PLC,3.16926
1776102966.4667952,93.46535730361938,IO -> PLC,6.37777
1776102966.4827948,93.48135685920715,IO -> PLC,9.44286
1776102966.498794,93.49735617637634,IO -> PLC,12.37691
1776102966.5147934,93.51335549354553,IO -> PLC,17.13576
1776102966.5344443,93.53300642967224,IO -> PLC,3.23279
1776102966.5467932,93.5453553199768,IO -> PLC,6.85255
1776102966.5627928,93.56135487556458,IO -> PLC,9.49786
1776102966.578792,93.57735419273376,IO -> PLC,12.53935
1776102966.5947914,93.59335350990295,IO -> PLC,15.52556
1776102966.610792,93.60935401916504,IO -> PLC,4.34112
1776102966.6267912,93.62535333633423,IO -> PLC,3.41762
1776102966.6427908,93.641352891922,IO -> PLC,6.43247
1776102966.65879,93.65735220909119,IO -> PLC,9.32348
1776102966.6747894,93.67335152626038,IO -> PLC,11.92575
1776102966.69079,93.68935203552246,IO -> PLC,14.77459
1776102966.7067893,93.70535135269165,IO -> PLC,17.90128
1776102966.7260463,93.72460842132568,IO -> PLC,2.18722
1776102966.7387881,93.73735022544861,IO -> PLC,6.05849
1776102966.7547884,93.75335049629211,IO -> PLC,9.23622
1776102966.770788,93.76935005187988,IO -> PLC,11.76472
1776102966.7867873,93.78534936904907,IO -> PLC,14.52156
1776102966.8027866,93.80134868621826,IO -> PLC,17.29464
1776102966.8202593,93.8188214302063,IO -> PLC,0.91676
1776102966.8347864,93.83334851264954,IO -> PLC,6.33564
1776102966.850786,93.8493480682373,IO -> PLC,8.59293
1776102966.8667853,93.8653473854065,IO -> PLC,9.62513
1776102966.8827846,93.88134670257568,IO -> PLC,12.47526
1776102966.898784,93.89734601974487,IO -> PLC,15.19313
1776102966.9147844,93.91334652900696,IO -> PLC,18.11173
1776102966.9307837,93.92934584617615,IO -> PLC,2.01915
1776102966.9467833,93.94534540176392,IO -> PLC,6.71751
1776102966.9627826,93.9613447189331,IO -> PLC,9.31363
1776102966.9787831,93.97734522819519,IO -> PLC,11.95062
1776102966.9947824,93.99334454536438,IO -> PLC,14.99827
1776102967.0107818,94.00934386253357,IO -> PLC,17.78494
1776102967.0296614,94.02822351455688,IO -> PLC,2.56428
1776102967.0427806,94.04134273529053,IO -> PLC,5.94727
1776102967.0587811,94.05734324455261,IO -> PLC,8.74707
1776102967.0747805,94.0733425617218,IO -> PLC,11.46398
1776102967.0907798,94.08934187889099,IO -> PLC,14.16145
1776102967.106779,94.10534119606018,IO -> PLC,17.00942
1776102967.125249,94.12381100654602,IO -> PLC,0.31937
1776102967.138779,94.13734102249146,IO -> PLC,6.02482
1776102967.1547785,94.15334057807922,IO -> PLC,8.87998
1776102967.1707778,94.16933989524841,IO -> PLC,11.72177
1776102967.186777,94.1853392124176,IO -> PLC,14.50726
1776102967.2027776,94.20133972167969,IO -> PLC,17.30506
1776102967.22129,94.21985220909119,IO -> PLC,3.95986
1776102967.2347765,94.23333859443665,IO -> PLC,5.31489
1776102967.2507758,94.24933791160583,IO -> PLC,8.70551
1776102967.2667751,94.26533722877502,IO -> PLC,11.66228
1776102967.2827756,94.28133773803711,IO -> PLC,14.33207
1776102967.298775,94.2973370552063,IO -> PLC,17.10819
1776102967.317104,94.31566619873047,IO -> PLC,0.82323
1776102967.3307738,94.32933592796326,IO -> PLC,5.02386
1776102967.346774,94.34533619880676,IO -> PLC,7.98039
1776102967.3627737,94.36133575439453,IO -> PLC,10.86419
1776102967.378773,94.37733507156372,IO -> PLC,13.87288
1776102967.3947725,94.39333462715149,IO -> PLC,16.96653
1776102967.4129586,94.4115207195282,IO -> PLC,3.67113
1776102967.426772,94.42533421516418,IO -> PLC,4.65299
1776102967.4427717,94.44133377075195,IO -> PLC,7.67808
1776102967.458771,94.45733308792114,IO -> PLC,10.56172
1776102967.4747705,94.47333264350891,IO -> PLC,13.68113
1776102967.4907699,94.4893319606781,IO -> PLC,16.57926
1776102967.508447,94.50700902938843,IO -> PLC,0.9358
1776102967.5227697,94.52133178710938,IO -> PLC,4.65894
1776102967.538769,94.53733110427856,IO -> PLC,7.76483
1776102967.5547683,94.55333042144775,IO -> PLC,10.70799
1776102967.5707688,94.56933093070984,IO -> PLC,13.79141
1776102967.5867682,94.58533024787903,IO -> PLC,16.64561
1776102967.6045094,94.60307145118713,IO -> PLC,3.82689
1776102967.618767,94.61732912063599,IO -> PLC,4.23974
1776102967.6347663,94.63332843780518,IO -> PLC,7.2045
1776102967.6507668,94.64932894706726,IO -> PLC,10.2552
1776102967.6667662,94.66532826423645,IO -> PLC,13.04572
1776102967.6827657,94.68132781982422,IO -> PLC,15.71551
1776102967.698765,94.69732713699341,IO -> PLC,1.28276
1776102967.7147644,94.7133264541626,IO -> PLC,6.24738
1776102967.7307649,94.72932696342468,IO -> PLC,6.40842
1776102967.7467642,94.74532628059387,IO -> PLC,11.79809
1776102967.7627637,94.76132583618164,IO -> PLC,15.04127
1776102967.778763,94.77732515335083,IO -> PLC,17.81651
1776102967.7976713,94.79623341560364,IO -> PLC,1.55639
1776102967.810763,94.8093249797821,IO -> PLC,5.43633
1776102967.8267622,94.8253242969513,IO -> PLC,8.24957
1776102967.8427615,94.84132361412048,IO -> PLC,11.5081
1776102967.858761,94.85732316970825,IO -> PLC,14.25366
1776102967.8747613,94.87332344055176,IO -> PLC,15.30642
1776102967.890761,94.88932299613953,IO -> PLC,0.76991
1776102967.9067602,94.90532231330872,IO -> PLC,5.599
1776102967.9227595,94.9213216304779,IO -> PLC,6.47759
1776102967.93876,94.93732213973999,IO -> PLC,9.54165
1776102967.9547594,94.95332145690918,IO -> PLC,12.15616
1776102967.970759,94.96932101249695,IO -> PLC,15.07892
1776102967.9867582,94.98532032966614,IO -> PLC,17.63294
1776102968.0027575,95.00131964683533,IO -> PLC,1.37531
1776102968.018758,95.01732015609741,IO -> PLC,6.26729
1776102968.0347574,95.0333194732666,IO -> PLC,8.94244
1776102968.0507567,95.04931879043579,IO -> PLC,11.51791
1776102968.0667562,95.06531834602356,IO -> PLC,14.38843
1776102968.0827556,95.08131766319275,IO -> PLC,17.19847
1776102968.1010425,95.09960460662842,IO -> PLC,2.27339
1776102968.1147554,95.11331748962402,IO -> PLC,5.17359
1776102968.1307547,95.12931680679321,IO -> PLC,7.99378
1776102968.146754,95.1453161239624,IO -> PLC,11.24016
1776102968.1627545,95.16131663322449,IO -> PLC,14.3031
1776102968.178754,95.17731618881226,IO -> PLC,17.02105
1776102968.1968892,95.19545125961304,IO -> PLC,4.7699
1776102968.2107527,95.20931482315063,IO -> PLC,5.29609
1776102968.226752,95.22531414031982,IO -> PLC,7.82876
1776102968.2427526,95.24131464958191,IO -> PLC,11.04858
1776102968.2587519,95.2573139667511,IO -> PLC,13.8267
1776102968.2747514,95.27331352233887,IO -> PLC,16.66338
1776102968.2927687,95.29133081436157,IO -> PLC,1.19885
1776102968.30675,95.30531215667725,IO -> PLC,5.40244
1776102968.3227506,95.32131266593933,IO -> PLC,10.17762
1776102968.33875,95.33731198310852,IO -> PLC,13.16078
1776102968.3547494,95.35331153869629,IO -> PLC,15.89402
1776102968.3707488,95.36931085586548,IO -> PLC,1.29334
1776102968.3867493,95.38531136512756,IO -> PLC,6.45349
1776102968.4027486,95.40131068229675,IO -> PLC,6.9187
1776102968.418748,95.41730999946594,IO -> PLC,9.69202
1776102968.4347475,95.43330955505371,IO -> PLC,12.87583
1776102968.4507468,95.4493088722229,IO -> PLC,13.84162
1776102968.466747,95.4653091430664,IO -> PLC,16.48686
1776102968.4843204,95.48288249969482,IO -> PLC,1.31454
1776102968.498746,95.49730801582336,IO -> PLC,4.17812
1776102968.5147452,95.51330733299255,IO -> PLC,6.82439
1776102968.5307448,95.52930688858032,IO -> PLC,13.21963
1776102968.546745,95.54530715942383,IO -> PLC,16.27969
1776102968.5641143,95.56267642974854,IO -> PLC,1.7008
1776102968.578744,95.57730603218079,IO -> PLC,4.15007
1776102968.5947433,95.59330534934998,IO -> PLC,9.56031
1776102968.6107438,95.60930585861206,IO -> PLC,12.47884
1776102968.626743,95.62530517578125,IO -> PLC,15.40568
1776102968.6427426,95.64130473136902,IO -> PLC,1.38351
1776102968.658742,95.65730404853821,IO -> PLC,6.73542
1776102968.6747413,95.6733033657074,IO -> PLC,6.3782
1776102968.6907418,95.68930387496948,IO -> PLC,9.40233
1776102968.706741,95.70530319213867,IO -> PLC,12.35686
1776102968.7227407,95.72130274772644,IO -> PLC,14.962
1776102968.73874,95.73730206489563,IO -> PLC,18.38863
1776102968.7707398,95.7693018913269,IO -> PLC,6.36359
1776102968.786739,95.7853012084961,IO -> PLC,9.05282
1776102968.8027387,95.80130076408386,IO -> PLC,11.8219
1776102968.818738,95.81730008125305,IO -> PLC,14.61769
1776102968.8347383,95.83330035209656,IO -> PLC,17.92648
1776102968.8507378,95.84929990768433,IO -> PLC,1.20083
1776102968.8667371,95.86529922485352,IO -> PLC,5.85231
1776102968.8827364,95.8812985420227,IO -> PLC,8.62346
1776102968.898736,95.89729809761047,IO -> PLC,11.84016
1776102968.9147363,95.91329836845398,IO -> PLC,14.62348
1776102968.9307358,95.92929792404175,IO -> PLC,17.56473
1776102968.9493952,95.94795727729797,IO -> PLC,1.39582
1776102968.9627345,95.96129655838013,IO -> PLC,5.34823
1776102968.978735,95.97729706764221,IO -> PLC,8.40109
1776102968.9947343,95.9932963848114,IO -> PLC,11.02479
1776102969.0107338,96.00929594039917,IO -> PLC,14.03348
1776102969.0267332,96.02529525756836,IO -> PLC,17.29418
1776102969.0451322,96.0436942577362,IO -> PLC,4.20355
1776102969.058733,96.05729508399963,IO -> PLC,5.47707
1776102969.0747323,96.07329440116882,IO -> PLC,8.1715
1776102969.0907319,96.08929395675659,IO -> PLC,11.01018
1776102969.1067312,96.10529327392578,IO -> PLC,14.13671
1776102969.1227305,96.12129259109497,IO -> PLC,16.98468
1776102969.1408107,96.13937282562256,IO -> PLC,1.01276
1776102969.1547303,96.15329241752625,IO -> PLC,5.65606
1776102969.1707296,96.16929173469543,IO -> PLC,8.34321
1776102969.1867292,96.1852912902832,IO -> PLC,10.99852
1776102969.2027295,96.20129156112671,IO -> PLC,13.82705
1776102969.218729,96.21729111671448,IO -> PLC,16.6834
1776102969.236512,96.23507404327393,IO -> PLC,4.70638
1776102969.2507277,96.24928975105286,IO -> PLC,4.84372
1776102969.266727,96.26528906822205,IO -> PLC,7.72552
1776102969.2827275,96.28128957748413,IO -> PLC,10.86118
1776102969.298727,96.2972891330719,IO -> PLC,11.74385
1776102969.3147264,96.31328845024109,IO -> PLC,14.73014
1776102969.3307257,96.32928776741028,IO -> PLC,17.63754
1776102969.346725,96.34528708457947,IO -> PLC,0.97558
1776102969.3627255,96.36128759384155,IO -> PLC,5.79075
1776102969.3787248,96.37728691101074,IO -> PLC,8.43094
1776102969.3947244,96.39328646659851,IO -> PLC,11.29625
1776102969.4107237,96.4092857837677,IO -> PLC,14.27118
1776102969.4267242,96.42528629302979,IO -> PLC,17.53917
1776102969.4453475,96.44390964508057,IO -> PLC,1.31262
1776102969.4587228,96.45728492736816,IO -> PLC,7.71262
1776102969.4747221,96.47328424453735,IO -> PLC,10.84435
1776102969.4907217,96.48928380012512,IO -> PLC,13.56007
1776102969.5067222,96.5052843093872,IO -> PLC,16.23202
1776102969.5241725,96.52273464202881,IO -> PLC,0.74355
1776102969.5387208,96.53728294372559,IO -> PLC,6.93197
1776102969.5547202,96.55328226089478,IO -> PLC,7.50559
1776102969.5707207,96.56928277015686,IO -> PLC,10.43564
1776102969.58672,96.58528208732605,IO -> PLC,13.28032
1776102969.6027195,96.60128164291382,IO -> PLC,16.05964
1776102969.6198637,96.61842584609985,IO -> PLC,3.95258
1776102969.6347182,96.6332802772522,IO -> PLC,4.219
1776102969.6507187,96.64928078651428,IO -> PLC,7.27689
1776102969.666718,96.66528010368347,IO -> PLC,10.3195
1776102969.6827176,96.68127965927124,IO -> PLC,13.08865
1776102969.6987169,96.69727897644043,IO -> PLC,15.78389
1776102969.7147162,96.71327829360962,IO -> PLC,1.35731
1776102969.7307167,96.7292788028717,IO -> PLC,6.03023
1776102969.746716,96.7452781200409,IO -> PLC,6.75441
1776102969.7627156,96.76127767562866,IO -> PLC,9.45604
1776102969.778715,96.77727699279785,IO -> PLC,12.10752
1776102969.7947152,96.79327726364136,IO -> PLC,15.27173
1776102969.8107147,96.80927681922913,IO -> PLC,17.97529
1776102969.8296301,96.8281922340393,IO -> PLC,0.14433
1776102969.8427134,96.8412754535675,IO -> PLC,6.33841
1776102969.858713,96.85727500915527,IO -> PLC,9.19358
1776102969.8747132,96.87327527999878,IO -> PLC,11.86241
1776102969.8907127,96.88927483558655,IO -> PLC,15.25
1776102969.906712,96.90527415275574,IO -> PLC,17.96883
1776102969.926053,96.92461514472961,IO -> PLC,3.42424
1776102969.938712,96.93727397918701,IO -> PLC,6.2746
1776102969.9547112,96.9532732963562,IO -> PLC,9.15424
1776102969.9707108,96.96927285194397,IO -> PLC,11.95324
1776102969.98671,96.98527216911316,IO -> PLC,14.97537
1776102970.0027094,97.00127148628235,IO -> PLC,17.59988
1776102970.0214012,97.01996326446533,IO -> PLC,0.42994
1776102970.0347092,97.03327131271362,IO -> PLC,5.64772
1776102970.0507088,97.04927086830139,IO -> PLC,8.80601
1776102970.066708,97.06527018547058,IO -> PLC,11.56989
1776102970.0827074,97.08126950263977,IO -> PLC,14.38737
1776102970.098708,97.09727001190186,IO -> PLC,17.06828
1776102970.1168616,97.1154236793518,IO -> PLC,4.52197
1776102970.1307068,97.12926888465881,IO -> PLC,5.09243
1776102970.146706,97.145268201828,IO -> PLC,9.82257
1776102970.1627064,97.16126847267151,IO -> PLC,12.6326
1776102970.178706,97.17726802825928,IO -> PLC,15.16423
1776102970.1947052,97.19326734542847,IO -> PLC,18.26828
1776102970.21385,97.21241211891174,IO -> PLC,0.21705
1776102970.2267041,97.22526621818542,IO -> PLC,6.15923
1776102970.2427044,97.24126648902893,IO -> PLC,9.46081
1776102970.258704,97.2572660446167,IO -> PLC,12.04252
1776102970.2747033,97.27326536178589,IO -> PLC,14.83937
1776102970.2907026,97.28926467895508,IO -> PLC,17.69044
1776102970.3067021,97.30526423454285,IO -> PLC,1.26792
1776102970.3227024,97.32126450538635,IO -> PLC,6.03501
1776102970.338702,97.33726406097412,IO -> PLC,9.23531
1776102970.3547013,97.35326337814331,IO -> PLC,11.90815
1776102970.3707006,97.3692626953125,IO -> PLC,14.77154
1776102970.386701,97.38526320457458,IO -> PLC,17.4567
1776102970.4052525,97.40381455421448,IO -> PLC,0.34905
1776102970.4186997,97.41726183891296,IO -> PLC,5.5247
1776102970.4346993,97.43326139450073,IO -> PLC,8.72515
1776102970.4506986,97.44926071166992,IO -> PLC,11.69088
1776102970.4666991,97.465261220932,IO -> PLC,14.55924
1776102970.4826984,97.4812605381012,IO -> PLC,17.21063
1776102970.501106,97.49966812133789,IO -> PLC,2.65644
1776102970.5146973,97.51325941085815,IO -> PLC,5.27967
1776102970.5306966,97.52925872802734,IO -> PLC,12.3775
1776102970.5466971,97.54525923728943,IO -> PLC,13.51234
1776102970.5626965,97.56125855445862,IO -> PLC,16.52408
1776102970.580309,97.57887101173401,IO -> PLC,3.91994
1776102970.594695,97.593257188797,IO -> PLC,4.46839
1776102970.6106956,97.60925769805908,IO -> PLC,7.31843
1776102970.6266952,97.62525725364685,IO -> PLC,10.64154
1776102970.6426945,97.64125657081604,IO -> PLC,14.0436
1776102970.6586938,97.65725588798523,IO -> PLC,16.75219
1776102970.6763675,97.67492961883545,IO -> PLC,0.45682
1776102970.6906936,97.6892557144165,IO -> PLC,7.25654
1776102970.706693,97.7052550315857,IO -> PLC,10.02682
1776102970.7226925,97.72125458717346,IO -> PLC,12.74869
1776102970.7386918,97.73725390434265,IO -> PLC,15.97339
1776102970.7546923,97.75325441360474,IO -> PLC,6.75632
1776102970.7706916,97.76925373077393,IO -> PLC,4.79647
1776102970.786691,97.78525304794312,IO -> PLC,6.87143
1776102970.8026903,97.8012523651123,IO -> PLC,9.81251
1776102970.8186898,97.81725192070007,IO -> PLC,12.67279
1776102970.8346903,97.83325242996216,IO -> PLC,15.66708
1776102970.8506896,97.84925174713135,IO -> PLC,2.34343
1776102970.866689,97.86525106430054,IO -> PLC,7.15148
1776102970.8826883,97.88125038146973,IO -> PLC,6.1851
1776102970.8986878,97.8972499370575,IO -> PLC,9.00338
1776102970.914688,97.913250207901,IO -> PLC,12.17896
1776102970.9306877,97.92924976348877,IO -> PLC,15.0186
1776102970.946687,97.94524908065796,IO -> PLC,17.91368
1776102970.9656842,97.96424627304077,IO -> PLC,0.12265
1776102970.9786868,97.97724890708923,IO -> PLC,5.84056
1776102970.9946861,97.99324822425842,IO -> PLC,8.66612
1776102971.0106854,98.00924754142761,IO -> PLC,11.33807
1776102971.026685,98.02524709701538,IO -> PLC,14.07626
1776102971.0426843,98.04124641418457,IO -> PLC,17.66049
1776102971.0614283,98.05999040603638,IO -> PLC,3.05566
1776102971.0746841,98.07324624061584,IO -> PLC,5.44608
1776102971.0906835,98.08924555778503,IO -> PLC,8.22156
1776102971.106683,98.1052451133728,IO -> PLC,11.55682
1776102971.1226823,98.12124443054199,IO -> PLC,12.67407
1776102971.1386828,98.13724493980408,IO -> PLC,15.94404
1776102971.1546822,98.15324425697327,IO -> PLC,3.36682
1776102971.1706815,98.16924357414246,IO -> PLC,3.76547
1776102971.186681,98.18524312973022,IO -> PLC,7.20817
1776102971.2026813,98.20124340057373,IO -> PLC,9.6898
1776102971.2186809,98.2172429561615,IO -> PLC,12.50704
1776102971.2346802,98.23324227333069,IO -> PLC,15.52805
1776102971.2506795,98.24924159049988,IO -> PLC,7.21702
1776102971.266679,98.26524114608765,IO -> PLC,5.27877
1776102971.2826793,98.28124141693115,IO -> PLC,8.21977
1776102971.2986789,98.29724097251892,IO -> PLC,11.17437
1776102971.3146782,98.31324028968811,IO -> PLC,13.93737
1776102971.3306775,98.3292396068573,IO -> PLC,17.04327
1776102971.3488095,98.34737157821655,IO -> PLC,1.33822
1776102971.3626773,98.36123943328857,IO -> PLC,4.86069
1776102971.3786767,98.37723875045776,IO -> PLC,9.26208
1776102971.3946762,98.39323830604553,IO -> PLC,12.82999
1776102971.4106755,98.40923762321472,IO -> PLC,16.07422
1776102971.427867,98.42642903327942,IO -> PLC,0.5293
1776102971.4426754,98.441237449646,IO -> PLC,6.34095
1776102971.4586747,98.45723676681519,IO -> PLC,7.30586
1776102971.4746742,98.47323632240295,IO -> PLC,10.34016
1776102971.4906735,98.48923563957214,IO -> PLC,13.15444
1776102971.506674,98.50523614883423,IO -> PLC,16.03808
1776102971.5238118,98.52237391471863,IO -> PLC,3.19086
1776102971.5386727,98.53723478317261,IO -> PLC,2.40224
1776102971.5546722,98.55323433876038,IO -> PLC,5.47365
1776102971.5706725,98.56923460960388,IO -> PLC,10.2405
1776102971.586672,98.58523416519165,IO -> PLC,13.18174
1776102971.6026714,98.60123348236084,IO -> PLC,15.95282
1776102971.6186707,98.61723279953003,IO -> PLC,1.46503
1776102971.6346703,98.6332323551178,IO -> PLC,6.35165
1776102971.6506705,98.6492326259613,IO -> PLC,7.25608
1776102971.66667,98.66523218154907,IO -> PLC,10.31604
1776102971.6826694,98.68123149871826,IO -> PLC,13.13137
1776102971.6986687,98.69723081588745,IO -> PLC,15.76532
1776102971.714668,98.71323013305664,IO -> PLC,3.52915
1776102971.7306685,98.72923064231873,IO -> PLC,3.90316
1776102971.7466679,98.74522995948792,IO -> PLC,6.9865
1776102971.7626674,98.76122951507568,IO -> PLC,9.83853
1776102971.7786667,98.77722883224487,IO -> PLC,12.59961
1776102971.7946672,98.79322934150696,IO -> PLC,15.6739
1776102971.8106666,98.80922865867615,IO -> PLC,5.94656
1776102971.8266659,98.82522797584534,IO -> PLC,4.1916
1776102971.8426654,98.8412275314331,IO -> PLC,6.65546
1776102971.8586648,98.8572268486023,IO -> PLC,9.4307
1776102971.8746653,98.87322735786438,IO -> PLC,12.3433
1776102971.8906646,98.88922667503357,IO -> PLC,15.44936
1776102971.906664,98.90522599220276,IO -> PLC,2.26491
1776102971.9226632,98.92122530937195,IO -> PLC,6.73078
1776102971.9386637,98.93722581863403,IO -> PLC,6.77213
1776102971.9546633,98.9532253742218,IO -> PLC,9.68138
1776102971.9706626,98.96922469139099,IO -> PLC,12.4935
1776102971.986662,98.98522400856018,IO -> PLC,15.21457
1776102972.0026612,99.00122332572937,IO -> PLC,17.9654
1776102972.0208027,99.01936483383179,IO -> PLC,1.04429
1776102972.034661,99.03322315216064,IO -> PLC,7.13634
1776102972.0506606,99.04922270774841,IO -> PLC,9.2121
1776102972.06666,99.0652220249176,IO -> PLC,12.06638
1776102972.0826592,99.08122134208679,IO -> PLC,14.9993
1776102972.0986598,99.09722185134888,IO -> PLC,15.98558
1776102972.114659,99.11322116851807,IO -> PLC,4.88619
1776102972.1306584,99.12922048568726,IO -> PLC,3.9923
1776102972.146658,99.14522004127502,IO -> PLC,6.93234
1776102972.1626585,99.16122055053711,IO -> PLC,9.7035
1776102972.1786578,99.1772198677063,IO -> PLC,12.67443
1776102972.194657,99.19321918487549,IO -> PLC,15.61767
1776102972.2106564,99.20921850204468,IO -> PLC,0.85419
1776102972.226656,99.22521805763245,IO -> PLC,5.45942
1776102972.2426562,99.24121832847595,IO -> PLC,6.82164
1776102972.2586558,99.25721788406372,IO -> PLC,9.67976
1776102972.274655,99.27321720123291,IO -> PLC,12.35979
1776102972.2906544,99.2892165184021,IO -> PLC,15.32968
1776102972.306654,99.30521607398987,IO -> PLC,4.0294
1776102972.3226542,99.32121634483337,IO -> PLC,3.76554
1776102972.3386536,99.33721566200256,IO -> PLC,6.60518
1776102972.3546531,99.35321521759033,IO -> PLC,9.4777
1776102972.3706524,99.36921453475952,IO -> PLC,12.1671
1776102972.386653,99.3852150440216,IO -> PLC,15.1697
1776102972.4026523,99.4012143611908,IO -> PLC,18.00118
1776102972.4217482,99.42031025886536,IO -> PLC,0.61635
1776102972.4346511,99.43321323394775,IO -> PLC,5.87493
1776102972.4506505,99.44921255111694,IO -> PLC,9.2266
1776102972.466651,99.46521306037903,IO -> PLC,11.88511
1776102972.4826503,99.48121237754822,IO -> PLC,14.61114
1776102972.4986496,99.49721169471741,IO -> PLC,17.40501
1776102972.517141,99.51570320129395,IO -> PLC,3.0987
1776102972.5306485,99.52921056747437,IO -> PLC,8.73173
1776102972.546649,99.54521107673645,IO -> PLC,11.85818
1776102972.5626483,99.56121039390564,IO -> PLC,15.02663
1776102972.5786476,99.57720971107483,IO -> PLC,17.883
1776102972.597619,99.5961811542511,IO -> PLC,2.86613
1776102972.6106474,99.6092095375061,IO -> PLC,5.71138
1776102972.6266468,99.6252088546753,IO -> PLC,8.62398
1776102972.6426463,99.64120841026306,IO -> PLC,11.73004
1776102972.6586456,99.65720772743225,IO -> PLC,14.68649
1776102972.6746452,99.67320728302002,IO -> PLC,17.46068
1776102972.6924026,99.6909646987915,IO -> PLC,1.31485
1776102972.7066448,99.70520687103271,IO -> PLC,6.47704
1776102972.7226443,99.72120642662048,IO -> PLC,8.61249
1776102972.7386436,99.73720574378967,IO -> PLC,11.76447
1776102972.7546442,99.75320625305176,IO -> PLC,14.52642
1776102972.7706435,99.76920557022095,IO -> PLC,17.37038
1776102972.7891023,99.78766441345215,IO -> PLC,0.98404
1776102972.8026423,99.8012044429779,IO -> PLC,5.28286
1776102972.8186417,99.8172037601471,IO -> PLC,9.98426
1776102972.8346422,99.83320426940918,IO -> PLC,12.98502
1776102972.8506415,99.84920358657837,IO -> PLC,15.75107
1776102972.8666408,99.86520290374756,IO -> PLC,1.37968
1776102972.8826404,99.88120245933533,IO -> PLC,6.18037
1776102972.8986397,99.89720177650452,IO -> PLC,6.32812
1776102972.91464,99.91320204734802,IO -> PLC,9.27746
1776102972.9306395,99.92920160293579,IO -> PLC,12.41839
1776102972.9466388,99.94520092010498,IO -> PLC,13.25426
1776102972.9626384,99.96120047569275,IO -> PLC,16.21062
1776102972.9799364,99.9784984588623,IO -> PLC,1.47143
1776102972.994638,99.99320006370544,IO -> PLC,4.00541
1776102973.0106375,100.00919961929321,IO -> PLC,6.98233
1776102973.0266368,100.0251989364624,IO -> PLC,9.43299
1776102973.0426362,100.04119825363159,IO -> PLC,12.66097
1776102973.0586367,100.05719876289368,IO -> PLC,15.55398
1776102973.074636,100.07319808006287,IO -> PLC,5.04421
1776102973.0906355,100.08919763565063,IO -> PLC,3.55333
1776102973.1066349,100.10519695281982,IO -> PLC,6.61258
1776102973.1226342,100.12119626998901,IO -> PLC,9.55279
1776102973.1386347,100.1371967792511,IO -> PLC,13.0007
1776102973.154634,100.15319609642029,IO -> PLC,15.90394
1776102973.1706336,100.16919565200806,IO -> PLC,0.99405
1776102973.1866329,100.18519496917725,IO -> PLC,6.26485
1776102973.2026331,100.20119524002075,IO -> PLC,6.61621
1776102973.2186327,100.21719479560852,IO -> PLC,9.51137
1776102973.234632,100.23319411277771,IO -> PLC,12.59502
1776102973.2506313,100.2491934299469,IO -> PLC,15.2637
1776102973.266631,100.26519298553467,IO -> PLC,18.1535
1776102973.2826312,100.28119325637817,IO -> PLC,1.96779
1776102973.2986307,100.29719281196594,IO -> PLC,6.87504
1776102973.31463,100.31319212913513,IO -> PLC,9.58597
1776102973.3306293,100.32919144630432,IO -> PLC,12.89979
1776102973.3466287,100.34519076347351,IO -> PLC,15.90551
1776102973.3626292,100.3611912727356,IO -> PLC,6.63396
1776102973.3786287,100.37719082832336,IO -> PLC,5.06204
1776102973.394628,100.39319014549255,IO -> PLC,8.32386
1776102973.4106274,100.40918946266174,IO -> PLC,12.0485
1776102973.4266279,100.42518997192383,IO -> PLC,14.9579
1776102973.4426272,100.44118928909302,IO -> PLC,4.81575
1776102973.4586265,100.4571886062622,IO -> PLC,3.68553
1776102973.474626,100.47318816184998,IO -> PLC,6.7055
1776102973.4906254,100.48918747901917,IO -> PLC,9.43777
1776102973.506626,100.50518798828125,IO -> PLC,12.48126
1776102973.5226252,100.52118730545044,IO -> PLC,15.10514
1776102973.5386245,100.53718662261963,IO -> PLC,17.88133
1776102973.55762,100.55618214607239,IO -> PLC,3.16199
1776102973.5706244,100.5691864490509,IO -> PLC,6.24142
1776102973.586624,100.58518600463867,IO -> PLC,9.01771
1776102973.6026232,100.60118532180786,IO -> PLC,11.80102
1776102973.6186225,100.61718463897705,IO -> PLC,14.82227
1776102973.634622,100.63318419456482,IO -> PLC,17.69271
1776102973.652325,100.65088701248169,IO -> PLC,1.09165
1776102973.6666217,100.66518378257751,IO -> PLC,6.69787
1776102973.6826212,100.68118333816528,IO -> PLC,8.18265
1776102973.6986206,100.69718265533447,IO -> PLC,10.86492
1776102973.7146199,100.71318197250366,IO -> PLC,13.67816
1776102973.7306204,100.72918248176575,IO -> PLC,16.79542
1776102973.7485063,100.74706840515137,IO -> PLC,2.96149
1776102973.7626193,100.7611813545227,IO -> PLC,4.44883
1776102973.7786186,100.7771806716919,IO -> PLC,7.26807
1776102973.794619,100.79318118095398,IO -> PLC,9.96763
1776102973.8106184,100.80918049812317,IO -> PLC,12.84119
1776102973.8266177,100.82517981529236,IO -> PLC,15.61946
1776102973.8426173,100.84117937088013,IO -> PLC,1.8053
1776102973.8586166,100.85717868804932,IO -> PLC,6.51512
1776102973.8746169,100.87317895889282,IO -> PLC,6.77128
1776102973.8906164,100.88917851448059,IO -> PLC,9.99805
1776102973.9066157,100.90517783164978,IO -> PLC,12.81121
1776102973.922615,100.92117714881897,IO -> PLC,15.74846
1776102973.9386146,100.93717670440674,IO -> PLC,5.05948
1776102973.9546149,100.95317697525024,IO -> PLC,3.60261
1776102973.9706144,100.96917653083801,IO -> PLC,6.58161
1776102973.9866138,100.9851758480072,IO -> PLC,9.35677
1776102974.002613,101.00117516517639,IO -> PLC,11.96928
1776102974.0186136,101.01717567443848,IO -> PLC,14.8634
1776102974.034613,101.03317499160767,IO -> PLC,17.91713
1776102974.0536156,101.0521776676178,IO -> PLC,2.65012
1776102974.0666118,101.06517386436462,IO -> PLC,5.93305
1776102974.082611,101.08117318153381,IO -> PLC,8.90998
1776102974.0986116,101.0971736907959,IO -> PLC,11.82554
1776102974.114611,101.11317300796509,IO -> PLC,14.8783
1776102974.1306105,101.12917256355286,IO -> PLC,17.98036
1776102974.1487842,101.14734625816345,IO -> PLC,2.18034
1776102974.16261,101.16117215156555,IO -> PLC,7.27025
1776102974.1786096,101.17717170715332,IO -> PLC,10.01381
1776102974.194609,101.19317102432251,IO -> PLC,12.93442
1776102974.2106085,101.20917057991028,IO -> PLC,15.69629
1776102974.2266078,101.22516989707947,IO -> PLC,6.777
1776102974.242608,101.24117016792297,IO -> PLC,4.80985
1776102974.2586076,101.25716972351074,IO -> PLC,6.6985
1776102974.274607,101.27316904067993,IO -> PLC,9.59062
1776102974.2906065,101.2891685962677,IO -> PLC,12.37801
1776102974.3066058,101.30516791343689,IO -> PLC,15.44918
1776102974.322606,101.3211681842804,IO -> PLC,4.8843
1776102974.3386056,101.33716773986816,IO -> PLC,3.75904
1776102974.354605,101.35316705703735,IO -> PLC,6.64404
1776102974.3706043,101.36916637420654,IO -> PLC,9.30055
1776102974.3866048,101.38516688346863,IO -> PLC,12.07779
1776102974.402604,101.40116620063782,IO -> PLC,14.86535
1776102974.4186037,101.41716575622559,IO -> PLC,17.58842
1776102974.4372745,101.43583655357361,IO -> PLC,2.50867
1776102974.4506023,101.44916439056396,IO -> PLC,5.82451
1776102974.4666028,101.46516489982605,IO -> PLC,8.44822
1776102974.4826021,101.48116421699524,IO -> PLC,11.47027
1776102974.4986017,101.49716377258301,IO -> PLC,14.51471
1776102974.514601,101.5131630897522,IO -> PLC,17.05667
1776102974.534064,101.53262615203857,IO -> PLC,1.93968
1776102974.5466008,101.54516291618347,IO -> PLC,6.68657
1776102974.5626001,101.56116223335266,IO -> PLC,9.39316
1776102974.5785995,101.57716155052185,IO -> PLC,12.41002
1776102974.594599,101.59316110610962,IO -> PLC,15.51807
1776102974.6105993,101.60916137695312,IO -> PLC,2.10633
1776102974.6265988,101.6251609325409,IO -> PLC,6.64604
1776102974.6425982,101.64116024971008,IO -> PLC,6.76509
1776102974.6585975,101.65715956687927,IO -> PLC,9.57216
1776102974.6745968,101.67315888404846,IO -> PLC,12.19587
1776102974.6905973,101.68915939331055,IO -> PLC,15.56713
1776102974.7065969,101.70515894889832,IO -> PLC,4.76655
1776102974.7225962,101.7211582660675,IO -> PLC,3.57473
1776102974.7385955,101.7371575832367,IO -> PLC,6.56318
1776102974.7545948,101.75315690040588,IO -> PLC,9.48586
1776102974.7705953,101.76915740966797,IO -> PLC,12.19757
1776102974.7865946,101.78515672683716,IO -> PLC,15.26787
1776102974.8025942,101.80115628242493,IO -> PLC,17.97838
1776102974.8216603,101.8202223777771,IO -> PLC,2.72069
1776102974.834594,101.8331561088562,IO -> PLC,5.89005
1776102974.8505933,101.84915542602539,IO -> PLC,9.26348
1776102974.8665926,101.86515474319458,IO -> PLC,11.93215
1776102974.882592,101.88115406036377,IO -> PLC,14.77811
1776102974.8985915,101.89715361595154,IO -> PLC,17.60543
1776102974.9305913,101.92915344238281,IO -> PLC,5.54878
1776102974.9465907,101.945152759552,IO -> PLC,10.20938
1776102974.96259,101.96115207672119,IO -> PLC,13.0491
1776102974.9785905,101.97715258598328,IO -> PLC,16.05172
1776102974.995442,101.99400401115417,IO -> PLC,0.40674
1776102975.0105894,102.00915145874023,IO -> PLC,5.7417
1776102975.0265887,102.02515077590942,IO -> PLC,6.65453
1776102975.042588,102.04115009307861,IO -> PLC,9.82708
1776102975.0585885,102.0571506023407,IO -> PLC,12.66792
1776102975.0745878,102.07314991950989,IO -> PLC,15.37259
1776102975.0905874,102.08914947509766,IO -> PLC,3.12298
1776102975.1065867,102.10514879226685,IO -> PLC,3.92093
1776102975.122586,102.12114810943604,IO -> PLC,6.69617
1776102975.1385865,102.13714861869812,IO -> PLC,10.04607
1776102975.1545858,102.15314793586731,IO -> PLC,12.92763
1776102975.1705852,102.1691472530365,IO -> PLC,15.786
1776102975.1865847,102.18514680862427,IO -> PLC,5.59992
1776102975.202585,102.20114707946777,IO -> PLC,3.82951
1776102975.2185845,102.21714663505554,IO -> PLC,6.28441
1776102975.2345839,102.23314595222473,IO -> PLC,9.61968
1776102975.2505832,102.24914526939392,IO -> PLC,12.437
1776102975.2665827,102.26514482498169,IO -> PLC,15.08327
1776102975.282583,102.2811450958252,IO -> PLC,17.50929
1776102975.2985826,102.29714465141296,IO -> PLC,1.13198
1776102975.3145819,102.31314396858215,IO -> PLC,5.82314
1776102975.3305812,102.32914328575134,IO -> PLC,7.97283
1776102975.3465807,102.34514284133911,IO -> PLC,10.98455
1776102975.362581,102.36114311218262,IO -> PLC,14.17358
1776102975.3785803,102.3771424293518,IO -> PLC,14.9428
1776102975.39458,102.39314198493958,IO -> PLC,18.00373
1776102975.412859,102.41142106056213,IO -> PLC,0.81828
1776102975.4265797,102.42514181137085,IO -> PLC,6.77424
1776102975.442579,102.44114112854004,IO -> PLC,8.71928
1776102975.4585783,102.45714044570923,IO -> PLC,12.60665
1776102975.474578,102.473140001297,IO -> PLC,15.67277
1776102975.4905772,102.48913931846619,IO -> PLC,6.94893
1776102975.5065777,102.50513982772827,IO -> PLC,4.98395
1776102975.522577,102.52113914489746,IO -> PLC,8.26321
1776102975.5385764,102.53713846206665,IO -> PLC,11.3855
1776102975.554576,102.55313801765442,IO -> PLC,14.21819
1776102975.5705752,102.56913733482361,IO -> PLC,17.16647
1776102975.5886693,102.58723139762878,IO -> PLC,0.17025
1776102975.602575,102.60113716125488,IO -> PLC,7.14127
1776102975.6185744,102.61713647842407,IO -> PLC,8.39596
1776102975.634574,102.63313603401184,IO -> PLC,11.31681
1776102975.6505742,102.64913630485535,IO -> PLC,14.15941
1776102975.6665738,102.66513586044312,IO -> PLC,16.99424
1776102975.6846676,102.68322968482971,IO -> PLC,2.66364
1776102975.6985724,102.6971344947815,IO -> PLC,4.97128
1776102975.714572,102.71313405036926,IO -> PLC,7.7066
1776102975.7305722,102.72913432121277,IO -> PLC,10.56896
1776102975.7465715,102.74513363838196,IO -> PLC,13.81526
1776102975.762571,102.76113319396973,IO -> PLC,16.65914
1776102975.7793446,102.77790665626526,IO -> PLC,0.97508
1776102975.794571,102.793133020401,IO -> PLC,6.02967
1776102975.8105702,102.80913233757019,IO -> PLC,7.49957
1776102975.8265696,102.82513165473938,IO -> PLC,10.46426
1776102975.842569,102.84113121032715,IO -> PLC,13.66032
1776102975.8585684,102.85713052749634,IO -> PLC,16.53388
1776102975.8764756,102.8750376701355,IO -> PLC,1.71736
1776102975.8905683,102.88913035392761,IO -> PLC,4.98814
1776102975.9065676,102.9051296710968,IO -> PLC,7.84546
1776102975.9225671,102.92112922668457,IO -> PLC,10.52853
1776102975.9385664,102.93712854385376,IO -> PLC,13.6969
1776102975.954567,102.95312905311584,IO -> PLC,16.28069
1776102975.97194,102.97050213813782,IO -> PLC,5.43969
1776102975.9865656,102.98512768745422,IO -> PLC,5.20281
1776102976.002565,103.00112700462341,IO -> PLC,7.15808
1776102976.0185654,103.0171275138855,IO -> PLC,9.97125
1776102976.0345647,103.03312683105469,IO -> PLC,13.1037
1776102976.0505643,103.04912638664246,IO -> PLC,15.87694
1776102976.0665636,103.06512570381165,IO -> PLC,2.10486
1776102976.082563,103.08112502098083,IO -> PLC,6.88923
1776102976.0985634,103.09712553024292,IO -> PLC,6.46352
1776102976.1145627,103.11312484741211,IO -> PLC,10.17152
1776102976.1305623,103.12912440299988,IO -> PLC,13.93096
1776102976.1465616,103.14512372016907,IO -> PLC,16.91405
1776102976.1645722,103.16313433647156,IO -> PLC,3.32304
1776102976.1785614,103.17712354660034,IO -> PLC,4.8902
1776102976.1945608,103.19312286376953,IO -> PLC,8.42531
1776102976.21056,103.20912218093872,IO -> PLC,11.33464
1776102976.2265596,103.22512173652649,IO -> PLC,13.95427
1776102976.2425601,103.24112224578857,IO -> PLC,17.32641
1776102976.2603514,103.25891351699829,IO -> PLC,0.63082
1776102976.2745588,103.27312088012695,IO -> PLC,6.44015
1776102976.290558,103.28912019729614,IO -> PLC,7.8506
1776102976.3065577,103.30511975288391,IO -> PLC,10.86848
1776102976.322558,103.32112002372742,IO -> PLC,13.74724
1776102976.3385575,103.33711957931519,IO -> PLC,16.86946
1776102976.356537,103.35509920120239,IO -> PLC,2.47716
1776102976.370556,103.36911821365356,IO -> PLC,4.78313
1776102976.3865566,103.38511872291565,IO -> PLC,7.90774
1776102976.402556,103.40111804008484,IO -> PLC,10.65106
1776102976.4185553,103.41711735725403,IO -> PLC,13.54927
1776102976.4345548,103.4331169128418,IO -> PLC,16.64395
1776102976.4522977,103.45085978507996,IO -> PLC,5.52754
1776102976.4665546,103.46511673927307,IO -> PLC,5.36023
1776102976.482554,103.48111605644226,IO -> PLC,7.40255
1776102976.4985533,103.49711537361145,IO -> PLC,10.24739
1776102976.5145528,103.51311492919922,IO -> PLC,13.33705
1776102976.5305521,103.52911424636841,IO -> PLC,1.73883
1776102976.5465527,103.5451147556305,IO -> PLC,5.789
1776102976.562552,103.56111407279968,IO -> PLC,7.45538
1776102976.5785513,103.57711338996887,IO -> PLC,10.20711
1776102976.5945508,103.59311294555664,IO -> PLC,13.15027
1776102976.610551,103.60911321640015,IO -> PLC,16.02991
1776102976.6276922,103.62625432014465,IO -> PLC,2.81589
1776102976.64255,103.6411120891571,IO -> PLC,2.23735
1776102976.6585493,103.6571114063263,IO -> PLC,6.99315
1776102976.6745489,103.67311096191406,IO -> PLC,9.70815
1776102976.6905491,103.68911123275757,IO -> PLC,12.52946
1776102976.7065485,103.70511054992676,IO -> PLC,15.61816
1776102976.722548,103.72111010551453,IO -> PLC,7.19657
1776102976.7385473,103.73710942268372,IO -> PLC,5.39023
1776102976.7545466,103.7531087398529,IO -> PLC,7.20286
1776102976.7705472,103.76910924911499,IO -> PLC,10.01611
1776102976.7865465,103.78510856628418,IO -> PLC,12.7463
1776102976.802546,103.80110812187195,IO -> PLC,15.38225
1776102976.8185453,103.81710743904114,IO -> PLC,18.05924
1776102976.8345456,103.83310770988464,IO -> PLC,0.92102
1776102976.8505452,103.84910726547241,IO -> PLC,6.15701
1776102976.8665445,103.8651065826416,IO -> PLC,8.87304
1776102976.882544,103.88110613822937,IO -> PLC,11.80604
1776102976.8985434,103.89710545539856,IO -> PLC,14.90802
1776102976.9145436,103.91310572624207,IO -> PLC,17.6975
1776102976.9333534,103.9319155216217,IO -> PLC,0.16776
1776102976.9465425,103.94510459899902,IO -> PLC,5.90902
1776102976.962542,103.96110415458679,IO -> PLC,8.6393
1776102976.9785423,103.9771044254303,IO -> PLC,11.41765
1776102976.9945416,103.99310374259949,IO -> PLC,14.25649
1776102977.0105412,104.00910329818726,IO -> PLC,18.70596
1776102977.0303416,104.02890372276306,IO -> PLC,1.97217
1776102977.0425398,104.04110193252563,IO -> PLC,7.22583
1776102977.0585403,104.05710244178772,IO -> PLC,10.10859
1776102977.0745397,104.07310175895691,IO -> PLC,12.58269
1776102977.0905392,104.08910131454468,IO -> PLC,15.5741
1776102977.1065385,104.10510063171387,IO -> PLC,4.27502
1776102977.1225379,104.12109994888306,IO -> PLC,3.87875
1776102977.1385384,104.13710045814514,IO -> PLC,7.1088
1776102977.1545377,104.15309977531433,IO -> PLC,10.06421
1776102977.1705372,104.1690993309021,IO -> PLC,12.99314
1776102977.1865366,104.18509864807129,IO -> PLC,15.81949
1776102977.2025368,104.2010989189148,IO -> PLC,1.35602
1776102977.2185364,104.21709847450256,IO -> PLC,6.2644
1776102977.2345357,104.23309779167175,IO -> PLC,6.54945
1776102977.2505352,104.24909734725952,IO -> PLC,9.85094
1776102977.2665346,104.26509666442871,IO -> PLC,12.48393
1776102977.2825348,104.28109693527222,IO -> PLC,15.01333
1776102977.2985344,104.29709649085999,IO -> PLC,18.04985
1776102977.330533,104.32909512519836,IO -> PLC,5.99608
1776102977.3465326,104.34509468078613,IO -> PLC,9.11758
1776102977.3625329,104.36109495162964,IO -> PLC,12.06482
1776102977.3785324,104.37709450721741,IO -> PLC,14.95886
1776102977.3945317,104.3930938243866,IO -> PLC,17.96859
1776102977.413594,104.4121561050415,IO -> PLC,2.48619
1776102977.4265316,104.42509365081787,IO -> PLC,5.78194
1776102977.4425309,104.44109296798706,IO -> PLC,8.87367
1776102977.4585304,104.45709252357483,IO -> PLC,11.50643
1776102977.4745297,104.47309184074402,IO -> PLC,14.61144
1776102977.490529,104.48909115791321,IO -> PLC,17.32531
1776102977.5087144,104.50727653503418,IO -> PLC,0.23465
1776102977.522529,104.52109098434448,IO -> PLC,6.64369
1776102977.5385282,104.53709030151367,IO -> PLC,8.51393
1776102977.5545278,104.55308985710144,IO -> PLC,11.30452
1776102977.570527,104.56908917427063,IO -> PLC,14.2416
1776102977.5865276,104.58508968353271,IO -> PLC,16.79044
1776102977.6044166,104.60297870635986,IO -> PLC,2.23538
1776102977.6185262,104.6170883178711,IO -> PLC,4.79523
1776102977.6345255,104.63308763504028,IO -> PLC,7.61454
1776102977.650526,104.64908814430237,IO -> PLC,9.23878
1776102977.6665256,104.66508769989014,IO -> PLC,12.06721
1776102977.682525,104.68108701705933,IO -> PLC,14.63972
1776102977.6985242,104.69708633422852,IO -> PLC,17.35871
1776102977.7169838,104.71554589271545,IO -> PLC,2.6798
1776102977.730524,104.72908616065979,IO -> PLC,5.18638
1776102977.7465234,104.74508547782898,IO -> PLC,8.4142
1776102977.762523,104.76108503341675,IO -> PLC,11.24064
1776102977.7785223,104.77708435058594,IO -> PLC,13.9442
1776102977.7945228,104.79308485984802,IO -> PLC,17.00833
1776102977.8117807,104.81034278869629,IO -> PLC,0.84068
1776102977.8265214,104.8250834941864,IO -> PLC,5.58018
1776102977.8425207,104.84108281135559,IO -> PLC,7.87525
1776102977.8585203,104.85708236694336,IO -> PLC,10.73752
1776102977.8745208,104.87308287620544,IO -> PLC,13.43492
1776102977.89052,104.88908219337463,IO -> PLC,16.59849
1776102977.908211,104.90677309036255,IO -> PLC,2.21074
1776102977.9225187,104.92108082771301,IO -> PLC,5.04027
1776102977.9385183,104.93708038330078,IO -> PLC,8.00207
1776102977.9545186,104.95308065414429,IO -> PLC,11.0322
1776102977.970518,104.96908020973206,IO -> PLC,13.8392
1776102977.9865174,104.98507952690125,IO -> PLC,16.55308
1776102978.0041652,105.00272727012634,IO -> PLC,4.37147
1776102978.0185173,105.01707935333252,IO -> PLC,4.36922
1776102978.0345166,105.03307867050171,IO -> PLC,7.1939
1776102978.0505161,105.04907822608948,IO -> PLC,10.3358
1776102978.0665154,105.06507754325867,IO -> PLC,13.14263
1776102978.0825148,105.08107686042786,IO -> PLC,15.92708
1776102978.0985153,105.09707736968994,IO -> PLC,1.85283
1776102978.1145146,105.11307668685913,IO -> PLC,6.70983
1776102978.130514,105.12907600402832,IO -> PLC,6.79735
1776102978.1465135,105.14507555961609,IO -> PLC,9.77732
1776102978.1625128,105.16107487678528,IO -> PLC,12.52991
1776102978.1785133,105.17707538604736,IO -> PLC,15.6166
1776102978.1945126,105.19307470321655,IO -> PLC,4.3072
1776102978.210512,105.20907402038574,IO -> PLC,3.40627
1776102978.2265115,105.22507357597351,IO -> PLC,7.23212
1776102978.2425117,105.24107384681702,IO -> PLC,9.72286
1776102978.2585113,105.25707340240479,IO -> PLC,12.40785
1776102978.2745106,105.27307271957397,IO -> PLC,15.33766
1776102978.29051,105.28907203674316,IO -> PLC,17.92569
1776102978.3101459,105.30870795249939,IO -> PLC,2.26202
1776102978.3225098,105.32107186317444,IO -> PLC,6.3737
1776102978.338509,105.33707118034363,IO -> PLC,9.38551
1776102978.3545086,105.3530707359314,IO -> PLC,12.28891
1776102978.370508,105.36907005310059,IO -> PLC,15.29256
1776102978.3865075,105.38506960868835,IO -> PLC,18.07891
1776102978.4025078,105.40106987953186,IO -> PLC,1.99146
1776102978.418507,105.41706919670105,IO -> PLC,6.86591
1776102978.4345067,105.43306875228882,IO -> PLC,9.25017
1776102978.450506,105.44906806945801,IO -> PLC,12.24469
1776102978.4665065,105.46506857872009,IO -> PLC,15.1213
1776102978.4825058,105.48106789588928,IO -> PLC,17.88822
1776102978.501493,105.50005507469177,IO -> PLC,1.5143
1776102978.5145047,105.51306676864624,IO -> PLC,5.89814
1776102978.530504,105.52906608581543,IO -> PLC,11.99328
1776102978.5465045,105.54506659507751,IO -> PLC,15.51719
1776102978.5625038,105.5610659122467,IO -> PLC,6.54565
1776102978.5785031,105.5770652294159,IO -> PLC,4.74549
1776102978.5945027,105.59306478500366,IO -> PLC,6.45587
1776102978.610503,105.60906505584717,IO -> PLC,9.25063
1776102978.6265025,105.62506461143494,IO -> PLC,14.0954
1776102978.6425018,105.64106392860413,IO -> PLC,17.40003
1776102978.6609998,105.6595618724823,IO -> PLC,0.12064
1776102978.6745007,105.67306280136108,IO -> PLC,5.35874
1776102978.690501,105.68906307220459,IO -> PLC,8.61839
1776102978.7065003,105.70506238937378,IO -> PLC,11.35876
1776102978.7224998,105.72106194496155,IO -> PLC,14.20575
1776102978.7384992,105.73706126213074,IO -> PLC,17.18172
1776102978.7567859,105.75534796714783,IO -> PLC,3.14174
1776102978.770499,105.76906108856201,IO -> PLC,5.11379
1776102978.7864983,105.7850604057312,IO -> PLC,8.08456
1776102978.8024979,105.80105996131897,IO -> PLC,10.77395
1776102978.8184972,105.81705927848816,IO -> PLC,13.57886
1776102978.8344977,105.83305978775024,IO -> PLC,16.69293
1776102978.8515377,105.85009980201721,IO -> PLC,0.74459
1776102978.8664963,105.86505842208862,IO -> PLC,5.68888
1776102978.8824959,105.88105797767639,IO -> PLC,7.4136
1776102978.8984952,105.89705729484558,IO -> PLC,11.33472
1776102978.9144957,105.91305780410767,IO -> PLC,14.38141
1776102978.930495,105.92905712127686,IO -> PLC,17.4229
1776102978.9490094,105.94757151603699,IO -> PLC,1.10189
1776102978.9624937,105.96105575561523,IO -> PLC,5.49626
1776102978.9784942,105.97705626487732,IO -> PLC,8.40782
1776102978.9944935,105.99305558204651,IO -> PLC,11.94165
1776102979.010493,106.00905513763428,IO -> PLC,14.85634
1776102979.0264924,106.02505445480347,IO -> PLC,18.07904
1776102979.0456579,106.04421997070312,IO -> PLC,2.31818
1776102979.0584922,106.05705428123474,IO -> PLC,6.03759
1776102979.0744915,106.07305359840393,IO -> PLC,8.74227
1776102979.090491,106.0890531539917,IO -> PLC,11.54318
1776102979.1064904,106.10505247116089,IO -> PLC,14.90205
1776102979.1224897,106.12105178833008,IO -> PLC,17.63128
1776102979.1544895,106.15305161476135,IO -> PLC,7.12279
1776102979.1704888,106.16905093193054,IO -> PLC,9.22439
1776102979.1864884,106.18505048751831,IO -> PLC,11.97594
1776102979.2024887,106.20105075836182,IO -> PLC,14.70103
1776102979.2184882,106.21705031394958,IO -> PLC,17.56762
1776102979.237182,106.2357439994812,IO -> PLC,2.46491
1776102979.2504869,106.24904894828796,IO -> PLC,6.00332
1776102979.2664864,106.26504850387573,IO -> PLC,8.68136
1776102979.2824867,106.28104877471924,IO -> PLC,11.54467
1776102979.2984862,106.297048330307,IO -> PLC,14.576
1776102979.3144855,106.3130476474762,IO -> PLC,17.22324
1776102979.3318233,106.33038544654846,IO -> PLC,0.98309
1776102979.3464842,106.34504628181458,IO -> PLC,5.96318
1776102979.3624847,106.36104679107666,IO -> PLC,6.23366
1776102979.378484,106.37704610824585,IO -> PLC,10.71507
1776102979.3944836,106.39304566383362,IO -> PLC,13.57734
1776102979.410483,106.40904498100281,IO -> PLC,16.75796
1776102979.428345,106.42690706253052,IO -> PLC,2.30906
1776102979.4424827,106.44104480743408,IO -> PLC,4.94405
1776102979.458482,106.45704412460327,IO -> PLC,7.97721
1776102979.4744816,106.47304368019104,IO -> PLC,9.13573
1776102979.490481,106.48904299736023,IO -> PLC,11.71321
1776102979.5064814,106.50504350662231,IO -> PLC,14.25499
1776102979.5224807,106.5210428237915,IO -> PLC,17.12967
1776102979.5407062,106.53926825523376,IO -> PLC,3.8021
1776102979.5544796,106.55304169654846,IO -> PLC,5.32688
1776102979.5704799,106.56904196739197,IO -> PLC,8.39005
1776102979.5864792,106.58504128456116,IO -> PLC,11.11504
1776102979.6024787,106.60104084014893,IO -> PLC,13.79907
1776102979.618478,106.61704015731812,IO -> PLC,16.86009
1776102979.6364555,106.63501763343811,IO -> PLC,0.42994
1776102979.650478,106.64903998374939,IO -> PLC,7.18307
1776102979.6664772,106.66503930091858,IO -> PLC,7.63996
1776102979.6824768,106.68103885650635,IO -> PLC,10.53401
1776102979.698476,106.69703817367554,IO -> PLC,14.43169
1776102979.7144754,106.71303749084473,IO -> PLC,17.61862
1776102979.733197,106.7317590713501,IO -> PLC,2.00386
1776102979.7464752,106.745037317276,IO -> PLC,5.97048
1776102979.7624748,106.76103687286377,IO -> PLC,9.02949
1776102979.778474,106.77703619003296,IO -> PLC,11.70648
1776102979.7944744,106.79303646087646,IO -> PLC,14.5042
1776102979.810474,106.80903601646423,IO -> PLC,17.3552
1776102979.8264732,106.82503533363342,IO -> PLC,1.10669
1776102979.8424728,106.84103488922119,IO -> PLC,6.05306
1776102979.858472,106.85703420639038,IO -> PLC,8.32149
1776102979.8744724,106.87303447723389,IO -> PLC,11.23009
1776102979.890472,106.88903403282166,IO -> PLC,14.15269
1776102979.9064713,106.90503334999084,IO -> PLC,17.08145
1776102979.9247622,106.92332434654236,IO -> PLC,3.93538
1776102979.9384701,106.9370322227478,IO -> PLC,5.27666
1776102979.9544704,106.95303249359131,IO -> PLC,8.08069
1776102979.97047,106.96903204917908,IO -> PLC,11.06378
1776102979.9864693,106.98503136634827,IO -> PLC,13.84118
1776102980.0024686,107.00103068351746,IO -> PLC,16.77315
1776102980.020448,107.01901006698608,IO -> PLC,0.46682
1776102980.0344684,107.03303050994873,IO -> PLC,4.61394
1776102980.050468,107.0490300655365,IO -> PLC,8.02296
1776102980.0664673,107.06502938270569,IO -> PLC,11.18541
1776102980.0824666,107.08102869987488,IO -> PLC,13.72424
1776102980.098467,107.09702920913696,IO -> PLC,16.57421
1776102980.1161442,107.11470627784729,IO -> PLC,3.90433
1776102980.130466,107.12902808189392,IO -> PLC,4.5686
1776102980.1464653,107.14502739906311,IO -> PLC,7.69089
1776102980.1624646,107.1610267162323,IO -> PLC,10.40085
1776102980.1784651,107.17702722549438,IO -> PLC,13.44025
1776102980.1944644,107.19302654266357,IO -> PLC,16.60775
1776102980.21175,107.21031212806702,IO -> PLC,0.41682
1776102980.2264633,107.22502541542053,IO -> PLC,5.85348
1776102980.2424636,107.24102568626404,IO -> PLC,7.69476
1776102980.2584631,107.2570252418518,IO -> PLC,10.38815
1776102980.2744625,107.273024559021,IO -> PLC,13.2822
1776102980.2904618,107.28902387619019,IO -> PLC,16.11295
1776102980.308035,107.30659699440002,IO -> PLC,3.02398
1776102980.3224616,107.32102370262146,IO -> PLC,4.83538
1776102980.3384612,107.33702325820923,IO -> PLC,7.68743
1776102980.3544605,107.35302257537842,IO -> PLC,10.60507
1776102980.3704598,107.36902189254761,IO -> PLC,13.49087
1776102980.386459,107.3850212097168,IO -> PLC,15.98249
1776102980.4024596,107.40102171897888,IO -> PLC,6.87991
1776102980.4184592,107.41702127456665,IO -> PLC,4.87893
1776102980.4344585,107.43302059173584,IO -> PLC,6.781
1776102980.4504578,107.44901990890503,IO -> PLC,10.93039
1776102980.4664583,107.46502041816711,IO -> PLC,13.71483
1776102980.4824576,107.4810197353363,IO -> PLC,16.5383
1776102980.5000844,107.49864649772644,IO -> PLC,0.71364
1776102980.5144565,107.51301860809326,IO -> PLC,6.79057
1776102980.5304558,107.52901792526245,IO -> PLC,10.55833
1776102980.5464563,107.54501843452454,IO -> PLC,13.8139
1776102980.5624557,107.56101775169373,IO -> PLC,16.6997
1776102980.580251,107.57881307601929,IO -> PLC,1.14693
1776102980.5944543,107.5930163860321,IO -> PLC,4.59602
1776102980.6104548,107.60901689529419,IO -> PLC,7.35165
1776102980.6264544,107.62501645088196,IO -> PLC,10.43426
1776102980.6424537,107.64101576805115,IO -> PLC,13.73785
1776102980.658453,107.65701508522034,IO -> PLC,16.4558
1776102980.6760046,107.67456674575806,IO -> PLC,4.50557
1776102980.6904528,107.68901491165161,IO -> PLC,5.07287
1776102980.7064521,107.7050142288208,IO -> PLC,7.75602
1776102980.7224517,107.72101378440857,IO -> PLC,10.60582
1776102980.738451,107.73701310157776,IO -> PLC,13.90148
1776102980.7544503,107.75301241874695,IO -> PLC,16.55791
1776102980.772105,107.77066707611084,IO -> PLC,0.4013
1776102980.7864501,107.78501224517822,IO -> PLC,7.11746
1776102980.8024495,107.80101156234741,IO -> PLC,7.65331
1776102980.818449,107.81701111793518,IO -> PLC,10.23511
1776102980.8344495,107.83301162719727,IO -> PLC,13.40244
1776102980.8504488,107.84901094436646,IO -> PLC,16.21872
1776102980.8677692,107.86633133888245,IO -> PLC,3.49072
1776102980.8824475,107.88100957870483,IO -> PLC,4.21736
1776102980.898447,107.8970091342926,IO -> PLC,8.75179
1776102980.9144473,107.91300940513611,IO -> PLC,11.78304
1776102980.9304469,107.92900896072388,IO -> PLC,14.74269
1776102980.9464462,107.94500827789307,IO -> PLC,17.7821
1776102980.9624455,107.96100759506226,IO -> PLC,1.20517
1776102980.978445,107.97700715065002,IO -> PLC,6.07154
1776102980.9944453,107.99300742149353,IO -> PLC,8.56325
1776102981.0104446,108.00900673866272,IO -> PLC,11.37937
1776102981.0264442,108.02500629425049,IO -> PLC,12.13219
1776102981.0424435,108.04100561141968,IO -> PLC,15.27304
1776102981.058444,108.05700612068176,IO -> PLC,18.17325
1776102981.077251,108.07581305503845,IO -> PLC,0.46618
1776102981.0904427,108.08900475502014,IO -> PLC,6.16356
1776102981.1064422,108.10500431060791,IO -> PLC,9.31467
1776102981.1224415,108.1210036277771,IO -> PLC,12.24343
1776102981.138442,108.13700413703918,IO -> PLC,15.31364
1776102981.1544414,108.15300345420837,IO -> PLC,18.13095
1776102981.173657,108.17221903800964,IO -> PLC,2.20762
1776102981.1864402,108.18500232696533,IO -> PLC,5.87974
1776102981.2024405,108.20100259780884,IO -> PLC,10.67435
1776102981.2184398,108.21700191497803,IO -> PLC,13.59704
1776102981.2344394,108.2330014705658,IO -> PLC,16.94878
1776102981.2524776,108.25103974342346,IO -> PLC,1.08949
1776102981.2664382,108.26500034332275,IO -> PLC,4.88085
1776102981.2824385,108.28100061416626,IO -> PLC,7.49328
1776102981.2984378,108.29699993133545,IO -> PLC,10.47861
1776102981.3144374,108.31299948692322,IO -> PLC,13.44729
1776102981.3304367,108.32899880409241,IO -> PLC,16.28909
1776102981.3480294,108.34659147262573,IO -> PLC,3.99258
1776102981.3624365,108.36099863052368,IO -> PLC,4.44438
1776102981.3784359,108.37699794769287,IO -> PLC,7.16433
1776102981.3944354,108.39299750328064,IO -> PLC,9.97028
1776102981.4104347,108.40899682044983,IO -> PLC,12.78153
1776102981.426435,108.42499709129333,IO -> PLC,15.74421
1776102981.4424345,108.4409966468811,IO -> PLC,1.38099
1776102981.4584339,108.4569959640503,IO -> PLC,5.90439
1776102981.4744334,108.47299551963806,IO -> PLC,7.37613
1776102981.4904327,108.48899483680725,IO -> PLC,10.19936
1776102981.506433,108.50499510765076,IO -> PLC,13.02692
1776102981.5224326,108.52099466323853,IO -> PLC,15.76744
1776102981.538432,108.53699398040771,IO -> PLC,3.96129
1776102981.5544314,108.55299353599548,IO -> PLC,3.984
1776102981.5704308,108.56899285316467,IO -> PLC,7.07069
1776102981.586431,108.58499312400818,IO -> PLC,9.83266
1776102981.6024306,108.60099267959595,IO -> PLC,10.89261
1776102981.61843,108.61699199676514,IO -> PLC,13.68929
1776102981.6344292,108.63299131393433,IO -> PLC,16.40109
1776102981.652049,108.65061116218567,IO -> PLC,2.91005
1776102981.666429,108.6649911403656,IO -> PLC,4.31876
1776102981.6824286,108.68099069595337,IO -> PLC,7.05823
1776102981.698428,108.69699001312256,IO -> PLC,10.54727
1776102981.7144272,108.71298933029175,IO -> PLC,13.82636
1776102981.7304277,108.72898983955383,IO -> PLC,16.78793
1776102981.7484088,108.74697089195251,IO -> PLC,5.03519
1776102981.7624266,108.76098871231079,IO -> PLC,5.25547
1776102981.778426,108.77698802947998,IO -> PLC,9.72038
1776102981.7944252,108.79298734664917,IO -> PLC,12.53666
1776102981.8104258,108.80898785591125,IO -> PLC,15.38358
1776102981.826425,108.82498717308044,IO -> PLC,4.73789
1776102981.8424246,108.84098672866821,IO -> PLC,3.91048
1776102981.858424,108.8569860458374,IO -> PLC,6.91924
1776102981.8744242,108.87298631668091,IO -> PLC,9.51128
1776102981.8904238,108.88898587226868,IO -> PLC,12.81398
1776102981.906423,108.90498518943787,IO -> PLC,15.66194
1776102981.9224224,108.92098450660706,IO -> PLC,1.27439
1776102981.938422,108.93698406219482,IO -> PLC,6.27158
1776102981.9544222,108.95298433303833,IO -> PLC,6.79311
1776102981.9704218,108.9689838886261,IO -> PLC,9.55818
1776102981.986421,108.98498320579529,IO -> PLC,12.34255
1776102982.0024204,109.00098252296448,IO -> PLC,15.16914
1776102982.018421,109.01698303222656,IO -> PLC,18.27311
1776102982.0344203,109.03298234939575,IO -> PLC,2.15373
1776102982.0504198,109.04898190498352,IO -> PLC,6.8521
1776102982.0664191,109.06498122215271,IO -> PLC,9.29788
1776102982.0824184,109.0809805393219,IO -> PLC,12.17448
1776102982.098419,109.09698104858398,IO -> PLC,14.86268
1776102982.1144183,109.11298036575317,IO -> PLC,17.79248
1776102982.1333117,109.13187384605408,IO -> PLC,2.53332
1776102982.1464171,109.14497923851013,IO -> PLC,5.97848
1776102982.1624165,109.16097855567932,IO -> PLC,8.81205
1776102982.178417,109.1769790649414,IO -> PLC,9.60999
1776102982.1944163,109.1929783821106,IO -> PLC,12.39354
1776102982.2104156,109.20897769927979,IO -> PLC,15.12462
1776102982.226415,109.22497701644897,IO -> PLC,18.53181
1776102982.2460394,109.2446014881134,IO -> PLC,2.56308
1776102982.258415,109.25697708129883,IO -> PLC,6.40131
1776102982.2744143,109.27297639846802,IO -> PLC,9.16936
1776102982.2904136,109.2889757156372,IO -> PLC,11.72138
1776102982.306413,109.3049750328064,IO -> PLC,14.8736
1776102982.3224134,109.32097554206848,IO -> PLC,17.63651
1776102982.3411353,109.33969736099243,IO -> PLC,0.75459
1776102982.3544123,109.35297441482544,IO -> PLC,5.95356
1776102982.3704116,109.36897373199463,IO -> PLC,8.85696
1776102982.386411,109.38497304916382,IO -> PLC,11.53084
1776102982.4024115,109.4009735584259,IO -> PLC,14.45353
1776102982.4184108,109.41697287559509,IO -> PLC,17.155
1776102982.4366584,109.43522047996521,IO -> PLC,3.47351
1776102982.4504097,109.44897174835205,IO -> PLC,5.45037
1776102982.4664102,109.46497225761414,IO -> PLC,8.39473
1776102982.4824095,109.48097157478333,IO -> PLC,11.29797
1776102982.4984088,109.49697089195251,IO -> PLC,14.26274
1776102982.514408,109.5129702091217,IO -> PLC,16.95502
1776102982.535196,109.53375816345215,IO -> PLC,1.97033
1776102982.546408,109.54497003555298,IO -> PLC,10.10348
1776102982.5624075,109.56096959114075,IO -> PLC,12.90833
1776102982.5784068,109.57696890830994,IO -> PLC,15.71548
1776102982.5944061,109.59296822547913,IO -> PLC,4.97538
1776102982.6104057,109.6089677810669,IO -> PLC,3.80916
1776102982.626406,109.6249680519104,IO -> PLC,6.62248
1776102982.6424053,109.64096736907959,IO -> PLC,9.8175
1776102982.6584048,109.65696692466736,IO -> PLC,12.55377
1776102982.6744041,109.67296624183655,IO -> PLC,15.23077
1776102982.6904047,109.68896675109863,IO -> PLC,1.76686
1776102982.706404,109.70496606826782,IO -> PLC,6.40282
1776102982.7224033,109.72096538543701,IO -> PLC,8.21969
1776102982.7384028,109.73696494102478,IO -> PLC,11.62785
1776102982.7544022,109.75296425819397,IO -> PLC,14.44916
1776102982.7704027,109.76896476745605,IO -> PLC,17.29392
1776102982.78878,109.7873420715332,IO -> PLC,3.54008
1776102982.8024013,109.80096340179443,IO -> PLC,5.17072
1776102982.8184009,109.8169629573822,IO -> PLC,8.13132
1776102982.8344011,109.83296322822571,IO -> PLC,11.15145
1776102982.8504004,109.8489625453949,IO -> PLC,14.23182
1776102982.8664,109.86496210098267,IO -> PLC,17.14938
1776102982.8846452,109.88320732116699,IO -> PLC,0.23122
1776102982.8983989,109.89696097373962,IO -> PLC,7.11306
1776102982.9143991,109.91296124458313,IO -> PLC,7.86678
1776102982.9303985,109.92896056175232,IO -> PLC,10.51729
1776102982.946398,109.94496011734009,IO -> PLC,13.7859
1776102982.9623973,109.96095943450928,IO -> PLC,16.30218
1776102982.9798045,109.97836661338806,IO -> PLC,3.11398
1776102982.9943972,109.99295926094055,IO -> PLC,4.41241
1776102983.0103965,110.00895857810974,IO -> PLC,7.13244
1776102983.026396,110.02495813369751,IO -> PLC,9.8268
1776102983.0423954,110.0409574508667,IO -> PLC,13.22775
1776102983.0583959,110.05695796012878,IO -> PLC,15.85553
1776102983.0743952,110.07295727729797,IO -> PLC,6.36277
1776102983.0903945,110.08895659446716,IO -> PLC,4.77974
1776102983.106394,110.10495615005493,IO -> PLC,7.13407
1776102983.1223934,110.12095546722412,IO -> PLC,9.96259
1776102983.1383936,110.13695573806763,IO -> PLC,13.3677
1776102983.1543932,110.1529552936554,IO -> PLC,15.99861
1776102983.1703925,110.16895461082458,IO -> PLC,1.94164
1776102983.186392,110.18495416641235,IO -> PLC,7.1429
1776102983.2023923,110.20095443725586,IO -> PLC,6.80425
1776102983.2183917,110.21695375442505,IO -> PLC,9.85813
1776102983.2343912,110.23295331001282,IO -> PLC,12.59753
1776102983.2503905,110.248952627182,IO -> PLC,15.57742
1776102983.26639,110.26495218276978,IO -> PLC,5.01245
1776102983.2823904,110.28095245361328,IO -> PLC,3.55245
1776102983.2983897,110.29695177078247,IO -> PLC,6.46817
1776102983.3143892,110.31295132637024,IO -> PLC,9.30998
1776102983.3303885,110.32895064353943,IO -> PLC,11.91112
1776102983.3463879,110.34494996070862,IO -> PLC,15.49231
1776102983.3623884,110.3609504699707,IO -> PLC,0.89764
1776102983.3783877,110.37694978713989,IO -> PLC,5.78666
1776102983.3943872,110.39294934272766,IO -> PLC,6.20659
1776102983.4103866,110.40894865989685,IO -> PLC,9.23287
1776102983.4263868,110.42494893074036,IO -> PLC,11.95067
1776102983.4423864,110.44094848632812,IO -> PLC,15.11313
1776102983.4583857,110.45694780349731,IO -> PLC,18.32558
1776102983.4743853,110.47294735908508,IO -> PLC,1.59393
1776102983.4903846,110.48894667625427,IO -> PLC,6.97337
1776102983.5063848,110.50494694709778,IO -> PLC,9.1773
1776102983.5223844,110.52094650268555,IO -> PLC,11.7538
1776102983.5383837,110.53694581985474,IO -> PLC,14.54041
1776102983.554383,110.55294513702393,IO -> PLC,17.57469
1776102983.5730515,110.57161355018616,IO -> PLC,1.91497
1776102983.5863829,110.5849449634552,IO -> PLC,5.69101
1776102983.6023824,110.60094451904297,IO -> PLC,8.73155
1776102983.6183817,110.61694383621216,IO -> PLC,11.76287
1776102983.634381,110.63294315338135,IO -> PLC,14.92004
1776102983.6503816,110.64894366264343,IO -> PLC,17.91154
1776102983.6693866,110.66794872283936,IO -> PLC,3.67305
1776102983.6823804,110.68094253540039,IO -> PLC,5.65088
1776102983.6983798,110.69694185256958,IO -> PLC,8.61748
1776102983.714379,110.71294116973877,IO -> PLC,11.42769
1776102983.7303796,110.72894167900085,IO -> PLC,12.37196
1776102983.746379,110.74494099617004,IO -> PLC,15.79954
1776102983.7623782,110.76094031333923,IO -> PLC,2.68902
1776102983.7783778,110.776939868927,IO -> PLC,3.57489
1776102983.794377,110.79293918609619,IO -> PLC,6.43101
1776102983.8103776,110.80893969535828,IO -> PLC,9.21768
1776102983.826377,110.82493901252747,IO -> PLC,12.04621
1776102983.8423762,110.84093832969666,IO -> PLC,14.99441
1776102983.8583755,110.85693764686584,IO -> PLC,17.81685
1776102983.8778307,110.87639284133911,IO -> PLC,0.10969
1776102983.8903756,110.8889377117157,IO -> PLC,6.36824
1776102983.906375,110.90493702888489,IO -> PLC,11.19068
1776102983.9223742,110.92093634605408,IO -> PLC,13.90959
1776102983.9383736,110.93693566322327,IO -> PLC,16.87941
1776102983.9556103,110.954172372818,IO -> PLC,0.73748
1776102983.9703734,110.96893548965454,IO -> PLC,5.92241
1776102983.986373,110.98493504524231,IO -> PLC,7.768
1776102984.0023723,111.0009343624115,IO -> PLC,10.63437
1776102984.0183728,111.01693487167358,IO -> PLC,13.62169
1776102984.034372,111.03293418884277,IO -> PLC,16.73478
1776102984.0521924,111.05075454711914,IO -> PLC,1.99689
1776102984.0663707,111.06493282318115,IO -> PLC,4.75902
1776102984.0823703,111.08093237876892,IO -> PLC,7.43689
1776102984.0983708,111.096932888031,IO -> PLC,10.1374
1776102984.11437,111.1129322052002,IO -> PLC,13.32235
1776102984.1303694,111.12893152236938,IO -> PLC,16.4468
1776102984.147452,111.14601421356201,IO -> PLC,0.53659
1776102984.1623683,111.16093039512634,IO -> PLC,5.70989
1776102984.1783686,111.17693066596985,IO -> PLC,7.23195
1776102984.1943681,111.19293022155762,IO -> PLC,10.08079
1776102984.2103674,111.2089295387268,IO -> PLC,12.94011
1776102984.2263668,111.224928855896,IO -> PLC,15.70831
1776102984.2423673,111.24092936515808,IO -> PLC,3.34414
1776102984.2583666,111.25692868232727,IO -> PLC,4.21784
1776102984.274366,111.27292799949646,IO -> PLC,7.23686
1776102984.2903655,111.28892755508423,IO -> PLC,10.41539
1776102984.3063648,111.30492687225342,IO -> PLC,11.33102
1776102984.3223653,111.3209273815155,IO -> PLC,14.14322
1776102984.3383646,111.33692669868469,IO -> PLC,17.04335
1776102984.356512,111.35507416725159,IO -> PLC,2.91421
1776102984.3703635,111.36892557144165,IO -> PLC,5.03894
1776102984.3863628,111.38492488861084,IO -> PLC,8.01603
1776102984.4023633,111.40092539787292,IO -> PLC,10.84959
1776102984.4183626,111.41692471504211,IO -> PLC,13.76091
1776102984.434362,111.4329240322113,IO -> PLC,16.57303
1776102984.4516916,111.45025372505188,IO -> PLC,0.33514
1776102984.4663618,111.46492385864258,IO -> PLC,6.46823
1776102984.4823613,111.48092341423035,IO -> PLC,10.16215
1776102984.4983606,111.49692273139954,IO -> PLC,13.22085
1776102984.51436,111.51292204856873,IO -> PLC,16.10584
1776102984.5323458,111.53090786933899,IO -> PLC,2.50899
1776102984.5463598,111.544921875,IO -> PLC,7.66392
1776102984.562359,111.56092119216919,IO -> PLC,11.27696
1776102984.5783587,111.57692074775696,IO -> PLC,14.48333
1776102984.594358,111.59292006492615,IO -> PLC,17.78483
1776102984.6132405,111.61180257797241,IO -> PLC,2.86725
1776102984.6263578,111.62491989135742,IO -> PLC,5.92276
1776102984.642357,111.64091920852661,IO -> PLC,9.09217
1776102984.6583567,111.65691876411438,IO -> PLC,11.69244
1776102984.674356,111.67291808128357,IO -> PLC,14.61097
1776102984.6903565,111.68891859054565,IO -> PLC,17.76406
1776102984.709076,111.70763802528381,IO -> PLC,0.13833
1776102984.7223551,111.72091722488403,IO -> PLC,7.18084
1776102984.7383547,111.7369167804718,IO -> PLC,8.88827
1776102984.754354,111.75291609764099,IO -> PLC,11.53862
1776102984.7703543,111.7689163684845,IO -> PLC,14.44074
1776102984.7863538,111.78491592407227,IO -> PLC,17.34703
1776102984.8047905,111.80335259437561,IO -> PLC,2.62236
1776102984.8183527,111.81691479682922,IO -> PLC,5.39366
1776102984.834353,111.83291506767273,IO -> PLC,8.1005
1776102984.8503523,111.84891438484192,IO -> PLC,11.35288
1776102984.8663518,111.86491394042969,IO -> PLC,14.16507
1776102984.8823512,111.88091325759888,IO -> PLC,16.82342
1776102984.8996325,111.8981945514679,IO -> PLC,0.63083
1776102984.914351,111.91291308403015,IO -> PLC,6.21253
1776102984.9303503,111.92891240119934,IO -> PLC,7.76419
1776102984.9463499,111.94491195678711,IO -> PLC,10.95121
1776102984.9623492,111.9609112739563,IO -> PLC,13.65692
1776102984.9783485,111.97691059112549,IO -> PLC,14.90624
1776102984.994349,111.99291110038757,IO -> PLC,17.7562
1776102985.0129204,112.01148247718811,IO -> PLC,0.27865
1776102985.0263479,112.02490997314453,IO -> PLC,6.93562
1776102985.0423472,112.04090929031372,IO -> PLC,8.72977
1776102985.0583475,112.05690956115723,IO -> PLC,11.60446
1776102985.074347,112.072909116745,IO -> PLC,14.49849
1776102985.0903463,112.08890843391418,IO -> PLC,17.55222
1776102985.1089873,112.10754942893982,IO -> PLC,2.21794
1776102985.1223452,112.12090730667114,IO -> PLC,6.0096
1776102985.1383455,112.13690757751465,IO -> PLC,9.53639
1776102985.154345,112.15290713310242,IO -> PLC,12.86789
1776102985.1703444,112.1689064502716,IO -> PLC,15.92059
1776102985.1863437,112.1849057674408,IO -> PLC,3.24304
1776102985.2023442,112.20090627670288,IO -> PLC,4.27051
1776102985.2183435,112.21690559387207,IO -> PLC,7.32216
1776102985.234343,112.23290514945984,IO -> PLC,11.01401
1776102985.2503424,112.24890446662903,IO -> PLC,14.51815
1776102985.2663417,112.26490378379822,IO -> PLC,17.44308
1776102985.284694,112.28325605392456,IO -> PLC,0.46602
1776102985.2983415,112.29690361022949,IO -> PLC,5.73141
1776102985.314341,112.31290316581726,IO -> PLC,8.67777
1776102985.3303404,112.32890248298645,IO -> PLC,11.79006
1776102985.3463397,112.34490180015564,IO -> PLC,15.34038
1776102985.3623402,112.36090230941772,IO -> PLC,2.36282
1776102985.3783395,112.37690162658691,IO -> PLC,5.06141
1776102985.3943388,112.3929009437561,IO -> PLC,10.33109
1776102985.4103384,112.40890049934387,IO -> PLC,13.52434
1776102985.4263387,112.42490077018738,IO -> PLC,17.80084
1776102985.4444866,112.44304871559143,IO -> PLC,1.07717
1776102985.4583375,112.45689964294434,IO -> PLC,7.13874
1776102985.4743369,112.47289896011353,IO -> PLC,10.422
1776102985.4903362,112.48889827728271,IO -> PLC,11.62436
1776102985.5063367,112.5048987865448,IO -> PLC,14.95571
1776102985.5223362,112.52089834213257,IO -> PLC,17.94376
1776102985.5417728,112.54033493995667,IO -> PLC,2.51099
1776102985.5543349,112.55289697647095,IO -> PLC,7.01045
1776102985.5703342,112.56889629364014,IO -> PLC,10.30898
1776102985.5863347,112.58489680290222,IO -> PLC,13.23279
1776102985.602334,112.60089612007141,IO -> PLC,16.30707
1776102985.620003,112.61856508255005,IO -> PLC,5.05463
1776102985.634333,112.63289499282837,IO -> PLC,4.97534
1776102985.6503334,112.64889550209045,IO -> PLC,8.1818
1776102985.6663327,112.66489481925964,IO -> PLC,11.37578
1776102985.682332,112.68089413642883,IO -> PLC,14.40607
1776102985.6983314,112.69689345359802,IO -> PLC,17.49884
1776102985.717222,112.71578407287598,IO -> PLC,1.85536
1776102985.7303314,112.72889351844788,IO -> PLC,6.04718
1776102985.7463307,112.74489283561707,IO -> PLC,9.67549
1776102985.76233,112.76089215278625,IO -> PLC,12.65458
1776102985.7783294,112.77689146995544,IO -> PLC,16.03825
1776102985.7961268,112.79468894004822,IO -> PLC,1.8156
1776102985.8103292,112.80889129638672,IO -> PLC,4.81299
1776102985.8263288,112.82489085197449,IO -> PLC,7.78272
1776102985.842328,112.84089016914368,IO -> PLC,11.18671
1776102985.8583274,112.85688948631287,IO -> PLC,14.32036
1776102985.874328,112.87288999557495,IO -> PLC,17.53602
1776102985.8924935,112.89105558395386,IO -> PLC,1.00261
1776102985.9063265,112.90488862991333,IO -> PLC,7.0368
1776102985.922326,112.9208881855011,IO -> PLC,9.32578
1776102985.9383254,112.93688750267029,IO -> PLC,12.42776
1776102985.954326,112.95288801193237,IO -> PLC,15.5234
1776102985.9703252,112.96888732910156,IO -> PLC,1.21346
1776102985.9863245,112.98488664627075,IO -> PLC,6.26728
1776102986.002324,113.00088620185852,IO -> PLC,9.3427
1776102986.0183244,113.01688647270203,IO -> PLC,12.71204
1776102986.034324,113.0328860282898,IO -> PLC,16.12418
1776102986.0518355,113.05039763450623,IO -> PLC,5.11912
1776102986.0663226,113.06488466262817,IO -> PLC,5.17327
1776102986.0823221,113.08088421821594,IO -> PLC,7.3476
1776102986.0983224,113.09688448905945,IO -> PLC,10.45149
1776102986.1143217,113.11288380622864,IO -> PLC,14.08909
1776102986.1303213,113.1288833618164,IO -> PLC,17.65988
1776102986.1493697,113.14793181419373,IO -> PLC,2.80173
1776102986.1623201,113.16088223457336,IO -> PLC,6.24215
1776102986.1783204,113.17688250541687,IO -> PLC,9.23779
1776102986.1943197,113.19288182258606,IO -> PLC,12.41336
1776102986.2103193,113.20888137817383,IO -> PLC,15.63406
1776102986.2263186,113.22488069534302,IO -> PLC,6.431
1776102986.242319,113.2408812046051,IO -> PLC,4.76699
1776102986.2583184,113.25688052177429,IO -> PLC,5.77622
1776102986.2743177,113.27287983894348,IO -> PLC,10.72317
1776102986.2903173,113.28887939453125,IO -> PLC,13.85706
1776102986.3063166,113.30487871170044,IO -> PLC,16.91798
1776102986.3246088,113.32317090034485,IO -> PLC,4.10314
1776102986.3383164,113.33687853813171,IO -> PLC,5.87299
1776102986.3543158,113.3528778553009,IO -> PLC,9.066
1776102986.3703153,113.36887741088867,IO -> PLC,10.31029
1776102986.3863146,113.38487672805786,IO -> PLC,13.48091
1776102986.402315,113.40087699890137,IO -> PLC,16.76
1776102986.420442,113.41900420188904,IO -> PLC,2.2157
1776102986.4343138,113.43287587165833,IO -> PLC,4.92649
1776102986.4503133,113.4488754272461,IO -> PLC,8.21479
1776102986.4663136,113.4648756980896,IO -> PLC,11.90975
1776102986.482313,113.48087501525879,IO -> PLC,15.05148
1776102986.4983125,113.49687457084656,IO -> PLC,18.05513
1776102986.5172358,113.51579785346985,IO -> PLC,0.51538
1776102986.5303113,113.52887344360352,IO -> PLC,9.94394
1776102986.5463116,113.54487371444702,IO -> PLC,13.18416
1776102986.562311,113.56087303161621,IO -> PLC,16.67839
1776102986.5804863,113.57904839515686,IO -> PLC,4.55181
1776102986.5943098,113.59287190437317,IO -> PLC,5.68547
1776102986.6103091,113.60887122154236,IO -> PLC,10.15151
1776102986.6263096,113.62487173080444,IO -> PLC,13.64053
1776102986.642309,113.64087104797363,IO -> PLC,16.91539
1776102986.6608741,113.65943622589111,IO -> PLC,3.94674
1776102986.6743078,113.67286992073059,IO -> PLC,5.57862
1776102986.690308,113.6888701915741,IO -> PLC,8.82396
1776102986.7063076,113.70486974716187,IO -> PLC,11.73657
1776102986.722307,113.72086906433105,IO -> PLC,15.03919
1776102986.7383065,113.73686861991882,IO -> PLC,18.25668
1776102986.7579455,113.75650763511658,IO -> PLC,0.60107
1776102986.770306,113.76886820793152,IO -> PLC,7.37049
1776102986.7863057,113.78486776351929,IO -> PLC,10.66791
1776102986.802305,113.80086708068848,IO -> PLC,13.77492
1776102986.8183043,113.81686639785767,IO -> PLC,17.03875
1776102986.8367245,113.83528661727905,IO -> PLC,0.73003
1776102986.8503041,113.84886622428894,IO -> PLC,3.62827
1776102986.8663037,113.86486577987671,IO -> PLC,6.8561
1776102986.882303,113.8808650970459,IO -> PLC,10.02071
1776102986.8983023,113.89686441421509,IO -> PLC,13.38781
1776102986.9143028,113.91286492347717,IO -> PLC,16.41906
1776102986.932105,113.93066716194153,IO -> PLC,4.90198
1776102986.9463017,113.94486379623413,IO -> PLC,5.24909
1776102986.962301,113.96086311340332,IO -> PLC,8.45539
1776102986.9783003,113.97686243057251,IO -> PLC,11.37616
1776102986.9943008,113.9928629398346,IO -> PLC,14.65726
1776102987.0103002,114.00886225700378,IO -> PLC,17.97323
1776102987.0296445,114.02820658683777,IO -> PLC,0.25689
1776102987.042299,114.04086112976074,IO -> PLC,6.92712
1776102987.0582993,114.05686140060425,IO -> PLC,9.91228
1776102987.0742989,114.07286095619202,IO -> PLC,13.25906
1776102987.0902982,114.0888602733612,IO -> PLC,16.4308
1776102987.1084666,114.10702872276306,IO -> PLC,0.33778
1776102987.1222968,114.12085890769958,IO -> PLC,5.26171
1776102987.1382973,114.13685941696167,IO -> PLC,8.87987
1776102987.1542969,114.15285897254944,IO -> PLC,11.87104
1776102987.1702962,114.16885828971863,IO -> PLC,15.01093
1776102987.1862955,114.18485760688782,IO -> PLC,17.99913
1776102987.2057858,114.20434784889221,IO -> PLC,3.73153
1776102987.2182953,114.21685743331909,IO -> PLC,8.53541
1776102987.2342947,114.23285675048828,IO -> PLC,12.13908
1776102987.2502942,114.24885630607605,IO -> PLC,15.15794
1776102987.2662935,114.26485562324524,IO -> PLC,1.09192
1776102987.282294,114.28085613250732,IO -> PLC,6.86753
1776102987.2982934,114.29685544967651,IO -> PLC,7.77516
1776102987.3142927,114.3128547668457,IO -> PLC,10.87802
1776102987.330292,114.32885408401489,IO -> PLC,14.38553
1776102987.3462915,114.34485363960266,IO -> PLC,18.25954
1776102987.3659213,114.36448335647583,IO -> PLC,2.40859
1776102987.3782914,114.37685346603394,IO -> PLC,7.16542
1776102987.3942907,114.39285278320312,IO -> PLC,10.1169
1776102987.41029,114.40885210037231,IO -> PLC,13.37656
1776102987.4262905,114.4248526096344,IO -> PLC,16.48973
1776102987.4449296,114.4434916973114,IO -> PLC,2.98598
1776102987.4582894,114.45685148239136,IO -> PLC,4.22803
1776102987.4742887,114.47285079956055,IO -> PLC,7.0268
1776102987.490288,114.48885011672974,IO -> PLC,10.13189
1776102987.5062885,114.50485062599182,IO -> PLC,12.93584
1776102987.5222878,114.52084994316101,IO -> PLC,16.03774
1776102987.5396879,114.53824996948242,IO -> PLC,1.71408
1776102987.5542867,114.55284881591797,IO -> PLC,4.85145
1776102987.570286,114.56884813308716,IO -> PLC,8.32817
1776102987.5862865,114.58484864234924,IO -> PLC,11.11588
1776102987.6022859,114.60084795951843,IO -> PLC,14.20849
1776102987.6182852,114.61684727668762,IO -> PLC,17.43846
1776102987.637098,114.63566017150879,IO -> PLC,4.38068
1776102987.650285,114.6488471031189,IO -> PLC,6.11089
1776102987.6662846,114.66484665870667,IO -> PLC,9.06734
1776102987.6822839,114.68084597587585,IO -> PLC,12.37109
1776102987.6982832,114.69684529304504,IO -> PLC,15.6541
1776102987.7142828,114.71284484863281,IO -> PLC,6.05909
1776102987.730283,114.72884511947632,IO -> PLC,4.80367
1776102987.7462823,114.74484443664551,IO -> PLC,7.41218
1776102987.762282,114.76084399223328,IO -> PLC,10.49559
1776102987.7782812,114.77684330940247,IO -> PLC,13.43987
1776102987.7942808,114.79284286499023,IO -> PLC,17.1798
1776102987.8128235,114.81138563156128,IO -> PLC,1.97825
1776102987.8262804,114.82484245300293,IO -> PLC,5.68213
1776102987.84228,114.8408420085907,IO -> PLC,9.24077
1776102987.8582792,114.85684132575989,IO -> PLC,12.29354
1776102987.8742797,114.87284183502197,IO -> PLC,15.40879
1776102987.890279,114.88884115219116,IO -> PLC,3.68377
1776102987.9062784,114.90484046936035,IO -> PLC,4.25835
1776102987.922278,114.92084002494812,IO -> PLC,7.23519
1776102987.9382772,114.93683934211731,IO -> PLC,10.36084
1776102987.9542775,114.95283961296082,IO -> PLC,13.48946
1776102987.970277,114.96883916854858,IO -> PLC,16.71216
1776102987.987668,114.98623013496399,IO -> PLC,0.68203
1776102988.002276,115.00083804130554,IO -> PLC,6.91346
1776102988.0182753,115.01683735847473,IO -> PLC,8.46599
1776102988.0342755,115.03283762931824,IO -> PLC,11.74293
1776102988.050275,115.048837184906,IO -> PLC,14.89315
1776102988.0662744,115.0648365020752,IO -> PLC,17.73391
1776102988.085498,115.08406019210815,IO -> PLC,2.34811
1776102988.0982742,115.09683632850647,IO -> PLC,9.15678
1776102988.1142735,115.11283564567566,IO -> PLC,12.88966
1776102988.130273,115.12883520126343,IO -> PLC,16.62326
1776102988.1483393,115.14690136909485,IO -> PLC,4.53228
1776102988.1622717,115.1608338356018,IO -> PLC,5.32537
1776102988.1782722,115.17683434486389,IO -> PLC,8.44982
1776102988.1942716,115.19283366203308,IO -> PLC,11.39003
1776102988.2102711,115.20883321762085,IO -> PLC,14.60777
1776102988.2262704,115.22483253479004,IO -> PLC,17.97175
1776102988.2456155,115.24417757987976,IO -> PLC,1.00733
1776102988.2582703,115.25683236122131,IO -> PLC,6.59097
1776102988.2742696,115.2728316783905,IO -> PLC,9.64983
1776102988.2902691,115.28883123397827,IO -> PLC,12.7998
1776102988.3062685,115.30483055114746,IO -> PLC,15.99601
1776102988.3222687,115.32083082199097,IO -> PLC,5.46281
1776102988.3382683,115.33683037757874,IO -> PLC,3.78448
1776102988.3542676,115.35282969474792,IO -> PLC,6.29578
1776102988.370267,115.36882901191711,IO -> PLC,11.04328
1776102988.3862665,115.38482856750488,IO -> PLC,14.1062
1776102988.4022667,115.40082883834839,IO -> PLC,17.31778
1776102988.4342656,115.43282771110535,IO -> PLC,5.91341
1776102988.450265,115.44882702827454,IO -> PLC,9.31123
1776102988.4662654,115.46482753753662,IO -> PLC,12.86994
1776102988.4822648,115.48082685470581,IO -> PLC,15.97072
1776102988.4982643,115.49682641029358,IO -> PLC,2.41361
1776102988.5142636,115.51282572746277,IO -> PLC,7.05669
1776102988.530263,115.52882504463196,IO -> PLC,10.73117
1776102988.5462635,115.54482555389404,IO -> PLC,14.07675
1776102988.5622628,115.56082487106323,IO -> PLC,15.57113
1776102988.5782623,115.576824426651,IO -> PLC,3.72298
1776102988.5942616,115.59282374382019,IO -> PLC,4.02027
1776102988.610261,115.60882306098938,IO -> PLC,7.08224
1776102988.6262615,115.62482357025146,IO -> PLC,10.41358
1776102988.6422608,115.64082288742065,IO -> PLC,13.70884
1776102988.65826,115.65682220458984,IO -> PLC,16.77809
1776102988.6762772,115.67483925819397,IO -> PLC,0.12912
1776102988.69026,115.68882203102112,IO -> PLC,5.63277
1776102988.7062595,115.70482158660889,IO -> PLC,10.57994
1776102988.7222588,115.72082090377808,IO -> PLC,13.63791
1776102988.7382581,115.73682022094727,IO -> PLC,17.26726
1776102988.7558243,115.75438642501831,IO -> PLC,1.08148
1776102988.770258,115.76882004737854,IO -> PLC,6.79053
1776102988.7862575,115.78481960296631,IO -> PLC,9.3928
1776102988.8022568,115.8008189201355,IO -> PLC,12.44037
1776102988.8182561,115.81681823730469,IO -> PLC,15.56378
1776102988.8342555,115.83281755447388,IO -> PLC,1.39529
1776102988.850256,115.84881806373596,IO -> PLC,6.25959
1776102988.8662553,115.86481738090515,IO -> PLC,7.26546
1776102988.8822548,115.88081693649292,IO -> PLC,10.19334
1776102988.8982542,115.89681625366211,IO -> PLC,13.60869
1776102988.9142547,115.9128167629242,IO -> PLC,16.76467
1776102988.9323866,115.93094873428345,IO -> PLC,3.85217
1776102988.9462533,115.94481539726257,IO -> PLC,4.61073
1776102988.9622526,115.96081471443176,IO -> PLC,6.65386
1776102988.9782522,115.97681427001953,IO -> PLC,9.66766
1776102988.9942527,115.99281477928162,IO -> PLC,12.63043
1776102989.010252,116.0088140964508,IO -> PLC,15.82849
1776102989.0262513,116.02481341362,IO -> PLC,4.3738
1776102989.0422506,116.04081273078918,IO -> PLC,4.86565
1776102989.0582511,116.05681324005127,IO -> PLC,8.24092
1776102989.0742505,116.07281255722046,IO -> PLC,11.1432
1776102989.09025,116.08881211280823,IO -> PLC,14.42222
1776102989.1062493,116.10481142997742,IO -> PLC,17.66219
1776102989.1253946,116.12395668029785,IO -> PLC,0.26817
1776102989.1382492,116.13681125640869,IO -> PLC,7.14882
1776102989.1542485,116.15281057357788,IO -> PLC,10.28247
1776102989.1702478,116.16880989074707,IO -> PLC,13.31588
1776102989.1862473,116.18480944633484,IO -> PLC,16.64818
1776102989.2042565,116.20281863212585,IO -> PLC,1.13133
1776102989.2182472,116.21680927276611,IO -> PLC,4.74299
1776102989.2342465,116.2328085899353,IO -> PLC,7.84384
1776102989.2502458,116.24880790710449,IO -> PLC,11.42103
1776102989.2662454,116.26480746269226,IO -> PLC,14.35092
1776102989.2822456,116.28080773353577,IO -> PLC,17.38937
1776102989.2982452,116.29680728912354,IO -> PLC,1.25982
1776102989.3142445,116.31280660629272,IO -> PLC,6.15875
1776102989.3302438,116.32880592346191,IO -> PLC,9.32329
1776102989.3462431,116.3448052406311,IO -> PLC,12.77568
1776102989.3622437,116.36080574989319,IO -> PLC,16.08846
1776102989.3797085,116.37827062606812,IO -> PLC,4.95942
1776102989.3942425,116.39280462265015,IO -> PLC,5.09346
1776102989.4102418,116.40880393981934,IO -> PLC,7.64364
1776102989.4262412,116.42480325698853,IO -> PLC,10.79779
1776102989.4422417,116.44080376625061,IO -> PLC,14.4157
1776102989.458241,116.4568030834198,IO -> PLC,17.58119
1776102989.4776368,116.47619891166687,IO -> PLC,1.09061
1776102989.4902399,116.48880195617676,IO -> PLC,6.3293
1776102989.5062404,116.50480246543884,IO -> PLC,9.57368
1776102989.5222397,116.52080178260803,IO -> PLC,12.52308
1776102989.538239,116.53680109977722,IO -> PLC,16.34997
1776102989.5560799,116.55464196205139,IO -> PLC,1.75624
1776102989.5702379,116.56879997253418,IO -> PLC,4.86271
1776102989.5862381,116.58480024337769,IO -> PLC,9.97574
1776102989.6022377,116.60079979896545,IO -> PLC,13.16171
1776102989.618237,116.61679911613464,IO -> PLC,16.29008
1776102989.6358862,116.63444828987122,IO -> PLC,1.13549
1776102989.650236,116.6487979888916,IO -> PLC,5.2698
1776102989.6662362,116.66479825973511,IO -> PLC,8.22633
1776102989.6822357,116.68079781532288,IO -> PLC,11.35998
1776102989.698235,116.69679713249207,IO -> PLC,14.76805
1776102989.7142344,116.71279644966125,IO -> PLC,17.63969
1776102989.7302349,116.72879695892334,IO -> PLC,0.89355
1776102989.7462342,116.74479627609253,IO -> PLC,7.59714
1776102989.7622337,116.7607958316803,IO -> PLC,10.65198
1776102989.778233,116.77679514884949,IO -> PLC,13.78883
1776102989.7942324,116.79279446601868,IO -> PLC,17.16923
1776102989.811688,116.81025004386902,IO -> PLC,1.45471
1776102989.8262322,116.82479429244995,IO -> PLC,6.16286
1776102989.8422315,116.84079360961914,IO -> PLC,9.64302
1776102989.858231,116.85679316520691,IO -> PLC,12.72443
1776102989.8742313,116.87279343605042,IO -> PLC,15.69519
1776102989.890231,116.88879299163818,IO -> PLC,7.14888
1776102989.9062302,116.90479230880737,IO -> PLC,5.81233
1776102989.9222295,116.92079162597656,IO -> PLC,7.68048
1776102989.938229,116.93679118156433,IO -> PLC,11.44808
1776102989.9542294,116.95279145240784,IO -> PLC,14.54694
1776102989.970229,116.9687910079956,IO -> PLC,17.50754
1776102989.9891086,116.98767066001892,IO -> PLC,1.3567
1776102990.0022275,117.00078964233398,IO -> PLC,5.84723
1776102990.018227,117.01678919792175,IO -> PLC,9.19385
1776102990.0342274,117.03278946876526,IO -> PLC,12.87833
1776102990.0502267,117.04878878593445,IO -> PLC,14.30079
1776102990.0662262,117.06478834152222,IO -> PLC,17.55133
1776102990.0842404,117.0828025341034,IO -> PLC,0.91748
1776102990.098226,117.09678816795349,IO -> PLC,5.84797
1776102990.1142254,117.11278748512268,IO -> PLC,9.02563
1776102990.1302247,117.12878680229187,IO -> PLC,12.26057
1776102990.1462243,117.14478635787964,IO -> PLC,16.96317
1776102990.178224,117.17678618431091,IO -> PLC,5.78001
1776102990.1942234,117.1927855014801,IO -> PLC,10.54813
1776102990.2102227,117.20878481864929,IO -> PLC,13.76972
1776102990.2262223,117.22478437423706,IO -> PLC,16.8
1776102990.2441218,117.24268388748169,IO -> PLC,0.7662
1776102990.2582219,117.25678396224976,IO -> PLC,6.83521
1776102990.2742214,117.27278351783752,IO -> PLC,9.17747
1776102990.2902207,117.28878283500671,IO -> PLC,10.37463
1776102990.3062203,117.30478239059448,IO -> PLC,13.74382
1776102990.3222206,117.32078266143799,IO -> PLC,16.78947
1776102990.3403761,117.33893823623657,IO -> PLC,4.60085
1776102990.3542194,117.35278153419495,IO -> PLC,5.77726
1776102990.3702188,117.36878085136414,IO -> PLC,9.10549
1776102990.386218,117.38478016853333,IO -> PLC,12.2269
1776102990.4022186,117.40078067779541,IO -> PLC,15.64009
1776102990.418218,117.4167799949646,IO -> PLC,6.12165
1776102990.4342175,117.43277955055237,IO -> PLC,4.53861
1776102990.4502168,117.44877886772156,IO -> PLC,7.71954
1776102990.466217,117.46477913856506,IO -> PLC,12.33087
1776102990.4822166,117.48077869415283,IO -> PLC,15.32731
1776102990.498216,117.49677801132202,IO -> PLC,5.50501
1776102990.5142155,117.51277756690979,IO -> PLC,3.9515
1776102990.5302148,117.52877688407898,IO -> PLC,10.12049
1776102990.546215,117.54477715492249,IO -> PLC,13.60335
1776102990.5622146,117.56077671051025,IO -> PLC,17.13334
1776102990.5801148,117.57867693901062,IO -> PLC,0.70667
1776102990.5942132,117.59277534484863,IO -> PLC,7.22288
1776102990.6102128,117.6087749004364,IO -> PLC,8.62517
1776102990.626213,117.62477517127991,IO -> PLC,11.92356
1776102990.6422126,117.64077472686768,IO -> PLC,15.34082
1776102990.658212,117.65677404403687,IO -> PLC,1.13456
1776102990.6742113,117.67277336120605,IO -> PLC,5.91902
1776102990.6902118,117.68877387046814,IO -> PLC,7.18082
1776102990.706211,117.70477318763733,IO -> PLC,10.23159
1776102990.7222106,117.7207727432251,IO -> PLC,13.5875
1776102990.73821,117.73677206039429,IO -> PLC,17.15117
1776102990.756718,117.75528001785278,IO -> PLC,2.17498
1776102990.7702098,117.76877188682556,IO -> PLC,7.57888
1776102990.786209,117.78477120399475,IO -> PLC,11.15175
1776102990.8022084,117.80077052116394,IO -> PLC,14.19732
1776102990.818208,117.81677007675171,IO -> PLC,17.41897
1776102990.8370085,117.83557057380676,IO -> PLC,1.08861
1776102990.8502078,117.84876990318298,IO -> PLC,6.15692
1776102990.8662071,117.86476922035217,IO -> PLC,10.666
1776102990.8822064,117.88076853752136,IO -> PLC,14.26864
1776102990.8982058,117.89676785469055,IO -> PLC,17.43629
1776102990.917009,117.91557121276855,IO -> PLC,0.82524
1776102990.9302058,117.9287679195404,IO -> PLC,6.0932
1776102990.9462051,117.9447672367096,IO -> PLC,9.19301
1776102990.9622045,117.96076655387878,IO -> PLC,12.33378
1776102990.9782038,117.97676587104797,IO -> PLC,15.8557
1776102990.9942043,117.99276638031006,IO -> PLC,3.49456
1776102991.0102036,118.00876569747925,IO -> PLC,3.99049
1776102991.0262032,118.02476525306702,IO -> PLC,7.20503
1776102991.0422025,118.0407645702362,IO -> PLC,10.85063
1776102991.058203,118.05676507949829,IO -> PLC,14.04988
1776102991.0742023,118.07276439666748,IO -> PLC,17.24146
1776102991.0922265,118.09078860282898,IO -> PLC,0.68507
1776102991.106201,118.10476303100586,IO -> PLC,7.07546
1776102991.1222005,118.12076258659363,IO -> PLC,9.56004
1776102991.138201,118.13676309585571,IO -> PLC,13.20869
1776102991.1542003,118.1527624130249,IO -> PLC,16.23705
1776102991.1710577,118.16961979866028,IO -> PLC,0.73851
1776102991.186199,118.18476104736328,IO -> PLC,5.748
1776102991.2021985,118.20076060295105,IO -> PLC,7.68272
1776102991.2181988,118.21676087379456,IO -> PLC,11.13462
1776102991.2341983,118.23276042938232,IO -> PLC,14.52749
1776102991.2501976,118.24875974655151,IO -> PLC,17.59666
1776102991.2691839,118.26774597167969,IO -> PLC,1.50927
1776102991.2821975,118.28075957298279,IO -> PLC,6.07243
1776102991.2981968,118.29675889015198,IO -> PLC,8.902
1776102991.314196,118.31275820732117,IO -> PLC,11.90044
1776102991.3301957,118.32875776290894,IO -> PLC,15.63412
1776102991.346195,118.34475708007812,IO -> PLC,4.19368
1776102991.3621955,118.36075758934021,IO -> PLC,4.22471
1776102991.3781948,118.3767569065094,IO -> PLC,7.21707
1776102991.3941941,118.39275622367859,IO -> PLC,10.34977
1776102991.4101937,118.40875577926636,IO -> PLC,13.43126
1776102991.426193,118.42475509643555,IO -> PLC,16.2853
1776102991.4445653,118.44312739372253,IO -> PLC,0.20081
1776102991.4581928,118.45675492286682,IO -> PLC,5.41535
1776102991.4741921,118.47275424003601,IO -> PLC,8.51636
1776102991.4901917,118.48875379562378,IO -> PLC,11.80666
1776102991.506192,118.50475406646729,IO -> PLC,14.53478
1776102991.5221913,118.52075338363647,IO -> PLC,17.64291
1776102991.5381908,118.53675293922424,IO -> PLC,0.81693
1776102991.5541902,118.55275225639343,IO -> PLC,6.4595
1776102991.5701897,118.5687518119812,IO -> PLC,9.63339
1776102991.58619,118.5847520828247,IO -> PLC,12.72688
1776102991.6021893,118.6007513999939,IO -> PLC,15.7767
1776102991.6181889,118.61675095558167,IO -> PLC,6.21937
1776102991.6341882,118.63275027275085,IO -> PLC,4.90578
1776102991.6501875,118.64874958992004,IO -> PLC,7.80079
1776102991.666188,118.66475009918213,IO -> PLC,11.21509
1776102991.6821873,118.68074941635132,IO -> PLC,14.39395
1776102991.6981869,118.69674897193909,IO -> PLC,17.36472
1776102991.7169113,118.71547341346741,IO -> PLC,1.4151
1776102991.7301865,118.72874855995178,IO -> PLC,5.90201
1776102991.746186,118.74474811553955,IO -> PLC,9.37977
1776102991.7621853,118.76074743270874,IO -> PLC,12.55534
1776102991.778185,118.77674698829651,IO -> PLC,15.81188
1776102991.7941842,118.7927463054657,IO -> PLC,3.10873
1776102991.8101845,118.8087465763092,IO -> PLC,4.63183
1776102991.826184,118.82474613189697,IO -> PLC,7.61276
1776102991.8421834,118.84074544906616,IO -> PLC,11.20107
1776102991.858183,118.85674500465393,IO -> PLC,14.28673
1776102991.8741832,118.87274527549744,IO -> PLC,15.49733
1776102991.8901825,118.88874459266663,IO -> PLC,1.57348
1776102991.906182,118.9047441482544,IO -> PLC,6.65195
1776102991.9221814,118.92074346542358,IO -> PLC,7.29621
1776102991.9381807,118.93674278259277,IO -> PLC,10.81692
1776102991.9541812,118.95274329185486,IO -> PLC,13.87585
1776102991.9701805,118.96874260902405,IO -> PLC,17.11799
1776102991.9887905,118.9873526096344,IO -> PLC,1.99081
1776102992.0021794,119.000741481781,IO -> PLC,5.71378
1776102992.0181787,119.0167407989502,IO -> PLC,10.68039
1776102992.0341792,119.03274130821228,IO -> PLC,14.19294
1776102992.0501785,119.04874062538147,IO -> PLC,17.48221
1776102992.069023,119.06758499145508,IO -> PLC,0.21177
1776102992.0821774,119.08073949813843,IO -> PLC,5.76237
1776102992.0981777,119.09673976898193,IO -> PLC,8.89714
1776102992.1141772,119.1127393245697,IO -> PLC,11.85255
1776102992.1301765,119.12873864173889,IO -> PLC,15.7348
1776102992.1461759,119.14473795890808,IO -> PLC,3.27238
1776102992.1621754,119.16073751449585,IO -> PLC,4.1789
1776102992.1781757,119.17673778533936,IO -> PLC,7.36983
1776102992.1941752,119.19273734092712,IO -> PLC,10.39915
1776102992.2101746,119.20873665809631,IO -> PLC,13.49193
1776102992.2261739,119.2247359752655,IO -> PLC,16.47614
1776102992.2435777,119.24213981628418,IO -> PLC,1.09389
1776102992.2581737,119.25673580169678,IO -> PLC,5.86908
1776102992.2741733,119.27273535728455,IO -> PLC,7.01632
1776102992.2901726,119.28873467445374,IO -> PLC,10.23509
1776102992.306172,119.30473399162292,IO -> PLC,13.27771
1776102992.3221724,119.32073450088501,IO -> PLC,16.35896
1776102992.3398905,119.33845257759094,IO -> PLC,3.22335
1776102992.3541713,119.35273337364197,IO -> PLC,4.95665
1776102992.3701706,119.36873269081116,IO -> PLC,8.46201
1776102992.38617,119.38473200798035,IO -> PLC,11.55166
1776102992.4021704,119.40073251724243,IO -> PLC,14.93524
1776102992.4181697,119.41673183441162,IO -> PLC,17.99522
1776102992.4363532,119.43491530418396,IO -> PLC,1.16965
1776102992.4501686,119.44873070716858,IO -> PLC,7.01973
1776102992.4661689,119.46473097801208,IO -> PLC,10.19756
1776102992.4821684,119.48073053359985,IO -> PLC,13.56874
1776102992.4981678,119.49672985076904,IO -> PLC,16.96272
1776102992.5161185,119.51468062400818,IO -> PLC,0.36657
1776102992.5301664,119.52872848510742,IO -> PLC,8.63553
1776102992.546167,119.5447289943695,IO -> PLC,11.82846
1776102992.5621662,119.5607283115387,IO -> PLC,15.45254
1776102992.5781658,119.57672786712646,IO -> PLC,5.1571
1776102992.594165,119.59272718429565,IO -> PLC,3.96336
1776102992.6101644,119.60872650146484,IO -> PLC,6.93517
1776102992.626165,119.62472701072693,IO -> PLC,10.19571
1776102992.6421642,119.64072632789612,IO -> PLC,13.70825
1776102992.6581638,119.65672588348389,IO -> PLC,16.80407
1776102992.6763358,119.67489790916443,IO -> PLC,0.59187
1776102992.6901636,119.68872570991516,IO -> PLC,5.51121
1776102992.706163,119.70472502708435,IO -> PLC,8.52302
1776102992.7221622,119.72072434425354,IO -> PLC,13.35052
1776102992.7381616,119.73672366142273,IO -> PLC,16.93691
1776102992.7558725,119.75443458557129,IO -> PLC,0.58787
1776102992.7701616,119.76872372627258,IO -> PLC,6.78283
1776102992.786161,119.78472304344177,IO -> PLC,9.03772
1776102992.8021603,119.80072236061096,IO -> PLC,12.15217
1776102992.8181596,119.81672167778015,IO -> PLC,15.26839
1776102992.8341591,119.83272123336792,IO -> PLC,1.52071
1776102992.8501594,119.84872150421143,IO -> PLC,6.65733
1776102992.866159,119.8647210597992,IO -> PLC,8.27252
1776102992.8821583,119.88072037696838,IO -> PLC,11.83115
1776102992.8981576,119.89671969413757,IO -> PLC,15.10105
1776102992.914158,119.91272020339966,IO -> PLC,18.26535
1776102992.9339094,119.93247151374817,IO -> PLC,2.78725
1776102992.9461567,119.94471883773804,IO -> PLC,6.94385
1776102992.9621563,119.9607183933258,IO -> PLC,10.68282
1776102992.9781556,119.976717710495,IO -> PLC,14.23529
1776102992.9941561,119.99271821975708,IO -> PLC,17.56871
1776102993.0130908,120.01165294647217,IO -> PLC,3.34447
1776102993.0261548,120.02471685409546,IO -> PLC,5.99737
1776102993.0421543,120.04071640968323,IO -> PLC,9.56936
1776102993.0581546,120.05671668052673,IO -> PLC,12.70821
1776102993.0741541,120.0727162361145,IO -> PLC,15.86123
1776102993.0901535,120.08871555328369,IO -> PLC,5.72236
1776102993.1061528,120.10471487045288,IO -> PLC,4.7783
1776102993.122152,120.12071418762207,IO -> PLC,8.38622
1776102993.1381526,120.13671469688416,IO -> PLC,12.08606
1776102993.154152,120.15271401405334,IO -> PLC,15.07546
1776102993.1701515,120.16871356964111,IO -> PLC,18.1456
1776102993.1887772,120.18733930587769,IO -> PLC,1.02717
1776102993.20215,120.20071220397949,IO -> PLC,6.51185
1776102993.2181506,120.21671271324158,IO -> PLC,9.81344
1776102993.23415,120.23271203041077,IO -> PLC,13.02085
1776102993.2501495,120.24871158599854,IO -> PLC,16.1925
1776102993.2677672,120.26632928848267,IO -> PLC,0.60418
1776102993.2821493,120.28071141242981,IO -> PLC,4.54324
1776102993.2981486,120.296710729599,IO -> PLC,7.75065
1776102993.314148,120.31271004676819,IO -> PLC,10.84231
1776102993.3301473,120.32870936393738,IO -> PLC,14.26277
1776102993.3461468,120.34470891952515,IO -> PLC,17.88501
1776102993.3653998,120.36396193504333,IO -> PLC,2.6818
1776102993.3781466,120.37670874595642,IO -> PLC,5.99701
1776102993.394146,120.39270806312561,IO -> PLC,9.0181
1776102993.4101453,120.4087073802948,IO -> PLC,11.97263
1776102993.4261448,120.42470693588257,IO -> PLC,15.1338
1776102993.442145,120.44070720672607,IO -> PLC,5.05333
1776102993.4581447,120.45670676231384,IO -> PLC,4.6849
1776102993.474144,120.47270607948303,IO -> PLC,7.77256
1776102993.4901433,120.48870539665222,IO -> PLC,10.96037
1776102993.5061438,120.5047059059143,IO -> PLC,13.95081
1776102993.5221431,120.5207052230835,IO -> PLC,17.00871
1776102993.540048,120.53860998153687,IO -> PLC,0.58891
1776102993.554142,120.55270409584045,IO -> PLC,6.82694
1776102993.5701413,120.56870341300964,IO -> PLC,9.17305
1776102993.5861418,120.58470392227173,IO -> PLC,12.45022
1776102993.6021411,120.60070323944092,IO -> PLC,15.58691
1776102993.6181405,120.61670255661011,IO -> PLC,6.73819
1776102993.63414,120.63270211219788,IO -> PLC,4.86657
1776102993.6501393,120.64870142936707,IO -> PLC,7.79653
1776102993.6661398,120.66470193862915,IO -> PLC,11.11236
1776102993.6821392,120.68070125579834,IO -> PLC,14.19489
1776102993.6981385,120.69670057296753,IO -> PLC,17.46063
1776102993.7169642,120.71552634239197,IO -> PLC,0.83956
1776102993.7301383,120.7287003993988,IO -> PLC,5.83304
1776102993.7461379,120.74469995498657,IO -> PLC,9.23511
1776102993.7621372,120.76069927215576,IO -> PLC,13.69987
1776102993.7781365,120.77669858932495,IO -> PLC,16.69735
1776102993.79501,120.7935721874237,IO -> PLC,0.91652
1776102993.8101363,120.80869841575623,IO -> PLC,5.41058
1776102993.8261356,120.82469773292542,IO -> PLC,7.8174
1776102993.8421352,120.84069728851318,IO -> PLC,10.89777
1776102993.8581345,120.85669660568237,IO -> PLC,13.78366
1776102993.874135,120.87269711494446,IO -> PLC,16.46281
1776102993.8916924,120.89025449752808,IO -> PLC,1.96689
1776102993.9061337,120.90469574928284,IO -> PLC,4.87089
1776102993.9221332,120.9206953048706,IO -> PLC,7.59286
1776102993.9381325,120.9366946220398,IO -> PLC,10.68346
1776102993.954133,120.95269513130188,IO -> PLC,13.71791
1776102993.9701324,120.96869444847107,IO -> PLC,14.63051
1776102993.9861317,120.98469376564026,IO -> PLC,17.51527
1776102994.004885,121.00344705581665,IO -> PLC,2.25179
1776102994.0181305,121.01669263839722,IO -> PLC,5.42662
1776102994.0341308,121.03269290924072,IO -> PLC,8.28906
1776102994.0501304,121.04869246482849,IO -> PLC,11.63784
1776102994.0661297,121.06469178199768,IO -> PLC,14.44789
1776102994.0821292,121.08069133758545,IO -> PLC,17.23848
1776102994.0981295,121.09669160842896,IO -> PLC,0.89701
1776102994.1141288,121.11269092559814,IO -> PLC,5.5881
1776102994.1301284,121.12869048118591,IO -> PLC,8.41885
1776102994.1461277,121.1446897983551,IO -> PLC,11.52482
1776102994.162127,121.16068911552429,IO -> PLC,14.29199
1776102994.1781275,121.17668962478638,IO -> PLC,17.28747
1776102994.1965148,121.19507694244385,IO -> PLC,0.72083
1776102994.2101264,121.20868849754333,IO -> PLC,5.32075
1776102994.2261257,121.22468781471252,IO -> PLC,8.36328
1776102994.242125,121.24068713188171,IO -> PLC,11.53189
1776102994.2581255,121.2566876411438,IO -> PLC,14.3429
1776102994.2741249,121.27268695831299,IO -> PLC,17.03621
1776102994.2922497,121.29081177711487,IO -> PLC,3.86041
1776102994.3061237,121.30468583106995,IO -> PLC,5.15357
1776102994.322124,121.32068610191345,IO -> PLC,7.9308
1776102994.3381236,121.33668565750122,IO -> PLC,11.18038
1776102994.3541229,121.35268497467041,IO -> PLC,14.05699
1776102994.3701222,121.3686842918396,IO -> PLC,16.97471
1776102994.388044,121.38660621643066,IO -> PLC,0.15265
1776102994.402122,121.40068411827087,IO -> PLC,7.12441
1776102994.4181216,121.41668367385864,IO -> PLC,9.9358
1776102994.434121,121.43268299102783,IO -> PLC,12.91177
1776102994.4501202,121.44868230819702,IO -> PLC,15.8283
1776102994.4661207,121.4646828174591,IO -> PLC,5.85727
1776102994.48212,121.4806821346283,IO -> PLC,4.12982
1776102994.4981196,121.49668169021606,IO -> PLC,6.54585
1776102994.514119,121.51268100738525,IO -> PLC,9.48477
1776102994.5301182,121.52868032455444,IO -> PLC,16.10426
1776102994.5473192,121.5458812713623,IO -> PLC,5.34856
1776102994.562118,121.56068015098572,IO -> PLC,4.62916
1776102994.5781174,121.57667946815491,IO -> PLC,7.07782
1776102994.594117,121.59267902374268,IO -> PLC,9.72313
1776102994.6101162,121.60867834091187,IO -> PLC,12.69494
1776102994.6261168,121.62467885017395,IO -> PLC,15.95876
1776102994.642116,121.64067816734314,IO -> PLC,2.70878
1776102994.6581154,121.65667748451233,IO -> PLC,4.48462
1776102994.6741147,121.67267680168152,IO -> PLC,7.28346
1776102994.6901152,121.6886773109436,IO -> PLC,10.01373
1776102994.7061148,121.70467686653137,IO -> PLC,12.69265
1776102994.722114,121.72067618370056,IO -> PLC,15.46588
1776102994.7381134,121.73667550086975,IO -> PLC,4.65114
1776102994.7541127,121.75267481803894,IO -> PLC,3.60589
1776102994.7701132,121.76867532730103,IO -> PLC,6.40368
1776102994.7861125,121.78467464447021,IO -> PLC,9.50341
1776102994.802112,121.80067420005798,IO -> PLC,12.26841
1776102994.8181114,121.81667351722717,IO -> PLC,15.13189
1776102994.8341107,121.83267283439636,IO -> PLC,18.08833
1776102994.853294,121.85185599327087,IO -> PLC,1.52383
1776102994.8661106,121.86467266082764,IO -> PLC,6.03665
1776102994.8821099,121.88067197799683,IO -> PLC,8.84181
1776102994.8981094,121.8966715335846,IO -> PLC,11.54737
1776102994.91411,121.91267204284668,IO -> PLC,14.87655
1776102994.9301093,121.92867136001587,IO -> PLC,17.97435
1776102994.9461086,121.94467067718506,IO -> PLC,0.63972
1776102994.962108,121.96066999435425,IO -> PLC,5.45465
1776102994.9781075,121.97666954994202,IO -> PLC,7.09239
1776102994.9941077,121.99266982078552,IO -> PLC,9.881
1776102995.0101073,122.00866937637329,IO -> PLC,12.71967
1776102995.0261066,122.02466869354248,IO -> PLC,15.59843
1776102995.042106,122.04066801071167,IO -> PLC,3.1237
1776102995.0581055,122.05666756629944,IO -> PLC,4.44583
1776102995.0741057,122.07266783714294,IO -> PLC,7.26835
1776102995.090105,122.08866715431213,IO -> PLC,9.91759
1776102995.1061046,122.1046667098999,IO -> PLC,12.8137
1776102995.122104,122.12066602706909,IO -> PLC,15.79575
1776102995.1381044,122.13666653633118,IO -> PLC,5.02614
1776102995.1541038,122.15266585350037,IO -> PLC,4.17737
1776102995.170103,122.16866517066956,IO -> PLC,7.37454
1776102995.1861026,122.18466472625732,IO -> PLC,10.18354
1776102995.202102,122.20066404342651,IO -> PLC,12.93638
1776102995.2181025,122.2166645526886,IO -> PLC,15.59264
1776102995.2341018,122.23266386985779,IO -> PLC,6.51871
1776102995.250101,122.24866318702698,IO -> PLC,4.8251
1776102995.2661006,122.26466274261475,IO -> PLC,6.96775
1776102995.282101,122.28066301345825,IO -> PLC,9.79619
1776102995.2981002,122.29666233062744,IO -> PLC,12.76407
1776102995.3140998,122.31266188621521,IO -> PLC,15.59643
1776102995.330099,122.3286612033844,IO -> PLC,3.08802
1776102995.3460984,122.34466052055359,IO -> PLC,3.52547
1776102995.362099,122.36066102981567,IO -> PLC,6.09093
1776102995.3780982,122.37666034698486,IO -> PLC,8.85178
1776102995.3940978,122.39265990257263,IO -> PLC,11.19915
1776102995.4100971,122.40865921974182,IO -> PLC,13.9323
1776102995.4260964,122.42465853691101,IO -> PLC,16.49865
1776102995.4434237,122.4419858455658,IO -> PLC,0.37466
1776102995.4580963,122.45665836334229,IO -> PLC,5.97991
1776102995.4740956,122.47265768051147,IO -> PLC,8.15737
1776102995.4900951,122.48865723609924,IO -> PLC,10.67443
1776102995.5060954,122.50465750694275,IO -> PLC,13.07389
1776102995.522095,122.52065706253052,IO -> PLC,15.82649
1776102995.5380943,122.5366563796997,IO -> PLC,2.42307
1776102995.5540936,122.5526556968689,IO -> PLC,3.56927
1776102995.5700932,122.56865525245667,IO -> PLC,6.11497
1776102995.5860934,122.58465552330017,IO -> PLC,9.10039
1776102995.602093,122.60065507888794,IO -> PLC,11.54369
1776102995.6180923,122.61665439605713,IO -> PLC,14.09979
1776102995.6340916,122.63265371322632,IO -> PLC,16.87831
1776102995.6512842,122.64984631538391,IO -> PLC,0.4937
1776102995.6660914,122.66465353965759,IO -> PLC,5.53297
1776102995.682091,122.68065309524536,IO -> PLC,7.95828
1776102995.6980903,122.69665241241455,IO -> PLC,10.27989
1776102995.7140896,122.71265172958374,IO -> PLC,13.03761
1776102995.7300901,122.72865223884583,IO -> PLC,16.498
1776102995.7474186,122.7459807395935,IO -> PLC,0.69203
1776102995.7620888,122.7606508731842,IO -> PLC,6.68689
1776102995.7780883,122.77665042877197,IO -> PLC,6.74649
1776102995.7940876,122.79264974594116,IO -> PLC,9.31804
1776102995.8100882,122.80865025520325,IO -> PLC,11.78206
1776102995.8260875,122.82464957237244,IO -> PLC,14.39129
1776102995.8420868,122.84064888954163,IO -> PLC,17.4727
1776102995.8580863,122.8566484451294,IO -> PLC,1.24187
1776102995.8740857,122.87264776229858,IO -> PLC,6.92853
1776102995.8900862,122.88864827156067,IO -> PLC,9.38118
1776102995.9060855,122.90464758872986,IO -> PLC,12.13818
1776102995.9220848,122.92064690589905,IO -> PLC,14.68181
1776102995.9380844,122.93664646148682,IO -> PLC,17.54617
1776102995.956179,122.95474100112915,IO -> PLC,0.27186
1776102995.970084,122.96864604949951,IO -> PLC,6.62822
1776102995.9860835,122.98464560508728,IO -> PLC,7.71073
1776102996.0020828,123.00064492225647,IO -> PLC,10.37444
1776102996.0180824,123.01664447784424,IO -> PLC,13.38418
1776102996.0340827,123.03264474868774,IO -> PLC,16.06317
1776102996.0509837,123.0495457649231,IO -> PLC,2.74324
1776102996.0660815,123.0646436214447,IO -> PLC,3.49658
1776102996.0820808,123.08064293861389,IO -> PLC,5.92572
1776102996.0980814,123.09664344787598,IO -> PLC,8.4531
1776102996.1140807,123.11264276504517,IO -> PLC,11.11266
1776102996.13008,123.12864208221436,IO -> PLC,14.31383
1776102996.1460795,123.14464163780212,IO -> PLC,17.00722
1776102996.163941,123.1625030040741,IO -> PLC,1.20198
1776102996.1780791,123.17664122581482,IO -> PLC,4.3956
1776102996.1940787,123.19264078140259,IO -> PLC,6.75297
1776102996.210078,123.20864009857178,IO -> PLC,9.28148
1776102996.2260776,123.22463965415955,IO -> PLC,11.7187
1776102996.2420769,123.24063897132874,IO -> PLC,14.56674
1776102996.2580771,123.25663924217224,IO -> PLC,17.41871
1776102996.2756176,123.27417969703674,IO -> PLC,0.69243
1776102996.290076,123.2886381149292,IO -> PLC,6.04192
1776102996.3060753,123.30463743209839,IO -> PLC,7.40726
1776102996.3220758,123.32063794136047,IO -> PLC,10.13026
1776102996.3380752,123.33663725852966,IO -> PLC,12.6946
1776102996.3540747,123.35263681411743,IO -> PLC,15.37856
1776102996.370074,123.36863613128662,IO -> PLC,17.73401
1776102996.3886406,123.38720273971558,IO -> PLC,3.69569
1776102996.4020739,123.4006359577179,IO -> PLC,5.34256
1776102996.4180732,123.41663527488708,IO -> PLC,7.9693
1776102996.4340727,123.43263483047485,IO -> PLC,10.97487
1776102996.450072,123.44863414764404,IO -> PLC,15.03225
1776102996.4660723,123.46463441848755,IO -> PLC,17.81676
1776102996.4847586,123.48332071304321,IO -> PLC,3.71313
1776102996.4980712,123.4966332912445,IO -> PLC,5.3249
1776102996.5140705,123.5126326084137,IO -> PLC,7.83196
1776102996.53007,123.52863216400146,IO -> PLC,14.05175
1776102996.5460703,123.54463243484497,IO -> PLC,17.10357
1776102996.563979,123.5625410079956,IO -> PLC,3.83497
1776102996.5780692,123.57663130760193,IO -> PLC,4.78994
1776102996.5940685,123.59263062477112,IO -> PLC,7.26926
1776102996.6100678,123.60862994194031,IO -> PLC,9.76192
1776102996.6260684,123.62463045120239,IO -> PLC,12.59643
1776102996.642068,123.64063000679016,IO -> PLC,15.27751
1776102996.6580672,123.65662932395935,IO -> PLC,17.8817
1776102996.676757,123.6753191947937,IO -> PLC,3.14558
1776102996.690067,123.68862915039062,IO -> PLC,5.29663
1776102996.7060664,123.70462846755981,IO -> PLC,7.95418
1776102996.7220657,123.720627784729,IO -> PLC,10.46628
1776102996.7380652,123.73662734031677,IO -> PLC,13.46274
1776102996.7540646,123.75262665748596,IO -> PLC,15.93892
1776102996.770065,123.76862716674805,IO -> PLC,6.75849
1776102996.7860644,123.78462648391724,IO -> PLC,4.4003
1776102996.8020637,123.80062580108643,IO -> PLC,5.71634
1776102996.818063,123.81662511825562,IO -> PLC,8.23373
1776102996.8340626,123.83262467384338,IO -> PLC,11.1369
1776102996.850063,123.84862518310547,IO -> PLC,13.60092
1776102996.8660624,123.86462450027466,IO -> PLC,16.33095
1776102996.8832207,123.88178277015686,IO -> PLC,4.56197
1776102996.898061,123.89662313461304,IO -> PLC,3.74068
1776102996.9140615,123.91262364387512,IO -> PLC,6.2231
1776102996.9300609,123.92862296104431,IO -> PLC,8.88474
1776102996.9460604,123.94462251663208,IO -> PLC,11.61293
1776102996.9620597,123.96062183380127,IO -> PLC,14.14448
1776102996.978059,123.97662115097046,IO -> PLC,14.73858
1776102996.9940596,123.99262166023254,IO -> PLC,17.51997
1776102997.0124273,124.01098942756653,IO -> PLC,0.64611
1776102997.0260582,124.02462029457092,IO -> PLC,4.86938
1776102997.0420578,124.04061985015869,IO -> PLC,7.81862
1776102997.058057,124.05661916732788,IO -> PLC,10.36354
1776102997.0740576,124.07261967658997,IO -> PLC,13.04445
1776102997.090057,124.08861899375916,IO -> PLC,15.76248
1776102997.1060562,124.10461831092834,IO -> PLC,4.47668
1776102997.1220558,124.12061786651611,IO -> PLC,3.17013
1776102997.138056,124.13661813735962,IO -> PLC,6.94389
1776102997.1540556,124.15261769294739,IO -> PLC,8.9255
1776102997.170055,124.16861701011658,IO -> PLC,11.51536
1776102997.1860542,124.18461632728577,IO -> PLC,14.12979
1776102997.2020535,124.20061564445496,IO -> PLC,16.5959
1776102997.2194862,124.2180483341217,IO -> PLC,1.60655
1776102997.2340534,124.23261547088623,IO -> PLC,3.98306
1776102997.250053,124.248615026474,IO -> PLC,6.72854
1776102997.2660522,124.26461434364319,IO -> PLC,9.23665
1776102997.2820528,124.28061485290527,IO -> PLC,12.10308
1776102997.298052,124.29661417007446,IO -> PLC,14.63568
1776102997.3140514,124.31261348724365,IO -> PLC,17.21522
1776102997.3321915,124.3307535648346,IO -> PLC,0.64611
1776102997.3460503,124.34461236000061,IO -> PLC,7.01506
1776102997.3620508,124.3606128692627,IO -> PLC,7.35731
1776102997.37805,124.37661218643188,IO -> PLC,9.89189
1776102997.3940494,124.39261150360107,IO -> PLC,12.42256
1776102997.4100487,124.40861082077026,IO -> PLC,14.93546
1776102997.4260483,124.42461037635803,IO -> PLC,18.01599
1776102997.4420485,124.44061064720154,IO -> PLC,1.0149
1776102997.458048,124.4566102027893,IO -> PLC,5.48517
1776102997.4740474,124.4726095199585,IO -> PLC,8.30448
1776102997.4900467,124.48860883712769,IO -> PLC,10.77547
1776102997.5060472,124.50460934638977,IO -> PLC,13.14741
1776102997.5220466,124.52060866355896,IO -> PLC,15.59183
1776102997.5380461,124.53660821914673,IO -> PLC,18.54028
1776102997.5574067,124.55596876144409,IO -> PLC,2.72364
1776102997.5700448,124.56860685348511,IO -> PLC,5.82904
1776102997.5860453,124.58460736274719,IO -> PLC,8.91469
1776102997.6020446,124.60060667991638,IO -> PLC,11.41751
1776102997.6180441,124.61660623550415,IO -> PLC,13.99938
1776102997.6340435,124.63260555267334,IO -> PLC,17.01527
1776102997.6518757,124.65043783187866,IO -> PLC,5.328
1776102997.6660433,124.66460537910461,IO -> PLC,4.87926
1776102997.6820426,124.6806046962738,IO -> PLC,6.6799
1776102997.698042,124.696604013443,IO -> PLC,9.17056
1776102997.7140415,124.71260356903076,IO -> PLC,11.7185
1776102997.7300417,124.72860383987427,IO -> PLC,14.59295
1776102997.7460413,124.74460339546204,IO -> PLC,17.04057
1776102997.7639022,124.76246428489685,IO -> PLC,4.20131
1776102997.77804,124.77660202980042,IO -> PLC,4.35302
1776102997.7940395,124.79260158538818,IO -> PLC,7.02081
1776102997.8100398,124.80860185623169,IO -> PLC,9.65571
1776102997.826039,124.82460117340088,IO -> PLC,13.75614
1776102997.8420386,124.84060072898865,IO -> PLC,16.86619
1776102997.859124,124.85768604278564,IO -> PLC,0.59706
1776102997.8740375,124.8725996017456,IO -> PLC,5.30805
1776102997.8900378,124.88859987258911,IO -> PLC,7.18644
1776102997.906037,124.9045991897583,IO -> PLC,9.76606
1776102997.9220366,124.92059874534607,IO -> PLC,12.48611
1776102997.938036,124.93659806251526,IO -> PLC,15.32486
1776102997.9540365,124.95259857177734,IO -> PLC,17.83584
1776102997.9726937,124.97125577926636,IO -> PLC,3.28703
1776102997.986035,124.98459720611572,IO -> PLC,4.84828
1776102998.0020347,125.00059676170349,IO -> PLC,7.50383
1776102998.018034,125.01659607887268,IO -> PLC,10.65077
1776102998.0340343,125.03259634971619,IO -> PLC,13.27751
1776102998.0500338,125.04859590530396,IO -> PLC,15.99643
1776102998.0660331,125.06459522247314,IO -> PLC,0.91342
1776102998.0820327,125.08059477806091,IO -> PLC,5.28208
1776102998.098033,125.09659504890442,IO -> PLC,5.71961
1776102998.1140323,125.11259436607361,IO -> PLC,8.14476
1776102998.1300318,125.12859392166138,IO -> PLC,10.87895
1776102998.1460311,125.14459323883057,IO -> PLC,13.76483
1776102998.1620307,125.16059279441833,IO -> PLC,16.45503
1776102998.179308,125.17787003517151,IO -> PLC,5.62177
1776102998.1940303,125.19259238243103,IO -> PLC,5.12841
1776102998.2100298,125.2085919380188,IO -> PLC,6.56631
1776102998.2260292,125.22459125518799,IO -> PLC,9.18394
1776102998.2420285,125.24059057235718,IO -> PLC,11.80869
1776102998.258029,125.25659108161926,IO -> PLC,14.19175
1776102998.2740283,125.27259039878845,IO -> PLC,16.73754
1776102998.2915893,125.29015135765076,IO -> PLC,4.60901
1776102998.3060272,125.30458927154541,IO -> PLC,4.47928
1776102998.3220274,125.32058954238892,IO -> PLC,6.96778
1776102998.338027,125.33658909797668,IO -> PLC,9.76638
1776102998.3540263,125.35258841514587,IO -> PLC,12.45274
1776102998.3700259,125.36858797073364,IO -> PLC,14.96372
1776102998.3860252,125.38458728790283,IO -> PLC,17.5588
1776102998.4044135,125.40297555923462,IO -> PLC,2.30283
1776102998.418025,125.4165871143341,IO -> PLC,5.17333
1776102998.4340243,125.4325864315033,IO -> PLC,8.75965
1776102998.4500237,125.44858574867249,IO -> PLC,11.97218
1776102998.4660242,125.46458625793457,IO -> PLC,14.4526
1776102998.4820235,125.48058557510376,IO -> PLC,16.96767
1776102998.4998186,125.49838066101074,IO -> PLC,4.45052
1776102998.5140224,125.51258444786072,IO -> PLC,4.88646
1776102998.5300217,125.52858376502991,IO -> PLC,10.71432
1776102998.5460222,125.54458427429199,IO -> PLC,14.04566
1776102998.5620215,125.56058359146118,IO -> PLC,17.01859
1776102998.5798612,125.57842326164246,IO -> PLC,4.13187
1776102998.5940204,125.59258246421814,IO -> PLC,4.40256
1776102998.6100197,125.60858178138733,IO -> PLC,7.09283
1776102998.6260202,125.62458229064941,IO -> PLC,9.63366
1776102998.6420195,125.6405816078186,IO -> PLC,12.45105
1776102998.6580188,125.6565809249878,IO -> PLC,15.06748
1776102998.6740184,125.67258048057556,IO -> PLC,17.51791
1776102998.6923597,125.69092178344727,IO -> PLC,2.87133
1776102998.7060182,125.70458030700684,IO -> PLC,5.00252
1776102998.7220175,125.72057962417603,IO -> PLC,7.53407
1776102998.7380168,125.73657894134521,IO -> PLC,10.1905
1776102998.7540162,125.7525782585144,IO -> PLC,13.03037
1776102998.7700167,125.76857876777649,IO -> PLC,13.71672
1776102998.7860162,125.78457832336426,IO -> PLC,16.4622
1776102998.8033078,125.80186986923218,IO -> PLC,2.71253
1776102998.8180149,125.81657695770264,IO -> PLC,3.91489
1776102998.8340142,125.83257627487183,IO -> PLC,6.58684
1776102998.8500147,125.84857678413391,IO -> PLC,9.35271
1776102998.866014,125.8645761013031,IO -> PLC,12.21316
1776102998.8820136,125.88057565689087,IO -> PLC,14.77734
1776102998.8980129,125.89657497406006,IO -> PLC,17.51874
1776102998.916351,125.91491317749023,IO -> PLC,0.30594
1776102998.9300127,125.92857480049133,IO -> PLC,5.07808
1776102998.946012,125.94457411766052,IO -> PLC,9.61075
1776102998.9620113,125.96057343482971,IO -> PLC,12.27111
1776102998.978011,125.97657299041748,IO -> PLC,14.69009
1776102998.9940114,125.99257349967957,IO -> PLC,17.53292
1776102999.0123687,126.01093077659607,IO -> PLC,1.56751
1776102999.02601,126.02457213401794,IO -> PLC,5.09522
1776102999.0420094,126.04057145118713,IO -> PLC,7.93095
1776102999.0580087,126.05657076835632,IO -> PLC,10.45641
1776102999.0740092,126.07257127761841,IO -> PLC,13.05764
1776102999.0900087,126.08857083320618,IO -> PLC,15.87576
1776102999.106008,126.10457015037537,IO -> PLC,5.94986
1776102999.1220074,126.12056946754456,IO -> PLC,3.77799
1776102999.1380079,126.13656997680664,IO -> PLC,6.43467
1776102999.1540072,126.15256929397583,IO -> PLC,9.00309
1776102999.1700065,126.16856861114502,IO -> PLC,11.56015
1776102999.186006,126.18456816673279,IO -> PLC,14.03522
1776102999.2020054,126.20056748390198,IO -> PLC,16.61925
1776102999.2194479,126.21800994873047,IO -> PLC,3.63424
1776102999.2340052,126.23256731033325,IO -> PLC,3.9245
1776102999.2500045,126.24856662750244,IO -> PLC,7.11559
1776102999.266004,126.26456618309021,IO -> PLC,9.61105
1776102999.2820044,126.28056645393372,IO -> PLC,13.7618
1776102999.298004,126.29656600952148,IO -> PLC,16.33606
1776102999.3151655,126.3137276172638,IO -> PLC,5.30032
1776102999.3300025,126.32856464385986,IO -> PLC,4.26318
1776102999.3460019,126.34456396102905,IO -> PLC,6.45574
1776102999.3620024,126.36056447029114,IO -> PLC,8.84184
1776102999.3780017,126.37656378746033,IO -> PLC,11.50652
1776102999.3940012,126.3925633430481,IO -> PLC,14.11991
1776102999.4100006,126.40856266021729,IO -> PLC,16.77441
1776102999.427749,126.42631101608276,IO -> PLC,4.0633
1776102999.4420004,126.44056248664856,IO -> PLC,4.85802
1776102999.4579997,126.45656180381775,IO -> PLC,7.44676
1776102999.473999,126.47256112098694,IO -> PLC,10.23449
1776102999.4899986,126.4885606765747,IO -> PLC,12.85195
1776102999.505999,126.50456118583679,IO -> PLC,15.31485
1776102999.5219984,126.52056050300598,IO -> PLC,17.89657
1776102999.5407286,126.5392906665802,IO -> PLC,4.0561
1776102999.553997,126.55255913734436,IO -> PLC,5.43639
1776102999.5699966,126.56855869293213,IO -> PLC,8.47787
1776102999.5859969,126.58455896377563,IO -> PLC,9.20005
1776102999.6019964,126.6005585193634,IO -> PLC,11.80721
1776102999.6179957,126.61655783653259,IO -> PLC,14.53332
1776102999.633995,126.63255715370178,IO -> PLC,17.51872
1776102999.65233,126.65089201927185,IO -> PLC,3.48688
1776102999.665995,126.66455698013306,IO -> PLC,4.94894
1776102999.6819944,126.68055653572083,IO -> PLC,7.46912
1776102999.6979938,126.69655585289001,IO -> PLC,10.13068
1776102999.713993,126.7125551700592,IO -> PLC,12.62638
1776102999.7299936,126.72855567932129,IO -> PLC,15.70987
1776102999.745993,126.74455499649048,IO -> PLC,6.7681
1776102999.7619922,126.76055431365967,IO -> PLC,4.8328
1776102999.7779918,126.77655386924744,IO -> PLC,5.82331
1776102999.793991,126.79255318641663,IO -> PLC,10.28807
1776102999.8099916,126.80855369567871,IO -> PLC,12.8801
1776102999.825991,126.8245530128479,IO -> PLC,15.38108
1776102999.8419902,126.84055233001709,IO -> PLC,18.27601
1776102999.8612463,126.8598084449768,IO -> PLC,2.6758
1776102999.873989,126.87255120277405,IO -> PLC,5.77493
1776102999.8899894,126.88855147361755,IO -> PLC,8.36073
1776102999.905989,126.90455102920532,IO -> PLC,11.31405
1776102999.9219882,126.92055034637451,IO -> PLC,13.84871
1776102999.9379878,126.93654990196228,IO -> PLC,16.75628
1776102999.9556215,126.95418357849121,IO -> PLC,5.2604
1776102999.9699874,126.96854948997498,IO -> PLC,4.71076
1776102999.985987,126.98454904556274,IO -> PLC,6.70164
1776103000.0019863,127.00054836273193,IO -> PLC,9.45015
1776103000.0179856,127.01654767990112,IO -> PLC,12.34012
1776103000.033986,127.03254818916321,IO -> PLC,15.34992
1776103000.0499854,127.0485475063324,IO -> PLC,17.81482
1776103000.0686083,127.06717038154602,IO -> PLC,3.1387
1776103000.0819843,127.08054637908936,IO -> PLC,5.28912
1776103000.0979846,127.09654664993286,IO -> PLC,7.79522
1776103000.113984,127.11254620552063,IO -> PLC,10.42902
1776103000.1299834,127.12854552268982,IO -> PLC,13.01472
1776103000.145983,127.14454507827759,IO -> PLC,16.17605
1776103000.1627364,127.16129851341248,IO -> PLC,0.23969
1776103000.1779826,127.17654466629028,IO -> PLC,5.07057
1776103000.1939821,127.19254422187805,IO -> PLC,5.91164
1776103000.2099814,127.20854353904724,IO -> PLC,8.49327
1776103000.225981,127.22454309463501,IO -> PLC,10.74016
1776103000.2419803,127.2405424118042,IO -> PLC,13.77445
1776103000.2579806,127.2565426826477,IO -> PLC,16.25192
1776103000.2750568,127.2736189365387,IO -> PLC,5.88714
1776103000.2899795,127.28854155540466,IO -> PLC,5.29884
1776103000.3059788,127.30454087257385,IO -> PLC,6.34256
1776103000.3219793,127.32054138183594,IO -> PLC,8.98051
1776103000.3379786,127.33654069900513,IO -> PLC,11.69551
1776103000.3539782,127.3525402545929,IO -> PLC,14.20649
1776103000.3699775,127.36853957176208,IO -> PLC,16.5281
1776103000.387339,127.38590121269226,IO -> PLC,4.31436
1776103000.4019773,127.40053939819336,IO -> PLC,4.03328
1776103000.4179766,127.41653871536255,IO -> PLC,6.62507
1776103000.433976,127.43253803253174,IO -> PLC,9.03165
1776103000.4499755,127.4485375881195,IO -> PLC,13.21095
1776103000.4659748,127.4645369052887,IO -> PLC,15.49672
1776103000.4819753,127.48053741455078,IO -> PLC,18.16356
1776103000.500964,127.49952602386475,IO -> PLC,2.21378
1776103000.513974,127.51253604888916,IO -> PLC,5.49432
1776103000.5299735,127.52853560447693,IO -> PLC,11.73084
1776103000.5459738,127.54453587532043,IO -> PLC,14.87777
1776103000.5619733,127.5605354309082,IO -> PLC,17.19539
1776103000.5799806,127.57854270935059,IO -> PLC,2.77389
1776103000.593972,127.59253406524658,IO -> PLC,4.5948
1776103000.6099715,127.60853362083435,IO -> PLC,7.04346
1776103000.6259718,127.62453389167786,IO -> PLC,9.7235
1776103000.641971,127.64053320884705,IO -> PLC,12.55409
1776103000.6579707,127.65653276443481,IO -> PLC,15.1594
1776103000.67397,127.672532081604,IO -> PLC,17.68479
1776103000.6926131,127.69117522239685,IO -> PLC,1.70704
1776103000.7059698,127.70453190803528,IO -> PLC,5.42205
1776103000.7219691,127.72053122520447,IO -> PLC,7.86656
1776103000.7379687,127.73653078079224,IO -> PLC,10.53442
1776103000.753968,127.75253009796143,IO -> PLC,13.06686
1776103000.7699685,127.76853060722351,IO -> PLC,15.34239
1776103000.7859678,127.7845299243927,IO -> PLC,17.68568
1776103000.8044963,127.803058385849,IO -> PLC,0.62227
1776103000.8179667,127.81652879714966,IO -> PLC,5.06253
1776103000.833966,127.83252811431885,IO -> PLC,7.6196
1776103000.8499663,127.84852838516235,IO -> PLC,10.3682
1776103000.8659658,127.86452794075012,IO -> PLC,13.1968
1776103000.8819652,127.88052725791931,IO -> PLC,15.76018
1776103000.8979645,127.8965265750885,IO -> PLC,4.13013
1776103000.913965,127.91252708435059,IO -> PLC,3.34808
1776103000.9299643,127.92852640151978,IO -> PLC,6.51949
1776103000.9459639,127.94452595710754,IO -> PLC,8.64167
1776103000.9619632,127.96052527427673,IO -> PLC,11.17425
1776103000.9779625,127.97652459144592,IO -> PLC,13.68531
1776103000.993963,127.99252510070801,IO -> PLC,16.05806
1776103001.0112283,128.00979042053223,IO -> PLC,2.22818
1776103001.0259619,128.02452397346497,IO -> PLC,3.58339
1776103001.0419612,128.04052329063416,IO -> PLC,6.34535
1776103001.0579605,128.05652260780334,IO -> PLC,9.02034
1776103001.073961,128.07252311706543,IO -> PLC,11.61853
1776103001.0899603,128.08852243423462,IO -> PLC,14.6681
1776103001.1059597,128.1045217514038,IO -> PLC,17.14436
1776103001.1240451,128.12260723114014,IO -> PLC,0.33986
1776103001.1379595,128.13652157783508,IO -> PLC,7.03612
1776103001.153959,128.15252113342285,IO -> PLC,8.22857
1776103001.1699584,128.16852045059204,IO -> PLC,10.77036
1776103001.1859577,128.18451976776123,IO -> PLC,13.22198
1776103001.201957,128.20051908493042,IO -> PLC,16.48355
1776103001.219426,128.2179880142212,IO -> PLC,1.63735
1776103001.233957,128.23251914978027,IO -> PLC,4.26098
1776103001.2499564,128.24851846694946,IO -> PLC,7.1315
1776103001.2659557,128.26451778411865,IO -> PLC,9.98971
1776103001.281955,128.28051710128784,IO -> PLC,12.89407
1776103001.2979555,128.29651761054993,IO -> PLC,15.38145
1776103001.3139548,128.31251692771912,IO -> PLC,18.10757
1776103001.3321352,128.33069729804993,IO -> PLC,0.7446
1776103001.3459537,128.34451580047607,IO -> PLC,6.65791
1776103001.3619542,128.36051630973816,IO -> PLC,8.51703
1776103001.3779535,128.37651562690735,IO -> PLC,9.45706
1776103001.3939528,128.39251494407654,IO -> PLC,12.08709
1776103001.4099522,128.40851426124573,IO -> PLC,14.6892
1776103001.4259517,128.4245138168335,IO -> PLC,17.51955
1776103001.4419522,128.44051432609558,IO -> PLC,1.14121
1776103001.4579515,128.45651364326477,IO -> PLC,5.43363
1776103001.4739509,128.47251296043396,IO -> PLC,8.42047
1776103001.4899502,128.48851227760315,IO -> PLC,10.86514
1776103001.5059507,128.50451278686523,IO -> PLC,13.42533
1776103001.52195,128.52051210403442,IO -> PLC,16.03367
1776103001.5387957,128.53735780715942,IO -> PLC,1.20517
1776103001.5539489,128.55251097679138,IO -> PLC,6.61251
1776103001.5699482,128.56851029396057,IO -> PLC,6.31584
1776103001.5859487,128.58451080322266,IO -> PLC,9.36862
1776103001.601948,128.60051012039185,IO -> PLC,11.87872
1776103001.6179473,128.61650943756104,IO -> PLC,14.41739
1776103001.633947,128.6325089931488,IO -> PLC,17.24895
1776103001.65146,128.6500220298767,IO -> PLC,0.56539
1776103001.6659467,128.66450881958008,IO -> PLC,5.74305
1776103001.681946,128.68050813674927,IO -> PLC,6.97941
1776103001.6979454,128.69650745391846,IO -> PLC,9.39719
1776103001.713945,128.71250700950623,IO -> PLC,11.87866
1776103001.7299452,128.72850728034973,IO -> PLC,14.97551
1776103001.7459447,128.7445068359375,IO -> PLC,17.50273
1776103001.764283,128.76284503936768,IO -> PLC,4.39196
1776103001.7779434,128.77650547027588,IO -> PLC,4.89014
1776103001.793943,128.79250502586365,IO -> PLC,7.31304
1776103001.8099432,128.80850529670715,IO -> PLC,9.82619
1776103001.8259425,128.82450461387634,IO -> PLC,12.3343
1776103001.841942,128.8405041694641,IO -> PLC,15.35714
1776103001.8579414,128.8565034866333,IO -> PLC,17.97878
1776103001.8767405,128.87530255317688,IO -> PLC,3.27167
1776103001.8899412,128.88850331306458,IO -> PLC,7.42028
1776103001.9059405,128.90450263023376,IO -> PLC,10.13823
1776103001.92194,128.92050218582153,IO -> PLC,12.56433
1776103001.9379394,128.93650150299072,IO -> PLC,15.24229
1776103001.95394,128.9525020122528,IO -> PLC,17.71143
1776103001.9724693,128.97103142738342,IO -> PLC,4.09498
1776103001.9859385,128.9845006465912,IO -> PLC,5.07716
1776103002.001938,129.00050020217896,IO -> PLC,9.28294
1776103002.0179374,129.01649951934814,IO -> PLC,12.43907
1776103002.0339377,129.03249979019165,IO -> PLC,15.09975
1776103002.0499372,129.04849934577942,IO -> PLC,17.66497
1776103002.0659366,129.0644986629486,IO -> PLC,0.70603
1776103002.081936,129.0804979801178,IO -> PLC,5.21079
1776103002.0979354,129.09649753570557,IO -> PLC,7.63193
1776103002.1139357,129.11249780654907,IO -> PLC,9.93618
1776103002.1299353,129.12849736213684,IO -> PLC,12.85687
1776103002.1459346,129.14449667930603,IO -> PLC,15.91972
1776103002.161934,129.16049599647522,IO -> PLC,2.33918
1776103002.1779344,129.1764965057373,IO -> PLC,2.94655
1776103002.1939337,129.1924958229065,IO -> PLC,6.63519
1776103002.209933,129.20849514007568,IO -> PLC,7.7506
1776103002.2259326,129.22449469566345,IO -> PLC,10.29758
1776103002.241932,129.24049401283264,IO -> PLC,13.24154
1776103002.2579324,129.25649452209473,IO -> PLC,15.63605
1776103002.2739317,129.27249383926392,IO -> PLC,18.29856
1776103002.289931,129.2884931564331,IO -> PLC,1.18392
1776103002.3059306,129.30449271202087,IO -> PLC,5.97574
1776103002.321931,129.32049298286438,IO -> PLC,8.41096
1776103002.3379304,129.33649253845215,IO -> PLC,11.24155
1776103002.3539298,129.35249185562134,IO -> PLC,13.61222
1776103002.369929,129.36849117279053,IO -> PLC,16.18584
1776103002.3869374,129.38549947738647,IO -> PLC,0.75364
1776103002.401929,129.4004909992218,IO -> PLC,6.10841
1776103002.4179285,129.41649055480957,IO -> PLC,6.31969
1776103002.4339278,129.43248987197876,IO -> PLC,8.90764
1776103002.449927,129.44848918914795,IO -> PLC,12.11066
1776103002.4659266,129.46448874473572,IO -> PLC,14.56347
1776103002.481927,129.48048901557922,IO -> PLC,17.06935
1776103002.4979262,129.4964883327484,IO -> PLC,0.67563
1776103002.5139258,129.51248788833618,IO -> PLC,4.99621
1776103002.529925,129.52848720550537,IO -> PLC,10.24461
1776103002.5459256,129.54448771476746,IO -> PLC,13.58011
1776103002.561925,129.56048703193665,IO -> PLC,16.40334
1776103002.5791488,129.5777108669281,IO -> PLC,5.42001
1776103002.5939238,129.5924859046936,IO -> PLC,4.94353
1776103002.6099231,129.6084852218628,IO -> PLC,6.28951
1776103002.6259234,129.6244854927063,IO -> PLC,8.87017
1776103002.641923,129.64048504829407,IO -> PLC,11.82053
1776103002.6579223,129.65648436546326,IO -> PLC,12.64393
1776103002.6739218,129.67248392105103,IO -> PLC,15.07914
1776103002.689922,129.68848419189453,IO -> PLC,17.63133
1776103002.7083757,129.706937789917,IO -> PLC,1.24517
1776103002.721921,129.7204830646515,IO -> PLC,5.07066
1776103002.7379203,129.73648238182068,IO -> PLC,8.0099
1776103002.7539196,129.75248169898987,IO -> PLC,10.74922
1776103002.76992,129.76848220825195,IO -> PLC,13.39941
1776103002.7859194,129.78448152542114,IO -> PLC,16.09193
1776103002.8028438,129.80140590667725,IO -> PLC,3.17454
1776103002.8179183,129.8164803981781,IO -> PLC,3.44437
1776103002.8339176,129.8324797153473,IO -> PLC,6.2717
1776103002.8499181,129.84848022460938,IO -> PLC,8.93549
1776103002.8659174,129.86447954177856,IO -> PLC,11.61736
1776103002.881917,129.88047909736633,IO -> PLC,14.45932
1776103002.8979163,129.89647841453552,IO -> PLC,17.05327
1776103002.9159129,129.91447496414185,IO -> PLC,0.61643
1776103002.9299161,129.9284782409668,IO -> PLC,6.99952
1776103002.9459155,129.944477558136,IO -> PLC,7.27832
1776103002.961915,129.96047711372375,IO -> PLC,9.93778
1776103002.9779143,129.97647643089294,IO -> PLC,12.4663
1776103002.9939146,129.99247670173645,IO -> PLC,16.99377
1776103003.0117297,130.01029181480408,IO -> PLC,1.21845
1776103003.0259135,130.0244755744934,IO -> PLC,4.43222
1776103003.0419128,130.0404748916626,IO -> PLC,7.3077
1776103003.0579123,130.05647444725037,IO -> PLC,9.91606
1776103003.0739126,130.07247471809387,IO -> PLC,12.57761
1776103003.0899122,130.08847427368164,IO -> PLC,15.47581
1776103003.1059115,130.10447359085083,IO -> PLC,18.05864
1776103003.1219108,130.12047290802002,IO -> PLC,1.77237
1776103003.1379113,130.1364734172821,IO -> PLC,6.35904
1776103003.1539106,130.1524727344513,IO -> PLC,8.72691
1776103003.16991,130.16847205162048,IO -> PLC,9.52669
1776103003.1859095,130.18447160720825,IO -> PLC,12.15976
1776103003.2019088,130.20047092437744,IO -> PLC,14.58771
1776103003.2179093,130.21647143363953,IO -> PLC,17.14093
1776103003.2358735,130.2344355583191,IO -> PLC,4.57613
1776103003.249908,130.2484700679779,IO -> PLC,4.67051
1776103003.2659075,130.26446962356567,IO -> PLC,7.14149
1776103003.2819068,130.28046894073486,IO -> PLC,9.80833
1776103003.2979074,130.29646944999695,IO -> PLC,12.25675
1776103003.3139067,130.31246876716614,IO -> PLC,15.12742
1776103003.329906,130.32846808433533,IO -> PLC,17.90267
1776103003.3487036,130.34726572036743,IO -> PLC,3.33911
1776103003.3619058,130.3604679107666,IO -> PLC,5.28791
1776103003.3779051,130.3764672279358,IO -> PLC,9.67395
1776103003.3939047,130.39246678352356,IO -> PLC,12.20133
1776103003.409904,130.40846610069275,IO -> PLC,14.84144
1776103003.4259033,130.42446541786194,IO -> PLC,17.42531
1776103003.4419038,130.44046592712402,IO -> PLC,0.78774
1776103003.4579031,130.4564652442932,IO -> PLC,5.34499
1776103003.4739027,130.47246479988098,IO -> PLC,8.13046
1776103003.489902,130.48846411705017,IO -> PLC,10.95065
1776103003.5059025,130.50446462631226,IO -> PLC,13.44541
1776103003.5219018,130.52046394348145,IO -> PLC,15.95959
1776103003.5379012,130.53646326065063,IO -> PLC,1.81453
1776103003.5539005,130.55246257781982,IO -> PLC,6.06856
1776103003.5699,130.5684621334076,IO -> PLC,5.8987
1776103003.5859003,130.5844624042511,IO -> PLC,8.82154
1776103003.6018999,130.60046195983887,IO -> PLC,11.41966
1776103003.6178992,130.61646127700806,IO -> PLC,14.06489
1776103003.6338985,130.63246059417725,IO -> PLC,16.86765
1776103003.6516051,130.65016722679138,IO -> PLC,4.32228
1776103003.6658983,130.66446042060852,IO -> PLC,4.47834
1776103003.6818979,130.6804599761963,IO -> PLC,6.95341
1776103003.6978972,130.69645929336548,IO -> PLC,9.59152
1776103003.7138965,130.71245861053467,IO -> PLC,12.0145
1776103003.729897,130.72845911979675,IO -> PLC,15.11544
1776103003.7458963,130.74445843696594,IO -> PLC,17.75746
1776103003.7645009,130.76306295394897,IO -> PLC,1.96601
1776103003.7778952,130.7764573097229,IO -> PLC,5.05983
1776103003.7938945,130.7924566268921,IO -> PLC,7.6721
1776103003.809895,130.80845713615417,IO -> PLC,10.1054
1776103003.8258944,130.82445645332336,IO -> PLC,12.83552
1776103003.8418937,130.84045577049255,IO -> PLC,15.61403
1776103003.857893,130.85645508766174,IO -> PLC,18.20686
1776103003.8768363,130.87539839744568,IO -> PLC,0.10248
1776103003.889893,130.8884551525116,IO -> PLC,7.7014
1776103003.9058924,130.9044544696808,IO -> PLC,8.67464
1776103003.9218917,130.92045378684998,IO -> PLC,11.11594
1776103003.937891,130.93645310401917,IO -> PLC,14.16879
1776103003.9538915,130.95245361328125,IO -> PLC,16.51097
1776103003.9713497,130.96991181373596,IO -> PLC,1.65672
1776103003.9858904,130.9844524860382,IO -> PLC,4.02294
1776103004.0018897,131.0004518032074,IO -> PLC,7.27852
1776103004.017889,131.0164511203766,IO -> PLC,10.55978
1776103004.0338895,131.03245162963867,IO -> PLC,13.53575
1776103004.0498888,131.04845094680786,IO -> PLC,15.97705
1776103004.0658882,131.06445026397705,IO -> PLC,3.44007
1776103004.0818877,131.08044981956482,IO -> PLC,3.51591
1776103004.097887,131.096449136734,IO -> PLC,6.67828
1776103004.1138875,131.1124496459961,IO -> PLC,9.28039
1776103004.1298869,131.12844896316528,IO -> PLC,11.94619
1776103004.1458862,131.14444828033447,IO -> PLC,13.12303
1776103004.1618857,131.16044783592224,IO -> PLC,16.09675
1776103004.1788201,131.17738223075867,IO -> PLC,0.75771
1776103004.1938856,131.19244766235352,IO -> PLC,7.02304
1776103004.209885,131.2084469795227,IO -> PLC,6.09228
1776103004.2258842,131.2244462966919,IO -> PLC,8.2542
1776103004.2418838,131.24044585227966,IO -> PLC,11.31321
1776103004.257884,131.25644612312317,IO -> PLC,13.82844
1776103004.2738833,131.27244544029236,IO -> PLC,16.3691
1776103004.2907984,131.28936052322388,IO -> PLC,0.40242
1776103004.3058822,131.30444431304932,IO -> PLC,5.82061
1776103004.3218827,131.3204448223114,IO -> PLC,8.32055
1776103004.337882,131.3364441394806,IO -> PLC,10.99346
1776103004.3538814,131.35244345664978,IO -> PLC,13.72982
1776103004.369881,131.36844301223755,IO -> PLC,16.38825
1776103004.4018807,131.40044283866882,IO -> PLC,5.86239
1776103004.41788,131.416442155838,IO -> PLC,6.40129
1776103004.4338794,131.4324414730072,IO -> PLC,8.84579
1776103004.449879,131.44844102859497,IO -> PLC,12.00105
1776103004.4658782,131.46444034576416,IO -> PLC,14.44042
1776103004.4818785,131.48044061660767,IO -> PLC,15.00781
1776103004.497878,131.49644017219543,IO -> PLC,17.67744
1776103004.5163655,131.51492762565613,IO -> PLC,2.70861
1776103004.5298767,131.5284388065338,IO -> PLC,8.24027
1776103004.5458772,131.5444393157959,IO -> PLC,11.56241
1776103004.5618765,131.5604386329651,IO -> PLC,13.97115
1776103004.577876,131.57643818855286,IO -> PLC,16.89792
1776103004.595713,131.59427499771118,IO -> PLC,2.92773
1776103004.6098747,131.60843682289124,IO -> PLC,4.34453
1776103004.6258752,131.62443733215332,IO -> PLC,8.90561
1776103004.6418746,131.6404366493225,IO -> PLC,11.72604
1776103004.657874,131.65643620491028,IO -> PLC,14.19927
1776103004.6738734,131.67243552207947,IO -> PLC,16.8013
1776103004.691494,131.69005608558655,IO -> PLC,3.7797
1776103004.7058733,131.70443534851074,IO -> PLC,3.86693
1776103004.7218726,131.72043466567993,IO -> PLC,6.56144
1776103004.737872,131.73643398284912,IO -> PLC,9.27419
1776103004.7538714,131.7524335384369,IO -> PLC,11.96447
1776103004.7698717,131.7684338092804,IO -> PLC,14.63426
1776103004.7858713,131.78443336486816,IO -> PLC,15.25797
1776103004.8018706,131.80043268203735,IO -> PLC,17.85311
1776103004.81787,131.81643199920654,IO -> PLC,1.68349
1776103004.8338695,131.8324315547943,IO -> PLC,5.86367
1776103004.8498697,131.84843182563782,IO -> PLC,7.98792
1776103004.8658693,131.8644313812256,IO -> PLC,10.41497
1776103004.8818686,131.88043069839478,IO -> PLC,13.11862
1776103004.897868,131.89643001556396,IO -> PLC,17.39088
1776103004.9298677,131.92842984199524,IO -> PLC,6.37252
1776103004.945867,131.94442915916443,IO -> PLC,7.72241
1776103004.9618666,131.9604287147522,IO -> PLC,10.43109
1776103004.977866,131.9764280319214,IO -> PLC,12.90535
1776103004.9938664,131.99242854118347,IO -> PLC,15.36921
1776103005.0098658,132.00842785835266,IO -> PLC,18.24798
1776103005.028931,132.02749300003052,IO -> PLC,3.57265
1776103005.0418646,132.04042673110962,IO -> PLC,5.68426
1776103005.057864,132.0564260482788,IO -> PLC,8.3931
1776103005.0738642,132.07242631912231,IO -> PLC,11.06177
1776103005.0898638,132.08842587471008,IO -> PLC,14.06237
1776103005.105863,132.10442519187927,IO -> PLC,16.66769
1776103005.1233428,132.1219048500061,IO -> PLC,1.28605
1776103005.137863,132.13642501831055,IO -> PLC,4.16039
1776103005.1538622,132.15242433547974,IO -> PLC,7.61045
1776103005.1698618,132.1684238910675,IO -> PLC,10.10295
1776103005.185861,132.1844232082367,IO -> PLC,12.72155
1776103005.2018607,132.20042276382446,IO -> PLC,15.25325
1776103005.217861,132.21642303466797,IO -> PLC,17.84511
1776103005.2338603,132.23242235183716,IO -> PLC,1.13795
1776103005.2498598,132.24842190742493,IO -> PLC,5.4535
1776103005.2658591,132.26442122459412,IO -> PLC,8.10592
1776103005.2818584,132.2804205417633,IO -> PLC,10.59643
1776103005.297859,132.2964210510254,IO -> PLC,13.22238
1776103005.3138583,132.31242036819458,IO -> PLC,15.93506
1776103005.3298578,132.32841992378235,IO -> PLC,1.63952
1776103005.3458571,132.34441924095154,IO -> PLC,5.69801
1776103005.3618574,132.36041951179504,IO -> PLC,5.97978
1776103005.377857,132.3764190673828,IO -> PLC,8.62493
1776103005.3938563,132.392418384552,IO -> PLC,11.24463
1776103005.4098556,132.4084177017212,IO -> PLC,13.79971
1776103005.4258552,132.42441725730896,IO -> PLC,16.39781
1776103005.4430823,132.44164443016052,IO -> PLC,4.70742
1776103005.457855,132.45641708374023,IO -> PLC,5.32818
1776103005.4738543,132.47241640090942,IO -> PLC,9.91093
1776103005.4898536,132.4884157180786,IO -> PLC,12.32576
1776103005.5058541,132.5044162273407,IO -> PLC,14.86762
1776103005.5218534,132.5204155445099,IO -> PLC,17.28636
1776103005.5399683,132.53853034973145,IO -> PLC,4.9111
1776103005.5538523,132.55241441726685,IO -> PLC,4.76161
1776103005.5698516,132.56841373443604,IO -> PLC,7.25747
1776103005.5858521,132.58441424369812,IO -> PLC,10.35937
1776103005.6018515,132.6004135608673,IO -> PLC,11.02723
1776103005.617851,132.61641311645508,IO -> PLC,13.73686
1776103005.6338503,132.63241243362427,IO -> PLC,16.49882
1776103005.6511734,132.64973545074463,IO -> PLC,4.28132
1776103005.6658502,132.66441226005554,IO -> PLC,3.56046
1776103005.6818495,132.68041157722473,IO -> PLC,6.1308
1776103005.6978488,132.69641089439392,IO -> PLC,8.53634
1776103005.7138484,132.7124104499817,IO -> PLC,10.87236
1776103005.7298486,132.7284107208252,IO -> PLC,13.07101
1776103005.7458482,132.74441027641296,IO -> PLC,16.1341
1776103005.7629232,132.76148533821106,IO -> PLC,3.15094
1776103005.7778468,132.77640891075134,IO -> PLC,5.33791
1776103005.7938461,132.79240822792053,IO -> PLC,7.96179
1776103005.8098466,132.80840873718262,IO -> PLC,10.56093
1776103005.825846,132.8244080543518,IO -> PLC,13.074
1776103005.8418455,132.84040760993958,IO -> PLC,15.68827
1776103005.8578448,132.85640692710876,IO -> PLC,18.09285
1776103005.8898447,132.88840675354004,IO -> PLC,7.45035
1776103005.905844,132.90440607070923,IO -> PLC,8.18901
1776103005.9218435,132.920405626297,IO -> PLC,10.9056
1776103005.9378428,132.9364049434662,IO -> PLC,13.58676
1776103005.9538434,132.95240545272827,IO -> PLC,16.24535
1776103005.970914,132.96947598457336,IO -> PLC,1.79912
1776103005.985842,132.98440408706665,IO -> PLC,3.56908
1776103006.0018413,133.00040340423584,IO -> PLC,6.18878
1776103006.0178409,133.0164029598236,IO -> PLC,8.96483
1776103006.0338411,133.03240323066711,IO -> PLC,11.97575
1776103006.0498407,133.04840278625488,IO -> PLC,14.56562
1776103006.06584,133.06440210342407,IO -> PLC,17.07269
1776103006.0978386,133.09640073776245,IO -> PLC,6.64499
1776103006.1138391,133.11240124702454,IO -> PLC,7.19405
1776103006.1298387,133.1284008026123,IO -> PLC,9.85072
1776103006.145838,133.1444001197815,IO -> PLC,12.56348
1776103006.1618373,133.16039943695068,IO -> PLC,15.21183
1776103006.1778378,133.17639994621277,IO -> PLC,18.0465
1776103006.1938372,133.19239926338196,IO -> PLC,0.76371
1776103006.2098365,133.20839858055115,IO -> PLC,5.40087
1776103006.225836,133.22439813613892,IO -> PLC,7.89657
1776103006.2418354,133.2403974533081,IO -> PLC,10.7895
1776103006.2578359,133.2563979625702,IO -> PLC,13.41017
1776103006.2738352,133.27239727973938,IO -> PLC,14.18348
1776103006.2898345,133.28839659690857,IO -> PLC,16.68542
1776103006.307343,133.30590510368347,IO -> PLC,4.14939
1776103006.3218343,133.32039642333984,IO -> PLC,3.90971
1776103006.337834,133.3363959789276,IO -> PLC,6.85503
1776103006.3538332,133.3523952960968,IO -> PLC,9.36705
1776103006.3698325,133.368394613266,IO -> PLC,11.91612
1776103006.3858318,133.38439393043518,IO -> PLC,14.4343
1776103006.4018323,133.40039443969727,IO -> PLC,16.7804
1776103006.4194238,133.4179859161377,IO -> PLC,2.26075
1776103006.4338312,133.43239331245422,IO -> PLC,3.86771
1776103006.4498305,133.4483926296234,IO -> PLC,6.776
1776103006.4658298,133.4643919467926,IO -> PLC,9.34547
1776103006.4818304,133.4803924560547,IO -> PLC,11.81957
1776103006.4978297,133.49639177322388,IO -> PLC,14.59385
1776103006.513829,133.51239109039307,IO -> PLC,16.98611
1776103006.5347626,133.53332471847534,IO -> PLC,0.17417
1776103006.545829,133.54439115524292,IO -> PLC,8.37314
1776103006.5618284,133.5603904724121,IO -> PLC,10.82804
1776103006.5778277,133.5763897895813,IO -> PLC,13.57768
1776103006.593827,133.5923891067505,IO -> PLC,16.28939
1776103006.6258268,133.62438893318176,IO -> PLC,5.49713
1776103006.6418264,133.64038848876953,IO -> PLC,6.56964
1776103006.6578257,133.65638780593872,IO -> PLC,9.40424
1776103006.673825,133.6723871231079,IO -> PLC,11.96043
1776103006.6898246,133.68838667869568,IO -> PLC,14.49197
1776103006.7058249,133.70438694953918,IO -> PLC,17.05633
1776103006.7237077,133.72226977348328,IO -> PLC,4.84158
1776103006.7378237,133.73638582229614,IO -> PLC,4.48629
1776103006.753823,133.75238513946533,IO -> PLC,7.43074
1776103006.7698236,133.76838564872742,IO -> PLC,9.84236
1776103006.7858229,133.7843849658966,IO -> PLC,12.35246
1776103006.8018222,133.8003842830658,IO -> PLC,15.39204
1776103006.8178217,133.81638383865356,IO -> PLC,17.92662
1776103006.8365817,133.83514380455017,IO -> PLC,2.30818
1776103006.8498216,133.84838366508484,IO -> PLC,5.64349
1776103006.865821,133.86438298225403,IO -> PLC,8.40232
1776103006.8818202,133.88038229942322,IO -> PLC,11.64566
1776103006.8978198,133.896381855011,IO -> PLC,14.86644
1776103006.91382,133.9123821258545,IO -> PLC,17.54343
1776103006.932193,133.93075513839722,IO -> PLC,3.65257
1776103006.945819,133.94438099861145,IO -> PLC,5.32781
1776103006.9618182,133.96038031578064,IO -> PLC,7.93832
1776103006.9778175,133.97637963294983,IO -> PLC,10.43827
1776103006.993818,133.9923801422119,IO -> PLC,13.08534
1776103007.0098174,134.0083794593811,IO -> PLC,15.70906
1776103007.025817,134.02437901496887,IO -> PLC,18.15859
1776103007.045239,134.04380106925964,IO -> PLC,1.49199
1776103007.0578156,134.05637764930725,IO -> PLC,6.12643
1776103007.073816,134.07237815856934,IO -> PLC,8.82598
1776103007.0898154,134.08837747573853,IO -> PLC,11.43241
1776103007.1058147,134.10437679290771,IO -> PLC,14.14301
1776103007.1218143,134.12037634849548,IO -> PLC,16.67567
1776103007.1393294,134.1378915309906,IO -> PLC,5.07399
1776103007.153814,134.15237617492676,IO -> PLC,4.56462
1776103007.1698134,134.16837549209595,IO -> PLC,7.02952
1776103007.1858127,134.18437480926514,IO -> PLC,9.7362
1776103007.2018123,134.2003743648529,IO -> PLC,12.25439
1776103007.2178125,134.2163746356964,IO -> PLC,14.89977
1776103007.233812,134.23237419128418,IO -> PLC,17.94735
1776103007.252585,134.25114703178406,IO -> PLC,3.23974
1776103007.2658107,134.26437282562256,IO -> PLC,5.24947
1776103007.2818103,134.28037238121033,IO -> PLC,7.78206
1776103007.2978106,134.29637265205383,IO -> PLC,10.1816
1776103007.3138099,134.31237196922302,IO -> PLC,12.83099
1776103007.3298094,134.3283715248108,IO -> PLC,15.51494
1776103007.3458087,134.34437084197998,IO -> PLC,18.11713
1776103007.3648682,134.36343026161194,IO -> PLC,2.34787
1776103007.3778086,134.37637066841125,IO -> PLC,5.61598
1776103007.393808,134.39236998558044,IO -> PLC,8.13833
1776103007.4098074,134.4083695411682,IO -> PLC,10.86445
1776103007.4258068,134.4243688583374,IO -> PLC,13.46055
1776103007.441807,134.4403691291809,IO -> PLC,16.27892
1776103007.4589064,134.45746850967407,IO -> PLC,4.82621
1776103007.473806,134.47236800193787,IO -> PLC,4.16674
1776103007.4898055,134.48836755752563,IO -> PLC,6.80182
1776103007.5058048,134.50436687469482,IO -> PLC,9.19207
1776103007.521805,134.52036714553833,IO -> PLC,11.88522
1776103007.5378046,134.5363667011261,IO -> PLC,14.68511
1776103007.553804,134.5523660182953,IO -> PLC,17.33762
1776103007.5733595,134.57192158699036,IO -> PLC,1.08845
1776103007.5858037,134.58436584472656,IO -> PLC,6.57207
1776103007.601803,134.60036516189575,IO -> PLC,9.40579
1776103007.6178026,134.61636471748352,IO -> PLC,12.22911
1776103007.633802,134.6323640346527,IO -> PLC,14.70121
1776103007.6498013,134.6483633518219,IO -> PLC,17.40492
1776103007.6680295,134.6665916442871,IO -> PLC,3.0035
1776103007.681801,134.68036317825317,IO -> PLC,4.53496
1776103007.6978006,134.69636273384094,IO -> PLC,7.08412
1776103007.7138,134.71236205101013,IO -> PLC,9.5931
1776103007.7298002,134.72836232185364,IO -> PLC,14.03241
1776103007.7457998,134.7443618774414,IO -> PLC,17.21711
1776103007.763145,134.76170706748962,IO -> PLC,0.71076
1776103007.7777987,134.77636075019836,IO -> PLC,5.36718
1776103007.793798,134.79236006736755,IO -> PLC,6.84725
1776103007.8097982,134.80836033821106,IO -> PLC,9.06958
1776103007.8257978,134.82435989379883,IO -> PLC,11.84674
1776103007.841797,134.84035921096802,IO -> PLC,14.74502
1776103007.8577964,134.8563585281372,IO -> PLC,17.40753
1776103007.8761442,134.87470626831055,IO -> PLC,3.4724
1776103007.8897963,134.88835835456848,IO -> PLC,5.17168
1776103007.9057958,134.90435791015625,IO -> PLC,7.72474
1776103007.9217951,134.92035722732544,IO -> PLC,10.04924
1776103007.9377944,134.93635654449463,IO -> PLC,12.9128
1776103007.953795,134.9523570537567,IO -> PLC,15.40235
1776103007.9697943,134.9683563709259,IO -> PLC,17.87029
1776103007.9886007,134.98716282844543,IO -> PLC,0.85076
1776103008.0017931,135.00035524368286,IO -> PLC,5.42755
1776103008.0177925,135.01635456085205,IO -> PLC,7.89165
1776103008.033793,135.03235507011414,IO -> PLC,11.19939
1776103008.0497923,135.04835438728333,IO -> PLC,13.7759
1776103008.0657916,135.06435370445251,IO -> PLC,16.2776
1776103008.0830061,135.08156824111938,IO -> PLC,3.44576
1776103008.0977905,135.09635257720947,IO -> PLC,3.73766
1776103008.113791,135.11235308647156,IO -> PLC,6.25576
1776103008.1297903,135.12835240364075,IO -> PLC,8.84883
1776103008.1457896,135.14435172080994,IO -> PLC,11.78487
1776103008.1617892,135.1603512763977,IO -> PLC,14.39114
1776103008.1777894,135.1763515472412,IO -> PLC,17.0855
1776103008.1956973,135.1942594051361,IO -> PLC,1.72247
1776103008.2097883,135.20835041999817,IO -> PLC,4.51171
1776103008.2257876,135.22434973716736,IO -> PLC,6.96333
1776103008.241787,135.24034905433655,IO -> PLC,9.78377
1776103008.2577875,135.25634956359863,IO -> PLC,12.36844
1776103008.2737868,135.27234888076782,IO -> PLC,14.33572
1776103008.2897863,135.2883484363556,IO -> PLC,17.05463
1776103008.3076632,135.3062252998352,IO -> PLC,0.16585
1776103008.321785,135.32034707069397,IO -> PLC,6.37517
1776103008.3377855,135.33634757995605,IO -> PLC,7.17928
1776103008.3537848,135.35234689712524,IO -> PLC,9.67706
1776103008.3697844,135.368346452713,IO -> PLC,12.16564
1776103008.3857837,135.3843457698822,IO -> PLC,14.9428
1776103008.401784,135.4003460407257,IO -> PLC,17.59515
1776103008.4177835,135.41634559631348,IO -> PLC,0.74485
1776103008.4337828,135.43234491348267,IO -> PLC,5.4033
1776103008.4497821,135.44834423065186,IO -> PLC,8.13981
1776103008.4657817,135.46434378623962,IO -> PLC,10.78593
1776103008.481782,135.48034405708313,IO -> PLC,13.57957
1776103008.4977815,135.4963436126709,IO -> PLC,16.26784
1776103008.514886,135.51344799995422,IO -> PLC,0.32946
1776103008.5297801,135.52834224700928,IO -> PLC,6.85315
1776103008.5457807,135.54434275627136,IO -> PLC,9.94792
1776103008.56178,135.56034207344055,IO -> PLC,12.60636
1776103008.5777795,135.57634162902832,IO -> PLC,15.10222
1776103008.5937788,135.5923409461975,IO -> PLC,17.98187
1776103008.612581,135.61114311218262,IO -> PLC,2.42163
1776103008.6257787,135.62434077262878,IO -> PLC,5.19694
1776103008.641778,135.64034008979797,IO -> PLC,7.93634
1776103008.6577773,135.65633940696716,IO -> PLC,10.22227
1776103008.6737769,135.67233896255493,IO -> PLC,12.85919
1776103008.6897762,135.68833827972412,IO -> PLC,15.43585
1776103008.7057767,135.7043387889862,IO -> PLC,16.08011
1776103008.722677,135.72123908996582,IO -> PLC,2.14522
1776103008.7377753,135.73633742332458,IO -> PLC,3.48384
1776103008.7537746,135.75233674049377,IO -> PLC,6.60197
1776103008.7697752,135.76833724975586,IO -> PLC,9.29337
1776103008.7857747,135.78433680534363,IO -> PLC,11.73371
1776103008.801774,135.80033612251282,IO -> PLC,14.3011
1776103008.8177733,135.816335439682,IO -> PLC,16.59824
1776103008.8346374,135.8331995010376,IO -> PLC,0.57666
1776103008.8497732,135.84833526611328,IO -> PLC,5.15578
1776103008.8657725,135.86433458328247,IO -> PLC,6.89265
1776103008.881772,135.88033413887024,IO -> PLC,9.32802
1776103008.8977714,135.89633345603943,IO -> PLC,11.93118
1776103008.9137719,135.9123339653015,IO -> PLC,14.73617
1776103008.9297712,135.9283332824707,IO -> PLC,17.56662
1776103008.948154,135.94671607017517,IO -> PLC,3.16534
1776103008.9617698,135.96033191680908,IO -> PLC,5.03186
1776103008.9777694,135.97633147239685,IO -> PLC,7.55718
1776103008.99377,135.99233198165894,IO -> PLC,10.05176
1776103009.0097692,136.00833129882812,IO -> PLC,12.73291
1776103009.0257685,136.02433061599731,IO -> PLC,15.02597
1776103009.0417678,136.0403299331665,IO -> PLC,18.1493
1776103009.0609903,136.05955243110657,IO -> PLC,0.10232
1776103009.0737677,136.07232975959778,IO -> PLC,5.92881
1776103009.0897672,136.08832931518555,IO -> PLC,10.30651
1776103009.1057665,136.10432863235474,IO -> PLC,13.1412
1776103009.1217659,136.12032794952393,IO -> PLC,15.73122
1776103009.1377664,136.136328458786,IO -> PLC,18.7808
1776103009.1571236,136.15568566322327,IO -> PLC,0.24082
1776103009.169765,136.1683270931244,IO -> PLC,6.00219
1776103009.1857646,136.18432664871216,IO -> PLC,8.84096
1776103009.2017639,136.20032596588135,IO -> PLC,11.45026
1776103009.2177644,136.21632647514343,IO -> PLC,13.89068
1776103009.2337637,136.23232579231262,IO -> PLC,16.73561
1776103009.2513318,136.2498939037323,IO -> PLC,1.71303
1776103009.2657623,136.264324426651,IO -> PLC,4.29999
1776103009.281762,136.28032398223877,IO -> PLC,6.75977
1776103009.2977624,136.29632449150085,IO -> PLC,9.34963
1776103009.3137617,136.31232380867004,IO -> PLC,12.00823
1776103009.329761,136.32832312583923,IO -> PLC,14.95867
1776103009.3457603,136.34432244300842,IO -> PLC,17.65615
1776103009.3617609,136.3603229522705,IO -> PLC,1.36476
1776103009.3777602,136.3763222694397,IO -> PLC,5.56454
1776103009.3937597,136.39232182502747,IO -> PLC,7.77855
1776103009.409759,136.40832114219666,IO -> PLC,10.32338
1776103009.4257584,136.42432045936584,IO -> PLC,12.82524
1776103009.4417589,136.44032096862793,IO -> PLC,15.78377
1776103009.4577582,136.45632028579712,IO -> PLC,1.49471
1776103009.4737575,136.4723196029663,IO -> PLC,5.86626
1776103009.489757,136.48831915855408,IO -> PLC,6.19523
1776103009.5057564,136.50431847572327,IO -> PLC,8.92222
1776103009.521757,136.52031898498535,IO -> PLC,11.32592
1776103009.5377562,136.53631830215454,IO -> PLC,14.32845
1776103009.5537555,136.55231761932373,IO -> PLC,16.65318
1776103009.5712454,136.56980752944946,IO -> PLC,3.90241
1776103009.5857553,136.584317445755,IO -> PLC,4.37517
1776103009.601755,136.60031700134277,IO -> PLC,7.74548
1776103009.6177542,136.61631631851196,IO -> PLC,10.62519
1776103009.6337535,136.63231563568115,IO -> PLC,13.41587
1776103009.649753,136.64831519126892,IO -> PLC,15.9371
1776103009.6657534,136.66431546211243,IO -> PLC,5.04547
1776103009.6817527,136.68031477928162,IO -> PLC,3.43092
1776103009.6977522,136.69631433486938,IO -> PLC,6.9045
1776103009.7137516,136.71231365203857,IO -> PLC,9.49853
1776103009.729752,136.72831416130066,IO -> PLC,12.06792
1776103009.7457514,136.74431347846985,IO -> PLC,14.92716
1776103009.7617507,136.76031279563904,IO -> PLC,17.76287
1776103009.7803502,136.7789123058319,IO -> PLC,0.65635
1776103009.7937496,136.792311668396,IO -> PLC,5.12148
1776103009.80975,136.80831217765808,IO -> PLC,7.54335
1776103009.8257494,136.82431149482727,IO -> PLC,10.05041
1776103009.8417487,136.84031081199646,IO -> PLC,13.17486
1776103009.8577483,136.85631036758423,IO -> PLC,13.74528
1776103009.8737476,136.87230968475342,IO -> PLC,16.29835
1776103009.8908734,136.88943552970886,IO -> PLC,0.77716
1776103009.9057474,136.9043095111847,IO -> PLC,6.77398
1776103009.9217467,136.92030882835388,IO -> PLC,6.60724
1776103009.937746,136.93630814552307,IO -> PLC,9.32624
1776103009.9537466,136.95230865478516,IO -> PLC,12.07683
1776103009.9697459,136.96830797195435,IO -> PLC,14.55309
1776103009.9857454,136.98430752754211,IO -> PLC,17.18209
1776103010.0017447,137.0003068447113,IO -> PLC,1.05758
1776103010.017744,137.0163061618805,IO -> PLC,5.32273
1776103010.0337446,137.03230667114258,IO -> PLC,9.26874
1776103010.049744,137.04830598831177,IO -> PLC,12.24054
1776103010.0657434,137.06430554389954,IO -> PLC,14.58985
1776103010.0817428,137.08030486106873,IO -> PLC,17.3118
1776103010.0998828,137.09844493865967,IO -> PLC,0.75156
1776103010.1137426,137.1123046875,IO -> PLC,4.49304
1776103010.129742,137.1283040046692,IO -> PLC,7.17419
1776103010.1457412,137.14430332183838,IO -> PLC,10.02735
1776103010.1617408,137.16030287742615,IO -> PLC,12.5517
1776103010.177741,137.17630314826965,IO -> PLC,15.18148
1776103010.1937406,137.19230270385742,IO -> PLC,17.8832
1776103010.20974,137.2083020210266,IO -> PLC,1.18211
1776103010.2257392,137.2243013381958,IO -> PLC,5.50582
1776103010.2417388,137.24030089378357,IO -> PLC,8.29034
1776103010.257739,137.25630116462708,IO -> PLC,10.77684
1776103010.2737384,137.27230048179626,IO -> PLC,13.32879
1776103010.289738,137.28830003738403,IO -> PLC,15.98642
1776103010.3057373,137.30429935455322,IO -> PLC,2.07377
1776103010.3217368,137.320298910141,IO -> PLC,6.56934
1776103010.337737,137.3362991809845,IO -> PLC,5.75153
1776103010.3537364,137.3522984981537,IO -> PLC,8.70278
1776103010.369736,137.36829805374146,IO -> PLC,11.12383
1776103010.3857353,137.38429737091064,IO -> PLC,13.70754
1776103010.4017358,137.40029788017273,IO -> PLC,16.3959
1776103010.4203844,137.4189465045929,IO -> PLC,4.22603
1776103010.4337344,137.4322965145111,IO -> PLC,5.4277
1776103010.449734,137.44829607009888,IO -> PLC,8.55415
1776103010.4657333,137.46429538726807,IO -> PLC,12.462
1776103010.4817336,137.48029565811157,IO -> PLC,15.12884
1776103010.497733,137.49629521369934,IO -> PLC,17.64502
1776103010.5137324,137.51229453086853,IO -> PLC,0.90088
1776103010.529732,137.5282940864563,IO -> PLC,8.22489
1776103010.5457323,137.5442943572998,IO -> PLC,11.32086
1776103010.5617316,137.560293674469,IO -> PLC,13.92618
1776103010.5777311,137.57629323005676,IO -> PLC,16.68397
1776103010.6097298,137.60829186439514,IO -> PLC,6.32588
1776103010.6257303,137.62429237365723,IO -> PLC,6.86686
1776103010.6417296,137.64029169082642,IO -> PLC,9.56442
1776103010.6577291,137.65629124641418,IO -> PLC,12.19332
1776103010.6737285,137.67229056358337,IO -> PLC,14.54134
1776103010.6897278,137.68828988075256,IO -> PLC,17.37202
1776103010.7079158,137.7064778804779,IO -> PLC,4.21707
1776103010.7217276,137.72028970718384,IO -> PLC,4.33428
1776103010.7377272,137.7362892627716,IO -> PLC,7.44322
1776103010.7537265,137.7522885799408,IO -> PLC,10.16645
1776103010.7697268,137.7682888507843,IO -> PLC,12.59344
1776103010.7857263,137.78428840637207,IO -> PLC,14.9745
1776103010.8017256,137.80028772354126,IO -> PLC,17.61652
1776103010.8201697,137.81873178482056,IO -> PLC,2.1677
1776103010.8337245,137.83228659629822,IO -> PLC,5.1093
1776103010.8497248,137.84828686714172,IO -> PLC,7.85886
1776103010.8657243,137.8642864227295,IO -> PLC,10.51225
1776103010.8817236,137.88028573989868,IO -> PLC,13.19556
1776103010.897723,137.89628505706787,IO -> PLC,15.86528
1776103010.9137235,137.91228556632996,IO -> PLC,6.76581
1776103010.9297228,137.92828488349915,IO -> PLC,4.61427
1776103010.945722,137.94428420066833,IO -> PLC,6.01744
1776103010.9617217,137.9602837562561,IO -> PLC,8.56842
1776103010.977721,137.9762830734253,IO -> PLC,9.17077
1776103010.9937215,137.99228358268738,IO -> PLC,11.71879
1776103011.0097208,138.00828289985657,IO -> PLC,14.32298
1776103011.0257201,138.02428221702576,IO -> PLC,16.90661
1776103011.043442,138.04200410842896,IO -> PLC,1.4511
1776103011.057719,138.05628108978271,IO -> PLC,4.86533
1776103011.0737195,138.0722815990448,IO -> PLC,7.54632
1776103011.0897188,138.088280916214,IO -> PLC,10.06362
1776103011.1057181,138.10428023338318,IO -> PLC,13.17368
1776103011.1217177,138.12027978897095,IO -> PLC,15.76762
1776103011.137718,138.13628005981445,IO -> PLC,3.92468
1776103011.1537173,138.15227937698364,IO -> PLC,3.75298
1776103011.1697168,138.1682789325714,IO -> PLC,6.56694
1776103011.1857162,138.1842782497406,IO -> PLC,10.71456
1776103011.2017155,138.2002775669098,IO -> PLC,13.42651
1776103011.217716,138.21627807617188,IO -> PLC,15.71013
1776103011.2337153,138.23227739334106,IO -> PLC,4.3504
1776103011.2497149,138.24827694892883,IO -> PLC,3.56435
1776103011.2657142,138.26427626609802,IO -> PLC,6.31088
1776103011.2817135,138.2802755832672,IO -> PLC,8.54032
1776103011.297714,138.2962760925293,IO -> PLC,10.8445
1776103011.3137133,138.3122754096985,IO -> PLC,13.47037
1776103011.3297129,138.32827496528625,IO -> PLC,16.34073
1776103011.346881,138.3454430103302,IO -> PLC,1.51951
1776103011.3617125,138.36027455329895,IO -> PLC,6.66788
1776103011.377712,138.37627410888672,IO -> PLC,6.43465
1776103011.3937113,138.3922734260559,IO -> PLC,8.8238
1776103011.4097106,138.4082727432251,IO -> PLC,11.68512
1776103011.4257102,138.42427229881287,IO -> PLC,14.02418
1776103011.4417105,138.44027256965637,IO -> PLC,16.86389
1776103011.4595156,138.45807766914368,IO -> PLC,5.13847
1776103011.4737093,138.47227144241333,IO -> PLC,5.35184
1776103011.4897087,138.48827075958252,IO -> PLC,7.61945
1776103011.505708,138.5042700767517,IO -> PLC,10.18675
1776103011.5217085,138.5202705860138,IO -> PLC,12.75006
1776103011.537708,138.53627014160156,IO -> PLC,15.42905
1776103011.5537074,138.55226945877075,IO -> PLC,18.02309
1776103011.5725527,138.57111477851868,IO -> PLC,2.95102
1776103011.5857072,138.58426928520203,IO -> PLC,5.47161
1776103011.6017065,138.60026860237122,IO -> PLC,8.10357
1776103011.6177058,138.6162679195404,IO -> PLC,11.05097
1776103011.6337054,138.63226747512817,IO -> PLC,13.82205
1776103011.6497047,138.64826679229736,IO -> PLC,16.48256
1776103011.6671224,138.66568446159363,IO -> PLC,5.2184
1776103011.6817045,138.68026661872864,IO -> PLC,4.59872
1776103011.6977038,138.69626593589783,IO -> PLC,6.35335
1776103011.7137032,138.71226525306702,IO -> PLC,8.82233
1776103011.7297037,138.7282657623291,IO -> PLC,11.43077
1776103011.7457032,138.74426531791687,IO -> PLC,14.11576
1776103011.7617025,138.76026463508606,IO -> PLC,16.89108
1776103011.7795234,138.77808547019958,IO -> PLC,3.57064
1776103011.7937012,138.79226326942444,IO -> PLC,4.31008
1776103011.8097017,138.80826377868652,IO -> PLC,6.91436
1776103011.825701,138.8242630958557,IO -> PLC,9.5647
1776103011.8417006,138.84026265144348,IO -> PLC,12.40235
1776103011.8576999,138.85626196861267,IO -> PLC,14.90829
1776103011.8736992,138.87226128578186,IO -> PLC,17.43783
1776103011.8919563,138.89051842689514,IO -> PLC,1.82368
1776103011.905699,138.90426111221313,IO -> PLC,4.63356
1776103011.9216983,138.92026042938232,IO -> PLC,7.4088
1776103011.937698,138.9362599849701,IO -> PLC,10.28644
1776103011.9536984,138.95226049423218,IO -> PLC,12.93462
1776103011.9696977,138.96825981140137,IO -> PLC,15.6557
1776103011.985697,138.98425912857056,IO -> PLC,18.02644
1776103012.0039036,139.00246572494507,IO -> PLC,0.63819
1776103012.0176957,139.01625776290894,IO -> PLC,6.68743
1776103012.0336962,139.03225827217102,IO -> PLC,8.14812
1776103012.0496957,139.0482578277588,IO -> PLC,11.02673
1776103012.065695,139.06425714492798,IO -> PLC,13.72708
1776103012.0816944,139.08025646209717,IO -> PLC,16.29142
1776103012.0988061,139.09736824035645,IO -> PLC,2.35523
1776103012.1136942,139.11225628852844,IO -> PLC,3.70852
1776103012.1296935,139.12825560569763,IO -> PLC,6.26367
1776103012.145693,139.1442551612854,IO -> PLC,9.11043
1776103012.1616924,139.1602544784546,IO -> PLC,11.62253
1776103012.177693,139.17625498771667,IO -> PLC,14.26984
1776103012.1936922,139.19225430488586,IO -> PLC,16.72362
1776103012.2256908,139.22425293922424,IO -> PLC,6.0216
1776103012.2416904,139.240252494812,IO -> PLC,7.38781
1776103012.257691,139.2562530040741,IO -> PLC,10.10041
1776103012.2736902,139.2722523212433,IO -> PLC,12.80108
1776103012.2896895,139.28825163841248,IO -> PLC,15.24671
1776103012.3056889,139.30425095558167,IO -> PLC,17.5836
1776103012.3216884,139.32025051116943,IO -> PLC,0.90115
1776103012.3376887,139.33625078201294,IO -> PLC,5.29023
1776103012.3536882,139.3522503376007,IO -> PLC,7.89257
1776103012.3696876,139.3682496547699,IO -> PLC,10.39027
1776103012.3856869,139.3842489719391,IO -> PLC,13.98075
1776103012.4016874,139.40024948120117,IO -> PLC,16.66782
1776103012.4190679,139.4176299571991,IO -> PLC,0.12401
1776103012.433686,139.43224811553955,IO -> PLC,5.68739
1776103012.4496856,139.44824767112732,IO -> PLC,6.94279
1776103012.465685,139.4642469882965,IO -> PLC,10.42791
1776103012.4816854,139.4802474975586,IO -> PLC,13.30563
1776103012.4976847,139.49624681472778,IO -> PLC,15.78189
1776103012.513684,139.51224613189697,IO -> PLC,2.00766
1776103012.5296836,139.52824568748474,IO -> PLC,6.34768
1776103012.5456839,139.54424595832825,IO -> PLC,9.63407
1776103012.5616834,139.56024551391602,IO -> PLC,12.20633
1776103012.5776827,139.5762448310852,IO -> PLC,14.73788
1776103012.593682,139.5922441482544,IO -> PLC,17.09246
1776103012.6117668,139.61032891273499,IO -> PLC,3.5604
1776103012.6256819,139.62424397468567,IO -> PLC,4.79292
1776103012.6416812,139.64024329185486,IO -> PLC,7.59168
1776103012.6576807,139.65624284744263,IO -> PLC,10.11307
1776103012.67368,139.67224216461182,IO -> PLC,12.81454
1776103012.6896794,139.688241481781,IO -> PLC,15.28576
1776103012.70568,139.7042419910431,IO -> PLC,17.62882
1776103012.7241352,139.7226972579956,IO -> PLC,1.59223
1776103012.7376788,139.73624086380005,IO -> PLC,4.88806
1776103012.753678,139.75224018096924,IO -> PLC,7.97051
1776103012.7696786,139.76824069023132,IO -> PLC,9.34088
1776103012.785678,139.7842400074005,IO -> PLC,12.7868
1776103012.8016772,139.8002393245697,IO -> PLC,15.22617
1776103012.8176768,139.81623888015747,IO -> PLC,17.67059
1776103012.8360486,139.8346107006073,IO -> PLC,0.12305
1776103012.8496764,139.84823846817017,IO -> PLC,6.56831
1776103012.865676,139.86423802375793,IO -> PLC,7.77876
1776103012.8816752,139.88023734092712,IO -> PLC,10.32991
1776103012.8976746,139.8962366580963,IO -> PLC,12.80321
1776103012.913674,139.91223621368408,IO -> PLC,15.64181
1776103012.9296744,139.9282364845276,IO -> PLC,18.35152
1776103012.9481468,139.9467089176178,IO -> PLC,0.69419
1776103012.9616733,139.96023535728455,IO -> PLC,5.81246
1776103012.9776726,139.97623467445374,IO -> PLC,10.01528
1776103012.993673,139.99223518371582,IO -> PLC,12.51307
1776103013.0096724,140.008234500885,IO -> PLC,15.05269
1776103013.025672,140.02423405647278,IO -> PLC,17.32734
1776103013.0438254,140.04238748550415,IO -> PLC,1.57087
1776103013.0576706,140.05623269081116,IO -> PLC,5.28886
1776103013.073671,140.07223320007324,IO -> PLC,7.97498
1776103013.0896704,140.08823251724243,IO -> PLC,10.94902
1776103013.1056697,140.10423183441162,IO -> PLC,11.63728
1776103013.1216693,140.1202313899994,IO -> PLC,14.4158
1776103013.1376696,140.1362316608429,IO -> PLC,17.4368
1776103013.1559777,140.1545398235321,IO -> PLC,1.22678
1776103013.1696684,140.16823053359985,IO -> PLC,6.91999
1776103013.1856678,140.18422985076904,IO -> PLC,9.06767
1776103013.2016673,140.2002294063568,IO -> PLC,11.61139
1776103013.2176676,140.21622967720032,IO -> PLC,14.30782
1776103013.233667,140.2322289943695,IO -> PLC,17.07922
1776103013.2515643,140.25012636184692,IO -> PLC,0.86204
1776103013.2656658,140.26422786712646,IO -> PLC,7.11114
1776103013.2816653,140.28022742271423,IO -> PLC,8.66609
1776103013.2976656,140.29622769355774,IO -> PLC,11.24051
1776103013.313665,140.31222701072693,IO -> PLC,13.7023
1776103013.3296645,140.3282265663147,IO -> PLC,16.62626
1776103013.3471088,140.34567093849182,IO -> PLC,3.39247
1776103013.361664,140.3602261543274,IO -> PLC,4.18248
1776103013.3776636,140.37622570991516,IO -> PLC,6.86123
1776103013.393663,140.39222502708435,IO -> PLC,9.19629
1776103013.4096625,140.40822458267212,IO -> PLC,9.92863
1776103013.4256618,140.4242238998413,IO -> PLC,12.60562
1776103013.441662,140.44022417068481,IO -> PLC,15.25182
1776103013.4576616,140.45622372627258,IO -> PLC,17.92161
1776103013.473661,140.47222304344177,IO -> PLC,1.10596
1776103013.4896603,140.48822236061096,IO -> PLC,5.95177
1776103013.5056598,140.50422191619873,IO -> PLC,8.11281
1776103013.52166,140.52022218704224,IO -> PLC,10.6258
1776103013.5376596,140.53622174263,IO -> PLC,13.54864
1776103013.553659,140.5522210597992,IO -> PLC,16.16323
1776103013.570635,140.56919717788696,IO -> PLC,0.54266
1776103013.5856588,140.58422088623047,IO -> PLC,5.84899
1776103013.601658,140.60022020339966,IO -> PLC,6.44021
1776103013.6176577,140.61621975898743,IO -> PLC,9.1336
1776103013.633657,140.63221907615662,IO -> PLC,12.0706
1776103013.6496563,140.6482183933258,IO -> PLC,14.54391
1776103013.6656568,140.6642189025879,IO -> PLC,17.07433
1776103013.6835442,140.68210625648499,IO -> PLC,4.35812
1776103013.6976554,140.69621753692627,IO -> PLC,4.41222
1776103013.713655,140.71221709251404,IO -> PLC,6.82192
1776103013.7296543,140.72821640968323,IO -> PLC,9.31267
1776103013.7456548,140.7442169189453,IO -> PLC,12.33887
1776103013.7616541,140.7602162361145,IO -> PLC,15.03315
1776103013.7776535,140.7762155532837,IO -> PLC,17.72638
1776103013.7963314,140.7948935031891,IO -> PLC,2.29467
1776103013.8096533,140.80821537971497,IO -> PLC,5.37788
1776103013.8256528,140.82421493530273,IO -> PLC,7.8399
1776103013.8416522,140.84021425247192,IO -> PLC,10.50354
1776103013.8576515,140.8562135696411,IO -> PLC,13.05148
1776103013.873651,140.87221312522888,IO -> PLC,15.67815
1776103013.8896513,140.8882133960724,IO -> PLC,18.18418
1776103013.9086578,140.90721988677979,IO -> PLC,0.34081
1776103013.9216502,140.92021226882935,IO -> PLC,5.67176
1776103013.9376495,140.93621158599854,IO -> PLC,8.51971
1776103013.95365,140.95221209526062,IO -> PLC,11.10558
1776103013.9696493,140.9682114124298,IO -> PLC,13.65449
1776103013.9856486,140.984210729599,IO -> PLC,16.08259
1776103014.005387,141.00394916534424,IO -> PLC,14.81172
1776103014.0176475,141.01620960235596,IO -> PLC,1.68064
1776103014.0336478,141.03220987319946,IO -> PLC,6.30955
1776103014.0496473,141.04820942878723,IO -> PLC,9.15248
1776103014.0656466,141.06420874595642,IO -> PLC,11.65842
1776103014.0816462,141.0802083015442,IO -> PLC,14.55438
1776103014.0976455,141.09620761871338,IO -> PLC,17.18938
1776103014.115654,141.11421608924866,IO -> PLC,0.88772
1776103014.1296453,141.12820744514465,IO -> PLC,4.80912
1776103014.1456447,141.14420676231384,IO -> PLC,7.59979
1776103014.161644,141.16020607948303,IO -> PLC,10.19686
1776103014.1776445,141.17620658874512,IO -> PLC,12.79801
1776103014.1936438,141.1922059059143,IO -> PLC,15.27011
1776103014.2096434,141.20820546150208,IO -> PLC,17.67062
1776103014.2279232,141.22648525238037,IO -> PLC,0.58586
1776103014.241642,141.24020409584045,IO -> PLC,6.45664
1776103014.2576425,141.25620460510254,IO -> PLC,9.95696
1776103014.2736418,141.27220392227173,IO -> PLC,12.4649
1776103014.2896411,141.28820323944092,IO -> PLC,14.74652
1776103014.3056407,141.3042027950287,IO -> PLC,17.37655
1776103014.3238444,141.32240653038025,IO -> PLC,0.59891
1776103014.3376405,141.33620262145996,IO -> PLC,7.22327
1776103014.3536398,141.35220193862915,IO -> PLC,7.84208
1776103014.3696392,141.36820125579834,IO -> PLC,10.25179
1776103014.3856387,141.3842008113861,IO -> PLC,12.70333
1776103014.401639,141.40020108222961,IO -> PLC,15.41304
1776103014.4176385,141.41620063781738,IO -> PLC,16.05131
1776103014.4496372,141.44819927215576,IO -> PLC,5.50201
1776103014.4656365,141.46419858932495,IO -> PLC,6.32427
1776103014.481637,141.48019909858704,IO -> PLC,9.02174
1776103014.4976363,141.49619841575623,IO -> PLC,11.42641
1776103014.5136359,141.512197971344,IO -> PLC,14.00803
1776103014.5296352,141.52819728851318,IO -> PLC,4.92186
1776103014.5456345,141.54419660568237,IO -> PLC,5.07865
1776103014.561635,141.56019711494446,IO -> PLC,9.73717
1776103014.5776343,141.57619643211365,IO -> PLC,12.55858
1776103014.593634,141.59219598770142,IO -> PLC,15.09612
1776103014.6096332,141.6081953048706,IO -> PLC,17.70552
1776103014.628454,141.62701606750488,IO -> PLC,2.94413
1776103014.641633,141.64019513130188,IO -> PLC,5.66406
1776103014.6576324,141.65619444847107,IO -> PLC,8.34522
1776103014.6736317,141.67219376564026,IO -> PLC,10.56555
1776103014.6896312,141.68819332122803,IO -> PLC,13.44928
1776103014.7056315,141.70419359207153,IO -> PLC,15.89994
1776103014.721631,141.7201931476593,IO -> PLC,6.69782
1776103014.7376304,141.7361924648285,IO -> PLC,4.37052
1776103014.7536297,141.75219178199768,IO -> PLC,4.35938
1776103014.7696302,141.76819229125977,IO -> PLC,6.95862
1776103014.7856295,141.78419160842896,IO -> PLC,9.50544
1776103014.801629,141.80019116401672,IO -> PLC,11.95826
1776103014.8176284,141.8161904811859,IO -> PLC,14.57781
1776103014.8336277,141.8321897983551,IO -> PLC,17.42465
1776103014.851879,141.8504409790039,IO -> PLC,0.65635
1776103014.8656275,141.86418962478638,IO -> PLC,4.85294
1776103014.8816268,141.88018894195557,IO -> PLC,7.17464
1776103014.8976264,141.89618849754333,IO -> PLC,9.84955
1776103014.9136257,141.91218781471252,IO -> PLC,12.49262
1776103014.9296262,141.9281883239746,IO -> PLC,15.37035
1776103014.9456255,141.9441876411438,IO -> PLC,18.26119
1776103014.9616249,141.960186958313,IO -> PLC,1.92995
1776103014.9776242,141.97618627548218,IO -> PLC,6.03134
1776103014.9936247,141.99218678474426,IO -> PLC,8.16462
1776103015.0096242,142.00818634033203,IO -> PLC,10.80985
1776103015.0256236,142.02418565750122,IO -> PLC,13.48877
1776103015.0416229,142.0401849746704,IO -> PLC,16.31432
1776103015.0588794,142.0574414730072,IO -> PLC,0.86204
1776103015.0736227,142.07218480110168,IO -> PLC,6.45922
1776103015.089622,142.08818411827087,IO -> PLC,8.34273
1776103015.1056216,142.10418367385864,IO -> PLC,11.32974
1776103015.121621,142.12018299102783,IO -> PLC,13.99441
1776103015.1376214,142.13618350028992,IO -> PLC,17.06063
1776103015.1555195,142.15408158302307,IO -> PLC,1.33934
1776103015.16962,142.1681821346283,IO -> PLC,5.14318
1776103015.1856194,142.18418145179749,IO -> PLC,7.94514
1776103015.201619,142.20018100738525,IO -> PLC,10.67206
1776103015.2176194,142.21618151664734,IO -> PLC,13.13304
1776103015.2336187,142.23218083381653,IO -> PLC,16.09477
1776103015.2506433,142.24920535087585,IO -> PLC,3.45383
1776103015.2656174,142.2641794681549,IO -> PLC,3.96412
1776103015.281617,142.28017902374268,IO -> PLC,6.55926
1776103015.2976172,142.29617929458618,IO -> PLC,9.03449
1776103015.3136168,142.31217885017395,IO -> PLC,11.65716
1776103015.329616,142.32817816734314,IO -> PLC,14.17983
1776103015.3456154,142.34417748451233,IO -> PLC,17.27932
1776103015.3637242,142.3622863292694,IO -> PLC,0.76491
1776103015.3776152,142.3761773109436,IO -> PLC,4.76593
1776103015.3936145,142.3921766281128,IO -> PLC,7.23499
1776103015.409614,142.40817618370056,IO -> PLC,9.98038
1776103015.4256134,142.42417550086975,IO -> PLC,12.47634
1776103015.441614,142.44017601013184,IO -> PLC,15.28749
1776103015.4576132,142.45617532730103,IO -> PLC,18.70068
1776103015.4736125,142.47217464447021,IO -> PLC,1.39228
1776103015.489612,142.48817420005798,IO -> PLC,6.8322
1776103015.5056114,142.50417351722717,IO -> PLC,9.23166
1776103015.521612,142.52017402648926,IO -> PLC,11.82977
1776103015.5376112,142.53617334365845,IO -> PLC,12.83037
1776103015.5536106,142.55217266082764,IO -> PLC,15.56584
1776103015.5696099,142.56817197799683,IO -> PLC,18.13411
1776103015.5856104,142.5841724872589,IO -> PLC,1.53967
1776103015.6016097,142.6001718044281,IO -> PLC,6.1305
1776103015.6176093,142.61617136001587,IO -> PLC,8.14211
1776103015.6336086,142.63217067718506,IO -> PLC,11.13744
1776103015.649608,142.64816999435425,IO -> PLC,13.78563
1776103015.6656084,142.66417050361633,IO -> PLC,16.27413
1776103015.6826866,142.68124866485596,IO -> PLC,1.13461
1776103015.697607,142.6961691379547,IO -> PLC,6.92905
1776103015.7136066,142.71216869354248,IO -> PLC,7.89908
1776103015.729606,142.72816801071167,IO -> PLC,10.48695
1776103015.7456064,142.74416851997375,IO -> PLC,13.29587
1776103015.7616057,142.76016783714294,IO -> PLC,15.96982
1776103015.777605,142.77616715431213,IO -> PLC,3.27076
1776103015.7936046,142.7921667098999,IO -> PLC,3.50676
1776103015.809605,142.8081669807434,IO -> PLC,6.01142
1776103015.8256044,142.82416653633118,IO -> PLC,8.49489
1776103015.8416038,142.84016585350037,IO -> PLC,11.45645
1776103015.857603,142.85616517066956,IO -> PLC,14.10697
1776103015.8736026,142.87216472625732,IO -> PLC,16.50138
1776103015.8909209,142.8894829750061,IO -> PLC,0.69107
1776103015.9056022,142.90416431427002,IO -> PLC,7.0495
1776103015.9216018,142.9201638698578,IO -> PLC,6.75171
1776103015.937601,142.93616318702698,IO -> PLC,9.42367
1776103015.9536016,142.95216369628906,IO -> PLC,11.92745
1776103015.969601,142.96816301345825,IO -> PLC,14.9107
1776103015.9856002,142.98416233062744,IO -> PLC,17.12183
1776103016.0041637,143.00272583961487,IO -> PLC,0.79595
1776103016.017599,143.0161612033844,IO -> PLC,6.10539
1776103016.0335996,143.03216171264648,IO -> PLC,9.00863
1776103016.049599,143.04816102981567,IO -> PLC,11.95796
1776103016.0655982,143.06416034698486,IO -> PLC,14.33902
1776103016.0815978,143.08015990257263,IO -> PLC,16.65239
1776103016.0990663,143.09762835502625,IO -> PLC,3.2103
1776103016.1135974,143.11215949058533,IO -> PLC,4.04284
1776103016.129597,143.1281590461731,IO -> PLC,6.98273
1776103016.1455963,143.14415836334229,IO -> PLC,9.79485
1776103016.1615956,143.16015768051147,IO -> PLC,12.35719
1776103016.177596,143.17615818977356,IO -> PLC,14.78938
1776103016.1935954,143.19215750694275,IO -> PLC,17.27588
1776103016.2119722,143.21053433418274,IO -> PLC,3.12014
1776103016.2255943,143.2241563796997,IO -> PLC,4.77065
1776103016.2415936,143.2401556968689,IO -> PLC,7.87982
1776103016.257594,143.25615620613098,IO -> PLC,10.32017
1776103016.2735934,143.27215552330017,IO -> PLC,12.79331
1776103016.2895927,143.28815484046936,IO -> PLC,15.40167
1776103016.3055923,143.30415439605713,IO -> PLC,17.84832
1776103016.324271,143.32283306121826,IO -> PLC,2.0797
1776103016.3375921,143.3361542224884,IO -> PLC,5.15245
1776103016.3535914,143.3521535396576,IO -> PLC,7.95233
1776103016.3695908,143.36815285682678,IO -> PLC,10.4758
1776103016.3855903,143.38415241241455,IO -> PLC,13.00734
1776103016.4015906,143.40015268325806,IO -> PLC,15.73545
1776103016.4175901,143.41615223884583,IO -> PLC,5.58419
1776103016.4335895,143.43215155601501,IO -> PLC,3.5496
1776103016.4495888,143.4481508731842,IO -> PLC,6.18452
1776103016.4655883,143.46415042877197,IO -> PLC,8.77758
1776103016.4815886,143.48015069961548,IO -> PLC,11.35945
1776103016.497588,143.49615001678467,IO -> PLC,14.21965
1776103016.5135875,143.51214957237244,IO -> PLC,16.5135
1776103016.530654,143.52921605110168,IO -> PLC,3.5288
1776103016.5455863,143.5441484451294,IO -> PLC,7.75525
1776103016.5615866,143.5601487159729,IO -> PLC,10.21607
1776103016.577586,143.5761480331421,IO -> PLC,12.84082
1776103016.5935855,143.59214758872986,IO -> PLC,15.1534
1776103016.6095848,143.60814690589905,IO -> PLC,17.62023
1776103016.6277661,143.62632822990417,IO -> PLC,0.65251
1776103016.6415846,143.64014673233032,IO -> PLC,6.31809
1776103016.657584,143.6561460494995,IO -> PLC,8.1084
1776103016.6735835,143.67214560508728,IO -> PLC,10.69827
1776103016.6895828,143.68814492225647,IO -> PLC,13.05469
1776103016.705583,143.70414519309998,IO -> PLC,15.6948
1776103016.7215827,143.72014474868774,IO -> PLC,17.99913
1776103016.737582,143.73614406585693,IO -> PLC,0.72362
1776103016.7535815,143.7521436214447,IO -> PLC,5.89921
1776103016.7695818,143.7681438922882,IO -> PLC,8.67765
1776103016.785581,143.7841432094574,IO -> PLC,11.19479
1776103016.8015807,143.80014276504517,IO -> PLC,13.85843
1776103016.81758,143.81614208221436,IO -> PLC,16.33069
1776103016.8347206,143.8332827091217,IO -> PLC,0.87436
1776103016.8495798,143.84814190864563,IO -> PLC,6.4099
1776103016.8655791,143.86414122581482,IO -> PLC,6.48397
1776103016.8815787,143.8801407814026,IO -> PLC,9.03792
1776103016.897578,143.89614009857178,IO -> PLC,11.53162
1776103016.9135773,143.91213941574097,IO -> PLC,14.40526
1776103016.9295778,143.92813992500305,IO -> PLC,17.0109
1776103016.9455771,143.94413924217224,IO -> PLC,1.00472
1776103016.9615765,143.96013855934143,IO -> PLC,5.24131
1776103016.977576,143.9761381149292,IO -> PLC,7.08586
1776103016.9935763,143.9921383857727,IO -> PLC,9.51603
1776103017.0095758,144.00813794136047,IO -> PLC,12.26168
1776103017.0255752,144.02413725852966,IO -> PLC,14.3856
1776103017.0415745,144.04013657569885,IO -> PLC,17.29093
1776103017.059692,144.05825400352478,IO -> PLC,4.60909
1776103017.0735743,144.07213640213013,IO -> PLC,4.9093
1776103017.0895736,144.08813571929932,IO -> PLC,7.46173
1776103017.1055732,144.10413527488708,IO -> PLC,10.33417
1776103017.1215725,144.12013459205627,IO -> PLC,13.01941
1776103017.137573,144.13613510131836,IO -> PLC,16.04849
1776103017.1545525,144.15311455726624,IO -> PLC,0.95628
1776103017.1695716,144.16813373565674,IO -> PLC,6.31724
1776103017.1855712,144.1841332912445,IO -> PLC,6.01849
1776103017.2015705,144.2001326084137,IO -> PLC,8.6074
1776103017.217571,144.21613311767578,IO -> PLC,11.29559
1776103017.2335703,144.23213243484497,IO -> PLC,13.94282
1776103017.2495697,144.24813175201416,IO -> PLC,16.63814
1776103017.266634,144.2651960849762,IO -> PLC,0.39418
1776103017.2815685,144.28013062477112,IO -> PLC,5.88092
1776103017.2975688,144.29613089561462,IO -> PLC,6.49149
1776103017.3135684,144.3121304512024,IO -> PLC,9.0896
1776103017.3295677,144.32812976837158,IO -> PLC,11.68675
1776103017.3455672,144.34412932395935,IO -> PLC,14.61559
1776103017.3615675,144.36012959480286,IO -> PLC,17.22691
1776103017.3775668,144.37612891197205,IO -> PLC,0.6827
1776103017.3935664,144.39212846755981,IO -> PLC,5.43643
1776103017.4095657,144.408127784729,IO -> PLC,7.44579
1776103017.425565,144.4241271018982,IO -> PLC,10.00189
1776103017.4415655,144.44012761116028,IO -> PLC,12.73938
1776103017.4575648,144.45612692832947,IO -> PLC,15.44597
1776103017.4735644,144.47212648391724,IO -> PLC,18.3553
1776103017.492749,144.49131107330322,IO -> PLC,3.79714
1776103017.505563,144.50412511825562,IO -> PLC,6.13279
1776103017.5215635,144.5201256275177,IO -> PLC,8.70323
1776103017.5375628,144.5361249446869,IO -> PLC,11.33717
1776103017.5535622,144.55212426185608,IO -> PLC,14.05705
1776103017.5695617,144.56812381744385,IO -> PLC,16.6346
1776103017.585562,144.58412408828735,IO -> PLC,0.59002
1776103017.6015615,144.60012364387512,IO -> PLC,5.14406
1776103017.6175609,144.6161229610443,IO -> PLC,6.53811
1776103017.6335602,144.6321222782135,IO -> PLC,9.18343
1776103017.6495597,144.64812183380127,IO -> PLC,12.27588
1776103017.66556,144.66412210464478,IO -> PLC,13.22543
1776103017.6815596,144.68012166023254,IO -> PLC,15.74578
1776103017.6975589,144.69612097740173,IO -> PLC,5.43162
1776103017.7135582,144.71212029457092,IO -> PLC,3.30888
1776103017.7295575,144.7281196117401,IO -> PLC,5.49648
1776103017.745558,144.7441201210022,IO -> PLC,8.29133
1776103017.7615573,144.7601194381714,IO -> PLC,10.84111
1776103017.777557,144.77611899375916,IO -> PLC,13.31337
1776103017.7935562,144.79211831092834,IO -> PLC,15.91236
1776103017.8095567,144.80811882019043,IO -> PLC,4.18326
1776103017.825556,144.82411813735962,IO -> PLC,3.54667
1776103017.8415554,144.8401174545288,IO -> PLC,6.3587
1776103017.857555,144.85611701011658,IO -> PLC,8.93304
1776103017.8735542,144.87211632728577,IO -> PLC,11.48004
1776103017.8895547,144.88811683654785,IO -> PLC,13.90093
1776103017.905554,144.90411615371704,IO -> PLC,16.408
1776103017.922899,144.92146110534668,IO -> PLC,1.07925
1776103017.9375527,144.93611478805542,IO -> PLC,6.95939
1776103017.9535532,144.9521152973175,IO -> PLC,6.73026
1776103017.9695525,144.9681146144867,IO -> PLC,10.34305
1776103017.985552,144.98411417007446,IO -> PLC,13.00052
1776103018.0015514,145.00011348724365,IO -> PLC,17.00389
1776103018.019493,145.01805520057678,IO -> PLC,0.86731
1776103018.0335512,145.03211331367493,IO -> PLC,4.87549
1776103018.0495505,145.04811263084412,IO -> PLC,7.32814
1776103018.06555,145.06411218643188,IO -> PLC,10.02642
1776103018.0815494,145.08011150360107,IO -> PLC,12.40636
1776103018.0975487,145.09611082077026,IO -> PLC,15.26376
1776103018.1135492,145.11211133003235,IO -> PLC,18.03996
1776103018.1317468,145.13030886650085,IO -> PLC,0.67395
1776103018.1455479,145.14410996437073,IO -> PLC,6.38157
1776103018.1615474,145.1601095199585,IO -> PLC,8.03147
1776103018.1775477,145.176109790802,IO -> PLC,8.76158
1776103018.1935472,145.19210934638977,IO -> PLC,11.33713
1776103018.2095466,145.20810866355896,IO -> PLC,13.73762
1776103018.225546,145.22410798072815,IO -> PLC,16.42902
1776103018.242794,145.24135613441467,IO -> PLC,5.50937
1776103018.2575457,145.25610780715942,IO -> PLC,4.63335
1776103018.2735453,145.2721073627472,IO -> PLC,7.25818
1776103018.2895446,145.28810667991638,IO -> PLC,9.64731
1776103018.305544,145.30410599708557,IO -> PLC,12.15934
1776103018.3215432,145.32010531425476,IO -> PLC,14.67369
1776103018.3375437,145.33610582351685,IO -> PLC,17.31988
1776103018.3556972,145.35425925254822,IO -> PLC,3.1067
1776103018.3695426,145.3681046962738,IO -> PLC,4.62921
1776103018.385542,145.384104013443,IO -> PLC,8.90875
1776103018.4015424,145.40010452270508,IO -> PLC,11.80479
1776103018.4175417,145.41610383987427,IO -> PLC,14.32106
1776103018.433541,145.43210315704346,IO -> PLC,16.94173
1776103018.4513133,145.44987535476685,IO -> PLC,3.86874
1776103018.46554,145.46410202980042,IO -> PLC,4.27658
1776103018.4815404,145.4801025390625,IO -> PLC,7.02125
1776103018.4975398,145.4961018562317,IO -> PLC,9.57224
1776103018.513539,145.51210117340088,IO -> PLC,10.3721
1776103018.5295384,145.52810049057007,IO -> PLC,16.80023
1776103018.547521,145.5460832118988,IO -> PLC,0.86211
1776103018.5615382,145.56010031700134,IO -> PLC,4.53053
1776103018.5775378,145.5760998725891,IO -> PLC,7.55354
1776103018.593537,145.5920991897583,IO -> PLC,10.00708
1776103018.6095364,145.6080985069275,IO -> PLC,12.55711
1776103018.625537,145.62409901618958,IO -> PLC,15.10602
1776103018.6415362,145.64009833335876,IO -> PLC,17.93366
1776103018.6602778,145.65883994102478,IO -> PLC,1.26046
1776103018.673535,145.67209720611572,IO -> PLC,5.23474
1776103018.6895344,145.6880965232849,IO -> PLC,9.6423
1776103018.705535,145.704097032547,IO -> PLC,13.83903
1776103018.7215343,145.7200963497162,IO -> PLC,16.48307
1776103018.7388399,145.73740196228027,IO -> PLC,5.92283
1776103018.753533,145.75209498405457,IO -> PLC,4.71723
1776103018.7695334,145.76809549331665,IO -> PLC,6.58635
1776103018.785533,145.78409504890442,IO -> PLC,9.45479
1776103018.8015323,145.8000943660736,IO -> PLC,11.98938
1776103018.8175316,145.8160936832428,IO -> PLC,14.45316
1776103018.833531,145.832093000412,IO -> PLC,17.45601
1776103018.8518083,145.8503704071045,IO -> PLC,3.68833
1776103018.8655307,145.86409282684326,IO -> PLC,4.79301
1776103018.8815303,145.88009238243103,IO -> PLC,7.31112
1776103018.8975296,145.89609169960022,IO -> PLC,9.90811
1776103018.913529,145.9120910167694,IO -> PLC,12.54126
1776103018.9295294,145.9280915260315,IO -> PLC,15.28466
1776103018.9455287,145.94409084320068,IO -> PLC,18.00053
1776103018.9643538,145.96291589736938,IO -> PLC,2.47892
1776103018.9775276,145.97608971595764,IO -> PLC,5.34889
1776103018.9935281,145.99209022521973,IO -> PLC,8.01957
1776103019.0095274,146.00808954238892,IO -> PLC,10.35655
1776103019.0255268,146.0240888595581,IO -> PLC,13.03874
1776103019.041526,146.0400881767273,IO -> PLC,15.81182
1776103019.0575256,146.05608773231506,IO -> PLC,5.60326
1776103019.073526,146.07208800315857,IO -> PLC,3.36996
1776103019.0895255,146.08808755874634,IO -> PLC,5.9847
1776103019.1055248,146.10408687591553,IO -> PLC,9.14804
1776103019.121524,146.12008619308472,IO -> PLC,11.77175
1776103019.1375237,146.13608574867249,IO -> PLC,15.10301
1776103019.153524,146.152086019516,IO -> PLC,17.47991
1776103019.171814,146.1703760623932,IO -> PLC,1.10997
1776103019.1855228,146.18408489227295,IO -> PLC,4.77492
1776103019.201522,146.20008420944214,IO -> PLC,7.21534
1776103019.2175226,146.21608471870422,IO -> PLC,9.86065
1776103019.233522,146.2320840358734,IO -> PLC,12.65533
1776103019.2495213,146.2480833530426,IO -> PLC,15.19415
1776103019.2655208,146.26408290863037,IO -> PLC,17.67754
1776103019.2815201,146.28008222579956,IO -> PLC,0.94989
1776103019.2975206,146.29608273506165,IO -> PLC,5.66866
1776103019.31352,146.31208205223083,IO -> PLC,7.8153
1776103019.3295193,146.32808136940002,IO -> PLC,10.1758
1776103019.3455186,146.3440806865692,IO -> PLC,12.95128
1776103019.361519,146.3600811958313,IO -> PLC,15.34961
1776103019.3775184,146.3760805130005,IO -> PLC,18.2415
1776103019.3965845,146.39514660835266,IO -> PLC,2.63788
1776103019.4095173,146.40807938575745,IO -> PLC,5.77531
1776103019.4255166,146.42407870292664,IO -> PLC,8.26278
1776103019.441517,146.44007921218872,IO -> PLC,11.2521
1776103019.4575164,146.4560785293579,IO -> PLC,13.76213
1776103019.473516,146.47207808494568,IO -> PLC,16.61009
1776103019.4909532,146.48951530456543,IO -> PLC,4.75149
1776103019.5055146,146.50407671928406,IO -> PLC,4.20095
1776103019.5215151,146.52007722854614,IO -> PLC,7.22203
1776103019.5375144,146.53607654571533,IO -> PLC,9.77623
1776103019.5535138,146.55207586288452,IO -> PLC,12.5965
1776103019.5695133,146.5680754184723,IO -> PLC,15.01029
1776103019.5855136,146.5840756893158,IO -> PLC,17.76096
1776103019.6040947,146.60265684127808,IO -> PLC,1.41926
1776103019.6175125,146.61607456207275,IO -> PLC,5.29982
1776103019.6335118,146.63207387924194,IO -> PLC,8.03289
1776103019.6495113,146.6480734348297,IO -> PLC,10.80925
1776103019.6655116,146.66407370567322,IO -> PLC,13.54056
1776103019.681511,146.6800730228424,IO -> PLC,16.12332
1776103019.69844,146.6970021724701,IO -> PLC,3.32407
1776103019.7135098,146.71207189559937,IO -> PLC,3.39263
1776103019.7295094,146.72807145118713,IO -> PLC,6.34092
1776103019.7455096,146.74407172203064,IO -> PLC,9.02527
1776103019.761509,146.76007103919983,IO -> PLC,11.58643
1776103019.7775085,146.7760705947876,IO -> PLC,14.22661
1776103019.7935078,146.7920699119568,IO -> PLC,14.94943
1776103019.8095083,146.80807042121887,IO -> PLC,17.57843
1776103019.8281546,146.82671666145325,IO -> PLC,3.94762
1776103019.841507,146.84006905555725,IO -> PLC,5.42754
1776103019.8575065,146.85606861114502,IO -> PLC,8.14029
1776103019.8735058,146.8720679283142,IO -> PLC,10.79265
1776103019.889506,146.88806819915771,IO -> PLC,13.28747
1776103019.9055057,146.90406775474548,IO -> PLC,15.94782
1776103019.921505,146.92006707191467,IO -> PLC,6.69787
1776103019.9375043,146.93606638908386,IO -> PLC,4.27191
1776103019.9535038,146.95206594467163,IO -> PLC,6.04487
1776103019.969504,146.96806621551514,IO -> PLC,8.83658
1776103019.9855037,146.9840657711029,IO -> PLC,11.56877
1776103020.001503,147.0000650882721,IO -> PLC,14.08912
1776103020.0175023,147.01606440544128,IO -> PLC,16.80187
1776103020.0355146,147.03407669067383,IO -> PLC,2.80772
1776103020.0495021,147.04806423187256,IO -> PLC,4.91108
1776103020.0655015,147.06406354904175,IO -> PLC,7.42303
1776103020.081501,147.08006310462952,IO -> PLC,10.13178
1776103020.0975003,147.0960624217987,IO -> PLC,12.53531
1776103020.1135008,147.1120629310608,IO -> PLC,15.65457
1776103020.1295002,147.12806224822998,IO -> PLC,18.49949
1776103020.1488435,147.14740562438965,IO -> PLC,0.80683
1776103020.161499,147.16006112098694,IO -> PLC,5.80385
1776103020.1774993,147.17606139183044,IO -> PLC,10.3803
1776103020.1934988,147.1920609474182,IO -> PLC,12.94672
1776103020.2094982,147.2080602645874,IO -> PLC,15.45986
1776103020.2254975,147.2240595817566,IO -> PLC,18.12438
1776103020.2444599,147.24302196502686,IO -> PLC,1.73872
1776103020.2574973,147.25605940818787,IO -> PLC,6.24391
1776103020.2734966,147.27205872535706,IO -> PLC,8.65768
1776103020.2894962,147.28805828094482,IO -> PLC,11.42675
1776103020.3054955,147.304057598114,IO -> PLC,13.87134
1776103020.321495,147.32005715370178,IO -> PLC,16.41921
1776103020.3387425,147.33730459213257,IO -> PLC,3.69249
1776103020.3534946,147.35205674171448,IO -> PLC,3.93134
1776103020.3694942,147.36805629730225,IO -> PLC,6.72291
1776103020.3854935,147.38405561447144,IO -> PLC,9.51774
1776103020.401494,147.40005612373352,IO -> PLC,12.11176
1776103020.4174933,147.4160554409027,IO -> PLC,14.7222
1776103020.4334927,147.4320547580719,IO -> PLC,17.44919
1776103020.4654915,147.46405363082886,IO -> PLC,6.4738
1776103020.4814918,147.48005390167236,IO -> PLC,8.45147
1776103020.4974914,147.49605345726013,IO -> PLC,10.95342
1776103020.5134907,147.51205277442932,IO -> PLC,13.26471
1776103020.52949,147.5280520915985,IO -> PLC,1.69331
1776103020.5454905,147.5440526008606,IO -> PLC,5.02248
1776103020.5614898,147.56005191802979,IO -> PLC,7.66772
1776103020.5774894,147.57605147361755,IO -> PLC,10.21054
1776103020.5934887,147.59205079078674,IO -> PLC,12.97354
1776103020.609488,147.60805010795593,IO -> PLC,15.38324
1776103020.6254885,147.62405061721802,IO -> PLC,18.2496
1776103020.6445572,147.64311933517456,IO -> PLC,1.90248
1776103020.6574874,147.65604948997498,IO -> PLC,6.00951
1776103020.6734867,147.67204880714417,IO -> PLC,8.55433
1776103020.689486,147.68804812431335,IO -> PLC,10.98972
1776103020.7054865,147.70404863357544,IO -> PLC,13.56526
1776103020.7214859,147.72004795074463,IO -> PLC,16.03425
1776103020.73845,147.73701214790344,IO -> PLC,4.13995
1776103020.7534847,147.7520468235016,IO -> PLC,2.96372
1776103020.769485,147.7680470943451,IO -> PLC,5.48206
1776103020.7854846,147.78404664993286,IO -> PLC,10.26946
1776103020.8014839,147.80004596710205,IO -> PLC,12.82566
1776103020.8174832,147.81604528427124,IO -> PLC,15.15335
1776103020.8334827,147.832044839859,IO -> PLC,18.29525
1776103020.8523283,147.8508903980255,IO -> PLC,0.27178
1776103020.8654823,147.8640444278717,IO -> PLC,7.05152
1776103020.881482,147.88004398345947,IO -> PLC,8.30013
1776103020.8974812,147.89604330062866,IO -> PLC,10.88903
1776103020.9134808,147.91204285621643,IO -> PLC,13.64171
1776103020.929481,147.92804312705994,IO -> PLC,16.84288
1776103020.9471421,147.94570422172546,IO -> PLC,1.76344
1776103020.96148,147.9600419998169,IO -> PLC,4.11141
1776103020.9774792,147.97604131698608,IO -> PLC,6.69016
1776103020.9934797,147.99204182624817,IO -> PLC,9.14178
1776103021.009479,148.00804114341736,IO -> PLC,11.81149
1776103021.0254784,148.02404046058655,IO -> PLC,14.36968
1776103021.041478,148.04004001617432,IO -> PLC,17.38645
1776103021.0574772,148.0560393333435,IO -> PLC,1.07162
1776103021.0734775,148.072039604187,IO -> PLC,5.89087
1776103021.089477,148.08803915977478,IO -> PLC,7.59213
1776103021.1054764,148.10403847694397,IO -> PLC,10.46874
1776103021.121476,148.12003803253174,IO -> PLC,13.14869
1776103021.1374753,148.13603734970093,IO -> PLC,16.29587
1776103021.1545963,148.1531584262848,IO -> PLC,1.11821
1776103021.169475,148.1680371761322,IO -> PLC,6.32988
1776103021.1854744,148.1840364933014,IO -> PLC,6.21042
1776103021.2014737,148.20003581047058,IO -> PLC,8.91405
1776103021.2174742,148.21603631973267,IO -> PLC,11.59921
1776103021.2334735,148.23203563690186,IO -> PLC,14.54845
1776103021.249473,148.24803519248962,IO -> PLC,17.29089
1776103021.2675822,148.26614427566528,IO -> PLC,3.90738
1776103021.2814717,148.280033826828,IO -> PLC,4.5727
1776103021.2974722,148.2960343360901,IO -> PLC,7.19032
1776103021.3134716,148.31203365325928,IO -> PLC,9.62162
1776103021.3294709,148.32803297042847,IO -> PLC,12.09365
1776103021.3454704,148.34403252601624,IO -> PLC,14.89136
1776103021.3614707,148.36003279685974,IO -> PLC,17.90118
1776103021.3802097,148.3787717819214,IO -> PLC,0.98196
1776103021.3934696,148.3920316696167,IO -> PLC,5.30786
1776103021.409469,148.4080309867859,IO -> PLC,7.89157
1776103021.4254684,148.42403054237366,IO -> PLC,10.32471
1776103021.4414687,148.44003081321716,IO -> PLC,13.10523
1776103021.457468,148.45603013038635,IO -> PLC,15.59277
1776103021.4734676,148.47202968597412,IO -> PLC,18.44594
1776103021.489467,148.4880290031433,IO -> PLC,1.90678
1776103021.5054662,148.5040283203125,IO -> PLC,6.93083
1776103021.5214667,148.52002882957458,IO -> PLC,8.74771
1776103021.537466,148.53602814674377,IO -> PLC,11.38966
1776103021.5534656,148.55202770233154,IO -> PLC,13.98633
1776103021.569465,148.56802701950073,IO -> PLC,16.73236
1776103021.5870187,148.58558082580566,IO -> PLC,1.46823
1776103021.6014647,148.600026845932,IO -> PLC,4.06633
1776103021.617464,148.6160261631012,IO -> PLC,7.99162
1776103021.6334636,148.63202571868896,IO -> PLC,10.7043
1776103021.649463,148.64802503585815,IO -> PLC,13.83603
1776103021.6654632,148.66402530670166,IO -> PLC,16.30621
1776103021.682609,148.68117117881775,IO -> PLC,1.94049
1776103021.697462,148.69602417945862,IO -> PLC,3.72507
1776103021.7134614,148.7120234966278,IO -> PLC,6.22485
1776103021.729461,148.72802305221558,IO -> PLC,8.71447
1776103021.7454612,148.74402332305908,IO -> PLC,11.60851
1776103021.7614608,148.76002287864685,IO -> PLC,14.15838
1776103021.77746,148.77602219581604,IO -> PLC,16.93162
1776103021.7953708,148.7939329147339,IO -> PLC,0.72804
1776103021.80946,148.80802202224731,IO -> PLC,4.51239
1776103021.8254592,148.8240213394165,IO -> PLC,6.99698
1776103021.8414588,148.84002089500427,IO -> PLC,9.94926
1776103021.857458,148.85602021217346,IO -> PLC,12.57818
1776103021.8734574,148.87201952934265,IO -> PLC,15.14964
1776103021.889458,148.88802003860474,IO -> PLC,17.69351
1776103021.9054573,148.90401935577393,IO -> PLC,0.84921
1776103021.9214566,148.92001867294312,IO -> PLC,5.34277
1776103021.9374561,148.93601822853088,IO -> PLC,8.06481
1776103021.9534554,148.95201754570007,IO -> PLC,10.68235
1776103021.969456,148.96801805496216,IO -> PLC,13.1023
1776103021.9854553,148.98401737213135,IO -> PLC,15.70048
1776103022.0014546,149.00001668930054,IO -> PLC,0.86525
1776103022.017454,149.01601600646973,IO -> PLC,5.76938
1776103022.0334544,149.0320165157318,IO -> PLC,6.01969
1776103022.0494537,149.048015832901,IO -> PLC,8.71797
1776103022.0654533,149.06401538848877,IO -> PLC,11.25263
1776103022.0814526,149.08001470565796,IO -> PLC,13.92547
1776103022.097452,149.09601402282715,IO -> PLC,16.30237
1776103022.1146884,149.1132504940033,IO -> PLC,5.44561
1776103022.1294518,149.12801384925842,IO -> PLC,4.65214
1776103022.1454513,149.1440134048462,IO -> PLC,6.95343
1776103022.1614506,149.16001272201538,IO -> PLC,9.48483
1776103022.1774511,149.17601323127747,IO -> PLC,11.96741
1776103022.1934505,149.19201254844666,IO -> PLC,14.5112
1776103022.2094498,149.20801186561584,IO -> PLC,17.14402
1776103022.2274182,149.22598028182983,IO -> PLC,2.78733
1776103022.2414486,149.2400107383728,IO -> PLC,4.91017
1776103022.257449,149.2560110092163,IO -> PLC,7.44779
1776103022.2734485,149.27201056480408,IO -> PLC,10.03055
1776103022.2894478,149.28800988197327,IO -> PLC,12.56513
1776103022.305447,149.30400919914246,IO -> PLC,15.26469
1776103022.3214464,149.32000851631165,IO -> PLC,17.74815
1776103022.340016,149.33857798576355,IO -> PLC,1.7468
1776103022.3534465,149.3520085811615,IO -> PLC,5.34733
1776103022.3694458,149.3680078983307,IO -> PLC,7.88383
1776103022.385445,149.38400721549988,IO -> PLC,10.64291
1776103022.4014456,149.40000772476196,IO -> PLC,13.23286
1776103022.417445,149.41600704193115,IO -> PLC,15.81345
1776103022.4334443,149.43200635910034,IO -> PLC,5.95307
1776103022.4494438,149.4480059146881,IO -> PLC,3.87744
1776103022.4654431,149.4640052318573,IO -> PLC,6.05786
1776103022.4814436,149.48000574111938,IO -> PLC,8.6406
1776103022.497443,149.49600505828857,IO -> PLC,11.14767
1776103022.5134423,149.51200437545776,IO -> PLC,13.82458
1776103022.5294416,149.52800369262695,IO -> PLC,3.19514
1776103022.545442,149.54400420188904,IO -> PLC,5.34186
1776103022.5614417,149.5600037574768,IO -> PLC,7.88548
1776103022.577441,149.576003074646,IO -> PLC,10.66905
1776103022.5934403,149.59200239181519,IO -> PLC,13.22827
1776103022.6094396,149.60800170898438,IO -> PLC,15.85815
1776103022.6254401,149.62400221824646,IO -> PLC,4.01191
1776103022.6414394,149.64000153541565,IO -> PLC,3.75638
1776103022.657439,149.65600109100342,IO -> PLC,6.48657
1776103022.6734383,149.6720004081726,IO -> PLC,8.97899
1776103022.6894376,149.6879997253418,IO -> PLC,11.74503
1776103022.7054381,149.70400023460388,IO -> PLC,14.08513
1776103022.7214375,149.71999955177307,IO -> PLC,16.84725
1776103022.73911,149.7376720905304,IO -> PLC,0.74131
1776103022.7534363,149.75199842453003,IO -> PLC,6.71037
1776103022.7694368,149.76799893379211,IO -> PLC,7.26446
1776103022.7854362,149.7839982509613,IO -> PLC,10.10138
1776103022.8014355,149.7999975681305,IO -> PLC,12.513
1776103022.8174348,149.81599688529968,IO -> PLC,15.31488
1776103022.833434,149.83199620246887,IO -> PLC,18.06148
1776103022.8523233,149.85088539123535,IO -> PLC,4.1001
1776103022.8654342,149.86399626731873,IO -> PLC,5.41081
1776103022.8814335,149.87999558448792,IO -> PLC,7.78162
1776103022.8974328,149.8959949016571,IO -> PLC,10.48941
1776103022.9134321,149.9119942188263,IO -> PLC,13.12833
1776103022.9294326,149.92799472808838,IO -> PLC,15.64659
1776103022.945432,149.94399404525757,IO -> PLC,18.2151
1776103022.9644735,149.9630355834961,IO -> PLC,2.32227
1776103022.9774308,149.97599291801453,IO -> PLC,5.50283
1776103022.9934313,149.9919934272766,IO -> PLC,8.1839
1776103023.0094306,150.0079927444458,IO -> PLC,10.56695
1776103023.02543,150.023992061615,IO -> PLC,13.27475
1776103023.0414293,150.03999137878418,IO -> PLC,16.13599
1776103023.058488,150.05704998970032,IO -> PLC,3.86994
1776103023.0734293,150.07199144363403,IO -> PLC,3.61733
1776103023.0894287,150.08799076080322,IO -> PLC,6.51353
1776103023.105428,150.1039900779724,IO -> PLC,9.54974
1776103023.1214273,150.1199893951416,IO -> PLC,11.9924
1776103023.1374269,150.13598895072937,IO -> PLC,15.14966
1776103023.1534271,150.15198922157288,IO -> PLC,17.77336
1776103023.172029,150.17059111595154,IO -> PLC,0.85188
1776103023.185426,150.18398809432983,IO -> PLC,5.10517
1776103023.2014253,150.19998741149902,IO -> PLC,7.69504
1776103023.2174258,150.2159879207611,IO -> PLC,10.13946
1776103023.2334251,150.2319872379303,IO -> PLC,13.12375
1776103023.2494245,150.2479865550995,IO -> PLC,15.57745
1776103023.265424,150.26398611068726,IO -> PLC,18.12532
1776103023.2814233,150.27998542785645,IO -> PLC,1.87905
1776103023.2974238,150.29598593711853,IO -> PLC,6.45677
1776103023.3134232,150.31198525428772,IO -> PLC,7.83331
1776103023.3294225,150.3279845714569,IO -> PLC,10.33397
1776103023.345422,150.34398412704468,IO -> PLC,13.32337
1776103023.3614223,150.35998439788818,IO -> PLC,15.90101
1776103023.3774219,150.37598395347595,IO -> PLC,2.38582
1776103023.3934212,150.39198327064514,IO -> PLC,6.71233
1776103023.4094205,150.40798258781433,IO -> PLC,6.35942
1776103023.42542,150.4239821434021,IO -> PLC,8.73416
1776103023.4414203,150.4399824142456,IO -> PLC,11.47476
1776103023.4574196,150.4559817314148,IO -> PLC,14.0975
1776103023.4734192,150.47198128700256,IO -> PLC,16.81522
1776103023.4910588,150.48962092399597,IO -> PLC,5.49385
1776103023.5054178,150.50397992134094,IO -> PLC,5.07787
1776103023.5214183,150.51998043060303,IO -> PLC,6.99411
1776103023.5374177,150.53597974777222,IO -> PLC,10.47594
1776103023.5534172,150.55197930335999,IO -> PLC,13.39262
1776103023.5694165,150.56797862052917,IO -> PLC,15.80224
1776103023.585417,150.58397912979126,IO -> PLC,18.15554
1776103023.6043959,150.60295796394348,IO -> PLC,2.65012
1776103023.6174157,150.61597776412964,IO -> PLC,5.66272
1776103023.633415,150.63197708129883,IO -> PLC,8.39907
1776103023.6494145,150.6479766368866,IO -> PLC,11.19175
1776103023.6654148,150.6639769077301,IO -> PLC,14.02627
1776103023.6814144,150.67997646331787,IO -> PLC,14.77909
1776103023.6974137,150.69597578048706,IO -> PLC,17.23808
1776103023.715471,150.71403312683105,IO -> PLC,1.91264
1776103023.7294126,150.72797465324402,IO -> PLC,4.24827
1776103023.7454128,150.74397492408752,IO -> PLC,7.03495
1776103023.7614121,150.7599742412567,IO -> PLC,9.5593
1776103023.7774117,150.77597379684448,IO -> PLC,11.94331
1776103023.793411,150.79197311401367,IO -> PLC,14.43173
1776103023.8094115,150.80797362327576,IO -> PLC,17.14881
1776103023.8273957,150.82595777511597,IO -> PLC,1.11725
1776103023.8414102,150.83997225761414,IO -> PLC,7.33147
1776103023.8574097,150.8559718132019,IO -> PLC,7.62875
1776103023.873409,150.8719711303711,IO -> PLC,10.0999
1776103023.8894095,150.88797163963318,IO -> PLC,12.49911
1776103023.9054089,150.90397095680237,IO -> PLC,15.35955
1776103023.9214082,150.91997027397156,IO -> PLC,17.79278
1776103023.9374077,150.93596982955933,IO -> PLC,1.3161
1776103023.953408,150.95197010040283,IO -> PLC,5.66317
1776103023.9694073,150.96796941757202,IO -> PLC,8.05767
1776103023.9854069,150.9839689731598,IO -> PLC,10.86563
1776103024.0014062,150.99996829032898,IO -> PLC,13.44325
1776103024.0174057,151.01596784591675,IO -> PLC,16.17657
1776103024.034774,151.03333616256714,IO -> PLC,0.47514
1776103024.0494053,151.04796743392944,IO -> PLC,6.40739
1776103024.065405,151.0639669895172,IO -> PLC,6.76204
1776103024.0814042,151.0799663066864,IO -> PLC,9.25862
1776103024.0974035,151.0959656238556,IO -> PLC,11.59368
1776103024.113404,151.11196613311768,IO -> PLC,14.25019
1776103024.1294034,151.12796545028687,IO -> PLC,17.16975
1776103024.1474118,151.14597392082214,IO -> PLC,4.88646
1776103024.1614022,151.15996432304382,IO -> PLC,4.68892
1776103024.1774025,151.17596459388733,IO -> PLC,7.02087
1776103024.193402,151.1919641494751,IO -> PLC,9.42544
1776103024.2094014,151.2079634666443,IO -> PLC,12.0482
1776103024.2254007,151.22396278381348,IO -> PLC,14.44253
1776103024.2414002,151.23996233940125,IO -> PLC,17.6029
1776103024.2598233,151.25838541984558,IO -> PLC,1.97001
1776103024.2734,151.27196216583252,IO -> PLC,5.26457
1776103024.2893994,151.2879614830017,IO -> PLC,7.8502
1776103024.3053987,151.3039608001709,IO -> PLC,10.2231
1776103024.3213983,151.31996035575867,IO -> PLC,13.0137
1776103024.3373985,151.33596062660217,IO -> PLC,15.65997
1776103024.3533978,151.35195994377136,IO -> PLC,3.8355
1776103024.3693974,151.36795949935913,IO -> PLC,3.25915
1776103024.3853967,151.38395881652832,IO -> PLC,5.94814
1776103024.4013972,151.3999593257904,IO -> PLC,9.93919
1776103024.4173965,151.4159586429596,IO -> PLC,13.01644
1776103024.4333959,151.43195796012878,IO -> PLC,17.30215
1776103024.4515328,151.4500949382782,IO -> PLC,2.06329
1776103024.4653947,151.46395683288574,IO -> PLC,4.80524
1776103024.481395,151.47995710372925,IO -> PLC,7.41351
1776103024.4973946,151.49595665931702,IO -> PLC,9.90305
1776103024.5133939,151.5119559764862,IO -> PLC,12.39868
1776103024.5293934,151.52795553207397,IO -> PLC,3.50611
1776103024.5453928,151.54395484924316,IO -> PLC,3.50114
1776103024.561393,151.55995512008667,IO -> PLC,6.62871
1776103024.5773926,151.57595467567444,IO -> PLC,9.30762
1776103024.593392,151.59195399284363,IO -> PLC,11.87709
1776103024.6093912,151.60795331001282,IO -> PLC,14.41695
1776103024.6253917,151.6239538192749,IO -> PLC,17.35909
1776103024.6435895,151.642151594162,IO -> PLC,2.01409
1776103024.6573906,151.65595269203186,IO -> PLC,5.25836
1776103024.67339,151.67195200920105,IO -> PLC,7.85038
1776103024.6893892,151.68795132637024,IO -> PLC,10.41257
1776103024.7053897,151.70395183563232,IO -> PLC,12.93068
1776103024.721389,151.7199511528015,IO -> PLC,15.47878
1776103024.7373884,151.7359504699707,IO -> PLC,18.15466
1776103024.7561266,151.7546887397766,IO -> PLC,0.2573
1776103024.7693882,151.76795029640198,IO -> PLC,5.55927
1776103024.7853878,151.78394985198975,IO -> PLC,8.28442
1776103024.801387,151.79994916915894,IO -> PLC,11.02373
1776103024.8173864,151.81594848632812,IO -> PLC,13.57376
1776103024.833386,151.8319480419159,IO -> PLC,16.54053
1776103024.850757,151.84931898117065,IO -> PLC,2.08578
1776103024.8653858,151.86394786834717,IO -> PLC,3.92666
1776103024.881385,151.87994718551636,IO -> PLC,6.53621
1776103024.8973844,151.89594650268555,IO -> PLC,9.00623
1776103024.913384,151.91194605827332,IO -> PLC,11.57138
1776103024.9293842,151.92794632911682,IO -> PLC,13.94532
1776103024.9453835,151.943945646286,IO -> PLC,16.96128
1776103024.9631734,151.96173548698425,IO -> PLC,0.10648
1776103024.9773824,151.97594451904297,IO -> PLC,6.10157
1776103024.993383,151.99194502830505,IO -> PLC,6.91385
1776103025.0093822,152.00794434547424,IO -> PLC,9.48427
1776103025.0253816,152.02394366264343,IO -> PLC,11.87245
1776103025.0413811,152.0399432182312,IO -> PLC,14.66513
1776103025.0573804,152.0559425354004,IO -> PLC,17.30011
1776103025.0755007,152.07406282424927,IO -> PLC,4.63253
1776103025.0893803,152.08794236183167,IO -> PLC,5.22163
1776103025.1053796,152.10394167900085,IO -> PLC,7.83006
1776103025.1213791,152.11994123458862,IO -> PLC,10.49593
1776103025.1373785,152.1359405517578,IO -> PLC,13.50679
1776103025.1533787,152.15194082260132,IO -> PLC,16.16001
1776103025.1853776,152.18393969535828,IO -> PLC,4.92869
1776103025.201377,152.19993901252747,IO -> PLC,5.88848
1776103025.2173774,152.21593952178955,IO -> PLC,8.27346
1776103025.2333767,152.23193883895874,IO -> PLC,10.86133
1776103025.2493763,152.2479383945465,IO -> PLC,14.09843
1776103025.2653756,152.2639377117157,IO -> PLC,16.62805
1776103025.2829344,152.2814965248108,IO -> PLC,3.90154
1776103025.2973754,152.29593753814697,IO -> PLC,4.06442
1776103025.3133748,152.31193685531616,IO -> PLC,6.42484
1776103025.329374,152.32793617248535,IO -> PLC,8.97487
1776103025.3453736,152.34393572807312,IO -> PLC,11.70098
1776103025.361373,152.3599350452423,IO -> PLC,14.37694
1776103025.3773735,152.3759355545044,IO -> PLC,16.90128
1776103025.395483,152.3940451145172,IO -> PLC,1.57783
1776103025.409372,152.40793418884277,IO -> PLC,4.51174
1776103025.4253716,152.42393374443054,IO -> PLC,6.95112
1776103025.441372,152.43993401527405,IO -> PLC,10.2179
1776103025.4573715,152.45593357086182,IO -> PLC,13.67213
1776103025.4733708,152.471932888031,IO -> PLC,14.58985
1776103025.48937,152.4879322052002,IO -> PLC,17.17963
1776103025.5073824,152.50594449043274,IO -> PLC,0.19969
1776103025.52137,152.51993203163147,IO -> PLC,6.87291
1776103025.5373693,152.53593134880066,IO -> PLC,6.97235
1776103025.5533688,152.55193090438843,IO -> PLC,10.00271
1776103025.5693681,152.56793022155762,IO -> PLC,12.85787
1776103025.5853686,152.5839307308197,IO -> PLC,15.39054
1776103025.601368,152.5999300479889,IO -> PLC,17.77351
1776103025.6173673,152.61592936515808,IO -> PLC,1.2998
1776103025.6333668,152.63192892074585,IO -> PLC,5.34285
1776103025.6493661,152.64792823791504,IO -> PLC,10.0209
1776103025.6653664,152.66392850875854,IO -> PLC,12.47364
1776103025.681366,152.6799280643463,IO -> PLC,15.15671
1776103025.6973653,152.6959273815155,IO -> PLC,17.97699
1776103025.7156556,152.71421766281128,IO -> PLC,0.50898
1776103025.7293642,152.72792625427246,IO -> PLC,6.58678
1776103025.7453644,152.74392652511597,IO -> PLC,8.41997
1776103025.761364,152.75992608070374,IO -> PLC,10.86456
1776103025.7773633,152.77592539787292,IO -> PLC,13.39418
1776103025.7933626,152.79192471504211,IO -> PLC,16.00252
1776103025.8101814,152.80874347686768,IO -> PLC,2.75445
1776103025.8253624,152.8239245414734,IO -> PLC,3.53298
1776103025.841362,152.83992409706116,IO -> PLC,6.37375
1776103025.8573613,152.85592341423035,IO -> PLC,9.10506
1776103025.8733606,152.87192273139954,IO -> PLC,11.62941
1776103025.8893611,152.88792324066162,IO -> PLC,14.28392
1776103025.9053605,152.9039225578308,IO -> PLC,16.9261
1776103025.923001,152.92156314849854,IO -> PLC,0.1036
1776103025.9373593,152.93592143058777,IO -> PLC,6.1564
1776103025.9533596,152.95192170143127,IO -> PLC,6.85291
1776103025.9693592,152.96792125701904,IO -> PLC,9.72558
1776103025.9853585,152.98392057418823,IO -> PLC,12.40034
1776103026.0013578,152.99991989135742,IO -> PLC,14.85316
1776103026.0173573,153.0159194469452,IO -> PLC,17.31198
1776103026.0358784,153.03444051742554,IO -> PLC,3.93738
1776103026.0493572,153.04791927337646,IO -> PLC,5.42926
1776103026.0653565,153.06391859054565,IO -> PLC,8.02634
1776103026.0813558,153.07991790771484,IO -> PLC,10.5886
1776103026.0973551,153.09591722488403,IO -> PLC,13.15703
1776103026.1133556,153.11191773414612,IO -> PLC,16.06651
1776103026.1302454,153.12880754470825,IO -> PLC,0.36041
1776103026.1453545,153.14391660690308,IO -> PLC,5.50761
1776103026.1613538,153.15991592407227,IO -> PLC,6.44604
1776103026.1773543,153.17591643333435,IO -> PLC,9.01848
1776103026.1933537,153.19191575050354,IO -> PLC,11.62274
1776103026.209353,153.20791506767273,IO -> PLC,14.06213
1776103026.2253525,153.2239146232605,IO -> PLC,16.51887
1776103026.2426927,153.24125480651855,IO -> PLC,4.89062
1776103026.257352,153.2559142112732,IO -> PLC,4.40598
1776103026.2733517,153.27191376686096,IO -> PLC,7.2273
1776103026.289351,153.28791308403015,IO -> PLC,9.61444
1776103026.3053503,153.30391240119934,IO -> PLC,12.5044
1776103026.3213499,153.3199119567871,IO -> PLC,15.53157
1776103026.3373501,153.33591222763062,IO -> PLC,18.57394
1776103026.3567426,153.35530471801758,IO -> PLC,0.37769
1776103026.369349,153.36791110038757,IO -> PLC,6.12512
1776103026.3853483,153.38391041755676,IO -> PLC,8.30969
1776103026.4013488,153.39991092681885,IO -> PLC,11.46582
1776103026.4173481,153.41591024398804,IO -> PLC,13.9912
1776103026.4333477,153.4319097995758,IO -> PLC,17.39295
1776103026.451566,153.4501280784607,IO -> PLC,1.81648
1776103026.4653463,153.46390843391418,IO -> PLC,2.78339
1776103026.4813468,153.47990894317627,IO -> PLC,6.49155
1776103026.4973462,153.49590826034546,IO -> PLC,9.63033
1776103026.5133455,153.51190757751465,IO -> PLC,12.24187
1776103026.529345,153.52790713310242,IO -> PLC,17.86292
1776103026.5480454,153.54660749435425,IO -> PLC,4.17387
1776103026.5613449,153.5599069595337,IO -> PLC,5.77643
1776103026.5773442,153.57590627670288,IO -> PLC,8.60912
1776103026.5933435,153.59190559387207,IO -> PLC,9.25137
1776103026.6093428,153.60790491104126,IO -> PLC,11.94773
1776103026.6253433,153.62390542030334,IO -> PLC,14.51295
1776103026.6413429,153.6399049758911,IO -> PLC,17.56876
1776103026.659736,153.65829801559448,IO -> PLC,2.02545
1776103026.6733415,153.6719036102295,IO -> PLC,5.06473
1776103026.6893408,153.68790292739868,IO -> PLC,7.72005
1776103026.7053413,153.70390343666077,IO -> PLC,10.07031
1776103026.7213407,153.71990275382996,IO -> PLC,12.42993
1776103026.7373402,153.73590230941772,IO -> PLC,15.24404
1776103026.7533395,153.7519016265869,IO -> PLC,17.83296
1776103026.771199,153.76976108551025,IO -> PLC,0.79988
1776103026.7853394,153.7839014530182,IO -> PLC,5.95735
1776103026.8013387,153.79990077018738,IO -> PLC,9.36982
1776103026.817338,153.81590008735657,IO -> PLC,12.13474
1776103026.8333375,153.83189964294434,IO -> PLC,14.77285
1776103026.8493378,153.84789991378784,IO -> PLC,17.47432
1776103026.86749,153.86605215072632,IO -> PLC,0.14753
1776103026.8813367,153.8798987865448,IO -> PLC,6.2818
1776103026.897336,153.895898103714,IO -> PLC,7.43712
1776103026.9133353,153.91189742088318,IO -> PLC,10.01579
1776103026.9293358,153.92789793014526,IO -> PLC,12.42949
1776103026.9453354,153.94389748573303,IO -> PLC,15.25593
1776103026.9613347,153.95989680290222,IO -> PLC,17.67779
1776103026.9798503,153.97841238975525,IO -> PLC,3.89545
1776103026.9933345,153.9918966293335,IO -> PLC,5.36009
1776103027.0093338,154.00789594650269,IO -> PLC,7.87636
1776103027.0253332,154.02389526367188,IO -> PLC,10.45487
1776103027.0413327,154.03989481925964,IO -> PLC,13.28738
1776103027.057332,154.05589413642883,IO -> PLC,15.74333
1776103027.0733325,154.07189464569092,IO -> PLC,0.74432
1776103027.0893319,154.0878939628601,IO -> PLC,5.60765
1776103027.1053312,154.1038932800293,IO -> PLC,6.01134
1776103027.1213305,154.1198925971985,IO -> PLC,8.90123
1776103027.137331,154.13589310646057,IO -> PLC,12.01639
1776103027.1533306,154.15189266204834,IO -> PLC,14.61762
1776103027.16933,154.16789197921753,IO -> PLC,17.11733
1776103027.1872766,154.18583869934082,IO -> PLC,3.1775
1776103027.2013285,154.1998906135559,IO -> PLC,4.59378
1776103027.217329,154.215891122818,IO -> PLC,6.9974
1776103027.2333283,154.23189043998718,IO -> PLC,10.93886
1776103027.249328,154.24788999557495,IO -> PLC,14.22203
1776103027.2653272,154.26388931274414,IO -> PLC,16.69941
1776103027.2829206,154.2814826965332,IO -> PLC,3.83185
1776103027.297327,154.29588913917542,IO -> PLC,5.66449
1776103027.3133264,154.3118884563446,IO -> PLC,8.18604
1776103027.3293257,154.3278877735138,IO -> PLC,10.70422
1776103027.3453252,154.34388732910156,IO -> PLC,13.49683
1776103027.3613255,154.35988759994507,IO -> PLC,15.89932
1776103027.377325,154.37588715553284,IO -> PLC,1.07041
1776103027.3933244,154.39188647270203,IO -> PLC,5.75837
1776103027.4093237,154.40788578987122,IO -> PLC,6.19909
1776103027.425323,154.4238851070404,IO -> PLC,8.76537
1776103027.4413235,154.4398856163025,IO -> PLC,11.59084
1776103027.457323,154.45588517189026,IO -> PLC,14.02719
1776103027.4733224,154.47188448905945,IO -> PLC,16.8373
1776103027.4908044,154.48936653137207,IO -> PLC,0.18753
1776103027.505321,154.50388312339783,IO -> PLC,6.1476
1776103027.5213215,154.5198836326599,IO -> PLC,6.77746
1776103027.5373209,154.5358829498291,IO -> PLC,9.77911
1776103027.5533204,154.55188250541687,IO -> PLC,12.58498
1776103027.5693197,154.56788182258606,IO -> PLC,13.42894
1776103027.5853202,154.58388233184814,IO -> PLC,16.18977
1776103027.6023302,154.60089230537415,IO -> PLC,4.27331
1776103027.6173189,154.61588096618652,IO -> PLC,3.41541
1776103027.6333182,154.6318802833557,IO -> PLC,6.12201
1776103027.6493177,154.64787983894348,IO -> PLC,8.87972
1776103027.6653183,154.66388034820557,IO -> PLC,11.54031
1776103027.6813176,154.67987966537476,IO -> PLC,14.20907
1776103027.697317,154.69587898254395,IO -> PLC,16.89238
1776103027.7150264,154.71358847618103,IO -> PLC,1.70495
1776103027.7293158,154.7278778553009,IO -> PLC,4.26011
1776103027.745316,154.7438781261444,IO -> PLC,7.14592
1776103027.7613156,154.75987768173218,IO -> PLC,9.81354
1776103027.777315,154.77587699890137,IO -> PLC,12.05644
1776103027.7933142,154.79187631607056,IO -> PLC,14.75479
1776103027.8093147,154.80787682533264,IO -> PLC,17.18193
1776103027.8271847,154.82574677467346,IO -> PLC,0.13625
1776103027.8413134,154.83987545967102,IO -> PLC,5.92172
1776103027.857313,154.8558750152588,IO -> PLC,7.8226
1776103027.8733122,154.87187433242798,IO -> PLC,10.33166
1776103027.8893127,154.88787484169006,IO -> PLC,12.76601
1776103027.905312,154.90387415885925,IO -> PLC,17.48277
1776103027.923405,154.92196702957153,IO -> PLC,0.21329
1776103027.937311,154.9358730316162,IO -> PLC,6.54842
1776103027.9533112,154.95187330245972,IO -> PLC,7.73326
1776103027.9693108,154.96787285804749,IO -> PLC,10.08784
1776103027.98531,154.98387217521667,IO -> PLC,12.14712
1776103028.0013094,154.99987149238586,IO -> PLC,14.63979
1776103028.0173087,155.01587080955505,IO -> PLC,16.82732
1776103028.0346808,155.0332429409027,IO -> PLC,3.03014
1776103028.0493085,155.04787063598633,IO -> PLC,4.05584
1776103028.065308,155.0638701915741,IO -> PLC,6.64555
1776103028.0813074,155.0798695087433,IO -> PLC,8.92109
1776103028.0973067,155.09586882591248,IO -> PLC,11.11469
1776103028.1133072,155.11186933517456,IO -> PLC,13.49584
1776103028.1293066,155.12786865234375,IO -> PLC,16.37243
1776103028.146235,155.1447970867157,IO -> PLC,5.92195
1776103028.1613054,155.1598675251007,IO -> PLC,4.26539
1776103028.177306,155.1758680343628,IO -> PLC,5.45456
1776103028.1933053,155.19186735153198,IO -> PLC,7.63896
1776103028.2093046,155.20786666870117,IO -> PLC,10.05074
1776103028.225304,155.22386598587036,IO -> PLC,12.13363
1776103028.2413034,155.23986554145813,IO -> PLC,14.85478
1776103028.2573037,155.25586581230164,IO -> PLC,17.29113
1776103028.275156,155.2737181186676,IO -> PLC,4.27732
1776103028.2893026,155.2878646850586,IO -> PLC,3.93475
1776103028.305302,155.30386400222778,IO -> PLC,6.52061
1776103028.3213015,155.31986355781555,IO -> PLC,8.96927
1776103028.3373017,155.33586382865906,IO -> PLC,11.39529
1776103028.353301,155.35186314582825,IO -> PLC,13.79579
1776103028.3693006,155.36786270141602,IO -> PLC,15.89716
1776103028.3853,155.3838620185852,IO -> PLC,17.99956
1776103028.4038558,155.4024178981781,IO -> PLC,2.23834
1776103028.4172997,155.41586184501648,IO -> PLC,5.04696
1776103028.433299,155.43186116218567,IO -> PLC,7.31226
1776103028.4492986,155.44786071777344,IO -> PLC,9.82524
1776103028.465298,155.46386003494263,IO -> PLC,12.27086
1776103028.4812984,155.4798605442047,IO -> PLC,14.58112
1776103028.4972978,155.4958598613739,IO -> PLC,16.93145
1776103028.513297,155.5118591785431,IO -> PLC,0.84584
1776103028.5292966,155.52785873413086,IO -> PLC,6.69457
1776103028.545296,155.54385805130005,IO -> PLC,9.16764
1776103028.5612962,155.55985832214355,IO -> PLC,11.45237
1776103028.5772958,155.57585787773132,IO -> PLC,13.79551
1776103028.593295,155.5918571949005,IO -> PLC,15.95016
1776103028.6092944,155.6078565120697,IO -> PLC,18.22769
1776103028.6280723,155.62663435935974,IO -> PLC,3.09014
1776103028.6412942,155.63985633850098,IO -> PLC,5.78607
1776103028.6572938,155.65585589408875,IO -> PLC,8.09833
1776103028.673293,155.67185521125793,IO -> PLC,10.4077
1776103028.6892924,155.68785452842712,IO -> PLC,12.49587
1776103028.705293,155.7038550376892,IO -> PLC,14.87581
1776103028.7212923,155.7198543548584,IO -> PLC,17.2691
1776103028.7391083,155.73767042160034,IO -> PLC,0.46682
1776103028.7532911,155.75185322761536,IO -> PLC,6.34803
1776103028.7692914,155.76785349845886,IO -> PLC,6.75172
1776103028.785291,155.78385305404663,IO -> PLC,9.06717
1776103028.8012903,155.79985237121582,IO -> PLC,11.50048
1776103028.8172896,155.815851688385,IO -> PLC,13.90898
1776103028.8332891,155.83185124397278,IO -> PLC,16.36165
1776103028.8506687,155.8492307662964,IO -> PLC,4.387
1776103028.8652887,155.86385083198547,IO -> PLC,3.45591
1776103028.8812883,155.87985038757324,IO -> PLC,4.06754
1776103028.8972876,155.89584970474243,IO -> PLC,8.00922
1776103028.9132872,155.9118492603302,IO -> PLC,10.48653
1776103028.9292874,155.9278495311737,IO -> PLC,12.67894
1776103028.9452868,155.9438488483429,IO -> PLC,15.24137
1776103028.9612863,155.95984840393066,IO -> PLC,17.65403
1776103028.9794924,155.97805452346802,IO -> PLC,4.20547
1776103028.9932861,155.99184823036194,IO -> PLC,4.49125
1776103029.0092854,156.00784754753113,IO -> PLC,6.64598
1776103029.0252848,156.02384686470032,IO -> PLC,8.82527
1776103029.0412843,156.0398464202881,IO -> PLC,11.62827
1776103029.0572836,156.05584573745728,IO -> PLC,13.93565
1776103029.073284,156.07184600830078,IO -> PLC,16.19166
1776103029.0900173,156.08857941627502,IO -> PLC,1.67016
1776103029.1052828,156.10384488105774,IO -> PLC,6.87506
1776103029.121282,156.11984419822693,IO -> PLC,5.88405
1776103029.1372817,156.1358437538147,IO -> PLC,9.26243
1776103029.153282,156.1518440246582,IO -> PLC,11.74285
1776103029.1692815,156.16784358024597,IO -> PLC,14.06767
1776103029.1852808,156.18384289741516,IO -> PLC,17.13964
1776103029.2029696,156.20153164863586,IO -> PLC,3.88298
1776103029.2172806,156.21584272384644,IO -> PLC,4.00574
1776103029.23328,156.23184204101562,IO -> PLC,6.41425
1776103029.2492795,156.2478415966034,IO -> PLC,9.07292
1776103029.2652788,156.26384091377258,IO -> PLC,11.35877
1776103029.2812781,156.27984023094177,IO -> PLC,13.56254
1776103029.2972786,156.29584074020386,IO -> PLC,15.81247
1776103029.313278,156.31184005737305,IO -> PLC,18.06657
1776103029.3319025,156.33046460151672,IO -> PLC,3.28911
1776103029.3452768,156.34383893013,IO -> PLC,5.22029
1776103029.361277,156.3598392009735,IO -> PLC,7.55815
1776103029.3772767,156.37583875656128,IO -> PLC,9.71816
1776103029.393276,156.39183807373047,IO -> PLC,12.03561
1776103029.4092753,156.40783739089966,IO -> PLC,14.31939
1776103029.4252748,156.42383694648743,IO -> PLC,17.56161
1776103029.4433997,156.4419617652893,IO -> PLC,0.25281
1776103029.4572744,156.45583653450012,IO -> PLC,6.40388
1776103029.473274,156.4718360900879,IO -> PLC,7.88594
1776103029.4892733,156.48783540725708,IO -> PLC,10.15524
1776103029.5052729,156.50383496284485,IO -> PLC,12.36836
1776103029.5212731,156.51983523368835,IO -> PLC,14.85783
1776103029.5372725,156.53583455085754,IO -> PLC,17.88508
1776103029.5557013,156.55426335334778,IO -> PLC,2.79965
1776103029.5692713,156.5678334236145,IO -> PLC,4.87495
1776103029.5852716,156.583833694458,IO -> PLC,7.28449
1776103029.6012712,156.59983325004578,IO -> PLC,9.52418
1776103029.6172705,156.61583256721497,IO -> PLC,12.13253
1776103029.63327,156.63183212280273,IO -> PLC,14.67848
1776103029.6492693,156.64783143997192,IO -> PLC,17.1025
1776103029.6668131,156.66537523269653,IO -> PLC,0.10864
1776103029.6812692,156.6798312664032,IO -> PLC,5.40827
1776103029.6972685,156.6958305835724,IO -> PLC,6.05045
1776103029.7132678,156.71182990074158,IO -> PLC,8.28094
1776103029.7292674,156.72782945632935,IO -> PLC,10.58015
1776103029.7452676,156.74382972717285,IO -> PLC,13.57341
1776103029.7612672,156.75982928276062,IO -> PLC,15.84174
1776103029.7772665,156.7758285999298,IO -> PLC,17.76814
1776103029.7958732,156.79443526268005,IO -> PLC,4.60813
1776103029.8092663,156.80782842636108,IO -> PLC,4.97202
1776103029.8252656,156.82382774353027,IO -> PLC,7.16571
1776103029.841265,156.83982706069946,IO -> PLC,10.17743
1776103029.8572645,156.85582661628723,IO -> PLC,12.6425
1776103029.8732638,156.87182593345642,IO -> PLC,14.74802
1776103029.8892643,156.8878264427185,IO -> PLC,17.16797
1776103029.906981,156.90554308891296,IO -> PLC,0.39938
1776103029.921263,156.91982507705688,IO -> PLC,6.20994
1776103029.9372625,156.93582463264465,IO -> PLC,6.6197
1776103029.9532619,156.95182394981384,IO -> PLC,9.96753
1776103029.9692621,156.96782422065735,IO -> PLC,13.70945
1776103029.9852617,156.98382377624512,IO -> PLC,16.0289
1776103030.0018477,157.00040984153748,IO -> PLC,5.51025
1776103030.0172606,157.01582264900208,IO -> PLC,3.30142
1776103030.0332608,157.03182291984558,IO -> PLC,5.21359
1776103030.0492601,157.04782223701477,IO -> PLC,8.04314
1776103030.0652597,157.06382179260254,IO -> PLC,10.45589
1776103030.081259,157.07982110977173,IO -> PLC,12.51717
1776103030.0972583,157.09582042694092,IO -> PLC,14.92703
1776103030.1132588,157.111820936203,IO -> PLC,17.39697
1776103030.1312017,157.12976384162903,IO -> PLC,3.05966
1776103030.1452577,157.14381980895996,IO -> PLC,4.53957
1776103030.161257,157.15981912612915,IO -> PLC,6.96671
1776103030.1772573,157.17581939697266,IO -> PLC,9.20433
1776103030.1932569,157.19181895256042,IO -> PLC,11.6037
1776103030.2092562,157.20781826972961,IO -> PLC,13.83324
1776103030.2252557,157.22381782531738,IO -> PLC,16.33822
1776103030.2421374,157.24069952964783,IO -> PLC,0.80483
1776103030.2572553,157.25581741333008,IO -> PLC,5.6658
1776103030.2732549,157.27181696891785,IO -> PLC,6.00708
1776103030.2892542,157.28781628608704,IO -> PLC,8.06957
1776103030.3052535,157.30381560325623,IO -> PLC,10.80584
1776103030.321253,157.319815158844,IO -> PLC,13.03746
1776103030.3372533,157.3358154296875,IO -> PLC,15.56268
1776103030.353253,157.35181498527527,IO -> PLC,17.92327
1776103030.3692522,157.36781430244446,IO -> PLC,1.25826
1776103030.3852515,157.38381361961365,IO -> PLC,5.22747
1776103030.401252,157.39981412887573,IO -> PLC,7.0793
1776103030.4172513,157.41581344604492,IO -> PLC,9.39051
1776103030.4332507,157.4318127632141,IO -> PLC,11.59037
1776103030.4492502,157.44781231880188,IO -> PLC,15.33637
1776103030.4652495,157.46381163597107,IO -> PLC,17.72967
1776103030.483523,157.48208498954773,IO -> PLC,1.3435
1776103030.4972494,157.49581146240234,IO -> PLC,4.36513
1776103030.5132487,157.51181077957153,IO -> PLC,6.70938
1776103030.5292482,157.5278103351593,IO -> PLC,11.86753
1776103030.5452485,157.5438106060028,IO -> PLC,14.27723
1776103030.5612478,157.559809923172,IO -> PLC,16.52412
1776103030.5783188,157.57688093185425,IO -> PLC,3.07102
1776103030.5932467,157.59180879592896,IO -> PLC,3.61447
1776103030.6092463,157.60780835151672,IO -> PLC,6.29035
1776103030.6252465,157.62380862236023,IO -> PLC,8.20123
1776103030.6412458,157.63980793952942,IO -> PLC,10.73182
1776103030.6572454,157.6558074951172,IO -> PLC,12.96231
1776103030.6732447,157.67180681228638,IO -> PLC,15.24713
1776103030.689244,157.68780612945557,IO -> PLC,17.37617
1776103030.7071793,157.70574140548706,IO -> PLC,2.71565
1776103030.7212439,157.71980595588684,IO -> PLC,4.16723
1776103030.7372434,157.7358055114746,IO -> PLC,6.4942
1776103030.7532427,157.7518048286438,IO -> PLC,9.31945
1776103030.769243,157.7678050994873,IO -> PLC,11.66362
1776103030.7852426,157.78380465507507,IO -> PLC,13.86028
1776103030.8012419,157.79980397224426,IO -> PLC,15.93932
1776103030.8172412,157.81580328941345,IO -> PLC,18.01301
1776103030.835931,157.8344931602478,IO -> PLC,2.10962
1776103030.849241,157.84780311584473,IO -> PLC,5.19952
1776103030.8652406,157.8638026714325,IO -> PLC,7.35522
1776103030.88124,157.87980198860168,IO -> PLC,9.55714
1776103030.8972392,157.89580130577087,IO -> PLC,11.48043
1776103030.9132388,157.91180086135864,IO -> PLC,13.72212
1776103030.929239,157.92780113220215,IO -> PLC,16.30391
1776103030.9461021,157.94466423988342,IO -> PLC,0.24362
1776103030.961238,157.9598000049591,IO -> PLC,5.01922
1776103030.9772372,157.9757993221283,IO -> PLC,3.47826
1776103030.9932377,157.99179983139038,IO -> PLC,7.60931
1776103031.009237,158.00779914855957,IO -> PLC,9.77221
1776103031.0252364,158.02379846572876,IO -> PLC,12.11006
1776103031.041236,158.03979802131653,IO -> PLC,14.82298
1776103031.0572352,158.05579733848572,IO -> PLC,16.86498
1776103031.0750158,158.07357788085938,IO -> PLC,5.25008
1776103031.089235,158.087797164917,IO -> PLC,5.59261
1776103031.1052344,158.10379648208618,IO -> PLC,6.19183
1776103031.121234,158.11979603767395,IO -> PLC,8.8033
1776103031.1372333,158.13579535484314,IO -> PLC,11.69534
1776103031.1532335,158.15179562568665,IO -> PLC,13.75583
1776103031.169233,158.1677951812744,IO -> PLC,16.25657
1776103031.1860456,158.18460774421692,IO -> PLC,2.91653
1776103031.2012317,158.1997938156128,IO -> PLC,3.03251
1776103031.2172322,158.21579432487488,IO -> PLC,5.38493
1776103031.2332315,158.23179364204407,IO -> PLC,7.5743
1776103031.249231,158.24779319763184,IO -> PLC,10.20105
1776103031.2652304,158.26379251480103,IO -> PLC,12.39258
1776103031.2812297,158.27979183197021,IO -> PLC,15.14333
1776103031.2972302,158.2957923412323,IO -> PLC,17.39839
1776103031.3151886,158.31375074386597,IO -> PLC,3.73457
1776103031.329229,158.32779121398926,IO -> PLC,4.29114
1776103031.3452284,158.34379053115845,IO -> PLC,7.17982
1776103031.3612287,158.35979080200195,IO -> PLC,9.1227
1776103031.3772283,158.37579035758972,IO -> PLC,11.38071
1776103031.3932276,158.3917896747589,IO -> PLC,13.4024
1776103031.409227,158.4077889919281,IO -> PLC,15.86634
1776103031.4252264,158.42378854751587,IO -> PLC,18.0097
1776103031.4439068,158.44246888160706,IO -> PLC,2.61852
1776103031.4572263,158.45578837394714,IO -> PLC,5.68784
1776103031.4732256,158.47178769111633,IO -> PLC,8.04531
1776103031.489225,158.48778700828552,IO -> PLC,10.52045
1776103031.5052242,158.5037863254547,IO -> PLC,12.6311
1776103031.5212247,158.5197868347168,IO -> PLC,14.95487
1776103031.537224,158.535786151886,IO -> PLC,18.30046
1776103031.5532236,158.55178570747375,IO -> PLC,0.75557
1776103031.569223,158.56778502464294,IO -> PLC,5.08352
1776103031.5852234,158.58378553390503,IO -> PLC,7.43994
1776103031.6012228,158.59978485107422,IO -> PLC,9.85067
1776103031.617222,158.6157841682434,IO -> PLC,12.54095
1776103031.6332216,158.63178372383118,IO -> PLC,15.09401
1776103031.649221,158.64778304100037,IO -> PLC,17.55484
1776103031.6673226,158.66588473320007,IO -> PLC,1.3823
1776103031.6812208,158.67978286743164,IO -> PLC,4.11565
1776103031.69722,158.69578218460083,IO -> PLC,6.7364
1776103031.7132194,158.71178150177002,IO -> PLC,8.90434
1776103031.729219,158.7277810573578,IO -> PLC,18.63268
1776103031.7484024,158.74696445465088,IO -> PLC,10.81409
1776103031.7612188,158.75978088378906,IO -> PLC,16.28288
1776103031.7780597,158.77662181854248,IO -> PLC,4.10522
1776103031.7932174,158.79177951812744,IO -> PLC,3.35884
1776103031.809218,158.80778002738953,IO -> PLC,6.96547
1776103031.8252172,158.82377934455872,IO -> PLC,7.84446
1776103031.8412168,158.83977890014648,IO -> PLC,10.37264
1776103031.8572161,158.85577821731567,IO -> PLC,12.36065
1776103031.8732154,158.87177753448486,IO -> PLC,14.52962
1776103031.889216,158.88777804374695,IO -> PLC,16.91259
1776103031.9066763,158.90523838996887,IO -> PLC,4.99702
1776103031.9212146,158.91977667808533,IO -> PLC,5.01875
1776103031.9372141,158.9357762336731,IO -> PLC,7.34454
1776103031.9532135,158.95177555084229,IO -> PLC,10.03569
1776103031.969214,158.96777606010437,IO -> PLC,12.99526
1776103031.9852133,158.98377537727356,IO -> PLC,15.25335
1776103032.0012126,158.99977469444275,IO -> PLC,17.86898
1776103032.017212,159.01577401161194,IO -> PLC,1.76096
1776103032.0332124,159.03177452087402,IO -> PLC,5.6136
1776103032.049212,159.0477740764618,IO -> PLC,7.40872
1776103032.0652113,159.06377339363098,IO -> PLC,9.73249
1776103032.0812106,159.07977271080017,IO -> PLC,11.92514
1776103032.09721,159.09577202796936,IO -> PLC,14.20371
1776103032.1132104,159.11177253723145,IO -> PLC,16.76911
1776103032.1305468,159.12910890579224,IO -> PLC,3.4704
1776103032.1452093,159.1437714099884,IO -> PLC,2.23907
1776103032.1612086,159.1597707271576,IO -> PLC,6.30156
1776103032.1772091,159.17577123641968,IO -> PLC,8.72686
1776103032.1932085,159.19177055358887,IO -> PLC,10.89775
1776103032.2092078,159.20776987075806,IO -> PLC,13.28713
1776103032.225207,159.22376918792725,IO -> PLC,15.58523
1776103032.2412066,159.23976874351501,IO -> PLC,18.33174
1776103032.2600842,159.25864624977112,IO -> PLC,1.82177
1776103032.2732065,159.2717685699463,IO -> PLC,5.17729
1776103032.2892058,159.28776788711548,IO -> PLC,7.47235
1776103032.305205,159.30376720428467,IO -> PLC,10.12573
1776103032.3212044,159.31976652145386,IO -> PLC,12.40111
1776103032.337205,159.33576703071594,IO -> PLC,14.70856
1776103032.3532045,159.3517665863037,IO -> PLC,17.1385
1776103032.370472,159.36903405189514,IO -> PLC,0.41594
1776103032.3852031,159.3837652206421,IO -> PLC,5.09922
1776103032.4012036,159.39976572990417,IO -> PLC,6.22487
1776103032.417203,159.41576504707336,IO -> PLC,8.72065
1776103032.4332023,159.43176436424255,IO -> PLC,11.15779
1776103032.4492018,159.44776391983032,IO -> PLC,14.08167
1776103032.4652011,159.4637632369995,IO -> PLC,16.37969
1776103032.4821317,159.48069381713867,IO -> PLC,3.0771
1776103032.497201,159.4957630634308,IO -> PLC,3.22515
1776103032.5132003,159.51176238059998,IO -> PLC,6.07207
1776103032.5291996,159.52776169776917,IO -> PLC,10.65587
1776103032.5452,159.54376220703125,IO -> PLC,13.2427
1776103032.5611997,159.55976176261902,IO -> PLC,15.42903
1776103032.577199,159.5757610797882,IO -> PLC,17.77017
1776103032.5957997,159.59436178207397,IO -> PLC,0.32337
1776103032.6091976,159.6077597141266,IO -> PLC,6.9607
1776103032.6251981,159.62376022338867,IO -> PLC,7.2527
1776103032.6411974,159.63975954055786,IO -> PLC,9.8273
1776103032.657197,159.65575909614563,IO -> PLC,12.18883
1776103032.6731963,159.67175841331482,IO -> PLC,14.37636
1776103032.6891956,159.687757730484,IO -> PLC,16.56669
1776103032.7075946,159.70615673065186,IO -> PLC,2.22514
1776103032.7211955,159.71975755691528,IO -> PLC,4.93207
1776103032.7371948,159.73575687408447,IO -> PLC,7.24136
1776103032.7531943,159.75175642967224,IO -> PLC,10.14341
1776103032.7691946,159.76775670051575,IO -> PLC,12.45894
1776103032.7851942,159.78375625610352,IO -> PLC,14.54615
1776103032.8011935,159.7997555732727,IO -> PLC,16.97521
1776103032.818726,159.8172881603241,IO -> PLC,4.67134
1776103032.833192,159.83175420761108,IO -> PLC,3.91004
1776103032.8491926,159.84775471687317,IO -> PLC,6.69647
1776103032.8651922,159.86375427246094,IO -> PLC,8.83376
1776103032.8811915,159.87975358963013,IO -> PLC,11.02841
1776103032.8971908,159.89575290679932,IO -> PLC,13.23219
1776103032.9131901,159.9117522239685,IO -> PLC,15.84253
1776103032.9291906,159.9277527332306,IO -> PLC,18.25032
1776103032.94519,159.94375205039978,IO -> PLC,0.92464
1776103032.9611895,159.95975160598755,IO -> PLC,5.1233
1776103032.9771888,159.97575092315674,IO -> PLC,7.42852
1776103032.9931893,159.99175143241882,IO -> PLC,9.53316
1776103033.0091887,160.007750749588,IO -> PLC,11.78094
1776103033.025188,160.0237500667572,IO -> PLC,13.81382
1776103033.0411873,160.0397493839264,IO -> PLC,16.41313
1776103033.058273,160.05683517456055,IO -> PLC,0.86228
1776103033.0731874,160.07174944877625,IO -> PLC,6.18297
1776103033.0891867,160.08774876594543,IO -> PLC,5.85958
1776103033.105186,160.10374808311462,IO -> PLC,8.30521
1776103033.1211853,160.1197474002838,IO -> PLC,10.85627
1776103033.1371849,160.13574695587158,IO -> PLC,13.91824
1776103033.1531851,160.1517472267151,IO -> PLC,16.16721
1776103033.1699061,160.16846823692322,IO -> PLC,3.36687
1776103033.185184,160.18374609947205,IO -> PLC,2.96028
1776103033.2011833,160.19974541664124,IO -> PLC,5.52054
1776103033.2171838,160.21574592590332,IO -> PLC,7.46031
1776103033.2331831,160.2317452430725,IO -> PLC,9.8136
1776103033.2491825,160.2477445602417,IO -> PLC,12.4762
1776103033.265182,160.26374411582947,IO -> PLC,14.93909
1776103033.2811813,160.27974343299866,IO -> PLC,17.02919
1776103033.2988784,160.29744052886963,IO -> PLC,1.73152
1776103033.3131812,160.31174325942993,IO -> PLC,3.88504
1776103033.3291805,160.32774257659912,IO -> PLC,6.1617
1776103033.34518,160.3437421321869,IO -> PLC,8.63884
1776103033.3611803,160.3597424030304,IO -> PLC,10.78758
1776103033.3771799,160.37574195861816,IO -> PLC,12.97286
1776103033.3931792,160.39174127578735,IO -> PLC,15.25656
1776103033.4091785,160.40774059295654,IO -> PLC,17.58537
1776103033.4273138,160.4258759021759,IO -> PLC,1.91593
1776103033.4411783,160.43974041938782,IO -> PLC,5.11079
1776103033.4571776,160.455739736557,IO -> PLC,7.2768
1776103033.4731772,160.47173929214478,IO -> PLC,9.73874
1776103033.4891765,160.48773860931396,IO -> PLC,11.94963
1776103033.5051758,160.50373792648315,IO -> PLC,14.36558
1776103033.5211763,160.51973843574524,IO -> PLC,16.4927
1776103033.5382137,160.53677582740784,IO -> PLC,4.46149
1776103033.553175,160.55173707008362,IO -> PLC,3.66282
1776103033.5691745,160.5677366256714,IO -> PLC,6.68047
1776103033.585175,160.58373713493347,IO -> PLC,8.25589
1776103033.6011744,160.59973645210266,IO -> PLC,10.55999
1776103033.6171737,160.61573576927185,IO -> PLC,13.00961
1776103033.633173,160.63173508644104,IO -> PLC,15.48587
1776103033.6491725,160.6477346420288,IO -> PLC,17.86589
1776103033.6676006,160.6661627292633,IO -> PLC,2.27834
1776103033.6811724,160.67973446846008,IO -> PLC,4.67448
1776103033.6971717,160.69573378562927,IO -> PLC,6.86504
1776103033.713171,160.71173310279846,IO -> PLC,9.26755
1776103033.7291706,160.72773265838623,IO -> PLC,11.36091
1776103033.7451708,160.74373292922974,IO -> PLC,14.2548
1776103033.7611701,160.75973224639893,IO -> PLC,16.29192
1776103033.793169,160.79173111915588,IO -> PLC,5.02243
1776103033.8091695,160.80773162841797,IO -> PLC,5.75805
1776103033.8251688,160.82373094558716,IO -> PLC,7.94119
1776103033.8411682,160.83973026275635,IO -> PLC,10.7769
1776103033.8571677,160.85572981834412,IO -> PLC,12.94596
1776103033.873167,160.8717291355133,IO -> PLC,15.13556
1776103033.8891675,160.8877296447754,IO -> PLC,17.14165
1776103033.9051669,160.90372896194458,IO -> PLC,1.02554
1776103033.9211662,160.91972827911377,IO -> PLC,5.18125
1776103033.9371655,160.93572759628296,IO -> PLC,6.1276
1776103033.953165,160.95172715187073,IO -> PLC,8.66115
1776103033.9691653,160.96772742271423,IO -> PLC,11.21125
1776103033.9851649,160.983726978302,IO -> PLC,13.51334
1776103034.0011642,160.9997262954712,IO -> PLC,15.68648
1776103034.0171635,161.01572561264038,IO -> PLC,18.07057
1776103034.033164,161.03172612190247,IO -> PLC,1.19236
1776103034.0491633,161.04772543907166,IO -> PLC,5.28686
1776103034.0651627,161.06372475624084,IO -> PLC,7.61456
1776103034.0811622,161.0797243118286,IO -> PLC,10.02417
1776103034.0971615,161.0957236289978,IO -> PLC,12.26483
1776103034.113162,161.1117241382599,IO -> PLC,14.63981
1776103034.1291614,161.12772345542908,IO -> PLC,17.2676
1776103034.146978,161.14553999900818,IO -> PLC,1.41006
1776103034.1611602,161.15972232818604,IO -> PLC,4.31075
1776103034.1771605,161.17572259902954,IO -> PLC,6.3846
1776103034.19316,161.1917221546173,IO -> PLC,8.68149
1776103034.2091594,161.2077214717865,IO -> PLC,10.91927
1776103034.2251587,161.2237207889557,IO -> PLC,13.23784
1776103034.2411582,161.23972034454346,IO -> PLC,15.75715
1776103034.2571585,161.25572061538696,IO -> PLC,18.11244
1776103034.2731578,161.27171993255615,IO -> PLC,1.95003
1776103034.2891574,161.28771948814392,IO -> PLC,6.38221
1776103034.3051567,161.3037188053131,IO -> PLC,7.97387
1776103034.321156,161.3197181224823,IO -> PLC,10.17453
1776103034.3371565,161.33571863174438,IO -> PLC,12.67135
1776103034.3531559,161.35171794891357,IO -> PLC,15.07897
1776103034.3691554,161.36771750450134,IO -> PLC,17.31858
1776103034.3870394,161.38560152053833,IO -> PLC,2.45635
1776103034.4011552,161.39971733093262,IO -> PLC,4.03916
1776103034.4171546,161.4157166481018,IO -> PLC,6.5912
1776103034.4331539,161.431715965271,IO -> PLC,8.80128
1776103034.4491532,161.44771528244019,IO -> PLC,11.48852
1776103034.4651527,161.46371483802795,IO -> PLC,13.9903
1776103034.481153,161.47971510887146,IO -> PLC,16.21983
1776103034.4979289,161.49649095535278,IO -> PLC,6.29669
1776103034.513152,161.51171398162842,IO -> PLC,4.66169
1776103034.5291512,161.5277132987976,IO -> PLC,8.23681
1776103034.5451508,161.54371285438538,IO -> PLC,10.85027
1776103034.561151,161.55971312522888,IO -> PLC,13.14421
1776103034.5771506,161.57571268081665,IO -> PLC,15.41974
1776103034.59315,161.59171199798584,IO -> PLC,17.60408
1776103034.6114147,161.60997676849365,IO -> PLC,3.55728
1776103034.6251497,161.62371182441711,IO -> PLC,4.7394
1776103034.641149,161.6397111415863,IO -> PLC,7.37014
1776103034.6571484,161.6557104587555,IO -> PLC,9.68471
1776103034.673148,161.67171001434326,IO -> PLC,11.89785
1776103034.6891472,161.68770933151245,IO -> PLC,14.23882
1776103034.7051477,161.70370984077454,IO -> PLC,17.10735
1776103034.7229197,161.72148180007935,IO -> PLC,0.20873
1776103034.7371464,161.73570847511292,IO -> PLC,6.13803
1776103034.753146,161.75170803070068,IO -> PLC,6.80397
1776103034.7691462,161.7677083015442,IO -> PLC,9.21256
1776103034.7851455,161.78370761871338,IO -> PLC,12.47525
1776103034.801145,161.79970717430115,IO -> PLC,14.62791
1776103034.8171444,161.81570649147034,IO -> PLC,16.98336
1776103034.8346786,161.83324074745178,IO -> PLC,2.42067
1776103034.8491442,161.8477063179016,IO -> PLC,4.00491
1776103034.8651435,161.8637056350708,IO -> PLC,6.301
1776103034.881143,161.87970519065857,IO -> PLC,8.4823
1776103034.8971424,161.89570450782776,IO -> PLC,10.82431
1776103034.9131417,161.91170382499695,IO -> PLC,13.2853
1776103034.9291422,161.92770433425903,IO -> PLC,15.55363
1776103034.9451416,161.94370365142822,IO -> PLC,18.33311
1776103034.9640205,161.9625825881958,IO -> PLC,1.76408
1776103034.9771404,161.97570252418518,IO -> PLC,5.24201
1776103034.9931407,161.9917027950287,IO -> PLC,7.51035
1776103035.0091403,162.00770235061646,IO -> PLC,9.7254
1776103035.0251396,162.02370166778564,IO -> PLC,12.16895
1776103035.041139,162.03970098495483,IO -> PLC,14.59296
1776103035.0571384,162.0557005405426,IO -> PLC,16.77522
1776103035.0744667,162.0730288028717,IO -> PLC,5.71602
1776103035.0891383,162.08770036697388,IO -> PLC,4.43168
1776103035.1051376,162.10369968414307,IO -> PLC,6.21063
1776103035.121137,162.11969900131226,IO -> PLC,8.94195
1776103035.1371365,162.13569855690002,IO -> PLC,11.64446
1776103035.1531367,162.15169882774353,IO -> PLC,13.77574
1776103035.169136,162.16769814491272,IO -> PLC,16.19041
1776103035.1858788,162.18444085121155,IO -> PLC,2.72181
1776103035.201135,162.19969701766968,IO -> PLC,3.03171
1776103035.2171354,162.21569752693176,IO -> PLC,5.51925
1776103035.2331347,162.23169684410095,IO -> PLC,7.69871
1776103035.249134,162.24769616127014,IO -> PLC,10.44834
1776103035.2651336,162.2636957168579,IO -> PLC,12.62347
1776103035.281133,162.2796950340271,IO -> PLC,15.10389
1776103035.2971332,162.2956953048706,IO -> PLC,17.37335
1776103035.3150513,162.3136134147644,IO -> PLC,1.8748
1776103035.329132,162.32769417762756,IO -> PLC,4.11728
1776103035.3451316,162.34369373321533,IO -> PLC,6.71756
1776103035.361131,162.35969305038452,IO -> PLC,8.95733
1776103035.3771312,162.37569332122803,IO -> PLC,11.37095
1776103035.3931308,162.3916928768158,IO -> PLC,13.48271
1776103035.40913,162.40769219398499,IO -> PLC,15.95282
1776103035.4251294,162.42369151115417,IO -> PLC,6.36061
1776103035.44113,162.43969202041626,IO -> PLC,3.80073
1776103035.4571292,162.45569133758545,IO -> PLC,6.44092
1776103035.4731288,162.47169089317322,IO -> PLC,8.90495
1776103035.489128,162.4876902103424,IO -> PLC,11.25512
1776103035.5051274,162.5036895275116,IO -> PLC,13.51122
1776103035.521128,162.51969003677368,IO -> PLC,15.90044
1776103035.5371273,162.53568935394287,IO -> PLC,2.80911
1776103035.5531266,162.55168867111206,IO -> PLC,6.64224
1776103035.5691261,162.56768822669983,IO -> PLC,6.87288
1776103035.5851264,162.58368849754333,IO -> PLC,9.25706
1776103035.601126,162.5996880531311,IO -> PLC,11.80188
1776103035.6171253,162.6156873703003,IO -> PLC,14.12342
1776103035.6331246,162.63168668746948,IO -> PLC,16.39175
1776103035.6501493,162.6487114429474,IO -> PLC,3.5012
1776103035.6651244,162.66368651390076,IO -> PLC,3.2149
1776103035.6811237,162.67968583106995,IO -> PLC,6.17215
1776103035.6971233,162.69568538665771,IO -> PLC,7.93894
1776103035.7131226,162.7116847038269,IO -> PLC,10.22671
1776103035.7291222,162.72768425941467,IO -> PLC,12.62217
1776103035.7451224,162.74368453025818,IO -> PLC,15.12491
1776103035.7611217,162.75968384742737,IO -> PLC,17.43733
1776103035.7792659,162.77782797813416,IO -> PLC,3.98963
1776103035.7931206,162.79168272018433,IO -> PLC,4.53185
1776103035.8091211,162.8076832294464,IO -> PLC,6.7889
1776103035.8251204,162.8236825466156,IO -> PLC,9.19844
1776103035.8411198,162.8396818637848,IO -> PLC,11.96464
1776103035.8571193,162.85568141937256,IO -> PLC,14.12537
1776103035.8731186,162.87168073654175,IO -> PLC,16.38762
1776103035.8900592,162.88862133026123,IO -> PLC,1.30253
1776103035.9051185,162.90368056297302,IO -> PLC,6.76301
1776103035.9211178,162.9196798801422,IO -> PLC,5.67246
1776103035.9371173,162.93567943572998,IO -> PLC,8.01665
1776103035.9531167,162.95167875289917,IO -> PLC,10.72324
1776103035.969117,162.96767902374268,IO -> PLC,13.06134
1776103035.9851165,162.98367857933044,IO -> PLC,13.34606
1776103036.0011158,162.99967789649963,IO -> PLC,15.7148
1776103036.017115,163.01567721366882,IO -> PLC,17.83464
1776103036.0356145,163.03417658805847,IO -> PLC,4.16355
1776103036.049115,163.0476770401001,IO -> PLC,5.03053
1776103036.0651145,163.06367659568787,IO -> PLC,7.17806
1776103036.0811138,163.07967591285706,IO -> PLC,9.61336
1776103036.0971131,163.09567523002625,IO -> PLC,13.5068
1776103036.1131136,163.11167573928833,IO -> PLC,16.11412
1776103036.1299016,163.1284637451172,IO -> PLC,5.43528
1776103036.1451123,163.1436743736267,IO -> PLC,3.61177
1776103036.1611118,163.15967392921448,IO -> PLC,5.55568
1776103036.1771111,163.17567324638367,IO -> PLC,7.83939
1776103036.1931117,163.19167375564575,IO -> PLC,9.93475
1776103036.209111,163.20767307281494,IO -> PLC,12.31365
1776103036.2251103,163.22367238998413,IO -> PLC,14.37621
1776103036.2411098,163.2396719455719,IO -> PLC,17.1801
1776103036.2588367,163.25739884376526,IO -> PLC,3.5492
1776103036.2731094,163.2716715335846,IO -> PLC,4.02867
1776103036.289109,163.28767108917236,IO -> PLC,6.84688
1776103036.3051083,163.30367040634155,IO -> PLC,9.03336
1776103036.3211079,163.31966996192932,IO -> PLC,11.30698
1776103036.3371081,163.33567023277283,IO -> PLC,13.78308
1776103036.3531075,163.35166954994202,IO -> PLC,16.05862
1776103036.3697221,163.36828422546387,IO -> PLC,0.11761
1776103036.3851063,163.38366842269897,IO -> PLC,4.64392
1776103036.4011066,163.39966869354248,IO -> PLC,5.02209
1776103036.4171062,163.41566824913025,IO -> PLC,7.43283
1776103036.4331055,163.43166756629944,IO -> PLC,9.68364
1776103036.449105,163.4476671218872,IO -> PLC,12.30231
1776103036.4651043,163.4636664390564,IO -> PLC,14.72329
1776103036.4811046,163.4796667098999,IO -> PLC,17.05915
1776103036.4987109,163.49727296829224,IO -> PLC,5.07695
1776103036.5131035,163.51166558265686,IO -> PLC,3.99574
1776103036.5291028,163.52766489982605,IO -> PLC,8.89596
1776103036.5451024,163.54366445541382,IO -> PLC,11.36605
1776103036.5611026,163.55966472625732,IO -> PLC,13.73072
1776103036.5771022,163.5756642818451,IO -> PLC,16.11985
1776103036.593779,163.5923411846161,IO -> PLC,6.76775
1776103036.6091008,163.60766291618347,IO -> PLC,5.11166
1776103036.6251013,163.62366342544556,IO -> PLC,5.35878
1776103036.6411006,163.63966274261475,IO -> PLC,7.85848
1776103036.6571,163.65566205978394,IO -> PLC,10.2077
1776103036.6730995,163.6716616153717,IO -> PLC,12.50276
1776103036.6890988,163.6876609325409,IO -> PLC,14.7066
1776103036.7050993,163.70366144180298,IO -> PLC,17.04359
1776103036.7210987,163.71966075897217,IO -> PLC,0.78595
1776103036.737098,163.73566007614136,IO -> PLC,4.87718
1776103036.7530975,163.75165963172913,IO -> PLC,6.57628
1776103036.7690978,163.76765990257263,IO -> PLC,8.86718
1776103036.7850971,163.78365921974182,IO -> PLC,11.33008
1776103036.8010967,163.7996587753296,IO -> PLC,13.51857
1776103036.817096,163.81565809249878,IO -> PLC,15.82387
1776103036.8330956,163.83165764808655,IO -> PLC,18.25917
1776103036.8490958,163.84765791893005,IO -> PLC,1.64929
1776103036.8650951,163.86365723609924,IO -> PLC,5.71586
1776103036.8810947,163.879656791687,IO -> PLC,7.40681
1776103036.897094,163.8956561088562,IO -> PLC,9.7601
1776103036.9130933,163.9116554260254,IO -> PLC,12.27013
1776103036.9290938,163.92765593528748,IO -> PLC,14.42902
1776103036.9450932,163.94365525245667,IO -> PLC,16.94313
1776103036.962745,163.9613070487976,IO -> PLC,2.74532
1776103036.977092,163.97565412521362,IO -> PLC,3.99852
1776103036.9930923,163.99165439605713,IO -> PLC,6.21757
1776103037.0090919,164.0076539516449,IO -> PLC,8.54343
1776103037.0250912,164.0236532688141,IO -> PLC,10.87944
1776103037.0410905,164.03965258598328,IO -> PLC,13.46308
1776103037.05709,164.05565214157104,IO -> PLC,15.83285
1776103037.0730903,164.07165241241455,IO -> PLC,17.98654
1776103037.0921102,164.09067225456238,IO -> PLC,1.52471
1776103037.1050892,164.1036512851715,IO -> PLC,5.43331
1776103037.1210885,164.1196506023407,IO -> PLC,8.17271
1776103037.137088,164.13565015792847,IO -> PLC,10.91826
1776103037.1530883,164.15165042877197,IO -> PLC,13.36573
1776103037.169088,164.16764998435974,IO -> PLC,13.76933
1776103037.1850872,164.18364930152893,IO -> PLC,16.23128
1776103037.2018654,164.20042753219604,IO -> PLC,0.37265
1776103037.217087,164.2156491279602,IO -> PLC,4.93531
1776103037.2330863,164.2316484451294,IO -> PLC,5.28579
1776103037.2490857,164.24764776229858,IO -> PLC,7.81823
1776103037.2650852,164.26364731788635,IO -> PLC,10.1348
1776103037.2810845,164.27964663505554,IO -> PLC,12.36225
1776103037.297085,164.29564714431763,IO -> PLC,14.60898
1776103037.3130844,164.31164646148682,IO -> PLC,16.99932
1776103037.3306274,164.3291895389557,IO -> PLC,1.08525
1776103037.3450832,164.34364533424377,IO -> PLC,6.58587
1776103037.3610826,164.35964465141296,IO -> PLC,6.69899
1776103037.3770828,164.37564492225647,IO -> PLC,10.73988
1776103037.3930824,164.39164447784424,IO -> PLC,13.21399
1776103037.4090817,164.40764379501343,IO -> PLC,15.35655
1776103037.425081,164.42364311218262,IO -> PLC,17.77738
1776103037.4433992,164.44196128845215,IO -> PLC,3.542
1776103037.4570808,164.4556429386139,IO -> PLC,4.77949
1776103037.4730804,164.47164249420166,IO -> PLC,7.4944
1776103037.4890797,164.48764181137085,IO -> PLC,10.53397
1776103037.505079,164.50364112854004,IO -> PLC,13.13296
1776103037.5210795,164.51964163780212,IO -> PLC,15.39937
1776103037.5370789,164.5356409549713,IO -> PLC,18.00668
1776103037.5530784,164.55164051055908,IO -> PLC,1.97234
1776103037.5690777,164.56763982772827,IO -> PLC,5.96628
1776103037.585078,164.58364009857178,IO -> PLC,8.30229
1776103037.6010776,164.59963965415955,IO -> PLC,10.56759
1776103037.6170769,164.61563897132874,IO -> PLC,13.15546
1776103037.6330762,164.63163828849792,IO -> PLC,15.9123
1776103037.6490757,164.6476378440857,IO -> PLC,18.15095
1776103037.6677878,164.6663498878479,IO -> PLC,1.60879
1776103037.6810756,164.67963767051697,IO -> PLC,5.05265
1776103037.697075,164.69563698768616,IO -> PLC,7.33034
1776103037.7130742,164.71163630485535,IO -> PLC,9.67869
1776103037.7290735,164.72763562202454,IO -> PLC,11.96846
1776103037.745074,164.74363613128662,IO -> PLC,14.63017
1776103037.7610734,164.7596354484558,IO -> PLC,16.8185
1776103037.777073,164.77563500404358,IO -> PLC,0.73513
1776103037.7930722,164.79163432121277,IO -> PLC,4.75154
1776103037.8090727,164.80763483047485,IO -> PLC,6.21616
1776103037.825072,164.82363414764404,IO -> PLC,8.31856
1776103037.8410714,164.83963346481323,IO -> PLC,10.97604
1776103037.857071,164.855633020401,IO -> PLC,12.99868
1776103037.8730702,164.8716323375702,IO -> PLC,15.13181
1776103037.8890705,164.8876326084137,IO -> PLC,17.48926
1776103037.90507,164.90363216400146,IO -> PLC,0.60408
1776103037.9210694,164.91963148117065,IO -> PLC,4.70754
1776103037.9370687,164.93563079833984,IO -> PLC,6.6801
1776103037.9530683,164.9516303539276,IO -> PLC,9.75008
1776103037.9690685,164.96763062477112,IO -> PLC,11.95192
1776103037.985068,164.9836301803589,IO -> PLC,14.1017
1776103038.0010674,164.99962949752808,IO -> PLC,16.56748
1776103038.018187,165.01674914360046,IO -> PLC,2.09194
1776103038.0330672,165.03162932395935,IO -> PLC,3.3475
1776103038.0490665,165.04762864112854,IO -> PLC,5.94049
1776103038.065066,165.0636281967163,IO -> PLC,8.19562
1776103038.0810654,165.0796275138855,IO -> PLC,10.45172
1776103038.0970647,165.0956268310547,IO -> PLC,12.81229
1776103038.1130652,165.11162734031677,IO -> PLC,15.1195
1776103038.1290646,165.12762665748596,IO -> PLC,17.90091
1776103038.1475112,165.14607334136963,IO -> PLC,1.33206
1776103038.1610634,165.15962553024292,IO -> PLC,3.09158
1776103038.1770627,165.1756248474121,IO -> PLC,5.59744
1776103038.1930633,165.1916253566742,IO -> PLC,9.57097
1776103038.2090626,165.20762467384338,IO -> PLC,11.73378
1776103038.225062,165.22362399101257,IO -> PLC,13.91611
1776103038.2410612,165.23962330818176,IO -> PLC,16.64134
1776103038.2582555,165.2568175792694,IO -> PLC,5.2624
1776103038.273061,165.27162313461304,IO -> PLC,3.53153
1776103038.2890606,165.2876226902008,IO -> PLC,5.83995
1776103038.30506,165.30362200737,IO -> PLC,8.78423
1776103038.3210592,165.31962132453918,IO -> PLC,10.84583
1776103038.3370597,165.33562183380127,IO -> PLC,14.99746
1776103038.353059,165.35162115097046,IO -> PLC,17.28019
1776103038.370896,165.36945819854736,IO -> PLC,0.44034
1776103038.385058,165.38362002372742,IO -> PLC,6.47768
1776103038.4010582,165.39962029457092,IO -> PLC,6.61416
1776103038.4170578,165.4156198501587,IO -> PLC,9.16299
1776103038.433057,165.43161916732788,IO -> PLC,11.35052
1776103038.4490564,165.44761848449707,IO -> PLC,14.31008
1776103038.465056,165.46361804008484,IO -> PLC,16.51178
1776103038.4821248,165.48068690299988,IO -> PLC,4.35628
1776103038.4970558,165.4956178665161,IO -> PLC,3.40757
1776103038.513055,165.5116171836853,IO -> PLC,7.16684
1776103038.5290544,165.5276165008545,IO -> PLC,8.86796
1776103038.5450537,165.54361581802368,IO -> PLC,11.48246
1776103038.5610542,165.55961632728577,IO -> PLC,13.80527
1776103038.5770538,165.57561588287354,IO -> PLC,16.28538
1776103038.5938993,165.59246134757996,IO -> PLC,5.31888
1776103038.6090524,165.6076145172119,IO -> PLC,3.66127
1776103038.625053,165.623615026474,IO -> PLC,5.74247
1776103038.6410522,165.6396143436432,IO -> PLC,8.09882
1776103038.6570516,165.65561366081238,IO -> PLC,10.63948
1776103038.673051,165.67161321640015,IO -> PLC,12.94462
1776103038.6890504,165.68761253356934,IO -> PLC,15.14159
1776103038.705051,165.70361304283142,IO -> PLC,17.44145
1776103038.7230382,165.72160029411316,IO -> PLC,4.07139
1776103038.7370496,165.7356116771698,IO -> PLC,4.24106
1776103038.753049,165.751610994339,IO -> PLC,6.83197
1776103038.7690494,165.76761150360107,IO -> PLC,9.20687
1776103038.7850487,165.78361082077026,IO -> PLC,11.74346
1776103038.8010483,165.79961037635803,IO -> PLC,14.08851
1776103038.8170476,165.81560969352722,IO -> PLC,16.4399
1776103038.8340456,165.83260774612427,IO -> PLC,1.29518
1776103038.8490474,165.8476095199585,IO -> PLC,6.48543
1776103038.8650467,165.86360883712769,IO -> PLC,6.03819
1776103038.8810463,165.87960839271545,IO -> PLC,8.27477
1776103038.8970456,165.89560770988464,IO -> PLC,12.17965
1776103038.913045,165.91160702705383,IO -> PLC,14.64456
1776103038.9290454,165.92760753631592,IO -> PLC,17.1905
1776103038.9467785,165.94534063339233,IO -> PLC,3.5544
1776103038.961044,165.9596061706543,IO -> PLC,4.32694
1776103038.9770436,165.97560572624207,IO -> PLC,6.86433
1776103038.993044,165.99160599708557,IO -> PLC,8.98442
1776103039.0090435,166.00760555267334,IO -> PLC,11.24339
1776103039.0250428,166.02360486984253,IO -> PLC,13.55189
1776103039.041042,166.03960418701172,IO -> PLC,15.95542
1776103039.0570414,166.0556035041809,IO -> PLC,1.05778
1776103039.073042,166.071604013443,IO -> PLC,5.28108
1776103039.0890415,166.08760356903076,IO -> PLC,5.73174
1776103039.1050408,166.10360288619995,IO -> PLC,8.00735
1776103039.12104,166.11960220336914,IO -> PLC,10.38729
1776103039.1370394,166.13560152053833,IO -> PLC,13.27413
1776103039.15304,166.15160202980042,IO -> PLC,15.58047
1776103039.1690392,166.1676013469696,IO -> PLC,17.9288
1776103039.1850388,166.18360090255737,IO -> PLC,1.61885
1776103039.2010381,166.19960021972656,IO -> PLC,5.83904
1776103039.2170386,166.21560072898865,IO -> PLC,7.25861
1776103039.233038,166.23160004615784,IO -> PLC,9.39486
1776103039.2490373,166.24759936332703,IO -> PLC,11.95921
1776103039.2650366,166.26359868049622,IO -> PLC,14.43955
1776103039.2810361,166.27959823608398,IO -> PLC,16.71916
1776103039.2983236,166.29688572883606,IO -> PLC,3.22975
1776103039.313036,166.31159806251526,IO -> PLC,3.63943
1776103039.3290353,166.32759737968445,IO -> PLC,6.15562
1776103039.3450346,166.34359669685364,IO -> PLC,8.13834
1776103039.361034,166.35959601402283,IO -> PLC,10.40148
1776103039.3770344,166.3755965232849,IO -> PLC,13.27208
1776103039.393034,166.39159607887268,IO -> PLC,15.51473
1776103039.4090333,166.40759539604187,IO -> PLC,17.99515
1776103039.4275835,166.42614555358887,IO -> PLC,4.51692
1776103039.4410331,166.43959522247314,IO -> PLC,5.45401
1776103039.4570324,166.45559453964233,IO -> PLC,7.99467
1776103039.4730318,166.47159385681152,IO -> PLC,10.49982
1776103039.4890313,166.4875934123993,IO -> PLC,12.70358
1776103039.5050306,166.50359272956848,IO -> PLC,15.09689
1776103039.5210311,166.51959323883057,IO -> PLC,17.66523
1776103039.5392432,166.5378053188324,IO -> PLC,1.02188
1776103039.5530298,166.55159187316895,IO -> PLC,4.66447
1776103039.569029,166.56759119033813,IO -> PLC,6.93176
1776103039.5850296,166.58359169960022,IO -> PLC,9.21537
1776103039.6010292,166.599591255188,IO -> PLC,11.44899
1776103039.6170285,166.61559057235718,IO -> PLC,14.17398
1776103039.6330278,166.63158988952637,IO -> PLC,16.52641
1776103039.6501102,166.64867234230042,IO -> PLC,4.61829
1776103039.6650276,166.66358971595764,IO -> PLC,3.51636
1776103039.681027,166.67958903312683,IO -> PLC,5.67516
1776103039.6970265,166.6955885887146,IO -> PLC,8.23935
1776103039.7130258,166.7115879058838,IO -> PLC,10.49848
1776103039.7290251,166.72758722305298,IO -> PLC,12.82114
1776103039.7450256,166.74358773231506,IO -> PLC,15.37029
1776103039.761025,166.75958704948425,IO -> PLC,17.67334
1776103039.7793977,166.7779598236084,IO -> PLC,4.30596
1776103039.7930238,166.7915859222412,IO -> PLC,4.66929
1776103039.8090243,166.8075864315033,IO -> PLC,6.85987
1776103039.8250237,166.82358574867249,IO -> PLC,9.15388
1776103039.841023,166.83958506584167,IO -> PLC,11.71111
1776103039.8570223,166.85558438301086,IO -> PLC,14.02136
1776103039.8730216,166.87158370018005,IO -> PLC,16.23146
1776103039.889806,166.88836812973022,IO -> PLC,1.97745
1776103039.9050217,166.9035837650299,IO -> PLC,3.19165
1776103039.921021,166.9195830821991,IO -> PLC,5.61959
1776103039.9370203,166.9355823993683,IO -> PLC,7.80191
1776103039.9530196,166.95158171653748,IO -> PLC,10.59075
1776103039.9690201,166.96758222579956,IO -> PLC,12.89796
1776103039.9850194,166.98358154296875,IO -> PLC,15.18158
1776103040.001019,166.99958109855652,IO -> PLC,17.58512
1776103040.019157,167.01771903038025,IO -> PLC,0.42489
1776103040.0330188,167.0315809249878,IO -> PLC,6.47452
1776103040.0490181,167.04758024215698,IO -> PLC,7.13935
1776103040.0650175,167.06357955932617,IO -> PLC,9.27767
1776103040.0810168,167.07957887649536,IO -> PLC,11.452
1776103040.0970163,167.09557843208313,IO -> PLC,13.8441
1776103040.1130168,167.11157894134521,IO -> PLC,16.35509
1776103040.1299217,167.12848377227783,IO -> PLC,4.353
1776103040.1450155,167.1435775756836,IO -> PLC,3.39
1776103040.1610148,167.15957689285278,IO -> PLC,6.64454
1776103040.1770153,167.17557740211487,IO -> PLC,7.9381
1776103040.1930146,167.19157671928406,IO -> PLC,10.13284
1776103040.2090142,167.20757627487183,IO -> PLC,12.52085
1776103040.2250135,167.22357559204102,IO -> PLC,14.68479
1776103040.2410128,167.2395749092102,IO -> PLC,17.34641
1776103040.259027,167.25758910179138,IO -> PLC,3.6772
1776103040.2730126,167.27157473564148,IO -> PLC,4.39973
1776103040.289012,167.28757405281067,IO -> PLC,7.57251
1776103040.3050115,167.30357360839844,IO -> PLC,10.40399
1776103040.3210108,167.31957292556763,IO -> PLC,12.65792
1776103040.3370113,167.3355734348297,IO -> PLC,15.17314
1776103040.3530107,167.3515727519989,IO -> PLC,17.52669
1776103040.3710809,167.36964297294617,IO -> PLC,1.08333
1776103040.3850095,167.38357162475586,IO -> PLC,5.29692
1776103040.4010098,167.39957189559937,IO -> PLC,7.66661
1776103040.4170094,167.41557145118713,IO -> PLC,9.95831
1776103040.4330087,167.43157076835632,IO -> PLC,12.20224
1776103040.449008,167.4475700855255,IO -> PLC,12.78497
1776103040.4650073,167.4635694026947,IO -> PLC,16.23304
1776103040.4817934,167.48035550117493,IO -> PLC,5.01967
1776103040.4970071,167.49556922912598,IO -> PLC,3.37836
1776103040.5130067,167.51156878471375,IO -> PLC,5.38172
1776103040.529006,167.52756810188293,IO -> PLC,10.42114
1776103040.5450053,167.54356741905212,IO -> PLC,12.82876
1776103040.5610058,167.5595679283142,IO -> PLC,15.0675
1776103040.5770051,167.5755672454834,IO -> PLC,17.29087
1776103040.5948448,167.59340691566467,IO -> PLC,1.87481
1776103040.609004,167.60756611824036,IO -> PLC,4.34314
1776103040.6250045,167.62356662750244,IO -> PLC,8.36572
1776103040.6410038,167.63956594467163,IO -> PLC,11.00271
1776103040.6570032,167.65556526184082,IO -> PLC,13.18496
1776103040.6730025,167.67156457901,IO -> PLC,15.46977
1776103040.689002,167.68756413459778,IO -> PLC,17.59178
1776103040.7071404,167.70570254325867,IO -> PLC,2.80373
1776103040.7210019,167.71956396102905,IO -> PLC,4.7863
1776103040.7370012,167.73556327819824,IO -> PLC,6.98111
1776103040.7530005,167.75156259536743,IO -> PLC,9.64994
1776103040.769,167.7675621509552,IO -> PLC,11.70819
1776103040.7850003,167.7835624217987,IO -> PLC,13.90795
1776103040.8009996,167.7995617389679,IO -> PLC,16.48871
1776103040.8180509,167.81661295890808,IO -> PLC,5.67186
1776103040.8329985,167.83156061172485,IO -> PLC,4.08573
1776103040.848999,167.84756112098694,IO -> PLC,5.65779
1776103040.8649983,167.86356043815613,IO -> PLC,7.86372
1776103040.8809977,167.87955975532532,IO -> PLC,10.24582
1776103040.8969972,167.8955593109131,IO -> PLC,12.34319
1776103040.9129965,167.91155862808228,IO -> PLC,15.01818
1776103040.928997,167.92755913734436,IO -> PLC,17.63357
1776103040.9471774,167.94573950767517,IO -> PLC,3.93617
1776103040.9609957,167.95955777168274,IO -> PLC,4.60904
1776103040.976995,167.97555708885193,IO -> PLC,6.86625
1776103040.9929955,167.991557598114,IO -> PLC,9.05474
1776103041.0089948,168.0075569152832,IO -> PLC,11.43276
1776103041.0249944,168.02355647087097,IO -> PLC,13.46444
1776103041.0409937,168.03955578804016,IO -> PLC,15.95303
1776103041.056993,168.05555510520935,IO -> PLC,18.07391
1776103041.0761178,168.07467985153198,IO -> PLC,2.12882
1776103041.0889928,168.08755493164062,IO -> PLC,5.3342
1776103041.1049922,168.10355424880981,IO -> PLC,7.84111
1776103041.1209917,168.11955380439758,IO -> PLC,10.42385
1776103041.136991,168.13555312156677,IO -> PLC,14.28978
1776103041.1529915,168.15155363082886,IO -> PLC,16.91765
1776103041.1705654,168.16912746429443,IO -> PLC,1.48374
1776103041.1849902,168.18355226516724,IO -> PLC,6.86781
1776103041.2009897,168.199551820755,IO -> PLC,6.06409
1776103041.21699,168.2155520915985,IO -> PLC,8.35914
1776103041.2329895,168.23155164718628,IO -> PLC,10.52916
1776103041.2489889,168.24755096435547,IO -> PLC,13.06174
1776103041.2649882,168.26355028152466,IO -> PLC,15.56464
1776103041.2809877,168.27954983711243,IO -> PLC,17.91706
1776103041.2994494,168.29801154136658,IO -> PLC,0.8826
1776103041.3129873,168.31154942512512,IO -> PLC,4.75637
1776103041.328987,168.3275489807129,IO -> PLC,7.19471
1776103041.3449862,168.34354829788208,IO -> PLC,9.42728
1776103041.3609855,168.35954761505127,IO -> PLC,11.8481
1776103041.376986,168.37554812431335,IO -> PLC,14.1442
1776103041.3929853,168.39154744148254,IO -> PLC,14.64509
1776103041.408985,168.4075469970703,IO -> PLC,16.99839
1776103041.4265373,168.42509937286377,IO -> PLC,3.73769
1776103041.4409847,168.4395468235016,IO -> PLC,3.95354
1776103041.456984,168.45554614067078,IO -> PLC,6.85054
1776103041.4729834,168.47154545783997,IO -> PLC,9.32481
1776103041.4889827,168.48754477500916,IO -> PLC,11.53394
1776103041.5049822,168.50354433059692,IO -> PLC,13.79916
1776103041.5209825,168.51954460144043,IO -> PLC,16.07772
1776103041.537606,168.5361680984497,IO -> PLC,0.18025
1776103041.5529814,168.5515434741974,IO -> PLC,4.71207
1776103041.5689807,168.56754279136658,IO -> PLC,5.40465
1776103041.5849802,168.58354234695435,IO -> PLC,7.8962
1776103041.6009805,168.59954261779785,IO -> PLC,11.91061
1776103041.6169798,168.61554193496704,IO -> PLC,14.15135
1776103041.6329794,168.6315414905548,IO -> PLC,16.6264
1776103041.650172,168.6487340927124,IO -> PLC,1.25638
1776103041.6649792,168.66354131698608,IO -> PLC,6.21735
1776103041.6809785,168.67954063415527,IO -> PLC,5.76277
1776103041.6969779,168.69553995132446,IO -> PLC,7.93597
1776103041.7129774,168.71153950691223,IO -> PLC,10.13879
1776103041.7289767,168.72753882408142,IO -> PLC,12.37952
1776103041.7449772,168.7435393333435,IO -> PLC,14.85283
1776103041.7609766,168.7595386505127,IO -> PLC,17.15484
1776103041.778281,168.7768430709839,IO -> PLC,0.51418
1776103041.7929754,168.79153752326965,IO -> PLC,5.6151
1776103041.8089757,168.80753779411316,IO -> PLC,6.5369
1776103041.824975,168.82353711128235,IO -> PLC,8.92739
1776103041.8409746,168.83953666687012,IO -> PLC,11.70863
1776103041.856974,168.8555359840393,IO -> PLC,14.06609
1776103041.8729732,168.8715353012085,IO -> PLC,16.29041
1776103041.8899293,168.88849139213562,IO -> PLC,1.79297
1776103041.904973,168.90353512763977,IO -> PLC,3.26597
1776103041.9209726,168.91953468322754,IO -> PLC,5.69415
1776103041.936972,168.93553400039673,IO -> PLC,8.08841
1776103041.9529712,168.95153331756592,IO -> PLC,10.73068
1776103041.9689717,168.967533826828,IO -> PLC,12.98357
1776103041.984971,168.9835331439972,IO -> PLC,15.4004
1776103042.0009704,168.99953246116638,IO -> PLC,17.4844
1776103042.0189998,169.01756191253662,IO -> PLC,0.95213
1776103042.0329702,169.03153228759766,IO -> PLC,6.99126
1776103042.0489697,169.04753184318542,IO -> PLC,6.81845
1776103042.064969,169.06353116035461,IO -> PLC,9.15751
1776103042.0809684,169.0795304775238,IO -> PLC,11.44849
1776103042.096968,169.09553003311157,IO -> PLC,13.82122
1776103042.1129682,169.11153030395508,IO -> PLC,15.81938
1776103042.1289675,169.12752962112427,IO -> PLC,5.63619
1776103042.144967,169.14352917671204,IO -> PLC,3.48184
1776103042.1609664,169.15952849388123,IO -> PLC,5.79546
1776103042.176967,169.1755290031433,IO -> PLC,7.96843
1776103042.1929662,169.1915283203125,IO -> PLC,10.39357
1776103042.2089655,169.2075276374817,IO -> PLC,12.48685
1776103042.224965,169.22352719306946,IO -> PLC,14.8484
1776103042.2409644,169.23952651023865,IO -> PLC,17.61331
1776103042.2591288,169.25769090652466,IO -> PLC,3.52976
1776103042.2729642,169.27152633666992,IO -> PLC,4.42397
1776103042.2889636,169.2875256538391,IO -> PLC,6.84304
1776103042.304963,169.30352520942688,IO -> PLC,9.57939
1776103042.3209624,169.31952452659607,IO -> PLC,11.67364
1776103042.3369627,169.33552479743958,IO -> PLC,14.26262
1776103042.3529623,169.35152435302734,IO -> PLC,16.35584
1776103042.3699949,169.36855697631836,IO -> PLC,1.80312
1776103042.384961,169.38352298736572,IO -> PLC,6.83643
1776103042.4009614,169.3995234966278,IO -> PLC,5.54227
1776103042.4169607,169.415522813797,IO -> PLC,7.81884
1776103042.4329603,169.43152236938477,IO -> PLC,10.0567
1776103042.4489596,169.44752168655396,IO -> PLC,12.80713
1776103042.464959,169.46352100372314,IO -> PLC,15.36949
1776103042.4809594,169.47952151298523,IO -> PLC,17.36444
1776103042.4989884,169.4975504875183,IO -> PLC,1.71128
1776103042.5129583,169.5115203857422,IO -> PLC,4.45376
1776103042.5289576,169.52751970291138,IO -> PLC,9.00156
1776103042.544957,169.54351902008057,IO -> PLC,11.67015
1776103042.5609574,169.55951952934265,IO -> PLC,13.88433
1776103042.5769567,169.57551884651184,IO -> PLC,14.46306
1776103042.592956,169.59151816368103,IO -> PLC,16.67307
1776103042.610173,169.6087350845337,IO -> PLC,1.84944
1776103042.624956,169.6235179901123,IO -> PLC,6.9275
1776103042.6409554,169.63951754570007,IO -> PLC,6.16393
1776103042.6569548,169.65551686286926,IO -> PLC,8.63908
1776103042.672954,169.67151618003845,IO -> PLC,10.9054
1776103042.6889536,169.68751573562622,IO -> PLC,13.38559
1776103042.704954,169.70351600646973,IO -> PLC,15.60688
1776103042.7209532,169.71951532363892,IO -> PLC,17.5804
1776103042.7390847,169.737646818161,IO -> PLC,1.72432
1776103042.752952,169.75151419639587,IO -> PLC,4.74228
1776103042.7689514,169.76751351356506,IO -> PLC,7.20942
1776103042.784952,169.78351402282715,IO -> PLC,11.36712
1776103042.8009512,169.79951333999634,IO -> PLC,13.70714
1776103042.8169508,169.8155128955841,IO -> PLC,15.79834
1776103042.83295,169.8315122127533,IO -> PLC,18.05948
1776103042.8515544,169.85011649131775,IO -> PLC,3.76633
1776103042.86495,169.86351203918457,IO -> PLC,4.96231
1776103042.8809493,169.87951135635376,IO -> PLC,7.32904
1776103042.8969486,169.89551067352295,IO -> PLC,9.64659
1776103042.9129481,169.91151022911072,IO -> PLC,12.01836
1776103042.9289484,169.92751049995422,IO -> PLC,14.19253
1776103042.944948,169.943510055542,IO -> PLC,16.52239
1776103042.9620295,169.96059155464172,IO -> PLC,1.67
1776103042.9769466,169.97550868988037,IO -> PLC,6.76953
1776103042.992947,169.99150919914246,IO -> PLC,4.65519
1776103043.0089464,170.00750851631165,IO -> PLC,6.5119
1776103043.0249457,170.02350783348083,IO -> PLC,10.61632
1776103043.0409453,170.0395073890686,IO -> PLC,13.26163
1776103043.0569446,170.0555067062378,IO -> PLC,15.49195
1776103043.072945,170.07150721549988,IO -> PLC,18.59809
1776103043.0921555,170.0907175540924,IO -> PLC,0.32961
1776103043.1049438,170.10350584983826,IO -> PLC,6.10303
1776103043.1209433,170.11950540542603,IO -> PLC,8.72577
1776103043.1369426,170.13550472259521,IO -> PLC,11.43749
1776103043.1529431,170.1515052318573,IO -> PLC,14.46561
1776103043.1689425,170.1675045490265,IO -> PLC,17.14365
1776103043.2009413,170.19950342178345,IO -> PLC,5.7944
1776103043.2169416,170.21550369262695,IO -> PLC,6.0844
1776103043.232941,170.23150300979614,IO -> PLC,8.23913
1776103043.2489405,170.2475025653839,IO -> PLC,10.9326
1776103043.2649398,170.2635018825531,IO -> PLC,13.24382
1776103043.280939,170.2795011997223,IO -> PLC,15.75696
1776103043.2969396,170.29550170898438,IO -> PLC,17.88306
1776103043.312939,170.31150102615356,IO -> PLC,1.0838
1776103043.3289385,170.32750058174133,IO -> PLC,5.00605
1776103043.3449378,170.34349989891052,IO -> PLC,7.33895
1776103043.360937,170.3594992160797,IO -> PLC,9.41671
1776103043.3769376,170.3754997253418,IO -> PLC,11.81513
1776103043.392937,170.391499042511,IO -> PLC,13.92993
1776103043.4089363,170.40749835968018,IO -> PLC,16.44925
1776103043.4259405,170.42450261116028,IO -> PLC,1.7408
1776103043.440936,170.43949818611145,IO -> PLC,6.6135
1776103043.4569356,170.45549774169922,IO -> PLC,6.0465
1776103043.472935,170.4714970588684,IO -> PLC,8.39164
1776103043.4889343,170.4874963760376,IO -> PLC,10.67437
1776103043.5049338,170.50349593162537,IO -> PLC,12.81783
1776103043.520934,170.51949620246887,IO -> PLC,15.23672
1776103043.5369334,170.53549551963806,IO -> PLC,17.74571
1776103043.5552208,170.5537829399109,IO -> PLC,0.16897
1776103043.5689323,170.56749439239502,IO -> PLC,6.38214
1776103043.5849319,170.5834939479828,IO -> PLC,5.13207
1776103043.6009321,170.5994942188263,IO -> PLC,9.01224
1776103043.6169314,170.61549353599548,IO -> PLC,11.13729
1776103043.632931,170.63149309158325,IO -> PLC,13.96893
1776103043.6489303,170.64749240875244,IO -> PLC,16.44607
1776103043.6659315,170.66449356079102,IO -> PLC,4.34372
1776103043.6809301,170.67949223518372,IO -> PLC,3.11441
1776103043.6969295,170.6954915523529,IO -> PLC,6.8736
1776103043.712929,170.71149110794067,IO -> PLC,7.57739
1776103043.7289283,170.72749042510986,IO -> PLC,9.95837
1776103043.7449286,170.74349069595337,IO -> PLC,12.52576
1776103043.7609282,170.75949025154114,IO -> PLC,12.96833
1776103043.7769275,170.77548956871033,IO -> PLC,15.30011
1776103043.792927,170.7914891242981,IO -> PLC,17.48355
1776103043.8109684,170.8095304965973,IO -> PLC,0.19449
1776103043.8249266,170.8234887123108,IO -> PLC,6.1487
1776103043.8409262,170.83948826789856,IO -> PLC,6.86569
1776103043.8569255,170.85548758506775,IO -> PLC,9.2037
1776103043.8729248,170.87148690223694,IO -> PLC,11.49564
1776103043.8889253,170.88748741149902,IO -> PLC,13.85726
1776103043.9049246,170.9034867286682,IO -> PLC,17.77519
1776103043.923251,170.92181301116943,IO -> PLC,1.75815
1776103043.9369235,170.93548560142517,IO -> PLC,4.76306
1776103043.9529228,170.95148491859436,IO -> PLC,7.49333
1776103043.9689233,170.96748542785645,IO -> PLC,11.6644
1776103043.9849226,170.98348474502563,IO -> PLC,14.02897
1776103044.000922,170.99948406219482,IO -> PLC,16.29011
1776103044.0177724,171.0163345336914,IO -> PLC,0.86716
1776103044.0329218,171.0314838886261,IO -> PLC,5.63713
1776103044.0489213,171.04748344421387,IO -> PLC,5.68784
1776103044.0649207,171.06348276138306,IO -> PLC,7.86504
1776103044.08092,171.07948207855225,IO -> PLC,10.04834
1776103044.0969195,171.09548163414001,IO -> PLC,12.46195
1776103044.1129198,171.11148190498352,IO -> PLC,14.77862
1776103044.1289191,171.1274812221527,IO -> PLC,17.54257
1776103044.1471152,171.14567732810974,IO -> PLC,1.90456
1776103044.160918,171.15948009490967,IO -> PLC,4.63788
1776103044.1769185,171.17548060417175,IO -> PLC,6.88174
1776103044.1929178,171.19147992134094,IO -> PLC,9.14799
1776103044.2089171,171.20747923851013,IO -> PLC,11.41017
1776103044.2249167,171.2234787940979,IO -> PLC,13.5905
1776103044.240916,171.2394781112671,IO -> PLC,16.36694
1776103044.2578247,171.25638675689697,IO -> PLC,5.36457
1776103044.2729158,171.27147793769836,IO -> PLC,3.56466
1776103044.2889152,171.28747725486755,IO -> PLC,5.30248
1776103044.3049145,171.30347657203674,IO -> PLC,8.32878
1776103044.320914,171.3194761276245,IO -> PLC,10.77223
1776103044.3369143,171.33547639846802,IO -> PLC,12.94321
1776103044.3529139,171.3514759540558,IO -> PLC,15.44611
1776103044.3689132,171.36747527122498,IO -> PLC,17.5918
1776103044.387058,171.3856201171875,IO -> PLC,3.4712
1776103044.400913,171.39947509765625,IO -> PLC,4.67256
1776103044.4169123,171.41547441482544,IO -> PLC,7.00545
1776103044.4329119,171.4314739704132,IO -> PLC,9.2605
1776103044.4489112,171.4474732875824,IO -> PLC,11.66413
1776103044.4649105,171.4634726047516,IO -> PLC,13.98262
1776103044.480911,171.47947311401367,IO -> PLC,16.10775
1776103044.4975646,171.49612665176392,IO -> PLC,1.96089
1776103044.5129097,171.51147174835205,IO -> PLC,6.87923
1776103044.5289092,171.52747130393982,IO -> PLC,8.10096
1776103044.5449085,171.543470621109,IO -> PLC,10.64195
1776103044.560909,171.5594711303711,IO -> PLC,12.94612
1776103044.5769083,171.57547044754028,IO -> PLC,15.18894
1776103044.5929077,171.59146976470947,IO -> PLC,17.65599
1776103044.6111114,171.60967350006104,IO -> PLC,4.7791
1776103044.6249075,171.62346959114075,IO -> PLC,4.86388
1776103044.6409068,171.63946890830994,IO -> PLC,7.26742
1776103044.6569064,171.6554684638977,IO -> PLC,9.55623
1776103044.6729057,171.6714677810669,IO -> PLC,11.78777
1776103044.6889052,171.68746733665466,IO -> PLC,13.93433
1776103044.7049055,171.70346760749817,IO -> PLC,16.26611
1776103044.7217247,171.7202868461609,IO -> PLC,1.46119
1776103044.7369044,171.73546648025513,IO -> PLC,6.26556
1776103044.7529037,171.75146579742432,IO -> PLC,5.74761
1776103044.768903,171.7674651145935,IO -> PLC,7.87266
1776103044.7849035,171.7834656238556,IO -> PLC,9.9905
1776103044.8009028,171.79946494102478,IO -> PLC,12.59262
1776103044.8169024,171.81546449661255,IO -> PLC,14.74126
1776103044.8329017,171.83146381378174,IO -> PLC,17.37208
1776103044.8503494,171.84891152381897,IO -> PLC,0.66059
1776103044.8649015,171.863463640213,IO -> PLC,5.61425
1776103044.8809009,171.8794629573822,IO -> PLC,6.55773
1776103044.8969002,171.8954622745514,IO -> PLC,8.69598
1776103044.9128997,171.91146183013916,IO -> PLC,11.13232
1776103044.9289,171.92746210098267,IO -> PLC,13.35665
1776103044.9448996,171.94346165657043,IO -> PLC,15.74075
1776103044.9608989,171.95946097373962,IO -> PLC,18.09509
1776103044.9768982,171.9754602909088,IO -> PLC,1.65946
1776103044.9928987,171.9914608001709,IO -> PLC,5.65123
1776103045.008898,172.0074601173401,IO -> PLC,7.55099
1776103045.0248973,172.02345943450928,IO -> PLC,9.71587
1776103045.040897,172.03945899009705,IO -> PLC,12.2731
1776103045.0568962,172.05545830726624,IO -> PLC,14.59056
1776103045.0728967,172.07145881652832,IO -> PLC,16.81601
1776103045.0906382,172.089200258255,IO -> PLC,1.36702
1776103045.1048954,172.1034574508667,IO -> PLC,4.12014
1776103045.120895,172.11945700645447,IO -> PLC,6.52775
1776103045.1368942,172.13545632362366,IO -> PLC,8.82282
1776103045.1528945,172.15145659446716,IO -> PLC,12.01287
1776103045.168894,172.16745615005493,IO -> PLC,14.2484
1776103045.1848934,172.18345546722412,IO -> PLC,16.44617
1776103045.2018895,172.20045161247253,IO -> PLC,4.79126
1776103045.2168932,172.2154552936554,IO -> PLC,3.27003
1776103045.2328925,172.23145461082458,IO -> PLC,5.26811
1776103045.248892,172.24745416641235,IO -> PLC,7.91119
1776103045.2648914,172.26345348358154,IO -> PLC,10.2964
1776103045.2808907,172.27945280075073,IO -> PLC,12.4717
1776103045.2968912,172.29545331001282,IO -> PLC,14.70714
1776103045.3128905,172.311452627182,IO -> PLC,17.01341
1776103045.3304539,172.3290159702301,IO -> PLC,4.20771
1776103045.3448894,172.34345149993896,IO -> PLC,3.89679
1776103045.3608887,172.35945081710815,IO -> PLC,6.88307
1776103045.3768892,172.37545132637024,IO -> PLC,8.55539
1776103045.3928885,172.39145064353943,IO -> PLC,10.74595
1776103045.4088879,172.40744996070862,IO -> PLC,13.09838
1776103045.4248874,172.4234495162964,IO -> PLC,15.45887
1776103045.4408877,172.4394497871399,IO -> PLC,18.16555
1776103045.4597106,172.45827269554138,IO -> PLC,1.78176
1776103045.4728866,172.47144865989685,IO -> PLC,6.02074
1776103045.4888859,172.48744797706604,IO -> PLC,8.73661
1776103045.5048854,172.5034475326538,IO -> PLC,11.02455
1776103045.5208857,172.51944780349731,IO -> PLC,13.3388
1776103045.536885,172.5354471206665,IO -> PLC,15.92451
1776103045.5528846,172.55144667625427,IO -> PLC,18.0426
1776103045.5715866,172.57014870643616,IO -> PLC,3.47335
1776103045.5848832,172.58344531059265,IO -> PLC,5.20352
1776103045.6008837,172.59944581985474,IO -> PLC,7.26489
1776103045.616883,172.61544513702393,IO -> PLC,9.70418
1776103045.6328826,172.6314446926117,IO -> PLC,12.08212
1776103045.648882,172.64744400978088,IO -> PLC,14.73263
1776103045.6648822,172.6634442806244,IO -> PLC,17.04184
1776103045.6825867,172.6811487674713,IO -> PLC,1.72568
1776103045.696881,172.69544315338135,IO -> PLC,3.86915
1776103045.7128804,172.71144247055054,IO -> PLC,6.17821
1776103045.72888,172.7274420261383,IO -> PLC,8.53174
1776103045.7448802,172.7434422969818,IO -> PLC,11.2793
1776103045.7608798,172.75944185256958,IO -> PLC,13.51275
1776103045.776879,172.77544116973877,IO -> PLC,15.79661
1776103045.7928784,172.79144048690796,IO -> PLC,17.90525
1776103045.8113356,172.8098976612091,IO -> PLC,1.10173
1776103045.8248782,172.82344031333923,IO -> PLC,5.07313
1776103045.8408775,172.83943963050842,IO -> PLC,7.57196
1776103045.856877,172.8554391860962,IO -> PLC,11.11723
1776103045.8728764,172.87143850326538,IO -> PLC,13.7103
1776103045.888877,172.88743901252747,IO -> PLC,14.16303
1776103045.9048762,172.90343832969666,IO -> PLC,16.44993
1776103045.9218729,172.92043495178223,IO -> PLC,4.8743
1776103045.936875,172.9354372024536,IO -> PLC,3.39668
1776103045.9528744,172.9514365196228,IO -> PLC,6.61857
1776103045.9688747,172.9674367904663,IO -> PLC,9.18797
1776103045.9848742,172.98343634605408,IO -> PLC,11.77079
1776103046.0008736,172.99943566322327,IO -> PLC,13.93776
1776103046.0168731,173.01543521881104,IO -> PLC,16.32986
1776103046.0337508,173.03231287002563,IO -> PLC,0.70532
1776103046.0488727,173.04743480682373,IO -> PLC,5.41591
1776103046.0648723,173.0634343624115,IO -> PLC,6.008
1776103046.0808716,173.0794336795807,IO -> PLC,8.19137
1776103046.096871,173.09543299674988,IO -> PLC,12.24162
1776103046.1128714,173.11143350601196,IO -> PLC,14.58269
1776103046.1288707,173.12743282318115,IO -> PLC,17.41232
1776103046.1468391,173.14540123939514,IO -> PLC,2.41139
1776103046.1608696,173.1594316959381,IO -> PLC,4.41139
1776103046.176869,173.1754310131073,IO -> PLC,6.64277
1776103046.1928694,173.19143152236938,IO -> PLC,9.00638
1776103046.2088687,173.20743083953857,IO -> PLC,11.28096
1776103046.2248683,173.22343039512634,IO -> PLC,13.66706
1776103046.2408676,173.23942971229553,IO -> PLC,16.56111
1776103046.257995,173.25655698776245,IO -> PLC,6.15124
1776103046.2728674,173.2714295387268,IO -> PLC,4.4899
1776103046.2888668,173.287428855896,IO -> PLC,5.7313
1776103046.304866,173.30342817306519,IO -> PLC,8.14613
1776103046.3208656,173.31942772865295,IO -> PLC,10.82304
1776103046.336866,173.33542799949646,IO -> PLC,13.52772
1776103046.3528655,173.35142755508423,IO -> PLC,15.81757
1776103046.3688648,173.36742687225342,IO -> PLC,18.16063
1776103046.3875763,173.38613843917847,IO -> PLC,4.22404
1776103046.4008646,173.3994266986847,IO -> PLC,4.89761
1776103046.416864,173.41542601585388,IO -> PLC,7.24898
1776103046.4328632,173.43142533302307,IO -> PLC,9.56748
1776103046.4488628,173.44742488861084,IO -> PLC,12.41024
1776103046.464862,173.46342420578003,IO -> PLC,12.67569
1776103046.4808626,173.47942471504211,IO -> PLC,15.37828
1776103046.496862,173.4954240322113,IO -> PLC,17.62213
1776103046.5128613,173.5114233493805,IO -> PLC,1.42474
1776103046.5288608,173.52742290496826,IO -> PLC,7.34916
1776103046.5448601,173.54342222213745,IO -> PLC,9.96255
1776103046.5608604,173.55942249298096,IO -> PLC,12.14496
1776103046.57686,173.57542204856873,IO -> PLC,14.67451
1776103046.5928593,173.59142136573792,IO -> PLC,16.91732
1776103046.6103356,173.60889768600464,IO -> PLC,1.17446
1776103046.624859,173.6234211921692,IO -> PLC,6.77732
1776103046.6408584,173.63942050933838,IO -> PLC,6.36802
1776103046.656858,173.65542006492615,IO -> PLC,8.81564
1776103046.6728573,173.67141938209534,IO -> PLC,10.96733
1776103046.6888566,173.68741869926453,IO -> PLC,13.30214
1776103046.704857,173.7034192085266,IO -> PLC,15.20494
1776103046.7208564,173.7194185256958,IO -> PLC,17.76937
1776103046.7391675,173.73772954940796,IO -> PLC,0.68083
1776103046.7528553,173.75141739845276,IO -> PLC,6.82141
1776103046.7688546,173.76741671562195,IO -> PLC,8.36892
1776103046.7848551,173.78341722488403,IO -> PLC,10.76845
1776103046.8008544,173.79941654205322,IO -> PLC,13.29793
1776103046.8168538,173.8154158592224,IO -> PLC,15.56121
1776103046.8328533,173.83141541481018,IO -> PLC,17.74243
1776103046.8512163,173.84977841377258,IO -> PLC,3.39655
1776103046.864853,173.86341500282288,IO -> PLC,4.85423
1776103046.8808525,173.87941455841064,IO -> PLC,7.01511
1776103046.8968518,173.89541387557983,IO -> PLC,9.26513
1776103046.912851,173.91141319274902,IO -> PLC,13.31218
1776103046.9288516,173.9274137020111,IO -> PLC,15.60524
1776103046.944851,173.9434130191803,IO -> PLC,18.454
1776103046.9638457,173.96240782737732,IO -> PLC,0.67579
1776103046.9768498,173.97541189193726,IO -> PLC,5.2853
1776103046.992849,173.99141120910645,IO -> PLC,7.43379
1776103047.0088496,174.00741171836853,IO -> PLC,9.63468
1776103047.024849,174.02341103553772,IO -> PLC,12.11599
1776103047.0408485,174.0394105911255,IO -> PLC,14.52144
1776103047.0568478,174.05540990829468,IO -> PLC,16.86666
1776103047.0742745,174.07283663749695,IO -> PLC,5.25512
1776103047.0888476,174.08740973472595,IO -> PLC,4.20982
1776103047.104847,174.10340905189514,IO -> PLC,6.19463
1776103047.1208463,174.11940836906433,IO -> PLC,8.73033
1776103047.1368458,174.1354079246521,IO -> PLC,11.52998
1776103047.152846,174.1514081954956,IO -> PLC,13.86911
1776103047.1688457,174.16740775108337,IO -> PLC,16.31561
1776103047.1858513,174.18441343307495,IO -> PLC,2.8058
1776103047.2008443,174.19940638542175,IO -> PLC,3.27285
1776103047.2168448,174.21540689468384,IO -> PLC,5.90863
1776103047.232844,174.23140621185303,IO -> PLC,8.00104
1776103047.2488434,174.24740552902222,IO -> PLC,10.73011
1776103047.264843,174.26340508460999,IO -> PLC,13.1615
1776103047.2808423,174.27940440177917,IO -> PLC,15.40927
1776103047.2968428,174.29540491104126,IO -> PLC,17.85369
1776103047.315237,174.31379914283752,IO -> PLC,2.94501
1776103047.3288414,174.32740354537964,IO -> PLC,4.58771
1776103047.344841,174.3434031009674,IO -> PLC,7.09357
1776103047.3608403,174.3594024181366,IO -> PLC,9.37935
1776103047.3768406,174.3754026889801,IO -> PLC,11.80329
1776103047.3928401,174.39140224456787,IO -> PLC,14.08195
1776103047.4088395,174.40740156173706,IO -> PLC,16.34412
1776103047.4258473,174.42440938949585,IO -> PLC,1.11701
1776103047.4408393,174.43940138816833,IO -> PLC,6.6171
1776103047.4568386,174.45540070533752,IO -> PLC,6.22916
1776103047.4728382,174.4714002609253,IO -> PLC,8.7699
1776103047.4888375,174.48739957809448,IO -> PLC,10.93903
1776103047.5048368,174.50339889526367,IO -> PLC,13.17352
1776103047.5208373,174.51939940452576,IO -> PLC,15.60579
1776103047.5368366,174.53539872169495,IO -> PLC,18.22229
1776103047.5556202,174.55418229103088,IO -> PLC,0.28665
1776103047.5688355,174.5673975944519,IO -> PLC,5.18256
1776103047.5848358,174.5833978652954,IO -> PLC,7.72635
1776103047.6008353,174.59939742088318,IO -> PLC,9.9926
1776103047.6168346,174.61539673805237,IO -> PLC,12.10541
1776103047.632834,174.63139605522156,IO -> PLC,15.03218
1776103047.6488335,174.64739561080933,IO -> PLC,17.38763
1776103047.666767,174.6653289794922,IO -> PLC,4.4094
1776103047.6808333,174.6793954372406,IO -> PLC,4.2647
1776103047.6968327,174.6953947544098,IO -> PLC,6.606
1776103047.712832,174.71139407157898,IO -> PLC,8.88961
1776103047.7288313,174.72739338874817,IO -> PLC,11.21435
1776103047.7448318,174.74339389801025,IO -> PLC,13.75925
1776103047.760831,174.75939321517944,IO -> PLC,16.04383
1776103047.7774239,174.77598595619202,IO -> PLC,2.42907
1776103047.79283,174.7913920879364,IO -> PLC,7.12885
1776103047.8088305,174.8073925971985,IO -> PLC,5.41684
1776103047.8248298,174.82339191436768,IO -> PLC,7.86759
1776103047.8408291,174.83939123153687,IO -> PLC,10.43089
1776103047.8568287,174.85539078712463,IO -> PLC,12.48722
1776103047.872828,174.87139010429382,IO -> PLC,14.93571
1776103047.8888283,174.88739037513733,IO -> PLC,17.05453
1776103047.9064586,174.90502071380615,IO -> PLC,1.58816
1776103047.9208272,174.9193892478943,IO -> PLC,4.01072
1776103047.9368265,174.93538856506348,IO -> PLC,6.2064
1776103047.952826,174.95138812065125,IO -> PLC,8.8558
1776103047.9688263,174.96738839149475,IO -> PLC,11.24781
1776103047.9848258,174.98338794708252,IO -> PLC,13.6116
1776103048.0008252,174.9993872642517,IO -> PLC,15.89745
1776103048.0168245,175.0153865814209,IO -> PLC,16.31338
1776103048.033796,175.03235816955566,IO -> PLC,3.01902
1776103048.0488243,175.04738640785217,IO -> PLC,3.57151
1776103048.0648239,175.06338596343994,IO -> PLC,5.63095
1776103048.0808232,175.07938528060913,IO -> PLC,7.95457
1776103048.0968225,175.09538459777832,IO -> PLC,11.72305
1776103048.112823,175.1113851070404,IO -> PLC,14.10819
1776103048.1288223,175.1273844242096,IO -> PLC,16.38372
1776103048.145748,175.1443099975586,IO -> PLC,4.91423
1776103048.1608212,175.15938329696655,IO -> PLC,3.82929
1776103048.1768205,175.17538261413574,IO -> PLC,6.95271
1776103048.192821,175.19138312339783,IO -> PLC,8.64565
1776103048.2088203,175.20738244056702,IO -> PLC,11.04304
1776103048.2248197,175.2233817577362,IO -> PLC,13.1404
1776103048.240819,175.2393810749054,IO -> PLC,15.83596
1776103048.2568195,175.25538158416748,IO -> PLC,17.97724
1776103048.2753468,175.27390885353088,IO -> PLC,2.42051
1776103048.2888184,175.28738045692444,IO -> PLC,4.87383
1776103048.3048177,175.30337977409363,IO -> PLC,7.42385
1776103048.320817,175.31937909126282,IO -> PLC,9.8786
1776103048.3368175,175.3353796005249,IO -> PLC,12.28013
1776103048.3528168,175.3513789176941,IO -> PLC,14.69392
1776103048.3688164,175.36737847328186,IO -> PLC,16.75016
1776103048.385804,175.38436603546143,IO -> PLC,0.30937
1776103048.400816,175.39937806129456,IO -> PLC,5.15321
1776103048.4168155,175.41537761688232,IO -> PLC,6.1467
1776103048.4328148,175.4313769340515,IO -> PLC,8.50631
1776103048.4488142,175.4473762512207,IO -> PLC,11.19243
1776103048.4648137,175.46337580680847,IO -> PLC,13.4966
1776103048.480814,175.47937607765198,IO -> PLC,15.9371
1776103048.4968135,175.49537563323975,IO -> PLC,4.42689
1776103048.5128129,175.51137495040894,IO -> PLC,2.69353
1776103048.5288122,175.52737426757812,IO -> PLC,7.83951
1776103048.5448115,175.54337358474731,IO -> PLC,10.24497
1776103048.560812,175.5593740940094,IO -> PLC,12.54314
1776103048.5768116,175.57537364959717,IO -> PLC,14.91885
1776103048.5928109,175.59137296676636,IO -> PLC,17.21998
1776103048.6105878,175.60914993286133,IO -> PLC,1.94649
1776103048.6248107,175.62337279319763,IO -> PLC,4.06256
1776103048.64081,175.63937211036682,IO -> PLC,6.92581
1776103048.6568093,175.655371427536,IO -> PLC,10.26931
1776103048.672809,175.67137098312378,IO -> PLC,12.45588
1776103048.6888082,175.68737030029297,IO -> PLC,14.81333
1776103048.7048087,175.70337080955505,IO -> PLC,17.82611
1776103048.7231991,175.72176122665405,IO -> PLC,4.17795
1776103048.7368073,175.73536944389343,IO -> PLC,4.98199
1776103048.7528067,175.75136876106262,IO -> PLC,7.78186
1776103048.7688062,175.7673683166504,IO -> PLC,9.99268
1776103048.7848065,175.7833685874939,IO -> PLC,12.41165
1776103048.800806,175.79936814308167,IO -> PLC,14.68607
1776103048.8168054,175.81536746025085,IO -> PLC,16.96272
1776103048.834317,175.83287906646729,IO -> PLC,1.45294
1776103048.8488052,175.84736728668213,IO -> PLC,6.98169
1776103048.8648045,175.86336660385132,IO -> PLC,6.31534
1776103048.880804,175.8793661594391,IO -> PLC,8.45758
1776103048.8968034,175.89536547660828,IO -> PLC,10.8908
1776103048.9128027,175.91136479377747,IO -> PLC,13.2269
1776103048.9288032,175.92736530303955,IO -> PLC,15.48899
1776103048.9448025,175.94336462020874,IO -> PLC,18.25111
1776103048.9633658,175.9619278907776,IO -> PLC,0.24473
1776103048.9768014,175.9753634929657,IO -> PLC,6.32423
1776103048.9928007,175.9913628101349,IO -> PLC,5.39761
1776103049.0088012,176.00736331939697,IO -> PLC,9.51132
1776103049.0248005,176.02336263656616,IO -> PLC,11.84837
1776103049.0407999,176.03936195373535,IO -> PLC,14.63177
1776103049.0567992,176.05536127090454,IO -> PLC,16.98618
1776103049.0743394,176.07290148735046,IO -> PLC,2.46171
1776103049.0887992,176.0873613357544,IO -> PLC,4.03126
1776103049.1047986,176.10336065292358,IO -> PLC,6.62225
1776103049.1207979,176.11935997009277,IO -> PLC,9.03627
1776103049.1367972,176.13535928726196,IO -> PLC,11.80823
1776103049.1527977,176.15135979652405,IO -> PLC,14.40441
1776103049.168797,176.16735911369324,IO -> PLC,16.51099
1776103049.185853,176.184415102005,IO -> PLC,5.92275
1776103049.200796,176.1993579864502,IO -> PLC,5.18733
1776103049.2167964,176.21535849571228,IO -> PLC,5.49157
1776103049.2327957,176.23135781288147,IO -> PLC,7.75087
1776103049.248795,176.24735713005066,IO -> PLC,10.25985
1776103049.2647943,176.26335644721985,IO -> PLC,12.6358
1776103049.280794,176.27935600280762,IO -> PLC,14.73508
1776103049.2967942,176.29535627365112,IO -> PLC,17.23591
1776103049.328793,176.32735514640808,IO -> PLC,5.91346
1776103049.3447924,176.34335446357727,IO -> PLC,6.83828
1776103049.3607917,176.35935378074646,IO -> PLC,9.12606
1776103049.3767922,176.37535429000854,IO -> PLC,11.1927
1776103049.3927917,176.3913538455963,IO -> PLC,13.51953
1776103049.408791,176.4073531627655,IO -> PLC,15.84114
1776103049.4247904,176.4233524799347,IO -> PLC,18.28972
1776103049.440791,176.43935298919678,IO -> PLC,1.07053
1776103049.4567902,176.45535230636597,IO -> PLC,5.49673
1776103049.4727895,176.47135162353516,IO -> PLC,8.19203
1776103049.488789,176.48735117912292,IO -> PLC,10.34061
1776103049.5047884,176.50335049629211,IO -> PLC,12.45941
1776103049.520789,176.5193510055542,IO -> PLC,16.37238
1776103049.5377295,176.53629159927368,IO -> PLC,4.42764
1776103049.5527875,176.55134963989258,IO -> PLC,2.67806
1776103049.5687869,176.56734895706177,IO -> PLC,6.924
1776103049.5847874,176.58334946632385,IO -> PLC,6.54534
1776103049.600787,176.59934902191162,IO -> PLC,8.81359
1776103049.6167862,176.6153483390808,IO -> PLC,13.23147
1776103049.6327856,176.63134765625,IO -> PLC,15.74653
1776103049.6487849,176.6473469734192,IO -> PLC,18.10623
1776103049.6674368,176.66599893569946,IO -> PLC,2.80252
1776103049.6807847,176.67934679985046,IO -> PLC,4.95074
1776103049.6967843,176.69534635543823,IO -> PLC,7.08074
1776103049.7127836,176.71134567260742,IO -> PLC,9.41964
1776103049.728783,176.7273449897766,IO -> PLC,11.72101
1776103049.7447834,176.7433454990387,IO -> PLC,15.17612
1776103049.7607827,176.75934481620789,IO -> PLC,17.5131
1776103049.7788405,176.77740263938904,IO -> PLC,2.22298
1776103049.7927816,176.79134368896484,IO -> PLC,4.39432
1776103049.8087819,176.80734395980835,IO -> PLC,6.65361
1776103049.8247814,176.82334351539612,IO -> PLC,8.97107
1776103049.8407807,176.8393428325653,IO -> PLC,11.74327
1776103049.85678,176.8553421497345,IO -> PLC,14.23706
1776103049.8727794,176.8713414669037,IO -> PLC,16.58731
1776103049.8899167,176.88847875595093,IO -> PLC,6.17484
1776103049.9047794,176.90334153175354,IO -> PLC,4.86732
1776103049.9207788,176.91934084892273,IO -> PLC,5.7636
1776103049.936778,176.93534016609192,IO -> PLC,8.27154
1776103049.9527774,176.9513394832611,IO -> PLC,10.95677
1776103049.968778,176.9673399925232,IO -> PLC,13.12886
1776103049.9847772,176.98333930969238,IO -> PLC,15.30295
1776103050.0007768,176.99933886528015,IO -> PLC,17.47312
1776103050.016776,177.01533818244934,IO -> PLC,0.98397
1776103050.0327766,177.03133869171143,IO -> PLC,4.89693
1776103050.048776,177.04733800888062,IO -> PLC,6.95966
1776103050.0647752,177.0633373260498,IO -> PLC,9.19639
1776103050.0807745,177.079336643219,IO -> PLC,11.40328
1776103050.096774,177.09533619880676,IO -> PLC,13.97779
1776103050.1127744,177.11133646965027,IO -> PLC,16.07612
1776103050.129763,177.12832498550415,IO -> PLC,3.25535
1776103050.1447732,177.14333534240723,IO -> PLC,3.64674
1776103050.1607726,177.15933465957642,IO -> PLC,6.11883
1776103050.1767719,177.1753339767456,IO -> PLC,8.26637
1776103050.1927724,177.1913344860077,IO -> PLC,10.66782
1776103050.208772,177.20733404159546,IO -> PLC,12.92184
1776103050.2247713,177.22333335876465,IO -> PLC,15.16049
1776103050.2407706,177.23933267593384,IO -> PLC,17.70748
1776103050.259035,177.25759720802307,IO -> PLC,1.74199
1776103050.2727704,177.2713325023651,IO -> PLC,4.26117
1776103050.2887697,177.2873318195343,IO -> PLC,6.5439
1776103050.3047693,177.30333137512207,IO -> PLC,9.61892
1776103050.3207686,177.31933069229126,IO -> PLC,11.8034
1776103050.336769,177.33533120155334,IO -> PLC,14.52136
1776103050.3527684,177.35133051872253,IO -> PLC,16.69353
1776103050.3700068,177.36856889724731,IO -> PLC,5.00007
1776103050.384767,177.3833291530609,IO -> PLC,3.70996
1776103050.4007676,177.399329662323,IO -> PLC,5.83413
1776103050.4167671,177.41532921791077,IO -> PLC,8.20879
1776103050.4327664,177.43132853507996,IO -> PLC,10.09927
1776103050.4487658,177.44732785224915,IO -> PLC,12.8981
1776103050.464765,177.46332716941833,IO -> PLC,16.18545
1776103050.4814994,177.4800615310669,IO -> PLC,0.7494
1776103050.496765,177.4953269958496,IO -> PLC,5.64623
1776103050.5127645,177.51132655143738,IO -> PLC,5.38941
1776103050.5287638,177.52732586860657,IO -> PLC,8.49754
1776103050.544763,177.54332518577576,IO -> PLC,11.13453
1776103050.5607636,177.55932569503784,IO -> PLC,13.22278
1776103050.576763,177.57532501220703,IO -> PLC,15.6508
1776103050.5927622,177.59132432937622,IO -> PLC,17.78305
1776103050.611221,177.60978317260742,IO -> PLC,0.70555
1776103050.624762,177.6233241558075,IO -> PLC,6.94278
1776103050.6407616,177.63932371139526,IO -> PLC,7.57679
1776103050.656761,177.65532302856445,IO -> PLC,9.93314
1776103050.6727602,177.67132234573364,IO -> PLC,11.94049
1776103050.6887596,177.68732166290283,IO -> PLC,14.24275
1776103050.70476,177.70332217216492,IO -> PLC,16.59501
1776103050.7219038,177.7204658985138,IO -> PLC,4.39092
1776103050.736759,177.73532104492188,IO -> PLC,3.28887
1776103050.7527583,177.75132036209106,IO -> PLC,6.01499
1776103050.7687576,177.76731967926025,IO -> PLC,8.25371
1776103050.784758,177.78332018852234,IO -> PLC,10.46461
1776103050.8007574,177.79931950569153,IO -> PLC,12.73318
1776103050.816757,177.8153190612793,IO -> PLC,15.01984
1776103050.8327563,177.8313183784485,IO -> PLC,17.24513
1776103050.8505483,177.84911036491394,IO -> PLC,3.57784
1776103050.864756,177.86331820487976,IO -> PLC,4.23308
1776103050.8807554,177.87931752204895,IO -> PLC,6.68767
1776103050.8967547,177.89531683921814,IO -> PLC,8.61934
1776103050.9127543,177.9113163948059,IO -> PLC,10.97568
1776103050.9287548,177.927316904068,IO -> PLC,14.8108
1776103050.9447541,177.94331622123718,IO -> PLC,17.31259
1776103050.9626157,177.96117782592773,IO -> PLC,5.27464
1776103050.9767528,177.97531485557556,IO -> PLC,4.53399
1776103050.9927523,177.99131441116333,IO -> PLC,6.62424
1776103051.0087526,178.00731468200684,IO -> PLC,8.81265
1776103051.0247521,178.0233142375946,IO -> PLC,11.34827
1776103051.0407515,178.0393135547638,IO -> PLC,13.93006
1776103051.0567508,178.05531287193298,IO -> PLC,16.24448
1776103051.073921,178.07248306274414,IO -> PLC,1.64359
1776103051.0887506,178.08731269836426,IO -> PLC,7.45638
1776103051.10475,178.10331201553345,IO -> PLC,5.61852
1776103051.1207495,178.11931157112122,IO -> PLC,7.90014
1776103051.1367488,178.1353108882904,IO -> PLC,10.77994
1776103051.1527493,178.1513113975525,IO -> PLC,13.14948
1776103051.1687486,178.16731071472168,IO -> PLC,15.30013
1776103051.184748,178.18331003189087,IO -> PLC,17.60143
1776103051.202893,178.20145511627197,IO -> PLC,1.77872
1776103051.2167478,178.21530985832214,IO -> PLC,4.54418
1776103051.2327473,178.2313094139099,IO -> PLC,6.71522
1776103051.2487466,178.2473087310791,IO -> PLC,9.17805
1776103051.264746,178.2633080482483,IO -> PLC,11.51518
1776103051.2807453,178.27930736541748,IO -> PLC,13.76824
1776103051.2967458,178.29530787467957,IO -> PLC,14.09704
1776103051.312745,178.31130719184875,IO -> PLC,16.55891
1776103051.3299932,178.32855534553528,IO -> PLC,2.39203
1776103051.344744,178.3433060646057,IO -> PLC,3.79551
1776103051.3607433,178.3593053817749,IO -> PLC,6.21961
1776103051.3767438,178.375305891037,IO -> PLC,8.45619
1776103051.392743,178.39130520820618,IO -> PLC,10.73691
1776103051.4087424,178.40730452537537,IO -> PLC,14.97126
1776103051.424742,178.42330408096313,IO -> PLC,17.19783
1776103051.4424856,178.44104766845703,IO -> PLC,3.81026
1776103051.4567418,178.4553039073944,IO -> PLC,5.06622
1776103051.4727411,178.4713032245636,IO -> PLC,7.96547
1776103051.4887404,178.4873025417328,IO -> PLC,10.32796
1776103051.5047398,178.50330185890198,IO -> PLC,12.42533
1776103051.5207403,178.51930236816406,IO -> PLC,15.66259
1776103051.5367398,178.53530192375183,IO -> PLC,18.29334
1776103051.5527391,178.55130124092102,IO -> PLC,1.05159
1776103051.5687385,178.5673005580902,IO -> PLC,5.28737
1776103051.5847378,178.5832998752594,IO -> PLC,7.51466
1776103051.6007383,178.59930038452148,IO -> PLC,9.82004
1776103051.6167376,178.61529970169067,IO -> PLC,12.2491
1776103051.6327372,178.63129925727844,IO -> PLC,15.08474
1776103051.6487365,178.64729857444763,IO -> PLC,17.37371
1776103051.6666772,178.66523933410645,IO -> PLC,1.68464
1776103051.6807363,178.6792984008789,IO -> PLC,4.14854
1776103051.6967356,178.6952977180481,IO -> PLC,6.42095
1776103051.712735,178.71129703521729,IO -> PLC,8.40151
1776103051.7287345,178.72729659080505,IO -> PLC,10.67809
1776103051.744735,178.74329710006714,IO -> PLC,12.97818
1776103051.7607343,178.75929641723633,IO -> PLC,15.40325
1776103051.7767336,178.77529573440552,IO -> PLC,17.55197
1776103051.7948477,178.79340982437134,IO -> PLC,1.3371
1776103051.8087335,178.8072955608368,IO -> PLC,4.64001
1776103051.8247328,178.82329487800598,IO -> PLC,6.92579
1776103051.8407323,178.83929443359375,IO -> PLC,9.3978
1776103051.8567317,178.85529375076294,IO -> PLC,11.70623
1776103051.872731,178.87129306793213,IO -> PLC,14.10976
1776103051.8887315,178.8872935771942,IO -> PLC,16.19073
1776103051.905469,178.9040310382843,IO -> PLC,4.63277
1776103051.92073,178.9192922115326,IO -> PLC,3.22973
1776103051.9367297,178.93529176712036,IO -> PLC,6.68803
1776103051.952729,178.95129108428955,IO -> PLC,7.94264
1776103051.9687295,178.96729159355164,IO -> PLC,10.12913
1776103051.9847288,178.98329091072083,IO -> PLC,12.631
1776103052.0007281,178.99929022789001,IO -> PLC,15.02733
1776103052.0167274,179.0152895450592,IO -> PLC,17.476
1776103052.0347514,179.03331351280212,IO -> PLC,2.43811
1776103052.0487275,179.04728960990906,IO -> PLC,4.57748
1776103052.0647268,179.06328892707825,IO -> PLC,6.7066
1776103052.0807261,179.07928824424744,IO -> PLC,8.97294
1776103052.0967255,179.09528756141663,IO -> PLC,11.16334
1776103052.112726,179.1112880706787,IO -> PLC,13.26799
1776103052.1287253,179.1272873878479,IO -> PLC,15.64793
1776103052.1447248,179.14328694343567,IO -> PLC,18.19484
1776103052.1634808,179.16204285621643,IO -> PLC,2.25786
1776103052.1767235,179.17528557777405,IO -> PLC,5.13751
1776103052.192724,179.19128608703613,IO -> PLC,7.3752
1776103052.2087233,179.20728540420532,IO -> PLC,9.72146
1776103052.2247226,179.2232847213745,IO -> PLC,11.80658
1776103052.2407222,179.23928427696228,IO -> PLC,14.54182
1776103052.2567227,179.25528478622437,IO -> PLC,16.78863
1776103052.2736566,179.27221870422363,IO -> PLC,0.5009
1776103052.2887213,179.28728342056274,IO -> PLC,5.80291
1776103052.3047206,179.30328273773193,IO -> PLC,8.01413
1776103052.3207202,179.3192822933197,IO -> PLC,10.63063
1776103052.3367205,179.3352825641632,IO -> PLC,12.9821
1776103052.35272,179.35128211975098,IO -> PLC,15.35779
1776103052.3687193,179.36728143692017,IO -> PLC,17.55557
1776103052.386834,179.38539600372314,IO -> PLC,2.36843
1776103052.400718,179.39928007125854,IO -> PLC,4.38279
1776103052.4167185,179.41528058052063,IO -> PLC,6.7196
1776103052.4327178,179.43127989768982,IO -> PLC,9.01866
1776103052.4487174,179.4472794532776,IO -> PLC,11.4846
1776103052.4647167,179.46327877044678,IO -> PLC,13.77766
1776103052.4807172,179.47927927970886,IO -> PLC,14.22943
1776103052.4967165,179.49527859687805,IO -> PLC,16.79482
1776103052.5140712,179.51263332366943,IO -> PLC,4.64189
1776103052.5287151,179.52727723121643,IO -> PLC,6.52194
1776103052.5447147,179.5432767868042,IO -> PLC,9.11084
1776103052.5607152,179.55927729606628,IO -> PLC,11.34318
1776103052.5767145,179.57527661323547,IO -> PLC,13.71087
1776103052.5927138,179.59127593040466,IO -> PLC,15.94233
1776103052.6087132,179.60727524757385,IO -> PLC,17.99489
1776103052.6273694,179.62593150138855,IO -> PLC,1.44582
1776103052.640713,179.63927507400513,IO -> PLC,5.07988
1776103052.6567125,179.6552746295929,IO -> PLC,9.39319
1776103052.6727118,179.67127394676208,IO -> PLC,11.674
1776103052.6887112,179.68727326393127,IO -> PLC,13.9649
1776103052.7047117,179.70327377319336,IO -> PLC,16.2966
1776103052.7215736,179.72013568878174,IO -> PLC,1.42519
1776103052.7367103,179.73527240753174,IO -> PLC,6.45077
1776103052.7527099,179.7512719631195,IO -> PLC,5.74018
1776103052.7687092,179.7672712802887,IO -> PLC,7.89282
1776103052.7847097,179.78327178955078,IO -> PLC,10.24924
1776103052.800709,179.79927110671997,IO -> PLC,12.70406
1776103052.8167083,179.81527042388916,IO -> PLC,14.96224
1776103052.832708,179.83126997947693,IO -> PLC,17.66491
1776103052.8507514,179.84931349754333,IO -> PLC,0.24474
1776103052.8647077,179.8632698059082,IO -> PLC,5.83011
1776103052.880707,179.8792691230774,IO -> PLC,4.82678
1776103052.8967063,179.89526844024658,IO -> PLC,8.85343
1776103052.9127057,179.91126775741577,IO -> PLC,5.53616
1776103052.9287062,179.92726826667786,IO -> PLC,2.87802
1776103052.9447055,179.94326758384705,IO -> PLC,6.82068
1776103052.960705,179.95926713943481,IO -> PLC,0.62422
1776103052.9767044,179.975266456604,IO -> PLC,1.80403
1776103052.9927037,179.9912657737732,IO -> PLC,5.18249
1776103053.0087042,180.00726628303528,IO -> PLC,3.3096
1776103053.0247035,180.02326560020447,IO -> PLC,7.25841
1776103053.0407028,180.03926491737366,IO -> PLC,4.87678
1776103053.0567024,180.05526447296143,IO -> PLC,2.31969
1776103053.072703,180.0712649822235,IO -> PLC,6.53259
1776103053.0887022,180.0872642993927,IO -> PLC,4.36912
1776103053.1047015,180.1032636165619,IO -> PLC,2.28126
1776103053.1207008,180.11926293373108,IO -> PLC,4.694
1776103053.1367004,180.13526248931885,IO -> PLC,3.71011
1776103053.1527007,180.15126276016235,IO -> PLC,1.32007
1776103053.1687002,180.16726231575012,IO -> PLC,5.22376
1776103053.1846995,180.1832616329193,IO -> PLC,2.69667
1776103053.2006989,180.1992609500885,IO -> PLC,0.59633
1776103053.2166984,180.21526050567627,IO -> PLC,1.4314
1776103053.2326987,180.23126077651978,IO -> PLC,2.0519
1776103053.248698,180.24726009368896,IO -> PLC,6.01599
1776103053.2646976,180.26325964927673,IO -> PLC,3.59211
1776103053.2806969,180.27925896644592,IO -> PLC,1.47672
1776103053.2966974,180.295259475708,IO -> PLC,5.83004
1776103053.3126967,180.3112587928772,IO -> PLC,3.10726
1776103053.328696,180.3272581100464,IO -> PLC,1.03156
1776103053.3446956,180.34325766563416,IO -> PLC,4.48194
1776103053.360695,180.35925698280334,IO -> PLC,3.07788
1776103053.3766954,180.37525749206543,IO -> PLC,6.85459
1776103053.3926947,180.39125680923462,IO -> PLC,4.89578
1776103053.408694,180.4072561264038,IO -> PLC,2.41781
1776103053.4246933,180.423255443573,IO -> PLC,6.74665
1776103053.4406939,180.43925595283508,IO -> PLC,4.17524
1776103053.4566932,180.45525527000427,IO -> PLC,1.43719
1776103053.4726927,180.47125482559204,IO -> PLC,5.35511
1776103053.488692,180.48725414276123,IO -> PLC,3.14141
1776103053.5046914,180.50325345993042,IO -> PLC,0.78313
1776103053.5206919,180.5192539691925,IO -> PLC,4.74834
1776103053.5366912,180.5352532863617,IO -> PLC,2.03372
1776103053.5526905,180.55125260353088,IO -> PLC,6.18431
1776103053.56869,180.56725215911865,IO -> PLC,2.35668
1776103053.5846894,180.58325147628784,IO -> PLC,0.91685
1776103053.60069,180.59925198554993,IO -> PLC,5.10343
1776103053.6166892,180.61525130271912,IO -> PLC,2.8158
1776103053.6326885,180.6312506198883,IO -> PLC,6.6458
1776103053.648688,180.64725017547607,IO -> PLC,4.13512
1776103053.6646883,180.66325044631958,IO -> PLC,1.60899
1776103053.680688,180.67925000190735,IO -> PLC,1.41434
1776103053.6966872,180.69524931907654,IO -> PLC,3.29985
1776103053.7126865,180.71124863624573,IO -> PLC,1.06343
1776103053.7286859,180.72724795341492,IO -> PLC,5.1208
1776103053.7446864,180.743248462677,IO -> PLC,2.50051
1776103053.7606857,180.7592477798462,IO -> PLC,6.45844
1776103053.7766852,180.77524733543396,IO -> PLC,4.16585
1776103053.7926846,180.79124665260315,IO -> PLC,1.35075
1776103053.808685,180.80724716186523,IO -> PLC,2.12198
1776103053.8246844,180.82324647903442,IO -> PLC,3.10313
1776103053.8406837,180.8392457962036,IO -> PLC,7.15555
1776103053.856683,180.8552451133728,IO -> PLC,4.57918
1776103053.8726826,180.87124466896057,IO -> PLC,2.09698
1776103053.888683,180.88724517822266,IO -> PLC,5.92482
1776103053.9046824,180.90324449539185,IO -> PLC,3.75112
1776103053.9206817,180.91924381256104,IO -> PLC,1.07651
1776103053.936681,180.93524312973022,IO -> PLC,3.38581
1776103053.9526806,180.951242685318,IO -> PLC,3.00586
1776103053.9686809,180.9672429561615,IO -> PLC,0.99576
1776103053.9846804,180.98324251174927,IO -> PLC,4.90056
1776103054.0006797,180.99924182891846,IO -> PLC,2.89047
1776103054.016679,181.01524114608765,IO -> PLC,6.65495
1776103054.0326796,181.03124165534973,IO -> PLC,4.33668
1776103054.0486789,181.04724097251892,IO -> PLC,1.99608
1776103054.0646782,181.0632402896881,IO -> PLC,4.82156
1776103054.0806777,181.07923984527588,IO -> PLC,3.35804
1776103054.096677,181.09523916244507,IO -> PLC,1.54795
1776103054.1126776,181.11123967170715,IO -> PLC,5.61341
1776103054.128677,181.12723898887634,IO -> PLC,3.05641
1776103054.1446762,181.14323830604553,IO -> PLC,1.10486
1776103054.1606758,181.1592378616333,IO -> PLC,1.12342
1776103054.176675,181.1752371788025,IO -> PLC,2.46075
1776103054.1926756,181.19123768806458,IO -> PLC,5.96522
1776103054.208675,181.20723700523376,IO -> PLC,3.98992
1776103054.2246742,181.22323632240295,IO -> PLC,1.17603
1776103054.2406735,181.23923563957214,IO -> PLC,5.60221
1776103054.256674,181.25523614883423,IO -> PLC,2.70744
1776103054.2726734,181.27123546600342,IO -> PLC,1.03527
1776103054.288673,181.2872350215912,IO -> PLC,3.42241
1776103054.3046722,181.30323433876038,IO -> PLC,2.40763
1776103054.3206716,181.31923365592957,IO -> PLC,6.6687
1776103054.336672,181.33523416519165,IO -> PLC,4.2797
1776103054.3526714,181.35123348236084,IO -> PLC,1.72902
1776103054.3686707,181.36723279953003,IO -> PLC,5.90824
1776103054.3846703,181.3832323551178,IO -> PLC,3.4702
1776103054.4006696,181.399231672287,IO -> PLC,1.16104
1776103054.41667,181.41523218154907,IO -> PLC,5.06482
1776103054.4326694,181.43123149871826,IO -> PLC,3.21464
1776103054.4486687,181.44723081588745,IO -> PLC,1.1051
1776103054.4646683,181.46323037147522,IO -> PLC,4.93206
1776103054.4806685,181.47923064231873,IO -> PLC,2.52994
1776103054.496668,181.4952301979065,IO -> PLC,6.7398
1776103054.5126674,181.51122951507568,IO -> PLC,1.66485
1776103054.5286667,181.52722883224487,IO -> PLC,4.50456
1776103054.544666,181.54322814941406,IO -> PLC,2.26014
1776103054.5606666,181.55922865867615,IO -> PLC,6.11462
1776103054.5766659,181.57522797584534,IO -> PLC,3.66938
1776103054.5926654,181.5912275314331,IO -> PLC,1.41247
1776103054.6086648,181.6072268486023,IO -> PLC,0.87804
1776103054.6246653,181.62322735786438,IO -> PLC,3.03484
1776103054.6406646,181.63922667503357,IO -> PLC,0.60081
1776103054.656664,181.65522599220276,IO -> PLC,4.65834
1776103054.6726632,181.67122530937195,IO -> PLC,2.46479
1776103054.6886628,181.68722486495972,IO -> PLC,6.97274
1776103054.7046633,181.7032253742218,IO -> PLC,4.52135
1776103054.7206626,181.719224691391,IO -> PLC,1.76473
1776103054.736662,181.73522400856018,IO -> PLC,2.18083
1776103054.7526612,181.75122332572937,IO -> PLC,3.42199
1776103054.7686608,181.76722288131714,IO -> PLC,0.96443
1776103054.784661,181.78322315216064,IO -> PLC,4.84571
1776103054.8006606,181.7992227077484,IO -> PLC,2.55097
1776103054.81666,181.8152220249176,IO -> PLC,6.7505
1776103054.8326592,181.8312213420868,IO -> PLC,4.61152
1776103054.8486598,181.84722185134888,IO -> PLC,1.22839
1776103054.864659,181.86322116851807,IO -> PLC,3.6513
1776103054.8806584,181.87922048568726,IO -> PLC,3.64521
1776103054.896658,181.89522004127502,IO -> PLC,1.53567
1776103054.9126573,181.9112193584442,IO -> PLC,5.674
1776103054.9286578,181.9272198677063,IO -> PLC,3.14892
1776103054.944657,181.9432191848755,IO -> PLC,0.67496
1776103054.9606564,181.95921850204468,IO -> PLC,4.60017
1776103054.976656,181.97521805763245,IO -> PLC,1.96956
1776103054.9926553,181.99121737480164,IO -> PLC,5.00193
1776103055.0086558,182.00721788406372,IO -> PLC,3.48441
1776103055.024655,182.0232172012329,IO -> PLC,0.74308
1776103055.0406544,182.0392165184021,IO -> PLC,4.77181
1776103055.0566537,182.0552158355713,IO -> PLC,2.00296
1776103055.0726542,182.07121634483337,IO -> PLC,1.29059
1776103055.0886536,182.08721566200256,IO -> PLC,4.06063
1776103055.1046531,182.10321521759033,IO -> PLC,2.54103
1776103055.1206524,182.11921453475952,IO -> PLC,6.58201
1776103055.1366518,182.1352138519287,IO -> PLC,4.02516
1776103055.1526523,182.1512143611908,IO -> PLC,1.56344
1776103055.1686516,182.16721367835999,IO -> PLC,5.4068
1776103055.184651,182.18321299552917,IO -> PLC,0.76507
1776103055.2006505,182.19921255111694,IO -> PLC,2.89003
1776103055.2166498,182.21521186828613,IO -> PLC,5.32438
1776103055.2326503,182.23121237754822,IO -> PLC,4.26656
1776103055.2486496,182.2472116947174,IO -> PLC,1.81204
1776103055.264649,182.2632110118866,IO -> PLC,5.62476
1776103055.2806485,182.27921056747437,IO -> PLC,3.64539
1776103055.2966487,182.29521083831787,IO -> PLC,1.1151
1776103055.3126483,182.31121039390564,IO -> PLC,1.84017
1776103055.3286476,182.32720971107483,IO -> PLC,2.47618
1776103055.344647,182.34320902824402,IO -> PLC,6.74157
1776103055.3606465,182.3592085838318,IO -> PLC,4.5389
1776103055.3766468,182.3752088546753,IO -> PLC,1.92365
1776103055.392646,182.39120817184448,IO -> PLC,6.02295
1776103055.4086456,182.40720772743225,IO -> PLC,3.63507
1776103055.424645,182.42320704460144,IO -> PLC,1.12223
1776103055.4406455,182.43920755386353,IO -> PLC,2.46092
1776103055.4566448,182.45520687103271,IO -> PLC,2.44451
1776103055.472644,182.4712061882019,IO -> PLC,6.77726
1776103055.4886436,182.48720574378967,IO -> PLC,4.23777
1776103055.504643,182.50320506095886,IO -> PLC,2.41208
1776103055.5206435,182.51920557022095,IO -> PLC,6.26569
1776103055.5366428,182.53520488739014,IO -> PLC,3.72005
1776103055.552642,182.55120420455933,IO -> PLC,1.30144
1776103055.5686414,182.56720352172852,IO -> PLC,5.10177
1776103055.584641,182.58320307731628,IO -> PLC,2.60636
1776103055.6006413,182.5992033481598,IO -> PLC,6.67486
1776103055.6166408,182.61520290374756,IO -> PLC,4.26538
1776103055.6326401,182.63120222091675,IO -> PLC,1.69334
1776103055.6486394,182.64720153808594,IO -> PLC,5.58774
1776103055.66464,182.66320204734802,IO -> PLC,1.64348
1776103055.6806393,182.6792013645172,IO -> PLC,0.70855
1776103055.6966386,182.6952006816864,IO -> PLC,5.0269
1776103055.7126381,182.71120023727417,IO -> PLC,2.33397
1776103055.7286375,182.72719955444336,IO -> PLC,6.51623
1776103055.744638,182.74320006370544,IO -> PLC,3.72081
1776103055.7606373,182.75919938087463,IO -> PLC,1.36869
1776103055.7766366,182.77519869804382,IO -> PLC,5.16702
1776103055.7926362,182.7911982536316,IO -> PLC,2.97363
1776103055.8086364,182.8071985244751,IO -> PLC,2.30407
1776103055.824636,182.82319808006287,IO -> PLC,4.31015
1776103055.8406353,182.83919739723206,IO -> PLC,1.53618
1776103055.8566346,182.85519671440125,IO -> PLC,5.70228
1776103055.872634,182.87119603157043,IO -> PLC,2.79214
1776103055.8886344,182.88719654083252,IO -> PLC,7.23633
1776103055.9046338,182.9031958580017,IO -> PLC,4.62733
1776103055.9206333,182.91919541358948,IO -> PLC,1.3086
1776103055.9366326,182.93519473075867,IO -> PLC,3.56678
1776103055.952632,182.95119404792786,IO -> PLC,3.57093
1776103055.9686325,182.96719455718994,IO -> PLC,1.03961
1776103055.9846318,182.98319387435913,IO -> PLC,5.03337
1776103056.000631,182.99919319152832,IO -> PLC,2.74391
1776103056.0166306,183.0151927471161,IO -> PLC,6.68647
1776103056.0326312,183.03119325637817,IO -> PLC,1.34839
1776103056.0486305,183.04719257354736,IO -> PLC,1.63302
1776103056.0646298,183.06319189071655,IO -> PLC,5.60248
1776103056.080629,183.07919120788574,IO -> PLC,3.08027
1776103056.0966287,183.0951907634735,IO -> PLC,1.29355
1776103056.112629,183.11119103431702,IO -> PLC,5.52188
1776103056.1286285,183.12719058990479,IO -> PLC,2.89128
1776103056.1446278,183.14318990707397,IO -> PLC,6.82385
1776103056.1606271,183.15918922424316,IO -> PLC,2.71966
1776103056.1766267,183.17518877983093,IO -> PLC,1.53991
1776103056.192627,183.19118905067444,IO -> PLC,5.58105
1776103056.2086263,183.20718836784363,IO -> PLC,3.63543
1776103056.2246258,183.2231879234314,IO -> PLC,0.86346
1776103056.2406251,183.2391872406006,IO -> PLC,5.23916
1776103056.2566257,183.25518774986267,IO -> PLC,2.45095
1776103056.272625,183.27118706703186,IO -> PLC,1.1988
1776103056.2886243,183.28718638420105,IO -> PLC,3.42818
1776103056.3046238,183.30318593978882,IO -> PLC,2.41156
1776103056.3206232,183.319185256958,IO -> PLC,6.27925
1776103056.3366237,183.3351857662201,IO -> PLC,4.01321
1776103056.352623,183.35118508338928,IO -> PLC,1.78094
1776103056.3686223,183.36718440055847,IO -> PLC,5.99096
1776103056.3846216,183.38318371772766,IO -> PLC,3.37668
1776103056.4006212,183.39918327331543,IO -> PLC,1.42394
1776103056.4166214,183.41518354415894,IO -> PLC,4.81689
1776103056.432621,183.4311830997467,IO -> PLC,2.93455
1776103056.4486203,183.4471824169159,IO -> PLC,6.68175
1776103056.4646196,183.46318173408508,IO -> PLC,4.45452
1776103056.4806201,183.47918224334717,IO -> PLC,1.84752
1776103056.4966195,183.49518156051636,IO -> PLC,6.2849
1776103056.5126188,183.51118087768555,IO -> PLC,1.35228
1776103056.5286183,183.52718043327332,IO -> PLC,4.01894
1776103056.5446177,183.5431797504425,IO -> PLC,1.52035
1776103056.5606182,183.5591802597046,IO -> PLC,5.41179
1776103056.5766175,183.57517957687378,IO -> PLC,2.79863
1776103056.5926168,183.59117889404297,IO -> PLC,6.91232
1776103056.6086164,183.60717844963074,IO -> PLC,0.94252
1776103056.6246166,183.62317872047424,IO -> PLC,1.66662
1776103056.6406162,183.639178276062,IO -> PLC,5.43415
1776103056.6566155,183.6551775932312,IO -> PLC,3.0081
1776103056.6726148,183.6711769104004,IO -> PLC,0.67447
1776103056.6886144,183.68717646598816,IO -> PLC,4.732
1776103056.7046146,183.70317673683167,IO -> PLC,2.91128
1776103056.720614,183.71917605400085,IO -> PLC,6.79368
1776103056.7366135,183.73517560958862,IO -> PLC,1.99922
1776103056.7526128,183.7511749267578,IO -> PLC,2.01873
1776103056.7686133,183.7671754360199,IO -> PLC,5.95946
1776103056.7846127,183.7831747531891,IO -> PLC,3.29285
1776103056.800612,183.79917407035828,IO -> PLC,1.10058
1776103056.8166115,183.81517362594604,IO -> PLC,5.0422
1776103056.8326108,183.83117294311523,IO -> PLC,2.30606
1776103056.8486114,183.84717345237732,IO -> PLC,0.96375
1776103056.8646107,183.8631727695465,IO -> PLC,3.16872
1776103056.88061,183.8791720867157,IO -> PLC,1.35311
1776103056.8966093,183.8951714038849,IO -> PLC,5.71554
1776103056.9126089,183.91117095947266,IO -> PLC,3.41775
1776103056.9286091,183.92717123031616,IO -> PLC,0.84658
1776103056.9446087,183.94317078590393,IO -> PLC,4.80051
1776103056.960608,183.95917010307312,IO -> PLC,2.21078
1776103056.9766073,183.9751694202423,IO -> PLC,1.8178
1776103056.9926069,183.99116897583008,IO -> PLC,3.783
1776103057.0086071,184.00716924667358,IO -> PLC,1.32032
1776103057.0246065,184.02316856384277,IO -> PLC,5.37153
1776103057.040606,184.03916811943054,IO -> PLC,2.6662
1776103057.0566053,184.05516743659973,IO -> PLC,6.77662
1776103057.0726058,184.07116794586182,IO -> PLC,4.2341
1776103057.0886052,184.087167263031,IO -> PLC,2.12695
1776103057.1046045,184.1031665802002,IO -> PLC,4.66794
1776103057.120604,184.11916613578796,IO -> PLC,4.0483
1776103057.1366034,184.13516545295715,IO -> PLC,1.51066
1776103057.1526039,184.15116596221924,IO -> PLC,5.50362
1776103057.1686032,184.16716527938843,IO -> PLC,2.93942
1776103057.1846025,184.18316459655762,IO -> PLC,6.81575
1776103057.2006018,184.1991639137268,IO -> PLC,2.33482
1776103057.2166023,184.2151644229889,IO -> PLC,2.41457
1776103057.2326016,184.23116374015808,IO -> PLC,6.46579
1776103057.2486012,184.24716329574585,IO -> PLC,4.08711
1776103057.2646005,184.26316261291504,IO -> PLC,1.54043
1776103057.2805998,184.27916193008423,IO -> PLC,6.16006
1776103057.2966003,184.2951624393463,IO -> PLC,4.00348
1776103057.3125997,184.3111617565155,IO -> PLC,1.32598
1776103057.328599,184.3271610736847,IO -> PLC,3.5144
1776103057.3445985,184.34316062927246,IO -> PLC,2.87636
1776103057.3605978,184.35915994644165,IO -> PLC,6.81597
1776103057.3765984,184.37516045570374,IO -> PLC,4.45473
1776103057.3925977,184.39115977287292,IO -> PLC,1.601
1776103057.408597,184.40715909004211,IO -> PLC,6.22151
1776103057.4245965,184.42315864562988,IO -> PLC,3.39834
1776103057.4405968,184.4391589164734,IO -> PLC,1.23991
1776103057.4565964,184.45515847206116,IO -> PLC,4.36629
1776103057.4725957,184.47115778923035,IO -> PLC,2.62139
1776103057.488595,184.48715710639954,IO -> PLC,0.59418
1776103057.5045946,184.5031566619873,IO -> PLC,4.82555
1776103057.5205948,184.5191569328308,IO -> PLC,2.50424
1776103057.5365942,184.53515625,IO -> PLC,6.47145
1776103057.5525937,184.55115580558777,IO -> PLC,0.92544
1776103057.568593,184.56715512275696,IO -> PLC,1.93715
1776103057.5845923,184.58315443992615,IO -> PLC,5.77052
1776103057.6005929,184.59915494918823,IO -> PLC,4.2406
1776103057.6165922,184.61515426635742,IO -> PLC,1.92945
1776103057.6325917,184.6311538219452,IO -> PLC,6.13011
1776103057.648591,184.64715313911438,IO -> PLC,3.79135
1776103057.6645916,184.66315364837646,IO -> PLC,1.30411
1776103057.6805909,184.67915296554565,IO -> PLC,2.39375
1776103057.6965902,184.69515228271484,IO -> PLC,3.1949
1776103057.7125895,184.71115159988403,IO -> PLC,0.97071
1776103057.728589,184.7271511554718,IO -> PLC,5.26962
1776103057.7445893,184.7431514263153,IO -> PLC,2.81925
1776103057.760589,184.75915098190308,IO -> PLC,6.81711
1776103057.7765882,184.77515029907227,IO -> PLC,4.55931
1776103057.7925875,184.79114961624146,IO -> PLC,0.79314
1776103057.808587,184.80714917182922,IO -> PLC,2.70009
1776103057.8245873,184.82314944267273,IO -> PLC,4.24344
1776103057.8405867,184.83914875984192,IO -> PLC,1.55738
1776103057.8565862,184.8551483154297,IO -> PLC,5.98262
1776103057.8725855,184.87114763259888,IO -> PLC,3.32928
1776103057.888586,184.88714814186096,IO -> PLC,1.24959
1776103057.9045854,184.90314745903015,IO -> PLC,6.24404
1776103057.9205847,184.91914677619934,IO -> PLC,1.72615
1776103057.9365842,184.9351463317871,IO -> PLC,1.56637
1776103057.9525836,184.9511456489563,IO -> PLC,6.03017
1776103057.968584,184.96714615821838,IO -> PLC,3.54596
1776103057.9845834,184.98314547538757,IO -> PLC,1.14489
1776103058.0005827,184.99914479255676,IO -> PLC,5.63132
1776103058.016582,185.01514410972595,IO -> PLC,3.10208
1776103058.0325825,185.03114461898804,IO -> PLC,0.76956
1776103058.0485818,185.04714393615723,IO -> PLC,4.01282
1776103058.0645814,185.063143491745,IO -> PLC,2.50954
1776103058.0805807,185.07914280891418,IO -> PLC,6.47163
1776103058.09658,185.09514212608337,IO -> PLC,4.68074
1776103058.1125805,185.11114263534546,IO -> PLC,2.30199
1776103058.1285799,185.12714195251465,IO -> PLC,6.48424
1776103058.1445792,185.14314126968384,IO -> PLC,3.88444
1776103058.1605787,185.1591408252716,IO -> PLC,2.31372
1776103058.176578,185.1751401424408,IO -> PLC,0.77172
1776103058.1925786,185.19114065170288,IO -> PLC,5.46896
1776103058.2085779,185.20713996887207,IO -> PLC,2.83228
1776103058.2245772,185.22313928604126,IO -> PLC,0.80489
1776103058.2405767,185.23913884162903,IO -> PLC,5.19597
1776103058.256577,185.25513911247253,IO -> PLC,2.6484
1776103058.2725766,185.2711386680603,IO -> PLC,1.39306
1776103058.288576,185.2871379852295,IO -> PLC,3.62042
1776103058.3045752,185.30313730239868,IO -> PLC,2.80654
1776103058.3205748,185.31913685798645,IO -> PLC,0.81997
1776103058.336575,185.33513712882996,IO -> PLC,4.95294
1776103058.3525743,185.35113644599915,IO -> PLC,2.46474
1776103058.368574,185.3671360015869,IO -> PLC,6.57004
1776103058.3845732,185.3831353187561,IO -> PLC,4.24257
1776103058.4005725,185.3991346359253,IO -> PLC,2.09029
1776103058.416573,185.41513514518738,IO -> PLC,4.59536
1776103058.4325724,185.43113446235657,IO -> PLC,3.84268
1776103058.448572,185.44713401794434,IO -> PLC,1.50817
1776103058.4645712,185.46313333511353,IO -> PLC,5.58266
1776103058.4805717,185.4791338443756,IO -> PLC,3.06286
1776103058.496571,185.4951331615448,IO -> PLC,1.51965
1776103058.5125704,185.511132478714,IO -> PLC,5.77464
1776103058.5285697,185.52713179588318,IO -> PLC,4.5901
1776103058.5445693,185.54313135147095,IO -> PLC,4.00847
1776103058.5605695,185.55913162231445,IO -> PLC,1.73323
1776103058.576569,185.57513117790222,IO -> PLC,5.83965
1776103058.5925684,185.5911304950714,IO -> PLC,3.51321
1776103058.6085677,185.6071298122406,IO -> PLC,1.22358
1776103058.6245673,185.62312936782837,IO -> PLC,1.15533
1776103058.6405675,185.63912963867188,IO -> PLC,3.10093
1776103058.6565669,185.65512895584106,IO -> PLC,0.83585
1776103058.6725664,185.67112851142883,IO -> PLC,5.08468
1776103058.6885657,185.68712782859802,IO -> PLC,3.01225
1776103058.7045662,185.7031283378601,IO -> PLC,1.23769
1776103058.7205656,185.7191276550293,IO -> PLC,5.22746
1776103058.7365649,185.7351269721985,IO -> PLC,2.07875
1776103058.7525644,185.75112652778625,IO -> PLC,4.4774
1776103058.7685637,185.76712584495544,IO -> PLC,4.86326
1776103058.7845643,185.78312635421753,IO -> PLC,2.29409
1776103058.8005636,185.79912567138672,IO -> PLC,7.0723
1776103058.816563,185.8151249885559,IO -> PLC,4.67322
1776103058.8325624,185.83112454414368,IO -> PLC,2.35079
1776103058.8485627,185.84712481498718,IO -> PLC,0.69926
1776103058.864562,185.86312413215637,IO -> PLC,3.05784
1776103058.8805616,185.87912368774414,IO -> PLC,1.74177
1776103058.896561,185.89512300491333,IO -> PLC,6.42894
1776103058.9125602,185.91112232208252,IO -> PLC,3.95298
1776103058.9285607,185.9271228313446,IO -> PLC,1.67166
1776103058.94456,185.9431221485138,IO -> PLC,5.71256
1776103058.9605596,185.95912170410156,IO -> PLC,3.24276
1776103058.976559,185.97512102127075,IO -> PLC,0.70128
1776103058.9925582,185.99112033843994,IO -> PLC,3.8186
1776103059.0085588,186.00712084770203,IO -> PLC,2.5243
1776103059.024558,186.02312016487122,IO -> PLC,6.7148
1776103059.0405574,186.0391194820404,IO -> PLC,4.24892
1776103059.056557,186.05511903762817,IO -> PLC,1.70847
1776103059.0725572,186.07111930847168,IO -> PLC,6.59013
1776103059.0885568,186.08711886405945,IO -> PLC,1.01258
1776103059.104556,186.10311818122864,IO -> PLC,2.60097
1776103059.1205554,186.11911749839783,IO -> PLC,5.56053
1776103059.136555,186.1351170539856,IO -> PLC,4.62352
1776103059.1525552,186.1511173248291,IO -> PLC,2.33605
1776103059.1685545,186.1671166419983,IO -> PLC,6.63816
1776103059.184554,186.18311619758606,IO -> PLC,4.39348
1776103059.2005534,186.19911551475525,IO -> PLC,2.18066
1776103059.216554,186.21511602401733,IO -> PLC,2.75227
1776103059.2325532,186.23111534118652,IO -> PLC,4.21273
1776103059.2485526,186.2471146583557,IO -> PLC,1.95581
1776103059.264552,186.26311421394348,IO -> PLC,6.07568
1776103059.2805514,186.27911353111267,IO -> PLC,4.06149
1776103059.296552,186.29511404037476,IO -> PLC,1.84043
1776103059.3125513,186.31111335754395,IO -> PLC,6.24917
1776103059.3285506,186.32711267471313,IO -> PLC,1.11782
1776103059.34455,186.34311199188232,IO -> PLC,1.66887
1776103059.3605494,186.3591115474701,IO -> PLC,5.71801
1776103059.3765497,186.3751118183136,IO -> PLC,3.47245
1776103059.3925493,186.39111137390137,IO -> PLC,0.95745
1776103059.4085486,186.40711069107056,IO -> PLC,5.90478
1776103059.424548,186.42311000823975,IO -> PLC,3.48123
1776103059.4405484,186.43911051750183,IO -> PLC,1.23239
1776103059.4565477,186.45510983467102,IO -> PLC,2.61709
1776103059.472547,186.4711091518402,IO -> PLC,2.92142
1776103059.4885466,186.48710870742798,IO -> PLC,0.66546
1776103059.504546,186.50310802459717,IO -> PLC,5.17847
1776103059.5205464,186.51910853385925,IO -> PLC,2.7025
1776103059.5365458,186.53510785102844,IO -> PLC,6.94525
1776103059.552545,186.55110716819763,IO -> PLC,4.5092
1776103059.5685446,186.5671067237854,IO -> PLC,1.63283
1776103059.584544,186.5831060409546,IO -> PLC,4.02308
1776103059.6005445,186.59910655021667,IO -> PLC,3.88275
1776103059.6165438,186.61510586738586,IO -> PLC,1.52055
1776103059.632543,186.63110518455505,IO -> PLC,5.54097
1776103059.6485426,186.64710474014282,IO -> PLC,3.13469
1776103059.664543,186.66310501098633,IO -> PLC,0.82146
1776103059.6805422,186.67910432815552,IO -> PLC,0.68848
1776103059.6965418,186.6951038837433,IO -> PLC,2.80017
1776103059.712541,186.71110320091248,IO -> PLC,0.95071
1776103059.7285404,186.72710251808167,IO -> PLC,5.20786
1776103059.744541,186.74310302734375,IO -> PLC,2.79742
1776103059.7605402,186.75910234451294,IO -> PLC,7.24809
1776103059.7765398,186.7751019001007,IO -> PLC,5.04446
1776103059.7925391,186.7911012172699,IO -> PLC,2.31857
1776103059.8085384,186.8071005344391,IO -> PLC,2.72538
1776103059.824539,186.82310104370117,IO -> PLC,5.20252
1776103059.8405383,186.83910036087036,IO -> PLC,2.52167
1776103059.8565376,186.85509967803955,IO -> PLC,7.12803
1776103059.8725371,186.87109923362732,IO -> PLC,4.57934
1776103059.8885374,186.88709950447083,IO -> PLC,2.36244
1776103059.904537,186.9030990600586,IO -> PLC,6.65534
1776103059.9205363,186.91909837722778,IO -> PLC,2.09553
1776103059.9365356,186.93509769439697,IO -> PLC,2.27056
1776103059.9525352,186.95109724998474,IO -> PLC,6.51131
1776103059.9685354,186.96709752082825,IO -> PLC,4.49401
1776103059.9845347,186.98309683799744,IO -> PLC,2.51879
1776103060.0005343,186.9990963935852,IO -> PLC,6.91195
1776103060.0165336,187.0150957107544,IO -> PLC,5.03313
1776103060.0325341,187.03109622001648,IO -> PLC,0.82957
1776103060.0485334,187.04709553718567,IO -> PLC,3.58344
1776103060.0645328,187.06309485435486,IO -> PLC,4.33507
1776103060.0805323,187.07909440994263,IO -> PLC,2.02592
1776103060.0965316,187.09509372711182,IO -> PLC,6.76021
1776103060.1125321,187.1110942363739,IO -> PLC,4.49937
1776103060.1285315,187.1270935535431,IO -> PLC,1.99981
1776103060.1445308,187.14309287071228,IO -> PLC,6.14215
1776103060.16053,187.15909218788147,IO -> PLC,1.81579
1776103060.1765296,187.17509174346924,IO -> PLC,1.0211
1776103060.19253,187.19109201431274,IO -> PLC,5.29056
1776103060.2085295,187.2070915699005,IO -> PLC,2.66491
1776103060.2245288,187.2230908870697,IO -> PLC,7.25688
1776103060.240528,187.2390902042389,IO -> PLC,4.96108
1776103060.2565286,187.25509071350098,IO -> PLC,2.34887
1776103060.272528,187.27109003067017,IO -> PLC,7.14372
1776103060.2885273,187.28708934783936,IO -> PLC,2.77216
1776103060.3045268,187.30308890342712,IO -> PLC,2.96567
1776103060.3205261,187.3190882205963,IO -> PLC,1.03062
1776103060.3365266,187.3350887298584,IO -> PLC,5.23528
1776103060.352526,187.3510880470276,IO -> PLC,2.74612
1776103060.3685253,187.36708736419678,IO -> PLC,6.89757
1776103060.3845248,187.38308691978455,IO -> PLC,4.65315
1776103060.4005241,187.39908623695374,IO -> PLC,1.67548
1776103060.4165246,187.41508674621582,IO -> PLC,4.06454
1776103060.432524,187.431086063385,IO -> PLC,4.52351
1776103060.4485233,187.4470853805542,IO -> PLC,2.00451
1776103060.4645228,187.46308493614197,IO -> PLC,6.26038
1776103060.480523,187.47908520698547,IO -> PLC,3.79465
1776103060.4965224,187.49508452415466,IO -> PLC,1.81032
1776103060.512522,187.51108407974243,IO -> PLC,1.32612
1776103060.5285213,187.52708339691162,IO -> PLC,7.00942
1776103060.5445206,187.5430827140808,IO -> PLC,4.62161
1776103060.5605211,187.5590832233429,IO -> PLC,2.40975
1776103060.5765204,187.57508254051208,IO -> PLC,6.40984
1776103060.59252,187.59108209609985,IO -> PLC,4.65575
1776103060.6085193,187.60708141326904,IO -> PLC,2.12747
1776103060.6245186,187.62308073043823,IO -> PLC,1.10677
1776103060.6405191,187.63908123970032,IO -> PLC,3.42439
1776103060.6565185,187.6550805568695,IO -> PLC,2.05312
1776103060.6725178,187.6710798740387,IO -> PLC,6.68596
1776103060.6885173,187.68707942962646,IO -> PLC,4.15688
1776103060.7045176,187.70307970046997,IO -> PLC,1.91116
1776103060.7205172,187.71907925605774,IO -> PLC,6.21743
1776103060.7365165,187.73507857322693,IO -> PLC,1.37192
1776103060.7525158,187.75107789039612,IO -> PLC,1.43752
1776103060.7685153,187.7670774459839,IO -> PLC,5.52169
1776103060.7845156,187.7830777168274,IO -> PLC,3.14166
1776103060.800515,187.79907703399658,IO -> PLC,1.21563
1776103060.8165145,187.81507658958435,IO -> PLC,5.3375
1776103060.8325138,187.83107590675354,IO -> PLC,2.97114
1776103060.8485143,187.84707641601562,IO -> PLC,1.82532
1776103060.8645136,187.86307573318481,IO -> PLC,4.15933
1776103060.880513,187.879075050354,IO -> PLC,4.48998
1776103060.8965125,187.89507460594177,IO -> PLC,2.33459
1776103060.9125118,187.91107392311096,IO -> PLC,6.71967
1776103060.9285123,187.92707443237305,IO -> PLC,4.53443
1776103060.9445117,187.94307374954224,IO -> PLC,2.32273
1776103060.960511,187.95907306671143,IO -> PLC,6.45282
1776103060.9765103,187.97507238388062,IO -> PLC,2.0527
1776103060.9925098,187.99107193946838,IO -> PLC,1.40346
1776103061.00851,188.0070722103119,IO -> PLC,5.95766
1776103061.0245097,188.02307176589966,IO -> PLC,3.20185
1776103061.040509,188.03907108306885,IO -> PLC,0.87541
1776103061.0565083,188.05507040023804,IO -> PLC,5.29528
1776103061.0725088,188.07107090950012,IO -> PLC,2.9598
1776103061.0885081,188.0870702266693,IO -> PLC,0.62833
1776103061.1045074,188.1030695438385,IO -> PLC,2.98979
1776103061.120507,188.11906909942627,IO -> PLC,3.23459
1776103061.1365063,188.13506841659546,IO -> PLC,1.05344
1776103061.1525068,188.15106892585754,IO -> PLC,5.11194
1776103061.1685061,188.16706824302673,IO -> PLC,2.86222
1776103061.1845055,188.18306756019592,IO -> PLC,7.12441
1776103061.200505,188.1990671157837,IO -> PLC,5.35192
1776103061.2165053,188.2150673866272,IO -> PLC,2.7786
1776103061.2325048,188.23106694221497,IO -> PLC,2.27104
1776103061.2485042,188.24706625938416,IO -> PLC,4.88436
1776103061.2645035,188.26306557655334,IO -> PLC,3.10466
1776103061.280503,188.2790651321411,IO -> PLC,0.64287
1776103061.2965033,188.29506540298462,IO -> PLC,5.09865
1776103061.3125026,188.3110647201538,IO -> PLC,2.45997
1776103061.3285022,188.32706427574158,IO -> PLC,7.01888
1776103061.3445015,188.34306359291077,IO -> PLC,2.84213
1776103061.3605008,188.35906291007996,IO -> PLC,2.25953
1776103061.3765013,188.37506341934204,IO -> PLC,6.39571
1776103061.3925006,188.39106273651123,IO -> PLC,4.14097
1776103061.4085002,188.407062292099,IO -> PLC,1.87181
1776103061.4244995,188.4230616092682,IO -> PLC,6.32849
1776103061.4405,188.43906211853027,IO -> PLC,3.78908
1776103061.4564993,188.45506143569946,IO -> PLC,1.41441
1776103061.4724987,188.47106075286865,IO -> PLC,3.77098
1776103061.488498,188.48706007003784,IO -> PLC,3.56944
1776103061.5044975,188.5030596256256,IO -> PLC,1.65246
1776103061.5204978,188.51905989646912,IO -> PLC,5.85425
1776103061.5364974,188.53505945205688,IO -> PLC,3.53061
1776103061.5524967,188.55105876922607,IO -> PLC,1.16322
1776103061.568496,188.56705808639526,IO -> PLC,5.35988
1776103061.5844955,188.58305764198303,IO -> PLC,2.79183
1776103061.6004958,188.59905791282654,IO -> PLC,1.14215
1776103061.6164951,188.61505722999573,IO -> PLC,5.40145
1776103061.6324947,188.6310567855835,IO -> PLC,2.86893
1776103061.648494,188.64705610275269,IO -> PLC,1.23677
1776103061.6644945,188.66305661201477,IO -> PLC,5.24702
1776103061.6804938,188.67905592918396,IO -> PLC,2.97483
1776103061.6964931,188.69505524635315,IO -> PLC,1.43194
1776103061.7124927,188.71105480194092,IO -> PLC,4.02382
1776103061.728492,188.7270541191101,IO -> PLC,3.06832
1776103061.7444925,188.7430546283722,IO -> PLC,7.30083
1776103061.7604918,188.75905394554138,IO -> PLC,4.97335
1776103061.7764912,188.77505326271057,IO -> PLC,2.7042
1776103061.7924905,188.79105257987976,IO -> PLC,7.02279
1776103061.80849,188.80705213546753,IO -> PLC,5.02093
1776103061.8244903,188.82305240631104,IO -> PLC,2.39937
1776103061.8404899,188.8390519618988,IO -> PLC,4.71298
1776103061.8564892,188.855051279068,IO -> PLC,4.32495
1776103061.8724885,188.87105059623718,IO -> PLC,1.92259
1776103061.888489,188.88705110549927,IO -> PLC,6.03221
1776103061.9044883,188.90305042266846,IO -> PLC,4.01707
1776103061.9204876,188.91904973983765,IO -> PLC,1.68152
1776103061.9364872,188.93504929542542,IO -> PLC,1.11828
1776103061.9524865,188.9510486125946,IO -> PLC,3.49518
1776103061.968487,188.9670491218567,IO -> PLC,1.2129
1776103061.9844863,188.98304843902588,IO -> PLC,5.35301
1776103062.0004857,188.99904775619507,IO -> PLC,3.14937
1776103062.0164852,189.01504731178284,IO -> PLC,0.75942
1776103062.0324855,189.03104758262634,IO -> PLC,4.9448
1776103062.048485,189.0470471382141,IO -> PLC,2.59373
1776103062.0644844,189.0630464553833,IO -> PLC,2.21922
1776103062.0804837,189.0790457725525,IO -> PLC,4.45491
1776103062.0964832,189.09504532814026,IO -> PLC,2.98123
1776103062.1124835,189.11104559898376,IO -> PLC,7.13078
1776103062.1284828,189.12704491615295,IO -> PLC,4.83714
1776103062.1444824,189.14304447174072,IO -> PLC,2.43886
1776103062.1604817,189.1590437889099,IO -> PLC,6.45319
1776103062.176481,189.1750431060791,IO -> PLC,0.64212
1776103062.1924815,189.1910436153412,IO -> PLC,1.33543
1776103062.2084808,189.20704293251038,IO -> PLC,5.38048
1776103062.2244802,189.22304224967957,IO -> PLC,3.2167
1776103062.2404797,189.23904180526733,IO -> PLC,0.99266
1776103062.2564802,189.25504231452942,IO -> PLC,5.16269
1776103062.2724795,189.2710416316986,IO -> PLC,2.704
1776103062.2884789,189.2870409488678,IO -> PLC,0.95424
1776103062.3044782,189.303040266037,IO -> PLC,1.78898
1776103062.3204777,189.31903982162476,IO -> PLC,3.15928
1776103062.336478,189.33504009246826,IO -> PLC,0.70172
1776103062.3524776,189.35103964805603,IO -> PLC,4.9463
1776103062.3684769,189.36703896522522,IO -> PLC,2.36289
1776103062.3844762,189.3830382823944,IO -> PLC,6.41211
1776103062.4004757,189.39903783798218,IO -> PLC,4.31488
1776103062.416476,189.41503810882568,IO -> PLC,0.87856
1776103062.4324753,189.43103742599487,IO -> PLC,3.09977
1776103062.448475,189.44703698158264,IO -> PLC,3.919
1776103062.4644742,189.46303629875183,IO -> PLC,1.4952
1776103062.4804747,189.47903680801392,IO -> PLC,5.72579
1776103062.496474,189.4950361251831,IO -> PLC,3.2323
1776103062.5124733,189.5110354423523,IO -> PLC,1.31741
1776103062.528473,189.52703499794006,IO -> PLC,1.92278
1776103062.5444722,189.54303431510925,IO -> PLC,5.69239
1776103062.5604727,189.55903482437134,IO -> PLC,3.6066
1776103062.576472,189.57503414154053,IO -> PLC,1.63643
1776103062.5924714,189.59103345870972,IO -> PLC,6.34
1776103062.6084707,189.6070327758789,IO -> PLC,4.07588
1776103062.6244702,189.62303233146667,IO -> PLC,0.64276
1776103062.6404705,189.63903260231018,IO -> PLC,2.99493
1776103062.65647,189.65503215789795,IO -> PLC,3.75168
1776103062.6724694,189.67103147506714,IO -> PLC,1.22147
1776103062.6884687,189.68703079223633,IO -> PLC,5.46318
1776103062.7044692,189.7030313014984,IO -> PLC,3.47868
1776103062.7204685,189.7190306186676,IO -> PLC,1.13393
1776103062.7364678,189.7350299358368,IO -> PLC,5.22402
1776103062.7524674,189.75102949142456,IO -> PLC,2.65894
1776103062.7684667,189.76702880859375,IO -> PLC,5.14648
1776103062.7844672,189.78302931785583,IO -> PLC,4.68573
1776103062.8004665,189.79902863502502,IO -> PLC,2.52298
1776103062.8164659,189.8150279521942,IO -> PLC,6.65932
1776103062.8324654,189.83102750778198,IO -> PLC,4.47097
1776103062.8484657,189.8470277786255,IO -> PLC,1.91213
1776103062.8644652,189.86302733421326,IO -> PLC,1.78123
1776103062.8804646,189.87902665138245,IO -> PLC,3.58051
1776103062.8964639,189.89502596855164,IO -> PLC,1.62056
1776103062.9124634,189.9110255241394,IO -> PLC,5.78451
1776103062.9284637,189.9270257949829,IO -> PLC,3.92505
1776103062.944463,189.9430251121521,IO -> PLC,1.51046
1776103062.9604626,189.95902466773987,IO -> PLC,5.76032
1776103062.976462,189.97502398490906,IO -> PLC,3.19723
1776103062.9924612,189.99102330207825,IO -> PLC,0.82472
1776103063.0084617,190.00702381134033,IO -> PLC,4.72136
1776103063.024461,190.02302312850952,IO -> PLC,2.8956
1776103063.0404606,190.0390226840973,IO -> PLC,7.2541
1776103063.05646,190.05502200126648,IO -> PLC,4.88455
1776103063.0724604,190.07102251052856,IO -> PLC,2.52203
1776103063.0884597,190.08702182769775,IO -> PLC,0.71698
1776103063.104459,190.10302114486694,IO -> PLC,1.60197
1776103063.1204584,190.11902046203613,IO -> PLC,2.90546
1776103063.136458,190.1350200176239,IO -> PLC,6.07927
1776103063.1524582,190.1510202884674,IO -> PLC,4.76249
1776103063.1684577,190.16701984405518,IO -> PLC,2.41237
1776103063.184457,190.18301916122437,IO -> PLC,6.58023
1776103063.2004564,190.19901847839355,IO -> PLC,4.59485
1776103063.216456,190.21501803398132,IO -> PLC,0.67403
1776103063.2324562,190.23101830482483,IO -> PLC,2.89731
1776103063.2484555,190.24701762199402,IO -> PLC,4.71907
1776103063.264455,190.2630171775818,IO -> PLC,2.55232
1776103063.2804544,190.27901649475098,IO -> PLC,6.67722
1776103063.296455,190.29501700401306,IO -> PLC,4.77065
1776103063.3124542,190.31101632118225,IO -> PLC,2.37045
1776103063.3284535,190.32701563835144,IO -> PLC,6.35503
1776103063.344453,190.3430151939392,IO -> PLC,1.24142
1776103063.3604524,190.3590145111084,IO -> PLC,1.61287
1776103063.376453,190.37501502037048,IO -> PLC,5.66632
1776103063.3924522,190.39101433753967,IO -> PLC,3.77303
1776103063.4084516,190.40701365470886,IO -> PLC,1.24482
1776103063.4244509,190.42301297187805,IO -> PLC,5.77934
1776103063.4404514,190.43901348114014,IO -> PLC,3.10377
1776103063.4564507,190.45501279830933,IO -> PLC,0.80886
1776103063.4724503,190.4710123538971,IO -> PLC,4.2602
1776103063.4884496,190.48701167106628,IO -> PLC,2.92494
1776103063.504449,190.50301098823547,IO -> PLC,0.96508
1776103063.5204494,190.51901149749756,IO -> PLC,5.0367
1776103063.5364487,190.53501081466675,IO -> PLC,3.03067
1776103063.552448,190.55101013183594,IO -> PLC,0.60496
1776103063.5684476,190.5670096874237,IO -> PLC,0.86623
1776103063.584447,190.5830090045929,IO -> PLC,3.21346
1776103063.6004474,190.59900951385498,IO -> PLC,2.14035
1776103063.6164467,190.61500883102417,IO -> PLC,6.14333
1776103063.632446,190.63100814819336,IO -> PLC,3.84554
1776103063.6484456,190.64700770378113,IO -> PLC,1.27541
1776103063.6644459,190.66300797462463,IO -> PLC,5.50272
1776103063.6804454,190.6790075302124,IO -> PLC,3.06363
1776103063.6964447,190.6950068473816,IO -> PLC,0.88553
1776103063.712444,190.71100616455078,IO -> PLC,4.70649
1776103063.7284434,190.72700548171997,IO -> PLC,2.76696
1776103063.744444,190.74300599098206,IO -> PLC,6.87561
1776103063.7604432,190.75900530815125,IO -> PLC,4.52566
1776103063.7764428,190.775004863739,IO -> PLC,1.96553
1776103063.792442,190.7910041809082,IO -> PLC,6.42125
1776103063.8084414,190.8070034980774,IO -> PLC,4.14705
1776103063.824442,190.82300400733948,IO -> PLC,1.43956
1776103063.8404412,190.83900332450867,IO -> PLC,5.08956
1776103063.8564405,190.85500264167786,IO -> PLC,3.03946
1776103063.87244,190.87100219726562,IO -> PLC,0.83686
1776103063.8884406,190.8870027065277,IO -> PLC,5.03249
1776103063.90444,190.9030020236969,IO -> PLC,2.85046
1776103063.9204392,190.9190013408661,IO -> PLC,0.66627
1776103063.9364386,190.93500065803528,IO -> PLC,1.78471
1776103063.952438,190.95100021362305,IO -> PLC,2.91636
1776103063.9684384,190.96700048446655,IO -> PLC,6.76485
1776103063.984438,190.98300004005432,IO -> PLC,4.81107
1776103064.0004373,190.9989993572235,IO -> PLC,2.52968
1776103064.0164366,191.0149986743927,IO -> PLC,6.73745
1776103064.0324361,191.03099822998047,IO -> PLC,4.46223
1776103064.0484364,191.04699850082397,IO -> PLC,0.605
1776103064.0644357,191.06299781799316,IO -> PLC,3.01766
1776103064.0804353,191.07899737358093,IO -> PLC,3.74792
1776103064.0964346,191.09499669075012,IO -> PLC,2.18425
1776103064.112435,191.1109972000122,IO -> PLC,6.51699
1776103064.1284344,191.1269965171814,IO -> PLC,4.01655
1776103064.1444337,191.1429958343506,IO -> PLC,1.90092
1776103064.1604333,191.15899538993835,IO -> PLC,5.95742
1776103064.1764326,191.17499470710754,IO -> PLC,1.86242
1776103064.192433,191.19099521636963,IO -> PLC,1.45392
1776103064.2084324,191.20699453353882,IO -> PLC,6.1778
1776103064.2244318,191.222993850708,IO -> PLC,3.41511
1776103064.240431,191.2389931678772,IO -> PLC,1.21051
1776103064.2564316,191.25499367713928,IO -> PLC,5.43694
1776103064.272431,191.27099299430847,IO -> PLC,2.98042
1776103064.2884305,191.28699254989624,IO -> PLC,0.60767
1776103064.3044298,191.30299186706543,IO -> PLC,3.1333
1776103064.320429,191.31899118423462,IO -> PLC,2.89983
1776103064.3364296,191.3349916934967,IO -> PLC,7.03585
1776103064.352429,191.3509910106659,IO -> PLC,4.53237
1776103064.3684282,191.36699032783508,IO -> PLC,2.15577
1776103064.3844278,191.38298988342285,IO -> PLC,6.23963
1776103064.400427,191.39898920059204,IO -> PLC,4.33001
1776103064.4164276,191.41498970985413,IO -> PLC,1.97293
1776103064.432427,191.43098902702332,IO -> PLC,4.21455
1776103064.4484262,191.4469883441925,IO -> PLC,3.75076
1776103064.4644258,191.46298789978027,IO -> PLC,1.33832
1776103064.480426,191.47898817062378,IO -> PLC,5.83795
1776103064.4964256,191.49498772621155,IO -> PLC,3.48176
1776103064.512425,191.51098704338074,IO -> PLC,1.24653
1776103064.5284243,191.52698636054993,IO -> PLC,1.98912
1776103064.5444238,191.5429859161377,IO -> PLC,6.03328
1776103064.560424,191.5589861869812,IO -> PLC,3.79574
1776103064.5764234,191.5749855041504,IO -> PLC,1.14368
1776103064.592423,191.59098505973816,IO -> PLC,5.65868
1776103064.6084223,191.60698437690735,IO -> PLC,3.0836
1776103064.6244216,191.62298369407654,IO -> PLC,7.23594
1776103064.640422,191.63898420333862,IO -> PLC,2.26755
1776103064.6564214,191.6549835205078,IO -> PLC,2.18881
1776103064.6724207,191.670982837677,IO -> PLC,6.51956
1776103064.6884203,191.68698239326477,IO -> PLC,3.96575
1776103064.7044208,191.70298290252686,IO -> PLC,1.88597
1776103064.7204201,191.71898221969604,IO -> PLC,6.01711
1776103064.7364194,191.73498153686523,IO -> PLC,3.60467
1776103064.7524188,191.75098085403442,IO -> PLC,1.33752
1776103064.7684183,191.7669804096222,IO -> PLC,3.54561
1776103064.7844186,191.7829806804657,IO -> PLC,2.92413
1776103064.8004181,191.79898023605347,IO -> PLC,0.74091
1776103064.8164175,191.81497955322266,IO -> PLC,4.92516
1776103064.8324168,191.83097887039185,IO -> PLC,2.41248
1776103064.8484163,191.84697842597961,IO -> PLC,6.57418
1776103064.8644166,191.86297869682312,IO -> PLC,4.01222
1776103064.880416,191.8789780139923,IO -> PLC,1.7533
1776103064.8964155,191.89497756958008,IO -> PLC,4.34022
1776103064.9124148,191.91097688674927,IO -> PLC,4.12323
1776103064.9284153,191.92697739601135,IO -> PLC,1.50887
1776103064.9444146,191.94297671318054,IO -> PLC,5.72914
1776103064.960414,191.95897603034973,IO -> PLC,3.06876
1776103064.9764135,191.9749755859375,IO -> PLC,0.66665
1776103064.9924128,191.9909749031067,IO -> PLC,0.87976
1776103065.0084133,192.00697541236877,IO -> PLC,2.79065
1776103065.0244126,192.02297472953796,IO -> PLC,5.43595
1776103065.040412,192.03897404670715,IO -> PLC,4.78368
1776103065.0564113,192.05497336387634,IO -> PLC,2.53812
1776103065.0724118,192.07097387313843,IO -> PLC,7.07464
1776103065.088411,192.08697319030762,IO -> PLC,5.07502
1776103065.1044106,192.10297274589539,IO -> PLC,2.93268
1776103065.12041,192.11897206306458,IO -> PLC,0.67296
1776103065.1364093,192.13497138023376,IO -> PLC,3.10003
1776103065.1524098,192.15097188949585,IO -> PLC,2.0186
1776103065.168409,192.16697120666504,IO -> PLC,6.01966
1776103065.1844084,192.18297052383423,IO -> PLC,3.5633
1776103065.200408,192.198970079422,IO -> PLC,1.36367
1776103065.2164073,192.2149693965912,IO -> PLC,5.56041
1776103065.2324078,192.23096990585327,IO -> PLC,1.56686
1776103065.2484071,192.24696922302246,IO -> PLC,1.0774
1776103065.2644064,192.26296854019165,IO -> PLC,5.33429
1776103065.280406,192.27896809577942,IO -> PLC,3.44524
1776103065.2964063,192.29496836662292,IO -> PLC,1.53434
1776103065.3124058,192.3109679222107,IO -> PLC,5.79453
1776103065.3284051,192.32696723937988,IO -> PLC,3.53866
1776103065.3444045,192.34296655654907,IO -> PLC,1.13942
1776103065.3604038,192.35896587371826,IO -> PLC,1.99169
1776103065.3764043,192.37496638298035,IO -> PLC,2.98717
1776103065.3924036,192.39096570014954,IO -> PLC,7.41208
1776103065.4084032,192.4069652557373,IO -> PLC,5.30574
1776103065.4244025,192.4229645729065,IO -> PLC,2.77561
1776103065.440403,192.43896508216858,IO -> PLC,7.06428
1776103065.4564023,192.45496439933777,IO -> PLC,0.91006
1776103065.4724016,192.47096371650696,IO -> PLC,2.51069
1776103065.488401,192.48696303367615,IO -> PLC,6.81407
1776103065.5044005,192.50296258926392,IO -> PLC,5.00855
1776103065.520401,192.518963098526,IO -> PLC,2.64924
1776103065.5364003,192.5349624156952,IO -> PLC,6.83781
1776103065.5523996,192.55096173286438,IO -> PLC,4.62091
1776103065.568399,192.56696105003357,IO -> PLC,0.98073
1776103065.5843985,192.58296060562134,IO -> PLC,3.50604
1776103065.6003988,192.59896087646484,IO -> PLC,4.62239
1776103065.6163983,192.6149604320526,IO -> PLC,2.23956
1776103065.6323977,192.6309597492218,IO -> PLC,6.1462
1776103065.648397,192.646959066391,IO -> PLC,3.59352
1776103065.6643975,192.66295957565308,IO -> PLC,1.17484
1776103065.6803968,192.67895889282227,IO -> PLC,5.1411
1776103065.696396,192.69495820999146,IO -> PLC,2.49728
1776103065.7123957,192.71095776557922,IO -> PLC,4.85459
1776103065.728395,192.7269570827484,IO -> PLC,4.51368
1776103065.7443955,192.7429575920105,IO -> PLC,1.95476
1776103065.7603948,192.7589569091797,IO -> PLC,5.99156
1776103065.7763941,192.77495622634888,IO -> PLC,3.45729
1776103065.7923937,192.79095578193665,IO -> PLC,0.77035
1776103065.808393,192.80695509910583,IO -> PLC,1.03684
1776103065.8243935,192.82295560836792,IO -> PLC,2.63339
1776103065.8403928,192.8389549255371,IO -> PLC,5.70263
1776103065.8563921,192.8549542427063,IO -> PLC,4.08455
1776103065.8723915,192.8709535598755,IO -> PLC,1.65987
1776103065.888392,192.88695406913757,IO -> PLC,5.63228
1776103065.9043913,192.90295338630676,IO -> PLC,3.53618
1776103065.9203908,192.91895294189453,IO -> PLC,1.0815
1776103065.9363902,192.93495225906372,IO -> PLC,2.38458
1776103065.9523895,192.9509515762329,IO -> PLC,2.70195
1776103065.96839,192.966952085495,IO -> PLC,6.80957
1776103065.9843893,192.98295140266418,IO -> PLC,4.21472
1776103066.0003886,192.99895071983337,IO -> PLC,2.05013
1776103066.0163882,193.01495027542114,IO -> PLC,5.94863
1776103066.0323875,193.03094959259033,IO -> PLC,3.68675
1776103066.048388,193.04695010185242,IO -> PLC,1.15951
1776103066.0643873,193.0629494190216,IO -> PLC,3.4128
1776103066.0803866,193.0789487361908,IO -> PLC,2.73884
1776103066.0963862,193.09494829177856,IO -> PLC,0.87722
1776103066.1123865,193.11094856262207,IO -> PLC,4.92956
1776103066.128386,193.12694811820984,IO -> PLC,2.346
1776103066.1443853,193.14294743537903,IO -> PLC,6.24873
1776103066.1603847,193.15894675254822,IO -> PLC,3.74917
1776103066.176384,193.1749460697174,IO -> PLC,1.1452
1776103066.1923845,193.1909465789795,IO -> PLC,3.89508
1776103066.2083838,193.20694589614868,IO -> PLC,3.15055
1776103066.2243834,193.22294545173645,IO -> PLC,7.32873
1776103066.2403827,193.23894476890564,IO -> PLC,4.80868
1776103066.2563832,193.25494527816772,IO -> PLC,2.19648
1776103066.2723825,193.2709445953369,IO -> PLC,6.3481
1776103066.2883818,193.2869439125061,IO -> PLC,0.72944
1776103066.3043811,193.3029432296753,IO -> PLC,1.78115
1776103066.3203807,193.31894278526306,IO -> PLC,6.17935
1776103066.3363812,193.33494329452515,IO -> PLC,3.65626
1776103066.3523805,193.35094261169434,IO -> PLC,1.25502
1776103066.3683798,193.36694192886353,IO -> PLC,5.59306
1776103066.3843791,193.38294124603271,IO -> PLC,3.12013
1776103066.4003787,193.39894080162048,IO -> PLC,0.8705
1776103066.416379,193.414941072464,IO -> PLC,4.74163
1776103066.4323785,193.43094062805176,IO -> PLC,2.40992
1776103066.4483778,193.44693994522095,IO -> PLC,6.47345
1776103066.4643772,193.46293926239014,IO -> PLC,3.84476
1776103066.4803777,193.47893977165222,IO -> PLC,2.91199
1776103066.496377,193.4949390888214,IO -> PLC,1.07614
1776103066.5123763,193.5109384059906,IO -> PLC,0.75371
1776103066.5283759,193.52693796157837,IO -> PLC,5.77473
1776103066.5443752,193.54293727874756,IO -> PLC,3.54142
1776103066.5603757,193.55893778800964,IO -> PLC,0.76625
1776103066.576375,193.57493710517883,IO -> PLC,5.18003
1776103066.5923743,193.59093642234802,IO -> PLC,2.4195
1776103066.6083736,193.6069357395172,IO -> PLC,0.92966
1776103066.6243732,193.62293529510498,IO -> PLC,3.25528
1776103066.6403737,193.63893580436707,IO -> PLC,1.84104
1776103066.656373,193.65493512153625,IO -> PLC,6.04795
1776103066.6723723,193.67093443870544,IO -> PLC,3.38679
1776103066.6883717,193.68693375587463,IO -> PLC,0.91274
1776103066.7043722,193.70293426513672,IO -> PLC,5.38686
1776103066.7203715,193.7189335823059,IO -> PLC,2.83009
1776103066.736371,193.73493313789368,IO -> PLC,0.59774
1776103066.7523704,193.75093245506287,IO -> PLC,4.60183
1776103066.7683697,193.76693177223206,IO -> PLC,2.09915
1776103066.7843702,193.78293228149414,IO -> PLC,6.26221
1776103066.8003695,193.79893159866333,IO -> PLC,4.33708
1776103066.8163688,193.81493091583252,IO -> PLC,1.93687
1776103066.8323684,193.8309304714203,IO -> PLC,5.95521
1776103066.8483677,193.84692978858948,IO -> PLC,1.05337
1776103066.8643682,193.86293029785156,IO -> PLC,1.01265
1776103066.8803675,193.87892961502075,IO -> PLC,5.05234
1776103066.8963668,193.89492893218994,IO -> PLC,2.79151
1776103066.9123664,193.9109284877777,IO -> PLC,0.93309
1776103066.9283667,193.92692875862122,IO -> PLC,4.95247
1776103066.9443662,193.94292831420898,IO -> PLC,2.56772
1776103066.9603655,193.95892763137817,IO -> PLC,6.9055
1776103066.9763649,193.97492694854736,IO -> PLC,1.82855
1776103066.9923642,193.99092626571655,IO -> PLC,2.0959
1776103067.0083647,194.00692677497864,IO -> PLC,6.35721
1776103067.024364,194.02292609214783,IO -> PLC,4.2139
1776103067.0403636,194.0389256477356,IO -> PLC,1.87499
1776103067.0563629,194.05492496490479,IO -> PLC,6.31038
1776103067.0723634,194.07092547416687,IO -> PLC,3.59577
1776103067.0883627,194.08692479133606,IO -> PLC,1.0266
1776103067.104362,194.10292410850525,IO -> PLC,3.3023
1776103067.1203613,194.11892342567444,IO -> PLC,4.32945
1776103067.136361,194.1349229812622,IO -> PLC,1.70277
1776103067.1523614,194.1509234905243,IO -> PLC,5.97831
1776103067.1683607,194.16692280769348,IO -> PLC,3.48787
1776103067.18436,194.18292212486267,IO -> PLC,1.29457
1776103067.2003593,194.19892144203186,IO -> PLC,5.49034
1776103067.216359,194.21492099761963,IO -> PLC,3.27952
1776103067.2323592,194.23092126846313,IO -> PLC,0.95812
1776103067.2483587,194.2469208240509,IO -> PLC,5.15166
1776103067.264358,194.2629201412201,IO -> PLC,2.62242
1776103067.2803574,194.27891945838928,IO -> PLC,7.47743
1776103067.2963579,194.29491996765137,IO -> PLC,5.27492
1776103067.3123572,194.31091928482056,IO -> PLC,2.78768
1776103067.3283565,194.32691860198975,IO -> PLC,0.82982
1776103067.344356,194.34291815757751,IO -> PLC,3.44945
1776103067.3603554,194.3589174747467,IO -> PLC,1.98321
1776103067.376356,194.3749179840088,IO -> PLC,5.98923
1776103067.3923552,194.39091730117798,IO -> PLC,3.74783
1776103067.4083545,194.40691661834717,IO -> PLC,1.16835
1776103067.4243538,194.42291593551636,IO -> PLC,5.61286
1776103067.4403543,194.43891644477844,IO -> PLC,3.08562
1776103067.456354,194.4549160003662,IO -> PLC,0.63942
1776103067.4723532,194.4709153175354,IO -> PLC,4.44894
1776103067.4883525,194.4869146347046,IO -> PLC,2.25252
1776103067.5043519,194.50291395187378,IO -> PLC,6.37549
1776103067.5203524,194.51891446113586,IO -> PLC,3.80937
1776103067.5363517,194.53491377830505,IO -> PLC,1.32012
1776103067.5523512,194.55091333389282,IO -> PLC,5.19806
1776103067.5683506,194.566912651062,IO -> PLC,1.82717
1776103067.5843499,194.5829119682312,IO -> PLC,4.28696
1776103067.6003504,194.5989124774933,IO -> PLC,4.80625
1776103067.6163497,194.61491179466248,IO -> PLC,2.20644
1776103067.632349,194.63091111183167,IO -> PLC,6.3795
1776103067.6483486,194.64691066741943,IO -> PLC,3.78066
1776103067.664349,194.66291117668152,IO -> PLC,1.54718
1776103067.6803484,194.6789104938507,IO -> PLC,0.72626
1776103067.6963477,194.6949098110199,IO -> PLC,3.04588
1776103067.712347,194.7109091281891,IO -> PLC,0.94865
1776103067.7283463,194.72690844535828,IO -> PLC,5.23444
1776103067.7443469,194.74290895462036,IO -> PLC,2.60391
1776103067.7603464,194.75890851020813,IO -> PLC,6.78297
1776103067.7763457,194.77490782737732,IO -> PLC,4.33149
1776103067.792345,194.7909071445465,IO -> PLC,1.95402
1776103067.8083444,194.8069064617157,IO -> PLC,1.66231
1776103067.8243449,194.82290697097778,IO -> PLC,3.64375
1776103067.8403442,194.83890628814697,IO -> PLC,1.29267
1776103067.8563437,194.85490584373474,IO -> PLC,5.22717
1776103067.872343,194.87090516090393,IO -> PLC,2.71432
1776103067.8883436,194.88690567016602,IO -> PLC,6.88738
1776103067.904343,194.9029049873352,IO -> PLC,4.51582
1776103067.9203422,194.9189043045044,IO -> PLC,2.11259
1776103067.9363415,194.93490362167358,IO -> PLC,2.67812
1776103067.952341,194.95090317726135,IO -> PLC,3.46863
1776103067.9683416,194.96690368652344,IO -> PLC,1.0674
1776103067.984341,194.98290300369263,IO -> PLC,5.03172
1776103068.0003402,194.99890232086182,IO -> PLC,2.89666
1776103068.0163395,195.014901638031,IO -> PLC,6.7389
1776103068.032339,195.03090119361877,IO -> PLC,4.35007
1776103068.0483394,195.04690146446228,IO -> PLC,1.47785
1776103068.064339,195.06290102005005,IO -> PLC,3.95803
1776103068.0803382,195.07890033721924,IO -> PLC,3.27319
1776103068.0963376,195.09489965438843,IO -> PLC,1.47294
1776103068.112338,195.1109001636505,IO -> PLC,5.52007
1776103068.1283374,195.1268994808197,IO -> PLC,2.69194
1776103068.1443367,195.1428987979889,IO -> PLC,6.01696
1776103068.1603363,195.15889835357666,IO -> PLC,3.11586
1776103068.1763356,195.17489767074585,IO -> PLC,1.92827
1776103068.192336,195.19089818000793,IO -> PLC,3.58034
1776103068.2083354,195.20689749717712,IO -> PLC,7.03946
1776103068.2243347,195.2228968143463,IO -> PLC,3.92762
1776103068.240334,195.2388961315155,IO -> PLC,1.09933
1776103068.2563345,195.2548966407776,IO -> PLC,4.39882
1776103068.272334,195.27089619636536,IO -> PLC,1.54797
1776103068.2883334,195.28689551353455,IO -> PLC,0.86336
1776103068.3043327,195.30289483070374,IO -> PLC,2.60312
1776103068.320332,195.31889414787292,IO -> PLC,4.74256
1776103068.3363326,195.334894657135,IO -> PLC,3.02008
1776103068.3523319,195.3508939743042,IO -> PLC,6.41086
1776103068.3683314,195.36689352989197,IO -> PLC,3.63689
1776103068.3843307,195.38289284706116,IO -> PLC,6.93238
1776103068.40033,195.39889216423035,IO -> PLC,4.50243
1776103068.4163306,195.41489267349243,IO -> PLC,1.74389
1776103068.43233,195.43089199066162,IO -> PLC,1.94373
1776103068.4483292,195.4468913078308,IO -> PLC,2.30431
1776103068.4643288,195.46289086341858,IO -> PLC,5.84133
1776103068.480329,195.47889113426208,IO -> PLC,2.86559
1776103068.4963286,195.49489068984985,IO -> PLC,6.60031
1776103068.512328,195.51089000701904,IO -> PLC,4.01491
1776103068.5283272,195.52688932418823,IO -> PLC,4.37963
1776103068.5443265,195.54288864135742,IO -> PLC,1.64766
1776103068.560327,195.5588891506195,IO -> PLC,4.48122
1776103068.5763266,195.57488870620728,IO -> PLC,2.03078
1776103068.592326,195.59088802337646,IO -> PLC,5.96926
1776103068.6083252,195.60688734054565,IO -> PLC,3.12873
1776103068.6243246,195.62288665771484,IO -> PLC,6.68544
1776103068.640325,195.63888716697693,IO -> PLC,3.69226
1776103068.6563244,195.65488648414612,IO -> PLC,7.33281
1776103068.672324,195.6708860397339,IO -> PLC,1.24613
1776103068.6883233,195.68688535690308,IO -> PLC,1.70615
1776103068.7043238,195.70288586616516,IO -> PLC,5.30365
1776103068.720323,195.71888518333435,IO -> PLC,2.83274
1776103068.7363224,195.73488450050354,IO -> PLC,6.67922
1776103068.7523217,195.75088381767273,IO -> PLC,3.86429
1776103068.7683213,195.7668833732605,IO -> PLC,1.06559
1776103068.7843218,195.78288388252258,IO -> PLC,4.35197
1776103068.800321,195.79888319969177,IO -> PLC,1.58919
1776103068.8163204,195.81488251686096,IO -> PLC,2.16497
1776103068.8323197,195.83088183403015,IO -> PLC,1.90591
1776103068.848319,195.84688115119934,IO -> PLC,5.3539
1776103068.8643196,195.86288166046143,IO -> PLC,2.40895
1776103068.880319,195.8788812160492,IO -> PLC,5.95639
1776103068.8963184,195.89488053321838,IO -> PLC,3.23657
1776103068.9123178,195.91087985038757,IO -> PLC,6.86289
1776103068.9283183,195.92688035964966,IO -> PLC,3.81955
1776103068.9443176,195.94287967681885,IO -> PLC,0.73635
1776103068.960317,195.95887899398804,IO -> PLC,2.95069
1776103068.9763165,195.9748785495758,IO -> PLC,1.23116
1776103068.9923158,195.990877866745,IO -> PLC,4.74987
1776103069.0083163,196.00687837600708,IO -> PLC,1.89917
1776103069.0243156,196.02287769317627,IO -> PLC,5.44861
1776103069.040315,196.03887701034546,IO -> PLC,2.39389
1776103069.0563142,196.05487632751465,IO -> PLC,5.82676
1776103069.0723147,196.07087683677673,IO -> PLC,3.3508
1776103069.0883143,196.0868763923645,IO -> PLC,3.47064
1776103069.1043136,196.1028757095337,IO -> PLC,4.49891
1776103069.120313,196.11887502670288,IO -> PLC,1.57237
1776103069.1363122,196.13487434387207,IO -> PLC,5.07972
1776103069.1523128,196.15087485313416,IO -> PLC,2.12254
1776103069.168312,196.16687417030334,IO -> PLC,5.56637
1776103069.1843116,196.1828737258911,IO -> PLC,2.67575
1776103069.200311,196.1988730430603,IO -> PLC,0.64533
1776103069.2163103,196.2148723602295,IO -> PLC,2.5798
1776103069.2323108,196.23087286949158,IO -> PLC,0.97621
1776103069.24831,196.24687218666077,IO -> PLC,6.16507
1776103069.2643094,196.26287150382996,IO -> PLC,3.3675
1776103069.280309,196.27887105941772,IO -> PLC,6.98357
1776103069.2963092,196.29487133026123,IO -> PLC,4.40929
1776103069.3123088,196.310870885849,IO -> PLC,1.60242
1776103069.328308,196.3268702030182,IO -> PLC,5.00345
1776103069.3443074,196.34286952018738,IO -> PLC,1.10006
1776103069.3603067,196.35886883735657,IO -> PLC,1.57328
1776103069.3763072,196.37486934661865,IO -> PLC,2.56659
1776103069.3923068,196.39086890220642,IO -> PLC,6.26451
1776103069.4083061,196.4068682193756,IO -> PLC,3.40454
1776103069.4243054,196.4228675365448,IO -> PLC,7.06869
1776103069.4403048,196.438866853714,IO -> PLC,3.94143
1776103069.4563053,196.45486736297607,IO -> PLC,1.22785
1776103069.4723046,196.47086668014526,IO -> PLC,4.67992
1776103069.4883041,196.48686623573303,IO -> PLC,2.24396
1776103069.5043035,196.50286555290222,IO -> PLC,4.64774
1776103069.520304,196.5188660621643,IO -> PLC,3.2211
1776103069.5363033,196.5348653793335,IO -> PLC,6.59237
1776103069.5523026,196.55086469650269,IO -> PLC,3.97112
1776103069.568302,196.56686401367188,IO -> PLC,1.05258
1776103069.5843015,196.58286356925964,IO -> PLC,4.69529
1776103069.6003017,196.59886384010315,IO -> PLC,2.10157
1776103069.6163013,196.61486339569092,IO -> PLC,1.9994
1776103069.6323006,196.6308627128601,IO -> PLC,2.83087
1776103069.6483,196.6468620300293,IO -> PLC,6.39062
1776103069.6643004,196.66286253929138,IO -> PLC,3.58176
1776103069.6802998,196.67886185646057,IO -> PLC,7.18656
1776103069.6962993,196.69486141204834,IO -> PLC,4.45234
1776103069.7122986,196.71086072921753,IO -> PLC,1.59237
1776103069.728298,196.72686004638672,IO -> PLC,5.20132
1776103069.7442985,196.7428605556488,IO -> PLC,0.95184
1776103069.7602978,196.758859872818,IO -> PLC,3.66355
1776103069.776297,196.77485918998718,IO -> PLC,2.94679
1776103069.7922966,196.79085874557495,IO -> PLC,6.70703
1776103069.808296,196.80685806274414,IO -> PLC,3.67513
1776103069.8242965,196.82285857200623,IO -> PLC,0.96963
1776103069.8402958,196.83885788917542,IO -> PLC,4.30922
1776103069.856295,196.8548572063446,IO -> PLC,1.95207
1776103069.8722944,196.8708565235138,IO -> PLC,0.73368
1776103069.888295,196.88685703277588,IO -> PLC,2.67232
1776103069.9042945,196.90285658836365,IO -> PLC,4.63143
1776103069.9202938,196.91885590553284,IO -> PLC,3.67491
1776103069.9362931,196.93485522270203,IO -> PLC,0.83236
1776103069.9522924,196.95085453987122,IO -> PLC,4.31636
1776103069.968293,196.9668550491333,IO -> PLC,1.39597
1776103069.9842923,196.9828543663025,IO -> PLC,4.90941
1776103070.0002918,196.99885392189026,IO -> PLC,2.27671
1776103070.0162911,197.01485323905945,IO -> PLC,1.76596
1776103070.0322905,197.03085255622864,IO -> PLC,2.8044
1776103070.048291,197.04685306549072,IO -> PLC,6.20943
1776103070.0642903,197.0628523826599,IO -> PLC,3.28697
1776103070.0802896,197.0788516998291,IO -> PLC,6.69111
1776103070.0962892,197.09485125541687,IO -> PLC,4.73318
1776103070.1122894,197.11085152626038,IO -> PLC,1.71847
1776103070.128289,197.12685108184814,IO -> PLC,5.12254
1776103070.1442883,197.14285039901733,IO -> PLC,1.25603
1776103070.1602876,197.15884971618652,IO -> PLC,4.00471
1776103070.176287,197.1748490333557,IO -> PLC,2.49126
1776103070.1922874,197.1908495426178,IO -> PLC,6.41248
1776103070.208287,197.20684909820557,IO -> PLC,3.37817
1776103070.2242863,197.22284841537476,IO -> PLC,7.25634
1776103070.2402856,197.23884773254395,IO -> PLC,4.21602
1776103070.256285,197.25484704971313,IO -> PLC,1.39813
1776103070.2722855,197.27084755897522,IO -> PLC,0.63961
1776103070.2882848,197.2868468761444,IO -> PLC,2.65097
1776103070.3042843,197.30284643173218,IO -> PLC,4.50257
1776103070.3202837,197.31884574890137,IO -> PLC,3.20514
1776103070.3362842,197.33484625816345,IO -> PLC,6.65201
1776103070.3522835,197.35084557533264,IO -> PLC,3.83619
1776103070.3682828,197.36684489250183,IO -> PLC,1.05086
1776103070.384282,197.38284420967102,IO -> PLC,4.40779
1776103070.4002817,197.3988437652588,IO -> PLC,1.96248
1776103070.416282,197.4148440361023,IO -> PLC,1.64325
1776103070.4322815,197.43084359169006,IO -> PLC,2.47688
1776103070.4482808,197.44684290885925,IO -> PLC,5.83806
1776103070.4642801,197.46284222602844,IO -> PLC,3.01161
1776103070.4802806,197.47884273529053,IO -> PLC,6.426
1776103070.49628,197.49484205245972,IO -> PLC,3.69906
1776103070.5122795,197.51084160804749,IO -> PLC,6.8512
1776103070.5282788,197.52684092521667,IO -> PLC,2.78084
1776103070.5442781,197.54284024238586,IO -> PLC,3.10557
1776103070.5602787,197.55884075164795,IO -> PLC,1.0073
1776103070.576278,197.57484006881714,IO -> PLC,4.53738
1776103070.5922773,197.59083938598633,IO -> PLC,1.34674
1776103070.6082768,197.6068389415741,IO -> PLC,5.30564
1776103070.6242762,197.6228382587433,IO -> PLC,2.11172
1776103070.6402767,197.63883876800537,IO -> PLC,5.37762
1776103070.656276,197.65483808517456,IO -> PLC,1.50295
1776103070.6722753,197.67083740234375,IO -> PLC,3.66368
1776103070.6882746,197.68683671951294,IO -> PLC,3.02684
1776103070.7042751,197.70283722877502,IO -> PLC,6.83125
1776103070.7202744,197.7188365459442,IO -> PLC,4.17496
1776103070.736274,197.73483610153198,IO -> PLC,1.56067
1776103070.7522733,197.75083541870117,IO -> PLC,4.81625
1776103070.7682726,197.76683473587036,IO -> PLC,2.03315
1776103070.7842731,197.78283524513245,IO -> PLC,5.70852
1776103070.8002725,197.79883456230164,IO -> PLC,2.18706
1776103070.816272,197.8148341178894,IO -> PLC,4.0713
1776103070.8322713,197.8308334350586,IO -> PLC,4.00881
1776103070.8482707,197.84683275222778,IO -> PLC,1.08139
1776103070.8642712,197.86283326148987,IO -> PLC,4.59289
1776103070.8802705,197.87883257865906,IO -> PLC,1.71252
1776103070.8962698,197.89483189582825,IO -> PLC,5.53124
1776103070.9122694,197.91083145141602,IO -> PLC,2.68038
1776103070.9282696,197.92683172225952,IO -> PLC,6.31271
1776103070.9442692,197.9428312778473,IO -> PLC,2.5426
1776103070.9602685,197.95883059501648,IO -> PLC,5.64346
1776103070.9762678,197.97482991218567,IO -> PLC,3.96297
1776103070.9922671,197.99082922935486,IO -> PLC,0.90538
1776103071.0082676,198.00682973861694,IO -> PLC,5.0662
1776103071.0242672,198.0228292942047,IO -> PLC,1.91829
1776103071.0402665,198.0388286113739,IO -> PLC,6.0627
1776103071.0562658,198.0548279285431,IO -> PLC,1.98339
1776103071.0722651,198.07082724571228,IO -> PLC,3.95147
1776103071.0882657,198.08682775497437,IO -> PLC,3.80634
1776103071.104265,198.10282707214355,IO -> PLC,1.39885
1776103071.1202645,198.11882662773132,IO -> PLC,4.92061
1776103071.1362638,198.1348259449005,IO -> PLC,2.082
1776103071.1522644,198.1508264541626,IO -> PLC,5.5599
1776103071.1682637,198.1668257713318,IO -> PLC,2.82177
1776103071.184263,198.18282508850098,IO -> PLC,1.00832
1776103071.2002623,198.19882440567017,IO -> PLC,2.85279
1776103071.2162619,198.21482396125793,IO -> PLC,0.87229
1776103071.2322621,198.23082423210144,IO -> PLC,4.69814
1776103071.2482617,198.2468237876892,IO -> PLC,1.74295
1776103071.264261,198.2628231048584,IO -> PLC,5.00166
1776103071.2802603,198.2788224220276,IO -> PLC,2.32312
1776103071.2962608,198.29482293128967,IO -> PLC,5.938
1776103071.3122602,198.31082224845886,IO -> PLC,3.13938
1776103071.3282597,198.32682180404663,IO -> PLC,1.4745
1776103071.344259,198.34282112121582,IO -> PLC,3.4877
1776103071.3602583,198.358820438385,IO -> PLC,6.07573
1776103071.3762589,198.3748209476471,IO -> PLC,3.90379
1776103071.3922582,198.39082026481628,IO -> PLC,0.77235
1776103071.4082575,198.40681958198547,IO -> PLC,4.83077
1776103071.424257,198.42281913757324,IO -> PLC,1.65733
1776103071.4402564,198.43881845474243,IO -> PLC,4.97236
1776103071.4562569,198.45481896400452,IO -> PLC,2.08485
1776103071.4722562,198.4708182811737,IO -> PLC,2.56207
1776103071.4882555,198.4868175983429,IO -> PLC,2.77918
1776103071.5042548,198.50281691551208,IO -> PLC,6.52439
1776103071.5202553,198.51881742477417,IO -> PLC,3.58144
1776103071.5362546,198.53481674194336,IO -> PLC,7.00879
1776103071.5522542,198.55081629753113,IO -> PLC,4.05057
1776103071.5682535,198.56681561470032,IO -> PLC,1.17923
1776103071.5842528,198.5828149318695,IO -> PLC,4.56186
1776103071.6002533,198.5988154411316,IO -> PLC,1.48082
1776103071.6162527,198.61481475830078,IO -> PLC,3.38563
1776103071.6322522,198.63081431388855,IO -> PLC,2.47917
1776103071.6482515,198.64681363105774,IO -> PLC,5.84556
1776103071.6642518,198.66281390190125,IO -> PLC,3.01526
1776103071.6802514,198.678813457489,IO -> PLC,6.47349
1776103071.6962507,198.6948127746582,IO -> PLC,3.5919
1776103071.71225,198.7108120918274,IO -> PLC,0.86714
1776103071.7282495,198.72681164741516,IO -> PLC,4.69914
1776103071.7442498,198.74281191825867,IO -> PLC,2.01525
1776103071.7602494,198.75881147384644,IO -> PLC,4.70353
1776103071.7762487,198.77481079101562,IO -> PLC,2.33005
1776103071.792248,198.79081010818481,IO -> PLC,6.09749
1776103071.8082473,198.806809425354,IO -> PLC,3.06438
1776103071.8242478,198.8228099346161,IO -> PLC,6.61998
1776103071.8402472,198.83880925178528,IO -> PLC,3.39134
1776103071.8562467,198.85480880737305,IO -> PLC,7.06166
1776103071.872246,198.87080812454224,IO -> PLC,0.92385
1776103071.8882465,198.88680863380432,IO -> PLC,1.22794
1776103071.9042459,198.9028079509735,IO -> PLC,4.84385
1776103071.9202452,198.9188072681427,IO -> PLC,2.24812
1776103071.9362447,198.93480682373047,IO -> PLC,5.49026
1776103071.952244,198.95080614089966,IO -> PLC,2.81461
1776103071.9682443,198.96680641174316,IO -> PLC,6.16652
1776103071.9842439,198.98280596733093,IO -> PLC,3.44374
1776103072.0002432,198.99880528450012,IO -> PLC,1.02203
1776103072.0162425,199.0148046016693,IO -> PLC,3.17683
1776103072.032242,199.03080415725708,IO -> PLC,1.71348
1776103072.0482423,199.0468044281006,IO -> PLC,5.44939
1776103072.064242,199.06280398368835,IO -> PLC,4.3147
1776103072.0802412,199.07880330085754,IO -> PLC,1.64408
1776103072.0962405,199.09480261802673,IO -> PLC,5.50609
1776103072.112241,199.11080312728882,IO -> PLC,2.60915
1776103072.1282403,199.126802444458,IO -> PLC,6.04394
1776103072.1442397,199.1428017616272,IO -> PLC,1.30996
1776103072.1602392,199.15880131721497,IO -> PLC,3.8199
1776103072.1762385,199.17480063438416,IO -> PLC,3.75765
1776103072.192239,199.19080114364624,IO -> PLC,0.71126
1776103072.2082384,199.20680046081543,IO -> PLC,4.57807
1776103072.2242377,199.22279977798462,IO -> PLC,1.63008
1776103072.2402372,199.2387993335724,IO -> PLC,4.99303
1776103072.2562366,199.25479865074158,IO -> PLC,2.28457
1776103072.2722368,199.27079892158508,IO -> PLC,0.70266
1776103072.2882364,199.28679847717285,IO -> PLC,2.67825
1776103072.3042357,199.30279779434204,IO -> PLC,1.17194
1776103072.320235,199.31879711151123,IO -> PLC,4.68761
1776103072.3362355,199.33479762077332,IO -> PLC,1.93412
1776103072.3522348,199.3507969379425,IO -> PLC,5.48243
1776103072.3682344,199.36679649353027,IO -> PLC,2.68181
1776103072.3842337,199.38279581069946,IO -> PLC,6.18525
1776103072.400233,199.39879512786865,IO -> PLC,3.69176
1776103072.4162335,199.41479563713074,IO -> PLC,0.96283
1776103072.4322329,199.43079495429993,IO -> PLC,3.38813
1776103072.4482324,199.4467945098877,IO -> PLC,1.72501
1776103072.4642317,199.46279382705688,IO -> PLC,5.39532
1776103072.480232,199.4787940979004,IO -> PLC,2.64175
1776103072.4962316,199.49479365348816,IO -> PLC,6.64792
1776103072.5122309,199.51079297065735,IO -> PLC,3.7849
1776103072.5282302,199.52679228782654,IO -> PLC,1.01405
1776103072.5442297,199.5427918434143,IO -> PLC,1.26277
1776103072.56023,199.5587921142578,IO -> PLC,5.08166
1776103072.5762296,199.57479166984558,IO -> PLC,2.09367
1776103072.592229,199.59079098701477,IO -> PLC,6.24113
1776103072.6082282,199.60679030418396,IO -> PLC,3.29098
1776103072.6242275,199.62278962135315,IO -> PLC,7.00947
1776103072.640228,199.63879013061523,IO -> PLC,4.06036
1776103072.6562274,199.65478944778442,IO -> PLC,1.31823
1776103072.672227,199.6707890033722,IO -> PLC,2.24818
1776103072.6882262,199.68678832054138,IO -> PLC,2.3229
1776103072.7042267,199.70278882980347,IO -> PLC,5.91441
1776103072.720226,199.71878814697266,IO -> PLC,3.38525
1776103072.7362254,199.73478746414185,IO -> PLC,0.82713
1776103072.752225,199.75078701972961,IO -> PLC,4.26079
1776103072.7682242,199.7667863368988,IO -> PLC,1.51874
1776103072.7842245,199.7827866077423,IO -> PLC,5.05281
1776103072.800224,199.79878616333008,IO -> PLC,0.77053
1776103072.8162234,199.81478548049927,IO -> PLC,2.7378
1776103072.8322227,199.83078479766846,IO -> PLC,3.31846
1776103072.8482223,199.84678435325623,IO -> PLC,6.82165
1776103072.8642225,199.86278462409973,IO -> PLC,4.21057
1776103072.880222,199.8787841796875,IO -> PLC,1.47979
1776103072.8962214,199.8947834968567,IO -> PLC,5.39276
1776103072.9122207,199.91078281402588,IO -> PLC,2.72304
1776103072.9282212,199.92678332328796,IO -> PLC,6.2551
1776103072.9442205,199.94278264045715,IO -> PLC,1.78129
1776103072.9602199,199.95878195762634,IO -> PLC,4.18691
1776103072.9762194,199.9747815132141,IO -> PLC,4.60692
1776103072.9922187,199.9907808303833,IO -> PLC,1.65461
1776103073.0082192,200.00678133964539,IO -> PLC,5.8176
1776103073.0242186,200.02278065681458,IO -> PLC,3.09658
1776103073.0402179,200.03877997398376,IO -> PLC,6.93283
1776103073.0562174,200.05477952957153,IO -> PLC,3.9182
1776103073.0722167,200.07077884674072,IO -> PLC,0.97534
1776103073.088217,200.08677911758423,IO -> PLC,2.85461
1776103073.1042166,200.102778673172,IO -> PLC,2.59668
1776103073.120216,200.1187779903412,IO -> PLC,5.81842
1776103073.1362152,200.13477730751038,IO -> PLC,3.13252
1776103073.1522157,200.15077781677246,IO -> PLC,6.55299
1776103073.168215,200.16677713394165,IO -> PLC,3.77789
1776103073.1842146,200.18277668952942,IO -> PLC,0.84824
1776103073.200214,200.1987760066986,IO -> PLC,4.74376
1776103073.2162132,200.2147753238678,IO -> PLC,2.08139
1776103073.2322137,200.23077583312988,IO -> PLC,4.30892
1776103073.248213,200.24677515029907,IO -> PLC,3.13022
1776103073.2642126,200.26277470588684,IO -> PLC,6.69101
1776103073.280212,200.27877402305603,IO -> PLC,3.85552
1776103073.2962122,200.29477429389954,IO -> PLC,1.15219
1776103073.3122118,200.3107738494873,IO -> PLC,4.74866
1776103073.328211,200.3267731666565,IO -> PLC,1.82124
1776103073.3442104,200.34277248382568,IO -> PLC,1.01143
1776103073.36021,200.35877203941345,IO -> PLC,2.20124
1776103073.3762102,200.37477231025696,IO -> PLC,5.1488
1776103073.3922095,200.39077162742615,IO -> PLC,2.79973
1776103073.408209,200.40677118301392,IO -> PLC,7.15183
1776103073.4242084,200.4227705001831,IO -> PLC,3.954
1776103073.4402077,200.4387698173523,IO -> PLC,1.28451
1776103073.4562082,200.45477032661438,IO -> PLC,4.58921
1776103073.4722075,200.47076964378357,IO -> PLC,1.92877
1776103073.488207,200.48676919937134,IO -> PLC,2.23525
1776103073.5042064,200.50276851654053,IO -> PLC,2.83535
1776103073.5202067,200.51876878738403,IO -> PLC,6.15341
1776103073.5362062,200.5347683429718,IO -> PLC,3.4604
1776103073.5522056,200.550767660141,IO -> PLC,6.99238
1776103073.568205,200.56676721572876,IO -> PLC,4.20097
1776103073.5842044,200.58276653289795,IO -> PLC,1.41259
1776103073.6002047,200.59876680374146,IO -> PLC,5.10852
1776103073.6162043,200.61476635932922,IO -> PLC,1.20712
1776103073.6322036,200.6307656764984,IO -> PLC,3.14185
1776103073.648203,200.6467649936676,IO -> PLC,3.03936
1776103073.6642034,200.6627655029297,IO -> PLC,6.49046
1776103073.6802027,200.67876482009888,IO -> PLC,3.72977
1776103073.6962023,200.69476437568665,IO -> PLC,1.12876
1776103073.7122016,200.71076369285583,IO -> PLC,4.88293
1776103073.728201,200.72676301002502,IO -> PLC,2.03126
1776103073.7442014,200.7427635192871,IO -> PLC,5.58286
1776103073.7602007,200.7587628364563,IO -> PLC,1.95276
1776103073.7762,200.7747621536255,IO -> PLC,5.21754
1776103073.7921996,200.79076170921326,IO -> PLC,3.23496
1776103073.808199,200.80676102638245,IO -> PLC,0.78164
1776103073.8241992,200.82276129722595,IO -> PLC,4.57165
1776103073.8401988,200.83876085281372,IO -> PLC,1.73927
1776103073.856198,200.8547601699829,IO -> PLC,5.18958
1776103073.8721976,200.87075972557068,IO -> PLC,2.42672
1776103073.888198,200.88675999641418,IO -> PLC,2.49648
1776103073.9041972,200.90275931358337,IO -> PLC,3.54827
1776103073.9201968,200.91875886917114,IO -> PLC,6.70457
1776103073.936196,200.93475818634033,IO -> PLC,4.39853
1776103073.9521954,200.95075750350952,IO -> PLC,1.52
1776103073.968196,200.9667580127716,IO -> PLC,5.0439
1776103073.9841952,200.9827573299408,IO -> PLC,2.29041
1776103074.0001948,200.99875688552856,IO -> PLC,5.9781
1776103074.016194,201.01475620269775,IO -> PLC,1.4438
1776103074.0321934,201.03075551986694,IO -> PLC,3.491
1776103074.048194,201.04675602912903,IO -> PLC,3.75316
1776103074.0641932,201.06275534629822,IO -> PLC,7.17051
1776103074.0801926,201.0787546634674,IO -> PLC,4.49478
1776103074.0961921,201.09475421905518,IO -> PLC,2.15507
1776103074.1121924,201.11075448989868,IO -> PLC,5.71161
1776103074.128192,201.12675404548645,IO -> PLC,2.949
1776103074.1441913,201.14275336265564,IO -> PLC,0.62968
1776103074.1601906,201.15875267982483,IO -> PLC,0.87881
1776103074.1761901,201.1747522354126,IO -> PLC,2.91562
1776103074.1921904,201.1907525062561,IO -> PLC,4.40143
1776103074.2081897,201.2067518234253,IO -> PLC,1.43713
1776103074.2241893,201.22275137901306,IO -> PLC,4.9076
1776103074.2401886,201.23875069618225,IO -> PLC,2.0897
1776103074.256188,201.25475001335144,IO -> PLC,5.66265
1776103074.2721884,201.27075052261353,IO -> PLC,2.87652
1776103074.2881877,201.28674983978271,IO -> PLC,1.43372
1776103074.3041873,201.30274939537048,IO -> PLC,3.33764
1776103074.3201866,201.31874871253967,IO -> PLC,1.45746
1776103074.336187,201.33474898338318,IO -> PLC,4.76417
1776103074.3521864,201.35074853897095,IO -> PLC,1.99436
1776103074.3681858,201.36674785614014,IO -> PLC,5.34098
1776103074.384185,201.38274717330933,IO -> PLC,2.69189
1776103074.4001846,201.3987467288971,IO -> PLC,6.30068
1776103074.416185,201.4147469997406,IO -> PLC,3.81664
1776103074.4321845,201.43074655532837,IO -> PLC,2.42825
1776103074.4481838,201.44674587249756,IO -> PLC,4.37185
1776103074.464183,201.46274518966675,IO -> PLC,1.42994
1776103074.4801836,201.47874569892883,IO -> PLC,5.04898
1776103074.496183,201.49474501609802,IO -> PLC,2.25244
1776103074.5121822,201.5107443332672,IO -> PLC,5.96773
1776103074.5281818,201.52674388885498,IO -> PLC,5.9986
1776103074.544181,201.54274320602417,IO -> PLC,2.13721
1776103074.5601816,201.55874371528625,IO -> PLC,4.61444
1776103074.576181,201.57474303245544,IO -> PLC,3.81383
1776103074.5921803,201.59074234962463,IO -> PLC,0.80001
1776103074.6081798,201.6067419052124,IO -> PLC,4.69257
1776103074.6241791,201.6227412223816,IO -> PLC,1.80092
1776103074.6401794,201.6387414932251,IO -> PLC,5.09113
1776103074.656179,201.65474104881287,IO -> PLC,1.0303
1776103074.6721783,201.67074036598206,IO -> PLC,3.16959
1776103074.6881776,201.68673968315125,IO -> PLC,3.09166
1776103074.704178,201.70274019241333,IO -> PLC,6.61957
1776103074.7201774,201.71873950958252,IO -> PLC,3.73399
1776103074.736177,201.7347390651703,IO -> PLC,1.12282
1776103074.7521763,201.75073838233948,IO -> PLC,4.75417
1776103074.7681756,201.76673769950867,IO -> PLC,1.78372
1776103074.784176,201.78273820877075,IO -> PLC,5.2553
1776103074.8001754,201.79873752593994,IO -> PLC,2.01731
1776103074.8161747,201.81473684310913,IO -> PLC,1.62512
1776103074.8321743,201.8307363986969,IO -> PLC,5.05383
1776103074.8481736,201.8467357158661,IO -> PLC,2.06809
1776103074.8641741,201.86273622512817,IO -> PLC,5.95225
1776103074.8801734,201.87873554229736,IO -> PLC,3.05027
1776103074.8961728,201.89473485946655,IO -> PLC,6.90691
1776103074.9121723,201.91073441505432,IO -> PLC,4.05198
1776103074.9281726,201.92673468589783,IO -> PLC,0.78966
1776103074.944172,201.94273400306702,IO -> PLC,2.65462
1776103074.9601715,201.95873355865479,IO -> PLC,1.69216
1776103074.9761708,201.97473287582397,IO -> PLC,5.22511
1776103074.9921703,201.99073243141174,IO -> PLC,2.26369
1776103075.0081706,202.00673270225525,IO -> PLC,6.02401
1776103075.02417,202.02273201942444,IO -> PLC,2.92122
1776103075.0401695,202.0387315750122,IO -> PLC,6.86403
1776103075.0561688,202.0547308921814,IO -> PLC,3.86269
1776103075.072168,202.0707302093506,IO -> PLC,0.97911
1776103075.0881686,202.08673071861267,IO -> PLC,4.26549
1776103075.104168,202.10273003578186,IO -> PLC,1.97353
1776103075.1201673,202.11872935295105,IO -> PLC,5.47417
1776103075.1361668,202.13472890853882,IO -> PLC,2.47378
1776103075.152167,202.15072917938232,IO -> PLC,6.13978
1776103075.1681666,202.1667287349701,IO -> PLC,3.11003
1776103075.184166,202.18272805213928,IO -> PLC,6.55282
1776103075.2001653,202.19872736930847,IO -> PLC,0.89104
1776103075.2161648,202.21472692489624,IO -> PLC,1.33136
1776103075.232165,202.23072719573975,IO -> PLC,4.73775
1776103075.2481644,202.24672651290894,IO -> PLC,1.97993
1776103075.264164,202.2627260684967,IO -> PLC,5.32056
1776103075.2801633,202.2787253856659,IO -> PLC,2.93676
1776103075.2961638,202.29472589492798,IO -> PLC,6.67964
1776103075.312163,202.31072521209717,IO -> PLC,4.02655
1776103075.3281624,202.32672452926636,IO -> PLC,1.02929
1776103075.344162,202.34272408485413,IO -> PLC,1.09304
1776103075.3601613,202.35872340202332,IO -> PLC,1.90203
1776103075.3761616,202.37472367286682,IO -> PLC,5.4249
1776103075.3921611,202.3907232284546,IO -> PLC,2.38979
1776103075.4081604,202.40672254562378,IO -> PLC,6.36101
1776103075.42416,202.42272210121155,IO -> PLC,3.25637
1776103075.4401593,202.43872141838074,IO -> PLC,6.99222
1776103075.4561596,202.45472168922424,IO -> PLC,3.87318
1776103075.4721591,202.470721244812,IO -> PLC,0.99785
1776103075.4881585,202.4867205619812,IO -> PLC,2.99592
1776103075.5041578,202.5027198791504,IO -> PLC,2.22364
1776103075.5201583,202.51872038841248,IO -> PLC,5.59274
1776103075.5361576,202.53471970558167,IO -> PLC,2.85357
1776103075.552157,202.55071902275085,IO -> PLC,6.16876
1776103075.5681565,202.56671857833862,IO -> PLC,3.41318
1776103075.5841558,202.5827178955078,IO -> PLC,6.84589
1776103075.6001563,202.5987184047699,IO -> PLC,4.36896
1776103075.6161556,202.6147177219391,IO -> PLC,1.39818
1776103075.632155,202.63071703910828,IO -> PLC,4.51871
1776103075.6481545,202.64671659469604,IO -> PLC,2.09476
1776103075.6641538,202.66271591186523,IO -> PLC,5.60842
1776103075.680154,202.67871618270874,IO -> PLC,2.64084
1776103075.6961536,202.6947157382965,IO -> PLC,6.61622
1776103075.712153,202.7107150554657,IO -> PLC,3.65287
1776103075.7281525,202.72671461105347,IO -> PLC,7.24231
1776103075.7441528,202.74271488189697,IO -> PLC,1.19658
1776103075.760152,202.75871419906616,IO -> PLC,1.3185
1776103075.7761517,202.77471375465393,IO -> PLC,5.01145
1776103075.792151,202.79071307182312,IO -> PLC,1.92291
1776103075.8081503,202.8067123889923,IO -> PLC,6.17181
1776103075.8241508,202.8227128982544,IO -> PLC,2.9555
1776103075.84015,202.83871221542358,IO -> PLC,6.57245
1776103075.8561497,202.85471177101135,IO -> PLC,3.75336
1776103075.872149,202.87071108818054,IO -> PLC,1.04907
1776103075.8881493,202.88671135902405,IO -> PLC,2.57
1776103075.9041488,202.90271091461182,IO -> PLC,3.30523
1776103075.9201481,202.918710231781,IO -> PLC,6.71961
1776103075.9361475,202.9347095489502,IO -> PLC,3.91996
1776103075.952147,202.95070910453796,IO -> PLC,1.04758
1776103075.9681473,202.96670937538147,IO -> PLC,4.45165
1776103075.9841468,202.98270893096924,IO -> PLC,1.55582
1776103076.0001462,202.99870824813843,IO -> PLC,5.22006
1776103076.0161455,203.01470756530762,IO -> PLC,1.5838
1776103076.032145,203.03070712089539,IO -> PLC,3.29916
1776103076.0481453,203.0467073917389,IO -> PLC,2.85377
1776103076.0641446,203.06270670890808,IO -> PLC,6.15535
1776103076.0801442,203.07870626449585,IO -> PLC,3.39586
1776103076.0961435,203.09470558166504,IO -> PLC,1.0683
1776103076.1121438,203.11070585250854,IO -> PLC,4.64126
1776103076.1281433,203.1267054080963,IO -> PLC,1.61518
1776103076.1441426,203.1427047252655,IO -> PLC,5.11446
1776103076.1601422,203.15870428085327,IO -> PLC,2.05086
1776103076.1761415,203.17470359802246,IO -> PLC,4.38289
1776103076.1921418,203.19070386886597,IO -> PLC,2.72601
1776103076.2081413,203.20670342445374,IO -> PLC,6.71577
1776103076.2241406,203.22270274162292,IO -> PLC,3.60067
1776103076.24014,203.23870205879211,IO -> PLC,0.91885
1776103076.2561395,203.25470161437988,IO -> PLC,4.329
1776103076.2721398,203.2707018852234,IO -> PLC,1.57238
1776103076.2881393,203.28670144081116,IO -> PLC,0.95835
1776103076.3041387,203.30270075798035,IO -> PLC,2.78826
1776103076.320138,203.31870007514954,IO -> PLC,4.81491
1776103076.3361385,203.33470058441162,IO -> PLC,3.29938
1776103076.3521378,203.3506999015808,IO -> PLC,6.88578
1776103076.3681371,203.36669921875,IO -> PLC,4.10357
1776103076.3841367,203.38269877433777,IO -> PLC,1.24263
1776103076.400136,203.39869809150696,IO -> PLC,5.07775
1776103076.4161365,203.41469860076904,IO -> PLC,2.39602
1776103076.4321358,203.43069791793823,IO -> PLC,1.40789
1776103076.4481351,203.44669723510742,IO -> PLC,2.98715
1776103076.4641347,203.4626967906952,IO -> PLC,5.91392
1776103076.480134,203.47869610786438,IO -> PLC,3.79636
1776103076.4961343,203.49469637870789,IO -> PLC,1.11752
1776103076.5121338,203.51069593429565,IO -> PLC,4.76328
1776103076.5281332,203.52669525146484,IO -> PLC,5.16472
1776103076.5441325,203.54269456863403,IO -> PLC,1.92593
1776103076.560133,203.55869507789612,IO -> PLC,2.27529
1776103076.5761323,203.5746943950653,IO -> PLC,3.0526
1776103076.5921319,203.59069395065308,IO -> PLC,6.92973
1776103076.6081312,203.60669326782227,IO -> PLC,4.04311
1776103076.6241305,203.62269258499146,IO -> PLC,1.18809
1776103076.640131,203.63869309425354,IO -> PLC,4.6404
1776103076.6561303,203.65469241142273,IO -> PLC,1.82026
1776103076.6721296,203.67069172859192,IO -> PLC,1.95154
1776103076.6881292,203.6866912841797,IO -> PLC,2.65829
1776103076.7041295,203.7026915550232,IO -> PLC,5.90986
1776103076.720129,203.71869111061096,IO -> PLC,3.57999
1776103076.7361283,203.73469042778015,IO -> PLC,0.85537
1776103076.7521276,203.75068974494934,IO -> PLC,4.65154
1776103076.7681272,203.7666893005371,IO -> PLC,1.64611
1776103076.7841275,203.78268957138062,IO -> PLC,5.30419
1776103076.8001268,203.7986888885498,IO -> PLC,2.64797
1776103076.8161263,203.81468844413757,IO -> PLC,2.61133
1776103076.8321257,203.83068776130676,IO -> PLC,3.19695
1776103076.848125,203.84668707847595,IO -> PLC,6.67893
1776103076.8641255,203.86268758773804,IO -> PLC,3.69503
1776103076.8801248,203.87868690490723,IO -> PLC,0.84617
1776103076.8961244,203.894686460495,IO -> PLC,4.46225
1776103076.9121237,203.91068577766418,IO -> PLC,1.85612
1776103076.928124,203.9266860485077,IO -> PLC,5.21115
1776103076.9441235,203.94268560409546,IO -> PLC,0.79557
1776103076.9601228,203.95868492126465,IO -> PLC,2.86734
1776103076.9761221,203.97468423843384,IO -> PLC,2.43324
1776103076.9921217,203.9906837940216,IO -> PLC,6.37788
1776103077.008122,204.0066840648651,IO -> PLC,3.17173
1776103077.0241215,204.02268362045288,IO -> PLC,6.8062
1776103077.0401208,204.03868293762207,IO -> PLC,4.02087
1776103077.0561202,204.05468225479126,IO -> PLC,1.39042
1776103077.0721197,204.07068181037903,IO -> PLC,4.70728
1776103077.08812,204.08668208122253,IO -> PLC,2.03371
1776103077.1041193,204.10268139839172,IO -> PLC,4.15876
1776103077.1201189,204.1186809539795,IO -> PLC,3.00589
1776103077.1361182,204.13468027114868,IO -> PLC,6.49269
1776103077.1521187,204.15068078041077,IO -> PLC,3.67775
1776103077.168118,204.16668009757996,IO -> PLC,0.82385
1776103077.1841173,204.18267941474915,IO -> PLC,4.28536
1776103077.2001169,204.1986789703369,IO -> PLC,1.66707
1776103077.2161162,204.2146782875061,IO -> PLC,1.44401
1776103077.2321165,204.2306785583496,IO -> PLC,2.36564
1776103077.248116,204.24667811393738,IO -> PLC,5.68467
1776103077.2641153,204.26267743110657,IO -> PLC,2.82668
1776103077.280115,204.27867698669434,IO -> PLC,6.95271
1776103077.2961142,204.29467630386353,IO -> PLC,4.30986
1776103077.3121145,204.31067657470703,IO -> PLC,1.37195
1776103077.328114,204.3266761302948,IO -> PLC,4.96347
1776103077.3441133,204.342675447464,IO -> PLC,1.75723
1776103077.3601127,204.35867476463318,IO -> PLC,2.16285
1776103077.3761132,204.37467527389526,IO -> PLC,2.20395
1776103077.3921125,204.39067459106445,IO -> PLC,5.94172
1776103077.408112,204.40667414665222,IO -> PLC,2.80636
1776103077.4241114,204.4226734638214,IO -> PLC,6.71822
1776103077.4401107,204.4386727809906,IO -> PLC,3.61855
1776103077.4561112,204.45467329025269,IO -> PLC,0.75969
1776103077.4721105,204.47067260742188,IO -> PLC,4.18528
1776103077.4881098,204.48667192459106,IO -> PLC,1.62835
1776103077.5041094,204.50267148017883,IO -> PLC,4.77337
1776103077.5201097,204.51867175102234,IO -> PLC,2.31996
1776103077.536109,204.53467106819153,IO -> PLC,5.91532
1776103077.5521085,204.5506706237793,IO -> PLC,3.12382
1776103077.5681078,204.5666699409485,IO -> PLC,6.64365
1776103077.5841074,204.58266949653625,IO -> PLC,3.96904
1776103077.6001077,204.59866976737976,IO -> PLC,1.71413
1776103077.616107,204.61466908454895,IO -> PLC,1.30995
1776103077.6321065,204.63066864013672,IO -> PLC,3.35515
1776103077.6481059,204.6466679573059,IO -> PLC,1.46378
1776103077.6641052,204.6626672744751,IO -> PLC,5.02024
1776103077.6801057,204.67866778373718,IO -> PLC,2.36604
1776103077.696105,204.69466710090637,IO -> PLC,6.04355
1776103077.7121046,204.71066665649414,IO -> PLC,3.31462
1776103077.7281039,204.72666597366333,IO -> PLC,7.15087
1776103077.7441041,204.74266624450684,IO -> PLC,4.26521
1776103077.7601037,204.7586658000946,IO -> PLC,1.34267
1776103077.776103,204.7746651172638,IO -> PLC,2.24517
1776103077.7921023,204.79066443443298,IO -> PLC,2.28213
1776103077.808102,204.80666399002075,IO -> PLC,6.2647
1776103077.8241022,204.82266426086426,IO -> PLC,3.20696
1776103077.8401017,204.83866381645203,IO -> PLC,7.05543
1776103077.856101,204.85466313362122,IO -> PLC,3.97121
1776103077.8721004,204.8706624507904,IO -> PLC,1.28947
1776103077.8881009,204.8866629600525,IO -> PLC,0.79409
1776103077.9041002,204.90266227722168,IO -> PLC,2.67009
1776103077.9200995,204.91866159439087,IO -> PLC,4.82681
1776103077.936099,204.93466114997864,IO -> PLC,3.47515
1776103077.9520984,204.95066046714783,IO -> PLC,6.92625
1776103077.9680989,204.9666609764099,IO -> PLC,4.18908
1776103077.9840982,204.9826602935791,IO -> PLC,1.29637
1776103078.0000975,204.9986596107483,IO -> PLC,5.15918
1776103078.016097,205.01465916633606,IO -> PLC,2.27256
1776103078.0320964,205.03065848350525,IO -> PLC,1.56116
1776103078.0480967,205.04665875434875,IO -> PLC,3.40956
1776103078.0640962,205.06265830993652,IO -> PLC,0.85663
1776103078.0800955,205.0786576271057,IO -> PLC,4.49935
1776103078.0960948,205.0946569442749,IO -> PLC,2.46997
1776103078.1120954,205.110657453537,IO -> PLC,6.11757
1776103078.1280947,205.12665677070618,IO -> PLC,3.40199
1776103078.1440942,205.14265632629395,IO -> PLC,7.12967
1776103078.1600935,205.15865564346313,IO -> PLC,4.46618
1776103078.1760929,205.17465496063232,IO -> PLC,1.67581
1776103078.1920934,205.1906554698944,IO -> PLC,3.96471
1776103078.2080927,205.2066547870636,IO -> PLC,3.01545
1776103078.224092,205.2226541042328,IO -> PLC,6.92026
1776103078.2400916,205.23865365982056,IO -> PLC,4.09196
1776103078.2560909,205.25465297698975,IO -> PLC,1.27183
1776103078.2720914,205.27065348625183,IO -> PLC,5.0343
1776103078.2880907,205.28665280342102,IO -> PLC,2.34642
1776103078.30409,205.3026521205902,IO -> PLC,0.94378
1776103078.3200896,205.31865167617798,IO -> PLC,2.7597
1776103078.3360898,205.33465194702148,IO -> PLC,1.20186
1776103078.3520892,205.35065126419067,IO -> PLC,4.67976
1776103078.3680887,205.36665081977844,IO -> PLC,2.003
1776103078.384088,205.38265013694763,IO -> PLC,5.50642
1776103078.4000874,205.39864945411682,IO -> PLC,3.03759
1776103078.4160879,205.4146499633789,IO -> PLC,6.7171
1776103078.4320872,205.4306492805481,IO -> PLC,3.88769
1776103078.4480867,205.44664883613586,IO -> PLC,1.25003
1776103078.464086,205.46264815330505,IO -> PLC,3.39965
1776103078.4800854,205.47864747047424,IO -> PLC,2.1411
1776103078.496086,205.49464797973633,IO -> PLC,5.9619
1776103078.5120852,205.51064729690552,IO -> PLC,3.4081
1776103078.5280845,205.5266466140747,IO -> PLC,3.60186
1776103078.544084,205.54264616966248,IO -> PLC,0.80725
1776103078.5600843,205.55864644050598,IO -> PLC,1.08004
1776103078.576084,205.57464599609375,IO -> PLC,1.68823
1776103078.5920832,205.59064531326294,IO -> PLC,5.20405
1776103078.6080825,205.60664463043213,IO -> PLC,2.8161
1776103078.624082,205.6226441860199,IO -> PLC,6.43617
1776103078.6400824,205.6386444568634,IO -> PLC,3.50963
1776103078.6560817,205.6546437740326,IO -> PLC,0.7335
1776103078.6720812,205.67064332962036,IO -> PLC,4.28685
1776103078.6880805,205.68664264678955,IO -> PLC,1.57568
1776103078.704081,205.70264315605164,IO -> PLC,2.29362
1776103078.7200804,205.71864247322083,IO -> PLC,2.65315
1776103078.7360797,205.73464179039001,IO -> PLC,6.44635
1776103078.7520792,205.75064134597778,IO -> PLC,3.63646
1776103078.7680786,205.76664066314697,IO -> PLC,7.23301
1776103078.784079,205.78264117240906,IO -> PLC,4.37183
1776103078.8000784,205.79864048957825,IO -> PLC,2.02812
1776103078.8160777,205.81463980674744,IO -> PLC,5.58043
1776103078.832077,205.83063912391663,IO -> PLC,0.87533
1776103078.8480766,205.8466386795044,IO -> PLC,3.1571
1776103078.8640769,205.8626389503479,IO -> PLC,3.54919
1776103078.8800764,205.87863850593567,IO -> PLC,0.91338
1776103078.8960757,205.89463782310486,IO -> PLC,4.64506
1776103078.912075,205.91063714027405,IO -> PLC,2.02685
1776103078.9280756,205.92663764953613,IO -> PLC,5.60085
1776103078.9440749,205.94263696670532,IO -> PLC,2.89856
1776103078.9600742,205.9586362838745,IO -> PLC,6.44094
1776103078.9760737,205.97463583946228,IO -> PLC,2.0797
1776103078.992073,205.99063515663147,IO -> PLC,3.75624
1776103079.0080736,206.00663566589355,IO -> PLC,4.60004
1776103079.024073,206.02263498306274,IO -> PLC,1.77893
1776103079.0400722,206.03863430023193,IO -> PLC,5.87312
1776103079.0560718,206.0546338558197,IO -> PLC,3.06842
1776103079.072071,206.0706331729889,IO -> PLC,6.77354
1776103079.0880716,206.08663368225098,IO -> PLC,4.09269
1776103079.104071,206.10263299942017,IO -> PLC,0.69212
1776103079.1200702,206.11863231658936,IO -> PLC,2.66653
1776103079.1360695,206.13463163375854,IO -> PLC,2.4261
1776103079.15207,206.15063214302063,IO -> PLC,6.10755
1776103079.1680694,206.16663146018982,IO -> PLC,3.6387
1776103079.184069,206.1826310157776,IO -> PLC,1.07154
1776103079.2000682,206.19863033294678,IO -> PLC,4.73466
1776103079.2160676,206.21462965011597,IO -> PLC,2.13981
1776103079.232068,206.23063015937805,IO -> PLC,5.74045
1776103079.2480674,206.24662947654724,IO -> PLC,2.32052
1776103079.2640667,206.26262879371643,IO -> PLC,4.50589
1776103079.2800663,206.2786283493042,IO -> PLC,4.21098
1776103079.2960656,206.2946276664734,IO -> PLC,1.56918
1776103079.312066,206.31062817573547,IO -> PLC,5.39614
1776103079.3280654,206.32662749290466,IO -> PLC,2.59337
1776103079.3440647,206.34262681007385,IO -> PLC,6.52377
1776103079.3600643,206.35862636566162,IO -> PLC,3.72212
1776103079.3760645,206.37462663650513,IO -> PLC,1.68562
1776103079.392064,206.3906261920929,IO -> PLC,3.78994
1776103079.4080634,206.40662550926208,IO -> PLC,2.1557
1776103079.4240627,206.42262482643127,IO -> PLC,6.19267
1776103079.440062,206.43862414360046,IO -> PLC,3.32134
1776103079.4560626,206.45462465286255,IO -> PLC,0.75209
1776103079.4720619,206.47062397003174,IO -> PLC,4.34985
1776103079.4880614,206.4866235256195,IO -> PLC,2.03758
1776103079.5040607,206.5026228427887,IO -> PLC,1.74915
1776103079.5200613,206.51862335205078,IO -> PLC,3.38538
1776103079.5360606,206.53462266921997,IO -> PLC,5.84044
1776103079.55206,206.55062198638916,IO -> PLC,4.34316
1776103079.5680592,206.56662130355835,IO -> PLC,1.69431
1776103079.5840588,206.58262085914612,IO -> PLC,5.40847
1776103079.6000593,206.5986213684082,IO -> PLC,2.98979
1776103079.6160586,206.6146206855774,IO -> PLC,6.63355
1776103079.632058,206.63062000274658,IO -> PLC,0.68711
1776103079.6480572,206.64661931991577,IO -> PLC,1.1172
1776103079.6640568,206.66261887550354,IO -> PLC,4.73944
1776103079.680057,206.67861914634705,IO -> PLC,2.02082
1776103079.6960566,206.69461870193481,IO -> PLC,6.16405
1776103079.712056,206.710618019104,IO -> PLC,3.3379
1776103079.7280552,206.7266173362732,IO -> PLC,7.18119
1776103079.7440557,206.74261784553528,IO -> PLC,4.44201
1776103079.760055,206.75861716270447,IO -> PLC,1.62508
1776103079.7760544,206.77461647987366,IO -> PLC,1.50043
1776103079.792054,206.79061603546143,IO -> PLC,2.81312
1776103079.8080533,206.80661535263062,IO -> PLC,5.2885
1776103079.8240538,206.8226158618927,IO -> PLC,4.07707
1776103079.840053,206.8386151790619,IO -> PLC,1.27238
1776103079.8560524,206.85461449623108,IO -> PLC,4.87309
1776103079.8720517,206.87061381340027,IO -> PLC,2.18016
1776103079.8880522,206.88661432266235,IO -> PLC,5.8904
1776103079.9040518,206.90261387825012,IO -> PLC,3.32412
1776103079.920051,206.9186131954193,IO -> PLC,0.71792
1776103079.9360504,206.9346125125885,IO -> PLC,4.18982
1776103079.9520497,206.9506118297577,IO -> PLC,1.57233
1776103079.9680502,206.96661233901978,IO -> PLC,5.04504
1776103079.9840496,206.98261165618896,IO -> PLC,2.51468
1776103080.000049,206.99861121177673,IO -> PLC,6.35188
1776103080.0160484,207.01461052894592,IO -> PLC,3.65879
1776103080.0320477,207.0306098461151,IO -> PLC,0.88481
1776103080.0480483,207.0466103553772,IO -> PLC,1.2281
1776103080.0640476,207.0626096725464,IO -> PLC,1.70636
1776103080.080047,207.07860898971558,IO -> PLC,5.36435
1776103080.0960464,207.09460854530334,IO -> PLC,3.19145
1776103080.112047,207.11060905456543,IO -> PLC,6.88424
1776103080.1280463,207.12660837173462,IO -> PLC,4.16355
1776103080.1440456,207.1426076889038,IO -> PLC,1.05076
1776103080.160045,207.158607006073,IO -> PLC,4.92573
1776103080.1760445,207.17460656166077,IO -> PLC,1.91222
1776103080.1920447,207.19060683250427,IO -> PLC,2.29839
1776103080.2080443,207.20660638809204,IO -> PLC,2.88017
1776103080.2240436,207.22260570526123,IO -> PLC,6.0323
1776103080.240043,207.23860502243042,IO -> PLC,3.76731
1776103080.2560422,207.2546043395996,IO -> PLC,1.04013
1776103080.2720428,207.2706048488617,IO -> PLC,4.58861
1776103080.288042,207.28660416603088,IO -> PLC,2.52642
1776103080.3040416,207.30260372161865,IO -> PLC,6.64413
1776103080.320041,207.31860303878784,IO -> PLC,2.23079
1776103080.3360415,207.33460354804993,IO -> PLC,1.17298
1776103080.3520408,207.35060286521912,IO -> PLC,4.61073
1776103080.36804,207.3666021823883,IO -> PLC,2.32117
1776103080.3840394,207.3826014995575,IO -> PLC,5.77436
1776103080.400039,207.39860105514526,IO -> PLC,3.47448
1776103080.4160395,207.41460156440735,IO -> PLC,0.77316
1776103080.4320388,207.43060088157654,IO -> PLC,6.3594
1776103080.448038,207.44660019874573,IO -> PLC,1.20164
1776103080.4640374,207.46259951591492,IO -> PLC,1.07475
1776103080.480037,207.47859907150269,IO -> PLC,4.68034
1776103080.4960372,207.4945993423462,IO -> PLC,2.24958
1776103080.5120368,207.51059889793396,IO -> PLC,5.92181
1776103080.528036,207.52659821510315,IO -> PLC,6.47087
1776103080.5440354,207.54259753227234,IO -> PLC,3.70609
1776103080.560036,207.55859804153442,IO -> PLC,1.83633
1776103080.5760353,207.5745973587036,IO -> PLC,3.91008
1776103080.5920346,207.5905966758728,IO -> PLC,2.28201
1776103080.6080341,207.60659623146057,IO -> PLC,6.60868
1776103080.6240335,207.62259554862976,IO -> PLC,3.69941
1776103080.640034,207.63859605789185,IO -> PLC,1.3361
1776103080.6560333,207.65459537506104,IO -> PLC,4.80984
1776103080.6720326,207.67059469223022,IO -> PLC,2.2458
1776103080.688032,207.6865940093994,IO -> PLC,5.89555
1776103080.7040324,207.7025945186615,IO -> PLC,2.35787
1776103080.720032,207.71859407424927,IO -> PLC,0.7869
1776103080.7360313,207.73459339141846,IO -> PLC,4.55651
1776103080.7520306,207.75059270858765,IO -> PLC,1.81446
1776103080.76803,207.76659202575684,IO -> PLC,5.47845
1776103080.7840304,207.78259253501892,IO -> PLC,2.86929
1776103080.8000298,207.7985918521881,IO -> PLC,6.8601
1776103080.8160293,207.81459140777588,IO -> PLC,4.14445
1776103080.8320286,207.83059072494507,IO -> PLC,1.37879
1776103080.848028,207.84659004211426,IO -> PLC,2.65076
1776103080.8640285,207.86259055137634,IO -> PLC,2.60058
1776103080.8800278,207.87858986854553,IO -> PLC,6.64996
1776103080.896027,207.89458918571472,IO -> PLC,4.22817
1776103080.9120266,207.9105887413025,IO -> PLC,1.85229
1776103080.928027,207.926589012146,IO -> PLC,5.32716
1776103080.9440265,207.94258856773376,IO -> PLC,2.73951
1776103080.9600258,207.95858788490295,IO -> PLC,6.23054
1776103080.976025,207.97458720207214,IO -> PLC,1.05021
1776103080.9920244,207.99058651924133,IO -> PLC,0.72379
1776103081.008025,208.00658702850342,IO -> PLC,4.67853
1776103081.0240245,208.0225865840912,IO -> PLC,2.36329
1776103081.0400238,208.03858590126038,IO -> PLC,6.57131
1776103081.0560231,208.05458521842957,IO -> PLC,3.5862
1776103081.0720224,208.07058453559875,IO -> PLC,0.9444
1776103081.088023,208.08658504486084,IO -> PLC,4.67407
1776103081.1040223,208.10258436203003,IO -> PLC,2.47981
1776103081.1200218,208.1185839176178,IO -> PLC,2.29251
1776103081.1360211,208.134583234787,IO -> PLC,3.34831
1776103081.1520216,208.15058374404907,IO -> PLC,6.92239
1776103081.168021,208.16658306121826,IO -> PLC,4.15433
1776103081.1840203,208.18258237838745,IO -> PLC,1.5106
1776103081.2000196,208.19858169555664,IO -> PLC,5.50237
1776103081.2160192,208.2145812511444,IO -> PLC,2.79904
1776103081.2320194,208.23058152198792,IO -> PLC,6.46312
1776103081.248019,208.24658107757568,IO -> PLC,1.69033
1776103081.2640183,208.26258039474487,IO -> PLC,1.16703
1776103081.2800176,208.27857971191406,IO -> PLC,4.90086
1776103081.296017,208.29457902908325,IO -> PLC,2.45563
1776103081.3120174,208.31057953834534,IO -> PLC,6.2929
1776103081.328017,208.3265790939331,IO -> PLC,3.65102
1776103081.3440163,208.3425784111023,IO -> PLC,7.29773
1776103081.3600156,208.35857772827148,IO -> PLC,4.59128
1776103081.3760161,208.37457823753357,IO -> PLC,2.02923
1776103081.3920155,208.39057755470276,IO -> PLC,2.15635
1776103081.4080148,208.40657687187195,IO -> PLC,3.19072
1776103081.4240143,208.42257642745972,IO -> PLC,6.30716
1776103081.4400136,208.4385757446289,IO -> PLC,4.14642
1776103081.4560142,208.454576253891,IO -> PLC,1.48413
1776103081.4720135,208.47057557106018,IO -> PLC,5.11445
1776103081.4880128,208.48657488822937,IO -> PLC,2.77465
1776103081.504012,208.50257420539856,IO -> PLC,6.78698
1776103081.5200126,208.51857471466064,IO -> PLC,1.33424
1776103081.536012,208.53457403182983,IO -> PLC,1.41816
1776103081.5520115,208.5505735874176,IO -> PLC,5.19793
1776103081.5680108,208.5665729045868,IO -> PLC,2.37802
1776103081.5840101,208.58257222175598,IO -> PLC,6.2582
1776103081.6000106,208.59857273101807,IO -> PLC,3.69294
1776103081.61601,208.61457204818726,IO -> PLC,1.37892
1776103081.6320095,208.63057160377502,IO -> PLC,4.8749
1776103081.6480088,208.6465709209442,IO -> PLC,2.2711
1776103081.6640081,208.6625702381134,IO -> PLC,0.73517
1776103081.6800086,208.6785707473755,IO -> PLC,2.84294
1776103081.696008,208.69457006454468,IO -> PLC,6.55319
1776103081.7120073,208.71056938171387,IO -> PLC,4.25219
1776103081.7280068,208.72656893730164,IO -> PLC,1.21189
1776103081.744007,208.74256920814514,IO -> PLC,5.19325
1776103081.7600067,208.7585687637329,IO -> PLC,2.17151
1776103081.776006,208.7745680809021,IO -> PLC,5.87358
1776103081.7920053,208.7905673980713,IO -> PLC,1.30961
1776103081.8080046,208.80656671524048,IO -> PLC,3.19521
1776103081.8240051,208.82256722450256,IO -> PLC,4.27437
1776103081.8400044,208.83856654167175,IO -> PLC,1.38871
1776103081.856004,208.85456609725952,IO -> PLC,5.05286
1776103081.8720033,208.8705654144287,IO -> PLC,2.21145
1776103081.8880026,208.8865647315979,IO -> PLC,5.90008
1776103081.9040031,208.90256524085999,IO -> PLC,3.41997
1776103081.9200025,208.91856455802917,IO -> PLC,0.82839
1776103081.936002,208.93456411361694,IO -> PLC,4.32439
1776103081.9520013,208.95056343078613,IO -> PLC,1.6909
1776103081.9680016,208.96656370162964,IO -> PLC,4.71207
1776103081.9840012,208.9825632572174,IO -> PLC,2.49492
1776103082.0000005,208.9985625743866,IO -> PLC,6.277
1776103082.0159998,209.0145618915558,IO -> PLC,3.64223
1776103082.0319993,209.03056144714355,IO -> PLC,7.09222
1776103082.0479996,209.04656171798706,IO -> PLC,4.19016
1776103082.0639992,209.06256127357483,IO -> PLC,1.18906
1776103082.0799985,209.07856059074402,IO -> PLC,3.06929
1776103082.0959978,209.0945599079132,IO -> PLC,3.18905
1776103082.1119971,209.1105592250824,IO -> PLC,6.81328
1776103082.1279976,209.12655973434448,IO -> PLC,4.20028
1776103082.1439972,209.14255928993225,IO -> PLC,1.19877
1776103082.1599965,209.15855860710144,IO -> PLC,5.06974
1776103082.1759958,209.17455792427063,IO -> PLC,2.04791
1776103082.1919963,209.19055843353271,IO -> PLC,1.05386
1776103082.2079957,209.2065577507019,IO -> PLC,3.01498
1776103082.223995,209.2225570678711,IO -> PLC,5.71869
1776103082.2399945,209.23855662345886,IO -> PLC,3.83852
1776103082.2559938,209.25455594062805,IO -> PLC,1.19255
1776103082.271994,209.27055621147156,IO -> PLC,4.69078
1776103082.2879937,209.28655576705933,IO -> PLC,2.9234
1776103082.303993,209.30255508422852,IO -> PLC,6.59877
1776103082.3199923,209.3185544013977,IO -> PLC,4.04392
1776103082.3359928,209.3345549106598,IO -> PLC,1.12042
1776103082.3519921,209.35055422782898,IO -> PLC,4.67826
1776103082.3679917,209.36655378341675,IO -> PLC,2.04132
1776103082.383991,209.38255310058594,IO -> PLC,5.51899
1776103082.3999903,209.39855241775513,IO -> PLC,3.02375
1776103082.4159908,209.4145529270172,IO -> PLC,6.57614
1776103082.4319901,209.4305522441864,IO -> PLC,3.70792
1776103082.4479897,209.44655179977417,IO -> PLC,7.01974
1776103082.463989,209.46255111694336,IO -> PLC,1.84967
1776103082.4799883,209.47855043411255,IO -> PLC,1.38475
1776103082.4959888,209.49455094337463,IO -> PLC,4.83802
1776103082.5119882,209.51055026054382,IO -> PLC,2.09268
1776103082.5279875,209.526549577713,IO -> PLC,1.91563
1776103082.543987,209.54254913330078,IO -> PLC,5.33809
1776103082.5599873,209.5585494041443,IO -> PLC,2.29171
1776103082.5759866,209.57454872131348,IO -> PLC,0.87564
1776103082.5919862,209.59054827690125,IO -> PLC,2.86132
1776103082.6079855,209.60654759407043,IO -> PLC,5.04069
1776103082.6239848,209.62254691123962,IO -> PLC,3.52829
1776103082.6399853,209.6385474205017,IO -> PLC,7.051
1776103082.6559846,209.6545467376709,IO -> PLC,3.90724
1776103082.6719842,209.67054629325867,IO -> PLC,2.47389
1776103082.6879835,209.68654561042786,IO -> PLC,5.81635
1776103082.7039828,209.70254492759705,IO -> PLC,3.35064
1776103082.7199833,209.71854543685913,IO -> PLC,2.16706
1776103082.7359827,209.73454475402832,IO -> PLC,3.98392
1776103082.7519822,209.7505443096161,IO -> PLC,6.53588
1776103082.7679815,209.76654362678528,IO -> PLC,4.22872
1776103082.7839818,209.78254389762878,IO -> PLC,1.21834
1776103082.7999814,209.79854345321655,IO -> PLC,5.20794
1776103082.8159807,209.81454277038574,IO -> PLC,2.2702
1776103082.83198,209.83054208755493,IO -> PLC,5.76532
1776103082.8479795,209.8465416431427,IO -> PLC,0.82164
1776103082.8639798,209.8625419139862,IO -> PLC,3.01917
1776103082.8799794,209.87854146957397,IO -> PLC,3.76255
1776103082.8959787,209.89454078674316,IO -> PLC,6.92525
1776103082.911978,209.91054010391235,IO -> PLC,4.95203
1776103082.9279785,209.92654061317444,IO -> PLC,2.02117
1776103082.9439778,209.94253993034363,IO -> PLC,5.42219
1776103082.9599771,209.95853924751282,IO -> PLC,2.2262
1776103082.9759767,209.9745388031006,IO -> PLC,6.24678
1776103082.991976,209.99053812026978,IO -> PLC,2.94557
1776103083.0079763,210.00653839111328,IO -> PLC,4.97422
1776103083.0239758,210.02253794670105,IO -> PLC,4.34762
1776103083.0399752,210.03853726387024,IO -> PLC,1.77942
1776103083.0559747,210.054536819458,IO -> PLC,5.25812
1776103083.071974,210.0705361366272,IO -> PLC,2.74536
1776103083.0879743,210.0865364074707,IO -> PLC,6.3696
1776103083.1039739,210.10253596305847,IO -> PLC,3.98556
1776103083.1199732,210.11853528022766,IO -> PLC,1.3468
1776103083.1359725,210.13453459739685,IO -> PLC,4.46956
1776103083.151973,210.15053510665894,IO -> PLC,4.24835
1776103083.1679723,210.16653442382812,IO -> PLC,1.62277
1776103083.183972,210.1825339794159,IO -> PLC,5.36566
1776103083.1999712,210.19853329658508,IO -> PLC,2.86425
1776103083.2159705,210.21453261375427,IO -> PLC,6.52209
1776103083.231971,210.23053312301636,IO -> PLC,4.02974
1776103083.2479703,210.24653244018555,IO -> PLC,1.41144
1776103083.2639697,210.26253175735474,IO -> PLC,3.89795
1776103083.2799692,210.2785313129425,IO -> PLC,2.42451
1776103083.2959685,210.2945306301117,IO -> PLC,6.37236
1776103083.311969,210.31053113937378,IO -> PLC,3.77847
1776103083.3279684,210.32653045654297,IO -> PLC,0.83761
1776103083.3439677,210.34252977371216,IO -> PLC,4.81107
1776103083.3599672,210.35852932929993,IO -> PLC,1.84444
1776103083.3759675,210.37452960014343,IO -> PLC,0.89143
1776103083.3919668,210.39052891731262,IO -> PLC,2.75118
1776103083.4079664,210.4065284729004,IO -> PLC,4.71015
1776103083.4239657,210.42252779006958,IO -> PLC,4.15939
1776103083.439965,210.43852710723877,IO -> PLC,1.43046
1776103083.4559655,210.45452761650085,IO -> PLC,4.95005
1776103083.4719648,210.47052693367004,IO -> PLC,2.19983
1776103083.4879644,210.4865264892578,IO -> PLC,5.82175
1776103083.5039637,210.502525806427,IO -> PLC,3.42371
1776103083.519963,210.5185251235962,IO -> PLC,2.07724
1776103083.5359635,210.53452563285828,IO -> PLC,4.08044
1776103083.5519629,210.55052495002747,IO -> PLC,1.62696
1776103083.5679622,210.56652426719666,IO -> PLC,5.3996
